mtllib model_2.mtl
o model_2
v 1059.76806640625 110.9972152709961 -326.5342102050781 
v 1059.76806640625 261.69189453125 -326.5342712402344 
v 1148.9781494140625 110.9972152709961 -326.5342102050781 
v 1148.9781494140625 261.69189453125 -326.5342712402344 
v 1059.76806640625 34.498085021972656 -4.152631759643555 
v 1059.76806640625 304.2340393066406 -4.152679443359375 
v 987.6263427734375 34.498085021972656 -4.152631759643555 
v 987.6263427734375 337.1293640136719 -4.152679443359375 
v 1224.6116943359375 337.1293640136719 -4.152679443359375 
v 1224.6116943359375 304.2340393066406 -4.152679443359375 
v 1389.4552001953125 304.2340393066406 -4.152679443359375 
v 1461.596923828125 337.1293640136719 -4.152679443359375 
v 1461.596923828125 34.498085021972656 -4.152631759643555 
v 1389.4552001953125 34.498085021972656 -4.152631759643555 
v 1053.9400634765625 34.49803161621094 -326.5342102050781 
v 1053.9400634765625 34.49802780151367 -357.8727722167969 
v 1082.233642578125 34.49803161621094 -326.5342102050781 
v 1148.9781494140625 34.49803161621094 -336.73590087890625 
v 1224.6116943359375 34.49803161621094 -326.5342102050781 
v 1224.6116943359375 34.49803161621094 -336.73590087890625 
v 1300.2452392578125 34.49803161621094 -336.73590087890625 
v 1366.98974609375 34.49803161621094 -326.5342102050781 
v 1224.6116943359375 26.687410354614258 -294.3108215332031 
v 1082.1522216796875 26.687410354614258 -294.31085205078125 
v 1148.9781494140625 8.05465316772461 -294.3108215332031 
v 1082.1522216796875 0.5044679641723633 -294.31085205078125 
v 1148.9781494140625 0.5044679641723633 -294.3108215332031 
v 1061.9473876953125 34.49802780151367 -365.8800048828125 
v 1139.4111328125 34.49802780151367 -365.8800048828125 
v 1148.9781494140625 34.49802780151367 -356.31304931640625 
v 1224.6116943359375 8.05465316772461 -294.3108215332031 
v 1300.2452392578125 8.05465316772461 -294.3108215332031 
v 1367.0711669921875 26.687410354614258 -294.31085205078125 
v 1367.0711669921875 0.5044679641723633 -294.31085205078125 
v 1300.2452392578125 0.5044679641723633 -294.3108215332031 
v 1395.283203125 34.49803161621094 -326.5342102050781 
v 1395.283203125 34.49802780151367 -357.8727722167969 
v 1387.2760009765625 34.49802780151367 -365.8800048828125 
v 1309.8121337890625 34.49802780151367 -365.8800048828125 
v 1300.2452392578125 34.49802780151367 -356.31304931640625 
v 1148.9781494140625 110.99720001220703 -356.3130798339844 
v 1139.4111328125 110.99720001220703 -365.88006591796875 
v 1148.9781494140625 110.9972152709961 -336.7359619140625 
v 1061.9473876953125 110.99720001220703 -365.88006591796875 
v 1053.9400634765625 110.99720001220703 -357.8728332519531 
v 1059.76806640625 110.9972152709961 -326.5342102050781 
v 1148.9781494140625 110.9972152709961 -326.5342102050781 
v 1224.6116943359375 110.9972152709961 -336.7359619140625 
v 1224.6116943359375 110.9972152709961 -312.0868225097656 
v 1300.2452392578125 110.9972152709961 -326.5342102050781 
v 1300.2452392578125 110.9972152709961 -312.0868225097656 
v 1148.9781494140625 110.9972152709961 -312.0868225097656 
v 1300.2452392578125 110.9972152709961 -336.7359619140625 
v 1389.4552001953125 110.9972152709961 -326.5342102050781 
v 1395.283203125 110.99720001220703 -357.8728332519531 
v 1389.4552001953125 110.99723815917969 -182.48876953125 
v 1395.2833251953125 110.99726104736328 -44.523094177246094 
v 1387.2760009765625 110.99720001220703 -365.88006591796875 
v 1309.8121337890625 110.99720001220703 -365.88006591796875 
v 1300.2452392578125 110.99720001220703 -356.3130798339844 
v 1059.76806640625 110.99723815917969 -182.48876953125 
v 1053.9400634765625 110.99726104736328 -44.523094177246094 
v 1059.76806640625 110.99726104736328 -44.523094177246094 
v 1148.9781494140625 110.9972152709961 -336.7359619140625 
v 1148.9781494140625 110.99720001220703 -356.3130798339844 
v 1148.9781494140625 34.49803161621094 -336.73590087890625 
v 1148.9781494140625 34.49802780151367 -356.31304931640625 
v 1139.4111328125 110.99720001220703 -365.88006591796875 
v 1139.4111328125 34.49802780151367 -365.8800048828125 
v 1061.9473876953125 110.99720001220703 -365.88006591796875 
v 1061.9473876953125 34.49802780151367 -365.8800048828125 
v 1053.9400634765625 110.99720001220703 -357.8728332519531 
v 1053.9400634765625 34.49802780151367 -357.8727722167969 
v 1053.9400634765625 60.79463195800781 -326.53424072265625 
v 1053.9400634765625 34.49803161621094 -326.5342102050781 
v 1053.9400634765625 87.09122467041016 -326.5342102050781 
v 1053.9400634765625 110.99726104736328 -44.523094177246094 
v 1059.76806640625 290.7978820800781 -297.4283142089844 
v 1148.9781494140625 290.7978820800781 -297.4283142089844 
v 1059.76806640625 261.69189453125 -326.5342712402344 
v 1148.9781494140625 261.69189453125 -326.5342712402344 
v 987.6263427734375 34.498077392578125 -44.523094177246094 
v 987.6263427734375 34.498085021972656 -4.152631759643555 
v 987.6263427734375 290.79791259765625 -44.52314376831055 
v 987.6263427734375 337.1293640136719 -4.152679443359375 
v 987.6263427734375 337.12933349609375 -170.97573852539062 
v 987.6263427734375 290.79791259765625 -170.97573852539062 
v 987.6263427734375 34.498085021972656 -4.152631759643555 
v 1059.76806640625 34.498085021972656 -4.152631759643555 
v 987.6263427734375 34.498077392578125 -44.523094177246094 
v 1082.0706787109375 34.498077392578125 -44.523094177246094 
v 1082.0706787109375 34.49810028076172 88.97056579589844 
v 1059.76806640625 34.49810028076172 88.97047424316406 
v 1059.76806640625 110.99726104736328 -44.523094177246094 
v 1059.76806640625 290.79791259765625 -44.52314376831055 
v 1053.9400634765625 110.99726104736328 -44.523094177246094 
v 987.6263427734375 290.79791259765625 -44.52314376831055 
v 987.6263427734375 34.498077392578125 -44.523094177246094 
v 1053.9400634765625 87.09127044677734 -44.52314376831055 
v 1082.0706787109375 34.498077392578125 -44.523094177246094 
v 1082.233642578125 60.794673919677734 -44.523094177246094 
v 1000.3050537109375 304.2339782714844 -175.19583129882812 
v 1059.76806640625 304.2339782714844 -175.19583129882812 
v 1000.3050537109375 304.2340087890625 -170.97573852539062 
v 1059.76806640625 304.2340087890625 -170.97573852539062 
v 1148.9781494140625 304.2340087890625 -170.97573852539062 
v 1224.6116943359375 304.2339782714844 -175.19583129882812 
v 1224.6116943359375 304.2340087890625 -170.97573852539062 
v 1300.2452392578125 304.2340087890625 -170.97573852539062 
v 1389.4552001953125 304.2339782714844 -175.19583129882812 
v 1389.4552001953125 304.2340087890625 -170.97573852539062 
v 1448.918212890625 304.2340087890625 -170.97573852539062 
v 1448.918212890625 304.2339782714844 -175.19583129882812 
v 1059.76806640625 337.12933349609375 -197.17626953125 
v 1224.6116943359375 337.12933349609375 -197.17626953125 
v 1059.76806640625 316.0143737792969 -197.17626953125 
v 1224.6116943359375 316.0143737792969 -197.17626953125 
v 1389.4552001953125 316.0143737792969 -197.17626953125 
v 1389.4552001953125 337.12933349609375 -197.17626953125 
v 1000.3050537109375 337.12933349609375 -170.97573852539062 
v 987.6263427734375 337.12933349609375 -170.97573852539062 
v 1000.3050537109375 304.2340087890625 -170.97573852539062 
v 987.6263427734375 290.79791259765625 -170.97573852539062 
v 1059.76806640625 290.79791259765625 -170.97573852539062 
v 1059.76806640625 304.2340087890625 -170.97573852539062 
v 1148.9781494140625 290.84130859375 -170.97573852539062 
v 1148.9781494140625 304.2340087890625 -170.97573852539062 
v 1224.6116943359375 304.2340087890625 -170.97573852539062 
v 1224.6116943359375 276.48443603515625 -170.97573852539062 
v 1300.2452392578125 290.84130859375 -170.97573852539062 
v 1300.2452392578125 276.48443603515625 -170.97573852539062 
v 1148.9781494140625 276.48443603515625 -170.97573852539062 
v 1300.2452392578125 304.2340087890625 -170.97573852539062 
v 1389.4552001953125 304.2340087890625 -170.97573852539062 
v 1389.4552001953125 290.79791259765625 -170.97573852539062 
v 1448.918212890625 304.2340087890625 -170.97573852539062 
v 1461.596923828125 290.79791259765625 -170.97573852539062 
v 1461.596923828125 337.12933349609375 -170.97573852539062 
v 1448.918212890625 337.12933349609375 -170.97573852539062 
v 1000.3050537109375 337.1293029785156 -175.19583129882812 
v 1000.3050537109375 337.12933349609375 -170.97573852539062 
v 1059.76806640625 337.1293029785156 -175.19583129882812 
v 987.6263427734375 337.12933349609375 -170.97573852539062 
v 987.6263427734375 337.1293640136719 -4.152679443359375 
v 1224.6116943359375 337.1293640136719 -4.152679443359375 
v 1224.6116943359375 337.12933349609375 -197.17626953125 
v 1389.4552001953125 337.1293029785156 -175.19583129882812 
v 1389.4552001953125 337.12933349609375 -197.17626953125 
v 1059.76806640625 337.12933349609375 -197.17626953125 
v 1461.596923828125 337.1293640136719 -4.152679443359375 
v 1461.596923828125 337.12933349609375 -170.97573852539062 
v 1448.918212890625 337.12933349609375 -170.97573852539062 
v 1448.918212890625 337.1293029785156 -175.19583129882812 
v 1082.233642578125 34.49803161621094 -326.5342102050781 
v 1082.233642578125 60.79463195800781 -326.53424072265625 
v 1082.1522216796875 26.687410354614258 -294.31085205078125 
v 1082.233642578125 60.794673919677734 -44.523094177246094 
v 1082.0706787109375 34.498077392578125 -44.523094177246094 
v 1082.1927490234375 8.054659843444824 -245.10488891601562 
v 1082.0706787109375 8.05470085144043 6.8927764892578125 
v 1082.0706787109375 26.687467575073242 53.360652923583984 
v 1082.0706787109375 0.5045246481895447 53.360652923583984 
v 1082.0706787109375 0.5045170187950134 6.8927764892578125 
v 1082.1522216796875 0.5044679641723633 -294.31085205078125 
v 1082.1927490234375 0.504476010799408 -245.10488891601562 
v 1082.0706787109375 34.49810028076172 88.97056579589844 
v 1082.0706787109375 26.68747329711914 88.97056579589844 
v 1082.0706787109375 26.68747329711914 88.97056579589844 
v 1224.6116943359375 26.68747329711914 88.97047424316406 
v 1082.0706787109375 34.49810028076172 88.97056579589844 
v 1224.6116943359375 34.49810028076172 88.97047424316406 
v 1224.6116943359375 304.2340393066406 88.97047424316406 
v 1367.1527099609375 34.49810028076172 88.97056579589844 
v 1389.4552001953125 304.2340393066406 88.97047424316406 
v 1389.4552001953125 34.49810028076172 88.97047424316406 
v 1367.1527099609375 26.68747329711914 88.97056579589844 
v 1059.76806640625 304.2340393066406 88.97047424316406 
v 1059.76806640625 34.49810028076172 88.97047424316406 
v 1059.76806640625 290.79791259765625 -170.97573852539062 
v 1059.76806640625 290.79791259765625 -44.52314376831055 
v 987.6263427734375 290.79791259765625 -170.97573852539062 
v 987.6263427734375 290.79791259765625 -44.52314376831055 
v 1059.76806640625 337.12933349609375 -197.17626953125 
v 1059.76806640625 316.0143737792969 -197.17626953125 
v 1059.76806640625 337.1293029785156 -175.19583129882812 
v 1059.76806640625 304.2339782714844 -175.19583129882812 
v 1000.3050537109375 304.2340087890625 -170.97573852539062 
v 1000.3050537109375 337.12933349609375 -170.97573852539062 
v 1000.3050537109375 304.2339782714844 -175.19583129882812 
v 1000.3050537109375 337.1293029785156 -175.19583129882812 
v 1059.76806640625 337.1293029785156 -175.19583129882812 
v 1059.76806640625 304.2339782714844 -175.19583129882812 
v 1000.3050537109375 337.1293029785156 -175.19583129882812 
v 1000.3050537109375 304.2339782714844 -175.19583129882812 
v 1053.9400634765625 87.09127044677734 -44.52314376831055 
v 1053.9400634765625 110.99726104736328 -44.523094177246094 
v 1059.76806640625 110.99726104736328 -44.523094177246094 
v 1053.9400634765625 87.09122467041016 -326.5342102050781 
v 1053.9400634765625 87.09127044677734 -44.52314376831055 
v 1082.233642578125 60.79463195800781 -326.53424072265625 
v 1082.233642578125 60.794673919677734 -44.523094177246094 
v 1148.9781494140625 34.49803161621094 -336.73590087890625 
v 1224.6116943359375 34.49803161621094 -336.73590087890625 
v 1148.9781494140625 110.9972152709961 -336.7359619140625 
v 1224.6116943359375 110.9972152709961 -336.7359619140625 
v 1300.2452392578125 110.9972152709961 -336.7359619140625 
v 1300.2452392578125 34.49803161621094 -336.73590087890625 
v 1082.233642578125 34.498077392578125 -44.523094177246094 
v 1082.0706787109375 34.498077392578125 -44.523094177246094 
v 1082.233642578125 60.794673919677734 -44.523094177246094 
v 1053.9400634765625 87.09122467041016 -326.5342102050781 
v 1053.9400634765625 60.79463195800781 -326.53424072265625 
v 1082.233642578125 60.79463195800781 -326.53424072265625 
v 1082.233642578125 34.49803161621094 -326.5342102050781 
v 1053.9400634765625 34.49803161621094 -326.5342102050781 
v 1182.4473876953125 334.6863098144531 -21.723127365112305 
v 1182.4473876953125 403.3149719238281 -21.723127365112305 
v 1182.4473876953125 363.8494873046875 -116.98007202148438 
v 1182.4473876953125 403.3149719238281 -123.7333755493164 
v 1182.4473876953125 372.93304443359375 -125.0792007446289 
v 1182.4473876953125 403.3149719238281 -125.0792007446289 
v 1190.3123779296875 411.1798400878906 -125.0792007446289 
v 1190.3123779296875 411.1798400878906 -21.723127365112305 
v 1224.6116943359375 411.1798400878906 -125.0792007446289 
v 1224.6116943359375 411.1798400878906 -21.723127365112305 
v 1258.910888671875 411.1798400878906 -21.723127365112305 
v 1258.910888671875 411.1798400878906 -125.0792007446289 
v 1266.77587890625 403.3149719238281 -123.7333755493164 
v 1266.77587890625 403.3149719238281 -125.0792007446289 
v 1266.77587890625 372.93304443359375 -125.0792007446289 
v 1266.77587890625 363.8494873046875 -116.98007202148438 
v 1266.77587890625 403.3149719238281 -21.723127365112305 
v 1266.77587890625 334.6863098144531 -21.723127365112305 
v 1266.77587890625 334.686279296875 -116.98007202148438 
v 1190.3123779296875 411.1798400878906 -21.723127365112305 
v 1224.6116943359375 411.1798400878906 -21.723127365112305 
v 1182.4473876953125 403.3149719238281 -21.723127365112305 
v 1224.6116943359375 334.6863098144531 -21.723127365112305 
v 1182.4473876953125 334.6863098144531 -21.723127365112305 
v 1258.910888671875 411.1798400878906 -21.723127365112305 
v 1266.77587890625 403.3149719238281 -21.723127365112305 
v 1266.77587890625 334.6863098144531 -21.723127365112305 
v 1148.9781494140625 0.5045246481895447 53.360652923583984 
v 1082.0706787109375 0.5045246481895447 53.360652923583984 
v 1148.9781494140625 8.05472183227539 53.360652923583984 
v 1082.0706787109375 26.687467575073242 53.360652923583984 
v 1224.6116943359375 8.054709434509277 53.360652923583984 
v 1224.6116943359375 26.687467575073242 53.360652923583984 
v 1367.1527099609375 26.687467575073242 53.360652923583984 
v 1300.2452392578125 8.05472183227539 53.360652923583984 
v 1367.1527099609375 0.5045246481895447 53.360652923583984 
v 1300.2452392578125 0.5045246481895447 53.360652923583984 
v 1082.0706787109375 26.68747329711914 88.97056579589844 
v 1082.0706787109375 26.687467575073242 53.360652923583984 
v 1224.6116943359375 26.68747329711914 88.97047424316406 
v 1224.6116943359375 26.687467575073242 53.360652923583984 
v 1367.1527099609375 26.687467575073242 53.360652923583984 
v 1367.1527099609375 26.68747329711914 88.97056579589844 
v 1059.76806640625 304.2340393066406 -4.152679443359375 
v 1059.76806640625 304.2340393066406 88.97047424316406 
v 1059.76806640625 34.498085021972656 -4.152631759643555 
v 1059.76806640625 34.49810028076172 88.97047424316406 
v 1082.0706787109375 8.05470085144043 6.8927764892578125 
v 1148.9781494140625 8.05470085144043 6.8927764892578125 
v 1082.1927490234375 8.054659843444824 -245.10488891601562 
v 1148.9781494140625 8.054659843444824 -245.10484313964844 
v 1224.6116943359375 8.054709434509277 53.360652923583984 
v 1224.6116943359375 8.05465316772461 -294.3108215332031 
v 1300.2452392578125 8.054659843444824 -245.10484313964844 
v 1300.2452392578125 8.05465316772461 -294.3108215332031 
v 1148.9781494140625 8.05472183227539 53.360652923583984 
v 1148.9781494140625 8.05465316772461 -294.3108215332031 
v 1300.2452392578125 8.05472183227539 53.360652923583984 
v 1300.2452392578125 8.05470085144043 6.8927764892578125 
v 1367.0303955078125 8.054659843444824 -245.10488891601562 
v 1367.1527099609375 8.05470085144043 6.8927764892578125 
v 1082.0706787109375 8.05470085144043 6.8927764892578125 
v 1082.0706787109375 0.5045170187950134 6.8927764892578125 
v 1148.9781494140625 8.05470085144043 6.8927764892578125 
v 1148.9781494140625 0.5045170187950134 6.8927764892578125 
v 1082.1522216796875 0.5044679641723633 -294.31085205078125 
v 1082.1927490234375 0.504476010799408 -245.10488891601562 
v 1148.9781494140625 0.5044679641723633 -294.3108215332031 
v 1148.9781494140625 0.504476010799408 -245.10484313964844 
v 1148.9781494140625 8.054659843444824 -245.10484313964844 
v 1148.9781494140625 0.504476010799408 -245.10484313964844 
v 1082.1927490234375 8.054659843444824 -245.10488891601562 
v 1082.1927490234375 0.504476010799408 -245.10488891601562 
v 1082.0706787109375 0.5045170187950134 6.8927764892578125 
v 1082.0706787109375 0.5045246481895447 53.360652923583984 
v 1148.9781494140625 0.5045170187950134 6.8927764892578125 
v 1148.9781494140625 0.5045246481895447 53.360652923583984 
v 1148.9781494140625 8.05472183227539 53.360652923583984 
v 1148.9781494140625 8.05470085144043 6.8927764892578125 
v 1148.9781494140625 0.5045246481895447 53.360652923583984 
v 1148.9781494140625 0.5045170187950134 6.8927764892578125 
v 1148.9781494140625 0.5044679641723633 -294.3108215332031 
v 1148.9781494140625 0.504476010799408 -245.10484313964844 
v 1148.9781494140625 8.05465316772461 -294.3108215332031 
v 1148.9781494140625 8.054659843444824 -245.10484313964844 
v 1148.9781494140625 110.9972152709961 -326.5342102050781 
v 1148.9781494140625 110.9972152709961 -312.0868225097656 
v 1148.9781494140625 261.69189453125 -326.5342712402344 
v 1148.9781494140625 261.6919250488281 -312.0868225097656 
v 1148.9781494140625 261.69189453125 -326.5342712402344 
v 1148.9781494140625 261.6919250488281 -312.0868225097656 
v 1148.9781494140625 290.7978820800781 -297.4283142089844 
v 1148.9781494140625 276.4844055175781 -297.4283142089844 
v 1053.9400634765625 110.99726104736328 -44.523094177246094 
v 1053.9400634765625 87.09127044677734 -44.52314376831055 
v 1053.9400634765625 87.09122467041016 -326.5342102050781 
v 1059.76806640625 110.99723815917969 -182.48876953125 
v 1059.76806640625 258.2215270996094 -182.48883056640625 
v 1059.76806640625 110.9972152709961 -326.5342102050781 
v 1059.76806640625 261.69189453125 -326.5342712402344 
v 1059.76806640625 290.7978820800781 -297.4283142089844 
v 1059.76806640625 290.79791259765625 -170.97573852539062 
v 1059.76806640625 276.48443603515625 -166.65487670898438 
v 1059.76806640625 276.4844665527344 -53.911495208740234 
v 1059.76806640625 290.79791259765625 -44.52314376831055 
v 1059.76806640625 110.99726104736328 -44.523094177246094 
v 1059.76806640625 110.99724578857422 -53.91144561767578 
v 1080.4061279296875 258.2215270996094 -182.48883056640625 
v 1080.4061279296875 276.48443603515625 -166.65487670898438 
v 1059.76806640625 258.2215270996094 -182.48883056640625 
v 1059.76806640625 276.48443603515625 -166.65487670898438 
v 1080.4061279296875 276.4844665527344 -53.911495208740234 
v 1059.76806640625 276.4844665527344 -53.911495208740234 
v 1148.9781494140625 276.4844055175781 -297.4283142089844 
v 1080.4061279296875 276.4844055175781 -297.42828369140625 
v 1148.9781494140625 276.48443603515625 -170.97573852539062 
v 1148.9781494140625 276.4844970703125 67.91863250732422 
v 1080.4061279296875 276.4844970703125 67.91858673095703 
v 1224.6116943359375 276.48443603515625 -170.97573852539062 
v 1224.6116943359375 276.4844970703125 67.91863250732422 
v 1300.2452392578125 276.4844970703125 67.91863250732422 
v 1300.2452392578125 276.48443603515625 -170.97573852539062 
v 1368.8172607421875 276.4844665527344 -53.911495208740234 
v 1368.8172607421875 276.48443603515625 -166.65487670898438 
v 1389.4552001953125 276.48443603515625 -166.65487670898438 
v 1389.4552001953125 258.2215270996094 -182.48883056640625 
v 1368.8172607421875 258.2215270996094 -182.48883056640625 
v 1368.8172607421875 276.4844970703125 67.91858673095703 
v 1368.8172607421875 276.4844055175781 -297.42828369140625 
v 1300.2452392578125 276.4844055175781 -297.4283142089844 
v 1389.4552001953125 276.4844665527344 -53.911495208740234 
v 1059.76806640625 110.99726104736328 -44.523094177246094 
v 1059.76806640625 110.99724578857422 -53.91144561767578 
v 1059.76806640625 110.99723815917969 -182.48876953125 
v 1080.4061279296875 110.99723815917969 -182.48876953125 
v 1080.4061279296875 110.99724578857422 -53.91144561767578 
v 1059.76806640625 258.2215270996094 -182.48883056640625 
v 1059.76806640625 110.99723815917969 -182.48876953125 
v 1080.4061279296875 258.2215270996094 -182.48883056640625 
v 1080.4061279296875 110.99723815917969 -182.48876953125 
v 1059.76806640625 110.99724578857422 -53.91144561767578 
v 1059.76806640625 276.4844665527344 -53.911495208740234 
v 1080.4061279296875 110.99724578857422 -53.91144561767578 
v 1080.4061279296875 276.4844665527344 -53.911495208740234 
v 1080.4061279296875 276.4844055175781 -297.42828369140625 
v 1080.4061279296875 261.6919250488281 -312.0868225097656 
v 1148.9781494140625 276.4844055175781 -297.4283142089844 
v 1148.9781494140625 261.6919250488281 -312.0868225097656 
v 1080.4061279296875 261.6919250488281 -312.0868225097656 
v 1080.4061279296875 110.9972152709961 -312.0868225097656 
v 1148.9781494140625 261.6919250488281 -312.0868225097656 
v 1148.9781494140625 110.9972152709961 -312.0868225097656 
v 1094.7969970703125 38.03520965576172 -312.0867614746094 
v 1224.6116943359375 38.03520965576172 -312.0867614746094 
v 1224.6116943359375 110.9972152709961 -312.0868225097656 
v 1300.2452392578125 110.9972152709961 -312.0868225097656 
v 1354.4263916015625 38.03520965576172 -312.0867614746094 
v 1368.8172607421875 110.9972152709961 -312.0868225097656 
v 1300.2452392578125 261.6919250488281 -312.0868225097656 
v 1368.8172607421875 261.6919250488281 -312.0868225097656 
v 1080.4061279296875 261.6919250488281 -312.0868225097656 
v 1080.4061279296875 258.2215270996094 -182.48883056640625 
v 1080.4061279296875 110.9972152709961 -312.0868225097656 
v 1080.4061279296875 110.99723815917969 -182.48876953125 
v 1094.7969970703125 38.03520965576172 -312.0867614746094 
v 1094.7969970703125 38.03527069091797 67.91873168945312 
v 1080.4061279296875 110.99724578857422 -53.91144561767578 
v 1080.4061279296875 110.99726867675781 67.91863250732422 
v 1080.4061279296875 276.4844665527344 -53.911495208740234 
v 1080.4061279296875 276.4844970703125 67.91858673095703 
v 1080.4061279296875 276.48443603515625 -166.65487670898438 
v 1080.4061279296875 276.4844055175781 -297.42828369140625 
v 1080.4061279296875 258.2215270996094 -182.48883056640625 
v 1080.4061279296875 261.6919250488281 -312.0868225097656 
v 1094.7969970703125 38.03527069091797 67.91873168945312 
v 1094.7969970703125 38.03520965576172 -312.0867614746094 
v 1224.6116943359375 38.03527069091797 67.91873168945312 
v 1224.6116943359375 38.03520965576172 -312.0867614746094 
v 1354.4263916015625 38.03520965576172 -312.0867614746094 
v 1354.4263916015625 38.03527069091797 67.91873168945312 
v 1151.3192138671875 304.2340393066406 -21.723127365112305 
v 1151.3192138671875 383.0151672363281 -21.723175048828125 
v 1224.6116943359375 304.2340393066406 -21.723127365112305 
v 1224.6116943359375 383.0151672363281 -21.723175048828125 
v 1297.904052734375 383.0151672363281 -21.723175048828125 
v 1297.904052734375 304.2340393066406 -21.723127365112305 
v 1151.3192138671875 304.2340393066406 88.97047424316406 
v 1151.3192138671875 383.01519775390625 88.97047424316406 
v 1224.6116943359375 304.2340393066406 88.97047424316406 
v 1224.6116943359375 383.01519775390625 88.97047424316406 
v 1297.904052734375 383.01519775390625 88.97047424316406 
v 1297.904052734375 304.2340393066406 88.97047424316406 
v 1151.3192138671875 383.0151672363281 -21.723175048828125 
v 1151.3192138671875 383.01519775390625 88.97047424316406 
v 1224.6116943359375 383.0151672363281 -21.723175048828125 
v 1224.6116943359375 383.01519775390625 88.97047424316406 
v 1297.904052734375 383.01519775390625 88.97047424316406 
v 1297.904052734375 383.0151672363281 -21.723175048828125 
v 1151.3192138671875 383.0151672363281 -21.723175048828125 
v 1151.3192138671875 383.01519775390625 88.97047424316406 
v 1151.3192138671875 304.2340393066406 88.97047424316406 
v 1148.9781494140625 290.84130859375 -170.97573852539062 
v 1148.9781494140625 276.48443603515625 -170.97573852539062 
v 1148.9781494140625 290.7978820800781 -297.4283142089844 
v 1148.9781494140625 276.4844055175781 -297.4283142089844 
v 1080.4061279296875 276.4844970703125 67.91858673095703 
v 1148.9781494140625 276.4844970703125 67.91863250732422 
v 1080.4061279296875 110.99726867675781 67.91863250732422 
v 1094.7969970703125 38.03527069091797 67.91873168945312 
v 1224.6116943359375 38.03527069091797 67.91873168945312 
v 1224.6116943359375 276.4844970703125 67.91863250732422 
v 1300.2452392578125 276.4844970703125 67.91863250732422 
v 1354.4263916015625 38.03527069091797 67.91873168945312 
v 1368.8172607421875 110.99726867675781 67.91863250732422 
v 1368.8172607421875 276.4844970703125 67.91858673095703 
v 1148.9781494140625 290.7978820800781 -297.4283142089844 
v 1059.76806640625 290.7978820800781 -297.4283142089844 
v 1148.9781494140625 290.84130859375 -170.97573852539062 
v 1059.76806640625 290.79791259765625 -170.97573852539062 
v 1059.76806640625 304.2340393066406 88.97047424316406 
v 1224.6116943359375 304.2340393066406 88.97047424316406 
v 1059.76806640625 304.2340393066406 -4.152679443359375 
v 1224.6116943359375 304.2340393066406 -4.152679443359375 
v 1389.4552001953125 304.2340393066406 -4.152679443359375 
v 1389.4552001953125 304.2340393066406 88.97047424316406 
v 1182.4473876953125 334.686279296875 -116.98007202148438 
v 1182.4473876953125 334.6863098144531 -21.723127365112305 
v 1182.4473876953125 363.8494873046875 -116.98007202148438 
v 1182.4473876953125 334.686279296875 -116.98007202148438 
v 1224.6116943359375 334.686279296875 -116.98007202148438 
v 1182.4473876953125 363.8494873046875 -116.98007202148438 
v 1224.6116943359375 363.8494873046875 -116.98007202148438 
v 1182.4473876953125 372.93304443359375 -125.0792007446289 
v 1224.6116943359375 372.93304443359375 -125.0792007446289 
v 1266.77587890625 372.93304443359375 -125.0792007446289 
v 1266.77587890625 403.3149719238281 -125.0792007446289 
v 1258.910888671875 411.1798400878906 -125.0792007446289 
v 1224.6116943359375 411.1798400878906 -125.0792007446289 
v 1190.3123779296875 411.1798400878906 -125.0792007446289 
v 1182.4473876953125 403.3149719238281 -125.0792007446289 
v 1266.77587890625 334.686279296875 -116.98007202148438 
v 1266.77587890625 363.8494873046875 -116.98007202148438 
v 1389.4552001953125 110.9972152709961 -326.5342102050781 
v 1389.4552001953125 261.69189453125 -326.5342712402344 
v 1300.2452392578125 110.9972152709961 -326.5342102050781 
v 1300.2452392578125 261.69189453125 -326.5342712402344 
v 1300.2452392578125 110.9972152709961 -336.7359619140625 
v 1300.2452392578125 34.49803161621094 -336.73590087890625 
v 1300.2452392578125 110.99720001220703 -356.3130798339844 
v 1300.2452392578125 34.49802780151367 -356.31304931640625 
v 1309.8121337890625 110.99720001220703 -365.88006591796875 
v 1309.8121337890625 34.49802780151367 -365.8800048828125 
v 1387.2760009765625 110.99720001220703 -365.88006591796875 
v 1387.2760009765625 34.49802780151367 -365.8800048828125 
v 1395.283203125 110.99720001220703 -357.8728332519531 
v 1395.283203125 34.49802780151367 -357.8727722167969 
v 1395.283203125 60.79463195800781 -326.53424072265625 
v 1395.283203125 34.49803161621094 -326.5342102050781 
v 1395.283203125 87.09122467041016 -326.5342102050781 
v 1395.2833251953125 110.99726104736328 -44.523094177246094 
v 1395.283203125 87.09127044677734 -44.52314376831055 
v 1389.4552001953125 290.7978820800781 -297.4283142089844 
v 1300.2452392578125 290.7978820800781 -297.4283142089844 
v 1389.4552001953125 261.69189453125 -326.5342712402344 
v 1300.2452392578125 261.69189453125 -326.5342712402344 
v 1461.596923828125 34.498077392578125 -44.523094177246094 
v 1461.596923828125 34.498085021972656 -4.152631759643555 
v 1461.596923828125 290.79791259765625 -44.52314376831055 
v 1461.596923828125 337.1293640136719 -4.152679443359375 
v 1461.596923828125 337.12933349609375 -170.97573852539062 
v 1461.596923828125 290.79791259765625 -170.97573852539062 
v 1461.596923828125 34.498085021972656 -4.152631759643555 
v 1389.4552001953125 34.498085021972656 -4.152631759643555 
v 1461.596923828125 34.498077392578125 -44.523094177246094 
v 1367.1527099609375 34.498077392578125 -44.523094177246094 
v 1367.1527099609375 34.49810028076172 88.97056579589844 
v 1389.4552001953125 34.49810028076172 88.97047424316406 
v 1389.4552001953125 110.99726104736328 -44.523094177246094 
v 1389.4552001953125 290.79791259765625 -44.52314376831055 
v 1395.2833251953125 110.99726104736328 -44.523094177246094 
v 1461.596923828125 290.79791259765625 -44.52314376831055 
v 1461.596923828125 34.498077392578125 -44.523094177246094 
v 1395.283203125 87.09127044677734 -44.52314376831055 
v 1367.1527099609375 34.498077392578125 -44.523094177246094 
v 1366.98974609375 60.794673919677734 -44.523094177246094 
v 1366.98974609375 34.49803161621094 -326.5342102050781 
v 1367.0711669921875 26.687410354614258 -294.31085205078125 
v 1366.98974609375 60.79463195800781 -326.53424072265625 
v 1366.98974609375 60.794673919677734 -44.523094177246094 
v 1367.1527099609375 34.498077392578125 -44.523094177246094 
v 1367.0303955078125 8.054659843444824 -245.10488891601562 
v 1367.1527099609375 8.05470085144043 6.8927764892578125 
v 1367.1527099609375 26.687467575073242 53.360652923583984 
v 1367.1527099609375 0.5045246481895447 53.360652923583984 
v 1367.1527099609375 0.5045170187950134 6.8927764892578125 
v 1367.0711669921875 0.5044679641723633 -294.31085205078125 
v 1367.0303955078125 0.504476010799408 -245.10488891601562 
v 1367.1527099609375 34.49810028076172 88.97056579589844 
v 1367.1527099609375 26.68747329711914 88.97056579589844 
v 1389.4552001953125 290.79791259765625 -170.97573852539062 
v 1389.4552001953125 290.79791259765625 -44.52314376831055 
v 1461.596923828125 290.79791259765625 -170.97573852539062 
v 1461.596923828125 290.79791259765625 -44.52314376831055 
v 1389.4552001953125 337.12933349609375 -197.17626953125 
v 1389.4552001953125 316.0143737792969 -197.17626953125 
v 1389.4552001953125 337.1293029785156 -175.19583129882812 
v 1389.4552001953125 304.2339782714844 -175.19583129882812 
v 1448.918212890625 304.2340087890625 -170.97573852539062 
v 1448.918212890625 337.12933349609375 -170.97573852539062 
v 1448.918212890625 304.2339782714844 -175.19583129882812 
v 1448.918212890625 337.1293029785156 -175.19583129882812 
v 1389.4552001953125 337.1293029785156 -175.19583129882812 
v 1389.4552001953125 304.2339782714844 -175.19583129882812 
v 1448.918212890625 337.1293029785156 -175.19583129882812 
v 1448.918212890625 304.2339782714844 -175.19583129882812 
v 1395.283203125 87.09127044677734 -44.52314376831055 
v 1395.2833251953125 110.99726104736328 -44.523094177246094 
v 1389.4552001953125 110.99726104736328 -44.523094177246094 
v 1395.283203125 87.09122467041016 -326.5342102050781 
v 1395.283203125 87.09127044677734 -44.52314376831055 
v 1366.98974609375 60.79463195800781 -326.53424072265625 
v 1366.98974609375 60.794673919677734 -44.523094177246094 
v 1366.98974609375 34.498077392578125 -44.523094177246094 
v 1367.1527099609375 34.498077392578125 -44.523094177246094 
v 1366.98974609375 60.794673919677734 -44.523094177246094 
v 1395.283203125 87.09122467041016 -326.5342102050781 
v 1395.283203125 60.79463195800781 -326.53424072265625 
v 1366.98974609375 60.79463195800781 -326.53424072265625 
v 1366.98974609375 34.49803161621094 -326.5342102050781 
v 1395.283203125 34.49803161621094 -326.5342102050781 
v 1389.4552001953125 110.99726104736328 -44.523094177246094 
v 1389.4552001953125 110.99723815917969 -182.48876953125 
v 1395.2833251953125 110.99726104736328 -44.523094177246094 
v 1389.4552001953125 304.2340393066406 -4.152679443359375 
v 1389.4552001953125 304.2340393066406 88.97047424316406 
v 1389.4552001953125 34.498085021972656 -4.152631759643555 
v 1389.4552001953125 34.49810028076172 88.97047424316406 
v 1367.1527099609375 8.05470085144043 6.8927764892578125 
v 1367.1527099609375 0.5045170187950134 6.8927764892578125 
v 1300.2452392578125 8.05470085144043 6.8927764892578125 
v 1300.2452392578125 0.5045170187950134 6.8927764892578125 
v 1367.0711669921875 0.5044679641723633 -294.31085205078125 
v 1367.0303955078125 0.504476010799408 -245.10488891601562 
v 1300.2452392578125 0.5044679641723633 -294.3108215332031 
v 1300.2452392578125 0.504476010799408 -245.10484313964844 
v 1300.2452392578125 8.054659843444824 -245.10484313964844 
v 1300.2452392578125 0.504476010799408 -245.10484313964844 
v 1367.0303955078125 8.054659843444824 -245.10488891601562 
v 1367.0303955078125 0.504476010799408 -245.10488891601562 
v 1367.1527099609375 0.5045170187950134 6.8927764892578125 
v 1367.1527099609375 0.5045246481895447 53.360652923583984 
v 1300.2452392578125 0.5045170187950134 6.8927764892578125 
v 1300.2452392578125 0.5045246481895447 53.360652923583984 
v 1300.2452392578125 0.5045170187950134 6.8927764892578125 
v 1300.2452392578125 0.5045246481895447 53.360652923583984 
v 1300.2452392578125 8.05470085144043 6.8927764892578125 
v 1300.2452392578125 8.05472183227539 53.360652923583984 
v 1300.2452392578125 0.5044679641723633 -294.3108215332031 
v 1300.2452392578125 0.504476010799408 -245.10484313964844 
v 1300.2452392578125 8.05465316772461 -294.3108215332031 
v 1300.2452392578125 8.054659843444824 -245.10484313964844 
v 1300.2452392578125 110.9972152709961 -326.5342102050781 
v 1300.2452392578125 110.9972152709961 -312.0868225097656 
v 1300.2452392578125 261.69189453125 -326.5342712402344 
v 1300.2452392578125 261.6919250488281 -312.0868225097656 
v 1300.2452392578125 276.4844055175781 -297.4283142089844 
v 1300.2452392578125 290.7978820800781 -297.4283142089844 
v 1300.2452392578125 261.6919250488281 -312.0868225097656 
v 1300.2452392578125 261.69189453125 -326.5342712402344 
v 1389.4552001953125 110.99723815917969 -182.48876953125 
v 1389.4552001953125 110.9972152709961 -326.5342102050781 
v 1389.4552001953125 258.2215270996094 -182.48883056640625 
v 1389.4552001953125 261.69189453125 -326.5342712402344 
v 1389.4552001953125 290.7978820800781 -297.4283142089844 
v 1389.4552001953125 290.79791259765625 -170.97573852539062 
v 1389.4552001953125 276.48443603515625 -166.65487670898438 
v 1389.4552001953125 276.4844665527344 -53.911495208740234 
v 1389.4552001953125 290.79791259765625 -44.52314376831055 
v 1389.4552001953125 110.99726104736328 -44.523094177246094 
v 1389.4552001953125 110.99724578857422 -53.91144561767578 
v 1389.4552001953125 110.99726104736328 -44.523094177246094 
v 1389.4552001953125 110.99724578857422 -53.91144561767578 
v 1389.4552001953125 110.99723815917969 -182.48876953125 
v 1368.8172607421875 110.99723815917969 -182.48876953125 
v 1368.8172607421875 110.99724578857422 -53.91144561767578 
v 1389.4552001953125 258.2215270996094 -182.48883056640625 
v 1389.4552001953125 110.99723815917969 -182.48876953125 
v 1368.8172607421875 258.2215270996094 -182.48883056640625 
v 1368.8172607421875 110.99723815917969 -182.48876953125 
v 1389.4552001953125 110.99724578857422 -53.91144561767578 
v 1389.4552001953125 276.4844665527344 -53.911495208740234 
v 1368.8172607421875 110.99724578857422 -53.91144561767578 
v 1368.8172607421875 276.4844665527344 -53.911495208740234 
v 1368.8172607421875 276.4844055175781 -297.42828369140625 
v 1368.8172607421875 261.6919250488281 -312.0868225097656 
v 1300.2452392578125 276.4844055175781 -297.4283142089844 
v 1300.2452392578125 261.6919250488281 -312.0868225097656 
v 1368.8172607421875 261.6919250488281 -312.0868225097656 
v 1368.8172607421875 258.2215270996094 -182.48883056640625 
v 1368.8172607421875 110.9972152709961 -312.0868225097656 
v 1368.8172607421875 110.99723815917969 -182.48876953125 
v 1354.4263916015625 38.03520965576172 -312.0867614746094 
v 1354.4263916015625 38.03527069091797 67.91873168945312 
v 1368.8172607421875 110.99724578857422 -53.91144561767578 
v 1368.8172607421875 110.99726867675781 67.91863250732422 
v 1368.8172607421875 276.4844665527344 -53.911495208740234 
v 1368.8172607421875 276.4844970703125 67.91858673095703 
v 1368.8172607421875 276.48443603515625 -166.65487670898438 
v 1368.8172607421875 276.4844055175781 -297.42828369140625 
v 1368.8172607421875 258.2215270996094 -182.48883056640625 
v 1368.8172607421875 261.6919250488281 -312.0868225097656 
v 1297.904052734375 383.01519775390625 88.97047424316406 
v 1297.904052734375 304.2340393066406 88.97047424316406 
v 1297.904052734375 383.0151672363281 -21.723175048828125 
v 1297.904052734375 304.2340393066406 -21.723127365112305 
v 1300.2452392578125 276.4844055175781 -297.4283142089844 
v 1300.2452392578125 276.48443603515625 -170.97573852539062 
v 1300.2452392578125 290.7978820800781 -297.4283142089844 
v 1300.2452392578125 290.84130859375 -170.97573852539062 
v 1300.2452392578125 290.7978820800781 -297.4283142089844 
v 1300.2452392578125 290.84130859375 -170.97573852539062 
v 1389.4552001953125 290.7978820800781 -297.4283142089844 
v 1389.4552001953125 290.79791259765625 -170.97573852539062 
v 1026.143310546875 107.53782653808594 -55.73039245605469 
v 1051.25146484375 107.53782653808594 -55.73039245605469 
v 1026.143310546875 107.53782653808594 -86.76948547363281 
v 1051.25146484375 107.53782653808594 -86.76948547363281 
v 1026.143310546875 42.479400634765625 -55.730342864990234 
v 1026.143310546875 42.47939682006836 -86.76943969726562 
v 1051.25146484375 57.96126174926758 -55.730342864990234 
v 1051.25146484375 57.96126174926758 -86.76943969726562 
v 1026.143310546875 107.53782653808594 -55.73039245605469 
v 1051.25146484375 57.96126174926758 -55.730342864990234 
v 1051.25146484375 107.53782653808594 -55.73039245605469 
v 1051.25146484375 107.53782653808594 -55.73039245605469 
v 1051.25146484375 107.53782653808594 -86.76948547363281 
v 1051.25146484375 57.96126174926758 -55.730342864990234 
v 1051.25146484375 57.96126174926758 -86.76943969726562 
v 1026.143310546875 107.53782653808594 -86.76948547363281 
v 1026.143310546875 107.53782653808594 -55.73039245605469 
v 1026.143310546875 42.47939682006836 -86.76943969726562 
v 1026.143310546875 42.479400634765625 -55.730342864990234 
v 1051.25146484375 107.53782653808594 -86.76948547363281 
v 1026.143310546875 107.53782653808594 -86.76948547363281 
v 1051.25146484375 57.96126174926758 -86.76943969726562 
v 1026.143310546875 42.47939682006836 -86.76943969726562 
v 1090.399169921875 57.96126174926758 -86.76943969726562 
v 1090.399169921875 29.37244987487793 -86.76943969726562 
v 1090.399169921875 57.96126174926758 -55.730342864990234 
v 1090.399169921875 29.37245750427246 -55.730342864990234 
v 1039.19580078125 29.37245750427246 -55.730342864990234 
v 1090.399169921875 29.37245750427246 -55.730342864990234 
v 1039.19580078125 29.37244987487793 -86.76943969726562 
v 1090.399169921875 29.37244987487793 -86.76943969726562 
v 1026.143310546875 42.47939682006836 -86.76943969726562 
v 1026.143310546875 42.479400634765625 -55.730342864990234 
v 1039.19580078125 29.37245750427246 -55.730342864990234 
v 1090.399169921875 57.96126174926758 -55.730342864990234 
v 1051.25146484375 57.96126174926758 -55.730342864990234 
v 1090.399169921875 29.37245750427246 -55.730342864990234 
v 1039.19580078125 29.37245750427246 -55.730342864990234 
v 1026.143310546875 42.479400634765625 -55.730342864990234 
v 1090.399169921875 57.96126174926758 -86.76943969726562 
v 1090.399169921875 29.37244987487793 -86.76943969726562 
v 1051.25146484375 57.96126174926758 -86.76943969726562 
v 1039.19580078125 29.37244987487793 -86.76943969726562 
v 1026.143310546875 42.47939682006836 -86.76943969726562 
v 1043.748046875 107.26393127441406 -80.11732482910156 
v 996.5556030273438 107.26393127441406 -80.11732482910156 
v 1046.338134765625 107.26392364501953 -78.1809310913086 
v 993.1215209960938 107.26392364501953 -78.1809310913086 
v 1047.234619140625 107.26392364501953 -75.80328369140625 
v 991.38134765625 107.26392364501953 -75.80328369140625 
v 1047.234619140625 107.26392364501953 -66.69650268554688 
v 991.38134765625 107.26392364501953 -66.69650268554688 
v 993.1215209960938 107.26392364501953 -64.31889343261719 
v 1046.338134765625 107.26392364501953 -64.31889343261719 
v 996.5556030273438 107.26392364501953 -62.38246154785156 
v 1043.748046875 107.26392364501953 -62.38246154785156 
v 1043.748046875 117.0296401977539 -80.11732482910156 
v 996.5556030273438 117.0296401977539 -80.11732482910156 
v 1046.338134765625 117.02963256835938 -78.1808853149414 
v 993.1215209960938 117.02963256835938 -78.1808853149414 
v 1047.234619140625 117.02963256835938 -75.80328369140625 
v 991.38134765625 117.02963256835938 -75.80328369140625 
v 1047.234619140625 117.02963256835938 -66.69650268554688 
v 991.38134765625 117.02963256835938 -66.69650268554688 
v 993.1215209960938 117.02963256835938 -64.31889343261719 
v 1046.338134765625 117.02963256835938 -64.31889343261719 
v 996.5556030273438 117.02963256835938 -62.38246154785156 
v 1043.748046875 117.02963256835938 -62.38246154785156 
v 1046.338134765625 117.02963256835938 -78.1808853149414 
v 1043.748046875 117.0296401977539 -80.11732482910156 
v 1046.338134765625 107.26392364501953 -78.1809310913086 
v 1043.748046875 107.26393127441406 -80.11732482910156 
v 1043.748046875 117.0296401977539 -80.11732482910156 
v 996.5556030273438 117.0296401977539 -80.11732482910156 
v 1043.748046875 107.26393127441406 -80.11732482910156 
v 996.5556030273438 107.26393127441406 -80.11732482910156 
v 1046.338134765625 117.02963256835938 -64.31889343261719 
v 1047.234619140625 117.02963256835938 -66.69650268554688 
v 1046.338134765625 107.26392364501953 -64.31889343261719 
v 1047.234619140625 107.26392364501953 -66.69650268554688 
v 996.5556030273438 117.02963256835938 -62.38246154785156 
v 1043.748046875 117.02963256835938 -62.38246154785156 
v 996.5556030273438 107.26392364501953 -62.38246154785156 
v 1043.748046875 107.26392364501953 -62.38246154785156 
v 993.1215209960938 117.02963256835938 -78.1808853149414 
v 991.38134765625 117.02963256835938 -75.80328369140625 
v 993.1215209960938 107.26392364501953 -78.1809310913086 
v 991.38134765625 107.26392364501953 -75.80328369140625 
v 993.1215209960938 117.02963256835938 -64.31889343261719 
v 996.5556030273438 117.02963256835938 -62.38246154785156 
v 993.1215209960938 107.26392364501953 -64.31889343261719 
v 996.5556030273438 107.26392364501953 -62.38246154785156 
v 991.38134765625 117.02963256835938 -75.80328369140625 
v 991.38134765625 117.02963256835938 -66.69650268554688 
v 991.38134765625 107.26392364501953 -75.80328369140625 
v 991.38134765625 107.26392364501953 -66.69650268554688 
v 1047.234619140625 117.02963256835938 -66.69650268554688 
v 1047.234619140625 117.02963256835938 -75.80328369140625 
v 1047.234619140625 107.26392364501953 -66.69650268554688 
v 1047.234619140625 107.26392364501953 -75.80328369140625 
v 996.5556030273438 117.0296401977539 -80.11732482910156 
v 993.1215209960938 117.02963256835938 -78.1808853149414 
v 996.5556030273438 107.26393127441406 -80.11732482910156 
v 993.1215209960938 107.26392364501953 -78.1809310913086 
v 1047.234619140625 117.02963256835938 -75.80328369140625 
v 1046.338134765625 117.02963256835938 -78.1808853149414 
v 1047.234619140625 107.26392364501953 -75.80328369140625 
v 1046.338134765625 107.26392364501953 -78.1809310913086 
v 991.38134765625 117.02963256835938 -66.69650268554688 
v 993.1215209960938 117.02963256835938 -64.31889343261719 
v 991.38134765625 107.26392364501953 -66.69650268554688 
v 993.1215209960938 107.26392364501953 -64.31889343261719 
v 1043.748046875 117.02963256835938 -62.38246154785156 
v 1046.338134765625 117.02963256835938 -64.31889343261719 
v 1043.748046875 107.26392364501953 -62.38246154785156 
v 1046.338134765625 107.26392364501953 -64.31889343261719 
v 1051.25146484375 57.96126174926758 -55.730342864990234 
v 1051.25146484375 57.96126174926758 -86.76943969726562 
v 1090.399169921875 57.96126174926758 -55.730342864990234 
v 1090.399169921875 57.96126174926758 -86.76943969726562 
v 961.22705078125 159.26513671875 -65.91496276855469 
v 961.22705078125 159.26513671875 -76.43809509277344 
v 1010.9716186523438 159.26513671875 -65.91496276855469 
v 1010.9716186523438 159.26513671875 -76.43809509277344 
v 961.22705078125 117.0892105102539 -65.91496276855469 
v 1010.9716186523438 117.0892105102539 -65.91496276855469 
v 961.22705078125 117.0892105102539 -76.95918273925781 
v 1010.9716186523438 117.0892105102539 -76.95918273925781 
v 1010.9716186523438 117.0892105102539 -65.91496276855469 
v 1010.9716186523438 119.0179672241211 -76.43809509277344 
v 1010.9716186523438 117.0892105102539 -76.95918273925781 
v 961.22705078125 117.0892105102539 -76.95918273925781 
v 961.22705078125 117.0892105102539 -65.91496276855469 
v 961.22705078125 119.0179672241211 -76.43809509277344 
v 961.22705078125 159.26513671875 -65.91496276855469 
v 961.22705078125 159.26513671875 -76.43809509277344 
v 1010.9716186523438 119.0179672241211 -76.47819519042969 
v 1010.9716186523438 119.0179672241211 -76.95918273925781 
v 1010.9716186523438 117.0892105102539 -76.95918273925781 
v 961.22705078125 159.26513671875 -65.91496276855469 
v 961.22705078125 117.0892105102539 -65.91496276855469 
v 1010.9716186523438 159.26513671875 -65.91496276855469 
v 1010.9716186523438 117.0892105102539 -65.91496276855469 
v 1010.9716186523438 159.26513671875 -76.43809509277344 
v 1010.9716186523438 119.0179672241211 -76.43809509277344 
v 961.22705078125 159.26513671875 -76.43809509277344 
v 961.22705078125 119.0179672241211 -76.43809509277344 
v 1010.9716186523438 159.26513671875 -76.43809509277344 
v 1010.9716186523438 159.26513671875 -65.91496276855469 
v 1010.9716186523438 119.0179672241211 -76.43809509277344 
v 1010.9716186523438 117.0892105102539 -65.91496276855469 
v 1010.9716186523438 119.0179672241211 -76.95918273925781 
v 1010.9716186523438 117.0892105102539 -76.95918273925781 
v 961.22705078125 119.0179672241211 -76.95918273925781 
v 961.22705078125 117.0892105102539 -76.95918273925781 
v 961.22705078125 119.0179672241211 -76.47819519042969 
v 1010.9716186523438 119.0179672241211 -76.47819519042969 
v 961.22705078125 119.0179672241211 -76.95918273925781 
v 1010.9716186523438 119.0179672241211 -76.95918273925781 
v 961.22705078125 117.0892105102539 -76.95918273925781 
v 961.22705078125 119.0179672241211 -76.47819519042969 
v 961.22705078125 119.0179672241211 -76.95918273925781 
v 973.9255981445312 152.35336303710938 -79.51507568359375 
v 974.5889892578125 152.4324951171875 -82.93585968017578 
v 973.7659301757812 151.24453735351562 -79.51507568359375 
v 974.3799438476562 150.98141479492188 -82.93585968017578 
v 973.0731811523438 150.36410522460938 -79.51507568359375 
v 973.473388671875 149.82923889160156 -82.93585968017578 
v 972.0330200195312 149.94801330566406 -79.51507568359375 
v 972.1121826171875 149.2847137451172 -82.93585968017578 
v 970.9241943359375 150.10772705078125 -79.51507568359375 
v 970.6611328125 149.49374389648438 -82.93585968017578 
v 969.5089111328125 150.40029907226562 -82.93585968017578 
v 970.0437622070312 150.8004608154297 -79.51507568359375 
v 968.96435546875 151.76145935058594 -82.93585968017578 
v 969.6277465820312 151.84060668945312 -79.51507568359375 
v 969.1734619140625 153.21255493164062 -82.93585968017578 
v 969.7874145507812 152.94943237304688 -79.51507568359375 
v 970.4801635742188 153.829833984375 -79.51507568359375 
v 970.0800170898438 154.3647003173828 -82.93585968017578 
v 971.5203247070312 154.24594116210938 -79.51507568359375 
v 971.441162109375 154.9092254638672 -82.93585968017578 
v 973.509521484375 153.3934783935547 -79.51507568359375 
v 974.04443359375 153.79367065429688 -82.93585968017578 
v 972.629150390625 154.0862274169922 -79.51507568359375 
v 972.8922119140625 154.70022583007812 -82.93585968017578 
v 971.441162109375 154.9092254638672 -82.93585968017578 
v 971.5203247070312 154.24594116210938 -79.51507568359375 
v 972.629150390625 154.0862274169922 -79.51507568359375 
v 973.509521484375 153.3934783935547 -79.51507568359375 
v 971.5203247070312 154.24594116210938 -79.51507568359375 
v 970.0437622070312 150.8004608154297 -79.51507568359375 
v 969.6277465820312 151.84060668945312 -79.51507568359375 
v 969.7874145507812 152.94943237304688 -79.51507568359375 
v 970.4801635742188 153.829833984375 -79.51507568359375 
v 973.9255981445312 152.35336303710938 -79.51507568359375 
v 973.7659301757812 151.24453735351562 -79.51507568359375 
v 970.9241943359375 150.10772705078125 -79.51507568359375 
v 972.0330200195312 149.94801330566406 -79.51507568359375 
v 973.0731811523438 150.36410522460938 -79.51507568359375 
v 968.96435546875 151.76145935058594 -82.93585968017578 
v 969.3788452148438 151.81089782714844 -83.42213439941406 
v 969.1734619140625 153.21255493164062 -82.93585968017578 
v 969.5570068359375 153.0481414794922 -83.42213439941406 
v 969.8430786132812 150.65028381347656 -83.42213439941406 
v 973.7102661132812 153.54364013671875 -83.42213439941406 
v 969.5089111328125 150.40029907226562 -82.93585968017578 
v 970.8255004882812 149.8773193359375 -83.42213439941406 
v 972.0628051757812 149.6990966796875 -83.42213439941406 
v 970.6611328125 149.49374389648438 -82.93585968017578 
v 972.1121826171875 149.2847137451172 -82.93585968017578 
v 973.473388671875 149.82923889160156 -82.93585968017578 
v 973.2233276367188 150.1634063720703 -83.42213439941406 
v 974.3799438476562 150.98141479492188 -82.93585968017578 
v 973.996337890625 151.14578247070312 -83.42213439941406 
v 974.5889892578125 152.4324951171875 -82.93585968017578 
v 974.1744995117188 152.38304138183594 -83.42213439941406 
v 974.04443359375 153.79367065429688 -82.93585968017578 
v 972.7278442382812 154.3166046142578 -83.42213439941406 
v 972.8922119140625 154.70022583007812 -82.93585968017578 
v 971.441162109375 154.9092254638672 -82.93585968017578 
v 971.4906005859375 154.4948272705078 -83.42213439941406 
v 970.0800170898438 154.3647003173828 -82.93585968017578 
v 970.330078125 154.03053283691406 -83.42213439941406 
v 974.351806640625 148.65512084960938 -76.33772277832031 
v 975.7277221679688 150.40382385253906 -76.33772277832031 
v 972.2858276367188 147.8286895751953 -76.33772277832031 
v 967.8256225585938 153.79010009765625 -76.33772277832031 
v 968.3348388671875 149.52182006835938 -76.33772277832031 
v 967.5084228515625 151.58775329589844 -76.33772277832031 
v 976.044921875 152.60618591308594 -76.33772277832031 
v 975.218505859375 154.67210388183594 -76.33772277832031 
v 969.2015380859375 155.53880310058594 -76.33772277832031 
v 971.2675170898438 156.36524963378906 -76.33772277832031 
v 973.4698486328125 156.0480194091797 -76.33772277832031 
v 970.08349609375 148.1459197998047 -76.33772277832031 
v 970.08349609375 148.1459197998047 -76.33772277832031 
v 970.08349609375 148.1459197998047 -75.9458999633789 
v 968.3348388671875 149.52182006835938 -76.33772277832031 
v 968.3348388671875 149.52182006835938 -75.9458999633789 
v 967.5084228515625 151.58775329589844 -76.33772277832031 
v 967.5084228515625 151.58775329589844 -75.9458999633789 
v 967.8256225585938 153.79010009765625 -76.33772277832031 
v 967.8256225585938 153.79010009765625 -75.9458999633789 
v 969.2015380859375 155.53880310058594 -76.33772277832031 
v 969.2015380859375 155.53880310058594 -75.9458999633789 
v 971.2675170898438 156.36524963378906 -76.33772277832031 
v 971.2675170898438 156.36524963378906 -75.9458999633789 
v 972.2858276367188 147.8286895751953 -75.9458999633789 
v 972.2858276367188 147.8286895751953 -76.33772277832031 
v 974.351806640625 148.65512084960938 -76.33772277832031 
v 974.351806640625 148.65512084960938 -75.9458999633789 
v 975.7277221679688 150.40382385253906 -75.9458999633789 
v 975.7277221679688 150.40382385253906 -76.33772277832031 
v 976.044921875 152.60618591308594 -75.9458999633789 
v 976.044921875 152.60618591308594 -76.33772277832031 
v 975.218505859375 154.67210388183594 -75.9458999633789 
v 975.218505859375 154.67210388183594 -76.33772277832031 
v 973.4698486328125 156.0480194091797 -75.9458999633789 
v 973.4698486328125 156.0480194091797 -76.33772277832031 
v 971.2675170898438 156.36524963378906 -75.9458999633789 
v 971.2675170898438 156.36524963378906 -76.33772277832031 
v 971.54443359375 154.0428466796875 -76.47238159179688 
v 972.9884033203125 153.63706970214844 -76.47238159179688 
v 971.54443359375 154.0428466796875 -79.51507568359375 
v 972.9884033203125 153.63706970214844 -79.51507568359375 
v 973.7224731445312 152.32911682128906 -76.47238159179688 
v 973.7224731445312 152.32911682128906 -79.51507568359375 
v 973.3167724609375 150.88516235351562 -76.47238159179688 
v 973.3167724609375 150.8851776123047 -79.51507568359375 
v 972.0087280273438 150.1510772705078 -76.47238159179688 
v 972.0087280273438 150.15109252929688 -79.51507568359375 
v 970.5648193359375 150.55685424804688 -76.47238159179688 
v 970.5648193359375 150.55686950683594 -79.51507568359375 
v 969.8306884765625 151.86480712890625 -76.47238159179688 
v 969.8306884765625 151.86480712890625 -79.51507568359375 
v 970.2365112304688 153.30874633789062 -76.47238159179688 
v 970.2365112304688 153.3087615966797 -79.51507568359375 
v 971.54443359375 154.0428466796875 -76.47238159179688 
v 971.54443359375 154.0428466796875 -79.51507568359375 
v 980.3099365234375 151.15280151367188 -78.30257415771484 
v 980.72607421875 149.87200927734375 -78.30257415771484 
v 980.72607421875 152.43359375 -78.30257415771484 
v 981.8156127929688 153.2251739501953 -78.30257415771484 
v 983.1622924804688 153.2251739501953 -78.30257415771484 
v 984.2517700195312 152.43359375 -78.30257415771484 
v 984.66796875 151.15280151367188 -78.30257415771484 
v 984.2517700195312 149.87200927734375 -78.30257415771484 
v 983.1622924804688 149.08041381835938 -78.30257415771484 
v 981.8156127929688 149.08041381835938 -78.30257415771484 
v 981.7393188476562 153.45994567871094 -76.27997589111328 
v 981.8156127929688 153.2251739501953 -78.30257415771484 
v 983.2385864257812 153.45994567871094 -76.27997589111328 
v 983.1622924804688 153.2251739501953 -78.30257415771484 
v 984.2517700195312 152.43359375 -78.30257415771484 
v 984.4515991210938 152.5786895751953 -76.27997589111328 
v 984.66796875 151.15280151367188 -78.30257415771484 
v 984.9148559570312 151.1527862548828 -76.27997589111328 
v 984.2517700195312 149.87200927734375 -78.30257415771484 
v 984.4515991210938 149.72689819335938 -76.27997589111328 
v 983.1622924804688 149.08041381835938 -78.30257415771484 
v 983.2385864257812 148.84564208984375 -76.27997589111328 
v 981.7393188476562 148.84564208984375 -76.27997589111328 
v 981.8156127929688 149.08041381835938 -78.30257415771484 
v 980.5263671875 149.72689819335938 -76.27997589111328 
v 980.72607421875 149.87200927734375 -78.30257415771484 
v 980.0630493164062 151.1527862548828 -76.27997589111328 
v 980.3099365234375 151.15280151367188 -78.30257415771484 
v 980.5263671875 152.5786895751953 -76.27997589111328 
v 980.72607421875 152.43359375 -78.30257415771484 
v 981.7393188476562 153.45994567871094 -76.27997589111328 
v 981.8156127929688 153.2251739501953 -78.30257415771484 
v 982.6404418945312 149.91490173339844 -78.40094757080078 
v 982.6404418945312 151.79005432128906 -79.62699127197266 
v 982.6404418945312 149.91490173339844 -79.62699127197266 
v 982.8257446289062 152.24452209472656 -80.73625183105469 
v 982.8257446289062 149.46044921875 -80.73625183105469 
v 982.8257446289062 152.24452209472656 -82.79137420654297 
v 982.8257446289062 149.46044921875 -82.79137420654297 
v 982.1240234375 149.46044921875 -82.79137420654297 
v 982.1240234375 149.46044921875 -80.73625183105469 
v 982.1239624023438 152.24452209472656 -82.79137420654297 
v 982.1239624023438 152.24452209472656 -80.73625183105469 
v 982.32470703125 151.79005432128906 -79.62699127197266 
v 982.32470703125 149.91490173339844 -79.62699127197266 
v 982.32470703125 151.7900390625 -78.40094757080078 
v 982.8257446289062 152.24452209472656 -82.79137420654297 
v 982.8257446289062 152.24452209472656 -80.73625183105469 
v 982.1239624023438 152.24452209472656 -82.79137420654297 
v 982.1239624023438 152.24452209472656 -80.73625183105469 
v 982.32470703125 151.79005432128906 -79.62699127197266 
v 982.6404418945312 151.79005432128906 -79.62699127197266 
v 982.6404418945312 151.7900390625 -78.40094757080078 
v 982.8257446289062 149.46044921875 -82.79137420654297 
v 982.1240234375 149.46044921875 -82.79137420654297 
v 982.8257446289062 152.24452209472656 -82.79137420654297 
v 982.1239624023438 152.24452209472656 -82.79137420654297 
v 982.1240234375 149.46044921875 -82.79137420654297 
v 982.8257446289062 149.46044921875 -82.79137420654297 
v 982.1240234375 149.46044921875 -80.73625183105469 
v 982.8257446289062 149.46044921875 -80.73625183105469 
v 982.32470703125 149.91490173339844 -79.62699127197266 
v 982.6404418945312 149.91490173339844 -79.62699127197266 
v 982.32470703125 149.91490173339844 -78.40094757080078 
v 982.32470703125 151.7900390625 -78.40094757080078 
v 982.32470703125 149.91490173339844 -78.40094757080078 
v 982.32470703125 149.91490173339844 -79.62699127197266 
v 982.32470703125 149.91490173339844 -78.40094757080078 
v 982.6404418945312 149.91490173339844 -79.62699127197266 
v 982.6404418945312 149.91490173339844 -78.40094757080078 
v 1008.0315551757812 123.74402618408203 -76.28836822509766 
v 1007.4259033203125 123.49314880371094 -76.28836822509766 
v 1008.0315551757812 123.74402618408203 -76.85957336425781 
v 1007.4259033203125 123.49314880371094 -76.85957336425781 
v 1007.4259033203125 123.62674713134766 -77.84757995605469 
v 1008.0315551757812 123.86908721923828 -77.78267669677734 
v 1007.4259033203125 124.01154327392578 -78.76739501953125 
v 1008.0315551757812 124.22879791259766 -78.64193725585938 
v 1007.4259033203125 124.62124633789062 -79.55622863769531 
v 1008.0315551757812 124.79865264892578 -79.37884521484375 
v 1007.4259033203125 125.41436767578125 -80.16043090820312 
v 1008.0315551757812 125.53980255126953 -79.94313049316406 
v 1007.4259033203125 126.33682250976562 -80.53870391845703 
v 1008.0315551757812 126.4017562866211 -80.29637145996094 
v 1007.4259033203125 127.32577514648438 -80.66539764404297 
v 1008.0315551757812 127.32577514648438 -80.41453552246094 
v 1007.4259033203125 149.44224548339844 -80.66539764404297 
v 1008.0315551757812 149.44224548339844 -80.41453552246094 
v 1008.0315551757812 150.3662567138672 -80.29637145996094 
v 1007.4259033203125 150.4311981201172 -80.53870391845703 
v 1008.0315551757812 151.22821044921875 -79.94313049316406 
v 1007.4259033203125 151.35365295410156 -80.16043090820312 
v 1008.0315551757812 151.96937561035156 -79.37884521484375 
v 1007.4259033203125 152.1467742919922 -79.55622863769531 
v 1008.0315551757812 152.53921508789062 -78.64193725585938 
v 1007.4259033203125 152.75648498535156 -78.76739501953125 
v 1008.0315551757812 152.89892578125 -77.78267669677734 
v 1007.4259033203125 153.14125061035156 -77.84757995605469 
v 1008.0315551757812 153.0239715576172 -76.85957336425781 
v 1007.4259033203125 153.27484130859375 -76.85957336425781 
v 1007.4259033203125 153.27484130859375 -76.28836822509766 
v 1007.1749877929688 153.8805389404297 -76.28836822509766 
v 1007.1749877929688 153.8805389404297 -76.85957336425781 
v 1007.4259033203125 154.48622131347656 -76.28836822509766 
v 1007.4259033203125 154.48622131347656 -76.85957336425781 
v 1008.0315551757812 154.7371063232422 -76.28836822509766 
v 1008.0315551757812 154.7371063232422 -76.85957336425781 
v 1008.63720703125 154.48622131347656 -76.28836822509766 
v 1008.63720703125 154.48622131347656 -76.85957336425781 
v 1008.8880615234375 153.8805389404297 -76.28836822509766 
v 1008.8880615234375 153.8805389404297 -76.85957336425781 
v 1008.63720703125 153.2748565673828 -76.28836822509766 
v 1008.63720703125 153.2748565673828 -76.85957336425781 
v 1008.0315551757812 153.0239715576172 -76.28836822509766 
v 1008.0315551757812 153.0239715576172 -76.85957336425781 
v 1008.63720703125 153.14125061035156 -77.84757995605469 
v 1008.0315551757812 152.89892578125 -77.78267669677734 
v 1008.63720703125 152.75648498535156 -78.76739501953125 
v 1008.0315551757812 152.53921508789062 -78.64193725585938 
v 1008.63720703125 152.1467742919922 -79.55622863769531 
v 1008.0315551757812 151.96937561035156 -79.37884521484375 
v 1008.63720703125 151.35365295410156 -80.16043090820312 
v 1008.0315551757812 151.22821044921875 -79.94313049316406 
v 1008.63720703125 150.43118286132812 -80.53870391845703 
v 1008.0315551757812 150.3662567138672 -80.29637145996094 
v 1008.63720703125 149.44224548339844 -80.66539764404297 
v 1008.0315551757812 149.44224548339844 -80.41453552246094 
v 1008.63720703125 127.32577514648438 -80.66539764404297 
v 1008.0315551757812 127.32577514648438 -80.41453552246094 
v 1008.0315551757812 126.4017562866211 -80.29637145996094 
v 1008.63720703125 126.33682250976562 -80.53870391845703 
v 1008.0315551757812 125.53980255126953 -79.94313049316406 
v 1007.1749877929688 122.88745880126953 -76.28836822509766 
v 1008.0315551757812 153.0239715576172 -76.28836822509766 
v 1008.8880615234375 127.32577514648438 -81.27107238769531 
v 1008.8880615234375 149.44224548339844 -81.27107238769531 
v 1008.8880615234375 150.58795166015625 -81.123779296875 
v 1008.8880615234375 151.656494140625 -80.68495178222656 
v 1008.8880615234375 152.57505798339844 -79.9845199584961 
v 1008.8880615234375 153.28102111816406 -79.07023620605469 
v 1008.8880615234375 153.72630310058594 -78.00436401367188 
v 1008.63720703125 154.31134033203125 -78.16114807128906 
v 1008.63720703125 153.80557250976562 -79.37307739257812 
v 1008.63720703125 153.0033416748047 -80.4128189086914 
v 1008.63720703125 151.95933532714844 -81.20951843261719 
v 1008.63720703125 150.74472045898438 -81.70881652832031 
v 1008.63720703125 149.44224548339844 -81.87675476074219 
v 1008.63720703125 127.32577514648438 -81.87675476074219 
v 1008.8880615234375 126.18006134033203 -81.123779296875 
v 1008.63720703125 125.41436767578125 -80.16043090820312 
v 1008.0315551757812 124.79865264892578 -79.37884521484375 
v 1008.63720703125 124.62124633789062 -79.55622863769531 
v 1008.0315551757812 124.22879791259766 -78.64193725585938 
v 1008.8880615234375 125.11153411865234 -80.68495178222656 
v 1008.63720703125 126.02330780029297 -81.70881652832031 
v 1008.0315551757812 127.32577514648438 -82.12761688232422 
v 1008.0315551757812 149.44224548339844 -82.12761688232422 
v 1008.0315551757812 150.80966186523438 -81.95114135742188 
v 1008.0315551757812 152.08477783203125 -81.42676544189453 
v 1008.0315551757812 153.18072509765625 -80.59020233154297 
v 1008.0315551757812 154.02284240722656 -79.49852752685547 
v 1008.0315551757812 154.55368041992188 -78.22604370117188 
v 1007.4259033203125 154.31134033203125 -78.16114807128906 
v 1007.1749877929688 153.72630310058594 -78.00436401367188 
v 1007.1749877929688 153.28102111816406 -79.07023620605469 
v 1007.4259033203125 153.80557250976562 -79.37307739257812 
v 1007.4259033203125 153.0033416748047 -80.4128189086914 
v 1007.4259033203125 151.95933532714844 -81.20951843261719 
v 1007.1749877929688 152.57505798339844 -79.9845199584961 
v 1007.1749877929688 151.656494140625 -80.68495178222656 
v 1007.4259033203125 150.7447052001953 -81.70881652832031 
v 1007.4259033203125 149.44224548339844 -81.87675476074219 
v 1007.1749877929688 150.5879669189453 -81.123779296875 
v 1007.1749877929688 149.44224548339844 -81.27107238769531 
v 1007.1749877929688 127.32577514648438 -81.27107238769531 
v 1007.4259033203125 127.32577514648438 -81.87675476074219 
v 1007.1749877929688 126.18006134033203 -81.123779296875 
v 1007.1749877929688 125.11153411865234 -80.68495178222656 
v 1007.1749877929688 124.19296264648438 -79.9845199584961 
v 1007.1749877929688 123.48699951171875 -79.07023620605469 
v 1007.1749877929688 123.04170227050781 -78.00436401367188 
v 1007.1749877929688 122.88745880126953 -76.85957336425781 
v 1007.4259033203125 122.28177642822266 -76.28836822509766 
v 1007.4259033203125 122.28177642822266 -76.85957336425781 
v 1008.0315551757812 122.03089141845703 -76.28836822509766 
v 1008.0315551757812 122.03089141845703 -76.85957336425781 
v 1008.63720703125 122.28177642822266 -76.28836822509766 
v 1008.63720703125 122.28177642822266 -76.85957336425781 
v 1008.8880615234375 122.88745880126953 -76.28836822509766 
v 1008.0315551757812 122.2143325805664 -78.22604370117188 
v 1007.4259033203125 122.45665740966797 -78.16114807128906 
v 1007.4259033203125 122.96244812011719 -79.37307739257812 
v 1007.4259033203125 123.76467895507812 -80.4128189086914 
v 1007.4259033203125 124.80867767333984 -81.20951843261719 
v 1007.4259033203125 126.02330780029297 -81.70881652832031 
v 1008.0315551757812 125.9583740234375 -81.95114135742188 
v 1008.0315551757812 124.68323516845703 -81.42676544189453 
v 1008.0315551757812 123.58728790283203 -80.59020233154297 
v 1008.0315551757812 122.74519348144531 -79.49852752685547 
v 1008.63720703125 122.45665740966797 -78.16114807128906 
v 1008.63720703125 122.96244812011719 -79.37307739257812 
v 1008.63720703125 123.76467895507812 -80.4128189086914 
v 1008.63720703125 124.80867767333984 -81.20951843261719 
v 1008.8880615234375 124.19297790527344 -79.9845199584961 
v 1008.63720703125 124.01152801513672 -78.76739501953125 
v 1008.0315551757812 123.86908721923828 -77.78267669677734 
v 1008.63720703125 123.62674713134766 -77.84757995605469 
v 1008.0315551757812 123.74402618408203 -76.85957336425781 
v 1008.8880615234375 123.48699951171875 -79.07023620605469 
v 1008.8880615234375 123.04170227050781 -78.00436401367188 
v 1008.8880615234375 122.88745880126953 -76.85957336425781 
v 1008.63720703125 123.49314880371094 -76.28836822509766 
v 1008.63720703125 123.49314880371094 -76.85957336425781 
v 1008.0315551757812 123.74402618408203 -76.28836822509766 
v 964.507568359375 123.74543762207031 -76.18212890625 
v 963.9054565429688 123.4861831665039 -76.18212890625 
v 964.507568359375 123.74543762207031 -76.75332641601562 
v 963.9054565429688 123.4861831665039 -76.75332641601562 
v 963.9036254882812 123.6197738647461 -77.7413330078125 
v 964.505859375 123.87049102783203 -77.67643737792969 
v 963.8982543945312 124.00453186035156 -78.6611557006836 
v 964.5007934570312 124.23015594482422 -78.53569793701172 
v 963.8897705078125 124.61418151855469 -79.44998931884766 
v 964.4929809570312 124.79998016357422 -79.2726058959961 
v 963.8788452148438 125.40721893310547 -80.05418395996094 
v 964.482666015625 125.54105377197266 -79.8368911743164 
v 963.865966796875 126.32958984375 -80.43246459960938 
v 964.470703125 126.40292358398438 -80.19013214111328 
v 963.8522338867188 127.31844329833984 -80.55915832519531 
v 964.4578857421875 127.32684326171875 -80.30829620361328 
v 963.5451049804688 149.4327850341797 -80.55915832519531 
v 964.1508178710938 149.44117736816406 -80.30829620361328 
v 964.137939453125 150.3651123046875 -80.19013214111328 
v 963.5313720703125 150.421630859375 -80.43246459960938 
v 964.1260375976562 151.22698974609375 -79.8368911743164 
v 963.5185546875 151.343994140625 -80.05418395996094 
v 964.11572265625 151.96807861328125 -79.2726058959961 
v 963.507568359375 152.1370391845703 -79.44998931884766 
v 964.1077270507812 152.537841796875 -78.53569793701172 
v 963.4990844726562 152.7467041015625 -78.6611557006836 
v 964.1027221679688 152.89752197265625 -77.67643737792969 
v 963.4937133789062 153.1314239501953 -77.7413330078125 
v 964.1010131835938 153.02256774902344 -76.75332641601562 
v 963.491943359375 153.2650146484375 -76.75332641601562 
v 963.491943359375 153.2650146484375 -76.18212890625 
v 963.2326049804688 153.86715698242188 -76.18212890625 
v 963.2326049804688 153.86715698242188 -76.75332641601562 
v 963.4750366210938 154.47625732421875 -76.18212890625 
v 963.4750366210938 154.47625732421875 -76.75332641601562 
v 964.0772094726562 154.73553466796875 -76.18212890625 
v 964.0772094726562 154.73553466796875 -76.75332641601562 
v 964.6864013671875 154.4930877685547 -76.18212890625 
v 964.6864013671875 154.4930877685547 -76.75332641601562 
v 964.9456176757812 153.8909454345703 -76.18212890625 
v 964.9456176757812 153.8909454345703 -76.75332641601562 
v 964.7031860351562 153.28184509277344 -76.18212890625 
v 964.7031860351562 153.28184509277344 -76.75332641601562 
v 964.1010131835938 153.02256774902344 -76.18212890625 
v 964.1010131835938 153.02256774902344 -76.75332641601562 
v 964.7050170898438 153.1482391357422 -77.7413330078125 
v 964.1027221679688 152.89752197265625 -77.67643737792969 
v 964.7103271484375 152.76351928710938 -78.6611557006836 
v 964.1077270507812 152.537841796875 -78.53569793701172 
v 964.7188110351562 152.1538543701172 -79.44998931884766 
v 964.11572265625 151.96807861328125 -79.2726058959961 
v 964.7298583984375 151.36082458496094 -80.05418395996094 
v 964.1260375976562 151.22698974609375 -79.8368911743164 
v 964.74267578125 150.43844604492188 -80.43246459960938 
v 964.137939453125 150.3651123046875 -80.19013214111328 
v 964.7564086914062 149.44960021972656 -80.55915832519531 
v 964.1508178710938 149.44117736816406 -80.30829620361328 
v 965.0634765625 127.33526611328125 -80.55915832519531 
v 964.4578857421875 127.32684326171875 -80.30829620361328 
v 964.470703125 126.40292358398438 -80.19013214111328 
v 965.0772094726562 126.3464126586914 -80.43246459960938 
v 964.482666015625 125.54105377197266 -79.8368911743164 
v 963.6629028320312 122.87705993652344 -76.18212890625 
v 964.1010131835938 153.02256774902344 -76.18212890625 
v 965.3142700195312 127.3387451171875 -81.16484069824219 
v 965.0072021484375 149.4530792236328 -81.16484069824219 
v 964.9912719726562 150.5986785888672 -81.01753997802734 
v 964.9765014648438 151.6671142578125 -80.57870483398438 
v 964.9637451171875 152.58560180664062 -79.87828063964844 
v 964.9539184570312 153.29148864746094 -78.96399688720703 
v 964.9476928710938 153.73672485351562 -77.89811706542969 
v 964.6887817382812 154.31820678710938 -78.05490112304688 
v 964.6957397460938 153.8125 -79.26683044433594 
v 964.7069702148438 153.01034545898438 -80.30657958984375 
v 964.7214965820312 151.96644592285156 -81.10327911376953 
v 964.73828125 150.751953125 -81.60256958007812 
v 964.7564086914062 149.44960021972656 -81.77051544189453 
v 965.0634765625 127.33526611328125 -81.77051544189453 
v 965.3302001953125 126.19314575195312 -81.01753997802734 
v 965.0899658203125 125.42404174804688 -80.05418395996094 
v 964.4929809570312 124.79998016357422 -79.2726058959961 
v 965.10107421875 124.63099670410156 -79.44998931884766 
v 964.5007934570312 124.23015594482422 -78.53569793701172 
v 965.344970703125 125.12471771240234 -80.57870483398438 
v 965.0816040039062 126.03291320800781 -81.60256958007812 
v 964.4578857421875 127.32684326171875 -82.02137756347656 
v 964.1508178710938 149.44117736816406 -82.02137756347656 
v 964.1317138671875 150.8084716796875 -81.84490203857422 
v 964.114013671875 152.08346557617188 -81.32052612304688 
v 964.0988159179688 153.17930603027344 -80.48396301269531 
v 964.0870971679688 154.02133178710938 -79.39228820800781 
v 964.0797729492188 154.5521240234375 -78.11980438232422 
v 963.4775390625 154.3013916015625 -78.05490112304688 
v 963.2347412109375 153.7129364013672 -77.89811706542969 
v 963.2410278320312 153.2677001953125 -78.96399688720703 
v 963.4845581054688 153.79566955566406 -79.26683044433594 
v 963.49560546875 152.9935302734375 -80.30657958984375 
v 963.5101318359375 151.94961547851562 -81.10327911376953 
v 963.250732421875 152.56179809570312 -79.87828063964844 
v 963.2634887695312 151.64334106445312 -80.57870483398438 
v 963.527099609375 150.73512268066406 -81.60256958007812 
v 963.5451049804688 149.4327850341797 -81.77051544189453 
v 963.2783813476562 150.5749053955078 -81.01753997802734 
v 963.294189453125 149.42929077148438 -81.16484069824219 
v 963.601318359375 127.31494903564453 -81.16484069824219 
v 963.8522338867188 127.31844329833984 -81.77051544189453 
v 963.6173095703125 126.16935729980469 -81.01753997802734 
v 963.632080078125 125.10092163085938 -80.57870483398438 
v 963.644775390625 124.18244934082031 -79.87828063964844 
v 963.6547241210938 123.47655487060547 -78.96399688720703 
v 963.6608276367188 123.03129577636719 -77.89811706542969 
v 963.6629028320312 122.87705993652344 -76.75332641601562 
v 963.9223022460938 122.27493286132812 -76.18212890625 
v 963.9223022460938 122.27493286132812 -76.75332641601562 
v 964.5313110351562 122.03247833251953 -76.18212890625 
v 964.5313110351562 122.03247833251953 -76.75332641601562 
v 965.1334838867188 122.29174041748047 -76.18212890625 
v 965.1334838867188 122.29174041748047 -76.75332641601562 
v 965.3759155273438 122.9008560180664 -76.18212890625 
v 964.5288696289062 122.21590423583984 -78.11980438232422 
v 963.9197998046875 122.44979095458984 -78.05490112304688 
v 963.9127807617188 122.95553588867188 -79.26683044433594 
v 963.9017333984375 123.75769805908203 -80.30657958984375 
v 963.88720703125 124.80158996582031 -81.10327911376953 
v 963.870361328125 126.0160903930664 -81.60256958007812 
v 964.476806640625 125.9595718383789 -81.84490203857422 
v 964.4945068359375 124.6845703125 -81.32052612304688 
v 964.509765625 123.58872985839844 -80.48396301269531 
v 964.5214233398438 122.7467041015625 -79.39228820800781 
v 965.131103515625 122.46661376953125 -78.05490112304688 
v 965.1241455078125 122.97235870361328 -79.26683044433594 
v 965.1128540039062 123.77450561523438 -80.30657958984375 
v 965.098388671875 124.81840515136719 -81.10327911376953 
v 965.3577880859375 124.20624542236328 -79.87828063964844 
v 965.1094360351562 124.0213394165039 -78.6611557006836 
v 964.505859375 123.87049102783203 -77.67643737792969 
v 965.1148071289062 123.63658905029297 -77.7413330078125 
v 964.507568359375 123.74543762207031 -76.75332641601562 
v 965.3676147460938 123.50033569335938 -78.96399688720703 
v 965.373779296875 123.05509185791016 -77.89811706542969 
v 965.3759155273438 122.9008560180664 -76.75332641601562 
v 965.11669921875 123.50300598144531 -76.18212890625 
v 965.11669921875 123.50300598144531 -76.75332641601562 
v 964.507568359375 123.74543762207031 -76.18212890625 
v 1151.3192138671875 383.0151672363281 -21.723175048828125 
v 1151.3192138671875 304.2340393066406 88.97047424316406 
v 1151.3192138671875 304.2340393066406 -21.723127365112305 
v 1026.143310546875 107.53782653808594 -55.73039245605469 
v 1026.143310546875 42.479400634765625 -55.730342864990234 
v 1051.25146484375 57.96126174926758 -55.730342864990234 
v 1026.143310546875 42.47939682006836 -86.76943969726562 
v 1039.19580078125 29.37245750427246 -55.730342864990234 
v 1039.19580078125 29.37244987487793 -86.76943969726562 
v 982.32470703125 151.79005432128906 -79.62699127197266 
v 982.32470703125 151.7900390625 -78.40094757080078 
v 982.6404418945312 151.7900390625 -78.40094757080078 
v 982.6404418945312 151.79005432128906 -79.62699127197266 
v 982.6404418945312 149.91490173339844 -78.40094757080078 
v 982.6404418945312 151.7900390625 -78.40094757080078 
v 1310.167236328125 249.74961853027344 -342.347412109375 
v 1313.1982421875 249.74961853027344 -344.097412109375 
v 1307.1361083984375 249.74961853027344 -344.097412109375 
v 1313.1982421875 249.74961853027344 -347.5973815917969 
v 1310.167236328125 249.74961853027344 -349.3473815917969 
v 1307.1361083984375 249.74961853027344 -347.5973815917969 
v 1310.167236328125 242.82894897460938 -332.1469421386719 
v 1312.2354736328125 243.94163513183594 -332.1470031738281 
v 1310.167236328125 242.82896423339844 -346.4281311035156 
v 1312.2354736328125 243.94166564941406 -346.4281921386719 
v 1312.2354736328125 246.3297576904297 -332.1470031738281 
v 1312.2354736328125 246.3297882080078 -346.4281921386719 
v 1310.167236328125 247.4424591064453 -346.4281311035156 
v 1310.167236328125 247.44244384765625 -332.1469421386719 
v 1308.09912109375 246.3297576904297 -332.1470031738281 
v 1308.09912109375 246.3297882080078 -346.4281921386719 
v 1308.09912109375 243.94163513183594 -332.1470031738281 
v 1308.09912109375 243.94166564941406 -346.4281921386719 
v 1310.167236328125 242.82896423339844 -346.4281311035156 
v 1310.167236328125 164.6433563232422 -332.1469421386719 
v 1308.09912109375 163.53065490722656 -332.14703369140625 
v 1310.167236328125 164.64334106445312 -346.4281005859375 
v 1308.09912109375 163.53065490722656 -346.4281921386719 
v 1308.09912109375 161.14254760742188 -332.14703369140625 
v 1308.09912109375 161.14254760742188 -346.4281921386719 
v 1310.167236328125 160.0298309326172 -346.4281005859375 
v 1310.167236328125 160.02984619140625 -332.1469421386719 
v 1312.2354736328125 161.14254760742188 -332.14703369140625 
v 1312.2354736328125 161.14254760742188 -346.4281921386719 
v 1312.2354736328125 163.53065490722656 -332.14703369140625 
v 1312.2354736328125 163.53065490722656 -346.4281921386719 
v 1310.167236328125 164.64334106445312 -346.4281005859375 
v 1307.1361083984375 158.6525421142578 -347.597412109375 
v 1307.1361083984375 158.6525421142578 -344.097412109375 
v 1310.167236328125 158.6525421142578 -349.347412109375 
v 1313.1982421875 158.6525421142578 -347.597412109375 
v 1313.1982421875 158.6525421142578 -344.097412109375 
v 1310.167236328125 158.6525421142578 -342.3474426269531 
v 1312.2354736328125 163.53065490722656 -332.14703369140625 
v 1310.167236328125 164.6433563232422 -332.1469421386719 
v 1310.167236328125 164.64334106445312 -346.4281005859375 
v 1308.09912109375 243.94163513183594 -332.1470031738281 
v 1310.167236328125 242.82896423339844 -346.4281311035156 
v 1310.167236328125 242.82894897460938 -332.1469421386719 
v 1384.0665283203125 298.8839111328125 -300.4759826660156 
v 1384.0665283203125 266.5854797363281 -332.7744140625 
v 1384.0665283203125 292.98504638671875 -295.026123046875 
v 1384.0665283203125 260.6866149902344 -327.32452392578125 
v 1384.0665283203125 298.8839111328125 -300.4759826660156 
v 1384.0665283203125 292.98504638671875 -295.026123046875 
v 1384.0665283203125 299.2895812988281 -184.1888427734375 
v 1384.0665283203125 293.3907165527344 -183.662841796875 
v 1375.00634765625 299.33294677734375 -171.7659912109375 
v 1375.00634765625 293.43408203125 -171.7659912109375 
v 1375.00634765625 299.33294677734375 -171.7659912109375 
v 1299.975830078125 299.2895812988281 -184.1888427734375 
v 1384.0665283203125 299.2895812988281 -184.1888427734375 
v 1299.975830078125 298.8839111328125 -300.4759826660156 
v 1384.0665283203125 298.8839111328125 -300.4759826660156 
v 1384.0665283203125 266.5854797363281 -332.7744140625 
v 1384.0665283203125 260.6866149902344 -327.32452392578125 
v 1384.0665283203125 121.73139953613281 -333.19964599609375 
v 1384.0665283203125 121.41909790039062 -327.7497863769531 
v 1377.555419921875 113.63340759277344 -333.223388671875 
v 1299.975830078125 266.5854797363281 -332.7744140625 
v 1299.975830078125 121.73139953613281 -333.19964599609375 
v 1384.0665283203125 121.73139953613281 -333.19964599609375 
v 1377.555419921875 113.63340759277344 -333.223388671875 
v 1299.975830078125 113.63340759277344 -333.223388671875 
v 1299.975830078125 298.8839111328125 -300.4759826660156 
v 1299.975830078125 266.5854797363281 -332.7744140625 
v 1384.0665283203125 266.5854797363281 -332.7744140625 
v 1310.167236328125 249.74961853027344 -342.347412109375 
v 1310.167236328125 158.6525421142578 -342.3474426269531 
v 1313.1982421875 249.74961853027344 -344.097412109375 
v 1313.1982421875 158.6525421142578 -344.097412109375 
v 1313.1982421875 249.74961853027344 -347.5973815917969 
v 1313.1982421875 158.6525421142578 -347.597412109375 
v 1310.167236328125 249.74961853027344 -349.3473815917969 
v 1310.167236328125 158.6525421142578 -349.347412109375 
v 1307.1361083984375 249.74961853027344 -347.5973815917969 
v 1307.1361083984375 158.6525421142578 -347.597412109375 
v 1307.1361083984375 249.74961853027344 -344.097412109375 
v 1307.1361083984375 158.6525421142578 -344.097412109375 
v 1310.167236328125 249.74961853027344 -342.347412109375 
v 1310.167236328125 158.6525421142578 -342.3474426269531 
v 1377.555419921875 113.63340759277344 -333.223388671875 
v 1384.0665283203125 121.41909790039062 -327.7497863769531 
v 1377.555419921875 113.63340759277344 -327.7735290527344 
v 1299.975830078125 299.2895812988281 -184.1888427734375 
v 1375.00634765625 299.33294677734375 -171.7659912109375 
v 1299.975830078125 299.33294677734375 -171.7659912109375 
v 1299.975830078125 266.5854797363281 -332.7744140625 
v 1384.0665283203125 266.5854797363281 -332.7744140625 
v 1384.0665283203125 121.73139953613281 -333.19964599609375 
v 1299.975830078125 298.8839111328125 -300.4759826660156 
v 1384.0665283203125 266.5854797363281 -332.7744140625 
v 1384.0665283203125 298.8839111328125 -300.4759826660156 
v 1383.1536865234375 297.80816650390625 -300.0281677246094 
v 1383.1536865234375 266.137939453125 -331.69842529296875 
v 1383.0665283203125 292.98504638671875 -295.026123046875 
v 1383.0665283203125 260.6866149902344 -327.32452392578125 
v 1383.1536865234375 297.80816650390625 -300.0281677246094 
v 1383.0665283203125 292.98504638671875 -295.026123046875 
v 1383.010986328125 298.3683776855469 -184.52110290527344 
v 1383.0699462890625 293.3852844238281 -184.0023956298828 
v 1374.2081298828125 298.3354797363281 -172.35989379882812 
v 1374.210693359375 293.43408203125 -172.37185668945312 
v 1374.2081298828125 298.3354797363281 -172.35989379882812 
v 1299.975830078125 298.2895812988281 -184.18536376953125 
v 1383.010986328125 298.3683776855469 -184.52110290527344 
v 1299.975830078125 297.8853759765625 -300.0603332519531 
v 1383.1536865234375 297.80816650390625 -300.0281677246094 
v 1383.0665283203125 260.6866149902344 -327.32452392578125 
v 1383.0694580078125 121.78319549560547 -327.7458801269531 
v 1383.00341796875 122.09687042236328 -332.2813415527344 
v 1376.7850341796875 114.26451110839844 -332.2260437011719 
v 1299.975830078125 266.1700439453125 -331.7756042480469 
v 1383.00341796875 122.09687042236328 -332.2813415527344 
v 1299.975830078125 121.72846984863281 -332.1996154785156 
v 1376.7850341796875 114.26451110839844 -332.2260437011719 
v 1299.975830078125 113.6304702758789 -332.22344970703125 
v 1299.975830078125 297.8853759765625 -300.0603332519531 
v 1299.975830078125 266.1700439453125 -331.7756042480469 
v 1383.1536865234375 266.137939453125 -331.69842529296875 
v 1376.7850341796875 114.26451110839844 -332.2260437011719 
v 1383.0694580078125 121.78319549560547 -327.7458801269531 
v 1376.7882080078125 114.27493286132812 -327.7735290527344 
v 1299.975830078125 298.2895812988281 -184.18536376953125 
v 1374.2081298828125 298.3354797363281 -172.35989379882812 
v 1299.975830078125 298.33294677734375 -171.76251220703125 
v 1383.00341796875 122.09687042236328 -332.2813415527344 
v 1383.1536865234375 266.137939453125 -331.69842529296875 
v 1383.0665283203125 260.6866149902344 -327.32452392578125 
v 1299.975830078125 266.1700439453125 -331.7756042480469 
v 1383.00341796875 122.09687042236328 -332.2813415527344 
v 1383.1536865234375 266.137939453125 -331.69842529296875 
v 1299.975830078125 297.8853759765625 -300.0603332519531 
v 1383.1536865234375 297.80816650390625 -300.0281677246094 
v 1383.1536865234375 266.137939453125 -331.69842529296875 
v 1384.0665283203125 293.3907165527344 -183.662841796875 
v 1375.00634765625 293.43408203125 -171.7659912109375 
v 1383.0699462890625 293.3852844238281 -184.0023956298828 
v 1374.210693359375 293.43408203125 -172.37185668945312 
v 1299.975830078125 113.6304702758789 -332.22344970703125 
v 1299.975830078125 113.63340759277344 -333.223388671875 
v 1376.7850341796875 114.26451110839844 -332.2260437011719 
v 1377.555419921875 113.63340759277344 -333.223388671875 
v 1299.975830078125 113.63340759277344 -333.223388671875 
v 1299.975830078125 113.6304702758789 -332.22344970703125 
v 1299.975830078125 121.73139953613281 -333.19964599609375 
v 1299.975830078125 121.72846984863281 -332.1996154785156 
v 1299.975830078125 266.1700439453125 -331.7756042480469 
v 1299.975830078125 266.5854797363281 -332.7744140625 
v 1384.0665283203125 121.41909790039062 -327.7497863769531 
v 1383.0694580078125 121.78319549560547 -327.7458801269531 
v 1384.0665283203125 260.6866149902344 -327.32452392578125 
v 1383.0665283203125 260.6866149902344 -327.32452392578125 
v 1376.7882080078125 114.27493286132812 -327.7735290527344 
v 1383.0694580078125 121.78319549560547 -327.7458801269531 
v 1377.555419921875 113.63340759277344 -327.7735290527344 
v 1384.0665283203125 121.41909790039062 -327.7497863769531 
v 1377.555419921875 113.63340759277344 -333.223388671875 
v 1376.7850341796875 114.26451110839844 -332.2260437011719 
v 1377.555419921875 113.63340759277344 -327.7735290527344 
v 1376.7882080078125 114.27493286132812 -327.7735290527344 
v 1384.0665283203125 260.6866149902344 -327.32452392578125 
v 1383.0665283203125 260.6866149902344 -327.32452392578125 
v 1384.0665283203125 292.98504638671875 -295.026123046875 
v 1383.0665283203125 292.98504638671875 -295.026123046875 
v 1299.975830078125 297.8853759765625 -300.0603332519531 
v 1299.975830078125 266.1700439453125 -331.7756042480469 
v 1299.975830078125 298.8839111328125 -300.4759826660156 
v 1299.975830078125 266.5854797363281 -332.7744140625 
v 1383.0665283203125 292.98504638671875 -295.026123046875 
v 1383.0699462890625 293.3852844238281 -184.0023956298828 
v 1384.0665283203125 292.98504638671875 -295.026123046875 
v 1384.0665283203125 293.3907165527344 -183.662841796875 
v 1299.975830078125 298.2895812988281 -184.18536376953125 
v 1299.975830078125 297.8853759765625 -300.0603332519531 
v 1299.975830078125 299.2895812988281 -184.1888427734375 
v 1299.975830078125 298.8839111328125 -300.4759826660156 
v 1299.975830078125 299.33294677734375 -171.7659912109375 
v 1299.975830078125 298.33294677734375 -171.76251220703125 
v 1299.975830078125 299.2895812988281 -184.1888427734375 
v 1299.975830078125 298.2895812988281 -184.18536376953125 
v 1374.210693359375 293.43408203125 -172.37185668945312 
v 1374.2081298828125 298.3354797363281 -172.35989379882812 
v 1375.00634765625 293.43408203125 -171.7659912109375 
v 1375.00634765625 299.33294677734375 -171.7659912109375 
v 1375.00634765625 299.33294677734375 -171.7659912109375 
v 1374.2081298828125 298.3354797363281 -172.35989379882812 
v 1299.975830078125 299.33294677734375 -171.7659912109375 
v 1299.975830078125 298.33294677734375 -171.76251220703125 
v 1059.98876953125 289.80303955078125 -53.911495208740234 
v 1056.164794921875 289.8030090332031 -178.5738983154297 
v 1059.98876953125 289.8030090332031 -178.5738983154297 
v 1056.164794921875 260.9742736816406 -203.14425659179688 
v 1059.98876953125 260.9742736816406 -203.14425659179688 
v 1056.164794921875 111.71487426757812 -203.1442108154297 
v 1059.98876953125 111.71487426757812 -203.1442108154297 
v 1056.164794921875 289.80303955078125 -53.911495208740234 
v 1056.164794921875 111.71489715576172 -53.91144561767578 
v 1059.98876953125 111.71489715576172 -53.91144561767578 
v 1056.164794921875 111.71487426757812 -203.1442108154297 
v 1056.164794921875 260.9742736816406 -203.14425659179688 
v 1056.164794921875 111.71489715576172 -53.91144561767578 
v 1056.164794921875 289.80303955078125 -53.911495208740234 
v 1056.164794921875 289.8030090332031 -178.5738983154297 
v 1056.164794921875 111.71489715576172 -53.91144561767578 
v 1059.98876953125 111.71487426757812 -203.1442108154297 
v 1056.164794921875 111.71487426757812 -203.1442108154297 
v 1056.164794921875 289.8030090332031 -178.5738983154297 
v 1056.164794921875 289.80303955078125 -53.911495208740234 
v 1059.98876953125 289.80303955078125 -53.911495208740234 
v 1047.3499755859375 243.7650909423828 -181.67457580566406 
v 1045.5999755859375 243.7650909423828 -178.6435089111328 
v 1045.5999755859375 243.7650909423828 -184.7056427001953 
v 1042.10009765625 243.7650909423828 -184.7056427001953 
v 1040.35009765625 243.7650909423828 -181.67457580566406 
v 1042.10009765625 243.7650909423828 -178.6435089111328 
v 1057.5504150390625 236.84445190429688 -181.67457580566406 
v 1043.269287109375 236.84445190429688 -181.67457580566406 
v 1057.5504150390625 237.95713806152344 -179.60638427734375 
v 1043.269287109375 237.95713806152344 -179.60638427734375 
v 1057.5504150390625 240.34524536132812 -179.60638427734375 
v 1043.269287109375 240.34524536132812 -179.60638427734375 
v 1043.269287109375 241.45794677734375 -181.67457580566406 
v 1057.5504150390625 241.45794677734375 -181.67457580566406 
v 1057.5504150390625 240.34524536132812 -183.74270629882812 
v 1043.269287109375 240.34524536132812 -183.74270629882812 
v 1057.5504150390625 237.95713806152344 -183.74270629882812 
v 1043.269287109375 237.95713806152344 -183.74270629882812 
v 1043.269287109375 236.84445190429688 -181.67457580566406 
v 1057.5504150390625 154.04534912109375 -181.67457580566406 
v 1057.5504150390625 155.15806579589844 -179.60638427734375 
v 1043.269287109375 154.04534912109375 -181.67453002929688 
v 1043.269287109375 155.15806579589844 -179.60638427734375 
v 1057.5504150390625 157.54617309570312 -179.60638427734375 
v 1043.269287109375 157.54617309570312 -179.60638427734375 
v 1043.269287109375 158.6588592529297 -181.67453002929688 
v 1057.5504150390625 158.6588592529297 -181.67457580566406 
v 1057.5504150390625 157.54617309570312 -183.74270629882812 
v 1043.269287109375 157.54617309570312 -183.74266052246094 
v 1057.5504150390625 155.15806579589844 -183.74270629882812 
v 1043.269287109375 155.15806579589844 -183.74266052246094 
v 1043.269287109375 154.04534912109375 -181.67453002929688 
v 1042.10009765625 152.66806030273438 -178.64346313476562 
v 1040.35009765625 152.66806030273438 -181.67457580566406 
v 1045.5999755859375 152.66806030273438 -178.64346313476562 
v 1042.10009765625 152.66806030273438 -184.7056427001953 
v 1045.5999755859375 152.66806030273438 -184.7056427001953 
v 1047.3499755859375 152.66806030273438 -181.67457580566406 
v 1057.5504150390625 155.15806579589844 -183.74270629882812 
v 1043.269287109375 154.04534912109375 -181.67453002929688 
v 1057.5504150390625 154.04534912109375 -181.67457580566406 
v 1057.5504150390625 237.95713806152344 -183.74270629882812 
v 1057.5504150390625 236.84445190429688 -181.67457580566406 
v 1043.269287109375 236.84445190429688 -181.67457580566406 
v 1047.3499755859375 243.7650909423828 -181.67457580566406 
v 1047.3499755859375 152.66806030273438 -181.67457580566406 
v 1045.5999755859375 243.7650909423828 -178.6435089111328 
v 1045.5999755859375 152.66806030273438 -178.64346313476562 
v 1042.10009765625 243.7650909423828 -178.6435089111328 
v 1042.10009765625 152.66806030273438 -178.64346313476562 
v 1040.35009765625 243.7650909423828 -181.67457580566406 
v 1040.35009765625 152.66806030273438 -181.67457580566406 
v 1042.10009765625 243.7650909423828 -184.7056427001953 
v 1042.10009765625 152.66806030273438 -184.7056427001953 
v 1045.5999755859375 243.7650909423828 -184.7056427001953 
v 1045.5999755859375 152.66806030273438 -184.7056427001953 
v 1047.3499755859375 243.7650909423828 -181.67457580566406 
v 1047.3499755859375 152.66806030273438 -181.67457580566406 
v 1056.164794921875 289.80303955078125 -53.911495208740234 
v 1059.98876953125 289.80303955078125 -53.911495208740234 
v 1059.98876953125 111.71489715576172 -53.91144561767578 
v 1056.164794921875 111.71489715576172 -53.91144561767578 
v 1059.98876953125 111.71487426757812 -203.1442108154297 
v 1059.98876953125 111.71489715576172 -53.91144561767578 
v 1059.98876953125 288.80303955078125 -54.91151809692383 
v 1059.98876953125 288.8030090332031 -178.11227416992188 
v 1057.0771484375 288.728271484375 -178.07774353027344 
v 1057.079345703125 260.5772399902344 -202.06622314453125 
v 1059.98876953125 260.60595703125 -202.1442413330078 
v 1057.1646728515625 112.71487426757812 -202.1442413330078 
v 1059.98876953125 112.71487426757812 -202.1442413330078 
v 1057.1646728515625 288.80303955078125 -54.91151809692383 
v 1057.1646728515625 112.71489715576172 -54.911468505859375 
v 1059.98876953125 112.71489715576172 -54.911468505859375 
v 1057.1646728515625 112.71487426757812 -202.1442413330078 
v 1057.079345703125 260.5772399902344 -202.06622314453125 
v 1057.1646728515625 112.71489715576172 -54.911468505859375 
v 1057.1646728515625 288.80303955078125 -54.91151809692383 
v 1057.0771484375 288.728271484375 -178.07774353027344 
v 1057.1646728515625 112.71489715576172 -54.911468505859375 
v 1059.98876953125 112.71487426757812 -202.1442413330078 
v 1057.1646728515625 112.71487426757812 -202.1442413330078 
v 1057.0771484375 288.728271484375 -178.07774353027344 
v 1057.1646728515625 288.80303955078125 -54.91151809692383 
v 1059.98876953125 288.80303955078125 -54.91151809692383 
v 1057.1646728515625 288.80303955078125 -54.91151809692383 
v 1059.98876953125 288.80303955078125 -54.91151809692383 
v 1059.98876953125 112.71489715576172 -54.911468505859375 
v 1057.1646728515625 112.71489715576172 -54.911468505859375 
v 1059.98876953125 112.71487426757812 -202.1442413330078 
v 1059.98876953125 112.71489715576172 -54.911468505859375 
v 1059.98876953125 111.71489715576172 -53.91144561767578 
v 1059.98876953125 112.71489715576172 -54.911468505859375 
v 1059.98876953125 289.80303955078125 -53.911495208740234 
v 1059.98876953125 288.80303955078125 -54.91151809692383 
v 1059.98876953125 111.71489715576172 -53.91144561767578 
v 1059.98876953125 111.71487426757812 -203.1442108154297 
v 1059.98876953125 112.71489715576172 -54.911468505859375 
v 1059.98876953125 112.71487426757812 -202.1442413330078 
v 1059.98876953125 111.71487426757812 -203.1442108154297 
v 1059.98876953125 260.9742736816406 -203.14425659179688 
v 1059.98876953125 112.71487426757812 -202.1442413330078 
v 1059.98876953125 260.60595703125 -202.1442413330078 
v 1059.98876953125 289.80303955078125 -53.911495208740234 
v 1059.98876953125 288.80303955078125 -54.91151809692383 
v 1059.98876953125 289.8030090332031 -178.5738983154297 
v 1059.98876953125 288.8030090332031 -178.11227416992188 
v 1059.98876953125 260.9742736816406 -203.14425659179688 
v 1059.98876953125 260.60595703125 -202.1442413330078 
v 1389.4552001953125 289.80303955078125 -53.911495208740234 
v 1393.279296875 289.8030090332031 -178.5738983154297 
v 1389.4552001953125 289.8030090332031 -178.5738983154297 
v 1393.279296875 260.9742736816406 -203.14425659179688 
v 1389.4552001953125 260.9742736816406 -203.14425659179688 
v 1393.279296875 111.71487426757812 -203.1442108154297 
v 1389.4552001953125 111.71487426757812 -203.1442108154297 
v 1393.279296875 111.71489715576172 -53.911495208740234 
v 1389.4552001953125 111.71489715576172 -53.911495208740234 
v 1393.279296875 289.80303955078125 -53.911495208740234 
v 1389.4552001953125 289.80303955078125 -53.911495208740234 
v 1393.279296875 111.71487426757812 -203.1442108154297 
v 1393.279296875 111.71489715576172 -53.911495208740234 
v 1393.279296875 260.9742736816406 -203.14425659179688 
v 1393.279296875 289.80303955078125 -53.911495208740234 
v 1393.279296875 289.8030090332031 -178.5738983154297 
v 1393.279296875 111.71489715576172 -53.911495208740234 
v 1389.4552001953125 111.71487426757812 -203.1442108154297 
v 1393.279296875 111.71487426757812 -203.1442108154297 
v 1393.279296875 289.8030090332031 -178.5738983154297 
v 1393.279296875 289.80303955078125 -53.911495208740234 
v 1389.4552001953125 289.80303955078125 -53.911495208740234 
v 1402.093994140625 243.7650909423828 -181.67462158203125 
v 1403.843994140625 243.7650909423828 -178.6435089111328 
v 1403.843994140625 243.7650909423828 -184.7056884765625 
v 1407.343994140625 243.7650909423828 -184.7056884765625 
v 1409.093994140625 243.7650909423828 -181.67462158203125 
v 1407.343994140625 243.7650909423828 -178.6435089111328 
v 1391.8934326171875 236.84445190429688 -181.67462158203125 
v 1406.1746826171875 236.84445190429688 -181.67457580566406 
v 1391.8935546875 237.95713806152344 -179.60638427734375 
v 1406.1748046875 237.95713806152344 -179.60638427734375 
v 1391.8935546875 240.34524536132812 -179.60638427734375 
v 1406.1748046875 240.34524536132812 -179.60638427734375 
v 1406.1746826171875 241.45794677734375 -181.67457580566406 
v 1391.8934326171875 241.45794677734375 -181.67462158203125 
v 1391.8935546875 240.34524536132812 -183.74276733398438 
v 1406.1748046875 240.34524536132812 -183.74270629882812 
v 1391.8935546875 237.95713806152344 -183.74276733398438 
v 1406.1748046875 237.95713806152344 -183.74270629882812 
v 1406.1746826171875 236.84445190429688 -181.67457580566406 
v 1391.8934326171875 154.04534912109375 -181.67462158203125 
v 1391.8935546875 155.15806579589844 -179.60638427734375 
v 1406.1746826171875 154.04534912109375 -181.67453002929688 
v 1406.1748046875 155.15806579589844 -179.60638427734375 
v 1391.8935546875 157.54617309570312 -179.60638427734375 
v 1406.1748046875 157.54617309570312 -179.60638427734375 
v 1406.1746826171875 158.6588592529297 -181.67453002929688 
v 1391.8934326171875 158.6588592529297 -181.67462158203125 
v 1391.8935546875 157.54617309570312 -183.74276733398438 
v 1406.1748046875 157.54617309570312 -183.74266052246094 
v 1391.8935546875 155.15806579589844 -183.74276733398438 
v 1406.1748046875 155.15806579589844 -183.74266052246094 
v 1406.1746826171875 154.04534912109375 -181.67453002929688 
v 1407.343994140625 152.66806030273438 -178.64346313476562 
v 1409.093994140625 152.66806030273438 -181.67462158203125 
v 1403.843994140625 152.66806030273438 -178.64346313476562 
v 1407.343994140625 152.66806030273438 -184.7056884765625 
v 1403.843994140625 152.66806030273438 -184.7056884765625 
v 1402.093994140625 152.66806030273438 -181.67462158203125 
v 1391.8935546875 155.15806579589844 -183.74276733398438 
v 1406.1746826171875 154.04534912109375 -181.67453002929688 
v 1391.8934326171875 154.04534912109375 -181.67462158203125 
v 1391.8935546875 237.95713806152344 -183.74276733398438 
v 1391.8934326171875 236.84445190429688 -181.67462158203125 
v 1406.1746826171875 236.84445190429688 -181.67457580566406 
v 1402.093994140625 243.7650909423828 -181.67462158203125 
v 1402.093994140625 152.66806030273438 -181.67462158203125 
v 1403.843994140625 243.7650909423828 -178.6435089111328 
v 1403.843994140625 152.66806030273438 -178.64346313476562 
v 1407.343994140625 243.7650909423828 -178.6435089111328 
v 1407.343994140625 152.66806030273438 -178.64346313476562 
v 1409.093994140625 243.7650909423828 -181.67462158203125 
v 1409.093994140625 152.66806030273438 -181.67462158203125 
v 1407.343994140625 243.7650909423828 -184.7056884765625 
v 1407.343994140625 152.66806030273438 -184.7056884765625 
v 1403.843994140625 243.7650909423828 -184.7056884765625 
v 1403.843994140625 152.66806030273438 -184.7056884765625 
v 1402.093994140625 243.7650909423828 -181.67462158203125 
v 1402.093994140625 152.66806030273438 -181.67462158203125 
v 1393.279296875 111.71489715576172 -53.911495208740234 
v 1389.4552001953125 111.71489715576172 -53.911495208740234 
v 1389.4552001953125 111.71487426757812 -203.1442108154297 
v 1389.4552001953125 288.80303955078125 -54.91151809692383 
v 1392.3668212890625 288.728271484375 -178.07774353027344 
v 1389.4552001953125 288.8030090332031 -178.11227416992188 
v 1392.36474609375 260.5772399902344 -202.06622314453125 
v 1389.4552001953125 260.60595703125 -202.144287109375 
v 1392.279296875 112.71487426757812 -202.144287109375 
v 1389.4552001953125 112.71487426757812 -202.144287109375 
v 1392.279296875 288.80303955078125 -54.91151809692383 
v 1392.279296875 112.71489715576172 -54.911468505859375 
v 1389.4552001953125 112.71489715576172 -54.911468505859375 
v 1392.279296875 112.71487426757812 -202.144287109375 
v 1392.36474609375 260.5772399902344 -202.06622314453125 
v 1392.279296875 112.71489715576172 -54.911468505859375 
v 1392.279296875 288.80303955078125 -54.91151809692383 
v 1392.3668212890625 288.728271484375 -178.07774353027344 
v 1392.279296875 112.71489715576172 -54.911468505859375 
v 1389.4552001953125 112.71487426757812 -202.144287109375 
v 1392.279296875 112.71487426757812 -202.144287109375 
v 1392.3668212890625 288.728271484375 -178.07774353027344 
v 1392.279296875 288.80303955078125 -54.91151809692383 
v 1389.4552001953125 288.80303955078125 -54.91151809692383 
v 1392.279296875 288.80303955078125 -54.91151809692383 
v 1389.4552001953125 288.80303955078125 -54.91151809692383 
v 1389.4552001953125 112.71489715576172 -54.911468505859375 
v 1392.279296875 112.71489715576172 -54.911468505859375 
v 1389.4552001953125 112.71487426757812 -202.144287109375 
v 1389.4552001953125 112.71489715576172 -54.911468505859375 
v 1389.4552001953125 111.71489715576172 -53.911495208740234 
v 1389.4552001953125 112.71489715576172 -54.911468505859375 
v 1389.4552001953125 289.80303955078125 -53.911495208740234 
v 1389.4552001953125 288.80303955078125 -54.91151809692383 
v 1389.4552001953125 112.71487426757812 -202.144287109375 
v 1389.4552001953125 112.71489715576172 -54.911468505859375 
v 1389.4552001953125 111.71487426757812 -203.1442108154297 
v 1389.4552001953125 111.71489715576172 -53.911495208740234 
v 1389.4552001953125 111.71487426757812 -203.1442108154297 
v 1389.4552001953125 260.9742736816406 -203.14425659179688 
v 1389.4552001953125 112.71487426757812 -202.144287109375 
v 1389.4552001953125 260.60595703125 -202.144287109375 
v 1389.4552001953125 260.9742736816406 -203.14425659179688 
v 1389.4552001953125 288.8030090332031 -178.11227416992188 
v 1389.4552001953125 289.8030090332031 -178.5738983154297 
v 1389.4552001953125 288.80303955078125 -54.91151809692383 
v 1389.4552001953125 289.80303955078125 -53.911495208740234 
v 1143.0340576171875 249.74961853027344 -347.5973815917969 
v 1143.0340576171875 249.74961853027344 -344.097412109375 
v 1140.0030517578125 249.74961853027344 -349.3473815917969 
v 1136.9718017578125 249.74961853027344 -347.5973815917969 
v 1136.9718017578125 249.74961853027344 -344.097412109375 
v 1140.0030517578125 249.74961853027344 -342.347412109375 
v 1140.0030517578125 242.82896423339844 -346.4281311035156 
v 1137.934814453125 243.94166564941406 -346.4281921386719 
v 1137.934814453125 243.94163513183594 -332.1470031738281 
v 1137.934814453125 246.3297576904297 -332.1470031738281 
v 1137.934814453125 246.3297882080078 -346.4281921386719 
v 1140.0030517578125 247.4424591064453 -346.4281311035156 
v 1140.0030517578125 247.44244384765625 -332.1469421386719 
v 1142.0711669921875 246.3297576904297 -332.1470031738281 
v 1142.0711669921875 246.3297882080078 -346.4281921386719 
v 1142.0711669921875 243.94163513183594 -332.1470031738281 
v 1142.0711669921875 243.94166564941406 -346.4281921386719 
v 1140.0030517578125 242.82896423339844 -346.4281311035156 
v 1140.0030517578125 242.82894897460938 -332.1469421386719 
v 1140.0030517578125 164.64334106445312 -346.4281005859375 
v 1142.0711669921875 163.53065490722656 -332.14703369140625 
v 1142.0711669921875 163.53065490722656 -346.4281921386719 
v 1142.0711669921875 161.14254760742188 -332.14703369140625 
v 1142.0711669921875 161.14254760742188 -346.4281921386719 
v 1140.0030517578125 160.0298309326172 -346.4281005859375 
v 1140.0030517578125 160.02984619140625 -332.1469421386719 
v 1137.934814453125 161.14254760742188 -332.14703369140625 
v 1137.934814453125 161.14254760742188 -346.4281921386719 
v 1137.934814453125 163.53065490722656 -332.14703369140625 
v 1137.934814453125 163.53065490722656 -346.4281921386719 
v 1140.0030517578125 164.64334106445312 -346.4281005859375 
v 1140.0030517578125 164.6433563232422 -332.1469421386719 
v 1140.0030517578125 158.6525421142578 -342.3474426269531 
v 1136.9718017578125 158.6525421142578 -344.097412109375 
v 1143.0340576171875 158.6525421142578 -344.097412109375 
v 1136.9718017578125 158.6525421142578 -347.597412109375 
v 1140.0030517578125 158.6525421142578 -349.347412109375 
v 1143.0340576171875 158.6525421142578 -347.597412109375 
v 1137.934814453125 243.94163513183594 -332.1470031738281 
v 1140.0030517578125 242.82894897460938 -332.1469421386719 
v 1140.0030517578125 242.82896423339844 -346.4281311035156 
v 1142.0711669921875 163.53065490722656 -332.14703369140625 
v 1140.0030517578125 164.64334106445312 -346.4281005859375 
v 1140.0030517578125 164.6433563232422 -332.1469421386719 
v 1065.916015625 298.8839111328125 -300.4759826660156 
v 1065.916015625 292.98504638671875 -295.026123046875 
v 1065.916015625 266.5854797363281 -332.7744140625 
v 1065.916015625 260.6866149902344 -327.32452392578125 
v 1065.916015625 298.8839111328125 -300.4759826660156 
v 1065.916015625 299.2892150878906 -184.29879760742188 
v 1065.916015625 292.98504638671875 -295.026123046875 
v 1065.916015625 293.3903503417969 -183.76812744140625 
v 1075.6885986328125 299.33294677734375 -171.7659912109375 
v 1150.0068359375 299.33294677734375 -171.7659912109375 
v 1075.6885986328125 299.33294677734375 -171.7659912109375 
v 1150.0068359375 299.2892150878906 -184.29879760742188 
v 1065.916015625 299.2892150878906 -184.29879760742188 
v 1150.0068359375 298.8839111328125 -300.4759826660156 
v 1065.916015625 266.5854797363281 -332.7744140625 
v 1065.916015625 121.78032684326172 -333.199462890625 
v 1065.916015625 260.6866149902344 -327.32452392578125 
v 1065.916015625 121.46611022949219 -327.74969482421875 
v 1072.74560546875 113.63340759277344 -333.223388671875 
v 1072.74560546875 113.63340759277344 -327.7735290527344 
v 1065.916015625 266.5854797363281 -332.7744140625 
v 1065.916015625 121.78032684326172 -333.199462890625 
v 1150.0068359375 266.5854797363281 -332.7744140625 
v 1150.0068359375 121.78032684326172 -333.199462890625 
v 1072.74560546875 113.63340759277344 -333.223388671875 
v 1150.0068359375 266.5854797363281 -332.7744140625 
v 1150.0068359375 298.8839111328125 -300.4759826660156 
v 1065.916015625 266.5854797363281 -332.7744140625 
v 1065.916015625 298.8839111328125 -300.4759826660156 
v 1140.0030517578125 158.6525421142578 -342.3474426269531 
v 1140.0030517578125 249.74961853027344 -342.347412109375 
v 1143.0340576171875 158.6525421142578 -344.097412109375 
v 1143.0340576171875 249.74961853027344 -344.097412109375 
v 1143.0340576171875 158.6525421142578 -347.597412109375 
v 1143.0340576171875 249.74961853027344 -347.5973815917969 
v 1140.0030517578125 158.6525421142578 -349.347412109375 
v 1140.0030517578125 249.74961853027344 -349.3473815917969 
v 1136.9718017578125 158.6525421142578 -347.597412109375 
v 1136.9718017578125 249.74961853027344 -347.5973815917969 
v 1136.9718017578125 158.6525421142578 -344.097412109375 
v 1136.9718017578125 249.74961853027344 -344.097412109375 
v 1140.0030517578125 158.6525421142578 -342.3474426269531 
v 1140.0030517578125 249.74961853027344 -342.347412109375 
v 1072.74560546875 113.63340759277344 -333.223388671875 
v 1150.0068359375 113.63340759277344 -333.223388671875 
v 1150.0068359375 121.78032684326172 -333.199462890625 
v 1065.916015625 299.2892150878906 -184.29879760742188 
v 1150.0068359375 298.8839111328125 -300.4759826660156 
v 1065.916015625 298.8839111328125 -300.4759826660156 
v 1075.6885986328125 299.33294677734375 -171.7659912109375 
v 1075.6885986328125 293.43408203125 -171.7659912109375 
v 1065.916015625 293.3903503417969 -183.76812744140625 
v 1066.828857421875 297.80816650390625 -300.0281677246094 
v 1066.9161376953125 292.98504638671875 -295.026123046875 
v 1066.828857421875 266.137939453125 -331.69842529296875 
v 1066.9161376953125 260.6866149902344 -327.32452392578125 
v 1076.4669189453125 298.33538818359375 -172.38540649414062 
v 1066.9124755859375 293.38427734375 -184.1260986328125 
v 1066.971435546875 298.3692321777344 -184.64889526367188 
v 1066.9161376953125 292.98504638671875 -295.026123046875 
v 1066.828857421875 297.80816650390625 -300.0281677246094 
v 1150.0068359375 297.8853759765625 -300.0603332519531 
v 1066.971435546875 298.3692321777344 -184.64889526367188 
v 1150.0068359375 298.2892150878906 -184.29531860351562 
v 1076.4669189453125 298.33538818359375 -172.38540649414062 
v 1150.0068359375 298.33294677734375 -171.76251220703125 
v 1066.97900390625 122.15757751464844 -332.2818298339844 
v 1066.828857421875 266.137939453125 -331.69842529296875 
v 1066.9161376953125 260.6866149902344 -327.32452392578125 
v 1073.502685546875 114.28018951416016 -332.2260437011719 
v 1066.97900390625 122.15757751464844 -332.2818298339844 
v 1150.0068359375 121.77738952636719 -332.19952392578125 
v 1150.0068359375 266.1700439453125 -331.7756042480469 
v 1066.828857421875 266.137939453125 -331.69842529296875 
v 1150.0068359375 266.1700439453125 -331.7756042480469 
v 1066.828857421875 266.137939453125 -331.69842529296875 
v 1150.0068359375 297.8853759765625 -300.0603332519531 
v 1066.828857421875 297.80816650390625 -300.0281677246094 
v 1073.502685546875 114.28018951416016 -332.2260437011719 
v 1150.0068359375 121.77738952636719 -332.19952392578125 
v 1150.0068359375 113.6304702758789 -332.22344970703125 
v 1066.971435546875 298.3692321777344 -184.64889526367188 
v 1066.828857421875 297.80816650390625 -300.0281677246094 
v 1150.0068359375 297.8853759765625 -300.0603332519531 
v 1076.4669189453125 298.33538818359375 -172.38540649414062 
v 1066.9124755859375 293.38427734375 -184.1260986328125 
v 1076.4639892578125 293.43408203125 -172.39743041992188 
v 1065.916015625 260.6866149902344 -327.32452392578125 
v 1066.9161376953125 292.98504638671875 -295.026123046875 
v 1065.916015625 292.98504638671875 -295.026123046875 
v 1066.9161376953125 260.6866149902344 -327.32452392578125 
v 1072.74560546875 113.63340759277344 -327.7735290527344 
v 1073.502685546875 114.28018951416016 -332.2260437011719 
v 1073.499267578125 114.29059600830078 -327.7735290527344 
v 1072.74560546875 113.63340759277344 -333.223388671875 
v 1150.0068359375 299.33294677734375 -171.7659912109375 
v 1076.4669189453125 298.33538818359375 -172.38540649414062 
v 1150.0068359375 298.33294677734375 -171.76251220703125 
v 1075.6885986328125 299.33294677734375 -171.7659912109375 
v 1150.0068359375 121.78032684326172 -333.199462890625 
v 1150.0068359375 113.6304702758789 -332.22344970703125 
v 1150.0068359375 113.63340759277344 -333.223388671875 
v 1150.0068359375 121.77738952636719 -332.19952392578125 
v 1150.0068359375 121.78032684326172 -333.199462890625 
v 1150.0068359375 266.1700439453125 -331.7756042480469 
v 1150.0068359375 266.5854797363281 -332.7744140625 
v 1073.502685546875 114.28018951416016 -332.2260437011719 
v 1066.97900390625 122.15757751464844 -332.2818298339844 
v 1066.9130859375 121.84196472167969 -327.7454833984375 
v 1066.9161376953125 260.6866149902344 -327.32452392578125 
v 1065.916015625 260.6866149902344 -327.32452392578125 
v 1065.916015625 121.46611022949219 -327.74969482421875 
v 1072.74560546875 113.63340759277344 -327.7735290527344 
v 1073.499267578125 114.29059600830078 -327.7735290527344 
v 1150.0068359375 299.33294677734375 -171.7659912109375 
v 1150.0068359375 299.2892150878906 -184.29879760742188 
v 1150.0068359375 298.33294677734375 -171.76251220703125 
v 1150.0068359375 298.2892150878906 -184.29531860351562 
v 1150.0068359375 297.8853759765625 -300.0603332519531 
v 1150.0068359375 298.8839111328125 -300.4759826660156 
v 1072.74560546875 113.63340759277344 -333.223388671875 
v 1073.502685546875 114.28018951416016 -332.2260437011719 
v 1150.0068359375 113.63340759277344 -333.223388671875 
v 1150.0068359375 113.6304702758789 -332.22344970703125 
v 1076.4639892578125 293.43408203125 -172.39743041992188 
v 1066.9124755859375 293.38427734375 -184.1260986328125 
v 1075.6885986328125 293.43408203125 -171.7659912109375 
v 1065.916015625 293.3903503417969 -183.76812744140625 
v 1075.6885986328125 299.33294677734375 -171.7659912109375 
v 1076.4669189453125 298.33538818359375 -172.38540649414062 
v 1075.6885986328125 293.43408203125 -171.7659912109375 
v 1076.4639892578125 293.43408203125 -172.39743041992188 
v 1150.0068359375 266.5854797363281 -332.7744140625 
v 1150.0068359375 266.1700439453125 -331.7756042480469 
v 1150.0068359375 298.8839111328125 -300.4759826660156 
v 1150.0068359375 297.8853759765625 -300.0603332519531 
v 1065.916015625 293.3903503417969 -183.76812744140625 
v 1066.9124755859375 293.38427734375 -184.1260986328125 
v 1065.916015625 292.98504638671875 -295.026123046875 
v 1066.9161376953125 292.98504638671875 -295.026123046875 
v 1059.76806640625 110.99718475341797 504.03021240234375 
v 1059.76806640625 261.69189453125 504.03033447265625 
v 1148.9781494140625 110.99718475341797 504.03021240234375 
v 1148.9781494140625 261.69189453125 504.03033447265625 
v 1059.76806640625 34.4980583190918 181.6487274169922 
v 1059.76806640625 304.2339782714844 181.6487274169922 
v 987.6263427734375 34.498050689697266 181.6487274169922 
v 987.6262817382812 337.1293029785156 181.6487274169922 
v 1224.6116943359375 337.1293029785156 181.6487274169922 
v 1224.6116943359375 304.2339782714844 181.6487274169922 
v 1389.4552001953125 304.2340087890625 181.6487274169922 
v 1461.596923828125 337.12933349609375 181.6487274169922 
v 1461.596923828125 34.49809265136719 181.6487274169922 
v 1389.4552001953125 34.498085021972656 181.6487274169922 
v 1053.9400634765625 34.49800491333008 504.03021240234375 
v 1053.9400634765625 34.49800109863281 535.3688354492188 
v 1082.233642578125 34.49800491333008 504.03021240234375 
v 1148.9781494140625 34.498008728027344 514.2319946289062 
v 1224.6116943359375 34.498016357421875 504.03021240234375 
v 1224.6116943359375 34.498016357421875 514.2319946289062 
v 1300.2452392578125 34.498023986816406 514.2319946289062 
v 1366.98974609375 34.49803161621094 504.03021240234375 
v 1224.6116943359375 26.687395095825195 471.8069152832031 
v 1082.1522216796875 26.6873836517334 471.8069152832031 
v 1148.9781494140625 8.054631233215332 471.8069152832031 
v 1082.1522216796875 0.5044410824775696 471.8069152832031 
v 1148.9781494140625 0.5044469833374023 471.8069152832031 
v 1061.9473876953125 34.49799728393555 543.3760375976562 
v 1139.4111328125 34.49800491333008 543.3760375976562 
v 1148.9781494140625 34.49800491333008 533.80908203125 
v 1224.6116943359375 8.054637908935547 471.8069152832031 
v 1300.2452392578125 8.054644584655762 471.8069152832031 
v 1367.0711669921875 26.687408447265625 471.8069152832031 
v 1367.0711669921875 0.5044660568237305 471.8069152832031 
v 1300.2452392578125 0.5044602155685425 471.8069152832031 
v 1395.283203125 34.49803161621094 504.03021240234375 
v 1395.283203125 34.49803161621094 535.3688354492188 
v 1387.2760009765625 34.498023986816406 543.3760375976562 
v 1309.8121337890625 34.498016357421875 543.3760375976562 
v 1300.2452392578125 34.498016357421875 533.80908203125 
v 1148.9781494140625 110.99717712402344 533.80908203125 
v 1139.4111328125 110.99718475341797 543.3761596679688 
v 1148.9781494140625 110.99718475341797 514.2320556640625 
v 1061.9473876953125 110.99717712402344 543.3761596679688 
v 1053.9400634765625 110.99716186523438 535.368896484375 
v 1059.76806640625 110.99718475341797 504.03021240234375 
v 1148.9781494140625 110.99718475341797 504.03021240234375 
v 1224.6116943359375 110.99718475341797 514.2320556640625 
v 1224.6116943359375 110.99720001220703 489.58282470703125 
v 1300.2452392578125 110.99720001220703 504.03021240234375 
v 1300.2452392578125 110.9972152709961 489.58282470703125 
v 1148.9781494140625 110.99720001220703 489.58282470703125 
v 1300.2452392578125 110.99720001220703 514.2320556640625 
v 1389.4552001953125 110.9972152709961 504.03021240234375 
v 1395.283203125 110.99720001220703 535.368896484375 
v 1389.4552001953125 110.99723815917969 359.98486328125 
v 1395.283203125 110.99726104736328 222.01919555664062 
v 1387.27587890625 110.99720001220703 543.3761596679688 
v 1309.8121337890625 110.99720001220703 543.3761596679688 
v 1300.2452392578125 110.99718475341797 533.80908203125 
v 1059.76806640625 110.99720001220703 359.98486328125 
v 1053.9400634765625 110.99722290039062 222.01919555664062 
v 1059.76806640625 110.99722290039062 222.01919555664062 
v 1148.9781494140625 110.99718475341797 514.2320556640625 
v 1148.9781494140625 110.99717712402344 533.80908203125 
v 1148.9781494140625 34.498008728027344 514.2319946289062 
v 1148.9781494140625 34.49800491333008 533.80908203125 
v 1139.4111328125 110.99718475341797 543.3761596679688 
v 1139.4111328125 34.49800491333008 543.3760375976562 
v 1061.9473876953125 110.99717712402344 543.3761596679688 
v 1061.9473876953125 34.49799728393555 543.3760375976562 
v 1053.9400634765625 110.99716186523438 535.368896484375 
v 1053.9400634765625 34.49800109863281 535.3688354492188 
v 1053.9400634765625 60.79460525512695 504.03033447265625 
v 1053.9400634765625 34.49800491333008 504.03021240234375 
v 1053.9400634765625 87.09119415283203 504.03021240234375 
v 1053.9400634765625 110.99722290039062 222.01919555664062 
v 1059.76806640625 290.7978210449219 474.92437744140625 
v 1148.9781494140625 290.7978210449219 474.92437744140625 
v 1059.76806640625 261.69189453125 504.03033447265625 
v 1148.9781494140625 261.69189453125 504.03033447265625 
v 987.6263427734375 34.498043060302734 222.01919555664062 
v 987.6263427734375 34.498050689697266 181.6487274169922 
v 987.6262817382812 290.79791259765625 222.01919555664062 
v 987.6262817382812 337.1293029785156 181.6487274169922 
v 987.6262817382812 337.1292724609375 348.4718322753906 
v 987.6262817382812 290.7978515625 348.47174072265625 
v 987.6263427734375 34.498050689697266 181.6487274169922 
v 1059.76806640625 34.4980583190918 181.6487274169922 
v 987.6263427734375 34.498043060302734 222.01919555664062 
v 1082.0706787109375 34.498050689697266 222.01919555664062 
v 1082.0706787109375 34.49807357788086 88.52558135986328 
v 1059.76806640625 34.498069763183594 88.52558135986328 
v 1059.76806640625 110.99722290039062 222.01919555664062 
v 1059.76806640625 290.79791259765625 222.01919555664062 
v 1053.9400634765625 110.99722290039062 222.01919555664062 
v 987.6262817382812 290.79791259765625 222.01919555664062 
v 987.6263427734375 34.498043060302734 222.01919555664062 
v 1053.9400634765625 87.09123992919922 222.01919555664062 
v 1082.0706787109375 34.498050689697266 222.01919555664062 
v 1082.233642578125 60.79465103149414 222.01919555664062 
v 1000.3049926757812 304.23394775390625 352.6919250488281 
v 1059.76806640625 304.23394775390625 352.6919250488281 
v 1000.3049926757812 304.23394775390625 348.47174072265625 
v 1059.76806640625 304.23394775390625 348.47174072265625 
v 1148.97802734375 304.2339782714844 348.47174072265625 
v 1224.6116943359375 304.2339782714844 352.6919250488281 
v 1224.6116943359375 304.2339782714844 348.47174072265625 
v 1300.2452392578125 304.2339782714844 348.47174072265625 
v 1389.4552001953125 304.2340087890625 352.6919250488281 
v 1389.4552001953125 304.2340087890625 348.47174072265625 
v 1448.918212890625 304.2340087890625 348.47174072265625 
v 1448.918212890625 304.2340087890625 352.6919250488281 
v 1059.76806640625 337.1293029785156 374.67242431640625 
v 1224.6116943359375 337.12933349609375 374.67242431640625 
v 1059.76806640625 316.0143737792969 374.67230224609375 
v 1224.6116943359375 316.0143737792969 374.67230224609375 
v 1389.455078125 316.0143737792969 374.67230224609375 
v 1389.455078125 337.12933349609375 374.67242431640625 
v 1000.3049926757812 337.1292724609375 348.4718322753906 
v 987.6262817382812 337.1292724609375 348.4718322753906 
v 1000.3049926757812 304.23394775390625 348.47174072265625 
v 987.6262817382812 290.7978515625 348.47174072265625 
v 1059.76806640625 290.7978515625 348.47174072265625 
v 1059.76806640625 304.23394775390625 348.47174072265625 
v 1148.9781494140625 290.8412780761719 348.47174072265625 
v 1148.97802734375 304.2339782714844 348.47174072265625 
v 1224.6116943359375 304.2339782714844 348.47174072265625 
v 1224.6116943359375 276.4844055175781 348.47174072265625 
v 1300.2452392578125 290.8412780761719 348.47174072265625 
v 1300.2452392578125 276.4844055175781 348.47174072265625 
v 1148.9781494140625 276.4844055175781 348.47174072265625 
v 1300.2452392578125 304.2339782714844 348.47174072265625 
v 1389.4552001953125 304.2340087890625 348.47174072265625 
v 1389.4552001953125 290.79791259765625 348.47174072265625 
v 1448.918212890625 304.2340087890625 348.47174072265625 
v 1461.596923828125 290.79791259765625 348.47174072265625 
v 1461.596923828125 337.12933349609375 348.4718322753906 
v 1448.918212890625 337.12933349609375 348.4718322753906 
v 1000.3049926757812 337.1292724609375 352.6919250488281 
v 1000.3049926757812 337.1292724609375 348.4718322753906 
v 1059.76806640625 337.1292724609375 352.6919250488281 
v 987.6262817382812 337.1292724609375 348.4718322753906 
v 987.6262817382812 337.1293029785156 181.6487274169922 
v 1224.6116943359375 337.1293029785156 181.6487274169922 
v 1224.6116943359375 337.12933349609375 374.67242431640625 
v 1389.455078125 337.12933349609375 352.6919250488281 
v 1389.455078125 337.12933349609375 374.67242431640625 
v 1059.76806640625 337.1293029785156 374.67242431640625 
v 1461.596923828125 337.12933349609375 181.6487274169922 
v 1461.596923828125 337.12933349609375 348.4718322753906 
v 1448.918212890625 337.12933349609375 348.4718322753906 
v 1448.918212890625 337.12933349609375 352.6919250488281 
v 1082.233642578125 34.49800491333008 504.03021240234375 
v 1082.233642578125 60.79460525512695 504.03033447265625 
v 1082.1522216796875 26.6873836517334 471.8069152832031 
v 1082.233642578125 60.79465103149414 222.01919555664062 
v 1082.0706787109375 34.498050689697266 222.01919555664062 
v 1082.1927490234375 8.054633140563965 422.6009521484375 
v 1082.0706787109375 8.05467414855957 170.603271484375 
v 1082.0706787109375 26.687440872192383 124.1353988647461 
v 1082.0706787109375 0.5044977068901062 124.1353988647461 
v 1082.0706787109375 0.5044901967048645 170.603271484375 
v 1082.1522216796875 0.5044410824775696 471.8069152832031 
v 1082.1927490234375 0.5044491291046143 422.6009521484375 
v 1082.0706787109375 34.49807357788086 88.52558135986328 
v 1082.0706787109375 26.68744659423828 88.52558135986328 
v 1082.0706787109375 26.68744659423828 88.52558135986328 
v 1224.6116943359375 26.687458038330078 88.52558135986328 
v 1082.0706787109375 34.49807357788086 88.52558135986328 
v 1224.6116943359375 34.498085021972656 88.52558135986328 
v 1224.6116943359375 304.2340393066406 88.52568054199219 
v 1367.1527099609375 34.49810028076172 88.52558135986328 
v 1389.4552001953125 304.2340393066406 88.52568054199219 
v 1389.4552001953125 34.49810028076172 88.52558135986328 
v 1367.1527099609375 26.687469482421875 88.52558135986328 
v 1059.76806640625 304.2340393066406 88.52568054199219 
v 1059.76806640625 34.498069763183594 88.52558135986328 
v 1059.76806640625 290.7978515625 348.47174072265625 
v 1059.76806640625 290.79791259765625 222.01919555664062 
v 987.6262817382812 290.7978515625 348.47174072265625 
v 987.6262817382812 290.79791259765625 222.01919555664062 
v 1059.76806640625 337.1293029785156 374.67242431640625 
v 1059.76806640625 316.0143737792969 374.67230224609375 
v 1059.76806640625 337.1292724609375 352.6919250488281 
v 1059.76806640625 304.23394775390625 352.6919250488281 
v 1000.3049926757812 304.23394775390625 348.47174072265625 
v 1000.3049926757812 337.1292724609375 348.4718322753906 
v 1000.3049926757812 304.23394775390625 352.6919250488281 
v 1000.3049926757812 337.1292724609375 352.6919250488281 
v 1059.76806640625 337.1292724609375 352.6919250488281 
v 1059.76806640625 304.23394775390625 352.6919250488281 
v 1000.3049926757812 337.1292724609375 352.6919250488281 
v 1000.3049926757812 304.23394775390625 352.6919250488281 
v 1053.9400634765625 87.09123992919922 222.01919555664062 
v 1059.76806640625 110.99722290039062 222.01919555664062 
v 1053.9400634765625 110.99722290039062 222.01919555664062 
v 1053.9400634765625 87.09119415283203 504.03021240234375 
v 1053.9400634765625 87.09123992919922 222.01919555664062 
v 1082.233642578125 60.79460525512695 504.03033447265625 
v 1082.233642578125 60.79465103149414 222.01919555664062 
v 1148.9781494140625 34.498008728027344 514.2319946289062 
v 1224.6116943359375 34.498016357421875 514.2319946289062 
v 1148.9781494140625 110.99718475341797 514.2320556640625 
v 1224.6116943359375 110.99718475341797 514.2320556640625 
v 1300.2452392578125 110.99720001220703 514.2320556640625 
v 1300.2452392578125 34.498023986816406 514.2319946289062 
v 1082.233642578125 34.498050689697266 222.01919555664062 
v 1082.233642578125 60.79465103149414 222.01919555664062 
v 1082.0706787109375 34.498050689697266 222.01919555664062 
v 1053.9400634765625 87.09119415283203 504.03021240234375 
v 1053.9400634765625 60.79460525512695 504.03033447265625 
v 1082.233642578125 60.79460525512695 504.03033447265625 
v 1082.233642578125 34.49800491333008 504.03021240234375 
v 1053.9400634765625 34.49800491333008 504.03021240234375 
v 1182.4473876953125 334.686279296875 294.47613525390625 
v 1182.4473876953125 334.686279296875 199.21922302246094 
v 1182.4473876953125 363.8494873046875 294.47613525390625 
v 1182.4473876953125 403.3149108886719 199.21922302246094 
v 1182.4473876953125 403.3149108886719 301.2293701171875 
v 1190.312255859375 411.1798400878906 199.21922302246094 
v 1190.312255859375 411.1797790527344 302.5751953125 
v 1224.6116943359375 411.1798400878906 302.5751953125 
v 1224.6116943359375 411.1798400878906 199.21922302246094 
v 1258.910888671875 411.1798400878906 199.21922302246094 
v 1258.910888671875 411.1798400878906 302.5751953125 
v 1266.7757568359375 403.3149719238281 301.2293701171875 
v 1266.7757568359375 403.3149719238281 302.5751953125 
v 1266.7757568359375 372.93304443359375 302.5751953125 
v 1266.7757568359375 363.8494873046875 294.47613525390625 
v 1266.7757568359375 403.3149719238281 199.21922302246094 
v 1266.7757568359375 334.686279296875 199.21922302246094 
v 1266.7757568359375 334.686279296875 294.47613525390625 
v 1182.4473876953125 372.93304443359375 302.5751953125 
v 1182.4473876953125 403.3149108886719 302.5751953125 
v 1190.312255859375 411.1798400878906 199.21922302246094 
v 1224.6116943359375 411.1798400878906 199.21922302246094 
v 1182.4473876953125 403.3149108886719 199.21922302246094 
v 1224.6116943359375 334.686279296875 199.21922302246094 
v 1182.4473876953125 334.686279296875 199.21922302246094 
v 1266.7757568359375 334.686279296875 199.21922302246094 
v 1266.7757568359375 403.3149719238281 199.21922302246094 
v 1258.910888671875 411.1798400878906 199.21922302246094 
v 1300.2452392578125 0.5045168399810791 124.1353988647461 
v 1367.1527099609375 0.5045226812362671 124.1353988647461 
v 1300.2452392578125 8.054713249206543 124.1353988647461 
v 1367.1527099609375 26.687467575073242 124.1353988647461 
v 1224.6116943359375 8.054694175720215 124.1353988647461 
v 1224.6116943359375 26.68745231628418 124.1353988647461 
v 1082.0706787109375 26.687440872192383 124.1353988647461 
v 1148.9781494140625 8.054699897766113 124.1353988647461 
v 1082.0706787109375 0.5044977068901062 124.1353988647461 
v 1148.9781494140625 0.504503607749939 124.1353988647461 
v 1082.0706787109375 26.68744659423828 88.52558135986328 
v 1224.6116943359375 26.687458038330078 88.52558135986328 
v 1082.0706787109375 26.687440872192383 124.1353988647461 
v 1224.6116943359375 26.68745231628418 124.1353988647461 
v 1367.1527099609375 26.687467575073242 124.1353988647461 
v 1367.1527099609375 26.687469482421875 88.52558135986328 
v 1059.76806640625 304.2339782714844 181.6487274169922 
v 1059.76806640625 304.2340393066406 88.52568054199219 
v 1059.76806640625 34.4980583190918 181.6487274169922 
v 1059.76806640625 34.498069763183594 88.52558135986328 
v 1082.0706787109375 8.05467414855957 170.603271484375 
v 1148.9781494140625 8.054680824279785 170.603271484375 
v 1082.1927490234375 8.054633140563965 422.6009521484375 
v 1148.9781494140625 8.05463981628418 422.6009521484375 
v 1224.6116943359375 8.054694175720215 124.1353988647461 
v 1224.6116943359375 8.054637908935547 471.8069152832031 
v 1300.2452392578125 8.054652214050293 422.6009521484375 
v 1300.2452392578125 8.054644584655762 471.8069152832031 
v 1148.9781494140625 8.054699897766113 124.1353988647461 
v 1148.9781494140625 8.054631233215332 471.8069152832031 
v 1300.2452392578125 8.054713249206543 124.1353988647461 
v 1300.2452392578125 8.054694175720215 170.603271484375 
v 1367.0303955078125 8.054657936096191 422.6009521484375 
v 1367.1527099609375 8.054699897766113 170.603271484375 
v 1082.0706787109375 8.05467414855957 170.603271484375 
v 1082.0706787109375 0.5044901967048645 170.603271484375 
v 1148.9781494140625 8.054680824279785 170.603271484375 
v 1148.9781494140625 0.5044960379600525 170.603271484375 
v 1082.1522216796875 0.5044410824775696 471.8069152832031 
v 1082.1927490234375 0.5044491291046143 422.6009521484375 
v 1148.9781494140625 0.5044469833374023 471.8069152832031 
v 1148.9781494140625 0.5044549703598022 422.6009521484375 
v 1148.9781494140625 8.05463981628418 422.6009521484375 
v 1148.9781494140625 0.5044549703598022 422.6009521484375 
v 1082.1927490234375 8.054633140563965 422.6009521484375 
v 1082.1927490234375 0.5044491291046143 422.6009521484375 
v 1082.0706787109375 0.5044901967048645 170.603271484375 
v 1082.0706787109375 0.5044977068901062 124.1353988647461 
v 1148.9781494140625 0.5044960379600525 170.603271484375 
v 1148.9781494140625 0.504503607749939 124.1353988647461 
v 1148.9781494140625 8.054699897766113 124.1353988647461 
v 1148.9781494140625 8.054680824279785 170.603271484375 
v 1148.9781494140625 0.504503607749939 124.1353988647461 
v 1148.9781494140625 0.5044960379600525 170.603271484375 
v 1148.9781494140625 0.5044469833374023 471.8069152832031 
v 1148.9781494140625 0.5044549703598022 422.6009521484375 
v 1148.9781494140625 8.054631233215332 471.8069152832031 
v 1148.9781494140625 8.05463981628418 422.6009521484375 
v 1148.9781494140625 110.99718475341797 504.03021240234375 
v 1148.9781494140625 110.99720001220703 489.58282470703125 
v 1148.9781494140625 261.69189453125 504.03033447265625 
v 1148.9781494140625 261.69189453125 489.5829162597656 
v 1148.9781494140625 261.69189453125 504.03033447265625 
v 1148.9781494140625 261.69189453125 489.5829162597656 
v 1148.9781494140625 290.7978210449219 474.92437744140625 
v 1148.9781494140625 276.484375 474.92437744140625 
v 1053.9400634765625 110.99722290039062 222.01919555664062 
v 1053.9400634765625 87.09123992919922 222.01919555664062 
v 1053.9400634765625 87.09119415283203 504.03021240234375 
v 1059.76806640625 110.99720001220703 359.98486328125 
v 1059.76806640625 258.22149658203125 359.98486328125 
v 1059.76806640625 110.99718475341797 504.03021240234375 
v 1059.76806640625 261.69189453125 504.03033447265625 
v 1059.76806640625 290.7978210449219 474.92437744140625 
v 1059.76806640625 290.7978515625 348.47174072265625 
v 1059.76806640625 276.4844055175781 344.15093994140625 
v 1059.76806640625 276.48443603515625 231.4075469970703 
v 1059.76806640625 290.79791259765625 222.01919555664062 
v 1059.76806640625 110.99722290039062 222.01919555664062 
v 1059.76806640625 110.99722290039062 231.4075469970703 
v 1080.4061279296875 258.22149658203125 359.98486328125 
v 1080.4061279296875 276.4844055175781 344.15093994140625 
v 1059.76806640625 258.22149658203125 359.98486328125 
v 1059.76806640625 276.4844055175781 344.15093994140625 
v 1080.4061279296875 276.48443603515625 231.4075469970703 
v 1059.76806640625 276.48443603515625 231.4075469970703 
v 1148.9781494140625 276.484375 474.92437744140625 
v 1080.4061279296875 276.484375 474.92437744140625 
v 1148.9781494140625 276.4844055175781 348.47174072265625 
v 1148.9781494140625 276.4844665527344 109.5773696899414 
v 1080.4061279296875 276.48443603515625 109.57746887207031 
v 1224.6116943359375 276.4844055175781 348.47174072265625 
v 1224.6116943359375 276.4844665527344 109.5773696899414 
v 1300.2452392578125 276.4844665527344 109.5773696899414 
v 1300.2452392578125 276.4844055175781 348.47174072265625 
v 1368.817138671875 276.4844665527344 231.4075469970703 
v 1368.817138671875 276.48443603515625 344.15093994140625 
v 1389.4552001953125 276.48443603515625 344.15093994140625 
v 1389.4552001953125 258.2215270996094 359.98486328125 
v 1368.817138671875 258.2215270996094 359.98486328125 
v 1368.817138671875 276.4844665527344 109.57746887207031 
v 1368.817138671875 276.4844055175781 474.92437744140625 
v 1300.2452392578125 276.4844055175781 474.92437744140625 
v 1389.4552001953125 276.4844665527344 231.4075469970703 
v 1059.76806640625 110.99722290039062 222.01919555664062 
v 1059.76806640625 110.99722290039062 231.4075469970703 
v 1059.76806640625 110.99720001220703 359.98486328125 
v 1080.4061279296875 110.9972152709961 359.98486328125 
v 1080.4061279296875 110.99722290039062 231.4075469970703 
v 1059.76806640625 258.22149658203125 359.98486328125 
v 1059.76806640625 110.99720001220703 359.98486328125 
v 1080.4061279296875 258.22149658203125 359.98486328125 
v 1080.4061279296875 110.9972152709961 359.98486328125 
v 1059.76806640625 110.99722290039062 231.4075469970703 
v 1059.76806640625 276.48443603515625 231.4075469970703 
v 1080.4061279296875 110.99722290039062 231.4075469970703 
v 1080.4061279296875 276.48443603515625 231.4075469970703 
v 1080.4061279296875 276.484375 474.92437744140625 
v 1080.4061279296875 261.69189453125 489.5829162597656 
v 1148.9781494140625 276.484375 474.92437744140625 
v 1148.9781494140625 261.69189453125 489.5829162597656 
v 1080.4061279296875 261.69189453125 489.5829162597656 
v 1080.4061279296875 110.99718475341797 489.58282470703125 
v 1148.9781494140625 261.69189453125 489.5829162597656 
v 1148.9781494140625 110.99720001220703 489.58282470703125 
v 1094.7969970703125 38.03518295288086 489.58282470703125 
v 1224.6116943359375 38.035194396972656 489.58282470703125 
v 1224.6116943359375 110.99720001220703 489.58282470703125 
v 1300.2452392578125 110.9972152709961 489.58282470703125 
v 1354.4263916015625 38.03520584106445 489.58282470703125 
v 1368.8172607421875 110.9972152709961 489.58282470703125 
v 1300.2452392578125 261.69189453125 489.5829162597656 
v 1368.817138671875 261.6919250488281 489.5829162597656 
v 1080.4061279296875 261.69189453125 489.5829162597656 
v 1080.4061279296875 258.22149658203125 359.98486328125 
v 1080.4061279296875 110.99718475341797 489.58282470703125 
v 1080.4061279296875 110.9972152709961 359.98486328125 
v 1094.7969970703125 38.03518295288086 489.58282470703125 
v 1094.7969970703125 38.03524398803711 109.5773696899414 
v 1080.4061279296875 110.99722290039062 231.4075469970703 
v 1080.4061279296875 110.99724578857422 109.57746887207031 
v 1080.4061279296875 276.48443603515625 231.4075469970703 
v 1080.4061279296875 276.48443603515625 109.57746887207031 
v 1080.4061279296875 276.4844055175781 344.15093994140625 
v 1080.4061279296875 276.484375 474.92437744140625 
v 1080.4061279296875 258.22149658203125 359.98486328125 
v 1080.4061279296875 261.69189453125 489.5829162597656 
v 1094.7969970703125 38.03524398803711 109.5773696899414 
v 1094.7969970703125 38.03518295288086 489.58282470703125 
v 1224.6116943359375 38.035255432128906 109.5773696899414 
v 1224.6116943359375 38.035194396972656 489.58282470703125 
v 1354.4263916015625 38.03520584106445 489.58282470703125 
v 1354.4263916015625 38.0352668762207 109.5773696899414 
v 1151.3192138671875 304.2340087890625 199.21922302246094 
v 1151.3192138671875 383.0151672363281 199.21922302246094 
v 1224.6116943359375 304.2340087890625 199.21922302246094 
v 1224.6116943359375 383.0151672363281 199.21922302246094 
v 1297.904052734375 383.0151672363281 199.21922302246094 
v 1297.904052734375 304.2340087890625 199.21922302246094 
v 1151.3192138671875 304.2340393066406 88.52568054199219 
v 1151.3192138671875 383.0151672363281 88.52568054199219 
v 1224.6116943359375 304.2340393066406 88.52568054199219 
v 1224.6116943359375 383.0151672363281 88.52568054199219 
v 1297.904052734375 383.01519775390625 88.52568054199219 
v 1297.904052734375 304.2340393066406 88.52568054199219 
v 1151.3192138671875 383.0151672363281 199.21922302246094 
v 1151.3192138671875 383.0151672363281 88.52568054199219 
v 1224.6116943359375 383.0151672363281 199.21922302246094 
v 1224.6116943359375 383.0151672363281 88.52568054199219 
v 1297.904052734375 383.01519775390625 88.52568054199219 
v 1297.904052734375 383.0151672363281 199.21922302246094 
v 1151.3192138671875 383.0151672363281 199.21922302246094 
v 1151.3192138671875 383.0151672363281 88.52568054199219 
v 1151.3192138671875 304.2340393066406 88.52568054199219 
v 1148.9781494140625 290.8412780761719 348.47174072265625 
v 1148.9781494140625 276.4844055175781 348.47174072265625 
v 1148.9781494140625 290.7978210449219 474.92437744140625 
v 1148.9781494140625 276.484375 474.92437744140625 
v 1080.4061279296875 276.48443603515625 109.57746887207031 
v 1148.9781494140625 276.4844665527344 109.5773696899414 
v 1080.4061279296875 110.99724578857422 109.57746887207031 
v 1094.7969970703125 38.03524398803711 109.5773696899414 
v 1224.6116943359375 38.035255432128906 109.5773696899414 
v 1224.6116943359375 276.4844665527344 109.5773696899414 
v 1300.2452392578125 276.4844665527344 109.5773696899414 
v 1354.4263916015625 38.0352668762207 109.5773696899414 
v 1368.8172607421875 110.99726867675781 109.57746887207031 
v 1368.817138671875 276.4844665527344 109.57746887207031 
v 1148.9781494140625 290.7978210449219 474.92437744140625 
v 1059.76806640625 290.7978210449219 474.92437744140625 
v 1148.9781494140625 290.8412780761719 348.47174072265625 
v 1059.76806640625 290.7978515625 348.47174072265625 
v 1059.76806640625 304.2340393066406 88.52568054199219 
v 1224.6116943359375 304.2340393066406 88.52568054199219 
v 1059.76806640625 304.2339782714844 181.6487274169922 
v 1224.6116943359375 304.2339782714844 181.6487274169922 
v 1389.4552001953125 304.2340087890625 181.6487274169922 
v 1389.4552001953125 304.2340393066406 88.52568054199219 
v 1182.4473876953125 334.686279296875 294.47613525390625 
v 1182.4473876953125 363.8494873046875 294.47613525390625 
v 1224.6116943359375 334.686279296875 294.47613525390625 
v 1224.6116943359375 363.8494873046875 294.47613525390625 
v 1266.7757568359375 363.8494873046875 294.47613525390625 
v 1266.7757568359375 372.93304443359375 302.5751953125 
v 1224.6116943359375 372.93304443359375 302.5751953125 
v 1266.7757568359375 403.3149719238281 302.5751953125 
v 1258.910888671875 411.1798400878906 302.5751953125 
v 1224.6116943359375 411.1798400878906 302.5751953125 
v 1190.312255859375 411.1797790527344 302.5751953125 
v 1182.4473876953125 403.3149108886719 302.5751953125 
v 1182.4473876953125 372.93304443359375 302.5751953125 
v 1266.7757568359375 334.686279296875 294.47613525390625 
v 1389.4552001953125 110.9972152709961 504.03021240234375 
v 1300.2452392578125 110.99720001220703 504.03021240234375 
v 1389.4552001953125 261.69189453125 504.03033447265625 
v 1300.2452392578125 261.69189453125 504.03033447265625 
v 1300.2452392578125 110.99720001220703 514.2320556640625 
v 1300.2452392578125 110.99718475341797 533.80908203125 
v 1300.2452392578125 34.498023986816406 514.2319946289062 
v 1300.2452392578125 34.498016357421875 533.80908203125 
v 1309.8121337890625 110.99720001220703 543.3761596679688 
v 1309.8121337890625 34.498016357421875 543.3760375976562 
v 1387.27587890625 110.99720001220703 543.3761596679688 
v 1387.2760009765625 34.498023986816406 543.3760375976562 
v 1395.283203125 110.99720001220703 535.368896484375 
v 1395.283203125 34.49803161621094 535.3688354492188 
v 1395.283203125 60.79463195800781 504.03033447265625 
v 1395.283203125 34.49803161621094 504.03021240234375 
v 1395.283203125 87.09122467041016 504.03021240234375 
v 1395.283203125 110.99726104736328 222.01919555664062 
v 1395.283203125 87.09127044677734 222.01919555664062 
v 1389.4552001953125 290.7978515625 474.92437744140625 
v 1300.2452392578125 290.7978515625 474.92437744140625 
v 1389.4552001953125 261.69189453125 504.03033447265625 
v 1300.2452392578125 261.69189453125 504.03033447265625 
v 1461.596923828125 34.498085021972656 222.01919555664062 
v 1461.596923828125 34.49809265136719 181.6487274169922 
v 1461.596923828125 290.7979431152344 222.01919555664062 
v 1461.596923828125 337.12933349609375 181.6487274169922 
v 1461.596923828125 337.12933349609375 348.4718322753906 
v 1461.596923828125 290.79791259765625 348.47174072265625 
v 1461.596923828125 34.49809265136719 181.6487274169922 
v 1389.4552001953125 34.498085021972656 181.6487274169922 
v 1461.596923828125 34.498085021972656 222.01919555664062 
v 1367.1527099609375 34.49807357788086 222.01919555664062 
v 1367.1527099609375 34.49810028076172 88.52558135986328 
v 1389.4552001953125 34.49810028076172 88.52558135986328 
v 1389.4552001953125 110.99726104736328 222.01919555664062 
v 1389.4552001953125 290.79791259765625 222.01919555664062 
v 1395.283203125 110.99726104736328 222.01919555664062 
v 1461.596923828125 290.7979431152344 222.01919555664062 
v 1461.596923828125 34.498085021972656 222.01919555664062 
v 1395.283203125 87.09127044677734 222.01919555664062 
v 1367.1527099609375 34.49807357788086 222.01919555664062 
v 1366.98974609375 60.794673919677734 222.01919555664062 
v 1366.98974609375 34.49803161621094 504.03021240234375 
v 1367.0711669921875 26.687408447265625 471.8069152832031 
v 1366.98974609375 60.79463195800781 504.03033447265625 
v 1366.98974609375 60.794673919677734 222.01919555664062 
v 1367.1527099609375 34.49807357788086 222.01919555664062 
v 1367.0303955078125 8.054657936096191 422.6009521484375 
v 1367.1527099609375 8.054699897766113 170.603271484375 
v 1367.1527099609375 26.687467575073242 124.1353988647461 
v 1367.1527099609375 0.5045226812362671 124.1353988647461 
v 1367.1527099609375 0.5045151114463806 170.603271484375 
v 1367.0711669921875 0.5044660568237305 471.8069152832031 
v 1367.0303955078125 0.5044740438461304 422.6009521484375 
v 1367.1527099609375 34.49810028076172 88.52558135986328 
v 1367.1527099609375 26.687469482421875 88.52558135986328 
v 1389.4552001953125 290.79791259765625 348.47174072265625 
v 1389.4552001953125 290.79791259765625 222.01919555664062 
v 1461.596923828125 290.79791259765625 348.47174072265625 
v 1461.596923828125 290.7979431152344 222.01919555664062 
v 1389.455078125 337.12933349609375 374.67242431640625 
v 1389.455078125 316.0143737792969 374.67230224609375 
v 1389.455078125 337.12933349609375 352.6919250488281 
v 1389.4552001953125 304.2340087890625 352.6919250488281 
v 1448.918212890625 304.2340087890625 348.47174072265625 
v 1448.918212890625 337.12933349609375 348.4718322753906 
v 1448.918212890625 304.2340087890625 352.6919250488281 
v 1448.918212890625 337.12933349609375 352.6919250488281 
v 1389.455078125 337.12933349609375 352.6919250488281 
v 1389.4552001953125 304.2340087890625 352.6919250488281 
v 1448.918212890625 337.12933349609375 352.6919250488281 
v 1448.918212890625 304.2340087890625 352.6919250488281 
v 1395.283203125 87.09127044677734 222.01919555664062 
v 1389.4552001953125 110.99726104736328 222.01919555664062 
v 1395.283203125 110.99726104736328 222.01919555664062 
v 1395.283203125 87.09122467041016 504.03021240234375 
v 1395.283203125 87.09127044677734 222.01919555664062 
v 1366.98974609375 60.79463195800781 504.03033447265625 
v 1366.98974609375 60.794673919677734 222.01919555664062 
v 1366.98974609375 34.49807357788086 222.01919555664062 
v 1366.98974609375 60.794673919677734 222.01919555664062 
v 1367.1527099609375 34.49807357788086 222.01919555664062 
v 1395.283203125 87.09122467041016 504.03021240234375 
v 1395.283203125 60.79463195800781 504.03033447265625 
v 1366.98974609375 60.79463195800781 504.03033447265625 
v 1366.98974609375 34.49803161621094 504.03021240234375 
v 1395.283203125 34.49803161621094 504.03021240234375 
v 1389.4552001953125 110.99726104736328 222.01919555664062 
v 1389.4552001953125 110.99723815917969 359.98486328125 
v 1395.283203125 110.99726104736328 222.01919555664062 
v 1389.4552001953125 304.2340087890625 181.6487274169922 
v 1389.4552001953125 304.2340393066406 88.52568054199219 
v 1389.4552001953125 34.498085021972656 181.6487274169922 
v 1389.4552001953125 34.49810028076172 88.52558135986328 
v 1367.1527099609375 8.054699897766113 170.603271484375 
v 1367.1527099609375 0.5045151114463806 170.603271484375 
v 1300.2452392578125 8.054694175720215 170.603271484375 
v 1300.2452392578125 0.5045092701911926 170.603271484375 
v 1367.0711669921875 0.5044660568237305 471.8069152832031 
v 1367.0303955078125 0.5044740438461304 422.6009521484375 
v 1300.2452392578125 0.5044602155685425 471.8069152832031 
v 1300.2452392578125 0.5044682025909424 422.6009521484375 
v 1300.2452392578125 8.054652214050293 422.6009521484375 
v 1300.2452392578125 0.5044682025909424 422.6009521484375 
v 1367.0303955078125 8.054657936096191 422.6009521484375 
v 1367.0303955078125 0.5044740438461304 422.6009521484375 
v 1367.1527099609375 0.5045151114463806 170.603271484375 
v 1367.1527099609375 0.5045226812362671 124.1353988647461 
v 1300.2452392578125 0.5045092701911926 170.603271484375 
v 1300.2452392578125 0.5045168399810791 124.1353988647461 
v 1300.2452392578125 0.5045092701911926 170.603271484375 
v 1300.2452392578125 0.5045168399810791 124.1353988647461 
v 1300.2452392578125 8.054694175720215 170.603271484375 
v 1300.2452392578125 8.054713249206543 124.1353988647461 
v 1300.2452392578125 0.5044602155685425 471.8069152832031 
v 1300.2452392578125 0.5044682025909424 422.6009521484375 
v 1300.2452392578125 8.054644584655762 471.8069152832031 
v 1300.2452392578125 8.054652214050293 422.6009521484375 
v 1300.2452392578125 110.99720001220703 504.03021240234375 
v 1300.2452392578125 110.9972152709961 489.58282470703125 
v 1300.2452392578125 261.69189453125 504.03033447265625 
v 1300.2452392578125 261.69189453125 489.5829162597656 
v 1300.2452392578125 276.4844055175781 474.92437744140625 
v 1300.2452392578125 290.7978515625 474.92437744140625 
v 1300.2452392578125 261.69189453125 489.5829162597656 
v 1300.2452392578125 261.69189453125 504.03033447265625 
v 1389.4552001953125 110.99723815917969 359.98486328125 
v 1389.4552001953125 110.9972152709961 504.03021240234375 
v 1389.4552001953125 258.2215270996094 359.98486328125 
v 1389.4552001953125 261.69189453125 504.03033447265625 
v 1389.4552001953125 290.7978515625 474.92437744140625 
v 1389.4552001953125 290.79791259765625 348.47174072265625 
v 1389.4552001953125 276.48443603515625 344.15093994140625 
v 1389.4552001953125 276.4844665527344 231.4075469970703 
v 1389.4552001953125 290.79791259765625 222.01919555664062 
v 1389.4552001953125 110.99726104736328 222.01919555664062 
v 1389.4552001953125 110.99724578857422 231.4075469970703 
v 1389.4552001953125 110.99726104736328 222.01919555664062 
v 1389.4552001953125 110.99724578857422 231.4075469970703 
v 1389.4552001953125 110.99723815917969 359.98486328125 
v 1368.8172607421875 110.99723815917969 359.98486328125 
v 1368.8172607421875 110.99724578857422 231.4075469970703 
v 1389.4552001953125 258.2215270996094 359.98486328125 
v 1389.4552001953125 110.99723815917969 359.98486328125 
v 1368.817138671875 258.2215270996094 359.98486328125 
v 1368.8172607421875 110.99723815917969 359.98486328125 
v 1389.4552001953125 110.99724578857422 231.4075469970703 
v 1389.4552001953125 276.4844665527344 231.4075469970703 
v 1368.8172607421875 110.99724578857422 231.4075469970703 
v 1368.817138671875 276.4844665527344 231.4075469970703 
v 1368.817138671875 276.4844055175781 474.92437744140625 
v 1368.817138671875 261.6919250488281 489.5829162597656 
v 1300.2452392578125 276.4844055175781 474.92437744140625 
v 1300.2452392578125 261.69189453125 489.5829162597656 
v 1368.817138671875 261.6919250488281 489.5829162597656 
v 1368.817138671875 258.2215270996094 359.98486328125 
v 1368.8172607421875 110.9972152709961 489.58282470703125 
v 1368.8172607421875 110.99723815917969 359.98486328125 
v 1354.4263916015625 38.03520584106445 489.58282470703125 
v 1354.4263916015625 38.0352668762207 109.5773696899414 
v 1368.8172607421875 110.99724578857422 231.4075469970703 
v 1368.8172607421875 110.99726867675781 109.57746887207031 
v 1368.817138671875 276.4844665527344 231.4075469970703 
v 1368.817138671875 276.4844665527344 109.57746887207031 
v 1368.817138671875 276.48443603515625 344.15093994140625 
v 1368.817138671875 276.4844055175781 474.92437744140625 
v 1368.817138671875 258.2215270996094 359.98486328125 
v 1368.817138671875 261.6919250488281 489.5829162597656 
v 1297.904052734375 383.01519775390625 88.52568054199219 
v 1297.904052734375 304.2340393066406 88.52568054199219 
v 1297.904052734375 383.0151672363281 199.21922302246094 
v 1297.904052734375 304.2340087890625 199.21922302246094 
v 1300.2452392578125 276.4844055175781 474.92437744140625 
v 1300.2452392578125 276.4844055175781 348.47174072265625 
v 1300.2452392578125 290.7978515625 474.92437744140625 
v 1300.2452392578125 290.8412780761719 348.47174072265625 
v 1300.2452392578125 290.7978515625 474.92437744140625 
v 1300.2452392578125 290.8412780761719 348.47174072265625 
v 1389.4552001953125 290.7978515625 474.92437744140625 
v 1389.4552001953125 290.79791259765625 348.47174072265625 
v 1026.143310546875 107.53779602050781 233.2263946533203 
v 1051.25146484375 107.53780364990234 233.2263946533203 
v 1026.143310546875 107.53780364990234 264.2655334472656 
v 1051.25146484375 107.53780364990234 264.2655334472656 
v 1026.143310546875 42.4793701171875 233.2263946533203 
v 1026.143310546875 42.47936248779297 264.2655334472656 
v 1051.25146484375 57.96123123168945 233.2263946533203 
v 1051.25146484375 57.96123123168945 264.2655334472656 
v 1051.25146484375 107.53780364990234 233.2263946533203 
v 1026.143310546875 107.53779602050781 233.2263946533203 
v 1051.25146484375 57.96123123168945 233.2263946533203 
v 1026.143310546875 42.4793701171875 233.2263946533203 
v 1051.25146484375 107.53780364990234 233.2263946533203 
v 1051.25146484375 57.96123123168945 233.2263946533203 
v 1051.25146484375 107.53780364990234 264.2655334472656 
v 1051.25146484375 57.96123123168945 264.2655334472656 
v 1026.143310546875 107.53780364990234 264.2655334472656 
v 1026.143310546875 42.47936248779297 264.2655334472656 
v 1026.143310546875 107.53779602050781 233.2263946533203 
v 1026.143310546875 42.4793701171875 233.2263946533203 
v 1051.25146484375 107.53780364990234 264.2655334472656 
v 1051.25146484375 57.96123123168945 264.2655334472656 
v 1026.143310546875 107.53780364990234 264.2655334472656 
v 1026.143310546875 42.47936248779297 264.2655334472656 
v 1090.399169921875 57.96123123168945 264.2655334472656 
v 1090.399169921875 57.961238861083984 233.2263946533203 
v 1090.399169921875 29.372421264648438 264.2655334472656 
v 1090.399169921875 29.37242889404297 233.2263946533203 
v 1039.19580078125 29.372426986694336 233.2263946533203 
v 1039.19580078125 29.372417449951172 264.2655334472656 
v 1090.399169921875 29.37242889404297 233.2263946533203 
v 1090.399169921875 29.372421264648438 264.2655334472656 
v 1026.143310546875 42.47936248779297 264.2655334472656 
v 1039.19580078125 29.372426986694336 233.2263946533203 
v 1026.143310546875 42.4793701171875 233.2263946533203 
v 1090.399169921875 57.961238861083984 233.2263946533203 
v 1090.399169921875 29.37242889404297 233.2263946533203 
v 1051.25146484375 57.96123123168945 233.2263946533203 
v 1039.19580078125 29.372426986694336 233.2263946533203 
v 1026.143310546875 42.4793701171875 233.2263946533203 
v 1026.143310546875 42.47936248779297 264.2655334472656 
v 1051.25146484375 57.96123123168945 264.2655334472656 
v 1039.19580078125 29.372417449951172 264.2655334472656 
v 1090.399169921875 29.372421264648438 264.2655334472656 
v 1090.399169921875 57.96123123168945 264.2655334472656 
v 1043.748046875 107.26390838623047 257.6133728027344 
v 1046.338134765625 107.26390075683594 255.67694091796875 
v 996.5556030273438 107.26390075683594 257.6133728027344 
v 993.1215209960938 107.26388549804688 255.67694091796875 
v 1047.234619140625 107.26390075683594 253.29933166503906 
v 991.38134765625 107.26388549804688 253.29933166503906 
v 1047.234619140625 107.26388549804688 244.19259643554688 
v 991.38134765625 107.26388549804688 244.19259643554688 
v 993.1215209960938 107.26388549804688 241.81500244140625 
v 1046.338134765625 107.26388549804688 241.81500244140625 
v 996.5556030273438 107.26388549804688 239.87855529785156 
v 1043.748046875 107.26388549804688 239.87855529785156 
v 1043.748046875 117.02961730957031 257.6133728027344 
v 996.5556030273438 117.02960968017578 257.6133728027344 
v 1046.338134765625 117.02960968017578 255.67703247070312 
v 993.1215209960938 117.02959442138672 255.67703247070312 
v 1047.234619140625 117.02960968017578 253.29933166503906 
v 991.38134765625 117.02959442138672 253.29933166503906 
v 1047.234619140625 117.02959442138672 244.19259643554688 
v 991.38134765625 117.02959442138672 244.19259643554688 
v 993.1215209960938 117.02959442138672 241.81500244140625 
v 1046.338134765625 117.02959442138672 241.81500244140625 
v 996.5556030273438 117.02959442138672 239.87855529785156 
v 1043.748046875 117.02959442138672 239.87855529785156 
v 1046.338134765625 117.02960968017578 255.67703247070312 
v 1043.748046875 117.02961730957031 257.6133728027344 
v 1046.338134765625 107.26390075683594 255.67694091796875 
v 1043.748046875 107.26390838623047 257.6133728027344 
v 1043.748046875 117.02961730957031 257.6133728027344 
v 996.5556030273438 117.02960968017578 257.6133728027344 
v 1043.748046875 107.26390838623047 257.6133728027344 
v 996.5556030273438 107.26390075683594 257.6133728027344 
v 1046.338134765625 117.02959442138672 241.81500244140625 
v 1047.234619140625 117.02959442138672 244.19259643554688 
v 1046.338134765625 107.26388549804688 241.81500244140625 
v 1047.234619140625 107.26388549804688 244.19259643554688 
v 996.5556030273438 117.02959442138672 239.87855529785156 
v 1043.748046875 117.02959442138672 239.87855529785156 
v 996.5556030273438 107.26388549804688 239.87855529785156 
v 1043.748046875 107.26388549804688 239.87855529785156 
v 993.1215209960938 117.02959442138672 255.67703247070312 
v 991.38134765625 117.02959442138672 253.29933166503906 
v 993.1215209960938 107.26388549804688 255.67694091796875 
v 991.38134765625 107.26388549804688 253.29933166503906 
v 993.1215209960938 117.02959442138672 241.81500244140625 
v 996.5556030273438 117.02959442138672 239.87855529785156 
v 993.1215209960938 107.26388549804688 241.81500244140625 
v 996.5556030273438 107.26388549804688 239.87855529785156 
v 991.38134765625 117.02959442138672 253.29933166503906 
v 991.38134765625 117.02959442138672 244.19259643554688 
v 991.38134765625 107.26388549804688 253.29933166503906 
v 991.38134765625 107.26388549804688 244.19259643554688 
v 1047.234619140625 117.02959442138672 244.19259643554688 
v 1047.234619140625 117.02960968017578 253.29933166503906 
v 1047.234619140625 107.26388549804688 244.19259643554688 
v 1047.234619140625 107.26390075683594 253.29933166503906 
v 996.5556030273438 117.02960968017578 257.6133728027344 
v 993.1215209960938 117.02959442138672 255.67703247070312 
v 996.5556030273438 107.26390075683594 257.6133728027344 
v 993.1215209960938 107.26388549804688 255.67694091796875 
v 1047.234619140625 117.02960968017578 253.29933166503906 
v 1046.338134765625 117.02960968017578 255.67703247070312 
v 1047.234619140625 107.26390075683594 253.29933166503906 
v 1046.338134765625 107.26390075683594 255.67694091796875 
v 991.38134765625 117.02959442138672 244.19259643554688 
v 993.1215209960938 117.02959442138672 241.81500244140625 
v 991.38134765625 107.26388549804688 244.19259643554688 
v 993.1215209960938 107.26388549804688 241.81500244140625 
v 1043.748046875 117.02959442138672 239.87855529785156 
v 1046.338134765625 117.02959442138672 241.81500244140625 
v 1043.748046875 107.26388549804688 239.87855529785156 
v 1046.338134765625 107.26388549804688 241.81500244140625 
v 1051.25146484375 57.96123123168945 233.2263946533203 
v 1051.25146484375 57.96123123168945 264.2655334472656 
v 1090.399169921875 57.961238861083984 233.2263946533203 
v 1090.399169921875 57.96123123168945 264.2655334472656 
v 961.22705078125 159.26510620117188 243.4109649658203 
v 961.22705078125 159.26510620117188 253.93409729003906 
v 1010.9716186523438 159.26510620117188 243.4109649658203 
v 1010.9716186523438 159.26510620117188 253.93409729003906 
v 961.22705078125 117.08917236328125 243.41107177734375 
v 1010.9716186523438 117.08917236328125 243.41107177734375 
v 961.22705078125 117.08917236328125 254.4552764892578 
v 1010.9716186523438 117.08917236328125 254.4552764892578 
v 1010.9716186523438 117.08917236328125 243.41107177734375 
v 1010.9716186523438 119.01793670654297 253.93418884277344 
v 1010.9716186523438 117.08917236328125 254.4552764892578 
v 961.22705078125 117.08917236328125 254.4552764892578 
v 961.22705078125 117.08917236328125 243.41107177734375 
v 961.22705078125 119.01793670654297 253.93418884277344 
v 961.22705078125 159.26510620117188 243.4109649658203 
v 961.22705078125 159.26510620117188 253.93409729003906 
v 1010.9716186523438 119.01793670654297 253.97433471679688 
v 1010.9716186523438 119.01793670654297 254.4552764892578 
v 1010.9716186523438 117.08917236328125 254.4552764892578 
v 961.22705078125 159.26510620117188 243.4109649658203 
v 961.22705078125 117.08917236328125 243.41107177734375 
v 1010.9716186523438 159.26510620117188 243.4109649658203 
v 1010.9716186523438 117.08917236328125 243.41107177734375 
v 1010.9716186523438 159.26510620117188 253.93409729003906 
v 1010.9716186523438 119.01793670654297 253.93418884277344 
v 961.22705078125 159.26510620117188 253.93409729003906 
v 961.22705078125 119.01793670654297 253.93418884277344 
v 1010.9716186523438 159.26510620117188 253.93409729003906 
v 1010.9716186523438 159.26510620117188 243.4109649658203 
v 1010.9716186523438 119.01793670654297 253.93418884277344 
v 1010.9716186523438 117.08917236328125 243.41107177734375 
v 1010.9716186523438 119.01793670654297 254.4552764892578 
v 1010.9716186523438 117.08917236328125 254.4552764892578 
v 961.22705078125 119.01793670654297 254.4552764892578 
v 961.22705078125 117.08917236328125 254.4552764892578 
v 961.22705078125 119.01793670654297 253.97433471679688 
v 1010.9716186523438 119.01793670654297 253.97433471679688 
v 961.22705078125 119.01793670654297 254.4552764892578 
v 1010.9716186523438 119.01793670654297 254.4552764892578 
v 961.22705078125 117.08917236328125 254.4552764892578 
v 961.22705078125 119.01793670654297 253.97433471679688 
v 961.22705078125 119.01793670654297 254.4552764892578 
v 973.9255981445312 152.3533172607422 257.01104736328125 
v 974.5889892578125 152.4324493408203 260.4318542480469 
v 973.7659301757812 151.24449157714844 257.01104736328125 
v 974.3799438476562 150.98138427734375 260.4318542480469 
v 973.0731811523438 150.36407470703125 257.01104736328125 
v 973.473388671875 149.82920837402344 260.4318542480469 
v 972.0330200195312 149.94798278808594 257.01104736328125 
v 972.1121826171875 149.28468322753906 260.4318542480469 
v 970.9241943359375 150.10769653320312 257.01104736328125 
v 970.6611328125 149.49371337890625 260.4318542480469 
v 969.5089111328125 150.40025329589844 260.4318542480469 
v 970.0437622070312 150.80043029785156 257.01104736328125 
v 968.96435546875 151.7614288330078 260.4318542480469 
v 969.6277465820312 151.84056091308594 257.01104736328125 
v 969.1734619140625 153.21250915527344 260.4318542480469 
v 969.7874145507812 152.9493865966797 257.01104736328125 
v 970.4801635742188 153.82980346679688 257.01104736328125 
v 970.0800170898438 154.3646697998047 260.4318542480469 
v 971.5203247070312 154.2458953857422 257.01104736328125 
v 971.441162109375 154.90919494628906 260.4318542480469 
v 973.509521484375 153.39344787597656 257.01104736328125 
v 974.04443359375 153.79364013671875 260.4318542480469 
v 972.629150390625 154.086181640625 257.01104736328125 
v 972.8922119140625 154.70018005371094 260.4318542480469 
v 971.441162109375 154.90919494628906 260.4318542480469 
v 971.5203247070312 154.2458953857422 257.01104736328125 
v 972.629150390625 154.086181640625 257.01104736328125 
v 973.509521484375 153.39344787597656 257.01104736328125 
v 971.5203247070312 154.2458953857422 257.01104736328125 
v 970.0437622070312 150.80043029785156 257.01104736328125 
v 969.6277465820312 151.84056091308594 257.01104736328125 
v 969.7874145507812 152.9493865966797 257.01104736328125 
v 970.4801635742188 153.82980346679688 257.01104736328125 
v 973.9255981445312 152.3533172607422 257.01104736328125 
v 973.7659301757812 151.24449157714844 257.01104736328125 
v 970.9241943359375 150.10769653320312 257.01104736328125 
v 972.0330200195312 149.94798278808594 257.01104736328125 
v 973.0731811523438 150.36407470703125 257.01104736328125 
v 968.96435546875 151.7614288330078 260.4318542480469 
v 969.3788452148438 151.8108673095703 260.91815185546875 
v 969.1734619140625 153.21250915527344 260.4318542480469 
v 969.5570068359375 153.04812622070312 260.91815185546875 
v 969.8430786132812 150.6502685546875 260.91815185546875 
v 973.7102661132812 153.54360961914062 260.91815185546875 
v 969.5089111328125 150.40025329589844 260.4318542480469 
v 970.8255004882812 149.87730407714844 260.91815185546875 
v 972.0628051757812 149.69908142089844 260.91815185546875 
v 970.6611328125 149.49371337890625 260.4318542480469 
v 972.1121826171875 149.28468322753906 260.4318542480469 
v 973.473388671875 149.82920837402344 260.4318542480469 
v 973.2233276367188 150.1633758544922 260.91815185546875 
v 974.3799438476562 150.98138427734375 260.4318542480469 
v 973.996337890625 151.145751953125 260.91815185546875 
v 974.5889892578125 152.4324493408203 260.4318542480469 
v 974.1744995117188 152.3830108642578 260.91815185546875 
v 974.04443359375 153.79364013671875 260.4318542480469 
v 972.7278442382812 154.3165740966797 260.91815185546875 
v 972.8922119140625 154.70018005371094 260.4318542480469 
v 971.441162109375 154.90919494628906 260.4318542480469 
v 971.4906005859375 154.4947967529297 260.91815185546875 
v 970.0800170898438 154.3646697998047 260.4318542480469 
v 970.330078125 154.030517578125 260.91815185546875 
v 974.351806640625 148.65509033203125 253.83367919921875 
v 975.7277221679688 150.40377807617188 253.83367919921875 
v 972.2858276367188 147.82864379882812 253.83367919921875 
v 967.8256225585938 153.79006958007812 253.83367919921875 
v 968.3348388671875 149.52178955078125 253.83367919921875 
v 967.5084228515625 151.58770751953125 253.83367919921875 
v 976.044921875 152.6061553955078 253.83367919921875 
v 975.218505859375 154.6720733642578 253.83367919921875 
v 969.2015380859375 155.53875732421875 253.83367919921875 
v 971.2675170898438 156.36521911621094 253.83367919921875 
v 973.4698486328125 156.04798889160156 253.83367919921875 
v 970.08349609375 148.1458740234375 253.83367919921875 
v 970.08349609375 148.1458740234375 253.83367919921875 
v 970.08349609375 148.1458740234375 253.44190979003906 
v 968.3348388671875 149.52178955078125 253.83367919921875 
v 968.3348388671875 149.52178955078125 253.44190979003906 
v 967.5084228515625 151.58770751953125 253.83367919921875 
v 967.5084228515625 151.58770751953125 253.44190979003906 
v 967.8256225585938 153.79006958007812 253.83367919921875 
v 967.8256225585938 153.79006958007812 253.44190979003906 
v 969.2015380859375 155.53875732421875 253.83367919921875 
v 969.2015380859375 155.53875732421875 253.44190979003906 
v 971.2675170898438 156.36521911621094 253.83367919921875 
v 971.2675170898438 156.36521911621094 253.44190979003906 
v 972.2858276367188 147.82864379882812 253.44190979003906 
v 972.2858276367188 147.82864379882812 253.83367919921875 
v 974.351806640625 148.65509033203125 253.83367919921875 
v 974.351806640625 148.65509033203125 253.44190979003906 
v 975.7277221679688 150.40377807617188 253.44190979003906 
v 975.7277221679688 150.40377807617188 253.83367919921875 
v 976.044921875 152.6061553955078 253.44190979003906 
v 976.044921875 152.6061553955078 253.83367919921875 
v 975.218505859375 154.6720733642578 253.44190979003906 
v 975.218505859375 154.6720733642578 253.83367919921875 
v 973.4698486328125 156.04798889160156 253.44190979003906 
v 973.4698486328125 156.04798889160156 253.83367919921875 
v 971.2675170898438 156.36521911621094 253.44190979003906 
v 971.2675170898438 156.36521911621094 253.83367919921875 
v 971.54443359375 154.0428009033203 253.9683380126953 
v 972.9884033203125 153.63702392578125 253.9683380126953 
v 971.54443359375 154.04281616210938 257.01104736328125 
v 972.9884033203125 153.6370391845703 257.01104736328125 
v 973.7224731445312 152.32907104492188 253.9683380126953 
v 973.7224731445312 152.32908630371094 257.01104736328125 
v 973.3167724609375 150.8851318359375 253.9683380126953 
v 973.3167724609375 150.88514709472656 257.01104736328125 
v 972.0087280273438 150.15103149414062 253.9683380126953 
v 972.0087280273438 150.1510467529297 257.01104736328125 
v 970.5648193359375 150.5568084716797 253.9683380126953 
v 970.5648193359375 150.55682373046875 257.01104736328125 
v 969.8306884765625 151.86476135253906 253.9683380126953 
v 969.8306884765625 151.86477661132812 257.01104736328125 
v 970.2365112304688 153.3087158203125 253.9683380126953 
v 970.2365112304688 153.30873107910156 257.01104736328125 
v 971.54443359375 154.0428009033203 253.9683380126953 
v 971.54443359375 154.04281616210938 257.01104736328125 
v 980.3099365234375 151.15277099609375 255.7986297607422 
v 980.72607421875 149.87196350097656 255.7986297607422 
v 980.72607421875 152.43356323242188 255.7986297607422 
v 981.8156127929688 153.22512817382812 255.7986297607422 
v 983.1622924804688 153.22512817382812 255.7986297607422 
v 984.2517700195312 152.43356323242188 255.7986297607422 
v 984.66796875 151.15277099609375 255.7986297607422 
v 984.2517700195312 149.87196350097656 255.7986297607422 
v 983.1622924804688 149.08038330078125 255.7986297607422 
v 981.8156127929688 149.08038330078125 255.7986297607422 
v 983.2385864257812 148.84559631347656 253.77597045898438 
v 984.4515991210938 149.7268524169922 253.77597045898438 
v 983.1622924804688 149.08038330078125 255.7986297607422 
v 984.2517700195312 149.87196350097656 255.7986297607422 
v 984.9148559570312 151.1527557373047 253.77597045898438 
v 984.66796875 151.15277099609375 255.7986297607422 
v 984.4515991210938 152.5786590576172 253.77597045898438 
v 984.2517700195312 152.43356323242188 255.7986297607422 
v 983.2385864257812 153.45989990234375 253.77597045898438 
v 981.7393188476562 148.84559631347656 253.77597045898438 
v 981.8156127929688 149.08038330078125 255.7986297607422 
v 980.5263671875 149.7268524169922 253.77597045898438 
v 980.72607421875 149.87196350097656 255.7986297607422 
v 980.0630493164062 151.1527557373047 253.77597045898438 
v 980.3099365234375 151.15277099609375 255.7986297607422 
v 980.5263671875 152.5786590576172 253.77597045898438 
v 980.72607421875 152.43356323242188 255.7986297607422 
v 981.7393188476562 153.45989990234375 253.77597045898438 
v 981.8156127929688 153.22512817382812 255.7986297607422 
v 981.7393188476562 153.45989990234375 253.77597045898438 
v 981.8156127929688 153.22512817382812 255.7986297607422 
v 983.1622924804688 153.22512817382812 255.7986297607422 
v 982.6404418945312 149.91485595703125 255.89694213867188 
v 982.6404418945312 149.9148712158203 257.12298583984375 
v 982.6404418945312 151.79002380371094 257.12298583984375 
v 982.8257446289062 152.24449157714844 258.2322082519531 
v 982.8257446289062 149.46041870117188 258.2322082519531 
v 982.8257446289062 152.24449157714844 260.2873840332031 
v 982.8257446289062 149.46041870117188 260.2873840332031 
v 982.1240234375 149.46041870117188 260.2873840332031 
v 982.1240234375 149.46041870117188 258.2322082519531 
v 982.1239624023438 152.24449157714844 260.2873840332031 
v 982.1239624023438 152.24449157714844 258.2322082519531 
v 982.32470703125 151.79002380371094 257.12298583984375 
v 982.32470703125 149.9148712158203 257.12298583984375 
v 982.32470703125 151.79000854492188 255.89694213867188 
v 982.8257446289062 152.24449157714844 260.2873840332031 
v 982.8257446289062 152.24449157714844 258.2322082519531 
v 982.1239624023438 152.24449157714844 260.2873840332031 
v 982.1239624023438 152.24449157714844 258.2322082519531 
v 982.32470703125 151.79002380371094 257.12298583984375 
v 982.6404418945312 151.79002380371094 257.12298583984375 
v 982.6404418945312 151.79000854492188 255.89694213867188 
v 982.8257446289062 149.46041870117188 260.2873840332031 
v 982.1240234375 149.46041870117188 260.2873840332031 
v 982.8257446289062 152.24449157714844 260.2873840332031 
v 982.1239624023438 152.24449157714844 260.2873840332031 
v 982.1240234375 149.46041870117188 260.2873840332031 
v 982.8257446289062 149.46041870117188 260.2873840332031 
v 982.1240234375 149.46041870117188 258.2322082519531 
v 982.8257446289062 149.46041870117188 258.2322082519531 
v 982.32470703125 149.9148712158203 257.12298583984375 
v 982.6404418945312 149.9148712158203 257.12298583984375 
v 982.32470703125 149.91485595703125 255.89694213867188 
v 982.32470703125 151.79000854492188 255.89694213867188 
v 982.32470703125 149.91485595703125 255.89694213867188 
v 982.32470703125 149.9148712158203 257.12298583984375 
v 982.32470703125 149.91485595703125 255.89694213867188 
v 982.6404418945312 149.9148712158203 257.12298583984375 
v 982.6404418945312 149.91485595703125 255.89694213867188 
v 1008.0315551757812 123.74398803710938 253.7844696044922 
v 1007.4259033203125 123.49311065673828 253.7844696044922 
v 1008.0315551757812 123.74398803710938 254.35562133789062 
v 1007.4259033203125 123.49311065673828 254.35562133789062 
v 1007.4259033203125 123.626708984375 255.3436279296875 
v 1008.0315551757812 123.86904907226562 255.27877807617188 
v 1007.4259033203125 124.01150512695312 256.2634582519531 
v 1008.0315551757812 124.228759765625 256.1380310058594 
v 1007.4259033203125 124.6212158203125 257.0523376464844 
v 1008.0315551757812 124.79862213134766 256.87493896484375 
v 1007.4259033203125 125.41433715820312 257.656494140625 
v 1008.0315551757812 125.53976440429688 257.4392395019531 
v 1007.4259033203125 126.3367919921875 258.0347900390625 
v 1008.0315551757812 126.40172576904297 257.79248046875 
v 1007.4259033203125 127.32573699951172 258.16143798828125 
v 1008.0315551757812 127.32573699951172 257.91064453125 
v 1007.4259033203125 149.4422149658203 258.1613464355469 
v 1008.0315551757812 149.4422149658203 257.9105224609375 
v 1008.031494140625 150.36622619628906 257.7923889160156 
v 1007.4259033203125 150.43115234375 258.0346984863281 
v 1008.031494140625 151.22817993164062 257.43914794921875 
v 1007.4259033203125 151.35362243652344 257.6563720703125 
v 1008.031494140625 151.96932983398438 256.8748474121094 
v 1007.4259033203125 152.146728515625 257.05224609375 
v 1008.0315551757812 152.5391845703125 256.137939453125 
v 1007.4259033203125 152.75645446777344 256.26336669921875 
v 1008.031494140625 152.8988800048828 255.2786865234375 
v 1007.4259033203125 153.14120483398438 255.3436279296875 
v 1008.031494140625 153.02394104003906 254.35552978515625 
v 1007.4259033203125 153.27481079101562 254.35552978515625 
v 1007.4259033203125 153.27481079101562 253.78436279296875 
v 1007.1749877929688 153.8804931640625 253.78436279296875 
v 1007.1749877929688 153.8804931640625 254.35552978515625 
v 1007.4259033203125 154.48617553710938 253.78436279296875 
v 1007.4259033203125 154.48617553710938 254.35552978515625 
v 1008.0315551757812 154.737060546875 253.78436279296875 
v 1008.0315551757812 154.737060546875 254.35552978515625 
v 1008.63720703125 154.48617553710938 253.78436279296875 
v 1008.63720703125 154.48617553710938 254.35552978515625 
v 1008.8880615234375 153.8804931640625 253.78436279296875 
v 1008.8880615234375 153.8804931640625 254.35552978515625 
v 1008.63720703125 153.2748260498047 253.78436279296875 
v 1008.63720703125 153.2748260498047 254.35552978515625 
v 1008.031494140625 153.02394104003906 253.78436279296875 
v 1008.031494140625 153.02394104003906 254.35552978515625 
v 1008.63720703125 153.14120483398438 255.3436279296875 
v 1008.031494140625 152.8988800048828 255.2786865234375 
v 1007.1749877929688 122.88742065429688 253.7844696044922 
v 1008.031494140625 153.02394104003906 253.78436279296875 
v 1008.8880615234375 153.7262725830078 255.5003204345703 
v 1008.63720703125 154.31129455566406 255.6571044921875 
v 1008.031494140625 154.5536346435547 255.7220458984375 
v 1007.4259033203125 154.31129455566406 255.6571044921875 
v 1007.1749877929688 153.7262725830078 255.5003204345703 
v 1007.1749877929688 153.28099060058594 256.56622314453125 
v 1007.1749877929688 152.57501220703125 257.48052978515625 
v 1007.1749877929688 151.65646362304688 258.180908203125 
v 1007.1749877929688 150.58792114257812 258.6197814941406 
v 1007.1749877929688 149.4422149658203 258.7671203613281 
v 1007.1749877929688 127.32573699951172 258.7671203613281 
v 1007.1749877929688 126.1800308227539 258.619873046875 
v 1007.1749877929688 125.11149597167969 258.1809997558594 
v 1007.1749877929688 124.19293212890625 257.4806213378906 
v 1007.1749877929688 123.4869613647461 256.56634521484375 
v 1007.1749877929688 123.04166412353516 255.5004119873047 
v 1007.1749877929688 122.88742065429688 254.35562133789062 
v 1007.4259033203125 122.28173828125 253.7844696044922 
v 1007.4259033203125 122.28173828125 254.35562133789062 
v 1008.0315551757812 122.03085327148438 253.7844696044922 
v 1008.0315551757812 122.03085327148438 254.35562133789062 
v 1008.63720703125 122.28173828125 253.7844696044922 
v 1008.63720703125 122.28173828125 254.35562133789062 
v 1008.8880615234375 122.88742065429688 253.7844696044922 
v 1008.0315551757812 122.21429443359375 255.72213745117188 
v 1007.4259033203125 122.45661926269531 255.65719604492188 
v 1007.4259033203125 122.96241760253906 256.869140625 
v 1008.0315551757812 122.74515533447266 256.99462890625 
v 1008.63720703125 122.45661926269531 255.65719604492188 
v 1008.8880615234375 122.88742065429688 254.35562133789062 
v 1008.63720703125 123.49311065673828 253.7844696044922 
v 1008.63720703125 123.49311065673828 254.35562133789062 
v 1008.0315551757812 123.74398803710938 253.7844696044922 
v 1008.0315551757812 123.74398803710938 254.35562133789062 
v 1008.63720703125 123.626708984375 255.3436279296875 
v 1008.0315551757812 123.86904907226562 255.27877807617188 
v 1008.8880615234375 123.04166412353516 255.5004119873047 
v 1008.63720703125 122.96241760253906 256.869140625 
v 1008.0315551757812 123.58724975585938 258.0863037109375 
v 1007.4259033203125 123.7646484375 257.9089050292969 
v 1007.4259033203125 124.80864715576172 258.70562744140625 
v 1008.0315551757812 124.6832046508789 258.9228515625 
v 1008.63720703125 123.7646484375 257.9089050292969 
v 1008.8880615234375 123.4869613647461 256.56634521484375 
v 1008.63720703125 124.01148986816406 256.2634582519531 
v 1008.0315551757812 124.228759765625 256.1380310058594 
v 1008.63720703125 124.6212158203125 257.0523376464844 
v 1008.0315551757812 124.79862213134766 256.87493896484375 
v 1008.8880615234375 124.19293975830078 257.4806213378906 
v 1008.63720703125 124.80864715576172 258.70562744140625 
v 1008.0315551757812 125.95833587646484 259.4472961425781 
v 1007.4259033203125 126.02326965332031 259.2048645019531 
v 1007.4259033203125 127.32573699951172 259.3728942871094 
v 1008.0315551757812 127.32573699951172 259.62371826171875 
v 1008.63720703125 126.02326965332031 259.2048645019531 
v 1008.8880615234375 125.11149597167969 258.1809997558594 
v 1008.63720703125 125.41433715820312 257.656494140625 
v 1008.0315551757812 125.53976440429688 257.4392395019531 
v 1008.63720703125 126.3367919921875 258.0347900390625 
v 1008.0315551757812 126.40172576904297 257.79248046875 
v 1008.8880615234375 126.1800308227539 258.619873046875 
v 1008.63720703125 127.32573699951172 259.3728942871094 
v 1008.8880615234375 127.32573699951172 258.7671203613281 
v 1008.63720703125 127.32573699951172 258.16143798828125 
v 1008.0315551757812 127.32573699951172 257.91064453125 
v 1008.0315551757812 149.4422149658203 257.9105224609375 
v 1008.63720703125 149.4422149658203 258.1613464355469 
v 1008.031494140625 150.36622619628906 257.7923889160156 
v 1008.63720703125 150.43113708496094 258.0346984863281 
v 1008.031494140625 151.22817993164062 257.43914794921875 
v 1008.63720703125 151.35362243652344 257.6563720703125 
v 1008.031494140625 151.96932983398438 256.8748474121094 
v 1008.63720703125 152.146728515625 257.05224609375 
v 1008.0315551757812 152.5391845703125 256.137939453125 
v 1008.63720703125 152.75645446777344 256.26336669921875 
v 1008.8880615234375 153.28099060058594 256.56622314453125 
v 1008.63720703125 153.80552673339844 256.8690185546875 
v 1008.031494140625 154.02279663085938 256.9945373535156 
v 1007.4259033203125 153.80552673339844 256.8690185546875 
v 1007.4259033203125 153.0032958984375 257.9088134765625 
v 1007.4259033203125 151.9593048095703 258.70550537109375 
v 1007.4259033203125 150.7446746826172 259.20477294921875 
v 1007.4259033203125 149.4422149658203 259.372802734375 
v 1008.0315551757812 149.4422149658203 259.6236267089844 
v 1008.63720703125 149.4422149658203 259.372802734375 
v 1008.8880615234375 149.4422149658203 258.7671203613281 
v 1008.8880615234375 150.58792114257812 258.6197814941406 
v 1008.8880615234375 151.65646362304688 258.180908203125 
v 1008.8880615234375 152.5750274658203 257.48052978515625 
v 1008.63720703125 153.0032958984375 257.9088134765625 
v 1008.031494140625 153.18069458007812 258.0862121582031 
v 1008.031494140625 152.08474731445312 258.9227600097656 
v 1008.63720703125 151.9593048095703 258.70550537109375 
v 1008.63720703125 150.74468994140625 259.20477294921875 
v 1008.031494140625 150.8096160888672 259.44720458984375 
v 964.507568359375 123.74540710449219 253.67822265625 
v 963.9054565429688 123.48615264892578 253.67822265625 
v 964.507568359375 123.74540710449219 254.2493896484375 
v 963.9054565429688 123.48615264892578 254.2493896484375 
v 963.9036254882812 123.61973571777344 255.23739624023438 
v 964.505859375 123.87045288085938 255.17254638671875 
v 963.8982543945312 124.0044937133789 256.1571960449219 
v 964.5007934570312 124.2301254272461 256.03179931640625 
v 963.8897705078125 124.61414337158203 256.9460754394531 
v 964.4929809570312 124.79994201660156 256.7687072753906 
v 963.8788452148438 125.40718078613281 257.55023193359375 
v 964.482666015625 125.541015625 257.3330078125 
v 963.865966796875 126.32955169677734 257.9285583496094 
v 964.470703125 126.40289306640625 257.68621826171875 
v 963.8522338867188 127.31840515136719 258.0552062988281 
v 964.4578857421875 127.32681274414062 257.80438232421875 
v 963.5451049804688 149.4327392578125 258.05511474609375 
v 964.1508178710938 149.44114685058594 257.8042907714844 
v 964.137939453125 150.36508178710938 257.6861267089844 
v 963.5313720703125 150.42160034179688 257.928466796875 
v 964.1260375976562 151.22694396972656 257.3328857421875 
v 963.5185546875 151.34396362304688 257.5501403808594 
v 964.11572265625 151.96803283691406 256.76861572265625 
v 963.507568359375 152.1370086669922 256.94598388671875 
v 964.1077270507812 152.53781127929688 256.0317077636719 
v 963.4990844726562 152.7466583251953 256.1571044921875 
v 964.1027221679688 152.89749145507812 255.1724395751953 
v 963.4937133789062 153.1313934326172 255.23739624023438 
v 964.1010131835938 153.02252197265625 254.24928283691406 
v 963.491943359375 153.2649688720703 254.24928283691406 
v 963.491943359375 153.2649688720703 253.67813110351562 
v 963.2326049804688 153.86712646484375 253.67813110351562 
v 963.2326049804688 153.86712646484375 254.24928283691406 
v 963.4750366210938 154.47622680664062 253.67813110351562 
v 963.4750366210938 154.47622680664062 254.24928283691406 
v 964.0772094726562 154.73548889160156 253.67813110351562 
v 964.0772094726562 154.73548889160156 254.24928283691406 
v 964.6864013671875 154.4930419921875 253.67813110351562 
v 964.6864013671875 154.4930419921875 254.24928283691406 
v 964.9456176757812 153.8909149169922 253.67813110351562 
v 964.9456176757812 153.8909149169922 254.24928283691406 
v 964.7031860351562 153.2818145751953 253.67813110351562 
v 964.7031860351562 153.2818145751953 254.24928283691406 
v 964.1010131835938 153.02252197265625 253.67813110351562 
v 964.1010131835938 153.02252197265625 254.24928283691406 
v 964.7050170898438 153.14820861816406 255.23739624023438 
v 964.1027221679688 152.89749145507812 255.1724395751953 
v 963.6629028320312 122.87702941894531 253.67822265625 
v 964.1010131835938 153.02252197265625 253.67813110351562 
v 964.9476928710938 153.7366943359375 255.39407348632812 
v 964.6887817382812 154.31817626953125 255.5508575439453 
v 964.0797729492188 154.55209350585938 255.61581420898438 
v 963.4775390625 154.30136108398438 255.5508575439453 
v 963.2347412109375 153.71290588378906 255.39407348632812 
v 963.2410278320312 153.2676544189453 256.4599914550781 
v 963.250732421875 152.561767578125 257.3742980957031 
v 963.2634887695312 151.64329528808594 258.0746765136719 
v 963.2783813476562 150.57485961914062 258.5135498046875 
v 963.294189453125 149.42926025390625 258.660888671875 
v 963.601318359375 127.31491088867188 258.660888671875 
v 963.6173095703125 126.16932678222656 258.5136413574219 
v 963.632080078125 125.10088348388672 258.07476806640625 
v 963.644775390625 124.18241882324219 257.3743896484375 
v 963.6547241210938 123.47651672363281 256.4600830078125 
v 963.6608276367188 123.03125762939453 255.3941650390625 
v 963.6629028320312 122.87702941894531 254.2493896484375 
v 963.9223022460938 122.27490234375 253.67822265625 
v 963.9223022460938 122.27490234375 254.2493896484375 
v 964.5313110351562 122.03244018554688 253.67822265625 
v 964.5313110351562 122.03244018554688 254.2493896484375 
v 965.1334838867188 122.29170989990234 253.67822265625 
v 965.1334838867188 122.29170989990234 254.2493896484375 
v 965.3759155273438 122.90081787109375 253.67822265625 
v 964.5288696289062 122.21586608886719 255.61590576171875 
v 963.9197998046875 122.44975280761719 255.55096435546875 
v 963.9127807617188 122.95549774169922 256.76287841796875 
v 964.5214233398438 122.74667358398438 256.8883972167969 
v 965.131103515625 122.4665756225586 255.55096435546875 
v 965.3759155273438 122.90081787109375 254.2493896484375 
v 965.11669921875 123.50296783447266 253.67822265625 
v 965.11669921875 123.50296783447266 254.2493896484375 
v 964.507568359375 123.74540710449219 253.67822265625 
v 964.507568359375 123.74540710449219 254.2493896484375 
v 965.1148071289062 123.63655853271484 255.23739624023438 
v 964.505859375 123.87045288085938 255.17254638671875 
v 965.373779296875 123.0550537109375 255.3941650390625 
v 965.1241455078125 122.97232055664062 256.76287841796875 
v 964.509765625 123.58869171142578 257.9800720214844 
v 963.9017333984375 123.75765991210938 257.80267333984375 
v 963.88720703125 124.80155181884766 258.599365234375 
v 964.4945068359375 124.68453979492188 258.8166198730469 
v 965.1128540039062 123.77446746826172 257.80267333984375 
v 965.3676147460938 123.50029754638672 256.4600830078125 
v 965.1094360351562 124.02130126953125 256.1571960449219 
v 964.5007934570312 124.2301254272461 256.03179931640625 
v 965.10107421875 124.63096618652344 256.9460754394531 
v 964.4929809570312 124.79994201660156 256.7687072753906 
v 965.3577880859375 124.20620727539062 257.3743896484375 
v 965.098388671875 124.81837463378906 258.599365234375 
v 964.476806640625 125.95954132080078 259.341064453125 
v 963.870361328125 126.01605987548828 259.0986328125 
v 963.8522338867188 127.31840515136719 259.26666259765625 
v 964.4578857421875 127.32681274414062 259.5174865722656 
v 965.0816040039062 126.03287506103516 259.0986328125 
v 965.344970703125 125.12467956542969 258.07476806640625 
v 965.0899658203125 125.42400360107422 257.55023193359375 
v 964.482666015625 125.541015625 257.3330078125 
v 965.0772094726562 126.34637451171875 257.9285583496094 
v 964.470703125 126.40289306640625 257.68621826171875 
v 965.3302001953125 126.19310760498047 258.5136413574219 
v 965.0634765625 127.3352279663086 259.26666259765625 
v 965.3142700195312 127.33870697021484 258.660888671875 
v 965.0634765625 127.3352279663086 258.0552062988281 
v 964.4578857421875 127.32681274414062 257.80438232421875 
v 964.1508178710938 149.44114685058594 257.8042907714844 
v 964.7564086914062 149.44956970214844 258.05511474609375 
v 964.137939453125 150.36508178710938 257.6861267089844 
v 964.74267578125 150.4384002685547 257.928466796875 
v 964.1260375976562 151.22694396972656 257.3328857421875 
v 964.7298583984375 151.36077880859375 257.5501403808594 
v 964.11572265625 151.96803283691406 256.76861572265625 
v 964.7188110351562 152.15382385253906 256.94598388671875 
v 964.1077270507812 152.53781127929688 256.0317077636719 
v 964.7103271484375 152.76348876953125 256.1571044921875 
v 964.9539184570312 153.2914581298828 256.4599914550781 
v 964.6957397460938 153.81246948242188 256.7627868652344 
v 964.0870971679688 154.02130126953125 256.8883056640625 
v 963.4845581054688 153.79563903808594 256.7627868652344 
v 963.49560546875 152.9934844970703 257.8025817871094 
v 963.5101318359375 151.9495849609375 258.5992736816406 
v 963.527099609375 150.73507690429688 259.0985412597656 
v 963.5451049804688 149.4327392578125 259.2665710449219 
v 964.1508178710938 149.44114685058594 259.51739501953125 
v 964.7564086914062 149.44956970214844 259.2665710449219 
v 965.0072021484375 149.4530487060547 258.660888671875 
v 964.9912719726562 150.59864807128906 258.5135498046875 
v 964.9765014648438 151.66708374023438 258.0746765136719 
v 964.9637451171875 152.5855712890625 257.3742980957031 
v 964.7069702148438 153.01031494140625 257.8025817871094 
v 964.0988159179688 153.1792755126953 257.97998046875 
v 964.114013671875 152.08343505859375 258.8165283203125 
v 964.7214965820312 151.96640014648438 258.5992736816406 
v 964.73828125 150.7519073486328 259.0985412597656 
v 964.1317138671875 150.8084259033203 259.3409423828125 
v 1151.3192138671875 383.0151672363281 199.21922302246094 
v 1151.3192138671875 304.2340393066406 88.52568054199219 
v 1151.3192138671875 304.2340087890625 199.21922302246094 
v 1026.143310546875 42.47936248779297 264.2655334472656 
v 1039.19580078125 29.372417449951172 264.2655334472656 
v 1039.19580078125 29.372426986694336 233.2263946533203 
v 982.32470703125 151.79002380371094 257.12298583984375 
v 982.6404418945312 151.79000854492188 255.89694213867188 
v 982.32470703125 151.79000854492188 255.89694213867188 
v 982.6404418945312 151.79002380371094 257.12298583984375 
v 982.6404418945312 151.79000854492188 255.89694213867188 
v 982.6404418945312 149.91485595703125 255.89694213867188 
v 1310.167236328125 249.74961853027344 519.843505859375 
v 1307.1361083984375 249.74961853027344 521.593505859375 
v 1313.1982421875 249.74961853027344 521.593505859375 
v 1313.1982421875 249.74961853027344 525.0934448242188 
v 1310.167236328125 249.74961853027344 526.8434448242188 
v 1307.1361083984375 249.74961853027344 525.0934448242188 
v 1310.167236328125 242.82894897460938 509.6429748535156 
v 1312.2353515625 243.94163513183594 509.64306640625 
v 1310.167236328125 242.82896423339844 523.9241333007812 
v 1312.2353515625 243.94166564941406 523.9241333007812 
v 1312.2353515625 246.3297576904297 509.64306640625 
v 1312.2353515625 246.3297882080078 523.9242553710938 
v 1310.167236328125 247.4424591064453 523.9241333007812 
v 1310.167236328125 247.44244384765625 509.64306640625 
v 1308.09912109375 246.3297576904297 509.64306640625 
v 1308.09912109375 246.3297882080078 523.9242553710938 
v 1308.09912109375 243.94163513183594 509.64306640625 
v 1308.09912109375 243.94166564941406 523.9241333007812 
v 1310.167236328125 242.82896423339844 523.9241333007812 
v 1310.167236328125 164.64334106445312 509.6429748535156 
v 1308.09912109375 163.53065490722656 509.64306640625 
v 1310.167236328125 164.64334106445312 523.9241333007812 
v 1308.09912109375 163.53065490722656 523.9242553710938 
v 1308.09912109375 161.14254760742188 509.64306640625 
v 1308.09912109375 161.14254760742188 523.9242553710938 
v 1310.167236328125 160.0298309326172 523.9241333007812 
v 1310.167236328125 160.0298309326172 509.6429748535156 
v 1312.2354736328125 161.14254760742188 509.64306640625 
v 1312.2354736328125 161.14254760742188 523.9242553710938 
v 1312.2354736328125 163.53065490722656 509.64306640625 
v 1312.2354736328125 163.53065490722656 523.9242553710938 
v 1310.167236328125 164.64334106445312 523.9241333007812 
v 1307.1361083984375 158.65252685546875 525.0934448242188 
v 1307.1361083984375 158.6525421142578 521.593505859375 
v 1310.167236328125 158.65252685546875 526.8434448242188 
v 1313.1982421875 158.6525421142578 525.0934448242188 
v 1313.1982421875 158.6525421142578 521.593505859375 
v 1310.167236328125 158.6525421142578 519.843505859375 
v 1312.2354736328125 163.53065490722656 509.64306640625 
v 1310.167236328125 164.64334106445312 509.6429748535156 
v 1310.167236328125 164.64334106445312 523.9241333007812 
v 1308.09912109375 243.94163513183594 509.64306640625 
v 1310.167236328125 242.82896423339844 523.9241333007812 
v 1310.167236328125 242.82894897460938 509.6429748535156 
v 1384.0665283203125 298.8838806152344 477.9720458984375 
v 1384.0665283203125 266.5854797363281 510.2704162597656 
v 1384.0665283203125 292.9850158691406 472.52215576171875 
v 1384.0665283203125 260.6866149902344 504.8205261230469 
v 1384.0665283203125 298.8838806152344 477.9720458984375 
v 1384.0665283203125 292.9850158691406 472.52215576171875 
v 1384.0665283203125 299.2895812988281 361.6849060058594 
v 1384.0665283203125 293.3907165527344 361.1588439941406 
v 1375.00634765625 299.33294677734375 349.2620544433594 
v 1375.00634765625 293.43408203125 349.2620544433594 
v 1375.00634765625 299.33294677734375 349.2620544433594 
v 1299.975830078125 299.2895812988281 361.6849060058594 
v 1384.0665283203125 299.2895812988281 361.6849060058594 
v 1299.975830078125 298.8838806152344 477.9720458984375 
v 1384.0665283203125 298.8838806152344 477.9720458984375 
v 1377.555419921875 113.63340759277344 510.719482421875 
v 1384.0665283203125 121.73139953613281 510.6956481933594 
v 1384.0665283203125 121.41909790039062 505.24578857421875 
v 1384.0665283203125 260.6866149902344 504.8205261230469 
v 1384.0665283203125 266.5854797363281 510.2704162597656 
v 1299.975830078125 266.5854797363281 510.2704162597656 
v 1384.0665283203125 121.73139953613281 510.6956481933594 
v 1299.975830078125 121.73139190673828 510.6956481933594 
v 1377.555419921875 113.63340759277344 510.719482421875 
v 1299.975830078125 113.63339233398438 510.719482421875 
v 1299.975830078125 266.5854797363281 510.2704162597656 
v 1384.0665283203125 266.5854797363281 510.2704162597656 
v 1299.975830078125 298.8838806152344 477.9720458984375 
v 1384.0665283203125 298.8838806152344 477.9720458984375 
v 1310.167236328125 249.74961853027344 519.843505859375 
v 1313.1982421875 249.74961853027344 521.593505859375 
v 1310.167236328125 158.6525421142578 519.843505859375 
v 1313.1982421875 158.6525421142578 521.593505859375 
v 1313.1982421875 249.74961853027344 525.0934448242188 
v 1313.1982421875 158.6525421142578 525.0934448242188 
v 1310.167236328125 249.74961853027344 526.8434448242188 
v 1310.167236328125 158.65252685546875 526.8434448242188 
v 1307.1361083984375 249.74961853027344 525.0934448242188 
v 1307.1361083984375 158.65252685546875 525.0934448242188 
v 1307.1361083984375 249.74961853027344 521.593505859375 
v 1307.1361083984375 158.6525421142578 521.593505859375 
v 1310.167236328125 249.74961853027344 519.843505859375 
v 1310.167236328125 158.6525421142578 519.843505859375 
v 1377.555419921875 113.63340759277344 510.719482421875 
v 1384.0665283203125 121.41909790039062 505.24578857421875 
v 1377.555419921875 113.63340759277344 505.2696228027344 
v 1299.975830078125 299.2895812988281 361.6849060058594 
v 1375.00634765625 299.33294677734375 349.2620544433594 
v 1299.975830078125 299.3329162597656 349.2620544433594 
v 1299.975830078125 266.5854797363281 510.2704162597656 
v 1384.0665283203125 266.5854797363281 510.2704162597656 
v 1384.0665283203125 121.73139953613281 510.6956481933594 
v 1383.1536865234375 297.8081359863281 477.5242919921875 
v 1383.0665283203125 292.9850158691406 472.52215576171875 
v 1383.1536865234375 266.137939453125 509.1944580078125 
v 1383.0665283203125 260.6866149902344 504.8205261230469 
v 1383.1536865234375 297.8081359863281 477.5242919921875 
v 1383.010986328125 298.3683776855469 362.01715087890625 
v 1383.0665283203125 292.9850158691406 472.52215576171875 
v 1383.0699462890625 293.3852844238281 361.4984436035156 
v 1374.2081298828125 298.3354797363281 349.85589599609375 
v 1374.210693359375 293.43408203125 349.867919921875 
v 1374.2081298828125 298.3354797363281 349.85589599609375 
v 1299.975830078125 298.2895812988281 361.68145751953125 
v 1383.010986328125 298.3683776855469 362.01715087890625 
v 1299.975830078125 297.8853454589844 477.55633544921875 
v 1383.1536865234375 297.8081359863281 477.5242919921875 
v 1383.0665283203125 260.6866149902344 504.8205261230469 
v 1383.0694580078125 121.78319549560547 505.2419738769531 
v 1383.00341796875 122.09687042236328 509.7774658203125 
v 1376.7850341796875 114.26451110839844 509.7221374511719 
v 1299.975830078125 266.1700439453125 509.271728515625 
v 1383.00341796875 122.09687042236328 509.7774658203125 
v 1299.975830078125 121.72845458984375 509.69561767578125 
v 1376.7850341796875 114.26451110839844 509.7221374511719 
v 1299.975830078125 113.63046264648438 509.719482421875 
v 1299.975830078125 297.8853454589844 477.55633544921875 
v 1299.975830078125 266.1700439453125 509.271728515625 
v 1383.1536865234375 266.137939453125 509.1944580078125 
v 1376.7850341796875 114.26451110839844 509.7221374511719 
v 1383.0694580078125 121.78319549560547 505.2419738769531 
v 1376.7882080078125 114.27493286132812 505.2696228027344 
v 1299.975830078125 298.2895812988281 361.68145751953125 
v 1374.2081298828125 298.3354797363281 349.85589599609375 
v 1299.975830078125 298.3329162597656 349.2585144042969 
v 1383.00341796875 122.09687042236328 509.7774658203125 
v 1383.1536865234375 266.137939453125 509.1944580078125 
v 1383.0665283203125 260.6866149902344 504.8205261230469 
v 1299.975830078125 266.1700439453125 509.271728515625 
v 1383.00341796875 122.09687042236328 509.7774658203125 
v 1383.1536865234375 266.137939453125 509.1944580078125 
v 1299.975830078125 297.8853454589844 477.55633544921875 
v 1383.1536865234375 297.8081359863281 477.5242919921875 
v 1383.1536865234375 266.137939453125 509.1944580078125 
v 1384.0665283203125 293.3907165527344 361.1588439941406 
v 1375.00634765625 293.43408203125 349.2620544433594 
v 1383.0699462890625 293.3852844238281 361.4984436035156 
v 1374.210693359375 293.43408203125 349.867919921875 
v 1377.555419921875 113.63340759277344 510.719482421875 
v 1376.7850341796875 114.26451110839844 509.7221374511719 
v 1299.975830078125 113.63339233398438 510.719482421875 
v 1299.975830078125 113.63046264648438 509.719482421875 
v 1299.975830078125 113.63339233398438 510.719482421875 
v 1299.975830078125 113.63046264648438 509.719482421875 
v 1299.975830078125 121.73139190673828 510.6956481933594 
v 1299.975830078125 121.72845458984375 509.69561767578125 
v 1299.975830078125 266.1700439453125 509.271728515625 
v 1299.975830078125 266.5854797363281 510.2704162597656 
v 1384.0665283203125 121.41909790039062 505.24578857421875 
v 1383.0694580078125 121.78319549560547 505.2419738769531 
v 1384.0665283203125 260.6866149902344 504.8205261230469 
v 1383.0665283203125 260.6866149902344 504.8205261230469 
v 1384.0665283203125 121.41909790039062 505.24578857421875 
v 1377.555419921875 113.63340759277344 505.2696228027344 
v 1383.0694580078125 121.78319549560547 505.2419738769531 
v 1376.7882080078125 114.27493286132812 505.2696228027344 
v 1377.555419921875 113.63340759277344 510.719482421875 
v 1376.7850341796875 114.26451110839844 509.7221374511719 
v 1377.555419921875 113.63340759277344 505.2696228027344 
v 1376.7882080078125 114.27493286132812 505.2696228027344 
v 1384.0665283203125 260.6866149902344 504.8205261230469 
v 1383.0665283203125 260.6866149902344 504.8205261230469 
v 1384.0665283203125 292.9850158691406 472.52215576171875 
v 1383.0665283203125 292.9850158691406 472.52215576171875 
v 1299.975830078125 266.5854797363281 510.2704162597656 
v 1299.975830078125 298.8838806152344 477.9720458984375 
v 1299.975830078125 266.1700439453125 509.271728515625 
v 1299.975830078125 297.8853454589844 477.55633544921875 
v 1384.0665283203125 293.3907165527344 361.1588439941406 
v 1384.0665283203125 292.9850158691406 472.52215576171875 
v 1383.0699462890625 293.3852844238281 361.4984436035156 
v 1383.0665283203125 292.9850158691406 472.52215576171875 
v 1299.975830078125 298.8838806152344 477.9720458984375 
v 1299.975830078125 299.2895812988281 361.6849060058594 
v 1299.975830078125 297.8853454589844 477.55633544921875 
v 1299.975830078125 298.2895812988281 361.68145751953125 
v 1299.975830078125 299.3329162597656 349.2620544433594 
v 1299.975830078125 298.3329162597656 349.2585144042969 
v 1299.975830078125 299.2895812988281 361.6849060058594 
v 1299.975830078125 298.2895812988281 361.68145751953125 
v 1375.00634765625 299.33294677734375 349.2620544433594 
v 1375.00634765625 293.43408203125 349.2620544433594 
v 1374.2081298828125 298.3354797363281 349.85589599609375 
v 1374.210693359375 293.43408203125 349.867919921875 
v 1375.00634765625 299.33294677734375 349.2620544433594 
v 1374.2081298828125 298.3354797363281 349.85589599609375 
v 1299.975830078125 299.3329162597656 349.2620544433594 
v 1299.975830078125 298.3329162597656 349.2585144042969 
v 1059.98876953125 289.80303955078125 231.4075469970703 
v 1056.1646728515625 289.802978515625 356.0699462890625 
v 1059.98876953125 289.802978515625 356.0699462890625 
v 1056.1646728515625 260.9742736816406 380.64031982421875 
v 1059.98876953125 260.9742736816406 380.64031982421875 
v 1056.164794921875 111.71485137939453 380.64031982421875 
v 1059.98876953125 111.71485137939453 380.64031982421875 
v 1056.164794921875 111.71487426757812 231.4075469970703 
v 1059.98876953125 111.71487426757812 231.4075469970703 
v 1056.1646728515625 289.80303955078125 231.4075469970703 
v 1059.98876953125 289.80303955078125 231.4075469970703 
v 1056.164794921875 111.71485137939453 380.64031982421875 
v 1056.164794921875 111.71487426757812 231.4075469970703 
v 1056.1646728515625 260.9742736816406 380.64031982421875 
v 1056.1646728515625 289.80303955078125 231.4075469970703 
v 1056.1646728515625 289.802978515625 356.0699462890625 
v 1056.164794921875 111.71485137939453 380.64031982421875 
v 1056.164794921875 111.71487426757812 231.4075469970703 
v 1059.98876953125 111.71485137939453 380.64031982421875 
v 1059.98876953125 111.71487426757812 231.4075469970703 
v 1056.1646728515625 289.802978515625 356.0699462890625 
v 1059.98876953125 289.80303955078125 231.4075469970703 
v 1056.1646728515625 289.80303955078125 231.4075469970703 
v 1047.3499755859375 243.76507568359375 359.1706237792969 
v 1045.5999755859375 243.76507568359375 362.2016906738281 
v 1045.5999755859375 243.76507568359375 356.1395568847656 
v 1042.0999755859375 243.76507568359375 362.2016906738281 
v 1040.3499755859375 243.76507568359375 359.1706237792969 
v 1042.0999755859375 243.76507568359375 356.1395568847656 
v 1057.5504150390625 236.84442138671875 359.1706237792969 
v 1043.269287109375 236.84442138671875 359.1706237792969 
v 1057.5504150390625 237.95712280273438 357.1023864746094 
v 1043.2691650390625 237.95712280273438 357.1023864746094 
v 1057.5504150390625 240.34521484375 357.1023864746094 
v 1043.2691650390625 240.34521484375 357.1023864746094 
v 1043.269287109375 241.45791625976562 359.1706237792969 
v 1057.5504150390625 241.45791625976562 359.1706237792969 
v 1057.5504150390625 240.34521484375 361.23876953125 
v 1043.2691650390625 240.34521484375 361.23876953125 
v 1057.5504150390625 237.95712280273438 361.23876953125 
v 1043.2691650390625 237.95712280273438 361.23876953125 
v 1043.269287109375 236.84442138671875 359.1706237792969 
v 1057.5504150390625 154.04530334472656 359.1706237792969 
v 1057.5504150390625 155.15805053710938 357.1023864746094 
v 1043.269287109375 154.04530334472656 359.1705322265625 
v 1043.2691650390625 155.1580352783203 357.1023864746094 
v 1057.5504150390625 157.54615783691406 357.1023864746094 
v 1043.2691650390625 157.546142578125 357.1023864746094 
v 1043.269287109375 158.65882873535156 359.1705322265625 
v 1057.5504150390625 158.65882873535156 359.1706237792969 
v 1057.5504150390625 157.546142578125 361.23876953125 
v 1043.2691650390625 157.546142578125 361.2386779785156 
v 1057.5504150390625 155.1580352783203 361.23876953125 
v 1043.2691650390625 155.1580352783203 361.2386779785156 
v 1043.269287109375 154.04530334472656 359.1705322265625 
v 1042.0999755859375 152.66802978515625 356.13946533203125 
v 1040.3499755859375 152.66802978515625 359.1706237792969 
v 1045.5999755859375 152.66802978515625 356.13946533203125 
v 1042.0999755859375 152.66802978515625 362.20159912109375 
v 1045.5999755859375 152.66802978515625 362.20159912109375 
v 1047.3499755859375 152.66802978515625 359.1706237792969 
v 1057.5504150390625 155.1580352783203 361.23876953125 
v 1043.269287109375 154.04530334472656 359.1705322265625 
v 1057.5504150390625 154.04530334472656 359.1706237792969 
v 1057.5504150390625 237.95712280273438 361.23876953125 
v 1057.5504150390625 236.84442138671875 359.1706237792969 
v 1043.269287109375 236.84442138671875 359.1706237792969 
v 1047.3499755859375 243.76507568359375 359.1706237792969 
v 1047.3499755859375 152.66802978515625 359.1706237792969 
v 1045.5999755859375 243.76507568359375 356.1395568847656 
v 1045.5999755859375 152.66802978515625 356.13946533203125 
v 1042.0999755859375 243.76507568359375 356.1395568847656 
v 1042.0999755859375 152.66802978515625 356.13946533203125 
v 1040.3499755859375 243.76507568359375 359.1706237792969 
v 1040.3499755859375 152.66802978515625 359.1706237792969 
v 1042.0999755859375 243.76507568359375 362.2016906738281 
v 1042.0999755859375 152.66802978515625 362.20159912109375 
v 1045.5999755859375 243.76507568359375 362.2016906738281 
v 1045.5999755859375 152.66802978515625 362.20159912109375 
v 1047.3499755859375 243.76507568359375 359.1706237792969 
v 1047.3499755859375 152.66802978515625 359.1706237792969 
v 1059.98876953125 288.80303955078125 232.40756225585938 
v 1059.98876953125 288.802978515625 355.6082763671875 
v 1057.0771484375 288.728271484375 355.5737609863281 
v 1057.079345703125 260.57720947265625 379.5622863769531 
v 1059.98876953125 260.6059265136719 379.6402893066406 
v 1057.1646728515625 112.71485137939453 379.6402893066406 
v 1059.98876953125 112.71485137939453 379.6402893066406 
v 1057.1646728515625 112.71487426757812 232.40756225585938 
v 1059.98876953125 112.71487426757812 232.40756225585938 
v 1057.1646728515625 288.80303955078125 232.40756225585938 
v 1059.98876953125 288.80303955078125 232.40756225585938 
v 1057.1646728515625 112.71485137939453 379.6402893066406 
v 1057.1646728515625 112.71487426757812 232.40756225585938 
v 1057.079345703125 260.57720947265625 379.5622863769531 
v 1057.1646728515625 288.80303955078125 232.40756225585938 
v 1057.0771484375 288.728271484375 355.5737609863281 
v 1057.1646728515625 112.71487426757812 232.40756225585938 
v 1059.98876953125 112.71485137939453 379.6402893066406 
v 1057.1646728515625 112.71485137939453 379.6402893066406 
v 1057.0771484375 288.728271484375 355.5737609863281 
v 1057.1646728515625 288.80303955078125 232.40756225585938 
v 1059.98876953125 288.80303955078125 232.40756225585938 
v 1057.1646728515625 112.71487426757812 232.40756225585938 
v 1059.98876953125 112.71487426757812 232.40756225585938 
v 1059.98876953125 112.71485137939453 379.6402893066406 
v 1059.98876953125 111.71487426757812 231.4075469970703 
v 1059.98876953125 289.80303955078125 231.4075469970703 
v 1059.98876953125 112.71487426757812 232.40756225585938 
v 1059.98876953125 288.80303955078125 232.40756225585938 
v 1059.98876953125 111.71485137939453 380.64031982421875 
v 1059.98876953125 111.71487426757812 231.4075469970703 
v 1059.98876953125 112.71485137939453 379.6402893066406 
v 1059.98876953125 112.71487426757812 232.40756225585938 
v 1059.98876953125 260.6059265136719 379.6402893066406 
v 1059.98876953125 260.9742736816406 380.64031982421875 
v 1059.98876953125 112.71485137939453 379.6402893066406 
v 1059.98876953125 111.71485137939453 380.64031982421875 
v 1059.98876953125 289.80303955078125 231.4075469970703 
v 1059.98876953125 289.802978515625 356.0699462890625 
v 1059.98876953125 288.80303955078125 232.40756225585938 
v 1059.98876953125 288.802978515625 355.6082763671875 
v 1059.98876953125 260.9742736816406 380.64031982421875 
v 1059.98876953125 260.6059265136719 379.6402893066406 
v 1389.455078125 289.80303955078125 231.4075469970703 
v 1393.279296875 289.80303955078125 356.0699462890625 
v 1389.455078125 289.80303955078125 356.0699462890625 
v 1393.279296875 260.9742736816406 380.64031982421875 
v 1389.455078125 260.9742736816406 380.64031982421875 
v 1393.279296875 111.71487426757812 380.64031982421875 
v 1389.455078125 111.71487426757812 380.64031982421875 
v 1393.279296875 111.71489715576172 231.4075469970703 
v 1389.455078125 111.71489715576172 231.4075469970703 
v 1393.279296875 289.80303955078125 231.4075469970703 
v 1389.455078125 289.80303955078125 231.4075469970703 
v 1393.279296875 111.71487426757812 380.64031982421875 
v 1393.279296875 111.71489715576172 231.4075469970703 
v 1393.279296875 260.9742736816406 380.64031982421875 
v 1393.279296875 289.80303955078125 231.4075469970703 
v 1393.279296875 289.80303955078125 356.0699462890625 
v 1393.279296875 111.71489715576172 231.4075469970703 
v 1389.455078125 111.71487426757812 380.64031982421875 
v 1393.279296875 111.71487426757812 380.64031982421875 
v 1393.279296875 289.80303955078125 356.0699462890625 
v 1393.279296875 289.80303955078125 231.4075469970703 
v 1389.455078125 289.80303955078125 231.4075469970703 
v 1402.0938720703125 243.7650909423828 359.1706237792969 
v 1403.8438720703125 243.76512145996094 356.1395568847656 
v 1403.8438720703125 243.7650909423828 362.2016906738281 
v 1407.3438720703125 243.7650909423828 362.2016906738281 
v 1409.0938720703125 243.76512145996094 359.1706237792969 
v 1407.3438720703125 243.76512145996094 356.1395568847656 
v 1391.8934326171875 236.84445190429688 359.1706237792969 
v 1406.1746826171875 236.84446716308594 359.1706237792969 
v 1391.8934326171875 237.95716857910156 357.1023864746094 
v 1406.1746826171875 237.95716857910156 357.1023864746094 
v 1391.8934326171875 240.3452606201172 357.1023864746094 
v 1406.1746826171875 240.3452606201172 357.1023864746094 
v 1406.1746826171875 241.4579620361328 359.1706237792969 
v 1391.8934326171875 241.45794677734375 359.1706237792969 
v 1391.8934326171875 240.34524536132812 361.23876953125 
v 1406.1746826171875 240.34524536132812 361.23876953125 
v 1391.8934326171875 237.95713806152344 361.23876953125 
v 1406.1746826171875 237.95713806152344 361.23876953125 
v 1406.1746826171875 236.84446716308594 359.1706237792969 
v 1391.8934326171875 154.04534912109375 359.1706237792969 
v 1391.8934326171875 155.15806579589844 357.1023864746094 
v 1406.1746826171875 154.04534912109375 359.1705322265625 
v 1406.1748046875 155.15806579589844 357.1023864746094 
v 1391.8934326171875 157.54617309570312 357.1023864746094 
v 1406.1748046875 157.54617309570312 357.1023864746094 
v 1406.1746826171875 158.6588592529297 359.1705322265625 
v 1391.8934326171875 158.6588592529297 359.1706237792969 
v 1391.8934326171875 157.54617309570312 361.23876953125 
v 1406.1748046875 157.54617309570312 361.2386779785156 
v 1391.8934326171875 155.15806579589844 361.23876953125 
v 1406.1748046875 155.15806579589844 361.2386779785156 
v 1406.1746826171875 154.04534912109375 359.1705322265625 
v 1407.343994140625 152.66806030273438 356.13946533203125 
v 1409.093994140625 152.66806030273438 359.1706237792969 
v 1403.843994140625 152.66806030273438 356.13946533203125 
v 1407.343994140625 152.66806030273438 362.2016906738281 
v 1403.843994140625 152.66806030273438 362.2016906738281 
v 1402.093994140625 152.66806030273438 359.1706237792969 
v 1391.8934326171875 155.15806579589844 361.23876953125 
v 1406.1746826171875 154.04534912109375 359.1705322265625 
v 1391.8934326171875 154.04534912109375 359.1706237792969 
v 1391.8934326171875 237.95713806152344 361.23876953125 
v 1391.8934326171875 236.84445190429688 359.1706237792969 
v 1406.1746826171875 236.84446716308594 359.1706237792969 
v 1402.0938720703125 243.7650909423828 359.1706237792969 
v 1402.093994140625 152.66806030273438 359.1706237792969 
v 1403.8438720703125 243.76512145996094 356.1395568847656 
v 1403.843994140625 152.66806030273438 356.13946533203125 
v 1407.3438720703125 243.76512145996094 356.1395568847656 
v 1407.343994140625 152.66806030273438 356.13946533203125 
v 1409.0938720703125 243.76512145996094 359.1706237792969 
v 1409.093994140625 152.66806030273438 359.1706237792969 
v 1407.3438720703125 243.7650909423828 362.2016906738281 
v 1407.343994140625 152.66806030273438 362.2016906738281 
v 1403.8438720703125 243.7650909423828 362.2016906738281 
v 1403.843994140625 152.66806030273438 362.2016906738281 
v 1402.0938720703125 243.7650909423828 359.1706237792969 
v 1402.093994140625 152.66806030273438 359.1706237792969 
v 1393.279296875 111.71489715576172 231.4075469970703 
v 1389.455078125 111.71489715576172 231.4075469970703 
v 1389.455078125 111.71487426757812 380.64031982421875 
v 1389.455078125 288.80303955078125 232.40756225585938 
v 1392.3668212890625 288.7283020019531 355.5737609863281 
v 1389.455078125 288.80303955078125 355.6082763671875 
v 1392.36474609375 260.5772399902344 379.5622863769531 
v 1389.455078125 260.60595703125 379.6402893066406 
v 1392.279296875 112.71487426757812 379.640380859375 
v 1389.455078125 112.71487426757812 379.640380859375 
v 1392.279296875 112.71489715576172 232.40756225585938 
v 1389.455078125 112.71489715576172 232.40756225585938 
v 1392.279296875 288.80303955078125 232.40756225585938 
v 1389.455078125 288.80303955078125 232.40756225585938 
v 1392.279296875 112.71487426757812 379.640380859375 
v 1392.279296875 112.71489715576172 232.40756225585938 
v 1392.36474609375 260.5772399902344 379.5622863769531 
v 1392.279296875 288.80303955078125 232.40756225585938 
v 1392.3668212890625 288.7283020019531 355.5737609863281 
v 1392.279296875 112.71489715576172 232.40756225585938 
v 1389.455078125 112.71487426757812 379.640380859375 
v 1392.279296875 112.71487426757812 379.640380859375 
v 1392.3668212890625 288.7283020019531 355.5737609863281 
v 1392.279296875 288.80303955078125 232.40756225585938 
v 1389.455078125 288.80303955078125 232.40756225585938 
v 1392.279296875 112.71489715576172 232.40756225585938 
v 1389.455078125 112.71489715576172 232.40756225585938 
v 1389.455078125 112.71487426757812 379.640380859375 
v 1389.455078125 111.71489715576172 231.4075469970703 
v 1389.455078125 289.80303955078125 231.4075469970703 
v 1389.455078125 112.71489715576172 232.40756225585938 
v 1389.455078125 288.80303955078125 232.40756225585938 
v 1389.455078125 111.71489715576172 231.4075469970703 
v 1389.455078125 112.71489715576172 232.40756225585938 
v 1389.455078125 111.71487426757812 380.64031982421875 
v 1389.455078125 112.71487426757812 379.640380859375 
v 1389.455078125 111.71487426757812 380.64031982421875 
v 1389.455078125 112.71487426757812 379.640380859375 
v 1389.455078125 260.9742736816406 380.64031982421875 
v 1389.455078125 260.60595703125 379.6402893066406 
v 1389.455078125 289.80303955078125 231.4075469970703 
v 1389.455078125 289.80303955078125 356.0699462890625 
v 1389.455078125 288.80303955078125 232.40756225585938 
v 1389.455078125 288.80303955078125 355.6082763671875 
v 1389.455078125 260.9742736816406 380.64031982421875 
v 1389.455078125 260.60595703125 379.6402893066406 
v 1143.033935546875 249.7495880126953 525.0934448242188 
v 1143.033935546875 249.7495880126953 521.593505859375 
v 1140.0029296875 249.7495880126953 526.8434448242188 
v 1136.9718017578125 249.7495880126953 525.0934448242188 
v 1136.9718017578125 249.7495880126953 521.593505859375 
v 1140.0029296875 249.7495880126953 519.843505859375 
v 1140.0029296875 242.82894897460938 523.9241333007812 
v 1137.934814453125 243.94163513183594 523.9241333007812 
v 1137.934814453125 243.94161987304688 509.64306640625 
v 1137.934814453125 246.32974243164062 509.64306640625 
v 1137.934814453125 246.3297576904297 523.9242553710938 
v 1140.0029296875 247.44244384765625 523.9241333007812 
v 1140.0029296875 247.44241333007812 509.64306640625 
v 1142.071044921875 246.32974243164062 509.64306640625 
v 1142.071044921875 246.3297576904297 523.9242553710938 
v 1142.071044921875 243.94161987304688 509.64306640625 
v 1142.071044921875 243.94163513183594 523.9241333007812 
v 1140.0029296875 242.82894897460938 523.9241333007812 
v 1140.0029296875 242.82891845703125 509.6429748535156 
v 1140.0029296875 164.64332580566406 523.9241333007812 
v 1142.071044921875 163.5306396484375 509.64306640625 
v 1142.071044921875 163.53062438964844 523.9242553710938 
v 1142.071044921875 161.1425323486328 509.64306640625 
v 1142.071044921875 161.14251708984375 523.9242553710938 
v 1140.0029296875 160.02980041503906 523.9241333007812 
v 1140.0029296875 160.02981567382812 509.6429748535156 
v 1137.934814453125 161.1425323486328 509.64306640625 
v 1137.934814453125 161.14251708984375 523.9242553710938 
v 1137.934814453125 163.5306396484375 509.64306640625 
v 1137.934814453125 163.53062438964844 523.9242553710938 
v 1140.0029296875 164.64332580566406 523.9241333007812 
v 1140.0029296875 164.64334106445312 509.6429748535156 
v 1140.0029296875 158.65252685546875 519.843505859375 
v 1136.9718017578125 158.65252685546875 521.593505859375 
v 1143.033935546875 158.65252685546875 521.593505859375 
v 1136.9718017578125 158.65252685546875 525.0934448242188 
v 1140.0029296875 158.65252685546875 526.8434448242188 
v 1143.033935546875 158.65252685546875 525.0934448242188 
v 1137.934814453125 243.94161987304688 509.64306640625 
v 1140.0029296875 242.82891845703125 509.6429748535156 
v 1140.0029296875 242.82894897460938 523.9241333007812 
v 1142.071044921875 163.5306396484375 509.64306640625 
v 1140.0029296875 164.64332580566406 523.9241333007812 
v 1140.0029296875 164.64334106445312 509.6429748535156 
v 1065.916015625 298.8838806152344 477.9720458984375 
v 1065.916015625 292.9849853515625 472.52215576171875 
v 1065.916015625 266.58544921875 510.2704162597656 
v 1065.916015625 260.68658447265625 504.8205261230469 
v 1075.6885986328125 299.3329162597656 349.2620544433594 
v 1065.916015625 293.39031982421875 361.2641296386719 
v 1065.916015625 299.2891845703125 361.79486083984375 
v 1065.916015625 292.9849853515625 472.52215576171875 
v 1065.916015625 298.8838806152344 477.9720458984375 
v 1150.0068359375 298.8838806152344 477.9720458984375 
v 1065.916015625 299.2891845703125 361.79486083984375 
v 1150.0068359375 299.2892150878906 361.79486083984375 
v 1075.6885986328125 299.3329162597656 349.2620544433594 
v 1150.0068359375 299.3329162597656 349.2620544433594 
v 1065.916015625 266.58544921875 510.2704162597656 
v 1065.916015625 260.68658447265625 504.8205261230469 
v 1065.916015625 121.78028869628906 510.6954650878906 
v 1065.916015625 121.4660873413086 505.24578857421875 
v 1072.74560546875 113.63336944580078 510.719482421875 
v 1072.74560546875 113.63338470458984 505.2696228027344 
v 1072.74560546875 113.63336944580078 510.719482421875 
v 1150.0068359375 121.78030395507812 510.6954650878906 
v 1065.916015625 121.78028869628906 510.6954650878906 
v 1150.0068359375 266.58544921875 510.2704162597656 
v 1065.916015625 266.58544921875 510.2704162597656 
v 1150.0068359375 266.58544921875 510.2704162597656 
v 1065.916015625 266.58544921875 510.2704162597656 
v 1150.0068359375 298.8838806152344 477.9720458984375 
v 1065.916015625 298.8838806152344 477.9720458984375 
v 1140.0029296875 249.7495880126953 519.843505859375 
v 1136.9718017578125 249.7495880126953 521.593505859375 
v 1140.0029296875 158.65252685546875 519.843505859375 
v 1136.9718017578125 158.65252685546875 521.593505859375 
v 1136.9718017578125 249.7495880126953 525.0934448242188 
v 1136.9718017578125 158.65252685546875 525.0934448242188 
v 1140.0029296875 249.7495880126953 526.8434448242188 
v 1140.0029296875 158.65252685546875 526.8434448242188 
v 1143.033935546875 249.7495880126953 525.0934448242188 
v 1143.033935546875 158.65252685546875 525.0934448242188 
v 1143.033935546875 249.7495880126953 521.593505859375 
v 1143.033935546875 158.65252685546875 521.593505859375 
v 1140.0029296875 249.7495880126953 519.843505859375 
v 1140.0029296875 158.65252685546875 519.843505859375 
v 1072.74560546875 113.63336944580078 510.719482421875 
v 1150.0068359375 113.63338470458984 510.719482421875 
v 1150.0068359375 121.78030395507812 510.6954650878906 
v 1065.916015625 299.2891845703125 361.79486083984375 
v 1150.0068359375 298.8838806152344 477.9720458984375 
v 1065.916015625 298.8838806152344 477.9720458984375 
v 1075.6885986328125 299.3329162597656 349.2620544433594 
v 1075.6885986328125 293.43408203125 349.2620544433594 
v 1065.916015625 293.39031982421875 361.2641296386719 
v 1066.828857421875 297.8081359863281 477.5242919921875 
v 1066.9161376953125 292.9849853515625 472.52215576171875 
v 1066.828857421875 266.1379089355469 509.1944580078125 
v 1066.9161376953125 260.68658447265625 504.8205261230469 
v 1066.828857421875 297.8081359863281 477.5242919921875 
v 1066.9713134765625 298.36920166015625 362.14495849609375 
v 1066.9161376953125 292.9849853515625 472.52215576171875 
v 1066.9124755859375 293.38427734375 361.62213134765625 
v 1076.466796875 298.3353271484375 349.8814697265625 
v 1150.0068359375 298.3329162597656 349.2585144042969 
v 1076.466796875 298.3353271484375 349.8814697265625 
v 1150.0068359375 298.2892150878906 361.79132080078125 
v 1066.9713134765625 298.36920166015625 362.14495849609375 
v 1150.0068359375 297.88531494140625 477.55633544921875 
v 1066.97900390625 122.15753936767578 509.77783203125 
v 1066.9161376953125 260.68658447265625 504.8205261230469 
v 1066.828857421875 266.1379089355469 509.1944580078125 
v 1066.828857421875 266.1379089355469 509.1944580078125 
v 1066.97900390625 122.15753936767578 509.77783203125 
v 1150.0068359375 266.1700134277344 509.271728515625 
v 1150.0068359375 121.7773666381836 509.69561767578125 
v 1073.502685546875 114.2801513671875 509.7221374511719 
v 1150.0068359375 266.1700134277344 509.271728515625 
v 1150.0068359375 297.88531494140625 477.55633544921875 
v 1066.828857421875 266.1379089355469 509.1944580078125 
v 1066.828857421875 297.8081359863281 477.5242919921875 
v 1073.502685546875 114.2801513671875 509.7221374511719 
v 1150.0068359375 113.63044738769531 509.719482421875 
v 1150.0068359375 121.7773666381836 509.69561767578125 
v 1066.9713134765625 298.36920166015625 362.14495849609375 
v 1150.0068359375 297.88531494140625 477.55633544921875 
v 1066.828857421875 297.8081359863281 477.5242919921875 
v 1076.466796875 298.3353271484375 349.8814697265625 
v 1076.4639892578125 293.4340515136719 349.8934631347656 
v 1066.9124755859375 293.38427734375 361.62213134765625 
v 1066.9161376953125 292.9849853515625 472.52215576171875 
v 1065.916015625 260.68658447265625 504.8205261230469 
v 1065.916015625 292.9849853515625 472.52215576171875 
v 1066.9161376953125 260.68658447265625 504.8205261230469 
v 1072.74560546875 113.63338470458984 505.2696228027344 
v 1073.502685546875 114.2801513671875 509.7221374511719 
v 1072.74560546875 113.63336944580078 510.719482421875 
v 1073.499267578125 114.29057312011719 505.2696228027344 
v 1150.0068359375 299.3329162597656 349.2620544433594 
v 1076.466796875 298.3353271484375 349.8814697265625 
v 1075.6885986328125 299.3329162597656 349.2620544433594 
v 1150.0068359375 298.3329162597656 349.2585144042969 
v 1150.0068359375 113.63044738769531 509.719482421875 
v 1150.0068359375 121.78030395507812 510.6954650878906 
v 1150.0068359375 113.63338470458984 510.719482421875 
v 1150.0068359375 121.7773666381836 509.69561767578125 
v 1150.0068359375 121.78030395507812 510.6954650878906 
v 1150.0068359375 266.1700134277344 509.271728515625 
v 1150.0068359375 266.58544921875 510.2704162597656 
v 1150.0068359375 121.7773666381836 509.69561767578125 
v 1066.97900390625 122.15753936767578 509.77783203125 
v 1073.502685546875 114.2801513671875 509.7221374511719 
v 1066.9130859375 121.8419418334961 505.2415771484375 
v 1073.499267578125 114.29057312011719 505.2696228027344 
v 1072.74560546875 113.63338470458984 505.2696228027344 
v 1065.916015625 121.4660873413086 505.24578857421875 
v 1065.916015625 260.68658447265625 504.8205261230469 
v 1066.9161376953125 260.68658447265625 504.8205261230469 
v 1150.0068359375 298.3329162597656 349.2585144042969 
v 1150.0068359375 298.2892150878906 361.79132080078125 
v 1150.0068359375 299.3329162597656 349.2620544433594 
v 1150.0068359375 299.2892150878906 361.79486083984375 
v 1150.0068359375 297.88531494140625 477.55633544921875 
v 1150.0068359375 298.8838806152344 477.9720458984375 
v 1072.74560546875 113.63336944580078 510.719482421875 
v 1073.502685546875 114.2801513671875 509.7221374511719 
v 1150.0068359375 113.63338470458984 510.719482421875 
v 1150.0068359375 113.63044738769531 509.719482421875 
v 1065.916015625 293.39031982421875 361.2641296386719 
v 1075.6885986328125 293.43408203125 349.2620544433594 
v 1066.9124755859375 293.38427734375 361.62213134765625 
v 1076.4639892578125 293.4340515136719 349.8934631347656 
v 1075.6885986328125 299.3329162597656 349.2620544433594 
v 1076.466796875 298.3353271484375 349.8814697265625 
v 1075.6885986328125 293.43408203125 349.2620544433594 
v 1076.4639892578125 293.4340515136719 349.8934631347656 
v 1150.0068359375 266.58544921875 510.2704162597656 
v 1150.0068359375 266.1700134277344 509.271728515625 
v 1150.0068359375 298.8838806152344 477.9720458984375 
v 1150.0068359375 297.88531494140625 477.55633544921875 
v 1065.916015625 293.39031982421875 361.2641296386719 
v 1066.9124755859375 293.38427734375 361.62213134765625 
v 1065.916015625 292.9849853515625 472.52215576171875 
v 1066.9161376953125 292.9849853515625 472.52215576171875 
vn -2.0682311115474694e-13 0 -1 
vn -2.0682311115474694e-13 0 -1 
vn -2.0682311115474694e-13 0 -1 
vn -2.0682311115474694e-13 0 -1 
vn 0 0 1 
vn 0 0 1 
vn 0 0 1 
vn 0 0 1 
vn 0 0 1 
vn 0 0 1 
vn 0 0 1 
vn 0 0 1 
vn 0 0 1 
vn 0 0 1 
vn 3.097898456858039e-13 -0.999997615814209 0.002184694167226553 
vn 3.097898456858039e-13 -0.999997615814209 0.002184694167226553 
vn 0.0018886204343289137 -0.9967329502105713 -0.08074574917554855 
vn 3.097898456858039e-13 -0.999997615814209 0.002184694167226553 
vn 0.003775948192924261 -0.992782473564148 -0.11986933648586273 
vn 3.097898456858039e-13 -0.999997615814209 0.002184694167226553 
vn 3.097898456858039e-13 -0.999997615814209 0.002184694167226553 
vn 0.0018886204343289137 -0.9967329502105713 -0.08074574917554855 
vn -0.0018905125325545669 -0.6198199391365051 -0.7847417593002319 
vn 1.9149868594071223e-13 -0.6163880825042725 -0.7874425053596497 
vn -2.0682311115474694e-13 0 -1 
vn -2.0682311115474694e-13 0 -1 
vn -2.0682311115474694e-13 0 -1 
vn 3.097898456858039e-13 -0.999997615814209 0.002184694167226553 
vn 3.097898456858039e-13 -0.999997615814209 0.002184694167226553 
vn 3.097898456858039e-13 -0.999997615814209 0.002184694167226553 
vn -2.0682311115474694e-13 0 -1 
vn 2.0682311115474694e-13 4.2775797696334704e-26 -1 
vn 1.9149868594071223e-13 -0.6163880825042725 -0.7874425053596497 
vn 2.0682311115474694e-13 4.2775797696334704e-26 -1 
vn 2.0682311115474694e-13 4.2775797696334704e-26 -1 
vn 3.097898456858039e-13 -0.999997615814209 0.002184694167226553 
vn 3.097898456858039e-13 -0.999997615814209 0.002184694167226553 
vn 3.097898456858039e-13 -0.999997615814209 0.002184694167226553 
vn 3.097898456858039e-13 -0.999997615814209 0.002184694167226553 
vn 3.097898456858039e-13 -0.999997615814209 0.002184694167226553 
vn -1.0341130485562108e-13 0.999997615814209 -0.002184694167226553 
vn -1.0341130485562108e-13 0.999997615814209 -0.002184694167226553 
vn -1.0341130485562108e-13 0.999997615814209 -0.002184694167226553 
vn -1.0341130485562108e-13 0.999997615814209 -0.002184694167226553 
vn -1.0341130485562108e-13 0.999997615814209 -0.002184694167226553 
vn -1.0341130485562108e-13 0.999997615814209 -0.002184694167226553 
vn -1.0341130485562108e-13 0.999997615814209 0.002184694167226553 
vn -1.0341130485562108e-13 0.999997615814209 0.002184694167226553 
vn -1.0341130485562108e-13 0.999997615814209 0.002184694167226553 
vn -1.0341130485562108e-13 0.999997615814209 0.002184694167226553 
vn -1.0341130485562108e-13 0.999997615814209 0.002184694167226553 
vn -1.0341130485562108e-13 0.999997615814209 0.002184694167226553 
vn -1.0341130485562108e-13 0.999997615814209 -0.002184694167226553 
vn -1.0341130485562108e-13 0.999997615814209 -0.002184694167226553 
vn -1.0341130485562108e-13 0.999997615814209 -0.002184694167226553 
vn -1.0341130485562108e-13 0.999997615814209 -0.002184694167226553 
vn -1.0341130485562108e-13 0.999997615814209 -0.002184694167226553 
vn -1.0341130485562108e-13 0.999997615814209 -0.002184694167226553 
vn -1.0341130485562108e-13 0.999997615814209 -0.002184694167226553 
vn -1.0341130485562108e-13 0.999997615814209 -0.002184694167226553 
vn -1.0341130485562108e-13 0.999997615814209 -0.002184694167226553 
vn -1.0341130485562108e-13 0.999997615814209 -0.002184694167226553 
vn -1.0341130485562108e-13 0.999997615814209 -0.002184694167226553 
vn 0.999997615814209 0 -0.002184694167226553 
vn 0.924505352973938 0 -0.3811691105365753 
vn 0.999997615814209 0 0.002184694167226553 
vn 0.924505352973938 0 -0.3811691105365753 
vn 0.3831879794597626 0 -0.9236704111099243 
vn 0.3831879794597626 0 -0.9236704111099243 
vn -0.3831879794597626 -7.925212949008026e-14 -0.9236704111099243 
vn -0.3831879794597626 -7.925212949008026e-14 -0.9236704111099243 
vn -0.9244976043701172 -0.0037768674083054066 -0.3811691105365753 
vn -0.9244976043701172 0.0037768674083054066 -0.3811691105365753 
vn -0.999997615814209 -2.0682260971124217e-13 -0.002184694167226553 
vn -0.999997615814209 -2.0682260971124217e-13 0.002184694167226553 
vn -0.999997615814209 -2.0682260971124217e-13 -0.002184694167226553 
vn -0.999997615814209 -2.0682260971124217e-13 0.002184694167226553 
vn 0.0018878303235396743 0.7078762650489807 -0.7063339352607727 
vn 0.0018878303235396743 0.7078762650489807 -0.7063339352607727 
vn 0.0018878303235396743 0.7078762650489807 -0.7063339352607727 
vn 0.0018878303235396743 0.7078762650489807 -0.7063339352607727 
vn -0.999997615814209 -2.0682260971124217e-13 -0.002184694167226553 
vn -0.999997615814209 -2.0682260971124217e-13 -0.002184694167226553 
vn -0.999997615814209 -2.0682260971124217e-13 -0.002184694167226553 
vn -0.999997615814209 -2.0682260971124217e-13 0.002184694167226553 
vn -0.999997615814209 -2.0682260971124217e-13 0.002184694167226553 
vn -0.999997615814209 -2.0682260971124217e-13 0.002184694167226553 
vn 3.097898456858039e-13 -0.999997615814209 0.002184694167226553 
vn 3.097898456858039e-13 -0.999997615814209 0.002184694167226553 
vn 3.097898456858039e-13 -0.999997615814209 0.002184694167226553 
vn 3.097898456858039e-13 -0.999997615814209 0.002184694167226553 
vn 3.097898456858039e-13 -0.999997615814209 0.002184694167226553 
vn 3.097898456858039e-13 -0.999997615814209 0.002184694167226553 
vn -2.0682311115474694e-13 0 -1 
vn -2.0682311115474694e-13 0 -1 
vn 2.0682311115474694e-13 4.2775797696334704e-26 -1 
vn -2.0682311115474694e-13 0 -1 
vn 2.0682311115474694e-13 4.2775797696334704e-26 -1 
vn 2.0682311115474694e-13 4.2775797696334704e-26 -1 
vn -2.0682311115474694e-13 0 -1 
vn -2.0682311115474694e-13 0 -1 
vn 3.097898456858039e-13 -0.999997615814209 0.002184694167226553 
vn 0.0018876449903473258 -0.9866044521331787 -0.16312000155448914 
vn 3.097898456858039e-13 -0.999997615814209 0.002184694167226553 
vn 3.097898456858039e-13 -0.999997615814209 0.002184694167226553 
vn 3.097898456858039e-13 -0.999997615814209 0.002184694167226553 
vn -0.0018874495290219784 -0.9696800708770752 -0.24437066912651062 
vn 3.097898456858039e-13 -0.999997615814209 0.002184694167226553 
vn 3.097898456858039e-13 -0.999997615814209 0.002184694167226553 
vn 0.0018876449903473258 -0.9866044521331787 -0.16312000155448914 
vn 3.097898456858039e-13 -0.999997615814209 0.002184694167226553 
vn 3.097898456858039e-13 -0.999997615814209 0.002184694167226553 
vn 3.097898456858039e-13 -0.999997615814209 0.002184694167226553 
vn -2.0682311115474694e-13 0 -1 
vn -2.0682311115474694e-13 0 -1 
vn 0.0037752932403236628 -0.5119205117225647 -0.8590245246887207 
vn 0.0037752932403236628 -0.5119205117225647 -0.8590245246887207 
vn 0.0037752932403236628 -0.5119205117225647 -0.8590245246887207 
vn -2.0682311115474694e-13 0 -1 
vn -2.0682311115474694e-13 0 -1 
vn -2.0682311115474694e-13 0 -1 
vn -2.0682311115474694e-13 0 -1 
vn -2.0682311115474694e-13 0 -1 
vn -2.0682311115474694e-13 0 -1 
vn -2.0682311115474694e-13 0 -1 
vn -2.0682311115474694e-13 0 -1 
vn -2.0682311115474694e-13 0 -1 
vn -2.0682311115474694e-13 0 -1 
vn -2.0682311115474694e-13 0 -1 
vn -2.0682311115474694e-13 0 -1 
vn -2.0682311115474694e-13 0 -1 
vn -2.0682311115474694e-13 0 -1 
vn -2.0682311115474694e-13 0 -1 
vn -2.0682311115474694e-13 0 -1 
vn -2.0682311115474694e-13 0 -1 
vn -2.0682311115474694e-13 0 -1 
vn -2.0682311115474694e-13 0 -1 
vn -2.0682311115474694e-13 0 -1 
vn -2.0682311115474694e-13 0 -1 
vn -1.0341130485562108e-13 0.999997615814209 -0.002184694167226553 
vn -1.0341130485562108e-13 0.999997615814209 -0.002184694167226553 
vn -1.0341130485562108e-13 0.999997615814209 0.002184694167226553 
vn -1.0341130485562108e-13 0.999997615814209 0.002184694167226553 
vn -1.0341130485562108e-13 0.999997615814209 -0.002184694167226553 
vn -1.0341130485562108e-13 0.999997615814209 -0.002184694167226553 
vn -1.0341130485562108e-13 0.999997615814209 -0.002184694167226553 
vn -1.0341130485562108e-13 0.999997615814209 0.002184694167226553 
vn -1.0341130485562108e-13 0.999997615814209 0.002184694167226553 
vn -1.0341130485562108e-13 0.999997615814209 0.002184694167226553 
vn -1.0341130485562108e-13 0.999997615814209 -0.002184694167226553 
vn -1.0341130485562108e-13 0.999997615814209 0.002184694167226553 
vn -1.0341130485562108e-13 0.999997615814209 -0.002184694167226553 
vn -1.0341130485562108e-13 0.999997615814209 -0.002184694167226553 
vn -0.999997615814209 -2.0682260971124217e-13 -0.002184694167226553 
vn -0.999997615814209 -2.0682260971124217e-13 -0.002184694167226553 
vn -0.999997615814209 -2.0682260971124217e-13 -0.002184694167226553 
vn -0.9999691247940063 0.007551815826445818 -0.002184694167226553 
vn -0.999997615814209 -2.0682260971124217e-13 -0.002184694167226553 
vn -0.999997615814209 -2.0682260971124217e-13 0.002184694167226553 
vn -0.999997615814209 -2.0682260971124217e-13 -0.002184694167226553 
vn -0.999997615814209 -2.0682260971124217e-13 -0.002184694167226553 
vn -0.999997615814209 -2.0682260971124217e-13 0.002184694167226553 
vn -0.999997615814209 -2.0682260971124217e-13 0.002184694167226553 
vn -0.999997615814209 -2.0682260971124217e-13 0.002184694167226553 
vn -0.999997615814209 -2.0682260971124217e-13 0.002184694167226553 
vn -0.999997615814209 -2.0682260971124217e-13 0.002184694167226553 
vn -0.999997615814209 -2.0682260971124217e-13 0.002184694167226553 
vn 0 0 1 
vn 0 0 1 
vn 0 0 1 
vn 0 0 1 
vn 0 0 1 
vn 0 0 1 
vn 0 0 1 
vn 0 0 1 
vn 0 0 1 
vn 0 0 1 
vn 0 0 1 
vn 3.097898456858039e-13 -0.999997615814209 0.002184694167226553 
vn 3.097898456858039e-13 -0.999997615814209 0.002184694167226553 
vn 3.097898456858039e-13 -0.999997615814209 0.002184694167226553 
vn 3.097898456858039e-13 -0.999997615814209 0.002184694167226553 
vn -0.999997615814209 -2.0682260971124217e-13 0.002184694167226553 
vn -0.999997615814209 -2.0682260971124217e-13 -0.002184694167226553 
vn -0.999997615814209 -2.0682260971124217e-13 -0.002184694167226553 
vn -0.999997615814209 -2.0682260971124217e-13 -0.002184694167226553 
vn -0.999997615814209 -2.0682260971124217e-13 0.002184694167226553 
vn -0.999997615814209 -2.0682260971124217e-13 0.002184694167226553 
vn -0.999997615814209 -2.0682260971124217e-13 0.002184694167226553 
vn -0.999997615814209 -2.0682260971124217e-13 0.002184694167226553 
vn -2.0682311115474694e-13 0 -1 
vn -2.0682311115474694e-13 0 -1 
vn -2.0682311115474694e-13 0 -1 
vn -2.0682311115474694e-13 0 -1 
vn -2.0682311115474694e-13 0 -1 
vn -2.0682311115474694e-13 0 -1 
vn -2.0682311115474694e-13 0 -1 
vn -0.6799074411392212 -0.733294665813446 -0.002184694167226553 
vn -0.6799074411392212 -0.733294665813446 0.002184694167226553 
vn -0.6799074411392212 -0.733294665813446 -0.002184694167226553 
vn -0.6799074411392212 -0.733294665813446 0.002184694167226553 
vn -2.0682311115474694e-13 0 -1 
vn -2.0682311115474694e-13 0 -1 
vn -2.0682311115474694e-13 0 -1 
vn -2.0682311115474694e-13 0 -1 
vn -2.0682311115474694e-13 0 -1 
vn -2.0682311115474694e-13 0 -1 
vn 0 0 1 
vn 0 0 1 
vn 0 0 1 
vn 0 0 1 
vn 0 0 1 
vn 0 0 1 
vn 0 0 1 
vn 0 0 1 
vn -0.999997615814209 -2.0682260971124217e-13 0.002184694167226553 
vn -0.9238772988319397 0.38268253207206726 0.002184694167226553 
vn -0.999997615814209 -2.0682260971124217e-13 0.002184694167226553 
vn -0.9238772988319397 0.38268253207206726 0.002184694167226553 
vn -0.999997615814209 -2.0682260971124217e-13 0.002184694167226553 
vn -0.9238772988319397 0.38268253207206726 0.002184694167226553 
vn -0.38268253207206726 0.9238772988319397 0.002184694167226553 
vn -0.38268253207206726 0.9238772988319397 0.002184694167226553 
vn -1.0341130485562108e-13 0.999997615814209 0.002184694167226553 
vn -1.0341130485562108e-13 0.999997615814209 0.002184694167226553 
vn 0.38268253207206726 0.9238772988319397 0.002184694167226553 
vn 0.38268253207206726 0.9238772988319397 0.002184694167226553 
vn 0.9238772988319397 0.38268253207206726 0.002184694167226553 
vn 0.9238772988319397 0.38268253207206726 0.002184694167226553 
vn 0.999997615814209 0 0.002184694167226553 
vn 0.999997615814209 0 0.002184694167226553 
vn 0.9238772988319397 0.38268253207206726 0.002184694167226553 
vn 0.999997615814209 0 0.002184694167226553 
vn 0.999997615814209 0 0.002184694167226553 
vn 0 0 1 
vn 0 0 1 
vn 0 0 1 
vn 0 0 1 
vn 0 0 1 
vn 0 0 1 
vn 0 0 1 
vn 0 0 1 
vn 0 0 1 
vn 0 0 1 
vn 0 0 1 
vn 0 0 1 
vn 0 0 1 
vn 0 0 1 
vn 0 0 1 
vn 0 0 1 
vn 0 0 1 
vn 0 0 1 
vn 3.097898456858039e-13 -0.999997615814209 0.002184694167226553 
vn 3.097898456858039e-13 -0.999997615814209 0.002184694167226553 
vn 3.097898456858039e-13 -0.999997615814209 0.002184694167226553 
vn 3.097898456858039e-13 -0.999997615814209 0.002184694167226553 
vn 3.097898456858039e-13 -0.999997615814209 0.002184694167226553 
vn 3.097898456858039e-13 -0.999997615814209 0.002184694167226553 
vn -0.999997615814209 -2.0682260971124217e-13 -0.002184694167226553 
vn -0.999997615814209 -2.0682260971124217e-13 -0.002184694167226553 
vn -0.999997615814209 -2.0682260971124217e-13 0.002184694167226553 
vn -0.999997615814209 -2.0682260971124217e-13 0.002184694167226553 
vn 3.097898456858039e-13 -0.999997615814209 0.002184694167226553 
vn 3.097898456858039e-13 -0.999997615814209 0.002184694167226553 
vn 3.097898456858039e-13 -0.999997615814209 0.002184694167226553 
vn 3.097898456858039e-13 -0.999997615814209 0.002184694167226553 
vn 3.097898456858039e-13 -0.999997615814209 0.002184694167226553 
vn 3.097898456858039e-13 -0.999997615814209 0.002184694167226553 
vn 3.097898456858039e-13 -0.999997615814209 0.002184694167226553 
vn 3.097898456858039e-13 -0.999997615814209 0.002184694167226553 
vn 3.097898456858039e-13 -0.999997615814209 0.002184694167226553 
vn 3.097898456858039e-13 -0.999997615814209 0.002184694167226553 
vn 3.097898456858039e-13 -0.999997615814209 0.002184694167226553 
vn 3.097898456858039e-13 -0.999997615814209 0.002184694167226553 
vn 3.097898456858039e-13 -0.999997615814209 0.002184694167226553 
vn 3.097898456858039e-13 -0.999997615814209 0.002184694167226553 
vn -2.0682311115474694e-13 0 -1 
vn -2.0682311115474694e-13 0 -1 
vn -2.0682311115474694e-13 0 -1 
vn -2.0682311115474694e-13 0 -1 
vn 3.097898456858039e-13 -0.999997615814209 0.002184694167226553 
vn 3.097898456858039e-13 -0.999997615814209 0.002184694167226553 
vn 3.097898456858039e-13 -0.999997615814209 0.002184694167226553 
vn 3.097898456858039e-13 -0.999997615814209 0.002184694167226553 
vn 0 0 1 
vn 0 0 1 
vn 0 0 1 
vn 0 0 1 
vn 3.097898456858039e-13 -0.999997615814209 0.002184694167226553 
vn 3.097898456858039e-13 -0.999997615814209 0.002184694167226553 
vn 3.097898456858039e-13 -0.999997615814209 0.002184694167226553 
vn 3.097898456858039e-13 -0.999997615814209 0.002184694167226553 
vn 0.999997615814209 0 0.002184694167226553 
vn 0.999997615814209 0 0.002184694167226553 
vn 0.999997615814209 0 0.002184694167226553 
vn 0.999997615814209 0 0.002184694167226553 
vn 0.999997615814209 0 0.002184694167226553 
vn 0.999997615814209 0 -0.002184694167226553 
vn 0.999997615814209 0 0.002184694167226553 
vn 0.999997615814209 0 -0.002184694167226553 
vn 0.999997615814209 0 0.002184694167226553 
vn 0.999997615814209 0 0.002184694167226553 
vn 0.999997615814209 0 0.002184694167226553 
vn 0.999997615814209 0 0.002184694167226553 
vn 0.999997615814209 0 0.002184694167226553 
vn 0.999997615814209 0 0.002184694167226553 
vn 0.999997615814209 0 -0.002184694167226553 
vn 0.999997615814209 0 -0.002184694167226553 
vn -0.999997615814209 -2.0682260971124217e-13 -0.002184694167226553 
vn -0.999997615814209 -2.0682260971124217e-13 -0.002184694167226553 
vn -0.999997615814209 -2.0682260971124217e-13 -0.002184694167226553 
vn -0.999997615814209 -2.0682260971124217e-13 0.002184694167226553 
vn -0.999997615814209 -2.0682260971124217e-13 0.002184694167226553 
vn -0.999997615814209 -2.0682260971124217e-13 0.002184694167226553 
vn -0.999997615814209 -2.0682260971124217e-13 0.002184694167226553 
vn -0.999997615814209 -2.0682260971124217e-13 0.002184694167226553 
vn -0.999997615814209 -2.0682260971124217e-13 -0.002184694167226553 
vn -0.999997615814209 -2.0682260971124217e-13 -0.002184694167226553 
vn -0.999997615814209 -2.0682260971124217e-13 0.002184694167226553 
vn -0.999997615814209 -2.0682260971124217e-13 0.002184694167226553 
vn -0.999997615814209 -2.0682260971124217e-13 -0.002184694167226553 
vn -0.999997615814209 -2.0682260971124217e-13 -0.002184694167226553 
vn 0.0018835372757166624 -0.6535061001777649 0.7569189071655273 
vn -0.0018877115799114108 -0.9794287085533142 0.2017817199230194 
vn 0.0018835372757166624 -0.6535061001777649 0.7569189071655273 
vn 0.0018857949180528522 -0.9088032245635986 0.417220801115036 
vn 3.097898456858039e-13 -0.999997615814209 0.002184694167226553 
vn 3.097898456858039e-13 -0.999997615814209 0.002184694167226553 
vn 3.097898456858039e-13 -0.999997615814209 0.002184694167226553 
vn 3.097898456858039e-13 -0.999997615814209 0.002184694167226553 
vn 3.097898456858039e-13 -0.999997615814209 0.002184694167226553 
vn 3.097898456858039e-13 -0.999997615814209 0.002184694167226553 
vn 3.097898456858039e-13 -0.999997615814209 0.002184694167226553 
vn 3.097898456858039e-13 -0.999997615814209 0.002184694167226553 
vn 3.097898456858039e-13 -0.999997615814209 0.002184694167226553 
vn 3.097898456858039e-13 -0.999997615814209 0.002184694167226553 
vn 3.097898456858039e-13 -0.999997615814209 0.002184694167226553 
vn 3.097898456858039e-13 -0.999997615814209 0.002184694167226553 
vn -0.0018877115799114108 -0.9794287085533142 0.2017817199230194 
vn 0.0018857949180528522 -0.9088032245635986 0.417220801115036 
vn 0.0018835372757166624 -0.6535061001777649 0.7569189071655273 
vn 0.0018835372757166624 -0.6535061001777649 0.7569189071655273 
vn 3.097898456858039e-13 -0.999997615814209 0.002184694167226553 
vn 3.097898456858039e-13 -0.999997615814209 0.002184694167226553 
vn 3.097898456858039e-13 -0.999997615814209 0.002184694167226553 
vn 3.097898456858039e-13 -0.999997615814209 0.002184694167226553 
vn -1.0341130485562108e-13 0.999997615814209 -0.002184694167226553 
vn -1.0341130485562108e-13 0.999997615814209 -0.002184694167226553 
vn -1.0341130485562108e-13 0.999997615814209 -0.002184694167226553 
vn -1.0341130485562108e-13 0.999997615814209 -0.002184694167226553 
vn -1.0341130485562108e-13 0.999997615814209 -0.002184694167226553 
vn 0 0 1 
vn 0 0 1 
vn 0 0 1 
vn 0 0 1 
vn -2.0682311115474694e-13 0 -1 
vn -2.0682311115474694e-13 0 -1 
vn -2.0682311115474694e-13 0 -1 
vn -2.0682311115474694e-13 0 -1 
vn -0.0018859856063500047 -0.7047832608222961 0.7094202041625977 
vn -0.0018859856063500047 -0.7047832608222961 0.7094202041625977 
vn -0.0018859856063500047 -0.7047832608222961 0.7094202041625977 
vn -0.0018859856063500047 -0.7047832608222961 0.7094202041625977 
vn 0 0 1 
vn 0 0 1 
vn 0 0 1 
vn 0 0 1 
vn 0 0 1 
vn 0 0 1 
vn 0 0 1 
vn 0 0 1 
vn 0 0 1 
vn 0 0 1 
vn 0 0 1 
vn 0 0 1 
vn 0.999997615814209 0 0.002184694167226553 
vn 0.999997615814209 0 -0.002184694167226553 
vn 0.9951823353767395 0.0980169028043747 -0.002184694167226553 
vn 0.991767942905426 0.1280297040939331 0.002184694167226553 
vn 0.9807829260826111 0.19508986175060272 -0.002184694167226553 
vn 0.9807829260826111 0.19508986175060272 0.002184694167226553 
vn 0.991767942905426 0.1280297040939331 -0.002184694167226553 
vn 0.9951823353767395 0.0980169028043747 0.002184694167226553 
vn 0.999997615814209 0 -0.002184694167226553 
vn 0.999997615814209 0 0.002184694167226553 
vn 0.999997615814209 0 -0.002184694167226553 
vn 0.999997615814209 0 -0.002184694167226553 
vn 0.999997615814209 0 -0.002184694167226553 
vn 0.999997615814209 0 0.002184694167226553 
vn -1.0341130485562108e-13 0.999997615814209 -0.002184694167226553 
vn -1.0341130485562108e-13 0.999997615814209 -0.002184694167226553 
vn -1.0341130485562108e-13 0.999997615814209 -0.002184694167226553 
vn -1.0341130485562108e-13 0.999997615814209 -0.002184694167226553 
vn -1.0341130485562108e-13 0.999997615814209 -0.002184694167226553 
vn -1.0341130485562108e-13 0.999997615814209 -0.002184694167226553 
vn -2.0682311115474694e-13 0 -1 
vn -2.0682311115474694e-13 0 -1 
vn -2.0682311115474694e-13 0 -1 
vn -2.0682311115474694e-13 0 -1 
vn -2.0682311115474694e-13 0 -1 
vn -2.0682311115474694e-13 0 -1 
vn 0 0 1 
vn 0 0 1 
vn 0 0 1 
vn 0 0 1 
vn 0 0 1 
vn 0 0 1 
vn -1.0341130485562108e-13 0.999997615814209 -0.002184694167226553 
vn -1.0341130485562108e-13 0.999997615814209 -0.002184694167226553 
vn -1.0341130485562108e-13 0.999997615814209 -0.002184694167226553 
vn -1.0341130485562108e-13 0.999997615814209 -0.002184694167226553 
vn -1.0341130485562108e-13 0.999997615814209 -0.002184694167226553 
vn -1.0341130485562108e-13 0.999997615814209 -0.002184694167226553 
vn -0.999997615814209 -2.0682260971124217e-13 0.002184694167226553 
vn -0.999997615814209 -2.0682260971124217e-13 0.002184694167226553 
vn -0.999997615814209 -2.0682260971124217e-13 0.002184694167226553 
vn 0.999997615814209 0 0.002184694167226553 
vn 0.999997615814209 0 0.002184694167226553 
vn 0.999997615814209 0 -0.002184694167226553 
vn 0.999997615814209 0 -0.002184694167226553 
vn -2.0682311115474694e-13 0 -1 
vn -2.0682311115474694e-13 0 -1 
vn -2.0682311115474694e-13 0 -1 
vn -2.0682311115474694e-13 0 -1 
vn -2.0682311115474694e-13 0 -1 
vn -2.0682311115474694e-13 0 -1 
vn 2.0682311115474694e-13 4.2775797696334704e-26 -1 
vn 2.0682311115474694e-13 4.2775797696334704e-26 -1 
vn 2.0682311115474694e-13 4.2775797696334704e-26 -1 
vn 2.0682311115474694e-13 4.2775797696334704e-26 -1 
vn -1.0341130485562108e-13 0.999997615814209 -0.002184694167226553 
vn -1.0341130485562108e-13 0.999997615814209 -0.002184694167226553 
vn -1.0341130485562108e-13 0.999997615814209 -0.002184694167226553 
vn -1.0341130485562108e-13 0.999997615814209 -0.002184694167226553 
vn -1.0341130485562108e-13 0.999997615814209 -0.002184694167226553 
vn -1.0341130485562108e-13 0.999997615814209 -0.002184694167226553 
vn -1.0341130485562108e-13 0.999997615814209 -0.002184694167226553 
vn -1.0341130485562108e-13 0.999997615814209 -0.002184694167226553 
vn -1.0341130485562108e-13 0.999997615814209 -0.002184694167226553 
vn -1.0341130485562108e-13 0.999997615814209 -0.002184694167226553 
vn -0.999997615814209 -2.0682260971124217e-13 0.002184694167226553 
vn -0.999997615814209 -2.0682260971124217e-13 0.002184694167226553 
vn -0.999997615814209 -2.0682260971124217e-13 0.002184694167226553 
vn -2.0682311115474694e-13 0 -1 
vn -2.0682311115474694e-13 0 -1 
vn -0.0018890041392296553 -0.3547569811344147 -0.9349566102027893 
vn -0.0018890041392296553 -0.3547569811344147 -0.9349566102027893 
vn -0.0018890041392296553 -0.3547569811344147 -0.9349566102027893 
vn -0.0018890041392296553 -0.3547569811344147 -0.9349566102027893 
vn -0.0018890041392296553 -0.3547569811344147 -0.9349566102027893 
vn -2.0682311115474694e-13 0 -1 
vn -2.0682311115474694e-13 0 -1 
vn -2.0682311115474694e-13 0 -1 
vn -2.0682311115474694e-13 0 -1 
vn -2.0682311115474694e-13 0 -1 
vn -2.0682311115474694e-13 0 -1 
vn -0.0018890041392296553 -0.3547569811344147 -0.9349566102027893 
vn -2.0682311115474694e-13 0 -1 
vn -2.0682311115474694e-13 0 -1 
vn -2.0682311115474694e-13 0 -1 
vn -2.0682311115474694e-13 0 -1 
vn -0.999997615814209 -2.0682260971124217e-13 0.002184694167226553 
vn -0.999997615814209 -2.0682260971124217e-13 -0.002184694167226553 
vn -0.9244976043701172 -0.0037768674083054066 -0.3811691105365753 
vn -0.9244976043701172 -0.0037768674083054066 -0.3811691105365753 
vn -0.3831879794597626 -7.925212949008026e-14 -0.9236704111099243 
vn -0.3831879794597626 -7.925212949008026e-14 -0.9236704111099243 
vn 0.3831879794597626 0 -0.9236704111099243 
vn 0.3831879794597626 0 -0.9236704111099243 
vn 0.924505352973938 0 -0.3811691105365753 
vn 0.924505352973938 0 -0.3811691105365753 
vn 0.999997615814209 0 0.002184694167226553 
vn 0.999997615814209 0 0.002184694167226553 
vn 0.999997615814209 0 -0.002184694167226553 
vn 0.999997615814209 0 0.002184694167226553 
vn 0.999997615814209 0 0.002184694167226553 
vn 0.0018878303235396743 0.7078762650489807 -0.7063339352607727 
vn 0.0018878303235396743 0.7078762650489807 -0.7063339352607727 
vn 0.0018878303235396743 0.7078762650489807 -0.7063339352607727 
vn 0.0018878303235396743 0.7078762650489807 -0.7063339352607727 
vn 0.999997615814209 0 0.002184694167226553 
vn 0.999997615814209 0 0.002184694167226553 
vn 0.999997615814209 0 -0.002184694167226553 
vn 0.999997615814209 0 -0.002184694167226553 
vn 0.999997615814209 0 -0.002184694167226553 
vn 0.999997615814209 0 -0.002184694167226553 
vn 3.097898456858039e-13 -0.999997615814209 0.002184694167226553 
vn 3.097898456858039e-13 -0.999997615814209 0.002184694167226553 
vn 3.097898456858039e-13 -0.999997615814209 0.002184694167226553 
vn 3.097898456858039e-13 -0.999997615814209 0.002184694167226553 
vn 3.097898456858039e-13 -0.999997615814209 0.002184694167226553 
vn 3.097898456858039e-13 -0.999997615814209 0.002184694167226553 
vn -2.0682311115474694e-13 0 -1 
vn -2.0682311115474694e-13 0 -1 
vn -2.0682311115474694e-13 0 -1 
vn 2.0682311115474694e-13 4.2775797696334704e-26 -1 
vn -2.0682311115474694e-13 0 -1 
vn -2.0682311115474694e-13 0 -1 
vn 2.0682311115474694e-13 4.2775797696334704e-26 -1 
vn 2.0682311115474694e-13 4.2775797696334704e-26 -1 
vn 0.999997615814209 0 -0.002184694167226553 
vn 0.999997615814209 0 -0.002184694167226553 
vn 0.999997615814209 0 -0.002184694167226553 
vn 0.9999691247940063 0.007551815826445818 -0.002184694167226553 
vn 0.999997615814209 0 -0.002184694167226553 
vn 0.999997615814209 0 0.002184694167226553 
vn 0.999997615814209 0 -0.002184694167226553 
vn 0.999997615814209 0 0.002184694167226553 
vn 0.999997615814209 0 -0.002184694167226553 
vn 0.999997615814209 0 -0.002184694167226553 
vn 0.999997615814209 0 0.002184694167226553 
vn 0.999997615814209 0 0.002184694167226553 
vn 0.999997615814209 0 0.002184694167226553 
vn 0.999997615814209 0 0.002184694167226553 
vn 3.097898456858039e-13 -0.999997615814209 0.002184694167226553 
vn 3.097898456858039e-13 -0.999997615814209 0.002184694167226553 
vn 3.097898456858039e-13 -0.999997615814209 0.002184694167226553 
vn 3.097898456858039e-13 -0.999997615814209 0.002184694167226553 
vn 0.999997615814209 0 0.002184694167226553 
vn 0.999997615814209 0 0.002184694167226553 
vn 0.999997615814209 0 0.002184694167226553 
vn 0.999997615814209 0 0.002184694167226553 
vn 0.999997615814209 0 0.002184694167226553 
vn 0.999997615814209 0 0.002184694167226553 
vn 0.999997615814209 0 0.002184694167226553 
vn 0.999997615814209 0 0.002184694167226553 
vn -2.0682311115474694e-13 0 -1 
vn -2.0682311115474694e-13 0 -1 
vn -2.0682311115474694e-13 0 -1 
vn -2.0682311115474694e-13 0 -1 
vn -2.0682311115474694e-13 0 -1 
vn -2.0682311115474694e-13 0 -1 
vn -2.0682311115474694e-13 0 -1 
vn 0.6799074411392212 -0.733294665813446 -0.002184694167226553 
vn 0.6799074411392212 -0.733294665813446 0.002184694167226553 
vn 0.6799074411392212 -0.733294665813446 -0.002184694167226553 
vn 0.6799074411392212 -0.733294665813446 0.002184694167226553 
vn 0 0 1 
vn 0 0 1 
vn 0 0 1 
vn 0 0 1 
vn 0 0 1 
vn 0 0 1 
vn 0 0 1 
vn 0 0 1 
vn -1.0341130485562108e-13 0.999997615814209 -0.002184694167226553 
vn -1.0341130485562108e-13 0.999997615814209 -0.002184694167226553 
vn -1.0341130485562108e-13 0.999997615814209 -0.002184694167226553 
vn 0.999997615814209 0 0.002184694167226553 
vn 0.999997615814209 0 -0.002184694167226553 
vn 0.999997615814209 0 -0.002184694167226553 
vn 0.999997615814209 0 -0.002184694167226553 
vn -2.0682311115474694e-13 0 -1 
vn -2.0682311115474694e-13 0 -1 
vn -2.0682311115474694e-13 0 -1 
vn -2.0682311115474694e-13 0 -1 
vn 3.097898456858039e-13 -0.999997615814209 0.002184694167226553 
vn 3.097898456858039e-13 -0.999997615814209 0.002184694167226553 
vn 3.097898456858039e-13 -0.999997615814209 0.002184694167226553 
vn 3.097898456858039e-13 -0.999997615814209 0.002184694167226553 
vn 0 0 1 
vn 0 0 1 
vn 0 0 1 
vn 0 0 1 
vn 3.097898456858039e-13 -0.999997615814209 0.002184694167226553 
vn 3.097898456858039e-13 -0.999997615814209 0.002184694167226553 
vn 3.097898456858039e-13 -0.999997615814209 0.002184694167226553 
vn 3.097898456858039e-13 -0.999997615814209 0.002184694167226553 
vn -0.999997615814209 -2.0682260971124217e-13 0.002184694167226553 
vn -0.999997615814209 -2.0682260971124217e-13 -0.002184694167226553 
vn -0.999997615814209 -2.0682260971124217e-13 -0.002184694167226553 
vn -0.999997615814209 -2.0682260971124217e-13 -0.002184694167226553 
vn -0.999997615814209 -2.0682260971124217e-13 0.002184694167226553 
vn -0.999997615814209 -2.0682260971124217e-13 0.002184694167226553 
vn -0.999997615814209 -2.0682260971124217e-13 0.002184694167226553 
vn -0.999997615814209 -2.0682260971124217e-13 0.002184694167226553 
vn -0.999997615814209 -2.0682260971124217e-13 0.002184694167226553 
vn -0.999997615814209 -2.0682260971124217e-13 -0.002184694167226553 
vn -0.999997615814209 -2.0682260971124217e-13 -0.002184694167226553 
vn -0.999997615814209 -2.0682260971124217e-13 -0.002184694167226553 
vn -0.999997615814209 -2.0682260971124217e-13 0.002184694167226553 
vn -0.999997615814209 -2.0682260971124217e-13 0.002184694167226553 
vn -0.999997615814209 -2.0682260971124217e-13 -0.002184694167226553 
vn -0.999997615814209 -2.0682260971124217e-13 -0.002184694167226553 
vn 0.999997615814209 0 0.002184694167226553 
vn 0.999997615814209 0 0.002184694167226553 
vn 0.999997615814209 0 0.002184694167226553 
vn 0.999997615814209 0 0.002184694167226553 
vn 0.999997615814209 0 -0.002184694167226553 
vn 0.999997615814209 0 0.002184694167226553 
vn 0.999997615814209 0 0.002184694167226553 
vn 0.999997615814209 0 -0.002184694167226553 
vn 0.999997615814209 0 -0.002184694167226553 
vn 0.999997615814209 0 0.002184694167226553 
vn 0.999997615814209 0 0.002184694167226553 
vn -1.0341130485562108e-13 0.999997615814209 -0.002184694167226553 
vn -1.0341130485562108e-13 0.999997615814209 -0.002184694167226553 
vn -1.0341130485562108e-13 0.999997615814209 -0.002184694167226553 
vn -1.0341130485562108e-13 0.999997615814209 -0.002184694167226553 
vn -1.0341130485562108e-13 0.999997615814209 -0.002184694167226553 
vn 0 0 1 
vn 0 0 1 
vn 0 0 1 
vn 0 0 1 
vn -2.0682311115474694e-13 0 -1 
vn -2.0682311115474694e-13 0 -1 
vn -2.0682311115474694e-13 0 -1 
vn -2.0682311115474694e-13 0 -1 
vn -0.0018859856063500047 -0.7047832608222961 0.7094202041625977 
vn -0.0018859856063500047 -0.7047832608222961 0.7094202041625977 
vn -0.0018859856063500047 -0.7047832608222961 0.7094202041625977 
vn -0.0018859856063500047 -0.7047832608222961 0.7094202041625977 
vn -0.999997615814209 -2.0682260971124217e-13 0.002184694167226553 
vn -0.999997615814209 -2.0682260971124217e-13 -0.002184694167226553 
vn -0.9951823353767395 0.0980169028043747 0.002184694167226553 
vn -0.991767942905426 0.1280297040939331 -0.002184694167226553 
vn -0.9807829260826111 0.19508986175060272 0.002184694167226553 
vn -0.9807829260826111 0.19508986175060272 -0.002184694167226553 
vn -0.991767942905426 0.1280297040939331 -0.002184694167226553 
vn -0.9951823353767395 0.0980169028043747 -0.002184694167226553 
vn -0.999997615814209 -2.0682260971124217e-13 0.002184694167226553 
vn -0.999997615814209 -2.0682260971124217e-13 0.002184694167226553 
vn -0.999997615814209 -2.0682260971124217e-13 -0.002184694167226553 
vn -0.999997615814209 -2.0682260971124217e-13 0.002184694167226553 
vn -0.999997615814209 -2.0682260971124217e-13 -0.002184694167226553 
vn -0.999997615814209 -2.0682260971124217e-13 0.002184694167226553 
vn 0.999997615814209 0 -0.002184694167226553 
vn 0.999997615814209 0 -0.002184694167226553 
vn 0.999997615814209 0 0.002184694167226553 
vn 0.999997615814209 0 0.002184694167226553 
vn -0.999997615814209 -2.0682260971124217e-13 0.002184694167226553 
vn -0.999997615814209 -2.0682260971124217e-13 0.002184694167226553 
vn -0.999997615814209 -2.0682260971124217e-13 0.002184694167226553 
vn -0.999997615814209 -2.0682260971124217e-13 0.002184694167226553 
vn -1.0341130485562108e-13 0.999997615814209 -0.002184694167226553 
vn -1.0341130485562108e-13 0.999997615814209 -0.002184694167226553 
vn -1.0341130485562108e-13 0.999997615814209 -0.002184694167226553 
vn -1.0341130485562108e-13 0.999997615814209 -0.002184694167226553 
vn -1.0341130485562108e-13 0.999997615814209 0.002184694167226553 
vn -1.0341130485562108e-13 0.999997615814209 0.002184694167226553 
vn -1.0341130485562108e-13 0.999997615814209 0.002184694167226553 
vn -1.0341130485562108e-13 0.999997615814209 0.002184694167226553 
vn 0.5237845182418823 -0.8518480062484741 0.002184694167226553 
vn 0.5237845182418823 -0.8518480062484741 0.002184694167226553 
vn 0.5237845182418823 -0.8518480062484741 0.002184694167226553 
vn 0.5237845182418823 -0.8518480062484741 0.002184694167226553 
vn 0 0 1 
vn 0 0 1 
vn 0 0 1 
vn 0.999997615814209 0 0.002184694167226553 
vn 0.999997615814209 0 0.002184694167226553 
vn 0.999997615814209 0 0.002184694167226553 
vn 0.999997615814209 0 0.002184694167226553 
vn -0.999997615814209 -2.0682260971124217e-13 0.002184694167226553 
vn -0.999997615814209 -2.0682260971124217e-13 0.002184694167226553 
vn -0.999997615814209 -2.0682260971124217e-13 0.002184694167226553 
vn -0.999997615814209 -2.0682260971124217e-13 0.002184694167226553 
vn -2.0682311115474694e-13 0 -1 
vn -2.0682311115474694e-13 0 -1 
vn -2.0682311115474694e-13 0 -1 
vn -2.0682311115474694e-13 0 -1 
vn 0.999997615814209 0 0.002184694167226553 
vn 0.999997615814209 0 0.002184694167226553 
vn 0.999997615814209 0 0.002184694167226553 
vn 0.999997615814209 0 0.002184694167226553 
vn 3.097898456858039e-13 -0.999997615814209 0.002184694167226553 
vn 3.097898456858039e-13 -0.999997615814209 0.002184694167226553 
vn 3.097898456858039e-13 -0.999997615814209 0.002184694167226553 
vn 3.097898456858039e-13 -0.999997615814209 0.002184694167226553 
vn -0.7071051001548767 -0.7071051001548767 0.002184694167226553 
vn -0.7071051001548767 -0.7071051001548767 0.002184694167226553 
vn -0.7071051001548767 -0.7071051001548767 0.002184694167226553 
vn 0 0 1 
vn 0 0 1 
vn 0 0 1 
vn 0 0 1 
vn 0 0 1 
vn -2.0682311115474694e-13 0 -1 
vn -2.0682311115474694e-13 0 -1 
vn -2.0682311115474694e-13 0 -1 
vn -2.0682311115474694e-13 0 -1 
vn -2.0682311115474694e-13 0 -1 
vn 3.097898456858039e-13 -0.999997615814209 -0.002184694167226553 
vn 3.097898456858039e-13 -0.999997615814209 -0.002184694167226553 
vn 3.097898456858039e-13 -0.999997615814209 -0.002184694167226553 
vn 3.097898456858039e-13 -0.999997615814209 -0.002184694167226553 
vn 3.097898456858039e-13 -0.999997615814209 0.002184694167226553 
vn 3.097898456858039e-13 -0.999997615814209 0.002184694167226553 
vn 3.097898456858039e-13 -0.999997615814209 0.002184694167226553 
vn 3.097898456858039e-13 -0.999997615814209 0.002184694167226553 
vn 3.097898456858039e-13 -0.999997615814209 0.002184694167226553 
vn 3.097898456858039e-13 -0.999997615814209 0.002184694167226553 
vn 3.097898456858039e-13 -0.999997615814209 0.002184694167226553 
vn 3.097898456858039e-13 -0.999997615814209 0.002184694167226553 
vn -1.0341130485562108e-13 0.999997615814209 0.002184694167226553 
vn -1.0341130485562108e-13 0.999997615814209 0.002184694167226553 
vn -1.0341130485562108e-13 0.999997615814209 0.002184694167226553 
vn -1.0341130485562108e-13 0.999997615814209 0.002184694167226553 
vn -1.0341130485562108e-13 0.999997615814209 0.002184694167226553 
vn -1.0341130485562108e-13 0.999997615814209 0.002184694167226553 
vn -1.0341130485562108e-13 0.999997615814209 0.002184694167226553 
vn -1.0341130485562108e-13 0.999997615814209 0.002184694167226553 
vn -1.0341130485562108e-13 0.999997615814209 0.002184694167226553 
vn -1.0341130485562108e-13 0.999997615814209 0.002184694167226553 
vn -1.0341130485562108e-13 0.999997615814209 0.002184694167226553 
vn -1.0341130485562108e-13 0.999997615814209 0.002184694167226553 
vn 0.5990391373634338 0 -0.8007197380065918 
vn 0.5990391373634338 0 -0.8007197380065918 
vn 0.5990391373634338 0 -0.8007197380065918 
vn 0.5990391373634338 0 -0.8007197380065918 
vn -2.0682311115474694e-13 0 -1 
vn -2.0682311115474694e-13 0 -1 
vn -2.0682311115474694e-13 0 -1 
vn -2.0682311115474694e-13 0 -1 
vn 0.935729444026947 0 0.3527185618877411 
vn 0.935729444026947 0 0.3527185618877411 
vn 0.935729444026947 0 0.3527185618877411 
vn 0.935729444026947 0 0.3527185618877411 
vn 0 0 1 
vn 0 0 1 
vn 0 0 1 
vn 0 0 1 
vn -0.8072065711021423 0.0037793335504829884 -0.590256929397583 
vn -0.8072065711021423 0.0037793335504829884 -0.590256929397583 
vn -0.8072065711021423 0.0037793335504829884 -0.590256929397583 
vn -0.8072065711021423 0.0037793335504829884 -0.590256929397583 
vn -0.4930322766304016 0.0037687027361243963 0.8700028657913208 
vn -0.4930322766304016 0.0037687027361243963 0.8700028657913208 
vn -0.4930322766304016 0.0037687027361243963 0.8700028657913208 
vn -0.4930322766304016 0.0037687027361243963 0.8700028657913208 
vn -0.999997615814209 -2.0682260971124217e-13 0.002184694167226553 
vn -0.999997615814209 -2.0682260971124217e-13 0.002184694167226553 
vn -0.999997615814209 -2.0682260971124217e-13 0.002184694167226553 
vn -0.999997615814209 -2.0682260971124217e-13 0.002184694167226553 
vn 0.999997615814209 0 0.002184694167226553 
vn 0.999997615814209 0 0.002184694167226553 
vn 0.999997615814209 0 0.002184694167226553 
vn 0.999997615814209 0 0.002184694167226553 
vn -0.49304670095443726 -1.0197344948699796e-13 -0.8700028657913208 
vn -0.49304670095443726 -1.0197344948699796e-13 -0.8700028657913208 
vn -0.49304670095443726 -1.0197344948699796e-13 -0.8700028657913208 
vn -0.49304670095443726 -1.0197344948699796e-13 -0.8700028657913208 
vn 0.935729444026947 0 -0.3527185618877411 
vn 0.935729444026947 0 -0.3527185618877411 
vn 0.935729444026947 0 -0.3527185618877411 
vn 0.935729444026947 0 -0.3527185618877411 
vn -0.8072154521942139 -1.673092816633498e-13 0.590256929397583 
vn -0.8072154521942139 -1.673092816633498e-13 0.590256929397583 
vn -0.8072154521942139 -1.673092816633498e-13 0.590256929397583 
vn -0.8072154521942139 -1.673092816633498e-13 0.590256929397583 
vn 0.5990391373634338 0 0.8007197380065918 
vn 0.5990391373634338 0 0.8007197380065918 
vn 0.5990391373634338 0 0.8007197380065918 
vn 0.5990391373634338 0 0.8007197380065918 
vn -1.0341130485562108e-13 0.999997615814209 0.002184694167226553 
vn -1.0341130485562108e-13 0.999997615814209 0.002184694167226553 
vn -1.0341130485562108e-13 0.999997615814209 0.002184694167226553 
vn -1.0341130485562108e-13 0.999997615814209 0.002184694167226553 
vn -1.0341130485562108e-13 0.999997615814209 0.002184694167226553 
vn -1.0341130485562108e-13 0.999997615814209 0.002184694167226553 
vn -1.0341130485562108e-13 0.999997615814209 0.002184694167226553 
vn -1.0341130485562108e-13 0.999997615814209 0.002184694167226553 
vn 3.097898456858039e-13 -0.999997615814209 0.002184694167226553 
vn 3.097898456858039e-13 -0.999997615814209 0.002184694167226553 
vn 3.097898456858039e-13 -0.999997615814209 0.002184694167226553 
vn 3.097898456858039e-13 -0.999997615814209 0.002184694167226553 
vn 0.999997615814209 0 0.002184694167226553 
vn 0.999997615814209 0 0.002184694167226553 
vn 0.999997615814209 0 0.002184694167226553 
vn -0.999997615814209 -2.0682260971124217e-13 0.002184694167226553 
vn -0.999997615814209 -2.0682260971124217e-13 0.002184694167226553 
vn -0.999997615814209 -2.0682260971124217e-13 0.002184694167226553 
vn -0.999997615814209 -2.0682260971124217e-13 0.002184694167226553 
vn -0.999997615814209 -2.0682260971124217e-13 0.002184694167226553 
vn 0.999997615814209 0 0.002184694167226553 
vn 0.999997615814209 0 0.002184694167226553 
vn 0.999997615814209 0 0.002184694167226553 
vn 0 0 1 
vn 0 0 1 
vn 0 0 1 
vn 0 0 1 
vn -2.0682311115474694e-13 0 -1 
vn -2.0682311115474694e-13 0 -1 
vn -2.0682311115474694e-13 0 -1 
vn -2.0682311115474694e-13 0 -1 
vn 0.999997615814209 0 0.002184694167226553 
vn 0.999997615814209 0 -0.002184694167226553 
vn 0.999997615814209 0 -0.002184694167226553 
vn 0.999997615814209 0 -0.002184694167226553 
vn -2.0682311115474694e-13 0 -1 
vn -2.0682311115474694e-13 0 -1 
vn -2.0682311115474694e-13 0 -1 
vn -2.0682311115474694e-13 0 -1 
vn -1.0341130485562108e-13 0.999997615814209 0.002184694167226553 
vn -1.0341130485562108e-13 0.999997615814209 0.002184694167226553 
vn -1.0341130485562108e-13 0.999997615814209 0.002184694167226553 
vn -1.0341130485562108e-13 0.999997615814209 0.002184694167226553 
vn -0.999997615814209 -2.0682260971124217e-13 0.002184694167226553 
vn -0.999997615814209 -2.0682260971124217e-13 0.002184694167226553 
vn -0.999997615814209 -2.0682260971124217e-13 0.002184694167226553 
vn 0.9746352434158325 0.11293372511863708 0.19321508705615997 
vn 0.9746352434158325 0.11293372511863708 0.19321508705615997 
vn 0.9007751941680908 -0.38893693685531616 0.19321508705615997 
vn 0.9007751941680908 -0.38893693685531616 0.19321508705615997 
vn 0.5861301422119141 -0.7868413925170898 0.19321508705615997 
vn 0.5861301422119141 -0.7868413925170898 0.19321508705615997 
vn 0.11480738967657089 -0.9744163155555725 0.19321508705615997 
vn 0.11480738967657089 -0.9744163155555725 0.19321508705615997 
vn -0.3872043788433075 -0.9015213251113892 0.19321508705615997 
vn -0.3872043788433075 -0.9015213251113892 0.19321508705615997 
vn -0.7857130169868469 -0.5876418352127075 0.19321508705615997 
vn -0.7857130169868469 -0.5876418352127075 0.19321508705615997 
vn -0.974193811416626 -0.11668062955141068 0.19321508705615997 
vn -0.974193811416626 -0.11668062955141068 0.19321508705615997 
vn -0.9022641181945801 0.38547036051750183 0.19321508705615997 
vn -0.9022641181945801 0.38547036051750183 0.19321508705615997 
vn -0.5891514420509338 0.7845817804336548 0.19321508705615997 
vn -0.5891514420509338 0.7845817804336548 0.19321508705615997 
vn -0.11855343729257584 0.9739676713943481 0.19321508705615997 
vn -0.11855343729257584 0.9739676713943481 0.19321508705615997 
vn 0.7834475636482239 0.5906587839126587 0.19321508705615997 
vn 0.7834475636482239 0.5906587839126587 0.19321508705615997 
vn 0.38373491168022156 0.9030035734176636 0.19321508705615997 
vn 0.38373491168022156 0.9030035734176636 0.19321508705615997 
vn -0.11855343729257584 0.9739676713943481 0.19321508705615997 
vn -0.11855343729257584 0.9739676713943481 0.19321508705615997 
vn 0 0 1 
vn 0 0 1 
vn 0 0 1 
vn 0 0 1 
vn 0 0 1 
vn 0 0 1 
vn 0 0 1 
vn 0 0 1 
vn 0 0 1 
vn 0 0 1 
vn 0 0 1 
vn 0 0 1 
vn -0.7533782124519348 -0.08664939552545547 -0.651853621006012 
vn -0.4666617214679718 -0.05651665851473808 -0.882628321647644 
vn -0.697509765625 0.2976020574569702 -0.651853621006012 
vn -0.4311549663543701 0.18727703392505646 -0.882628321647644 
vn -0.37851205468177795 -0.27873989939689636 -0.882628321647644 
vn 0.37626025080680847 0.28177210688591003 -0.882628321647644 
vn -0.6072405576705933 -0.45425301790237427 -0.651853621006012 
vn -0.18554340302944183 -0.4319038391113281 -0.882628321647644 
vn 0.05839095637202263 -0.4664309024810791 -0.882628321647644 
vn -0.2958647906780243 -0.6982484459877014 -0.651853621006012 
vn 0.08852456510066986 -0.7531601786613464 -0.651853621006012 
vn 0.4557632505893707 -0.6061078310012817 -0.651853621006012 
vn 0.28025826811790466 -0.37738919258117676 -0.882628321647644 
vn 0.6960194706916809 -0.30107107758522034 -0.651853621006012 
vn 0.4326457679271698 -0.18380679190158844 -0.882628321647644 
vn 0.7529374957084656 0.09039918333292007 -0.651853621006012 
vn 0.46710073947906494 0.05276535823941231 -0.882628321647644 
vn 0.6049714088439941 0.45727068185806274 -0.651853621006012 
vn 0.18206721544265747 0.43338069319725037 -0.882628321647644 
vn 0.2993375062942505 0.6967667937278748 -0.651853621006012 
vn -0.09227325022220612 0.7527101039886475 -0.651853621006012 
vn -0.054641447961330414 0.4668850004673004 -0.882628321647644 
vn -0.452739953994751 0.6083694696426392 -0.651853621006012 
vn -0.2832814157009125 0.3751252293586731 -0.882628321647644 
vn -2.0682311115474694e-13 0 -1 
vn -2.0682311115474694e-13 0 -1 
vn -2.0682311115474694e-13 0 -1 
vn -2.0682311115474694e-13 0 -1 
vn -2.0682311115474694e-13 0 -1 
vn -2.0682311115474694e-13 0 -1 
vn -2.0682311115474694e-13 0 -1 
vn -2.0682311115474694e-13 0 -1 
vn -2.0682311115474694e-13 0 -1 
vn -2.0682311115474694e-13 0 -1 
vn -2.0682311115474694e-13 0 -1 
vn -2.0682311115474694e-13 0 -1 
vn -0.3965924084186554 -0.9179922342300415 0.002184694167226553 
vn -0.3965924084186554 -0.9179922342300415 0.002184694167226553 
vn -0.8009505867958069 -0.5987265110015869 0.002184694167226553 
vn -0.8009505867958069 -0.5987265110015869 0.002184694167226553 
vn -0.9927064776420593 -0.12053639441728592 0.002184694167226553 
vn -0.9927064776420593 -0.12053639441728592 0.002184694167226553 
vn -0.9179922342300415 0.3965924084186554 0.002184694167226553 
vn -0.9179922342300415 0.3965924084186554 0.002184694167226553 
vn -0.5987265110015869 0.8009505867958069 0.002184694167226553 
vn -0.5987265110015869 0.8009505867958069 0.002184694167226553 
vn -0.12053639441728592 0.9927064776420593 0.002184694167226553 
vn -0.12053639441728592 0.9927064776420593 0.002184694167226553 
vn 0.12053639441728592 -0.9927064776420593 0.002184694167226553 
vn 0.12053639441728592 -0.9927064776420593 0.002184694167226553 
vn 0.5987265110015869 -0.8009505867958069 0.002184694167226553 
vn 0.5987265110015869 -0.8009505867958069 0.002184694167226553 
vn 0.9179922342300415 -0.3965924084186554 0.002184694167226553 
vn 0.9179922342300415 -0.3965924084186554 0.002184694167226553 
vn 0.9927064776420593 0.12053639441728592 0.002184694167226553 
vn 0.9927064776420593 0.12053639441728592 0.002184694167226553 
vn 0.8009505867958069 0.5987265110015869 0.002184694167226553 
vn 0.8009505867958069 0.5987265110015869 0.002184694167226553 
vn 0.3965924084186554 0.9179922342300415 0.002184694167226553 
vn 0.3965924084186554 0.9179922342300415 0.002184694167226553 
vn -0.12053639441728592 0.9927064776420593 0.002184694167226553 
vn -0.12053639441728592 0.9927064776420593 0.002184694167226553 
vn -0.12053639441728592 0.9927064776420593 0.002184694167226553 
vn 0.6167173981666565 0.7871816158294678 0.002184694167226553 
vn -0.12053639441728592 0.9927064776420593 0.002184694167226553 
vn 0.6167173981666565 0.7871816158294678 0.002184694167226553 
vn 0.9927064776420593 0.12053639441728592 -0.002184694167226553 
vn 0.9927064776420593 0.12053639441728592 -0.002184694167226553 
vn 0.7871816158294678 -0.6167173981666565 -0.002184694167226553 
vn 0.7871816158294678 -0.6167173981666565 -0.002184694167226553 
vn 0.12053639441728592 -0.9927064776420593 -0.002184694167226553 
vn 0.12053639441728592 -0.9927064776420593 -0.002184694167226553 
vn -0.6167173981666565 -0.7871816158294678 -0.002184694167226553 
vn -0.6167173981666565 -0.7871816158294678 0.002184694167226553 
vn -0.9927064776420593 -0.12053639441728592 -0.002184694167226553 
vn -0.9927064776420593 -0.12053639441728592 0.002184694167226553 
vn -0.7871816158294678 0.6167173981666565 -0.002184694167226553 
vn -0.7871816158294678 0.6167173981666565 0.002184694167226553 
vn -0.12053639441728592 0.9927064776420593 0.002184694167226553 
vn -0.12053639441728592 0.9927064776420593 0.002184694167226553 
vn -2.0682311115474694e-13 0 -1 
vn -2.0682311115474694e-13 0 -1 
vn -2.0682311115474694e-13 0 -1 
vn -2.0682311115474694e-13 0 -1 
vn -2.0682311115474694e-13 0 -1 
vn -2.0682311115474694e-13 0 -1 
vn -2.0682311115474694e-13 0 -1 
vn -2.0682311115474694e-13 0 -1 
vn -2.0682311115474694e-13 0 -1 
vn -2.0682311115474694e-13 0 -1 
vn -0.30822497606277466 0.9437312483787537 -0.11986933648586273 
vn -0.30822497606277466 0.9437312483787537 -0.11986933648586273 
vn 0.30822497606277466 0.9437312483787537 -0.11986933648586273 
vn 0.30822497606277466 0.9437312483787537 -0.11986933648586273 
vn 0.8014044165611267 0.5859882831573486 -0.11986933648586273 
vn 0.8014044165611267 0.5859882831573486 -0.11986933648586273 
vn 0.9927896857261658 0 -0.11986933648586273 
vn 0.9927896857261658 0 -0.11986933648586273 
vn 0.8014044165611267 -0.5859882831573486 -0.11986933648586273 
vn 0.8014044165611267 -0.5859882831573486 -0.11986933648586273 
vn 0.30822497606277466 -0.9437312483787537 -0.11986933648586273 
vn 0.30822497606277466 -0.9437312483787537 -0.11986933648586273 
vn -0.30822497606277466 -0.9437312483787537 -0.11986933648586273 
vn -0.30822497606277466 -0.9437312483787537 -0.11986933648586273 
vn -0.8014044165611267 -0.5859882831573486 -0.11986933648586273 
vn -0.8014044165611267 -0.5859882831573486 -0.11986933648586273 
vn -0.9927896857261658 -2.0533184527660175e-13 -0.11986933648586273 
vn -0.9927896857261658 -2.0533184527660175e-13 -0.11986933648586273 
vn -0.8014044165611267 0.5859882831573486 -0.11986933648586273 
vn -0.8014044165611267 0.5859882831573486 -0.11986933648586273 
vn -0.30822497606277466 0.9437312483787537 -0.11986933648586273 
vn -0.30822497606277466 0.9437312483787537 -0.11986933648586273 
vn 0.999997615814209 0 -0.002184694167226553 
vn 0.9955906867980957 0 0.09380380809307098 
vn 0.9955906867980957 0 0.09380380809307098 
vn 0.9974023103713989 0 0.07203252613544464 
vn 0.9974023103713989 0 0.07203252613544464 
vn 0.999997615814209 0 0.002184694167226553 
vn 0.999997615814209 0 0.002184694167226553 
vn -0.999997615814209 -2.0682260971124217e-13 0.002184694167226553 
vn -0.997078001499176 -2.0621877686380352e-13 0.0763898640871048 
vn -0.999997615814209 -2.0682260971124217e-13 0.002184694167226553 
vn -0.997078001499176 -2.0621877686380352e-13 0.0763898640871048 
vn -0.995171308517456 -2.0582442542861623e-13 0.0981530249118805 
vn -0.995171308517456 -2.0582442542861623e-13 0.0981530249118805 
vn -0.999997615814209 -2.0682260971124217e-13 0.002184694167226553 
vn -1.0341130485562108e-13 0.999997615814209 0.002184694167226553 
vn 0.003774539101868868 0.9828001856803894 0.18463370203971863 
vn -1.0341130485562108e-13 0.999997615814209 0.002184694167226553 
vn -0.001886497950181365 0.9836029410362244 0.18033768236637115 
vn -0.0018877115799114108 0.9794287085533142 0.2017817199230194 
vn -0.0018877115799114108 0.9794287085533142 0.2017817199230194 
vn -1.0341130485562108e-13 0.999997615814209 0.002184694167226553 
vn -2.0682311115474694e-13 0 -1 
vn -2.0682311115474694e-13 0 -1 
vn -2.0682311115474694e-13 0 -1 
vn -2.0682311115474694e-13 0 -1 
vn 3.097898456858039e-13 -0.999997615814209 0.002184694167226553 
vn 3.097898456858039e-13 -0.999997615814209 0.002184694167226553 
vn -0.001886497950181365 -0.9836029410362244 0.18033768236637115 
vn 0.003774539101868868 -0.9828001856803894 0.18463370203971863 
vn -0.0018877115799114108 -0.9794287085533142 0.2017817199230194 
vn -0.0018877115799114108 -0.9794287085533142 0.2017817199230194 
vn 3.097898456858039e-13 -0.999997615814209 -0.002184694167226553 
vn -0.999997615814209 -2.0682260971124217e-13 -0.002184694167226553 
vn -0.999997615814209 -2.0682260971124217e-13 -0.002184694167226553 
vn -0.995171308517456 -2.0582442542861623e-13 0.0981530249118805 
vn 3.097898456858039e-13 -0.999997615814209 -0.002184694167226553 
vn -0.0018877115799114108 -0.9794287085533142 0.2017817199230194 
vn 3.097898456858039e-13 -0.999997615814209 -0.002184694167226553 
vn -1.0341130485562108e-13 0.999997615814209 0.002184694167226553 
vn -0.7071051001548767 0.7071051001548767 0.002184694167226553 
vn 0.003776365192607045 0.9977003335952759 0.06767380982637405 
vn -0.7136680483818054 0.6989811062812805 0.04586252197623253 
vn -0.7210333347320557 0.6690211296081543 0.18033768236637115 
vn -9.981934983444019e-14 0.9652630090713501 0.2612801790237427 
vn -0.7212091088294983 0.5985957980155945 0.34862664341926575 
vn -8.959800674827878e-14 0.8645652532577515 0.5025205612182617 
vn -0.7220390439033508 0.4872744381427765 0.4911448359489441 
vn -0.0018859856063500047 0.7047832608222961 0.7094202041625977 
vn -0.7221021056175232 0.34296277165412903 0.6007870435714722 
vn -0.001880573108792305 0.4968397915363312 0.8678402304649353 
vn -0.7220284342765808 0.17915859818458557 0.6682642698287964 
vn 0.0018801316618919373 0.25494125485420227 0.9669547080993652 
vn -0.7156519889831543 0.04517598822712898 0.6969945430755615 
vn -6.772832671081549e-15 0.06549396365880966 0.9978529810905457 
vn -0.7156519889831543 -0.04517598822712898 0.6969945430755615 
vn 2.0347583007070992e-14 -0.06549396365880966 0.9978529810905457 
vn 0.0018801316618919373 -0.25494125485420227 0.9669547080993652 
vn -0.7220284342765808 -0.17915859818458557 0.6682642698287964 
vn -0.001880573108792305 -0.4968397915363312 0.8678402304649353 
vn -0.7221021056175232 -0.34296277165412903 0.6007870435714722 
vn -0.0018859856063500047 -0.7047832608222961 0.7094202041625977 
vn -0.7220390439033508 -0.4872744381427765 0.4911448359489441 
vn 2.686020622501978e-13 -0.8645652532577515 0.5025205612182617 
vn -0.7212091088294983 -0.5985957980155945 0.34862664341926575 
vn 2.99886715937267e-13 -0.9652630090713501 0.2612801790237427 
vn -0.7210333347320557 -0.6690211296081543 0.18033768236637115 
vn 0.003776365192607045 -0.9977003335952759 0.06767380982637405 
vn -0.7136680483818054 -0.6989811062812805 0.04586252197623253 
vn -0.7071051001548767 -0.7071051001548767 0.002184694167226553 
vn -0.999997615814209 -2.0682260971124217e-13 0.002184694167226553 
vn -0.9998835325241089 0.015103200450539589 -0.002184694167226553 
vn -0.7071051001548767 0.7071051001548767 0.002184694167226553 
vn -0.6976308226585388 0.7149879932403564 -0.04586252197623253 
vn -1.0341130485562108e-13 0.999997615814209 0.002184694167226553 
vn -0.003776365192607045 0.9977003335952759 -0.06767380982637405 
vn 0.7071051001548767 0.7071051001548767 0.002184694167226553 
vn 0.7003288269042969 0.712345540523529 -0.04586252197623253 
vn 0.999997615814209 0 0.002184694167226553 
vn 0.9998835325241089 0.015103200450539589 -0.002184694167226553 
vn 0.7071051001548767 -0.7071051001548767 0.002184694167226553 
vn 0.7163054347038269 -0.6962780952453613 0.04586252197623253 
vn 3.097898456858039e-13 -0.999997615814209 0.002184694167226553 
vn 0.003776365192607045 -0.9977003335952759 0.06767380982637405 
vn 0.7235943078994751 -0.6662504076957703 0.18033768236637115 
vn 2.99886715937267e-13 -0.9652630090713501 0.2612801790237427 
vn 0.7212091088294983 -0.5985957980155945 0.34862664341926575 
vn 2.686020622501978e-13 -0.8645652532577515 0.5025205612182617 
vn 0.7241437435150146 -0.48414111137390137 0.4911448359489441 
vn -0.0018859856063500047 -0.7047832608222961 0.7094202041625977 
vn 0.7221021056175232 -0.34296277165412903 0.6007870435714722 
vn -0.001880573108792305 -0.4968397915363312 0.8678402304649353 
vn 0.7220284342765808 -0.17915859818458557 0.6682642698287964 
vn 0.0018801316618919373 -0.25494125485420227 0.9669547080993652 
vn 0.7156519889831543 -0.04517598822712898 0.6969945430755615 
vn 2.0347583007070992e-14 -0.06549396365880966 0.9978529810905457 
vn 0.7156519889831543 0.04517598822712898 0.6969945430755615 
vn -6.772832671081549e-15 0.06549396365880966 0.9978529810905457 
vn 0.0018801316618919373 0.25494125485420227 0.9669547080993652 
vn 0.7220284342765808 0.17915859818458557 0.6682642698287964 
vn -0.001880573108792305 0.4968397915363312 0.8678402304649353 
vn -0.999997615814209 -2.0682260971124217e-13 0.002184694167226553 
vn 3.097898456858039e-13 -0.999997615814209 0.002184694167226553 
vn 0.9998830556869507 0 -0.0152922747656703 
vn 0.9998830556869507 0 -0.0152922747656703 
vn 0.9994345903396606 0.007547779008746147 -0.03276457265019417 
vn 0.9994826912879944 0.015097145922482014 -0.028397228568792343 
vn 0.99945467710495 0.02264723740518093 -0.024029340595006943 
vn 0.9994269013404846 0.03019949607551098 -0.0152922747656703 
vn 0.99952232837677 0.030202379450201988 -0.006554040592163801 
vn 0.6896843910217285 0.6990295648574829 -0.18892620503902435 
vn 0.6907024383544922 0.6266531944274902 -0.36088213324546814 
vn 0.6913868188858032 0.5079209208488464 -0.5138099193572998 
vn 0.6909720301628113 0.3633066713809967 -0.6249527335166931 
vn 0.6923154592514038 0.1868097484111786 -0.6969945430755615 
vn 0.700212836265564 0.04534177854657173 -0.7124928832054138 
vn 0.700212836265564 -0.04534177854657173 -0.7124928832054138 
vn 0.9994345903396606 -0.007547779008746147 -0.03276457265019417 
vn 0.7221021056175232 0.34296277165412903 0.6007870435714722 
vn -0.0018859856063500047 0.7047832608222961 0.7094202041625977 
vn 0.7241437435150146 0.48414111137390137 0.4911448359489441 
vn -8.959800674827878e-14 0.8645652532577515 0.5025205612182617 
vn 0.9994826912879944 -0.015097145922482014 -0.028397228568792343 
vn 0.6923154592514038 -0.1868097484111786 -0.6969945430755615 
vn 0.0038385943043977022 -0.06101270765066147 -0.9981296062469482 
vn -0.0038385943043977022 0.06101270765066147 -0.9981296062469482 
vn -2.6364586579977374e-14 0.2549481689929962 -0.9669547080993652 
vn 0.0018896800465881824 0.4968397617340088 -0.8678402304649353 
vn 0.0037783945444971323 0.7047756314277649 -0.7094202041625977 
vn -0.001888810656964779 0.8645632266998291 -0.5025205612182617 
vn -0.0018882075091823936 0.9652611613273621 -0.2612801790237427 
vn -0.6923672556877136 0.6963723301887512 -0.18892620503902435 
vn -0.99952232837677 0.030202379450201988 -0.006554040592163801 
vn -0.9994269013404846 0.03019949607551098 -0.0152922747656703 
vn -0.6907024383544922 0.6266531944274902 -0.36088213324546814 
vn -0.6913868188858032 0.5079209208488464 -0.5138099193572998 
vn -0.6927225589752197 0.35995766520500183 -0.6249527335166931 
vn -0.99945467710495 0.02264723740518093 -0.024029340595006943 
vn -0.9994826912879944 0.015097145922482014 -0.028397228568792343 
vn -0.6923154592514038 0.1868097484111786 -0.6969945430755615 
vn -0.699958324432373 0.04911431297659874 -0.7124928832054138 
vn -0.9994345903396606 0.007547779008746147 -0.03276457265019417 
vn -0.9998830556869507 -2.0679891989377336e-13 -0.0152922747656703 
vn -0.9998830556869507 -2.0679891989377336e-13 -0.0152922747656703 
vn -0.699958324432373 -0.04911431297659874 -0.7124928832054138 
vn -0.9994345903396606 -0.007547779008746147 -0.03276457265019417 
vn -0.9994826912879944 -0.015097145922482014 -0.028397228568792343 
vn -0.99945467710495 -0.02264723740518093 -0.024029340595006943 
vn -0.9994269013404846 -0.03019949607551098 -0.0152922747656703 
vn -0.99952232837677 -0.030202379450201988 -0.006554040592163801 
vn -0.9998835325241089 -0.015103200450539589 -0.002184694167226553 
vn -0.7071051001548767 -0.7071051001548767 0.002184694167226553 
vn -0.6976308226585388 -0.7149879932403564 -0.04586252197623253 
vn 3.097898456858039e-13 -0.999997615814209 0.002184694167226553 
vn -0.003776365192607045 -0.9977003335952759 -0.06767380982637405 
vn 0.7071051001548767 -0.7071051001548767 0.002184694167226553 
vn 0.7003288269042969 -0.712345540523529 -0.04586252197623253 
vn 0.999997615814209 0 0.002184694167226553 
vn -0.0018882075091823936 -0.9652611613273621 -0.2612801790237427 
vn -0.6923672556877136 -0.6963723301887512 -0.18892620503902435 
vn -0.6907024383544922 -0.6266531944274902 -0.36088213324546814 
vn -0.6913868188858032 -0.5079209208488464 -0.5138099193572998 
vn -0.6927225589752197 -0.35995766520500183 -0.6249527335166931 
vn -0.6923154592514038 -0.1868097484111786 -0.6969945430755615 
vn 7.920697924585982e-14 -0.2549481689929962 -0.9669547080993652 
vn 0.0018896800465881824 -0.4968397617340088 -0.8678402304649353 
vn 0.0037783945444971323 -0.7047756314277649 -0.7094202041625977 
vn -0.001888810656964779 -0.8645632266998291 -0.5025205612182617 
vn 0.6896843910217285 -0.6990295648574829 -0.18892620503902435 
vn 0.6907024383544922 -0.6266531944274902 -0.36088213324546814 
vn 0.6913868188858032 -0.5079209208488464 -0.5138099193572998 
vn 0.6909720301628113 -0.3633066713809967 -0.6249527335166931 
vn 0.99945467710495 -0.02264723740518093 -0.024029340595006943 
vn 0.7212091088294983 0.5985957980155945 0.34862664341926575 
vn -9.981934983444019e-14 0.9652630090713501 0.2612801790237427 
vn 0.7235943078994751 0.6662504076957703 0.18033768236637115 
vn 0.003776365192607045 0.9977003335952759 0.06767380982637405 
vn 0.9994269013404846 -0.03019949607551098 -0.0152922747656703 
vn 0.99952232837677 -0.030202379450201988 -0.006554040592163801 
vn 0.9998835325241089 -0.015103200450539589 -0.002184694167226553 
vn 0.7071051001548767 0.7071051001548767 0.002184694167226553 
vn 0.7163054347038269 0.6962780952453613 0.04586252197623253 
vn -1.0341130485562108e-13 0.999997615814209 0.002184694167226553 
vn -0.015103200450539589 0.9998835325241089 0.002184694167226553 
vn -0.7177039980888367 0.6963448524475098 0.002184694167226553 
vn -0.011328878812491894 0.9976431727409363 0.06767380982637405 
vn -0.7241560220718384 0.6881095170974731 0.04586252197623253 
vn -0.7312132120132446 0.6578795909881592 0.18033768236637115 
vn -0.01508626714348793 0.9651451110839844 0.2612801790237427 
vn -0.7307589054107666 0.5868993997573853 0.34862664341926575 
vn -0.015088744461536407 0.8644335865974426 0.5025205612182617 
vn -0.7303760647773743 0.47468680143356323 0.4911448359489441 
vn -0.009429657831788063 0.7047227025032043 0.7094202041625977 
vn -0.7284443378448486 0.3292776048183441 0.6007870435714722 
vn -0.009402327239513397 0.49675437808036804 0.8678402304649353 
vn -0.7255111336708069 0.16448847949504852 0.6682642698287964 
vn -0.005639985669404268 0.25488579273223877 0.9669547080993652 
vn -0.7160871028900146 0.03765428066253662 0.6969945430755615 
vn -6.772832671081549e-15 0.06549396365880966 0.9978529810905457 
vn -0.7151378393173218 -0.052692711353302 0.6969945430755615 
vn 2.0347583007070992e-14 -0.06549396365880966 0.9978529810905457 
vn 0.0018801316618919373 -0.25494125485420227 0.9669547080993652 
vn -0.7201758027076721 -0.18646642565727234 0.6682642698287964 
vn 0.005641611758619547 -0.4968113303184509 0.8678402304649353 
vn -0.7188344597816467 -0.34975987672805786 0.6007870435714722 
vn 0.013201143592596054 -0.7046621441841125 0.7094202041625977 
vn -0.7177890539169312 -0.4935135841369629 0.4911448359489441 
vn 0.015088744461536407 -0.8644335865974426 0.5025205612182617 
vn -0.7163638472557068 -0.6043859124183655 0.34862664341926575 
vn 0.01508626714348793 -0.9651451110839844 0.2612801790237427 
vn -0.7158795595169067 -0.6745330095291138 0.18033768236637115 
vn 0.011328878812491894 -0.9976431727409363 0.06767380982637405 
vn -0.7030168771743774 -0.7096928358078003 0.04586252197623253 
vn -0.6963448524475098 -0.7177039980888367 0.002184694167226553 
vn -0.9998835325241089 -0.015103200450539589 0.002184694167226553 
vn -0.999997615814209 -2.0682260971124217e-13 -0.002184694167226553 
vn -0.7177039980888367 0.6963448524475098 0.002184694167226553 
vn -0.7083626985549927 0.7043570876121521 -0.04586252197623253 
vn -0.015103200450539589 0.9998835325241089 0.002184694167226553 
vn -0.011328878812491894 0.9976431727409363 -0.06767380982637405 
vn 0.6963448524475098 0.7177039980888367 0.002184694167226553 
vn 0.6894770860671997 0.7228540182113647 -0.04586252197623253 
vn 0.9998835325241089 0.015103200450539589 0.002184694167226553 
vn 0.9995414018630981 0.0302029550075531 -0.002184694167226553 
vn 0.7177039980888367 -0.6963448524475098 0.002184694167226553 
vn 0.7267522215843201 -0.6853669285774231 0.04586252197623253 
vn 0.015103200450539589 -0.9998835325241089 0.002184694167226553 
vn 0.011328878812491894 -0.9976431727409363 0.06767380982637405 
vn 0.7337313890457153 -0.6550699472427368 0.18033768236637115 
vn 0.01508626714348793 -0.9651451110839844 0.2612801790237427 
vn 0.7307589054107666 -0.5868993997573853 0.34862664341926575 
vn 0.015088744461536407 -0.8644335865974426 0.5025205612182617 
vn 0.7283122539520264 -0.47784724831581116 0.4911448359489441 
vn 0.013201143592596054 -0.7046621441841125 0.7094202041625977 
vn 0.7284443378448486 -0.3292776048183441 0.6007870435714722 
vn 0.005641611758619547 -0.4968113303184509 0.8678402304649353 
vn 0.7255111336708069 -0.16448847949504852 0.6682642698287964 
vn 0.0018801316618919373 -0.25494125485420227 0.9669547080993652 
vn 0.7160871028900146 -0.03765428066253662 0.6969945430755615 
vn 2.0347583007070992e-14 -0.06549396365880966 0.9978529810905457 
vn 0.7151378393173218 0.052692711353302 0.6969945430755615 
vn -6.772832671081549e-15 0.06549396365880966 0.9978529810905457 
vn -0.005639985669404268 0.25488579273223877 0.9669547080993652 
vn 0.7201758027076721 0.18646642565727234 0.6682642698287964 
vn -0.009402327239513397 0.49675437808036804 0.8678402304649353 
vn -0.9998835325241089 -0.015103200450539589 0.002184694167226553 
vn 0.015103200450539589 -0.9998835325241089 0.002184694167226553 
vn 0.9997690320014954 0.015101470053195953 -0.0152922747656703 
vn 0.9997690320014954 0.015101470053195953 -0.0152922747656703 
vn 0.9992066025733948 0.022641615942120552 -0.03276457265019417 
vn 0.9991406798362732 0.0301908478140831 -0.028397228568792343 
vn 0.9989986419677734 0.03773965314030647 -0.024029340595006943 
vn 0.9991703629493713 0.037746138870716095 -0.0152922747656703 
vn 0.9989521503448486 0.045294955372810364 -0.006554040592163801 
vn 0.6842881441116333 0.7043128609657288 -0.18892620503902435 
vn 0.6856059432029724 0.6322250962257385 -0.36088213324546814 
vn 0.6823408007621765 0.5200099945068359 -0.5138099193572998 
vn 0.6874223947525024 0.36997905373573303 -0.6249527335166931 
vn 0.6903076767921448 0.19409780204296112 -0.6969945430755615 
vn 0.6996834874153137 0.052885424345731735 -0.7124928832054138 
vn 0.7006608247756958 -0.037792861461639404 -0.7124928832054138 
vn 0.9994345903396606 0.007547779008746147 -0.03276457265019417 
vn 0.7188344597816467 0.34975987672805786 0.6007870435714722 
vn -0.009429657831788063 0.7047227025032043 0.7094202041625977 
vn 0.7156438231468201 0.4966192841529846 0.4911448359489441 
vn -0.015088744461536407 0.8644335865974426 0.5025205612182617 
vn 0.9995967149734497 0 -0.028397228568792343 
vn 0.696100115776062 -0.1721721738576889 -0.6969945430755615 
vn 0.0038385943043977022 -0.06101270765066147 -0.9981296062469482 
vn -0.0038385943043977022 0.06101270765066147 -0.9981296062469482 
vn -2.6364586579977374e-14 0.2549481689929962 -0.9669547080993652 
vn -0.00566893070936203 0.49681100249290466 -0.8678402304649353 
vn -0.011334748938679695 0.7046946287155151 -0.7094202041625977 
vn -0.009443872608244419 0.8645136952400208 -0.5025205612182617 
vn -0.016993001103401184 0.9651134014129639 -0.2612801790237427 
vn -0.7029959559440613 0.6856409907341003 -0.18892620503902435 
vn -0.9998644590377808 0.015102911740541458 -0.006554040592163801 
vn -0.9997690320014954 0.015101470053195953 -0.0152922747656703 
vn -0.7007593512535095 0.615386426448822 -0.36088213324546814 
vn -0.6958296298980713 0.5018171668052673 -0.5138099193572998 
vn -0.6961749196052551 0.3532344102859497 -0.6249527335166931 
vn -0.9996827244758606 0.007549653295427561 -0.024029340595006943 
vn -0.9995967149734497 -2.0673969535010134e-13 -0.028397228568792343 
vn -0.696100115776062 0.1721721738576889 -0.6969945430755615 
vn -0.7008543014526367 0.03401670604944229 -0.7124928832054138 
vn -0.9994345903396606 -0.007547779008746147 -0.03276457265019417 
vn -0.9997690320014954 -0.015101470053195953 -0.0152922747656703 
vn -0.9997690320014954 -0.015101470053195953 -0.0152922747656703 
vn -0.6993883848190308 -0.056655000895261765 -0.7124928832054138 
vn -0.9992066025733948 -0.022641615942120552 -0.03276457265019417 
vn -0.9991406798362732 -0.0301908478140831 -0.028397228568792343 
vn -0.9989986419677734 -0.03773965314030647 -0.024029340595006943 
vn -0.9991703629493713 -0.037746138870716095 -0.0152922747656703 
vn -0.9989521503448486 -0.045294955372810364 -0.006554040592163801 
vn -0.9995414018630981 -0.0302029550075531 -0.002184694167226553 
vn -0.6963448524475098 -0.7177039980888367 0.002184694167226553 
vn -0.686739444732666 -0.7254554033279419 -0.04586252197623253 
vn 0.015103200450539589 -0.9998835325241089 0.002184694167226553 
vn 0.011328878812491894 -0.9976431727409363 -0.06767380982637405 
vn 0.7177039980888367 -0.6963448524475098 0.002184694167226553 
vn 0.7110204696655273 -0.7016741037368774 -0.04586252197623253 
vn 0.9998835325241089 0.015103200450539589 0.002184694167226553 
vn 0.013217047788202763 -0.965172529220581 -0.2612801790237427 
vn -0.681574821472168 -0.7069389224052429 -0.18892620503902435 
vn -0.6856059432029724 -0.6322250962257385 -0.36088213324546814 
vn -0.6823408007621765 -0.5200099945068359 -0.5138099193572998 
vn -0.6892052888870239 -0.3666471540927887 -0.6249527335166931 
vn -0.6903076767921448 -0.19409780204296112 -0.6969945430755615 
vn 7.920697924585982e-14 -0.2549481689929962 -0.9669547080993652 
vn 0.009447853080928326 -0.4967535138130188 -0.8678402304649353 
vn 0.011334748938679695 -0.7046946287155151 -0.7094202041625977 
vn 0.01322116982191801 -0.8644641637802124 -0.5025205612182617 
vn 0.700354278087616 -0.6883391737937927 -0.18892620503902435 
vn 0.7007593512535095 -0.615386426448822 -0.36088213324546814 
vn 0.6958296298980713 -0.5018171668052673 -0.5138099193572998 
vn 0.6978766322135925 -0.3498603403568268 -0.6249527335166931 
vn 0.9996827244758606 -0.007549653295427561 -0.024029340595006943 
vn 0.7163638472557068 0.6043859124183655 0.34862664341926575 
vn -0.01508626714348793 0.9651451110839844 0.2612801790237427 
vn 0.7132868766784668 0.6772740483283997 0.18033768236637115 
vn -0.011328878812491894 0.9976431727409363 0.06767380982637405 
vn 0.9997690320014954 -0.015101470053195953 -0.0152922747656703 
vn 0.9998644590377808 -0.015102911740541458 -0.006554040592163801 
vn 0.999997615814209 0 -0.002184694167226553 
vn 0.6963448524475098 0.7177039980888367 0.002184694167226553 
vn 0.7056947946548462 0.7070299983024597 0.04586252197623253 
vn -0.015103200450539589 0.9998835325241089 0.002184694167226553 
vn -0.999997615814209 -2.0682260971124217e-13 -0.002184694167226553 
vn -0.999997615814209 -2.0682260971124217e-13 -0.002184694167226553 
vn -0.999997615814209 -2.0682260971124217e-13 -0.002184694167226553 
vn 0 0 1 
vn 0 0 1 
vn 0 0 1 
vn -0.7071051001548767 -0.7071051001548767 0.002184694167226553 
vn -0.7071051001548767 -0.7071051001548767 0.002184694167226553 
vn -0.7071051001548767 -0.7071051001548767 0.002184694167226553 
vn -0.0018877115799114108 0.9794287085533142 0.2017817199230194 
vn -1.0341130485562108e-13 0.999997615814209 0.002184694167226553 
vn -1.0341130485562108e-13 0.999997615814209 0.002184694167226553 
vn 0.9955906867980957 0 0.09380380809307098 
vn 0.999997615814209 0 0.002184694167226553 
vn 0.999997615814209 0 0.002184694167226553 
vn -1.0341130485562108e-13 0.999997615814209 0.002184694167226553 
vn -1.0341130485562108e-13 0.999997615814209 0.002184694167226553 
vn -1.0341130485562108e-13 0.999997615814209 0.002184694167226553 
vn -1.0341130485562108e-13 0.999997615814209 0.002184694167226553 
vn -1.0341130485562108e-13 0.999997615814209 0.002184694167226553 
vn -1.0341130485562108e-13 0.999997615814209 0.002184694167226553 
vn 0.4713956117630005 -0.8819191455841064 0.002184694167226553 
vn 0.8596616387367249 -0.5108591318130493 0.002184694167226553 
vn 0.4713956117630005 -0.8819191455841064 0.002184694167226553 
vn 0.8596616387367249 -0.5108591318130493 0.002184694167226553 
vn 0.8596616387367249 0.5108591318130493 0.002184694167226553 
vn 0.8596616387367249 0.5108591318130493 0.002184694167226553 
vn -1.0341130485562108e-13 0.999997615814209 -0.002184694167226553 
vn -1.0341130485562108e-13 0.999997615814209 0.002184694167226553 
vn -0.8596616387367249 0.5108591318130493 0.002184694167226553 
vn -0.8596616387367249 0.5108591318130493 -0.002184694167226553 
vn -0.8596616387367249 -0.5108591318130493 -0.002184694167226553 
vn -0.8596616387367249 -0.5108591318130493 -0.002184694167226553 
vn -0.4713956117630005 -0.8819191455841064 0.002184694167226553 
vn -0.4713956117630005 0.8819191455841064 0.002184694167226553 
vn -0.8596616387367249 0.5108591318130493 -0.002184694167226553 
vn -0.4713956117630005 0.8819191455841064 -0.002184694167226553 
vn -0.8596616387367249 0.5108591318130493 0.002184694167226553 
vn -0.8596616387367249 -0.5108591318130493 -0.002184694167226553 
vn -0.8596616387367249 -0.5108591318130493 0.002184694167226553 
vn 3.097898456858039e-13 -0.999997615814209 -0.002184694167226553 
vn 3.097898456858039e-13 -0.999997615814209 -0.002184694167226553 
vn 0.8596616387367249 -0.5108591318130493 -0.002184694167226553 
vn 0.8596616387367249 -0.5108591318130493 0.002184694167226553 
vn 0.8596616387367249 0.5108591318130493 -0.002184694167226553 
vn 0.8596616387367249 0.5108591318130493 0.002184694167226553 
vn 0.4713956117630005 0.8819191455841064 0.002184694167226553 
vn 3.097898456858039e-13 -0.999997615814209 0.002184694167226553 
vn 3.097898456858039e-13 -0.999997615814209 0.002184694167226553 
vn 3.097898456858039e-13 -0.999997615814209 0.002184694167226553 
vn 3.097898456858039e-13 -0.999997615814209 0.002184694167226553 
vn 3.097898456858039e-13 -0.999997615814209 0.002184694167226553 
vn 3.097898456858039e-13 -0.999997615814209 0.002184694167226553 
vn 0.8596616387367249 0.5108591318130493 0.002184694167226553 
vn 0.4713956117630005 0.8819191455841064 -0.002184694167226553 
vn 0.4713956117630005 0.8819191455841064 -0.002184694167226553 
vn -0.8596616387367249 -0.5108591318130493 0.002184694167226553 
vn -0.4713956117630005 -0.8819191455841064 -0.002184694167226553 
vn -0.4713956117630005 -0.8819191455841064 -0.002184694167226553 
vn 0.999997615814209 0 0.002184694167226553 
vn 0.999997615814209 0 0.002184694167226553 
vn 0.999997615814209 0 0.002184694167226553 
vn 0.999997615814209 0 -0.002184694167226553 
vn 0.999997615814209 0 0.002184694167226553 
vn 0.999997615814209 0 0.002184694167226553 
vn 0.954125165939331 0.01510187890380621 0.2990269064903259 
vn 0.9445334076881409 0.01508305687457323 0.3280687630176544 
vn 0.8014589548110962 0.030168218538165092 0.5972883701324463 
vn 0.8014589548110962 0.030168218538165092 0.5972883701324463 
vn -1.0341130485562108e-13 0.999997615814209 -0.002184694167226553 
vn -1.0341130485562108e-13 0.999997615814209 -0.002184694167226553 
vn -1.0341130485562108e-13 0.999997615814209 -0.002184694167226553 
vn -1.0341130485562108e-13 0.999997615814209 -0.002184694167226553 
vn -1.0341130485562108e-13 0.999997615814209 -0.002184694167226553 
vn 0.999997615814209 0 0.002184694167226553 
vn 0.999997615814209 0 -0.002184694167226553 
vn 0.9452434182167053 -0.3261833190917969 -0.010923261754214764 
vn 0.9376115798950195 -0.34751296043395996 -0.010923261754214764 
vn 0.7728610038757324 -0.6342706680297852 -0.01966099627315998 
vn -0.002184688812121749 0.0037839922588318586 -0.9999904632568359 
vn -0.002184688812121749 0.0037839922588318586 -0.9999904632568359 
vn -0.002184688812121749 0.0037839922588318586 -0.9999904632568359 
vn -0.002184688812121749 0.0037839922588318586 -0.9999904632568359 
vn -0.002184688812121749 0.0037839922588318586 -0.9999904632568359 
vn 0.0018878303235396743 0.7078762650489807 -0.7063339352607727 
vn 0.0018878303235396743 0.7078762650489807 -0.7063339352607727 
vn 0.0018878303235396743 0.7078762650489807 -0.7063339352607727 
vn 0.5006305575370789 0 0.865661084651947 
vn 0.5006305575370789 0 0.865661084651947 
vn 0.8667527437210083 0 0.4987381398677826 
vn 0.8667527437210083 0 0.4987381398677826 
vn 0.8667527437210083 0 -0.4987381398677826 
vn 0.8667527437210083 0 -0.4987381398677826 
vn 2.0682311115474694e-13 4.2775797696334704e-26 -1 
vn 2.0682311115474694e-13 4.2775797696334704e-26 -1 
vn -0.8667445182800293 0.0037766648456454277 -0.4987381398677826 
vn -0.8667445182800293 0.0037766648456454277 -0.4987381398677826 
vn -0.8667527437210083 -1.7926449441627718e-13 0.4987381398677826 
vn -0.8667527437210083 -1.7926449441627718e-13 0.4987381398677826 
vn -0.5006305575370789 -1.0354196476993274e-13 0.865661084651947 
vn -0.5006305575370789 -1.0354196476993274e-13 0.865661084651947 
vn 0.7728610038757324 -0.6342706680297852 -0.01966099627315998 
vn 0.9376115798950195 -0.34751296043395996 -0.010923261754214764 
vn 0.7728610038757324 -0.6342706680297852 -0.01966099627315998 
vn -1.0341130485562108e-13 0.999997615814209 -0.002184694167226553 
vn -1.0341130485562108e-13 0.999997615814209 -0.002184694167226553 
vn -1.0341130485562108e-13 0.999997615814209 -0.002184694167226553 
vn -0.002184688812121749 0.0037839922588318586 -0.9999904632568359 
vn -0.002184688812121749 0.0037839922588318586 -0.9999904632568359 
vn -0.002184688812121749 0.0037839922588318586 -0.9999904632568359 
vn 0.0018878303235396743 0.7078762650489807 -0.7063339352607727 
vn 0.0018878303235396743 0.7078762650489807 -0.7063339352607727 
vn 0.0018878303235396743 0.7078762650489807 -0.7063339352607727 
vn -0.9998644590377808 0.015102911740541458 -0.006554040592163801 
vn -0.9999118447303772 0.007551383227109909 -0.010923261754214764 
vn -0.9998835325241089 0.015103200450539589 -0.002184694167226553 
vn -0.999854564666748 0.007550950627774 -0.0152922747656703 
vn -0.9998644590377808 0.015102911740541458 -0.006554040592163801 
vn -0.9998835325241089 0.015103200450539589 -0.002184694167226553 
vn -0.9542815089225769 -0.04906648024916649 -0.2948545813560486 
vn -0.9435674548149109 -0.045291297137737274 -0.3280687630176544 
vn -0.8069942593574524 -0.018895011395215988 -0.590256929397583 
vn -0.7778419256210327 0.01133153960108757 -0.6283578276634216 
vn 3.097898456858039e-13 -0.999997615814209 -0.002184694167226553 
vn 3.097898456858039e-13 -0.999997615814209 0.002184694167226553 
vn 3.097898456858039e-13 -0.999997615814209 0.002184694167226553 
vn 3.097898456858039e-13 -0.999997615814209 0.002184694167226553 
vn 3.0978390967890956e-13 -0.9999785423278809 0.006554040592163801 
vn -0.9998830556869507 -2.0679891989377336e-13 0.0152922747656703 
vn -0.9420340657234192 0.32948923110961914 0.0633138045668602 
vn -0.9444855451583862 0.32592180371284485 0.04149730131030083 
vn -0.7820835709571838 0.6223116517066956 0.03276457265019417 
vn 0.0013502120273187757 -0.0041555254720151424 0.9999904632568359 
vn 0 0 1 
vn 0.0013502120273187757 -0.0041555254720151424 0.9999904632568359 
vn 0.0013502120273187757 0.0041555254720151424 0.9999904632568359 
vn 0.0013502120273187757 -0.0041555254720151424 0.9999904632568359 
vn -0.00376924779266119 -0.707868754863739 0.7063339352607727 
vn -0.00376924779266119 -0.707868754863739 0.7063339352607727 
vn -0.00376924779266119 -0.707868754863739 0.7063339352607727 
vn -0.777777373790741 0.6285360455513 -0.002184694167226553 
vn -0.5323361158370972 0.831503689289093 0.15880759060382843 
vn -0.7534522414207458 0.6574118733406067 -0.010923261754214764 
vn 3.097898456858039e-13 -0.999997615814209 0.002184694167226553 
vn 3.097898456858039e-13 -0.999997615814209 0.002184694167226553 
vn 3.097898456858039e-13 -0.999997615814209 0.002184694167226553 
vn -0.9997782111167908 0.007550373673439026 -0.01966099627315998 
vn -0.9999118447303772 0.007551383227109909 -0.010923261754214764 
vn -0.999854564666748 0.007550950627774 -0.0152922747656703 
vn 0.0013502120273187757 -0.0041555254720151424 0.9999904632568359 
vn 0.0013502120273187757 -0.0041555254720151424 0.9999904632568359 
vn 0.0013502120273187757 -0.0041555254720151424 0.9999904632568359 
vn -0.00376924779266119 -0.707868754863739 0.7063339352607727 
vn -0.00376924779266119 -0.707868754863739 0.7063339352607727 
vn -0.00376924779266119 -0.707868754863739 0.7063339352607727 
vn 0.007551815826445818 -0.9999691247940063 -0.002184694167226553 
vn 0.007549653295427561 -0.9996827244758606 -0.024029340595006943 
vn -0.007551815826445818 -0.9999691247940063 -0.002184694167226553 
vn 0.030201226472854614 -0.999484121799469 0.010923261754214764 
vn 0.0018875868991017342 -0.9529271721839905 0.30319350957870483 
vn 0.0018875868991017342 -0.9529271721839905 0.30319350957870483 
vn 0.0018875868991017342 -0.9529271721839905 0.30319350957870483 
vn 0.0018875868991017342 -0.9529271721839905 0.30319350957870483 
vn -0.999997615814209 -2.0682260971124217e-13 0.002184694167226553 
vn -0.999997615814209 -2.0682260971124217e-13 0.002184694167226553 
vn -0.999997615814209 -2.0682260971124217e-13 0.002184694167226553 
vn -0.999997615814209 -2.0682260971124217e-13 0.002184694167226553 
vn -0.999997615814209 -2.0682260971124217e-13 -0.002184694167226553 
vn -0.999997615814209 -2.0682260971124217e-13 -0.002184694167226553 
vn 0.050311751663684845 0.03472769632935524 0.9981296062469482 
vn 0.028416765853762627 -0.05900802090764046 0.9978529810905457 
vn 0.0013502120273187757 -0.0041555254720151424 0.9999904632568359 
vn 0.0013502120273187757 -0.0041555254720151424 0.9999904632568359 
vn 0.020776038989424706 -0.006750544533133507 0.9997613430023193 
vn -0.016929637640714645 0.3338240087032318 0.9424833655357361 
vn 0.006688034627586603 0.016146345064044 0.9998472929000854 
vn 0.3342530131340027 0 0.9424833655357361 
vn -0.6226444840431213 -0.7825018167495728 -0.002184694167226553 
vn -0.6458710432052612 -0.7631933689117432 -0.01966099627315998 
vn -0.6517031788825989 -0.7583954334259033 -0.010923261754214764 
vn -0.6284640431404114 -0.7776882648468018 -0.0152922747656703 
vn 0.00376924779266119 -0.707868754863739 0.7063339352607727 
vn 0.00376924779266119 -0.707868754863739 0.7063339352607727 
vn 0.00376924779266119 -0.707868754863739 0.7063339352607727 
vn 0.00376924779266119 -0.707868754863739 0.7063339352607727 
vn -0.999997615814209 -2.0682260971124217e-13 0.002184694167226553 
vn -0.999997615814209 -2.0682260971124217e-13 0.002184694167226553 
vn -0.999997615814209 -2.0682260971124217e-13 0.002184694167226553 
vn -0.999997615814209 -2.0682260971124217e-13 0.002184694167226553 
vn 3.097898456858039e-13 -0.999997615814209 0.002184694167226553 
vn 3.0977209187522947e-13 -0.9999403357505798 0.010923261754214764 
vn 3.097898456858039e-13 -0.999997615814209 0.002184694167226553 
vn 0.0075516714714467525 -0.9999499917030334 0.006554040592163801 
vn -0.999997615814209 -2.0682260971124217e-13 -0.002184694167226553 
vn -0.999997615814209 -2.0682260971124217e-13 -0.002184694167226553 
vn -0.999997615814209 -2.0682260971124217e-13 -0.002184694167226553 
vn -0.999997615814209 -2.0682260971124217e-13 0.002184694167226553 
vn -0.999997615814209 -2.0682260971124217e-13 0.002184694167226553 
vn -0.999997615814209 -2.0682260971124217e-13 0.002184694167226553 
vn -0.999997615814209 -2.0682260971124217e-13 0.002184694167226553 
vn -0.999997615814209 -2.0682260971124217e-13 0.002184694167226553 
vn -0.5915881395339966 0.022584186866879463 0.8059239983558655 
vn -0.6023433208465576 0.01508137583732605 0.7980946898460388 
vn -0.6232002377510071 0.007530525792390108 0.7820260524749756 
vn -0.5884799361228943 -0.0037653555627912283 0.8085030317306519 
vn 0.0037539536133408546 -0.28437456488609314 0.9587059020996094 
vn 0.0037539536133408546 -0.28437456488609314 0.9587059020996094 
vn 0.011259244754910469 -0.28417637944221497 0.9587059020996094 
vn 0.0037539536133408546 -0.28437456488609314 0.9587059020996094 
vn -1.0341130485562108e-13 0.999997615814209 -0.002184694167226553 
vn -0.001889259205199778 0.9032562375068665 -0.42909738421440125 
vn -9.398095501692363e-14 0.9088051319122314 -0.417220801115036 
vn -3.584019000091483e-14 0.3465781807899475 -0.9380210638046265 
vn -3.584019000091483e-14 0.3465781807899475 -0.9380210638046265 
vn -2.0682311115474694e-13 0 -1 
vn -2.0682311115474694e-13 0 -1 
vn 0 0 1 
vn 0 0 1 
vn 0 0 1 
vn -0.999997615814209 -2.0682260971124217e-13 0.002184694167226553 
vn -0.999997615814209 -2.0682260971124217e-13 -0.002184694167226553 
vn -0.999997615814209 -2.0682260971124217e-13 -0.002184694167226553 
vn -0.999997615814209 -2.0682260971124217e-13 -0.002184694167226553 
vn -0.999997615814209 -2.0682260971124217e-13 0.002184694167226553 
vn 3.097898456858039e-13 -0.999997615814209 0.002184694167226553 
vn 3.097898456858039e-13 -0.999997615814209 0.002184694167226553 
vn 3.097898456858039e-13 -0.999997615814209 0.002184694167226553 
vn -0.01510563027113676 0.9086796045303345 -0.417220801115036 
vn -1.0341130485562108e-13 0.999997615814209 -0.002184694167226553 
vn -1.0341130485562108e-13 0.999997615814209 -0.002184694167226553 
vn -1.0341130485562108e-13 0.999997615814209 0.002184694167226553 
vn -1.0341130485562108e-13 0.999997615814209 0.002184694167226553 
vn -1.0341130485562108e-13 0.999997615814209 0.002184694167226553 
vn -1.0341130485562108e-13 0.999997615814209 0.002184694167226553 
vn -1.0341130485562108e-13 0.999997615814209 0.002184694167226553 
vn -1.0341130485562108e-13 0.999997615814209 0.002184694167226553 
vn 0.0037733204662799835 -0.8815911412239075 0.4719987213611603 
vn 0.0037733204662799835 -0.8815911412239075 0.4719987213611603 
vn -0.0018832386704161763 -0.5119310021400452 0.8590245246887207 
vn -0.0018832386704161763 -0.5119310021400452 0.8590245246887207 
vn -0.0018832386704161763 0.5119310021400452 0.8590245246887207 
vn -0.0018832386704161763 0.5119310021400452 0.8590245246887207 
vn -1.0341130485562108e-13 0.999997615814209 -0.002184694167226553 
vn -1.0341130485562108e-13 0.999997615814209 -0.002184694167226553 
vn 0.0037752932403236628 0.5119205117225647 -0.8590245246887207 
vn 0.0037752932403236628 0.5119205117225647 -0.8590245246887207 
vn 0.43337106704711914 -0.03770451992750168 -0.9004265069961548 
vn 0.0037752932403236628 -0.5119205117225647 -0.8590245246887207 
vn 0.0018892384832724929 -0.8815972208976746 -0.4719987213611603 
vn 0.0037733204662799835 -0.8815911412239075 0.4719987213611603 
vn -0.0018832386704161763 -0.5119310021400452 0.8590245246887207 
vn 0.0037733204662799835 -0.8815911412239075 0.4719987213611603 
vn -0.0018832386704161763 -0.5119310021400452 0.8590245246887207 
vn -0.0018832386704161763 0.5119310021400452 0.8590245246887207 
vn -0.0018832386704161763 0.5119310021400452 0.8590245246887207 
vn -1.0341130485562108e-13 0.999997615814209 0.002184694167226553 
vn -1.0341130485562108e-13 0.999997615814209 -0.002184694167226553 
vn -0.0037752932403236628 0.5119205117225647 -0.8590245246887207 
vn -0.0037752932403236628 0.5119205117225647 -0.8590245246887207 
vn 0.43337106704711914 -0.03770451992750168 -0.9004265069961548 
vn -0.0037752932403236628 -0.5119205117225647 -0.8590245246887207 
vn 0.0018892384832724929 -0.8815972208976746 -0.4719987213611603 
vn 3.097898456858039e-13 -0.999997615814209 0.002184694167226553 
vn 3.097898456858039e-13 -0.999997615814209 0.002184694167226553 
vn 3.097898456858039e-13 -0.999997615814209 0.002184694167226553 
vn 3.097898456858039e-13 -0.999997615814209 0.002184694167226553 
vn 3.097898456858039e-13 -0.999997615814209 0.002184694167226553 
vn 3.097898456858039e-13 -0.999997615814209 0.002184694167226553 
vn 0.5065392851829529 -0.7164639234542847 -0.4796847105026245 
vn 0.0018892384832724929 -0.8815972208976746 -0.4719987213611603 
vn 0.0018892384832724929 -0.8815972208976746 -0.4719987213611603 
vn 0.5065392851829529 -0.7164639234542847 -0.4796847105026245 
vn 0.0018892384832724929 -0.8815972208976746 -0.4719987213611603 
vn 0.0018892384832724929 -0.8815972208976746 -0.4719987213611603 
vn 0.8667527437210083 0 0.4987381398677826 
vn 0.8667527437210083 0 0.4987381398677826 
vn 0.5006305575370789 0 0.865661084651947 
vn 0.5006305575370789 0 0.865661084651947 
vn -0.5006305575370789 -1.0354196476993274e-13 0.865661084651947 
vn -0.5006305575370789 -1.0354196476993274e-13 0.865661084651947 
vn -0.999997615814209 -2.0682260971124217e-13 -0.002184694167226553 
vn -0.999997615814209 -2.0682260971124217e-13 -0.002184694167226553 
vn -0.5006305575370789 -1.0354196476993274e-13 -0.865661084651947 
vn -0.5006305575370789 -1.0354196476993274e-13 -0.865661084651947 
vn 0.5006305575370789 0 -0.865661084651947 
vn 0.5006305575370789 0 -0.865661084651947 
vn 0.8667527437210083 0 -0.4987381398677826 
vn 0.8667527437210083 0 -0.4987381398677826 
vn 0 0 1 
vn 0 0 1 
vn 0 0 1 
vn 3.097898456858039e-13 -0.999997615814209 0.002184694167226553 
vn 3.097898456858039e-13 -0.999997615814209 0.002184694167226553 
vn 3.097898456858039e-13 -0.999997615814209 0.002184694167226553 
vn 0.022653724998235703 -0.9997409582138062 0.002184694167226553 
vn 0.03205188736319542 -0.9082397818565369 0.417220801115036 
vn 0.026395099237561226 -0.9047395586967468 0.42514660954475403 
vn 0.02625637874007225 -0.34558218717575073 0.9380210638046265 
vn 0.02625637874007225 -0.34558218717575073 0.9380210638046265 
vn 0 0 1 
vn 0 0 1 
vn -2.0682311115474694e-13 0 -1 
vn -2.0682311115474694e-13 0 -1 
vn -2.0682311115474694e-13 0 -1 
vn 0.999997615814209 0 -0.002184694167226553 
vn 0.999997615814209 0 -0.002184694167226553 
vn 0.999997615814209 0 -0.002184694167226553 
vn 0.999997615814209 0 -0.002184694167226553 
vn 0.999997615814209 0 -0.002184694167226553 
vn -1.0341130485562108e-13 0.999997615814209 -0.002184694167226553 
vn -1.0341130485562108e-13 0.999997615814209 -0.002184694167226553 
vn -1.0341130485562108e-13 0.999997615814209 -0.002184694167226553 
vn 2.8153927756832675e-13 -0.9088051319122314 -0.417220801115036 
vn 3.097898456858039e-13 -0.999997615814209 0.002184694167226553 
vn 3.097898456858039e-13 -0.999997615814209 0.002184694167226553 
vn -2.0682311115474694e-13 0 -1 
vn -2.0682311115474694e-13 0 -1 
vn -2.0682311115474694e-13 0 -1 
vn -1.0341130485562108e-13 0.999997615814209 -0.002184694167226553 
vn -1.0341130485562108e-13 0.999997615814209 -0.002184694167226553 
vn -1.0341130485562108e-13 0.999997615814209 -0.002184694167226553 
vn 0.999997615814209 0 0.002184694167226553 
vn 0.999997615814209 0 0.002184694167226553 
vn 0.999997615814209 0 0.002184694167226553 
vn 0.999997615814209 0 0.002184694167226553 
vn 0.999997615814209 0 0.002184694167226553 
vn 0.999997615814209 0 0.002184694167226553 
vn 0.999997615814209 0 0.002184694167226553 
vn 0.999997615814209 0 0.002184694167226553 
vn 0.999997615814209 0 0.002184694167226553 
vn 0.999997615814209 0 0.002184694167226553 
vn 0.999997615814209 0 0.002184694167226553 
vn 0.999997615814209 0 0.002184694167226553 
vn 0.999997615814209 0 0.002184694167226553 
vn 0.999997615814209 0 0.002184694167226553 
vn 0.999997615814209 0 0.002184694167226553 
vn 0.999997615814209 0 0.002184694167226553 
vn 0.999997615814209 0 0.002184694167226553 
vn 0.999997615814209 0 0.002184694167226553 
vn -1.0341130485562108e-13 0.999997615814209 -0.002184694167226553 
vn -9.398095501692363e-14 0.9088051319122314 -0.417220801115036 
vn -9.398095501692363e-14 0.9088051319122314 -0.417220801115036 
vn -3.584019000091483e-14 0.3465781807899475 -0.9380210638046265 
vn -3.584019000091483e-14 0.3465781807899475 -0.9380210638046265 
vn -2.0682311115474694e-13 0 -1 
vn -2.0682311115474694e-13 0 -1 
vn 0 0 1 
vn 0 0 1 
vn 0 0 1 
vn 0 0 1 
vn 0.999997615814209 0 0.002184694167226553 
vn 0.999997615814209 0 0.002184694167226553 
vn 0.999997615814209 0 0.002184694167226553 
vn 0.999997615814209 0 0.002184694167226553 
vn 0.999997615814209 0 0.002184694167226553 
vn 3.097898456858039e-13 -0.999997615814209 0.002184694167226553 
vn 3.097898456858039e-13 -0.999997615814209 0.002184694167226553 
vn 3.097898456858039e-13 -0.999997615814209 0.002184694167226553 
vn -9.398095501692363e-14 0.9088051319122314 -0.417220801115036 
vn -1.0341130485562108e-13 0.999997615814209 -0.002184694167226553 
vn -1.0341130485562108e-13 0.999997615814209 -0.002184694167226553 
vn -1.0341130485562108e-13 0.999997615814209 0.002184694167226553 
vn -1.0341130485562108e-13 0.999997615814209 0.002184694167226553 
vn -1.0341130485562108e-13 0.999997615814209 0.002184694167226553 
vn -1.0341130485562108e-13 0.999997615814209 0.002184694167226553 
vn -1.0341130485562108e-13 0.999997615814209 0.002184694167226553 
vn -1.0341130485562108e-13 0.999997615814209 0.002184694167226553 
vn -0.0037733204662799835 -0.8815911412239075 0.4719987213611603 
vn -0.0037733204662799835 -0.8815911412239075 0.4719987213611603 
vn -0.0018832386704161763 -0.5119310021400452 0.8590245246887207 
vn -0.0018832386704161763 -0.5119310021400452 0.8590245246887207 
vn -0.0018832386704161763 0.5119310021400452 0.8590245246887207 
vn -0.0018832386704161763 0.5119310021400452 0.8590245246887207 
vn -1.0341130485562108e-13 0.999997615814209 0.002184694167226553 
vn -1.0341130485562108e-13 0.999997615814209 -0.002184694167226553 
vn 0.0037752932403236628 0.5119205117225647 -0.8590245246887207 
vn 0.0037752932403236628 0.5119205117225647 -0.8590245246887207 
vn 0.0037752932403236628 -0.5119205117225647 -0.8590245246887207 
vn 0.0037752932403236628 -0.5119205117225647 -0.8590245246887207 
vn 0.0018892384832724929 -0.8815972208976746 -0.4719987213611603 
vn -0.0037733204662799835 -0.8815911412239075 0.4719987213611603 
vn -0.0018832386704161763 -0.5119310021400452 0.8590245246887207 
vn -0.0037733204662799835 -0.8815911412239075 0.4719987213611603 
vn -0.0018832386704161763 -0.5119310021400452 0.8590245246887207 
vn -0.0018832386704161763 0.5119310021400452 0.8590245246887207 
vn -0.0018832386704161763 0.5119310021400452 0.8590245246887207 
vn -1.0341130485562108e-13 0.999997615814209 0.002184694167226553 
vn -1.0341130485562108e-13 0.999997615814209 -0.002184694167226553 
vn 0.0037752932403236628 0.5119205117225647 -0.8590245246887207 
vn 0.0037752932403236628 0.5119205117225647 -0.8590245246887207 
vn 0.0037752932403236628 -0.5119205117225647 -0.8590245246887207 
vn 0.0037752932403236628 -0.5119205117225647 -0.8590245246887207 
vn 0.0018892384832724929 -0.8815972208976746 -0.4719987213611603 
vn 3.097898456858039e-13 -0.999997615814209 0.002184694167226553 
vn 3.097898456858039e-13 -0.999997615814209 0.002184694167226553 
vn 3.097898456858039e-13 -0.999997615814209 0.002184694167226553 
vn 3.097898456858039e-13 -0.999997615814209 0.002184694167226553 
vn 3.097898456858039e-13 -0.999997615814209 0.002184694167226553 
vn 3.097898456858039e-13 -0.999997615814209 0.002184694167226553 
vn -0.0037752932403236628 -0.5119205117225647 -0.8590245246887207 
vn 0.0018892384832724929 -0.8815972208976746 -0.4719987213611603 
vn 0.0018892384832724929 -0.8815972208976746 -0.4719987213611603 
vn -0.0037752932403236628 -0.5119205117225647 -0.8590245246887207 
vn 0.0018892384832724929 -0.8815972208976746 -0.4719987213611603 
vn 0.0018892384832724929 -0.8815972208976746 -0.4719987213611603 
vn -0.8667527437210083 -1.7926449441627718e-13 0.4987381398677826 
vn -0.8667527437210083 -1.7926449441627718e-13 0.4987381398677826 
vn -0.5006305575370789 -1.0354196476993274e-13 0.865661084651947 
vn -0.5006305575370789 -1.0354196476993274e-13 0.865661084651947 
vn 0.5006305575370789 0 0.865661084651947 
vn 0.5006305575370789 0 0.865661084651947 
vn 0.999997615814209 0 -0.002184694167226553 
vn 0.999997615814209 0 -0.002184694167226553 
vn 0.5006305575370789 0 -0.865661084651947 
vn 0.5006305575370789 0 -0.865661084651947 
vn -0.5006305575370789 -1.0354196476993274e-13 -0.865661084651947 
vn -0.5006305575370789 -1.0354196476993274e-13 -0.865661084651947 
vn -0.8667445182800293 0.0037766648456454277 -0.4987381398677826 
vn -0.8667445182800293 0.0037766648456454277 -0.4987381398677826 
vn 3.097898456858039e-13 -0.999997615814209 0.002184694167226553 
vn 3.097898456858039e-13 -0.999997615814209 0.002184694167226553 
vn 3.097898456858039e-13 -0.999997615814209 0.002184694167226553 
vn -0.022653724998235703 -0.9997409582138062 0.002184694167226553 
vn -0.024527762085199356 -0.9066417813301086 0.42118772864341736 
vn -0.028282377868890762 -0.9083649516105652 0.417220801115036 
vn -0.02625637874007225 -0.34558218717575073 0.9380210638046265 
vn -0.02625637874007225 -0.34558218717575073 0.9380210638046265 
vn 0 0 1 
vn 0 0 1 
vn -2.0682311115474694e-13 0 -1 
vn -2.0682311115474694e-13 0 -1 
vn -2.0682311115474694e-13 0 -1 
vn -0.999997615814209 -2.0682260971124217e-13 0.002184694167226553 
vn -0.999997615814209 -2.0682260971124217e-13 -0.002184694167226553 
vn -0.999997615814209 -2.0682260971124217e-13 -0.002184694167226553 
vn -0.999997615814209 -2.0682260971124217e-13 -0.002184694167226553 
vn -0.999997615814209 -2.0682260971124217e-13 -0.002184694167226553 
vn -1.0341130485562108e-13 0.999997615814209 -0.002184694167226553 
vn -1.0341130485562108e-13 0.999997615814209 -0.002184694167226553 
vn -1.0341130485562108e-13 0.999997615814209 -0.002184694167226553 
vn 0.01510563027113676 -0.9086796045303345 -0.417220801115036 
vn 3.097898456858039e-13 -0.999997615814209 0.002184694167226553 
vn 3.097898456858039e-13 -0.999997615814209 0.002184694167226553 
vn -2.0682311115474694e-13 0 -1 
vn -2.0682311115474694e-13 0 -1 
vn -2.0682311115474694e-13 0 -1 
vn -1.0341130485562108e-13 0.999997615814209 -0.002184694167226553 
vn -1.0341130485562108e-13 0.999997615814209 -0.002184694167226553 
vn -1.0341130485562108e-13 0.999997615814209 -0.002184694167226553 
vn -0.999997615814209 -2.0682260971124217e-13 -0.002184694167226553 
vn -0.999997615814209 -2.0682260971124217e-13 -0.002184694167226553 
vn -0.999997615814209 -2.0682260971124217e-13 -0.002184694167226553 
vn -0.999997615814209 -2.0682260971124217e-13 0.002184694167226553 
vn -0.999997615814209 -2.0682260971124217e-13 0.002184694167226553 
vn -0.999997615814209 -2.0682260971124217e-13 -0.002184694167226553 
vn -0.999997615814209 -2.0682260971124217e-13 0.002184694167226553 
vn -0.999997615814209 -2.0682260971124217e-13 -0.002184694167226553 
vn -0.999997615814209 -2.0682260971124217e-13 -0.002184694167226553 
vn -0.999997615814209 -2.0682260971124217e-13 -0.002184694167226553 
vn -0.999997615814209 -2.0682260971124217e-13 -0.002184694167226553 
vn -0.999997615814209 -2.0682260971124217e-13 0.002184694167226553 
vn -0.999997615814209 -2.0682260971124217e-13 0.002184694167226553 
vn -0.999997615814209 -2.0682260971124217e-13 0.002184694167226553 
vn -0.999997615814209 -2.0682260971124217e-13 0.002184694167226553 
vn -0.999997615814209 -2.0682260971124217e-13 -0.002184694167226553 
vn -0.999997615814209 -2.0682260971124217e-13 -0.002184694167226553 
vn -1.0341130485562108e-13 0.999997615814209 0.002184694167226553 
vn -1.0341130485562108e-13 0.999997615814209 0.002184694167226553 
vn -1.0341130485562108e-13 0.999997615814209 0.002184694167226553 
vn -1.0341130485562108e-13 0.999997615814209 0.002184694167226553 
vn -1.0341130485562108e-13 0.999997615814209 0.002184694167226553 
vn -1.0341130485562108e-13 0.999997615814209 0.002184694167226553 
vn -0.4713956117630005 -0.8819191455841064 0.002184694167226553 
vn -0.8596616387367249 -0.5108591318130493 -0.002184694167226553 
vn -0.8596616387367249 -0.5108591318130493 -0.002184694167226553 
vn -0.8596616387367249 0.5108591318130493 0.002184694167226553 
vn -0.8596616387367249 0.5108591318130493 0.002184694167226553 
vn -1.0341130485562108e-13 0.999997615814209 0.002184694167226553 
vn -1.0341130485562108e-13 0.999997615814209 -0.002184694167226553 
vn 0.8596616387367249 0.5108591318130493 -0.002184694167226553 
vn 0.8596616387367249 0.5108591318130493 0.002184694167226553 
vn 0.8596616387367249 -0.5108591318130493 -0.002184694167226553 
vn 0.8596616387367249 -0.5108591318130493 -0.002184694167226553 
vn 0.4713956117630005 -0.8819191455841064 -0.002184694167226553 
vn 0.4713956117630005 -0.8819191455841064 0.002184694167226553 
vn 0.4713956117630005 0.8819191455841064 0.002184694167226553 
vn 0.8596616387367249 0.5108591318130493 -0.002184694167226553 
vn 0.8596616387367249 0.5108591318130493 -0.002184694167226553 
vn 0.8596616387367249 -0.5108591318130493 0.002184694167226553 
vn 0.8596616387367249 -0.5108591318130493 -0.002184694167226553 
vn 3.097898456858039e-13 -0.999997615814209 -0.002184694167226553 
vn 3.097898456858039e-13 -0.999997615814209 0.002184694167226553 
vn -0.8596616387367249 -0.5108591318130493 -0.002184694167226553 
vn -0.8596616387367249 -0.5108591318130493 -0.002184694167226553 
vn -0.8596616387367249 0.5108591318130493 -0.002184694167226553 
vn -0.8596616387367249 0.5108591318130493 0.002184694167226553 
vn -0.4713956117630005 0.8819191455841064 -0.002184694167226553 
vn -0.4713956117630005 0.8819191455841064 -0.002184694167226553 
vn 3.097898456858039e-13 -0.999997615814209 0.002184694167226553 
vn 3.097898456858039e-13 -0.999997615814209 0.002184694167226553 
vn 3.097898456858039e-13 -0.999997615814209 0.002184694167226553 
vn 3.097898456858039e-13 -0.999997615814209 0.002184694167226553 
vn 3.097898456858039e-13 -0.999997615814209 0.002184694167226553 
vn 3.097898456858039e-13 -0.999997615814209 0.002184694167226553 
vn -0.8596616387367249 -0.5108591318130493 0.002184694167226553 
vn -0.4713956117630005 -0.8819191455841064 -0.002184694167226553 
vn -0.4713956117630005 -0.8819191455841064 -0.002184694167226553 
vn 0.8596616387367249 0.5108591318130493 0.002184694167226553 
vn 0.4713956117630005 0.8819191455841064 0.002184694167226553 
vn 0.4713956117630005 0.8819191455841064 0.002184694167226553 
vn -0.999997615814209 -2.0682260971124217e-13 -0.002184694167226553 
vn -0.999997615814209 -2.0682260971124217e-13 -0.002184694167226553 
vn -0.999997615814209 -2.0682260971124217e-13 -0.002184694167226553 
vn -0.999997615814209 -2.0682260971124217e-13 -0.002184694167226553 
vn -0.999997615814209 -2.0682260971124217e-13 -0.002184694167226553 
vn -0.9487528800964355 0.015092894434928894 0.31565824151039124 
vn -0.999997615814209 -2.0682260971124217e-13 -0.002184694167226553 
vn -0.9386547803878784 0.015085037797689438 0.34452807903289795 
vn -0.7829415798187256 0.026377176865935326 0.6215357780456543 
vn -1.0341130485562108e-13 0.999997615814209 -0.002184694167226553 
vn -1.0341130485562108e-13 0.999997615814209 -0.002184694167226553 
vn -1.0341130485562108e-13 0.999997615814209 -0.002184694167226553 
vn -1.0341130485562108e-13 0.999997615814209 -0.002184694167226553 
vn -1.0341130485562108e-13 0.999997615814209 -0.002184694167226553 
vn -0.999997615814209 -2.0682260971124217e-13 -0.002184694167226553 
vn -0.9427531957626343 -0.33331233263015747 -0.010923261754214764 
vn -0.999997615814209 -2.0682260971124217e-13 -0.002184694167226553 
vn -0.9349604845046997 -0.354583740234375 -0.010923261754214764 
vn -0.7582940459251404 -0.651616096496582 -0.01966099627315998 
vn -0.7582940459251404 -0.651616096496582 -0.01966099627315998 
vn -0.002184688812121749 0.0037839922588318586 -0.9999904632568359 
vn -0.002184688812121749 0.0037839922588318586 -0.9999904632568359 
vn -0.002184688812121749 0.0037839922588318586 -0.9999904632568359 
vn -0.002184688812121749 0.0037839922588318586 -0.9999904632568359 
vn -0.002184688812121749 0.0037839922588318586 -0.9999904632568359 
vn 0.0018878303235396743 0.7078762650489807 -0.7063339352607727 
vn 0.0018878303235396743 0.7078762650489807 -0.7063339352607727 
vn 0.0018878303235396743 0.7078762650489807 -0.7063339352607727 
vn 0.0018878303235396743 0.7078762650489807 -0.7063339352607727 
vn 0.5006305575370789 0 0.865661084651947 
vn 0.5006305575370789 0 0.865661084651947 
vn 0.8667527437210083 0 0.4987381398677826 
vn 0.8667527437210083 0 0.4987381398677826 
vn 0.8667527437210083 0 -0.4987381398677826 
vn 0.8667527437210083 0 -0.4987381398677826 
vn -2.0682311115474694e-13 0 -1 
vn -2.0682311115474694e-13 0 -1 
vn -0.8667445182800293 0.0037766648456454277 -0.4987381398677826 
vn -0.8667445182800293 0.0037766648456454277 -0.4987381398677826 
vn -0.8667527437210083 -1.7926449441627718e-13 0.4987381398677826 
vn -0.8667527437210083 -1.7926449441627718e-13 0.4987381398677826 
vn -0.5006305575370789 -1.0354196476993274e-13 0.865661084651947 
vn -0.5006305575370789 -1.0354196476993274e-13 0.865661084651947 
vn -0.002184688812121749 0.0037839922588318586 -0.9999904632568359 
vn -0.002184688812121749 0.0037839922588318586 -0.9999904632568359 
vn -0.002184688812121749 0.0037839922588318586 -0.9999904632568359 
vn -1.0341130485562108e-13 0.999997615814209 -0.002184694167226553 
vn -1.0341130485562108e-13 0.999997615814209 -0.002184694167226553 
vn -1.0341130485562108e-13 0.999997615814209 -0.002184694167226553 
vn -0.7829415798187256 0.026377176865935326 0.6215357780456543 
vn -0.7829415798187256 0.026377176865935326 0.6215357780456543 
vn -0.9386547803878784 0.015085037797689438 0.34452807903289795 
vn 0.9998644590377808 0.015102911740541458 -0.006554040592163801 
vn 0.9998835325241089 0.015103200450539589 -0.002184694167226553 
vn 0.9999118447303772 0.007551383227109909 -0.010923261754214764 
vn 0.999854564666748 0.007550950627774 -0.0152922747656703 
vn 0.7901667952537537 -0.04532100632786751 -0.6112139225006104 
vn 0.9393022060394287 -0.06786810606718063 -0.3363112509250641 
vn 0.9501281976699829 -0.052817970514297485 -0.30735430121421814 
vn 0.9998835325241089 0.015103200450539589 -0.002184694167226553 
vn 0.9998644590377808 0.015102911740541458 -0.006554040592163801 
vn 3.097898456858039e-13 -0.999997615814209 0.002184694167226553 
vn 3.097898456858039e-13 -0.999997615814209 0.002184694167226553 
vn 3.097898456858039e-13 -0.999997615814209 0.002184694167226553 
vn 3.097898456858039e-13 -0.999997615814209 -0.002184694167226553 
vn 3.097898456858039e-13 -0.999997615814209 0.002184694167226553 
vn 0.9997782111167908 0.007550373673439026 -0.01966099627315998 
vn 0.9999118447303772 0.007551383227109909 -0.010923261754214764 
vn 0.999854564666748 0.007550950627774 -0.0152922747656703 
vn 0.0013502120273187757 0.0041555254720151424 0.9999904632568359 
vn 0 0 1 
vn -0.0035349009558558464 -0.002568255877122283 0.9999904632568359 
vn 0.0013502120273187757 -0.0041555254720151424 0.9999904632568359 
vn 0.0013502120273187757 -0.0041555254720151424 0.9999904632568359 
vn 0.00376924779266119 -0.707868754863739 0.7063339352607727 
vn 0.00376924779266119 -0.707868754863739 0.7063339352607727 
vn 0.00376924779266119 -0.707868754863739 0.7063339352607727 
vn 0.00376924779266119 -0.707868754863739 0.7063339352607727 
vn 0.0013502120273187757 -0.0041555254720151424 0.9999904632568359 
vn 0.0013502120273187757 -0.0041555254720151424 0.9999904632568359 
vn 0.0013502120273187757 -0.0041555254720151424 0.9999904632568359 
vn 3.0978390967890956e-13 -0.9999785423278809 0.006554040592163801 
vn 3.0978390967890956e-13 -0.9999785423278809 0.006554040592163801 
vn 3.0978390967890956e-13 -0.9999785423278809 0.006554040592163801 
vn 0.7941284775733948 0 -0.607749879360199 
vn 0.5451706051826477 -0.12748008966445923 -0.8285757899284363 
vn 0.7581944465637207 0.015101445838809013 -0.651853621006012 
vn 0.00376924779266119 -0.707868754863739 0.7063339352607727 
vn 2.8588435329983397e-13 -0.9228310585021973 0.3852050006389618 
vn 2.8588435329983397e-13 -0.9228310585021973 0.3852050006389618 
vn 0.00376924779266119 -0.707868754863739 0.7063339352607727 
vn 0.6687164902687073 -0.7434372305870056 -0.010923261754214764 
vn 0.651728093624115 -0.7584244012832642 -0.006554040592163801 
vn 0.6458710432052612 -0.7631933689117432 -0.01966099627315998 
vn 0.6459943652153015 -0.7633390426635742 0.002184694167226553 
vn -0.007522332947701216 -0.2968461513519287 0.9548956751823425 
vn -0.007522332947701216 -0.2968461513519287 0.9548956751823425 
vn -0.007522332947701216 -0.2968461513519287 0.9548956751823425 
vn -0.007522332947701216 -0.2968461513519287 0.9548956751823425 
vn 0.999997615814209 0 0.002184694167226553 
vn 0.999997615814209 0 0.002184694167226553 
vn 0.999997615814209 0 0.002184694167226553 
vn 0.999997615814209 0 0.002184694167226553 
vn 0.999997615814209 0 -0.002184694167226553 
vn 0.999997615814209 0 -0.002184694167226553 
vn 0.999997615814209 0 -0.002184694167226553 
vn 0.7631933689117432 0.6458710432052612 0.01966099627315998 
vn 0.9419972896575928 0.333045095205307 0.04149730131030083 
vn 0.5586114525794983 0.2064337432384491 0.8033295273780823 
vn 0.017476677894592285 0 0.9998472929000854 
vn -0.0035349009558558464 -0.002568255877122283 0.9999904632568359 
vn -0.0035349009558558464 -0.002568255877122283 0.9999904632568359 
vn -0.006688034627586603 0.016146345064044 0.9998472929000854 
vn 0.5100274682044983 0.47274696826934814 0.7185974717140198 
vn 0.999997615814209 0 0.002184694167226553 
vn 0.999997615814209 0 0.002184694167226553 
vn 0.999997615814209 0 -0.002184694167226553 
vn 0.999997615814209 0 0.002184694167226553 
vn 0.999997615814209 0 0.002184694167226553 
vn 0.999997615814209 0 0.002184694167226553 
vn -0.007549224887043238 -0.9515652060508728 0.30735430121421814 
vn -0.007549224887043238 -0.9515652060508728 0.30735430121421814 
vn -0.007549224887043238 -0.9515652060508728 0.30735430121421814 
vn -0.007549224887043238 -0.9515652060508728 0.30735430121421814 
vn -0.03019949607551098 -0.9994269013404846 0.0152922747656703 
vn 0.030214276164770126 -0.9470027685165405 -0.3198012113571167 
vn -0.007549653295427561 -0.9996827244758606 -0.024029340595006943 
vn -0.32613974809646606 -0.9451171159744263 -0.01966099627315998 
vn 0.6025320887565613 0 0.7980946898460388 
vn 0.6364166140556335 0.02260115183889866 0.7710143327713013 
vn 0.6468254327774048 0.007540460210293531 0.762600839138031 
vn 0.6190906167030334 0.030119366943836212 0.7847417593002319 
vn 0.999997615814209 0 0.002184694167226553 
vn 0.999997615814209 0 0.002184694167226553 
vn 0.999997615814209 0 0.002184694167226553 
vn 0.999997615814209 0 0.002184694167226553 
vn -0.03773965314030647 -0.9989986419677734 -0.024029340595006943 
vn -0.022634264081716537 -0.9988822340965271 0.04149730131030083 
vn 2.8588435329983397e-13 -0.9228310585021973 0.3852050006389618 
vn 2.8588435329983397e-13 -0.9228310585021973 0.3852050006389618 
vn 0 0 1 
vn 0 0 1 
vn 0 0 1 
vn 0 0 1 
vn -2.0682311115474694e-13 0 -1 
vn -2.0682311115474694e-13 0 -1 
vn -2.0682311115474694e-13 0 -1 
vn -2.0682311115474694e-13 0 -1 
vn -2.0682311115474694e-13 0 -1 
vn -2.0682311115474694e-13 0 -1 
vn -2.0682311115474694e-13 0 -1 
vn -2.0682311115474694e-13 0 -1 
vn -2.0682311115474694e-13 0 -1 
vn -2.0682311115474694e-13 0 -1 
vn 3.097898456858039e-13 -0.999997615814209 -0.002184694167226553 
vn 3.097898456858039e-13 -0.999997615814209 -0.002184694167226553 
vn 0.003772683208808303 -0.9967275857925415 0.08074574917554855 
vn 3.097898456858039e-13 -0.999997615814209 -0.002184694167226553 
vn 0.003775948192924261 -0.992782473564148 0.11986933648586273 
vn 3.097898456858039e-13 -0.999997615814209 -0.002184694167226553 
vn 3.097898456858039e-13 -0.999997615814209 -0.002184694167226553 
vn 0.003772683208808303 -0.9967275857925415 0.08074574917554855 
vn 0.0018831990892067552 -0.6198199987411499 0.7847417593002319 
vn 0.0037673702463507652 -0.6163765788078308 0.7874425053596497 
vn 0 0 1 
vn 0 0 1 
vn 0 0 1 
vn 3.097898456858039e-13 -0.999997615814209 -0.002184694167226553 
vn 3.097898456858039e-13 -0.999997615814209 -0.002184694167226553 
vn 3.097898456858039e-13 -0.999997615814209 -0.002184694167226553 
vn 0 0 1 
vn 0 0 1 
vn 0.0037673702463507652 -0.6163765788078308 0.7874425053596497 
vn 0 0 1 
vn 0 0 1 
vn 3.097898456858039e-13 -0.999997615814209 -0.002184694167226553 
vn 3.097898456858039e-13 -0.999997615814209 -0.002184694167226553 
vn 3.097898456858039e-13 -0.999997615814209 -0.002184694167226553 
vn 3.097898456858039e-13 -0.999997615814209 -0.002184694167226553 
vn 3.097898456858039e-13 -0.999997615814209 -0.002184694167226553 
vn -1.0341130485562108e-13 0.999997615814209 0.002184694167226553 
vn -1.0341130485562108e-13 0.999997615814209 0.002184694167226553 
vn -1.0341130485562108e-13 0.999997615814209 0.002184694167226553 
vn -1.0341130485562108e-13 0.999997615814209 -0.002184694167226553 
vn -1.0341130485562108e-13 0.999997615814209 -0.002184694167226553 
vn -1.0341130485562108e-13 0.999997615814209 0.002184694167226553 
vn -1.0341130485562108e-13 0.999997615814209 0.002184694167226553 
vn -1.0341130485562108e-13 0.999997615814209 0.002184694167226553 
vn -1.0341130485562108e-13 0.999997615814209 0.002184694167226553 
vn -1.0341130485562108e-13 0.999997615814209 0.002184694167226553 
vn -1.0341130485562108e-13 0.999997615814209 0.002184694167226553 
vn -1.0341130485562108e-13 0.999997615814209 0.002184694167226553 
vn -1.0341130485562108e-13 0.999997615814209 0.002184694167226553 
vn -1.0341130485562108e-13 0.999997615814209 0.002184694167226553 
vn -1.0341130485562108e-13 0.999997615814209 0.002184694167226553 
vn -1.0341130485562108e-13 0.999997615814209 0.002184694167226553 
vn -1.0341130485562108e-13 0.999997615814209 0.002184694167226553 
vn -1.0341130485562108e-13 0.999997615814209 0.002184694167226553 
vn -1.0341130485562108e-13 0.999997615814209 0.002184694167226553 
vn -1.0341130485562108e-13 0.999997615814209 0.002184694167226553 
vn -1.0341130485562108e-13 0.999997615814209 0.002184694167226553 
vn -1.0341130485562108e-13 0.999997615814209 0.002184694167226553 
vn -1.0341130485562108e-13 0.999997615814209 0.002184694167226553 
vn 0.999997615814209 0 -0.002184694167226553 
vn 0.924505352973938 0 0.3811691105365753 
vn 0.999997615814209 0 -0.002184694167226553 
vn 0.924505352973938 0 0.3811691105365753 
vn 0.3831879794597626 0 0.9236704111099243 
vn 0.3831879794597626 0 0.9236704111099243 
vn -0.3831879794597626 -7.925212949008026e-14 0.9236704111099243 
vn -0.3831879794597626 -7.925212949008026e-14 0.9236704111099243 
vn -0.924505352973938 -1.9120906843538704e-13 0.3811691105365753 
vn -0.924505352973938 -1.9120906843538704e-13 0.3811691105365753 
vn -0.999997615814209 -2.0682260971124217e-13 0.002184694167226553 
vn -0.999997615814209 -2.0682260971124217e-13 0.002184694167226553 
vn -0.999997615814209 -2.0682260971124217e-13 -0.002184694167226553 
vn -0.999997615814209 -2.0682260971124217e-13 0.002184694167226553 
vn 0.00376924779266119 0.707868754863739 0.7063339352607727 
vn -0.00376924779266119 0.707868754863739 0.7063339352607727 
vn -0.00376924779266119 0.707868754863739 0.7063339352607727 
vn -0.00376924779266119 0.707868754863739 0.7063339352607727 
vn -0.999997615814209 -2.0682260971124217e-13 -0.002184694167226553 
vn -0.999997615814209 -2.0682260971124217e-13 -0.002184694167226553 
vn -0.999997615814209 -2.0682260971124217e-13 -0.002184694167226553 
vn -0.999997615814209 -2.0682260971124217e-13 -0.002184694167226553 
vn -0.999997615814209 -2.0682260971124217e-13 -0.002184694167226553 
vn -0.999997615814209 -2.0682260971124217e-13 0.002184694167226553 
vn 3.097898456858039e-13 -0.999997615814209 -0.002184694167226553 
vn 3.097898456858039e-13 -0.999997615814209 -0.002184694167226553 
vn 3.097898456858039e-13 -0.999997615814209 -0.002184694167226553 
vn 3.097898456858039e-13 -0.999997615814209 -0.002184694167226553 
vn 3.097898456858039e-13 -0.999997615814209 -0.002184694167226553 
vn 3.097898456858039e-13 -0.999997615814209 -0.002184694167226553 
vn 0 0 1 
vn 0 0 1 
vn 0 0 1 
vn 0 0 1 
vn 0 0 1 
vn 0 0 1 
vn 0 0 1 
vn 0 0 1 
vn 3.097898456858039e-13 -0.999997615814209 0.002184694167226553 
vn 0.0018876449903473258 -0.9866044521331787 0.16312000155448914 
vn 3.097898456858039e-13 -0.999997615814209 0.002184694167226553 
vn 3.097898456858039e-13 -0.999997615814209 0.002184694167226553 
vn 3.097898456858039e-13 -0.999997615814209 -0.002184694167226553 
vn -0.0018874495290219784 -0.9696800708770752 0.24437066912651062 
vn 3.097898456858039e-13 -0.999997615814209 0.002184694167226553 
vn 3.097898456858039e-13 -0.999997615814209 0.002184694167226553 
vn 0.0018876449903473258 -0.9866044521331787 0.16312000155448914 
vn 3.097898456858039e-13 -0.999997615814209 0.002184694167226553 
vn 3.097898456858039e-13 -0.999997615814209 0.002184694167226553 
vn 3.097898456858039e-13 -0.999997615814209 0.002184694167226553 
vn 0 0 1 
vn 0 0 1 
vn -0.0018832386704161763 -0.5119310021400452 0.8590245246887207 
vn -0.0018832386704161763 -0.5119310021400452 0.8590245246887207 
vn -0.0018832386704161763 -0.5119310021400452 0.8590245246887207 
vn 0 0 1 
vn 0 0 1 
vn 0 0 1 
vn 0 0 1 
vn 0 0 1 
vn 0 0 1 
vn 0 0 1 
vn 0 0 1 
vn 0 0 1 
vn 0 0 1 
vn 0 0 1 
vn 0 0 1 
vn 0 0 1 
vn 0 0 1 
vn 0 0 1 
vn 0 0 1 
vn 0 0 1 
vn 0 0 1 
vn 0 0 1 
vn 0 0 1 
vn 0 0 1 
vn -1.0341130485562108e-13 0.999997615814209 0.002184694167226553 
vn -1.0341130485562108e-13 0.999997615814209 -0.002184694167226553 
vn -1.0341130485562108e-13 0.999997615814209 -0.002184694167226553 
vn -1.0341130485562108e-13 0.999997615814209 0.002184694167226553 
vn -1.0341130485562108e-13 0.999997615814209 0.002184694167226553 
vn -1.0341130485562108e-13 0.999997615814209 -0.002184694167226553 
vn -1.0341130485562108e-13 0.999997615814209 -0.002184694167226553 
vn -1.0341130485562108e-13 0.999997615814209 -0.002184694167226553 
vn -1.0341130485562108e-13 0.999997615814209 0.002184694167226553 
vn -1.0341130485562108e-13 0.999997615814209 -0.002184694167226553 
vn -1.0341130485562108e-13 0.999997615814209 -0.002184694167226553 
vn -1.0341130485562108e-13 0.999997615814209 0.002184694167226553 
vn -1.0341130485562108e-13 0.999997615814209 -0.002184694167226553 
vn -1.0341130485562108e-13 0.999997615814209 0.002184694167226553 
vn -0.999997615814209 -2.0682260971124217e-13 0.002184694167226553 
vn -0.999997615814209 -2.0682260971124217e-13 0.002184694167226553 
vn -0.999997615814209 -2.0682260971124217e-13 0.002184694167226553 
vn -0.9999691247940063 0.007551815826445818 0.002184694167226553 
vn -0.999997615814209 -2.0682260971124217e-13 0.002184694167226553 
vn -0.999997615814209 -2.0682260971124217e-13 0.002184694167226553 
vn -0.999997615814209 -2.0682260971124217e-13 0.002184694167226553 
vn -0.999997615814209 -2.0682260971124217e-13 0.002184694167226553 
vn -0.999997615814209 -2.0682260971124217e-13 -0.002184694167226553 
vn -0.999997615814209 -2.0682260971124217e-13 -0.002184694167226553 
vn -0.999997615814209 -2.0682260971124217e-13 -0.002184694167226553 
vn -0.999997615814209 -2.0682260971124217e-13 -0.002184694167226553 
vn -0.999997615814209 -2.0682260971124217e-13 -0.002184694167226553 
vn -0.999997615814209 -2.0682260971124217e-13 -0.002184694167226553 
vn -2.0682311115474694e-13 0 -1 
vn -2.0682311115474694e-13 0 -1 
vn 2.0682311115474694e-13 4.2775797696334704e-26 -1 
vn 2.0682311115474694e-13 4.2775797696334704e-26 -1 
vn 2.0682311115474694e-13 4.2775797696334704e-26 -1 
vn 2.0682311115474694e-13 4.2775797696334704e-26 -1 
vn 2.0682311115474694e-13 4.2775797696334704e-26 -1 
vn -2.0682311115474694e-13 0 -1 
vn -2.0682311115474694e-13 0 -1 
vn -2.0682311115474694e-13 0 -1 
vn -2.0682311115474694e-13 0 -1 
vn 3.097898456858039e-13 -0.999997615814209 -0.002184694167226553 
vn 3.097898456858039e-13 -0.999997615814209 -0.002184694167226553 
vn 3.097898456858039e-13 -0.999997615814209 -0.002184694167226553 
vn 3.097898456858039e-13 -0.999997615814209 -0.002184694167226553 
vn -0.999997615814209 -2.0682260971124217e-13 -0.002184694167226553 
vn -0.999997615814209 -2.0682260971124217e-13 0.002184694167226553 
vn -0.999997615814209 -2.0682260971124217e-13 0.002184694167226553 
vn -0.999997615814209 -2.0682260971124217e-13 0.002184694167226553 
vn -0.999997615814209 -2.0682260971124217e-13 0.002184694167226553 
vn -0.999997615814209 -2.0682260971124217e-13 0.002184694167226553 
vn -0.999997615814209 -2.0682260971124217e-13 0.002184694167226553 
vn -0.999997615814209 -2.0682260971124217e-13 0.002184694167226553 
vn 0 0 1 
vn 0 0 1 
vn 0 0 1 
vn 0 0 1 
vn -2.0682311115474694e-13 0 -1 
vn -2.0682311115474694e-13 0 -1 
vn -2.0682311115474694e-13 0 -1 
vn -0.6799074411392212 -0.733294665813446 0.002184694167226553 
vn -0.6799074411392212 -0.733294665813446 -0.002184694167226553 
vn -0.6799074411392212 -0.733294665813446 0.002184694167226553 
vn -0.6799074411392212 -0.733294665813446 -0.002184694167226553 
vn 0 0 1 
vn 0 0 1 
vn 0 0 1 
vn 0 0 1 
vn 0 0 1 
vn 0 0 1 
vn 0 0 1 
vn 0 0 1 
vn 0 0 1 
vn -2.0682311115474694e-13 0 -1 
vn 2.0682311115474694e-13 4.2775797696334704e-26 -1 
vn -2.0682311115474694e-13 0 -1 
vn 2.0682311115474694e-13 4.2775797696334704e-26 -1 
vn 2.0682311115474694e-13 4.2775797696334704e-26 -1 
vn -0.999997615814209 -2.0682260971124217e-13 0.002184694167226553 
vn -0.999997615814209 -2.0682260971124217e-13 0.002184694167226553 
vn -0.999997615814209 -2.0682260971124217e-13 0.002184694167226553 
vn -0.9238772988319397 0.38268253207206726 0.002184694167226553 
vn -0.9238772988319397 0.38268253207206726 0.002184694167226553 
vn -0.38268253207206726 0.9238772988319397 0.002184694167226553 
vn -0.38268253207206726 0.9238772988319397 0.002184694167226553 
vn -1.0341130485562108e-13 0.999997615814209 0.002184694167226553 
vn -1.0341130485562108e-13 0.999997615814209 0.002184694167226553 
vn 0.38268253207206726 0.9238772988319397 0.002184694167226553 
vn 0.38268253207206726 0.9238772988319397 0.002184694167226553 
vn 0.9238772988319397 0.38268253207206726 0.002184694167226553 
vn 0.9238772988319397 0.38268253207206726 0.002184694167226553 
vn 0.999997615814209 0 0.002184694167226553 
vn 0.999997615814209 0 0.002184694167226553 
vn 0.9238772988319397 0.38268253207206726 0.002184694167226553 
vn 0.999997615814209 0 0.002184694167226553 
vn 0.999997615814209 0 0.002184694167226553 
vn -0.999997615814209 -2.0682260971124217e-13 0.002184694167226553 
vn -0.9238772988319397 0.38268253207206726 0.002184694167226553 
vn -2.0682311115474694e-13 0 -1 
vn -2.0682311115474694e-13 0 -1 
vn -2.0682311115474694e-13 0 -1 
vn -2.0682311115474694e-13 0 -1 
vn -2.0682311115474694e-13 0 -1 
vn -2.0682311115474694e-13 0 -1 
vn -2.0682311115474694e-13 0 -1 
vn -2.0682311115474694e-13 0 -1 
vn -2.0682311115474694e-13 0 -1 
vn -2.0682311115474694e-13 0 -1 
vn -2.0682311115474694e-13 0 -1 
vn -2.0682311115474694e-13 0 -1 
vn -2.0682311115474694e-13 0 -1 
vn -2.0682311115474694e-13 0 -1 
vn -2.0682311115474694e-13 0 -1 
vn -2.0682311115474694e-13 0 -1 
vn -2.0682311115474694e-13 0 -1 
vn -2.0682311115474694e-13 0 -1 
vn 3.097898456858039e-13 -0.999997615814209 -0.002184694167226553 
vn 3.097898456858039e-13 -0.999997615814209 -0.002184694167226553 
vn 3.097898456858039e-13 -0.999997615814209 -0.002184694167226553 
vn 3.097898456858039e-13 -0.999997615814209 -0.002184694167226553 
vn 3.097898456858039e-13 -0.999997615814209 -0.002184694167226553 
vn 3.097898456858039e-13 -0.999997615814209 -0.002184694167226553 
vn -0.999997615814209 -2.0682260971124217e-13 0.002184694167226553 
vn -0.999997615814209 -2.0682260971124217e-13 0.002184694167226553 
vn -0.999997615814209 -2.0682260971124217e-13 0.002184694167226553 
vn -0.999997615814209 -2.0682260971124217e-13 0.002184694167226553 
vn 3.097898456858039e-13 -0.999997615814209 -0.002184694167226553 
vn 3.097898456858039e-13 -0.999997615814209 -0.002184694167226553 
vn 3.097898456858039e-13 -0.999997615814209 -0.002184694167226553 
vn 3.097898456858039e-13 -0.999997615814209 -0.002184694167226553 
vn 3.097898456858039e-13 -0.999997615814209 -0.002184694167226553 
vn 3.097898456858039e-13 -0.999997615814209 -0.002184694167226553 
vn 3.097898456858039e-13 -0.999997615814209 -0.002184694167226553 
vn 3.097898456858039e-13 -0.999997615814209 -0.002184694167226553 
vn 3.097898456858039e-13 -0.999997615814209 -0.002184694167226553 
vn 3.097898456858039e-13 -0.999997615814209 -0.002184694167226553 
vn 3.097898456858039e-13 -0.999997615814209 -0.002184694167226553 
vn 3.097898456858039e-13 -0.999997615814209 -0.002184694167226553 
vn 3.097898456858039e-13 -0.999997615814209 -0.002184694167226553 
vn 3.097898456858039e-13 -0.999997615814209 -0.002184694167226553 
vn 0 0 1 
vn 0 0 1 
vn 0 0 1 
vn 0 0 1 
vn 3.097898456858039e-13 -0.999997615814209 -0.002184694167226553 
vn 3.097898456858039e-13 -0.999997615814209 -0.002184694167226553 
vn 3.097898456858039e-13 -0.999997615814209 -0.002184694167226553 
vn 3.097898456858039e-13 -0.999997615814209 -0.002184694167226553 
vn -2.0682311115474694e-13 0 -1 
vn -2.0682311115474694e-13 0 -1 
vn -2.0682311115474694e-13 0 -1 
vn -2.0682311115474694e-13 0 -1 
vn 3.097898456858039e-13 -0.999997615814209 -0.002184694167226553 
vn 3.097898456858039e-13 -0.999997615814209 -0.002184694167226553 
vn 3.097898456858039e-13 -0.999997615814209 -0.002184694167226553 
vn 3.097898456858039e-13 -0.999997615814209 -0.002184694167226553 
vn 0.999997615814209 0 0.002184694167226553 
vn 0.999997615814209 0 0.002184694167226553 
vn 0.999997615814209 0 0.002184694167226553 
vn 0.999997615814209 0 0.002184694167226553 
vn 0.999997615814209 0 -0.002184694167226553 
vn 0.999997615814209 0 -0.002184694167226553 
vn 0.999997615814209 0 -0.002184694167226553 
vn 0.999997615814209 0 0.002184694167226553 
vn 0.999997615814209 0 -0.002184694167226553 
vn 0.999997615814209 0 -0.002184694167226553 
vn 0.999997615814209 0 -0.002184694167226553 
vn 0.999997615814209 0 0.002184694167226553 
vn 0.999997615814209 0 -0.002184694167226553 
vn 0.999997615814209 0 0.002184694167226553 
vn 0.999997615814209 0 -0.002184694167226553 
vn 0.999997615814209 0 0.002184694167226553 
vn -0.999997615814209 -2.0682260971124217e-13 0.002184694167226553 
vn -0.999997615814209 -2.0682260971124217e-13 0.002184694167226553 
vn -0.999997615814209 -2.0682260971124217e-13 0.002184694167226553 
vn -0.999997615814209 -2.0682260971124217e-13 -0.002184694167226553 
vn -0.999997615814209 -2.0682260971124217e-13 -0.002184694167226553 
vn -0.999997615814209 -2.0682260971124217e-13 -0.002184694167226553 
vn -0.999997615814209 -2.0682260971124217e-13 0.002184694167226553 
vn -0.999997615814209 -2.0682260971124217e-13 -0.002184694167226553 
vn -0.999997615814209 -2.0682260971124217e-13 -0.002184694167226553 
vn -0.999997615814209 -2.0682260971124217e-13 0.002184694167226553 
vn -0.999997615814209 -2.0682260971124217e-13 -0.002184694167226553 
vn -0.999997615814209 -2.0682260971124217e-13 -0.002184694167226553 
vn -0.999997615814209 -2.0682260971124217e-13 0.002184694167226553 
vn -0.999997615814209 -2.0682260971124217e-13 0.002184694167226553 
vn -0.001890474813990295 -0.6535060405731201 -0.7569189071655273 
vn -0.0018877115799114108 -0.9794287085533142 -0.2017817199230194 
vn -0.001890474813990295 -0.6535060405731201 -0.7569189071655273 
vn 2.8153927756832675e-13 -0.9088051319122314 -0.417220801115036 
vn 3.097898456858039e-13 -0.999997615814209 -0.002184694167226553 
vn 3.097898456858039e-13 -0.999997615814209 -0.002184694167226553 
vn 3.097898456858039e-13 -0.999997615814209 -0.002184694167226553 
vn 3.097898456858039e-13 -0.999997615814209 -0.002184694167226553 
vn 3.097898456858039e-13 -0.999997615814209 -0.002184694167226553 
vn 3.097898456858039e-13 -0.999997615814209 -0.002184694167226553 
vn 3.097898456858039e-13 -0.999997615814209 0.002184694167226553 
vn 3.097898456858039e-13 -0.999997615814209 -0.002184694167226553 
vn 3.097898456858039e-13 -0.999997615814209 -0.002184694167226553 
vn 3.097898456858039e-13 -0.999997615814209 -0.002184694167226553 
vn 3.097898456858039e-13 -0.999997615814209 -0.002184694167226553 
vn 3.097898456858039e-13 -0.999997615814209 -0.002184694167226553 
vn -0.0018877115799114108 -0.9794287085533142 -0.2017817199230194 
vn 2.8153927756832675e-13 -0.9088051319122314 -0.417220801115036 
vn -0.001890474813990295 -0.6535060405731201 -0.7569189071655273 
vn -0.001890474813990295 -0.6535060405731201 -0.7569189071655273 
vn 3.097898456858039e-13 -0.999997615814209 0.002184694167226553 
vn 3.097898456858039e-13 -0.999997615814209 -0.002184694167226553 
vn 3.097898456858039e-13 -0.999997615814209 -0.002184694167226553 
vn 3.097898456858039e-13 -0.999997615814209 -0.002184694167226553 
vn -1.0341130485562108e-13 0.999997615814209 0.002184694167226553 
vn -0.8957543969154358 0.4445439279079437 0.002184694167226553 
vn -1.0341130485562108e-13 0.999997615814209 0.002184694167226553 
vn -1.0341130485562108e-13 0.999997615814209 0.002184694167226553 
vn -1.0341130485562108e-13 0.999997615814209 0.002184694167226553 
vn -2.0682311115474694e-13 0 -1 
vn -2.0682311115474694e-13 0 -1 
vn -2.0682311115474694e-13 0 -1 
vn -2.0682311115474694e-13 0 -1 
vn 0 0 1 
vn 0 0 1 
vn 0 0 1 
vn 0 0 1 
vn 0.0037783945444971323 -0.7047756314277649 -0.7094202041625977 
vn 0.0037783945444971323 -0.7047756314277649 -0.7094202041625977 
vn 0.0037783945444971323 -0.7047756314277649 -0.7094202041625977 
vn 0.0037783945444971323 -0.7047756314277649 -0.7094202041625977 
vn -2.0682311115474694e-13 0 -1 
vn -2.0682311115474694e-13 0 -1 
vn -2.0682311115474694e-13 0 -1 
vn -2.0682311115474694e-13 0 -1 
vn -2.0682311115474694e-13 0 -1 
vn -2.0682311115474694e-13 0 -1 
vn -2.0682311115474694e-13 0 -1 
vn -2.0682311115474694e-13 0 -1 
vn -2.0682311115474694e-13 0 -1 
vn 2.0682311115474694e-13 4.2775797696334704e-26 -1 
vn 2.0682311115474694e-13 4.2775797696334704e-26 -1 
vn 2.0682311115474694e-13 4.2775797696334704e-26 -1 
vn 0.999997615814209 0 -0.002184694167226553 
vn 0.999997615814209 0 0.002184694167226553 
vn 0.9951823353767395 0.0980169028043747 0.002184694167226553 
vn 0.991767942905426 0.1280297040939331 -0.002184694167226553 
vn 0.9807829260826111 0.19508986175060272 0.002184694167226553 
vn 0.9807829260826111 0.19508986175060272 -0.002184694167226553 
vn 0.991767942905426 0.1280297040939331 0.002184694167226553 
vn 0.9951823353767395 0.0980169028043747 -0.002184694167226553 
vn 0.999997615814209 0 0.002184694167226553 
vn 0.999997615814209 0 0.002184694167226553 
vn 0.999997615814209 0 0.002184694167226553 
vn 0.999997615814209 0 -0.002184694167226553 
vn 0.999997615814209 0 0.002184694167226553 
vn 0.999997615814209 0 -0.002184694167226553 
vn -1.0341130485562108e-13 0.999997615814209 0.002184694167226553 
vn -1.0341130485562108e-13 0.999997615814209 0.002184694167226553 
vn -1.0341130485562108e-13 0.999997615814209 0.002184694167226553 
vn -1.0341130485562108e-13 0.999997615814209 0.002184694167226553 
vn -1.0341130485562108e-13 0.999997615814209 0.002184694167226553 
vn -1.0341130485562108e-13 0.999997615814209 0.002184694167226553 
vn 0 0 1 
vn 0 0 1 
vn 0 0 1 
vn 0 0 1 
vn 0 0 1 
vn 0 0 1 
vn -2.0682311115474694e-13 0 -1 
vn -2.0682311115474694e-13 0 -1 
vn -2.0682311115474694e-13 0 -1 
vn -2.0682311115474694e-13 0 -1 
vn -2.0682311115474694e-13 0 -1 
vn -2.0682311115474694e-13 0 -1 
vn -1.0341130485562108e-13 0.999997615814209 0.002184694167226553 
vn -1.0341130485562108e-13 0.999997615814209 0.002184694167226553 
vn -1.0341130485562108e-13 0.999997615814209 0.002184694167226553 
vn -1.0341130485562108e-13 0.999997615814209 0.002184694167226553 
vn -1.0341130485562108e-13 0.999997615814209 0.002184694167226553 
vn -1.0341130485562108e-13 0.999997615814209 0.002184694167226553 
vn -0.999997615814209 -2.0682260971124217e-13 0.002184694167226553 
vn -0.999997615814209 -2.0682260971124217e-13 0.002184694167226553 
vn -0.999997615814209 -2.0682260971124217e-13 0.002184694167226553 
vn 0.999997615814209 0 -0.002184694167226553 
vn 0.999997615814209 0 -0.002184694167226553 
vn 0.999997615814209 0 -0.002184694167226553 
vn 0.999997615814209 0 0.002184694167226553 
vn 0 0 1 
vn 0 0 1 
vn 0 0 1 
vn 0 0 1 
vn 0 0 1 
vn 0 0 1 
vn 0 0 1 
vn 0 0 1 
vn 0 0 1 
vn 0 0 1 
vn -1.0341130485562108e-13 0.999997615814209 0.002184694167226553 
vn -1.0341130485562108e-13 0.999997615814209 0.002184694167226553 
vn -1.0341130485562108e-13 0.999997615814209 0.002184694167226553 
vn -1.0341130485562108e-13 0.999997615814209 0.002184694167226553 
vn -1.0341130485562108e-13 0.999997615814209 0.002184694167226553 
vn -1.0341130485562108e-13 0.999997615814209 0.002184694167226553 
vn -1.0341130485562108e-13 0.999997615814209 0.002184694167226553 
vn -1.0341130485562108e-13 0.999997615814209 0.002184694167226553 
vn -1.0341130485562108e-13 0.999997615814209 0.002184694167226553 
vn -1.0341130485562108e-13 0.999997615814209 0.002184694167226553 
vn 0 0 1 
vn 1.1021701807516562e-13 -0.3547620177268982 0.9349566102027893 
vn 0 0 1 
vn 1.1021701807516562e-13 -0.3547620177268982 0.9349566102027893 
vn 1.1021701807516562e-13 -0.3547620177268982 0.9349566102027893 
vn 1.1021701807516562e-13 -0.3547620177268982 0.9349566102027893 
vn 1.1021701807516562e-13 -0.3547620177268982 0.9349566102027893 
vn 0 0 1 
vn 0 0 1 
vn 0 0 1 
vn 0 0 1 
vn 0 0 1 
vn 1.1021701807516562e-13 -0.3547620177268982 0.9349566102027893 
vn 0 0 1 
vn 0 0 1 
vn 0 0 1 
vn 0 0 1 
vn 0 0 1 
vn -0.999997615814209 -2.0682260971124217e-13 0.002184694167226553 
vn -0.924505352973938 -1.9120906843538704e-13 0.3811691105365753 
vn -0.999997615814209 -2.0682260971124217e-13 0.002184694167226553 
vn -0.924505352973938 -1.9120906843538704e-13 0.3811691105365753 
vn -0.3831879794597626 -7.925212949008026e-14 0.9236704111099243 
vn -0.3831879794597626 -7.925212949008026e-14 0.9236704111099243 
vn 0.3831879794597626 0 0.9236704111099243 
vn 0.3831879794597626 0 0.9236704111099243 
vn 0.924505352973938 0 0.3811691105365753 
vn 0.924505352973938 0 0.3811691105365753 
vn 0.999997615814209 0 0.002184694167226553 
vn 0.999997615814209 0 0.002184694167226553 
vn 0.999997615814209 0 0.002184694167226553 
vn 0.999997615814209 0 -0.002184694167226553 
vn 0.999997615814209 0 -0.002184694167226553 
vn 0.00376924779266119 0.707868754863739 0.7063339352607727 
vn 0.00376924779266119 0.707868754863739 0.7063339352607727 
vn 0.00376924779266119 0.707868754863739 0.7063339352607727 
vn 0.00376924779266119 0.707868754863739 0.7063339352607727 
vn 0.999997615814209 0 -0.002184694167226553 
vn 0.999997615814209 0 -0.002184694167226553 
vn 0.999997615814209 0 -0.002184694167226553 
vn 0.999997615814209 0 0.002184694167226553 
vn 0.999997615814209 0 -0.002184694167226553 
vn 0.999997615814209 0 -0.002184694167226553 
vn 3.097898456858039e-13 -0.999997615814209 -0.002184694167226553 
vn 3.097898456858039e-13 -0.999997615814209 -0.002184694167226553 
vn 3.097898456858039e-13 -0.999997615814209 -0.002184694167226553 
vn 3.097898456858039e-13 -0.999997615814209 -0.002184694167226553 
vn 3.097898456858039e-13 -0.999997615814209 -0.002184694167226553 
vn 3.097898456858039e-13 -0.999997615814209 -0.002184694167226553 
vn 0 0 1 
vn 0 0 1 
vn 0 0 1 
vn 0 0 1 
vn 0 0 1 
vn 0 0 1 
vn 0 0 1 
vn 0 0 1 
vn 0.999997615814209 0 0.002184694167226553 
vn 0.999997615814209 0 0.002184694167226553 
vn 0.999997615814209 0 0.002184694167226553 
vn 0.9999691247940063 0.007551815826445818 0.002184694167226553 
vn 0.999997615814209 0 0.002184694167226553 
vn 0.999997615814209 0 0.002184694167226553 
vn 0.999997615814209 0 0.002184694167226553 
vn 0.999997615814209 0 -0.002184694167226553 
vn 0.999997615814209 0 0.002184694167226553 
vn 0.999997615814209 0 0.002184694167226553 
vn 0.999997615814209 0 -0.002184694167226553 
vn 0.999997615814209 0 -0.002184694167226553 
vn 0.999997615814209 0 -0.002184694167226553 
vn 0.999997615814209 0 -0.002184694167226553 
vn 3.097898456858039e-13 -0.999997615814209 -0.002184694167226553 
vn 3.097898456858039e-13 -0.999997615814209 -0.002184694167226553 
vn 3.097898456858039e-13 -0.999997615814209 -0.002184694167226553 
vn 3.097898456858039e-13 -0.999997615814209 -0.002184694167226553 
vn 0.999997615814209 0 0.002184694167226553 
vn 0.999997615814209 0 0.002184694167226553 
vn 0.999997615814209 0 0.002184694167226553 
vn 0.999997615814209 0 0.002184694167226553 
vn 0.999997615814209 0 0.002184694167226553 
vn 0.999997615814209 0 0.002184694167226553 
vn 0.999997615814209 0 0.002184694167226553 
vn 0.999997615814209 0 0.002184694167226553 
vn 0 0 1 
vn 0 0 1 
vn 0 0 1 
vn 0 0 1 
vn -2.0682311115474694e-13 0 -1 
vn -2.0682311115474694e-13 0 -1 
vn -2.0682311115474694e-13 0 -1 
vn 0.6799074411392212 -0.733294665813446 0.002184694167226553 
vn 0.6799074411392212 -0.733294665813446 -0.002184694167226553 
vn 0.6799074411392212 -0.733294665813446 0.002184694167226553 
vn 0.6799074411392212 -0.733294665813446 -0.002184694167226553 
vn 0 0 1 
vn 0 0 1 
vn 0 0 1 
vn -2.0682311115474694e-13 0 -1 
vn -2.0682311115474694e-13 0 -1 
vn -2.0682311115474694e-13 0 -1 
vn -2.0682311115474694e-13 0 -1 
vn -2.0682311115474694e-13 0 -1 
vn -1.0341130485562108e-13 0.999997615814209 0.002184694167226553 
vn -1.0341130485562108e-13 0.999997615814209 0.002184694167226553 
vn -1.0341130485562108e-13 0.999997615814209 0.002184694167226553 
vn 0.999997615814209 0 0.002184694167226553 
vn 0.999997615814209 0 0.002184694167226553 
vn 0.999997615814209 0 0.002184694167226553 
vn 0.999997615814209 0 0.002184694167226553 
vn 0 0 1 
vn 0 0 1 
vn 0 0 1 
vn 0 0 1 
vn 3.097898456858039e-13 -0.999997615814209 -0.002184694167226553 
vn 3.097898456858039e-13 -0.999997615814209 -0.002184694167226553 
vn 3.097898456858039e-13 -0.999997615814209 -0.002184694167226553 
vn 3.097898456858039e-13 -0.999997615814209 -0.002184694167226553 
vn -2.0682311115474694e-13 0 -1 
vn -2.0682311115474694e-13 0 -1 
vn -2.0682311115474694e-13 0 -1 
vn -2.0682311115474694e-13 0 -1 
vn 3.097898456858039e-13 -0.999997615814209 -0.002184694167226553 
vn 3.097898456858039e-13 -0.999997615814209 -0.002184694167226553 
vn 3.097898456858039e-13 -0.999997615814209 -0.002184694167226553 
vn 3.097898456858039e-13 -0.999997615814209 -0.002184694167226553 
vn -0.999997615814209 -2.0682260971124217e-13 0.002184694167226553 
vn -0.999997615814209 -2.0682260971124217e-13 -0.002184694167226553 
vn -0.999997615814209 -2.0682260971124217e-13 0.002184694167226553 
vn -0.999997615814209 -2.0682260971124217e-13 -0.002184694167226553 
vn -0.999997615814209 -2.0682260971124217e-13 0.002184694167226553 
vn -0.999997615814209 -2.0682260971124217e-13 0.002184694167226553 
vn -0.999997615814209 -2.0682260971124217e-13 0.002184694167226553 
vn -0.999997615814209 -2.0682260971124217e-13 0.002184694167226553 
vn -0.999997615814209 -2.0682260971124217e-13 -0.002184694167226553 
vn -0.999997615814209 -2.0682260971124217e-13 -0.002184694167226553 
vn -0.999997615814209 -2.0682260971124217e-13 -0.002184694167226553 
vn -0.999997615814209 -2.0682260971124217e-13 -0.002184694167226553 
vn -0.999997615814209 -2.0682260971124217e-13 -0.002184694167226553 
vn -0.999997615814209 -2.0682260971124217e-13 -0.002184694167226553 
vn -0.999997615814209 -2.0682260971124217e-13 -0.002184694167226553 
vn -0.999997615814209 -2.0682260971124217e-13 -0.002184694167226553 
vn 0.999997615814209 0 0.002184694167226553 
vn 0.999997615814209 0 -0.002184694167226553 
vn 0.999997615814209 0 -0.002184694167226553 
vn 0.999997615814209 0 -0.002184694167226553 
vn 0.999997615814209 0 0.002184694167226553 
vn 0.999997615814209 0 -0.002184694167226553 
vn 0.999997615814209 0 -0.002184694167226553 
vn 0.999997615814209 0 0.002184694167226553 
vn 0.999997615814209 0 0.002184694167226553 
vn 0.999997615814209 0 -0.002184694167226553 
vn 0.999997615814209 0 -0.002184694167226553 
vn -1.0341130485562108e-13 0.999997615814209 0.002184694167226553 
vn -1.0341130485562108e-13 0.999997615814209 0.002184694167226553 
vn -1.0341130485562108e-13 0.999997615814209 0.002184694167226553 
vn -1.0341130485562108e-13 0.999997615814209 0.002184694167226553 
vn -1.0341130485562108e-13 0.999997615814209 0.002184694167226553 
vn -2.0682311115474694e-13 0 -1 
vn -2.0682311115474694e-13 0 -1 
vn -2.0682311115474694e-13 0 -1 
vn -2.0682311115474694e-13 0 -1 
vn 0 0 1 
vn 0 0 1 
vn 0 0 1 
vn 0 0 1 
vn 0.0037783945444971323 -0.7047756314277649 -0.7094202041625977 
vn 0.0037783945444971323 -0.7047756314277649 -0.7094202041625977 
vn 0.0037783945444971323 -0.7047756314277649 -0.7094202041625977 
vn 0.0037783945444971323 -0.7047756314277649 -0.7094202041625977 
vn -0.999997615814209 -2.0682260971124217e-13 0.002184694167226553 
vn -0.999997615814209 -2.0682260971124217e-13 -0.002184694167226553 
vn -0.9951823353767395 0.0980169028043747 -0.002184694167226553 
vn -0.991767942905426 0.1280297040939331 0.002184694167226553 
vn -0.9807829260826111 0.19508986175060272 -0.002184694167226553 
vn -0.9807829260826111 0.19508986175060272 0.002184694167226553 
vn -0.991767942905426 0.1280297040939331 0.002184694167226553 
vn -0.9951823353767395 0.0980169028043747 0.002184694167226553 
vn -0.999997615814209 -2.0682260971124217e-13 0.002184694167226553 
vn -0.999997615814209 -2.0682260971124217e-13 0.002184694167226553 
vn -0.999997615814209 -2.0682260971124217e-13 -0.002184694167226553 
vn -0.999997615814209 -2.0682260971124217e-13 0.002184694167226553 
vn -0.999997615814209 -2.0682260971124217e-13 -0.002184694167226553 
vn -0.999997615814209 -2.0682260971124217e-13 0.002184694167226553 
vn 0.999997615814209 0 0.002184694167226553 
vn 0.999997615814209 0 -0.002184694167226553 
vn 0.999997615814209 0 -0.002184694167226553 
vn 0.999997615814209 0 -0.002184694167226553 
vn -0.999997615814209 -2.0682260971124217e-13 -0.002184694167226553 
vn -0.999997615814209 -2.0682260971124217e-13 -0.002184694167226553 
vn -0.999997615814209 -2.0682260971124217e-13 -0.002184694167226553 
vn -0.999997615814209 -2.0682260971124217e-13 -0.002184694167226553 
vn -1.0341130485562108e-13 0.999997615814209 0.002184694167226553 
vn -1.0341130485562108e-13 0.999997615814209 0.002184694167226553 
vn -1.0341130485562108e-13 0.999997615814209 0.002184694167226553 
vn -1.0341130485562108e-13 0.999997615814209 0.002184694167226553 
vn -1.0341130485562108e-13 0.999997615814209 -0.002184694167226553 
vn -1.0341130485562108e-13 0.999997615814209 -0.002184694167226553 
vn -1.0341130485562108e-13 0.999997615814209 -0.002184694167226553 
vn -1.0341130485562108e-13 0.999997615814209 0.002184694167226553 
vn 0.5237845182418823 -0.8518480062484741 0.002184694167226553 
vn 0.5237845182418823 -0.8518480062484741 0.002184694167226553 
vn 0.5237845182418823 -0.8518480062484741 0.002184694167226553 
vn 0.5237845182418823 -0.8518480062484741 0.002184694167226553 
vn -2.0682311115474694e-13 0 -1 
vn -2.0682311115474694e-13 0 -1 
vn -2.0682311115474694e-13 0 -1 
vn -2.0682311115474694e-13 0 -1 
vn 0.999997615814209 0 0.002184694167226553 
vn 0.999997615814209 0 0.002184694167226553 
vn 0.999997615814209 0 0.002184694167226553 
vn 0.999997615814209 0 0.002184694167226553 
vn -0.999997615814209 -2.0682260971124217e-13 0.002184694167226553 
vn -0.999997615814209 -2.0682260971124217e-13 0.002184694167226553 
vn -0.999997615814209 -2.0682260971124217e-13 0.002184694167226553 
vn -0.999997615814209 -2.0682260971124217e-13 0.002184694167226553 
vn 0 0 1 
vn 0 0 1 
vn 0 0 1 
vn 0 0 1 
vn 0.999997615814209 0 0.002184694167226553 
vn 0.999997615814209 0 0.002184694167226553 
vn 0.999997615814209 0 0.002184694167226553 
vn 0.999997615814209 0 0.002184694167226553 
vn 3.097898456858039e-13 -0.999997615814209 -0.002184694167226553 
vn 3.097898456858039e-13 -0.999997615814209 -0.002184694167226553 
vn 3.097898456858039e-13 -0.999997615814209 -0.002184694167226553 
vn 3.097898456858039e-13 -0.999997615814209 -0.002184694167226553 
vn -0.7071051001548767 -0.7071051001548767 0.002184694167226553 
vn -0.7071051001548767 -0.7071051001548767 0.002184694167226553 
vn -0.7071051001548767 -0.7071051001548767 0.002184694167226553 
vn -2.0682311115474694e-13 0 -1 
vn -2.0682311115474694e-13 0 -1 
vn -2.0682311115474694e-13 0 -1 
vn -2.0682311115474694e-13 0 -1 
vn -2.0682311115474694e-13 0 -1 
vn 0 0 1 
vn 0 0 1 
vn 0 0 1 
vn 0 0 1 
vn 0 0 1 
vn 3.097898456858039e-13 -0.999997615814209 0.002184694167226553 
vn 3.097898456858039e-13 -0.999997615814209 0.002184694167226553 
vn 3.097898456858039e-13 -0.999997615814209 0.002184694167226553 
vn 3.097898456858039e-13 -0.999997615814209 0.002184694167226553 
vn 3.097898456858039e-13 -0.999997615814209 0.002184694167226553 
vn 3.097898456858039e-13 -0.999997615814209 0.002184694167226553 
vn 3.097898456858039e-13 -0.999997615814209 0.002184694167226553 
vn 3.097898456858039e-13 -0.999997615814209 0.002184694167226553 
vn 3.097898456858039e-13 -0.999997615814209 0.002184694167226553 
vn 3.097898456858039e-13 -0.999997615814209 0.002184694167226553 
vn 3.097898456858039e-13 -0.999997615814209 0.002184694167226553 
vn 3.097898456858039e-13 -0.999997615814209 0.002184694167226553 
vn -1.0341130485562108e-13 0.999997615814209 -0.002184694167226553 
vn -1.0341130485562108e-13 0.999997615814209 -0.002184694167226553 
vn -1.0341130485562108e-13 0.999997615814209 -0.002184694167226553 
vn -1.0341130485562108e-13 0.999997615814209 -0.002184694167226553 
vn -1.0341130485562108e-13 0.999997615814209 -0.002184694167226553 
vn -1.0341130485562108e-13 0.999997615814209 -0.002184694167226553 
vn -1.0341130485562108e-13 0.999997615814209 -0.002184694167226553 
vn -1.0341130485562108e-13 0.999997615814209 0.002184694167226553 
vn -1.0341130485562108e-13 0.999997615814209 0.002184694167226553 
vn -1.0341130485562108e-13 0.999997615814209 0.002184694167226553 
vn -1.0341130485562108e-13 0.999997615814209 0.002184694167226553 
vn -1.0341130485562108e-13 0.999997615814209 0.002184694167226553 
vn 0.5990391373634338 0 0.8007197380065918 
vn 0.5990391373634338 0 0.8007197380065918 
vn 0.5990391373634338 0 0.8007197380065918 
vn 0.5990391373634338 0 0.8007197380065918 
vn 0 0 1 
vn 0 0 1 
vn 0 0 1 
vn 0 0 1 
vn 0.935729444026947 0 -0.3527185618877411 
vn 0.935729444026947 0 -0.3527185618877411 
vn 0.935729444026947 0 -0.3527185618877411 
vn 0.935729444026947 0 -0.3527185618877411 
vn -2.0682311115474694e-13 0 -1 
vn -2.0682311115474694e-13 0 -1 
vn -2.0682311115474694e-13 0 -1 
vn -2.0682311115474694e-13 0 -1 
vn -0.8072154521942139 -1.673092816633498e-13 0.590256929397583 
vn -0.8072154521942139 -1.673092816633498e-13 0.590256929397583 
vn -0.8072154521942139 -1.673092816633498e-13 0.590256929397583 
vn -0.8072154521942139 -1.673092816633498e-13 0.590256929397583 
vn -0.49304670095443726 -1.0197344948699796e-13 -0.8700028657913208 
vn -0.49304670095443726 -1.0197344948699796e-13 -0.8700028657913208 
vn -0.49304670095443726 -1.0197344948699796e-13 -0.8700028657913208 
vn -0.49304670095443726 -1.0197344948699796e-13 -0.8700028657913208 
vn -0.999997615814209 -2.0682260971124217e-13 0.002184694167226553 
vn -0.999997615814209 -2.0682260971124217e-13 0.002184694167226553 
vn -0.999997615814209 -2.0682260971124217e-13 0.002184694167226553 
vn -0.999997615814209 -2.0682260971124217e-13 0.002184694167226553 
vn 0.999997615814209 0 -0.002184694167226553 
vn 0.999997615814209 0 0.002184694167226553 
vn 0.999997615814209 0 0.002184694167226553 
vn 0.999997615814209 0 0.002184694167226553 
vn -0.4930322766304016 0.0037687027361243963 0.8700028657913208 
vn -0.4930322766304016 -0.0037687027361243963 0.8700028657913208 
vn -0.4930322766304016 -0.0037687027361243963 0.8700028657913208 
vn -0.4930322766304016 -0.0037687027361243963 0.8700028657913208 
vn 0.935729444026947 0 0.3527185618877411 
vn 0.935729444026947 0 0.3527185618877411 
vn 0.935729444026947 0 0.3527185618877411 
vn 0.935729444026947 0 0.3527185618877411 
vn -0.8072065711021423 0.0037793335504829884 -0.590256929397583 
vn -0.8072065711021423 0.0037793335504829884 -0.590256929397583 
vn -0.8072065711021423 0.0037793335504829884 -0.590256929397583 
vn -0.8072065711021423 0.0037793335504829884 -0.590256929397583 
vn 0.5990391373634338 0 -0.8007197380065918 
vn 0.5990391373634338 0 -0.8007197380065918 
vn 0.5990391373634338 0 -0.8007197380065918 
vn 0.5990391373634338 0 -0.8007197380065918 
vn -1.0341130485562108e-13 0.999997615814209 0.002184694167226553 
vn -1.0341130485562108e-13 0.999997615814209 0.002184694167226553 
vn -1.0341130485562108e-13 0.999997615814209 0.002184694167226553 
vn -1.0341130485562108e-13 0.999997615814209 0.002184694167226553 
vn -1.0341130485562108e-13 0.999997615814209 0.002184694167226553 
vn -1.0341130485562108e-13 0.999997615814209 0.002184694167226553 
vn -1.0341130485562108e-13 0.999997615814209 0.002184694167226553 
vn -1.0341130485562108e-13 0.999997615814209 0.002184694167226553 
vn 3.097898456858039e-13 -0.999997615814209 0.002184694167226553 
vn 3.097898456858039e-13 -0.999997615814209 0.002184694167226553 
vn 3.097898456858039e-13 -0.999997615814209 0.002184694167226553 
vn 3.097898456858039e-13 -0.999997615814209 0.002184694167226553 
vn 0.999997615814209 0 0.002184694167226553 
vn 0.999997615814209 0 0.002184694167226553 
vn 0.999997615814209 0 0.002184694167226553 
vn -0.999997615814209 -2.0682260971124217e-13 0.002184694167226553 
vn -0.999997615814209 -2.0682260971124217e-13 0.002184694167226553 
vn -0.999997615814209 -2.0682260971124217e-13 0.002184694167226553 
vn -0.999997615814209 -2.0682260971124217e-13 0.002184694167226553 
vn -0.999997615814209 -2.0682260971124217e-13 0.002184694167226553 
vn 0.999997615814209 0 0.002184694167226553 
vn 0.999997615814209 0 0.002184694167226553 
vn 0.999997615814209 0 0.002184694167226553 
vn -2.0682311115474694e-13 0 -1 
vn -2.0682311115474694e-13 0 -1 
vn -2.0682311115474694e-13 0 -1 
vn -2.0682311115474694e-13 0 -1 
vn 0 0 1 
vn 0 0 1 
vn 0 0 1 
vn 0 0 1 
vn 0.999997615814209 0 0.002184694167226553 
vn 0.999997615814209 0 0.002184694167226553 
vn 0.999997615814209 0 0.002184694167226553 
vn 0.999997615814209 0 0.002184694167226553 
vn 0 0 1 
vn 0 0 1 
vn 0 0 1 
vn 0 0 1 
vn -1.0341130485562108e-13 0.999997615814209 0.002184694167226553 
vn -1.0341130485562108e-13 0.999997615814209 0.002184694167226553 
vn -1.0341130485562108e-13 0.999997615814209 0.002184694167226553 
vn -1.0341130485562108e-13 0.999997615814209 0.002184694167226553 
vn -0.999997615814209 -2.0682260971124217e-13 0.002184694167226553 
vn -0.999997615814209 -2.0682260971124217e-13 0.002184694167226553 
vn -0.999997615814209 -2.0682260971124217e-13 0.002184694167226553 
vn 0.9746192693710327 0.113071508705616 -0.19321508705615997 
vn 0.9746192693710327 0.113071508705616 -0.19321508705615997 
vn 0.9005808234214783 -0.3893868327140808 -0.19321508705615997 
vn 0.9005808234214783 -0.3893868327140808 -0.19321508705615997 
vn 0.5852324366569519 -0.7875093221664429 -0.19321508705615997 
vn 0.5852324366569519 -0.7875093221664429 -0.19321508705615997 
vn 0.113071508705616 -0.9746192693710327 -0.19321508705615997 
vn 0.113071508705616 -0.9746192693710327 -0.19321508705615997 
vn -0.3893868327140808 -0.9005808234214783 -0.19321508705615997 
vn -0.3893868327140808 -0.9005808234214783 -0.19321508705615997 
vn -0.7875093221664429 -0.5852324366569519 -0.19321508705615997 
vn -0.7875093221664429 -0.5852324366569519 -0.19321508705615997 
vn -0.9746192693710327 -0.113071508705616 -0.19321508705615997 
vn -0.9746192693710327 -0.113071508705616 -0.19321508705615997 
vn -0.9005808234214783 0.3893868327140808 -0.19321508705615997 
vn -0.9005808234214783 0.3893868327140808 -0.19321508705615997 
vn -0.5852324366569519 0.7875093221664429 -0.19321508705615997 
vn -0.5852324366569519 0.7875093221664429 -0.19321508705615997 
vn -0.113071508705616 0.9746192693710327 -0.19321508705615997 
vn -0.113071508705616 0.9746192693710327 -0.19321508705615997 
vn 0.7875093221664429 0.5852324366569519 -0.19321508705615997 
vn 0.7875093221664429 0.5852324366569519 -0.19321508705615997 
vn 0.3893868327140808 0.9005808234214783 -0.19321508705615997 
vn 0.3893868327140808 0.9005808234214783 -0.19321508705615997 
vn -0.113071508705616 0.9746192693710327 -0.19321508705615997 
vn -0.113071508705616 0.9746192693710327 -0.19321508705615997 
vn -2.0682311115474694e-13 0 -1 
vn -2.0682311115474694e-13 0 -1 
vn -2.0682311115474694e-13 0 -1 
vn -2.0682311115474694e-13 0 -1 
vn -2.0682311115474694e-13 0 -1 
vn -2.0682311115474694e-13 0 -1 
vn -2.0682311115474694e-13 0 -1 
vn -2.0682311115474694e-13 0 -1 
vn -2.0682311115474694e-13 0 -1 
vn -2.0682311115474694e-13 0 -1 
vn -2.0682311115474694e-13 0 -1 
vn -2.0682311115474694e-13 0 -1 
vn -0.7529545426368713 -0.09025683254003525 0.651853621006012 
vn -0.4671158790588379 -0.05263131856918335 0.882628321647644 
vn -0.6962137818336487 0.3006214201450348 0.651853621006012 
vn -0.4328339099884033 0.18336330354213715 0.882628321647644 
vn -0.3767217695713043 -0.2811547517776489 0.882628321647644 
vn 0.3767217695713043 0.2811547517776489 0.882628321647644 
vn -0.6054393649101257 -0.45665088295936584 0.651853621006012 
vn -0.18336330354213715 -0.4328339099884033 0.882628321647644 
vn 0.05263131856918335 -0.4671158790588379 0.882628321647644 
vn -0.3006214201450348 -0.6962137818336487 0.651853621006012 
vn 0.09025683254003525 -0.7529545426368713 0.651853621006012 
vn 0.45665088295936584 -0.6054393649101257 0.651853621006012 
vn 0.2811547517776489 -0.3767217695713043 0.882628321647644 
vn 0.6962137818336487 -0.3006214201450348 0.651853621006012 
vn 0.4328339099884033 -0.18336330354213715 0.882628321647644 
vn 0.7529545426368713 0.09025683254003525 0.651853621006012 
vn 0.4671158790588379 0.05263131856918335 0.882628321647644 
vn 0.6054393649101257 0.45665088295936584 0.651853621006012 
vn 0.18336330354213715 0.4328339099884033 0.882628321647644 
vn 0.3006214201450348 0.6962137818336487 0.651853621006012 
vn -0.09025683254003525 0.7529545426368713 0.651853621006012 
vn -0.05263131856918335 0.4671158790588379 0.882628321647644 
vn -0.45665088295936584 0.6054393649101257 0.651853621006012 
vn -0.2811547517776489 0.3767217695713043 0.882628321647644 
vn 0 0 1 
vn 0 0 1 
vn 0 0 1 
vn 0 0 1 
vn 0 0 1 
vn 0 0 1 
vn 0 0 1 
vn 0 0 1 
vn 0 0 1 
vn 0 0 1 
vn 0 0 1 
vn 0 0 1 
vn -0.3965924084186554 -0.9179922342300415 0.002184694167226553 
vn -0.3965924084186554 -0.9179922342300415 0.002184694167226553 
vn -0.8009505867958069 -0.5987265110015869 0.002184694167226553 
vn -0.8009505867958069 -0.5987265110015869 0.002184694167226553 
vn -0.9927064776420593 -0.12053639441728592 0.002184694167226553 
vn -0.9927064776420593 -0.12053639441728592 0.002184694167226553 
vn -0.9179922342300415 0.3965924084186554 0.002184694167226553 
vn -0.9179922342300415 0.3965924084186554 0.002184694167226553 
vn -0.5987265110015869 0.8009505867958069 0.002184694167226553 
vn -0.5987265110015869 0.8009505867958069 0.002184694167226553 
vn -0.12053639441728592 0.9927064776420593 0.002184694167226553 
vn -0.12053639441728592 0.9927064776420593 0.002184694167226553 
vn 0.12053639441728592 -0.9927064776420593 0.002184694167226553 
vn 0.12053639441728592 -0.9927064776420593 0.002184694167226553 
vn 0.5987265110015869 -0.8009505867958069 0.002184694167226553 
vn 0.5987265110015869 -0.8009505867958069 0.002184694167226553 
vn 0.9179922342300415 -0.3965924084186554 0.002184694167226553 
vn 0.9179922342300415 -0.3965924084186554 0.002184694167226553 
vn 0.9927064776420593 0.12053639441728592 0.002184694167226553 
vn 0.9927064776420593 0.12053639441728592 0.002184694167226553 
vn 0.8009505867958069 0.5987265110015869 0.002184694167226553 
vn 0.8009505867958069 0.5987265110015869 0.002184694167226553 
vn 0.3965924084186554 0.9179922342300415 0.002184694167226553 
vn 0.3965924084186554 0.9179922342300415 0.002184694167226553 
vn -0.12053639441728592 0.9927064776420593 0.002184694167226553 
vn -0.12053639441728592 0.9927064776420593 0.002184694167226553 
vn -0.12053639441728592 0.9927064776420593 -0.002184694167226553 
vn 0.6167173981666565 0.7871816158294678 -0.002184694167226553 
vn -0.12053639441728592 0.9927064776420593 -0.002184694167226553 
vn 0.6167173981666565 0.7871816158294678 -0.002184694167226553 
vn 0.9927064776420593 0.12053639441728592 0.002184694167226553 
vn 0.9927064776420593 0.12053639441728592 0.002184694167226553 
vn 0.7871816158294678 -0.6167173981666565 0.002184694167226553 
vn 0.7871816158294678 -0.6167173981666565 0.002184694167226553 
vn 0.12053639441728592 -0.9927064776420593 0.002184694167226553 
vn 0.12053639441728592 -0.9927064776420593 0.002184694167226553 
vn -0.6167173981666565 -0.7871816158294678 0.002184694167226553 
vn -0.6167173981666565 -0.7871816158294678 -0.002184694167226553 
vn -0.9927064776420593 -0.12053639441728592 0.002184694167226553 
vn -0.9927064776420593 -0.12053639441728592 -0.002184694167226553 
vn -0.7871816158294678 0.6167173981666565 0.002184694167226553 
vn -0.7871816158294678 0.6167173981666565 -0.002184694167226553 
vn -0.12053639441728592 0.9927064776420593 -0.002184694167226553 
vn -0.12053639441728592 0.9927064776420593 -0.002184694167226553 
vn 0 0 1 
vn 0 0 1 
vn 0 0 1 
vn 0 0 1 
vn 0 0 1 
vn 0 0 1 
vn 0 0 1 
vn 0 0 1 
vn 0 0 1 
vn 0 0 1 
vn 0.30822497606277466 -0.9437312483787537 0.11986933648586273 
vn 0.8014044165611267 -0.5859882831573486 0.11986933648586273 
vn 0.30822497606277466 -0.9437312483787537 0.11986933648586273 
vn 0.8014044165611267 -0.5859882831573486 0.11986933648586273 
vn 0.9927896857261658 0 0.11986933648586273 
vn 0.9927896857261658 0 0.11986933648586273 
vn 0.8014044165611267 0.5859882831573486 0.11986933648586273 
vn 0.8014044165611267 0.5859882831573486 0.11986933648586273 
vn 0.30822497606277466 0.9437312483787537 0.11986933648586273 
vn -0.30822497606277466 -0.9437312483787537 0.11986933648586273 
vn -0.30822497606277466 -0.9437312483787537 0.11986933648586273 
vn -0.8014044165611267 -0.5859882831573486 0.11986933648586273 
vn -0.8014044165611267 -0.5859882831573486 0.11986933648586273 
vn -0.9927896857261658 -2.0533184527660175e-13 0.11986933648586273 
vn -0.9927896857261658 -2.0533184527660175e-13 0.11986933648586273 
vn -0.8014044165611267 0.5859882831573486 0.11986933648586273 
vn -0.8014044165611267 0.5859882831573486 0.11986933648586273 
vn -0.30822497606277466 0.9437312483787537 0.11986933648586273 
vn -0.30822497606277466 0.9437312483787537 0.11986933648586273 
vn -0.30822497606277466 0.9437312483787537 0.11986933648586273 
vn -0.30822497606277466 0.9437312483787537 0.11986933648586273 
vn 0.30822497606277466 0.9437312483787537 0.11986933648586273 
vn 0.999997615814209 0 0.002184694167226553 
vn 0.9955906867980957 0 -0.09380380809307098 
vn 0.9904146194458008 -0.03773314133286476 -0.1328723281621933 
vn 0.9974023103713989 0 -0.07203252613544464 
vn 0.9974023103713989 0 -0.07203252613544464 
vn 0.999997615814209 0 0.002184694167226553 
vn 0.999997615814209 0 0.002184694167226553 
vn -0.999997615814209 -2.0682260971124217e-13 0.002184694167226553 
vn -0.997078001499176 -2.0621877686380352e-13 -0.0763898640871048 
vn -0.999997615814209 -2.0682260971124217e-13 0.002184694167226553 
vn -0.997078001499176 -2.0621877686380352e-13 -0.0763898640871048 
vn -0.995171308517456 -2.0582442542861623e-13 -0.0981530249118805 
vn -0.9884343147277832 0.04152846708893776 -0.1458524912595749 
vn -0.999997615814209 -2.0682260971124217e-13 -0.002184694167226553 
vn -1.0341130485562108e-13 0.999997615814209 0.002184694167226553 
vn 0.003774539101868868 0.9828001856803894 -0.18463370203971863 
vn -1.0341130485562108e-13 0.999997615814209 0.002184694167226553 
vn 0.0037776012904942036 0.9835975170135498 -0.18033768236637115 
vn 0.00943414680659771 0.9717345237731934 -0.23588760197162628 
vn -0.0018877115799114108 0.9794287085533142 -0.2017817199230194 
vn -1.0341130485562108e-13 0.999997615814209 -0.002184694167226553 
vn 0 0 1 
vn 0 0 1 
vn 0 0 1 
vn 0 0 1 
vn 3.097898456858039e-13 -0.999997615814209 0.002184694167226553 
vn 3.097898456858039e-13 -0.999997615814209 0.002184694167226553 
vn 0.0037776012904942036 -0.9835975170135498 -0.18033768236637115 
vn 0.003774539101868868 -0.9828001856803894 -0.18463370203971863 
vn -0.0018877115799114108 -0.9794287085533142 -0.2017817199230194 
vn -0.005660545080900192 -0.9717638492584229 -0.23588760197162628 
vn 3.097898456858039e-13 -0.999997615814209 0.002184694167226553 
vn -0.999997615814209 -2.0682260971124217e-13 0.002184694167226553 
vn -0.999997615814209 -2.0682260971124217e-13 0.002184694167226553 
vn -0.9953637719154358 0.07918879389762878 -0.05459024757146835 
vn 3.097898456858039e-13 -0.999997615814209 0.002184694167226553 
vn -0.052812617272138596 -0.9788792133331299 -0.1975002884864807 
vn 3.097898456858039e-13 -0.999997615814209 0.002184694167226553 
vn -1.0341130485562108e-13 0.999997615814209 0.002184694167226553 
vn -0.7071051001548767 0.7071051001548767 0.002184694167226553 
vn -0.003776365192607045 0.9977003335952759 -0.06767380982637405 
vn -0.7136680483818054 0.6989811062812805 -0.04586252197623253 
vn -0.7229878902435303 0.6669084429740906 -0.18033768236637115 
vn -0.0018882075091823936 0.9652611613273621 -0.2612801790237427 
vn -0.7212091088294983 0.5985957980155945 -0.34862664341926575 
vn -0.001888810656964779 0.8645632266998291 -0.5025205612182617 
vn -0.7220390439033508 0.4872744381427765 -0.4911448359489441 
vn 0.0037783945444971323 0.7047756314277649 -0.7094202041625977 
vn -0.7234877347946167 0.34003010392189026 -0.6007870435714722 
vn 0.0018896800465881824 0.4968397617340088 -0.8678402304649353 
vn -0.7228593826293945 0.17577585577964783 -0.6682642698287964 
vn -2.6364586579977374e-14 0.2549481689929962 -0.9669547080993652 
vn -0.7156423926353455 0.045327384024858475 -0.6969945430755615 
vn 0.0038081351667642593 0.06538315862417221 -0.9978529810905457 
vn -0.7156423926353455 -0.045327384024858475 -0.6969945430755615 
vn -0.0038081351667642593 -0.06538315862417221 -0.9978529810905457 
vn 7.920697924585982e-14 -0.2549481689929962 -0.9669547080993652 
vn -0.7228593826293945 -0.17577585577964783 -0.6682642698287964 
vn 0.0018896800465881824 -0.4968397617340088 -0.8678402304649353 
vn -0.7234877347946167 -0.34003010392189026 -0.6007870435714722 
vn -0.0037783945444971323 -0.7047756314277649 -0.7094202041625977 
vn -0.7220390439033508 -0.4872744381427765 -0.4911448359489441 
vn -0.001888810656964779 -0.8645632266998291 -0.5025205612182617 
vn -0.7212091088294983 -0.5985957980155945 -0.34862664341926575 
vn -0.0018882075091823936 -0.9652611613273621 -0.2612801790237427 
vn -0.7229878902435303 -0.6669084429740906 -0.18033768236637115 
vn -0.003776365192607045 -0.9977003335952759 -0.06767380982637405 
vn -0.7136680483818054 -0.6989811062812805 -0.04586252197623253 
vn -0.7071051001548767 -0.7071051001548767 0.002184694167226553 
vn -0.999997615814209 -2.0682260971124217e-13 0.002184694167226553 
vn -0.9998835325241089 0.015103200450539589 0.002184694167226553 
vn -0.7071051001548767 0.7071051001548767 0.002184694167226553 
vn -0.6976308226585388 0.7149879932403564 0.04586252197623253 
vn -1.0341130485562108e-13 0.999997615814209 0.002184694167226553 
vn 0.003776365192607045 0.9977003335952759 0.06767380982637405 
vn 0.7071051001548767 0.7071051001548767 0.002184694167226553 
vn 0.7003288269042969 0.712345540523529 0.04586252197623253 
vn 0.999997615814209 0 0.002184694167226553 
vn 0.9998835325241089 0.015103200450539589 0.002184694167226553 
vn 0.7071051001548767 -0.7071051001548767 0.002184694167226553 
vn 0.7163054347038269 -0.6962780952453613 -0.04586252197623253 
vn 3.097898456858039e-13 -0.999997615814209 0.002184694167226553 
vn -0.003776365192607045 -0.9977003335952759 -0.06767380982637405 
vn 0.7229878902435303 -0.6669084429740906 -0.18033768236637115 
vn -0.0018882075091823936 -0.9652611613273621 -0.2612801790237427 
vn -0.999997615814209 -2.0682260971124217e-13 0.002184694167226553 
vn 3.097898456858039e-13 -0.999997615814209 0.002184694167226553 
vn 0.99952232837677 0.030202379450201988 0.006554040592163801 
vn 0.6896843910217285 0.6990295648574829 0.18892620503902435 
vn -9.981934983444019e-14 0.9652630090713501 0.2612801790237427 
vn -0.6923672556877136 0.6963723301887512 0.18892620503902435 
vn -0.99952232837677 0.030202379450201988 0.006554040592163801 
vn -0.9994269013404846 0.03019949607551098 0.0152922747656703 
vn -0.99945467710495 0.02264723740518093 0.024029340595006943 
vn -0.9994826912879944 0.015097145922482014 0.028397228568792343 
vn -0.9994345903396606 0.007547779008746147 0.03276457265019417 
vn -0.9998830556869507 -2.0679891989377336e-13 0.0152922747656703 
vn -0.9998830556869507 -2.0679891989377336e-13 0.0152922747656703 
vn -0.9994345903396606 -0.007547779008746147 0.03276457265019417 
vn -0.9994826912879944 -0.015097145922482014 0.028397228568792343 
vn -0.99945467710495 -0.02264723740518093 0.024029340595006943 
vn -0.9994269013404846 -0.03019949607551098 0.0152922747656703 
vn -0.99952232837677 -0.030202379450201988 0.006554040592163801 
vn -0.9998835325241089 -0.015103200450539589 0.002184694167226553 
vn -0.7071051001548767 -0.7071051001548767 0.002184694167226553 
vn -0.6976308226585388 -0.7149879932403564 0.04586252197623253 
vn 3.097898456858039e-13 -0.999997615814209 0.002184694167226553 
vn -0.003776365192607045 -0.9977003335952759 0.06767380982637405 
vn 0.7071051001548767 -0.7071051001548767 0.002184694167226553 
vn 0.7003288269042969 -0.712345540523529 0.04586252197623253 
vn 0.999997615814209 0 0.002184694167226553 
vn 2.99886715937267e-13 -0.9652630090713501 0.2612801790237427 
vn -0.6923672556877136 -0.6963723301887512 0.18892620503902435 
vn -0.6938217878341675 -0.6231977343559265 0.36088213324546814 
vn 2.686020622501978e-13 -0.8645652532577515 0.5025205612182617 
vn 0.6896843910217285 -0.6990295648574829 0.18892620503902435 
vn 0.9998835325241089 -0.015103200450539589 0.002184694167226553 
vn 0.7071051001548767 0.7071051001548767 0.002184694167226553 
vn 0.7163054347038269 0.6962780952453613 -0.04586252197623253 
vn -1.0341130485562108e-13 0.999997615814209 0.002184694167226553 
vn -0.003776365192607045 0.9977003335952759 -0.06767380982637405 
vn 0.7229878902435303 0.6669084429740906 -0.18033768236637115 
vn -0.0018882075091823936 0.9652611613273621 -0.2612801790237427 
vn 0.99952232837677 -0.030202379450201988 0.006554040592163801 
vn 0.691296398639679 -0.6259979009628296 0.36088213324546814 
vn -0.0018859856063500047 -0.7047832608222961 0.7094202041625977 
vn -0.689600944519043 -0.5103429555892944 0.5138099193572998 
vn -0.6912423968315125 -0.3627919852733612 0.6249527335166931 
vn -0.001880573108792305 -0.4968397915363312 0.8678402304649353 
vn 0.6918365955352783 -0.5073080658912659 0.5138099193572998 
vn 0.9994269013404846 -0.03019949607551098 0.0152922747656703 
vn 0.7212091088294983 0.5985957980155945 -0.34862664341926575 
vn -0.001888810656964779 0.8645632266998291 -0.5025205612182617 
vn 0.7241437435150146 0.48414111137390137 -0.4911448359489441 
vn 0.0037783945444971323 0.7047756314277649 -0.7094202041625977 
vn 0.99945467710495 -0.02264723740518093 0.024029340595006943 
vn 0.6912423968315125 -0.3627919852733612 0.6249527335166931 
vn 0.0018801316618919373 -0.25494125485420227 0.9669547080993652 
vn -0.6924799084663391 -0.18619942665100098 0.6969945430755615 
vn -0.6999700665473938 -0.048946674913167953 0.7124928832054138 
vn 1.8938533534918096e-14 -0.06113334000110626 0.9981296062469482 
vn 0.6924799084663391 -0.18619942665100098 0.6969945430755615 
vn 0.9994826912879944 -0.015097145922482014 0.028397228568792343 
vn 0.7218732833862305 0.34344419836997986 -0.6007870435714722 
vn 0.0018896800465881824 0.4968397617340088 -0.8678402304649353 
vn 0.7219579815864563 0.17944228649139404 -0.6682642698287964 
vn -2.6364586579977374e-14 0.2549481689929962 -0.9669547080993652 
vn 0.9994345903396606 -0.007547779008746147 0.03276457265019417 
vn 0.7002228498458862 -0.045186977833509445 0.7124928832054138 
vn 0.9998830556869507 0 0.0152922747656703 
vn 0.7156423926353455 0.045327384024858475 -0.6969945430755615 
vn 0.0038081351667642593 0.06538315862417221 -0.9978529810905457 
vn -0.0038081351667642593 -0.06538315862417221 -0.9978529810905457 
vn 0.7156423926353455 -0.045327384024858475 -0.6969945430755615 
vn 7.920697924585982e-14 -0.2549481689929962 -0.9669547080993652 
vn 0.7219579815864563 -0.17944228649139404 -0.6682642698287964 
vn 0.0018896800465881824 -0.4968397617340088 -0.8678402304649353 
vn 0.7218732833862305 -0.34344419836997986 -0.6007870435714722 
vn -0.0037783945444971323 -0.7047756314277649 -0.7094202041625977 
vn 0.7241437435150146 -0.48414111137390137 -0.4911448359489441 
vn -0.001888810656964779 -0.8645632266998291 -0.5025205612182617 
vn 0.7212091088294983 -0.5985957980155945 -0.34862664341926575 
vn 0.9994269013404846 0.03019949607551098 0.0152922747656703 
vn 0.691296398639679 0.6259979009628296 0.36088213324546814 
vn -8.959800674827878e-14 0.8645652532577515 0.5025205612182617 
vn -0.6938217878341675 0.6231977343559265 0.36088213324546814 
vn -0.689600944519043 0.5103429555892944 0.5138099193572998 
vn -0.6912423968315125 0.3627919852733612 0.6249527335166931 
vn -0.6924799084663391 0.18619942665100098 0.6969945430755615 
vn -0.6999700665473938 0.048946674913167953 0.7124928832054138 
vn -6.321893929303515e-15 0.06113334000110626 0.9981296062469482 
vn 0.7002228498458862 0.045186977833509445 0.7124928832054138 
vn 0.9998830556869507 0 0.0152922747656703 
vn 0.9994345903396606 0.007547779008746147 0.03276457265019417 
vn 0.9994826912879944 0.015097145922482014 0.028397228568792343 
vn 0.99945467710495 0.02264723740518093 0.024029340595006943 
vn 0.6918365955352783 0.5073080658912659 0.5138099193572998 
vn -0.0018859856063500047 0.7047832608222961 0.7094202041625977 
vn -0.001880573108792305 0.4968397915363312 0.8678402304649353 
vn 0.6912423968315125 0.3627919852733612 0.6249527335166931 
vn 0.6924799084663391 0.18619942665100098 0.6969945430755615 
vn 0.0018801316618919373 0.25494125485420227 0.9669547080993652 
vn -0.015103200450539589 0.9998835325241089 0.002184694167226553 
vn -0.7177039980888367 0.6963448524475098 0.002184694167226553 
vn -0.011328878812491894 0.9976431727409363 -0.06767380982637405 
vn -0.7241560220718384 0.6881095170974731 -0.04586252197623253 
vn -0.7331474423408508 0.6557233929634094 -0.18033768236637115 
vn -0.016993001103401184 0.9651134014129639 -0.2612801790237427 
vn -0.7307589054107666 0.5868993997573853 -0.34862664341926575 
vn -0.009443872608244419 0.8645136952400208 -0.5025205612182617 
vn -0.7303760647773743 0.47468680143356323 -0.4911448359489441 
vn -0.011334748938679695 0.7046946287155151 -0.7094202041625977 
vn -0.726668119430542 0.33317920565605164 -0.6007870435714722 
vn -0.00566893070936203 0.49681100249290466 -0.8678402304649353 
vn -0.7246063351631165 0.16842950880527496 -0.6682642698287964 
vn -2.6364586579977374e-14 0.2549481689929962 -0.9669547080993652 
vn -0.7160804867744446 0.0377805195748806 -0.6969945430755615 
vn -0.0038081351667642593 0.06538315862417221 -0.9978529810905457 
vn -0.715124785900116 -0.05286921188235283 -0.6969945430755615 
vn 0.0038081351667642593 -0.06538315862417221 -0.9978529810905457 
vn 7.920697924585982e-14 -0.2549481689929962 -0.9669547080993652 
vn -0.7210379838943481 -0.18310408294200897 -0.6682642698287964 
vn 0.009447853080928326 -0.4967535138130188 -0.8678402304649353 
vn -0.7169334292411804 -0.3536401689052582 -0.6007870435714722 
vn 0.011334748938679695 -0.7046946287155151 -0.7094202041625977 
vn -0.7177890539169312 -0.4935135841369629 -0.4911448359489441 
vn 0.01322116982191801 -0.8644641637802124 -0.5025205612182617 
vn -0.7163638472557068 -0.6043859124183655 -0.34862664341926575 
vn 0.013217047788202763 -0.965172529220581 -0.2612801790237427 
vn -0.7126576900482178 -0.6779360771179199 -0.18033768236637115 
vn 0.011328878812491894 -0.9976431727409363 -0.06767380982637405 
vn -0.7030168771743774 -0.7096928358078003 -0.04586252197623253 
vn -0.6963448524475098 -0.7177039980888367 0.002184694167226553 
vn -0.9998835325241089 -0.015103200450539589 0.002184694167226553 
vn -0.999997615814209 -2.0682260971124217e-13 0.002184694167226553 
vn -0.7177039980888367 0.6963448524475098 0.002184694167226553 
vn -0.7083626985549927 0.7043570876121521 0.04586252197623253 
vn -0.015103200450539589 0.9998835325241089 0.002184694167226553 
vn -0.011328878812491894 0.9976431727409363 0.06767380982637405 
vn 0.6963448524475098 0.7177039980888367 0.002184694167226553 
vn 0.6894770860671997 0.7228540182113647 0.04586252197623253 
vn 0.9998835325241089 0.015103200450539589 0.002184694167226553 
vn 0.9995414018630981 0.0302029550075531 0.002184694167226553 
vn 0.7177039980888367 -0.6963448524475098 0.002184694167226553 
vn 0.7267522215843201 -0.6853669285774231 -0.04586252197623253 
vn 0.015103200450539589 -0.9998835325241089 0.002184694167226553 
vn 0.011328878812491894 -0.9976431727409363 -0.06767380982637405 
vn 0.7331474423408508 -0.6557233929634094 -0.18033768236637115 
vn 0.013217047788202763 -0.965172529220581 -0.2612801790237427 
vn -0.9998835325241089 -0.015103200450539589 0.002184694167226553 
vn 0.015103200450539589 -0.9998835325241089 0.002184694167226553 
vn 0.9989521503448486 0.045294955372810364 0.006554040592163801 
vn 0.6842881441116333 0.7043128609657288 0.18892620503902435 
vn -0.01508626714348793 0.9651451110839844 0.2612801790237427 
vn -0.7029959559440613 0.6856409907341003 0.18892620503902435 
vn -0.9998644590377808 0.015102911740541458 0.006554040592163801 
vn -0.9997690320014954 0.015101470053195953 0.0152922747656703 
vn -0.9996827244758606 0.007549653295427561 0.024029340595006943 
vn -0.9995967149734497 -2.0673969535010134e-13 0.028397228568792343 
vn -0.9994345903396606 -0.007547779008746147 0.03276457265019417 
vn -0.9997690320014954 -0.015101470053195953 0.0152922747656703 
vn -0.9997690320014954 -0.015101470053195953 0.0152922747656703 
vn -0.9992066025733948 -0.022641615942120552 0.03276457265019417 
vn -0.9991406798362732 -0.0301908478140831 0.028397228568792343 
vn -0.9989986419677734 -0.03773965314030647 0.024029340595006943 
vn -0.9991703629493713 -0.037746138870716095 0.0152922747656703 
vn -0.9989521503448486 -0.045294955372810364 0.006554040592163801 
vn -0.9995414018630981 -0.0302029550075531 0.002184694167226553 
vn -0.6963448524475098 -0.7177039980888367 0.002184694167226553 
vn -0.686739444732666 -0.7254554033279419 0.04586252197623253 
vn 0.015103200450539589 -0.9998835325241089 0.002184694167226553 
vn 0.011328878812491894 -0.9976431727409363 0.06767380982637405 
vn 0.7177039980888367 -0.6963448524475098 0.002184694167226553 
vn 0.7110204696655273 -0.7016741037368774 0.04586252197623253 
vn 0.9998835325241089 0.015103200450539589 0.002184694167226553 
vn 0.01508626714348793 -0.9651451110839844 0.2612801790237427 
vn -0.681574821472168 -0.7069389224052429 0.18892620503902435 
vn -0.6836525797843933 -0.6343368887901306 0.36088213324546814 
vn 0.015088744461536407 -0.8644335865974426 0.5025205612182617 
vn 0.700354278087616 -0.6883391737937927 0.18892620503902435 
vn 0.999997615814209 0 0.002184694167226553 
vn 0.6963448524475098 0.7177039980888367 0.002184694167226553 
vn 0.7056947946548462 0.7070299983024597 -0.04586252197623253 
vn -0.015103200450539589 0.9998835325241089 0.002184694167226553 
vn -0.011328878812491894 0.9976431727409363 -0.06767380982637405 
vn 0.7126576900482178 0.6779360771179199 -0.18033768236637115 
vn -0.016993001103401184 0.9651134014129639 -0.2612801790237427 
vn 0.9998644590377808 -0.015102911740541458 0.006554040592163801 
vn 0.70132976770401 -0.6147362589836121 0.36088213324546814 
vn 0.013201143592596054 -0.7046621441841125 0.7094202041625977 
vn -0.685089647769928 -0.516383171081543 0.5138099193572998 
vn -0.6877032518386841 -0.36945679783821106 0.6249527335166931 
vn 0.005641611758619547 -0.4968113303184509 0.8678402304649353 
vn 0.6962679028511047 -0.5012089014053345 0.5138099193572998 
vn 0.9997690320014954 -0.015101470053195953 0.0152922747656703 
vn 0.7163638472557068 0.6043859124183655 -0.34862664341926575 
vn -0.009443872608244419 0.8645136952400208 -0.5025205612182617 
vn 0.7156438231468201 0.4966192841529846 -0.4911448359489441 
vn -0.011334748938679695 0.7046946287155151 -0.7094202041625977 
vn 0.9996827244758606 -0.007549653295427561 0.024029340595006943 
vn 0.6981265544891357 -0.3493613302707672 0.6249527335166931 
vn 0.0018801316618919373 -0.25494125485420227 0.9669547080993652 
vn -0.6904852986335754 -0.19346490502357483 0.6969945430755615 
vn -0.6994040012359619 -0.056461725383996964 0.7124928832054138 
vn 1.8938533534918096e-14 -0.06113334000110626 0.9981296062469482 
vn 0.694398045539856 -0.1789133995771408 0.6969945430755615 
vn 0.9995967149734497 0 0.028397228568792343 
vn 0.7185961008071899 0.3502492904663086 -0.6007870435714722 
vn -0.00566893070936203 0.49681100249290466 -0.8678402304649353 
vn 0.7200993895530701 0.18676117062568665 -0.6682642698287964 
vn -2.6364586579977374e-14 0.2549481689929962 -0.9669547080993652 
vn 0.9994345903396606 0.007547779008746147 0.03276457265019417 
vn 0.7006677389144897 -0.0376637801527977 0.7124928832054138 
vn 0.9997690320014954 0.015101470053195953 0.0152922747656703 
vn 0.715124785900116 0.05286921188235283 -0.6969945430755615 
vn -0.0038081351667642593 0.06538315862417221 -0.9978529810905457 
vn 0.0038081351667642593 -0.06538315862417221 -0.9978529810905457 
vn 0.7160804867744446 -0.0377805195748806 -0.6969945430755615 
vn 7.920697924585982e-14 -0.2549481689929962 -0.9669547080993652 
vn 0.7254518270492554 -0.16474978625774384 -0.6682642698287964 
vn 0.009447853080928326 -0.4967535138130188 -0.8678402304649353 
vn 0.7282339930534363 -0.32974258065223694 -0.6007870435714722 
vn 0.011334748938679695 -0.7046946287155151 -0.7094202041625977 
vn 0.7283122539520264 -0.47784724831581116 -0.4911448359489441 
vn 0.01322116982191801 -0.8644641637802124 -0.5025205612182617 
vn 0.7307589054107666 -0.5868993997573853 -0.34862664341926575 
vn 0.9991703629493713 0.037746138870716095 0.0152922747656703 
vn 0.6810821890830994 0.6370958685874939 0.36088213324546814 
vn -0.015088744461536407 0.8644335865974426 0.5025205612182617 
vn -0.6988385319709778 0.6175668239593506 0.36088213324546814 
vn -0.6984633803367615 0.49814480543136597 0.5138099193572998 
vn -0.6981265544891357 0.3493613302707672 0.6249527335166931 
vn -0.694398045539856 0.1789133995771408 0.6969945430755615 
vn -0.7008599042892456 0.03390049934387207 0.7124928832054138 
vn -6.321893929303515e-15 0.06113334000110626 0.9981296062469482 
vn 0.6996971368789673 0.052704960107803345 0.7124928832054138 
vn 0.9997690320014954 0.015101470053195953 0.0152922747656703 
vn 0.9992066025733948 0.022641615942120552 0.03276457265019417 
vn 0.9991406798362732 0.0301908478140831 0.028397228568792343 
vn 0.9989986419677734 0.03773965314030647 0.024029340595006943 
vn 0.6828141212463379 0.5193883180618286 0.5138099193572998 
vn -0.009429657831788063 0.7047227025032043 0.7094202041625977 
vn -0.009402327239513397 0.49675437808036804 0.8678402304649353 
vn 0.6877032518386841 0.36945679783821106 0.6249527335166931 
vn 0.6904852986335754 0.19346490502357483 0.6969945430755615 
vn -0.005639985669404268 0.25488579273223877 0.9669547080993652 
vn -0.999997615814209 -2.0682260971124217e-13 0.002184694167226553 
vn -0.999997615814209 -2.0682260971124217e-13 0.002184694167226553 
vn -0.999997615814209 -2.0682260971124217e-13 0.002184694167226553 
vn -0.7071051001548767 -0.7071051001548767 0.002184694167226553 
vn -0.7071051001548767 -0.7071051001548767 0.002184694167226553 
vn -0.7071051001548767 -0.7071051001548767 0.002184694167226553 
vn 0.052812617272138596 0.9788792133331299 -0.1975002884864807 
vn -1.0341130485562108e-13 0.999997615814209 -0.002184694167226553 
vn -1.0341130485562108e-13 0.999997615814209 -0.002184694167226553 
vn 0.995884358882904 -0.07544256746768951 -0.05022686347365379 
vn 0.999997615814209 0 0.002184694167226553 
vn 0.999997615814209 0 0.002184694167226553 
vn -1.0341130485562108e-13 0.999997615814209 0.002184694167226553 
vn -1.0341130485562108e-13 0.999997615814209 0.002184694167226553 
vn -1.0341130485562108e-13 0.999997615814209 0.002184694167226553 
vn -1.0341130485562108e-13 0.999997615814209 0.002184694167226553 
vn -1.0341130485562108e-13 0.999997615814209 0.002184694167226553 
vn -1.0341130485562108e-13 0.999997615814209 0.002184694167226553 
vn 0.4713956117630005 -0.8819191455841064 0.002184694167226553 
vn 0.8596616387367249 -0.5108591318130493 -0.002184694167226553 
vn 0.4713956117630005 -0.8819191455841064 -0.002184694167226553 
vn 0.8596616387367249 -0.5108591318130493 -0.002184694167226553 
vn 0.8596616387367249 0.5108591318130493 -0.002184694167226553 
vn 0.8596616387367249 0.5108591318130493 -0.002184694167226553 
vn -1.0341130485562108e-13 0.999997615814209 0.002184694167226553 
vn -1.0341130485562108e-13 0.999997615814209 -0.002184694167226553 
vn -0.8596616387367249 0.5108591318130493 -0.002184694167226553 
vn -0.8596616387367249 0.5108591318130493 0.002184694167226553 
vn -0.9005840420722961 -0.037745654582977295 -0.43303996324539185 
vn -0.8596616387367249 -0.5108591318130493 0.002184694167226553 
vn -0.4713956117630005 -0.8819191455841064 0.002184694167226553 
vn -0.4713956117630005 0.8819191455841064 0.002184694167226553 
vn -0.8596616387367249 0.5108591318130493 0.002184694167226553 
vn -0.4713956117630005 0.8819191455841064 0.002184694167226553 
vn -0.8596616387367249 0.5108591318130493 0.002184694167226553 
vn -0.8596616387367249 -0.5108591318130493 0.002184694167226553 
vn -0.8596616387367249 -0.5108591318130493 0.002184694167226553 
vn 3.097898456858039e-13 -0.999997615814209 0.002184694167226553 
vn 3.097898456858039e-13 -0.999997615814209 0.002184694167226553 
vn 0.8596616387367249 -0.5108591318130493 0.002184694167226553 
vn 0.8596616387367249 -0.5108591318130493 0.002184694167226553 
vn 0.9005840420722961 0.037745654582977295 -0.43303996324539185 
vn 0.8596616387367249 0.5108591318130493 0.002184694167226553 
vn 0.4713956117630005 0.8819191455841064 0.002184694167226553 
vn 3.097898456858039e-13 -0.999997615814209 -0.002184694167226553 
vn 3.097898456858039e-13 -0.999997615814209 -0.002184694167226553 
vn 3.097898456858039e-13 -0.999997615814209 -0.002184694167226553 
vn 3.097898456858039e-13 -0.999997615814209 -0.002184694167226553 
vn 3.097898456858039e-13 -0.999997615814209 0.002184694167226553 
vn 3.097898456858039e-13 -0.999997615814209 0.002184694167226553 
vn 0.4792986214160919 0.7168959975242615 -0.5062933564186096 
vn 0.4713956117630005 0.8819191455841064 0.002184694167226553 
vn 0.4713956117630005 0.8819191455841064 0.002184694167226553 
vn -0.4824351370334625 -0.7147890329360962 -0.5062933564186096 
vn -0.4713956117630005 -0.8819191455841064 0.002184694167226553 
vn -0.4713956117630005 -0.8819191455841064 0.002184694167226553 
vn 0.999997615814209 0 0.002184694167226553 
vn 0.999997615814209 0 0.002184694167226553 
vn 0.999997615814209 0 0.002184694167226553 
vn 0.999997615814209 0 0.002184694167226553 
vn 0.999997615814209 0 0.002184694167226553 
vn 0.999997615814209 0 0.002184694167226553 
vn 0.9567021131515503 0.01510461326688528 -0.29067665338516235 
vn 0.9459576606750488 0.015105800703167915 -0.3239381015300751 
vn 0.7887510657310486 0.007554909680038691 -0.6146662831306458 
vn 0.812307596206665 0.007550334557890892 -0.5831804275512695 
vn -1.0341130485562108e-13 0.999997615814209 0.002184694167226553 
vn -1.0341130485562108e-13 0.999997615814209 0.002184694167226553 
vn -1.0341130485562108e-13 0.999997615814209 0.002184694167226553 
vn -1.0341130485562108e-13 0.999997615814209 0.002184694167226553 
vn -1.0341130485562108e-13 0.999997615814209 0.002184694167226553 
vn 0.7761058807373047 -0.6282352805137634 0.05459024757146835 
vn 0.9476797580718994 -0.31903570890426636 0.010923261754214764 
vn 0.9741641283035278 -0.22455914318561554 -0.024029340595006943 
vn 0.999997615814209 0 0.002184694167226553 
vn 0.999997615814209 0 0.002184694167226553 
vn 0.0013502120273187757 0.0041555254720151424 0.9999904632568359 
vn 0.0013502120273187757 0.0041555254720151424 0.9999904632568359 
vn 0.0013502120273187757 0.0041555254720151424 0.9999904632568359 
vn 0.0013502120273187757 0.0041555254720151424 0.9999904632568359 
vn 0.0013502120273187757 0.0041555254720151424 0.9999904632568359 
vn 0.00376924779266119 0.707868754863739 0.7063339352607727 
vn 0.00376924779266119 0.707868754863739 0.7063339352607727 
vn 0.00376924779266119 0.707868754863739 0.7063339352607727 
vn 0.00376924779266119 0.707868754863739 0.7063339352607727 
vn 0.5006305575370789 0 -0.865661084651947 
vn 0.8667527437210083 0 -0.4987381398677826 
vn 0.5006305575370789 0 -0.865661084651947 
vn 0.8667527437210083 0 -0.4987381398677826 
vn 0.8667527437210083 0 0.4987381398677826 
vn 0.8667527437210083 0 0.4987381398677826 
vn 0 0 1 
vn 0 0 1 
vn -0.8667527437210083 -1.7926449441627718e-13 0.4987381398677826 
vn -0.8667527437210083 -1.7926449441627718e-13 0.4987381398677826 
vn -0.8667445182800293 0.0037766648456454277 -0.4987381398677826 
vn -0.8667445182800293 0.0037766648456454277 -0.4987381398677826 
vn -0.5006305575370789 -1.0354196476993274e-13 -0.865661084651947 
vn -0.5006305575370789 -1.0354196476993274e-13 -0.865661084651947 
vn 0.7534953951835632 -0.6574495434761047 -0.002184694167226553 
vn 0.9086549282073975 -0.38250967860221863 -0.16742929816246033 
vn 0.7777328491210938 -0.6285000443458557 0.010923261754214764 
vn -1.0341130485562108e-13 0.999997615814209 0.002184694167226553 
vn -1.0341130485562108e-13 0.999997615814209 0.002184694167226553 
vn -1.0341130485562108e-13 0.999997615814209 0.002184694167226553 
vn 0.0013502120273187757 0.0041555254720151424 0.9999904632568359 
vn 0.0013502120273187757 0.0041555254720151424 0.9999904632568359 
vn 0.0013502120273187757 0.0041555254720151424 0.9999904632568359 
vn -0.9998644590377808 0.015102911740541458 0.006554040592163801 
vn -0.9998835325241089 0.015103200450539589 0.002184694167226553 
vn -0.9999118447303772 0.007551383227109909 0.010923261754214764 
vn -0.999854564666748 0.007550950627774 0.0152922747656703 
vn -0.9998644590377808 0.015102911740541458 0.006554040592163801 
vn -0.9566274285316467 -0.05277860909700394 0.2864931523799896 
vn -0.9998835325241089 0.015103200450539589 0.002184694167226553 
vn -0.9449958205223083 -0.045244552195072174 0.3239381015300751 
vn -0.7941284775733948 -1.6424412014898887e-13 0.607749879360199 
vn -0.788345456123352 0.02639741078019142 0.6146662831306458 
vn 3.097898456858039e-13 -0.999997615814209 0.002184694167226553 
vn 3.097898456858039e-13 -0.999997615814209 -0.002184694167226553 
vn 3.097898456858039e-13 -0.999997615814209 -0.002184694167226553 
vn 3.097898456858039e-13 -0.999997615814209 -0.002184694167226553 
vn 3.0978390967890956e-13 -0.9999785423278809 -0.006554040592163801 
vn -0.9998830556869507 -2.0679891989377336e-13 -0.0152922747656703 
vn -0.9701054692268372 0.23910951614379883 -0.04149730131030083 
vn -0.9469199180603027 0.31877991557121277 -0.04149730131030083 
vn -0.7841525673866272 0.6163733005523682 -0.07203252613544464 
vn -0.002184688812121749 -0.0037839922588318586 -0.9999904632568359 
vn -2.0682311115474694e-13 0 -1 
vn -0.002184688812121749 -0.0037839922588318586 -0.9999904632568359 
vn -0.002184688812121749 0.0037839922588318586 -0.9999904632568359 
vn -0.002184688812121749 -0.0037839922588318586 -0.9999904632568359 
vn 0.0018878303235396743 -0.7078762650489807 -0.7063339352607727 
vn 0.0018878303235396743 -0.7078762650489807 -0.7063339352607727 
vn 0.0018878303235396743 -0.7078762650489807 -0.7063339352607727 
vn -0.7631933689117432 0.6458710432052612 0.01966099627315998 
vn -0.5107128620147705 0.8594154715538025 0.024029340595006943 
vn -0.7582940459251404 0.651616096496582 0.01966099627315998 
vn 3.097898456858039e-13 -0.999997615814209 -0.002184694167226553 
vn 3.097898456858039e-13 -0.999997615814209 -0.002184694167226553 
vn 3.097898456858039e-13 -0.999997615814209 -0.002184694167226553 
vn -0.9997782111167908 0.007550373673439026 0.01966099627315998 
vn -0.9999118447303772 0.007551383227109909 0.010923261754214764 
vn -0.999854564666748 0.007550950627774 0.0152922747656703 
vn -0.002184688812121749 -0.0037839922588318586 -0.9999904632568359 
vn -0.002184688812121749 -0.0037839922588318586 -0.9999904632568359 
vn -0.002184688812121749 -0.0037839922588318586 -0.9999904632568359 
vn 0.0018878303235396743 -0.7078762650489807 -0.7063339352607727 
vn 0.0018878303235396743 -0.7078762650489807 -0.7063339352607727 
vn 0.0018878303235396743 -0.7078762650489807 -0.7063339352607727 
vn 0.0075516714714467525 -0.9999499917030334 -0.006554040592163801 
vn -0.01510031707584858 -0.9996926784515381 0.01966099627315998 
vn 3.097898456858039e-13 -0.999997615814209 0.002184694167226553 
vn 0.02265242673456669 -0.9996837377548218 0.010923261754214764 
vn 0.0018875868991017342 -0.9529271721839905 -0.30319350957870483 
vn 0.0018875868991017342 -0.9529271721839905 -0.30319350957870483 
vn 0.009437786415219307 -0.9528822898864746 -0.30319350957870483 
vn 0.0018875868991017342 -0.9529271721839905 -0.30319350957870483 
vn -0.999997615814209 -2.0682260971124217e-13 -0.002184694167226553 
vn -0.999997615814209 -2.0682260971124217e-13 -0.002184694167226553 
vn -0.999997615814209 -2.0682260971124217e-13 -0.002184694167226553 
vn -0.999997615814209 -2.0682260971124217e-13 -0.002184694167226553 
vn -0.999997615814209 -2.0682260971124217e-13 -0.002184694167226553 
vn -0.999997615814209 -2.0682260971124217e-13 0.002184694167226553 
vn -0.049457911401987076 -0.035933274775743484 -0.9981296062469482 
vn -0.036653295159339905 0.043353721499443054 -0.9983872175216675 
vn -0.002184688812121749 -0.0037839922588318586 -0.9999904632568359 
vn -0.002184688812121749 -0.0037839922588318586 -0.9999904632568359 
vn 0.29377731680870056 0.15943643450737 -0.9424833655357361 
vn -0.0038889264687895775 0.01703849993646145 -0.9998472929000854 
vn -0.15610642731189728 0.29556024074554443 -0.9424833655357361 
vn 0.0205277930945158 0.007471505552530289 -0.9997613430023193 
vn -0.6459203362464905 -0.7632516026496887 0.0152922747656703 
vn -0.6517031788825989 -0.7583954334259033 -0.010923261754214764 
vn -0.6459203362464905 -0.7632516026496887 0.0152922747656703 
vn -0.6226088404655457 -0.7824569940567017 0.010923261754214764 
vn 0.0018878303235396743 -0.7078762650489807 -0.7063339352607727 
vn 0.0018878303235396743 -0.7078762650489807 -0.7063339352607727 
vn 0.0018878303235396743 -0.7078762650489807 -0.7063339352607727 
vn 0.0018878303235396743 -0.7078762650489807 -0.7063339352607727 
vn -0.999997615814209 -2.0682260971124217e-13 -0.002184694167226553 
vn -0.999997615814209 -2.0682260971124217e-13 -0.002184694167226553 
vn -0.999997615814209 -2.0682260971124217e-13 -0.002184694167226553 
vn -0.999997615814209 -2.0682260971124217e-13 0.002184694167226553 
vn 3.0977209187522947e-13 -0.9999403357505798 -0.010923261754214764 
vn 3.097898456858039e-13 -0.999997615814209 -0.002184694167226553 
vn -0.0075516714714467525 -0.9999499917030334 -0.006554040592163801 
vn 3.097898456858039e-13 -0.999997615814209 -0.002184694167226553 
vn -0.999997615814209 -2.0682260971124217e-13 0.002184694167226553 
vn -0.999997615814209 -2.0682260971124217e-13 0.002184694167226553 
vn -0.999997615814209 -2.0682260971124217e-13 0.002184694167226553 
vn -0.999997615814209 -2.0682260971124217e-13 0.002184694167226553 
vn -0.999997615814209 -2.0682260971124217e-13 0.002184694167226553 
vn -0.999997615814209 -2.0682260971124217e-13 0.002184694167226553 
vn -0.999997615814209 -2.0682260971124217e-13 0.002184694167226553 
vn -0.999997615814209 -2.0682260971124217e-13 0.002184694167226553 
vn -0.6094716787338257 0.0037765998858958483 -0.7927988767623901 
vn -0.608910083770752 0.02642808109521866 -0.7927988767623901 
vn -0.6093780398368835 -0.011329219676554203 -0.7927988767623901 
vn -0.5777942538261414 0.007563740946352482 -0.8161473870277405 
vn 0.007570859044790268 -0.2842985689640045 -0.9587059020996094 
vn 0.007570859044790268 -0.2842985689640045 -0.9587059020996094 
vn 0.007570859044790268 -0.2842985689640045 -0.9587059020996094 
vn 0.007570859044790268 -0.2842985689640045 -0.9587059020996094 
vn -1.0341130485562108e-13 0.999997615814209 0.002184694167226553 
vn 0.0018857949180528522 0.9088032245635986 0.417220801115036 
vn 0.0018857949180528522 0.9088032245635986 0.417220801115036 
vn 0.003754435107111931 0.3465578556060791 0.9380210638046265 
vn 0.003754435107111931 0.3465578556060791 0.9380210638046265 
vn 0 0 1 
vn 0 0 1 
vn -2.0682311115474694e-13 0 -1 
vn -2.0682311115474694e-13 0 -1 
vn -2.0682311115474694e-13 0 -1 
vn -2.0682311115474694e-13 0 -1 
vn -0.999997615814209 -2.0682260971124217e-13 -0.002184694167226553 
vn -0.999997615814209 -2.0682260971124217e-13 -0.002184694167226553 
vn -0.999997615814209 -2.0682260971124217e-13 0.002184694167226553 
vn -0.999997615814209 -2.0682260971124217e-13 0.002184694167226553 
vn -0.999997615814209 -2.0682260971124217e-13 0.002184694167226553 
vn 3.097898456858039e-13 -0.999997615814209 -0.002184694167226553 
vn 3.097898456858039e-13 -0.999997615814209 -0.002184694167226553 
vn 3.097898456858039e-13 -0.999997615814209 -0.002184694167226553 
vn 3.097898456858039e-13 -0.999997615814209 -0.002184694167226553 
vn 0.0018857949180528522 0.9088032245635986 0.417220801115036 
vn -1.0341130485562108e-13 0.999997615814209 0.002184694167226553 
vn -1.0341130485562108e-13 0.999997615814209 0.002184694167226553 
vn -1.0341130485562108e-13 0.999997615814209 0.002184694167226553 
vn -1.0341130485562108e-13 0.999997615814209 0.002184694167226553 
vn -1.0341130485562108e-13 0.999997615814209 0.002184694167226553 
vn -1.0341130485562108e-13 0.999997615814209 0.002184694167226553 
vn -1.0341130485562108e-13 0.999997615814209 0.002184694167226553 
vn -1.0341130485562108e-13 0.999997615814209 0.002184694167226553 
vn 0.0018892384832724929 -0.8815972208976746 -0.4719987213611603 
vn 0.0018892384832724929 -0.8815972208976746 -0.4719987213611603 
vn 0.0037752932403236628 -0.5119205117225647 -0.8590245246887207 
vn 0.0037752932403236628 -0.5119205117225647 -0.8590245246887207 
vn 0.0037752932403236628 0.5119205117225647 -0.8590245246887207 
vn 0.0037752932403236628 0.5119205117225647 -0.8590245246887207 
vn -1.0341130485562108e-13 0.999997615814209 0.002184694167226553 
vn -1.0341130485562108e-13 0.999997615814209 0.002184694167226553 
vn -0.0018832386704161763 0.5119310021400452 0.8590245246887207 
vn -0.0018832386704161763 0.5119310021400452 0.8590245246887207 
vn -0.0018832386704161763 -0.5119310021400452 0.8590245246887207 
vn -0.0018832386704161763 -0.5119310021400452 0.8590245246887207 
vn 0.0037733204662799835 -0.8815911412239075 0.4719987213611603 
vn 0.0018892384832724929 -0.8815972208976746 -0.4719987213611603 
vn 0.0037752932403236628 -0.5119205117225647 -0.8590245246887207 
vn 0.0018892384832724929 -0.8815972208976746 -0.4719987213611603 
vn 0.0037752932403236628 -0.5119205117225647 -0.8590245246887207 
vn 0.0037752932403236628 0.5119205117225647 -0.8590245246887207 
vn 0.0037752932403236628 0.5119205117225647 -0.8590245246887207 
vn -1.0341130485562108e-13 0.999997615814209 0.002184694167226553 
vn -1.0341130485562108e-13 0.999997615814209 0.002184694167226553 
vn -0.0018832386704161763 0.5119310021400452 0.8590245246887207 
vn -0.0018832386704161763 0.5119310021400452 0.8590245246887207 
vn -0.0018832386704161763 -0.5119310021400452 0.8590245246887207 
vn -0.0018832386704161763 -0.5119310021400452 0.8590245246887207 
vn -0.0037733204662799835 -0.8815911412239075 0.4719987213611603 
vn 3.097898456858039e-13 -0.999997615814209 0.002184694167226553 
vn 3.097898456858039e-13 -0.999997615814209 -0.002184694167226553 
vn 3.097898456858039e-13 -0.999997615814209 -0.002184694167226553 
vn 3.097898456858039e-13 -0.999997615814209 -0.002184694167226553 
vn 3.097898456858039e-13 -0.999997615814209 -0.002184694167226553 
vn 3.097898456858039e-13 -0.999997615814209 -0.002184694167226553 
vn -0.0018832386704161763 -0.5119310021400452 0.8590245246887207 
vn -0.0037733204662799835 -0.8815911412239075 0.4719987213611603 
vn -0.0037733204662799835 -0.8815911412239075 0.4719987213611603 
vn -0.0018832386704161763 -0.5119310021400452 0.8590245246887207 
vn 0.0037733204662799835 -0.8815911412239075 0.4719987213611603 
vn 0.0037733204662799835 -0.8815911412239075 0.4719987213611603 
vn 0.8667527437210083 0 -0.4987381398677826 
vn 0.8667527437210083 0 -0.4987381398677826 
vn 0.5006305575370789 0 -0.865661084651947 
vn 0.5006305575370789 0 -0.865661084651947 
vn -0.5006305575370789 -1.0354196476993274e-13 -0.865661084651947 
vn -0.5006305575370789 -1.0354196476993274e-13 -0.865661084651947 
vn -0.999997615814209 -2.0682260971124217e-13 -0.002184694167226553 
vn -0.999997615814209 -2.0682260971124217e-13 0.002184694167226553 
vn -0.5006305575370789 -1.0354196476993274e-13 0.865661084651947 
vn -0.5006305575370789 -1.0354196476993274e-13 0.865661084651947 
vn 0.5006305575370789 0 0.865661084651947 
vn 0.5006305575370789 0 0.865661084651947 
vn 0.8667527437210083 0 0.4987381398677826 
vn 0.8667527437210083 0 0.4987381398677826 
vn 0.022653724998235703 -0.9997409582138062 -0.002184694167226553 
vn 0.030207086354494095 -0.9083030223846436 -0.417220801115036 
vn 0.028300119563937187 -0.9065318703651428 -0.42118772864341736 
vn 0.030206279829144478 -0.3452593684196472 -0.9380210638046265 
vn 0.030206279829144478 -0.3452593684196472 -0.9380210638046265 
vn -2.0682311115474694e-13 0 -1 
vn -2.0682311115474694e-13 0 -1 
vn 0 0 1 
vn 0 0 1 
vn 0 0 1 
vn 0 0 1 
vn 0.999997615814209 0 0.002184694167226553 
vn 0.999997615814209 0 0.002184694167226553 
vn 0.999997615814209 0 0.002184694167226553 
vn 0.999997615814209 0 0.002184694167226553 
vn 0.999997615814209 0 0.002184694167226553 
vn -1.0341130485562108e-13 0.999997615814209 0.002184694167226553 
vn -1.0341130485562108e-13 0.999997615814209 0.002184694167226553 
vn -1.0341130485562108e-13 0.999997615814209 0.002184694167226553 
vn -0.013200109824538231 -0.9087092876434326 0.417220801115036 
vn 3.097898456858039e-13 -0.999997615814209 -0.002184694167226553 
vn 3.097898456858039e-13 -0.999997615814209 -0.002184694167226553 
vn -1.0341130485562108e-13 0.999997615814209 0.002184694167226553 
vn -1.0341130485562108e-13 0.999997615814209 0.002184694167226553 
vn -1.0341130485562108e-13 0.999997615814209 0.002184694167226553 
vn 0.999997615814209 0 0.002184694167226553 
vn 0.999997615814209 0 0.002184694167226553 
vn 0.999997615814209 0 0.002184694167226553 
vn 0.999997615814209 0 -0.002184694167226553 
vn 0.999997615814209 0 0.002184694167226553 
vn 0.999997615814209 0 -0.002184694167226553 
vn 0.999997615814209 0 -0.002184694167226553 
vn 0.999997615814209 0 -0.002184694167226553 
vn 0.999997615814209 0 0.002184694167226553 
vn 0.999997615814209 0 -0.002184694167226553 
vn 0.999997615814209 0 -0.002184694167226553 
vn 0.999997615814209 0 -0.002184694167226553 
vn 0.999997615814209 0 0.002184694167226553 
vn 0.999997615814209 0 0.002184694167226553 
vn 0.999997615814209 0 0.002184694167226553 
vn 0.999997615814209 0 0.002184694167226553 
vn 0.999997615814209 0 -0.002184694167226553 
vn 0.999997615814209 0 -0.002184694167226553 
vn -1.0341130485562108e-13 0.999997615814209 0.002184694167226553 
vn -9.340733752877944e-14 0.903258204460144 0.42909738421440125 
vn 0.0018857949180528522 0.9088032245635986 0.417220801115036 
vn 0.003754435107111931 0.3465578556060791 0.9380210638046265 
vn 0.003754435107111931 0.3465578556060791 0.9380210638046265 
vn 0 0 1 
vn 0 0 1 
vn -2.0682311115474694e-13 0 -1 
vn -2.0682311115474694e-13 0 -1 
vn -2.0682311115474694e-13 0 -1 
vn -2.0682311115474694e-13 0 -1 
vn 0.999997615814209 0 0.002184694167226553 
vn 0.999997615814209 0 -0.002184694167226553 
vn 0.999997615814209 0 -0.002184694167226553 
vn 0.999997615814209 0 -0.002184694167226553 
vn 0.999997615814209 0 0.002184694167226553 
vn 3.097898456858039e-13 -0.999997615814209 -0.002184694167226553 
vn 3.097898456858039e-13 -0.999997615814209 -0.002184694167226553 
vn 3.097898456858039e-13 -0.999997615814209 -0.002184694167226553 
vn 0.009428812190890312 0.9087562561035156 0.417220801115036 
vn -1.0341130485562108e-13 0.999997615814209 0.002184694167226553 
vn -1.0341130485562108e-13 0.999997615814209 0.002184694167226553 
vn -1.0341130485562108e-13 0.999997615814209 0.002184694167226553 
vn -1.0341130485562108e-13 0.999997615814209 0.002184694167226553 
vn -1.0341130485562108e-13 0.999997615814209 0.002184694167226553 
vn -1.0341130485562108e-13 0.999997615814209 0.002184694167226553 
vn -1.0341130485562108e-13 0.999997615814209 0.002184694167226553 
vn -1.0341130485562108e-13 0.999997615814209 0.002184694167226553 
vn 0.0018892384832724929 -0.8815972208976746 -0.4719987213611603 
vn 0.0018892384832724929 -0.8815972208976746 -0.4719987213611603 
vn 0.0037752932403236628 -0.5119205117225647 -0.8590245246887207 
vn 0.0037752932403236628 -0.5119205117225647 -0.8590245246887207 
vn 0.0037752932403236628 0.5119205117225647 -0.8590245246887207 
vn 0.0037752932403236628 0.5119205117225647 -0.8590245246887207 
vn -1.0341130485562108e-13 0.999997615814209 0.002184694167226553 
vn -1.0341130485562108e-13 0.999997615814209 0.002184694167226553 
vn -0.0018832386704161763 0.5119310021400452 0.8590245246887207 
vn -0.0018832386704161763 0.5119310021400452 0.8590245246887207 
vn -0.4330384135246277 -0.04135015606880188 0.9004265069961548 
vn -0.0018832386704161763 -0.5119310021400452 0.8590245246887207 
vn 0.0037733204662799835 -0.8815911412239075 0.4719987213611603 
vn 0.0018892384832724929 -0.8815972208976746 -0.4719987213611603 
vn -0.0037752932403236628 -0.5119205117225647 -0.8590245246887207 
vn 0.0018892384832724929 -0.8815972208976746 -0.4719987213611603 
vn 0.0037752932403236628 -0.5119205117225647 -0.8590245246887207 
vn -0.0037752932403236628 0.5119205117225647 -0.8590245246887207 
vn 0.0037752932403236628 0.5119205117225647 -0.8590245246887207 
vn -1.0341130485562108e-13 0.999997615814209 0.002184694167226553 
vn -1.0341130485562108e-13 0.999997615814209 0.002184694167226553 
vn -0.0018832386704161763 0.5119310021400452 0.8590245246887207 
vn -0.0018832386704161763 0.5119310021400452 0.8590245246887207 
vn -0.4330384135246277 -0.04135015606880188 0.9004265069961548 
vn -0.0018832386704161763 -0.5119310021400452 0.8590245246887207 
vn 0.0037733204662799835 -0.8815911412239075 0.4719987213611603 
vn 3.097898456858039e-13 -0.999997615814209 0.002184694167226553 
vn 3.097898456858039e-13 -0.999997615814209 0.002184694167226553 
vn 3.097898456858039e-13 -0.999997615814209 0.002184694167226553 
vn 3.097898456858039e-13 -0.999997615814209 0.002184694167226553 
vn 3.097898456858039e-13 -0.999997615814209 0.002184694167226553 
vn 3.097898456858039e-13 -0.999997615814209 0.002184694167226553 
vn -0.5043942928314209 -0.7179756164550781 0.4796847105026245 
vn 0.0037733204662799835 -0.8815911412239075 0.4719987213611603 
vn 0.0037733204662799835 -0.8815911412239075 0.4719987213611603 
vn -0.5043942928314209 -0.7179756164550781 0.4796847105026245 
vn 0.0037733204662799835 -0.8815911412239075 0.4719987213611603 
vn 0.0037733204662799835 -0.8815911412239075 0.4719987213611603 
vn -0.8667445182800293 -0.0037766648456454277 -0.4987381398677826 
vn -0.8667445182800293 -0.0037766648456454277 -0.4987381398677826 
vn -0.5006305575370789 -1.0354196476993274e-13 -0.865661084651947 
vn -0.5006305575370789 -1.0354196476993274e-13 -0.865661084651947 
vn 0.5006305575370789 0 -0.865661084651947 
vn 0.5006305575370789 0 -0.865661084651947 
vn 0.999997615814209 0 -0.002184694167226553 
vn 0.999997615814209 0 0.002184694167226553 
vn 0.5006305575370789 0 0.865661084651947 
vn 0.5006305575370789 0 0.865661084651947 
vn -0.5006305575370789 -1.0354196476993274e-13 0.865661084651947 
vn -0.5006305575370789 -1.0354196476993274e-13 0.865661084651947 
vn -0.8667527437210083 -1.7926449441627718e-13 0.4987381398677826 
vn -0.8667527437210083 -1.7926449441627718e-13 0.4987381398677826 
vn 3.097898456858039e-13 -0.999997615814209 -0.002184694167226553 
vn 3.097898456858039e-13 -0.999997615814209 -0.002184694167226553 
vn 3.097898456858039e-13 -0.999997615814209 -0.002184694167226553 
vn -0.022653724998235703 -0.9997409582138062 -0.002184694167226553 
vn -0.028317414224147797 -0.9046814441680908 -0.42514660954475403 
vn -0.030207086354494095 -0.9083030223846436 -0.417220801115036 
vn -0.030206279829144478 -0.3452593684196472 -0.9380210638046265 
vn -0.030206279829144478 -0.3452593684196472 -0.9380210638046265 
vn 2.0682311115474694e-13 4.2775797696334704e-26 -1 
vn -2.0682311115474694e-13 0 -1 
vn 0 0 1 
vn 0 0 1 
vn 0 0 1 
vn 0 0 1 
vn -0.999997615814209 -2.0682260971124217e-13 0.002184694167226553 
vn -0.999997615814209 -2.0682260971124217e-13 0.002184694167226553 
vn -0.999997615814209 -2.0682260971124217e-13 0.002184694167226553 
vn -0.999997615814209 -2.0682260971124217e-13 0.002184694167226553 
vn -0.999997615814209 -2.0682260971124217e-13 0.002184694167226553 
vn -1.0341130485562108e-13 0.999997615814209 0.002184694167226553 
vn -1.0341130485562108e-13 0.999997615814209 0.002184694167226553 
vn -1.0341130485562108e-13 0.999997615814209 0.002184694167226553 
vn 0.0018857949180528522 -0.9088032245635986 0.417220801115036 
vn 3.097898456858039e-13 -0.999997615814209 -0.002184694167226553 
vn 3.097898456858039e-13 -0.999997615814209 -0.002184694167226553 
vn -1.0341130485562108e-13 0.999997615814209 0.002184694167226553 
vn -1.0341130485562108e-13 0.999997615814209 0.002184694167226553 
vn -1.0341130485562108e-13 0.999997615814209 0.002184694167226553 
vn -0.999997615814209 -2.0682260971124217e-13 0.002184694167226553 
vn -0.999997615814209 -2.0682260971124217e-13 0.002184694167226553 
vn -0.999997615814209 -2.0682260971124217e-13 0.002184694167226553 
vn -0.999997615814209 -2.0682260971124217e-13 0.002184694167226553 
vn -0.999997615814209 -2.0682260971124217e-13 0.002184694167226553 
vn -0.999997615814209 -2.0682260971124217e-13 0.002184694167226553 
vn -0.999997615814209 -2.0682260971124217e-13 0.002184694167226553 
vn -0.999997615814209 -2.0682260971124217e-13 0.002184694167226553 
vn -0.999997615814209 -2.0682260971124217e-13 0.002184694167226553 
vn -0.999997615814209 -2.0682260971124217e-13 0.002184694167226553 
vn -0.999997615814209 -2.0682260971124217e-13 0.002184694167226553 
vn -0.999997615814209 -2.0682260971124217e-13 0.002184694167226553 
vn -0.999997615814209 -2.0682260971124217e-13 -0.002184694167226553 
vn -0.999997615814209 -2.0682260971124217e-13 0.002184694167226553 
vn -0.999997615814209 -2.0682260971124217e-13 -0.002184694167226553 
vn -0.999997615814209 -2.0682260971124217e-13 0.002184694167226553 
vn -0.999997615814209 -2.0682260971124217e-13 -0.002184694167226553 
vn -0.999997615814209 -2.0682260971124217e-13 -0.002184694167226553 
vn -1.0341130485562108e-13 0.999997615814209 0.002184694167226553 
vn -1.0341130485562108e-13 0.999997615814209 0.002184694167226553 
vn -1.0341130485562108e-13 0.999997615814209 0.002184694167226553 
vn -1.0341130485562108e-13 0.999997615814209 0.002184694167226553 
vn -1.0341130485562108e-13 0.999997615814209 0.002184694167226553 
vn -1.0341130485562108e-13 0.999997615814209 0.002184694167226553 
vn -0.4713956117630005 -0.8819191455841064 0.002184694167226553 
vn -0.8596616387367249 -0.5108591318130493 0.002184694167226553 
vn -0.9005840420722961 -0.037745654582977295 -0.43303996324539185 
vn -0.8596616387367249 0.5108591318130493 -0.002184694167226553 
vn -0.8596616387367249 0.5108591318130493 0.002184694167226553 
vn -1.0341130485562108e-13 0.999997615814209 -0.002184694167226553 
vn -1.0341130485562108e-13 0.999997615814209 0.002184694167226553 
vn 0.8596616387367249 0.5108591318130493 0.002184694167226553 
vn 0.8596616387367249 0.5108591318130493 -0.002184694167226553 
vn 0.8596616387367249 -0.5108591318130493 0.002184694167226553 
vn 0.8596616387367249 -0.5108591318130493 0.002184694167226553 
vn 0.4713956117630005 -0.8819191455841064 0.002184694167226553 
vn 0.4713956117630005 -0.8819191455841064 -0.002184694167226553 
vn 0.4713956117630005 0.8819191455841064 0.002184694167226553 
vn 0.9005840420722961 0.037745654582977295 -0.43303996324539185 
vn 0.8596616387367249 0.5108591318130493 0.002184694167226553 
vn 0.8596616387367249 -0.5108591318130493 0.002184694167226553 
vn 0.8596616387367249 -0.5108591318130493 0.002184694167226553 
vn 3.097898456858039e-13 -0.999997615814209 0.002184694167226553 
vn 3.097898456858039e-13 -0.999997615814209 0.002184694167226553 
vn -0.8596616387367249 -0.5108591318130493 0.002184694167226553 
vn -0.8596616387367249 -0.5108591318130493 0.002184694167226553 
vn -0.8596616387367249 0.5108591318130493 0.002184694167226553 
vn -0.8596616387367249 0.5108591318130493 0.002184694167226553 
vn -0.4713956117630005 0.8819191455841064 0.002184694167226553 
vn -0.4713956117630005 0.8819191455841064 0.002184694167226553 
vn 3.097898456858039e-13 -0.999997615814209 0.002184694167226553 
vn 3.097898456858039e-13 -0.999997615814209 0.002184694167226553 
vn 3.097898456858039e-13 -0.999997615814209 0.002184694167226553 
vn 3.097898456858039e-13 -0.999997615814209 0.002184694167226553 
vn 3.097898456858039e-13 -0.999997615814209 0.002184694167226553 
vn 3.097898456858039e-13 -0.999997615814209 0.002184694167226553 
vn -0.4824351370334625 -0.7147890329360962 -0.5062933564186096 
vn -0.4713956117630005 -0.8819191455841064 0.002184694167226553 
vn -0.4713956117630005 -0.8819191455841064 0.002184694167226553 
vn 0.4792986214160919 0.7168959975242615 -0.5062933564186096 
vn 0.4713956117630005 0.8819191455841064 -0.002184694167226553 
vn 0.4713956117630005 0.8819191455841064 -0.002184694167226553 
vn -0.999997615814209 -2.0682260971124217e-13 0.002184694167226553 
vn -0.999997615814209 -2.0682260971124217e-13 0.002184694167226553 
vn -0.999997615814209 -2.0682260971124217e-13 0.002184694167226553 
vn -0.999997615814209 -2.0682260971124217e-13 0.002184694167226553 
vn -0.7871033549308777 0.08298119902610779 -0.6112139225006104 
vn -0.965255618095398 -0.003776407800614834 -0.2612801790237427 
vn -0.9528617262840271 0.011325262486934662 -0.30319350957870483 
vn -0.999997615814209 -2.0682260971124217e-13 0.002184694167226553 
vn -0.999997615814209 -2.0682260971124217e-13 0.002184694167226553 
vn -1.0341130485562108e-13 0.999997615814209 0.002184694167226553 
vn -1.0341130485562108e-13 0.999997615814209 0.002184694167226553 
vn -1.0341130485562108e-13 0.999997615814209 0.002184694167226553 
vn -1.0341130485562108e-13 0.999997615814209 0.002184694167226553 
vn -1.0341130485562108e-13 0.999997615814209 0.002184694167226553 
vn -0.999997615814209 -2.0682260971124217e-13 0.002184694167226553 
vn -0.999997615814209 -2.0682260971124217e-13 0.002184694167226553 
vn -0.9452434182167053 -0.3261833190917969 0.010923261754214764 
vn -0.9349604845046997 -0.354583740234375 0.010923261754214764 
vn -0.7534810304641724 -0.6574370265007019 0.006554040592163801 
vn -0.7681517601013184 -0.6401746273040771 0.010923261754214764 
vn 0.0013502120273187757 0.0041555254720151424 0.9999904632568359 
vn 0.0013502120273187757 0.0041555254720151424 0.9999904632568359 
vn 0.0013502120273187757 0.0041555254720151424 0.9999904632568359 
vn 0.0013502120273187757 0.0041555254720151424 0.9999904632568359 
vn 0.0013502120273187757 0.0041555254720151424 0.9999904632568359 
vn 0.00376924779266119 0.707868754863739 0.7063339352607727 
vn 0.00376924779266119 0.707868754863739 0.7063339352607727 
vn 0.00376924779266119 0.707868754863739 0.7063339352607727 
vn 0.00376924779266119 0.707868754863739 0.7063339352607727 
vn -0.5006305575370789 -1.0354196476993274e-13 -0.865661084651947 
vn -0.8667445182800293 0.0037766648456454277 -0.4987381398677826 
vn -0.5006305575370789 -1.0354196476993274e-13 -0.865661084651947 
vn -0.8667445182800293 0.0037766648456454277 -0.4987381398677826 
vn -0.8667527437210083 -1.7926449441627718e-13 0.4987381398677826 
vn -0.8667527437210083 -1.7926449441627718e-13 0.4987381398677826 
vn 0 0 1 
vn 0 0 1 
vn 0.8667527437210083 0 0.4987381398677826 
vn 0.8667527437210083 0 0.4987381398677826 
vn 0.8667527437210083 0 -0.4987381398677826 
vn 0.8667527437210083 0 -0.4987381398677826 
vn 0.5006305575370789 0 -0.865661084651947 
vn 0.5006305575370789 0 -0.865661084651947 
vn 0.0013502120273187757 0.0041555254720151424 0.9999904632568359 
vn 0.0013502120273187757 0.0041555254720151424 0.9999904632568359 
vn 0.0013502120273187757 0.0041555254720151424 0.9999904632568359 
vn -1.0341130485562108e-13 0.999997615814209 0.002184694167226553 
vn -1.0341130485562108e-13 0.999997615814209 0.002184694167226553 
vn -1.0341130485562108e-13 0.999997615814209 0.002184694167226553 
vn -0.7554894089698792 -1.5625266922350556e-13 -0.6551609039306641 
vn -0.7940925359725952 0.007559971418231726 -0.607749879360199 
vn -0.920035183429718 -0.13176070153713226 -0.3690181374549866 
vn 0.9998644590377808 0.015102911740541458 0.006554040592163801 
vn 0.9998835325241089 0.015103200450539589 0.002184694167226553 
vn 0.9999118447303772 0.007551383227109909 0.010923261754214764 
vn 0.999854564666748 0.007550950627774 0.0152922747656703 
vn 0.9998644590377808 0.015102911740541458 0.006554040592163801 
vn 0.9527810215950012 -0.052831754088401794 0.2990269064903259 
vn 0.9998835325241089 0.015103200450539589 0.002184694167226553 
vn 0.9614952206611633 -0.05278206244111061 0.26970529556274414 
vn 0.7934044003486633 -0.09779772907495499 0.6007870435714722 
vn 3.097898456858039e-13 -0.999997615814209 -0.002184694167226553 
vn 3.097898456858039e-13 -0.999997615814209 0.002184694167226553 
vn 3.097898456858039e-13 -0.999997615814209 -0.002184694167226553 
vn 3.097898456858039e-13 -0.999997615814209 -0.002184694167226553 
vn 3.097898456858039e-13 -0.999997615814209 -0.002184694167226553 
vn 0.9997782111167908 0.007550373673439026 0.01966099627315998 
vn 0.999854564666748 0.007550950627774 0.0152922747656703 
vn 0.9999118447303772 0.007551383227109909 0.010923261754214764 
vn -0.002184688812121749 -0.0037839922588318586 -0.9999904632568359 
vn 2.0682311115474694e-13 4.2775797696334704e-26 -1 
vn -0.002184688812121749 -0.0037839922588318586 -0.9999904632568359 
vn -0.002184688812121749 -0.0037839922588318586 -0.9999904632568359 
vn -0.002184688812121749 0.0037839922588318586 -0.9999904632568359 
vn 0.0018878303235396743 -0.7078762650489807 -0.7063339352607727 
vn 0.0018878303235396743 -0.7078762650489807 -0.7063339352607727 
vn 0.0018878303235396743 -0.7078762650489807 -0.7063339352607727 
vn 0.0018878303235396743 -0.7078762650489807 -0.7063339352607727 
vn -0.002184688812121749 -0.0037839922588318586 -0.9999904632568359 
vn -0.002184688812121749 -0.0037839922588318586 -0.9999904632568359 
vn -0.002184688812121749 -0.0037839922588318586 -0.9999904632568359 
vn 3.0978390967890956e-13 -0.9999785423278809 -0.006554040592163801 
vn 3.0978390967890956e-13 -0.9999785423278809 -0.006554040592163801 
vn 3.0978390967890956e-13 -0.9999785423278809 -0.006554040592163801 
vn 0.7690297365188599 0.0301680751144886 0.6385006904602051 
vn 0.7690297365188599 0.0301680751144886 0.6385006904602051 
vn 0.5300976037979126 0.022569162771105766 0.8476362228393555 
vn 2.8588435329983397e-13 -0.9228310585021973 -0.3852050006389618 
vn 0.0018878303235396743 -0.7078762650489807 -0.7063339352607727 
vn 2.8588435329983397e-13 -0.9228310585021973 -0.3852050006389618 
vn 0.0018878303235396743 -0.7078762650489807 -0.7063339352607727 
vn 0.6629945039749146 -0.7483660578727722 0.01966099627315998 
vn 0.6574370265007019 -0.7534810304641724 -0.006554040592163801 
vn 0.6574495434761047 -0.7534953951835632 0.002184694167226553 
vn 0.6401746273040771 -0.7681517601013184 0.010923261754214764 
vn -0.009440403431653976 -0.29679134488105774 -0.9548956751823425 
vn -0.001888386206701398 -0.29693543910980225 -0.9548956751823425 
vn -0.001888386206701398 -0.29693543910980225 -0.9548956751823425 
vn -0.001888386206701398 -0.29693543910980225 -0.9548956751823425 
vn 0.999997615814209 0 0.002184694167226553 
vn 0.999997615814209 0 0.002184694167226553 
vn 0.999997615814209 0 0.002184694167226553 
vn 0.999997615814209 0 0.002184694167226553 
vn 0.999997615814209 0 0.002184694167226553 
vn 0.999997615814209 0 0.002184694167226553 
vn 0.999997615814209 0 0.002184694167226553 
vn 0.999997615814209 0 0.002184694167226553 
vn 0.9444855451583862 0.32592180371284485 -0.04149730131030083 
vn 0.7534810304641724 0.6574370265007019 -0.006554040592163801 
vn 0.5620460510253906 0.20724903047084808 -0.8007197380065918 
vn 0.5294691324234009 0.48808613419532776 -0.6938546895980835 
vn 0.0038889264687895775 0.01703849993646145 -0.9998472929000854 
vn -0.0019445375073701143 -0.00851957593113184 -0.999961793422699 
vn -0.002184688812121749 -0.0037839922588318586 -0.9999904632568359 
vn 0.017476677894592285 0 -0.9998472929000854 
vn 0.999997615814209 0 0.002184694167226553 
vn 0.999997615814209 0 -0.002184694167226553 
vn 0.999997615814209 0 0.002184694167226553 
vn 0.999997615814209 0 -0.002184694167226553 
vn 0.999997615814209 0 0.002184694167226553 
vn 0.999997615814209 0 0.002184694167226553 
vn -0.007549224887043238 -0.9515652060508728 -0.30735430121421814 
vn -0.007549224887043238 -0.9515652060508728 -0.30735430121421814 
vn -0.007549224887043238 -0.9515652060508728 -0.30735430121421814 
vn -0.007549224887043238 -0.9515652060508728 -0.30735430121421814 
vn -0.2900703251361847 -0.9464823603630066 0.1415284425020218 
vn 0.01510031707584858 -0.9996926784515381 0.01966099627315998 
vn 0.13718794286251068 -0.9469353556632996 0.29067665338516235 
vn -0.030201226472854614 -0.999484121799469 0.010923261754214764 
vn 0.6397787928581238 0.02267780900001526 -0.7682244777679443 
vn 0.6466929316520691 -0.01510792039334774 -0.762600839138031 
vn 0.6360992193222046 0.030243773013353348 -0.7710143327713013 
vn 0.6059663891792297 0.007554755080491304 -0.7954543828964233 
vn 0.999997615814209 0 0.002184694167226553 
vn 0.999997615814209 0 -0.002184694167226553 
vn 0.999997615814209 0 -0.002184694167226553 
vn 0.999997615814209 0 -0.002184694167226553 
vn 0.03773533180356026 -0.9988842010498047 -0.028397228568792343 
vn 0.0301908478140831 -0.9991406798362732 0.028397228568792343 
vn 2.8588435329983397e-13 -0.9228310585021973 -0.3852050006389618 
vn 2.8588435329983397e-13 -0.9228310585021973 -0.3852050006389618 
vt 0.08283187448978424 0.14157943427562714 
vt 0.08283187448978424 0.0013841099571436644 
vt 0.16574157774448395 0.14157943427562714 
vt 0.16574157774448395 0.0013841099571436644 
vt 0.06846572458744049 0.0013841099571436644 
vt 0.06846572458744049 0.25233492255210876 
vt 0.0013831299729645252 0.0013841099571436644 
vt 0.0013831299729645252 0.2829618453979492 
vt 0.22186695039272308 0.2829618453979492 
vt 0.22186695039272308 0.25233492255210876 
vt 0.37514641880989075 0.25233492255210876 
vt 0.4423507750034332 0.2829618453979492 
vt 0.4423507750034332 0.0013841099571436644 
vt 0.37514641880989075 0.0013841099571436644 
vt 0.06810048967599869 0.30290496349334717 
vt 0.09731976687908173 0.30290496349334717 
vt 0.06810048967599869 0.32925838232040405 
vt 0.0775967538356781 0.3913431763648987 
vt 0.06810048967599869 0.46173760294914246 
vt 0.0775967538356781 0.46173760294914246 
vt 0.0775967538356781 0.5320133566856384 
vt 0.06810048967599869 0.5940981507301331 
vt 0.037298496812582016 0.46173760294914246 
vt 0.037298496812582016 0.3291396498680115 
vt 0.019888674840331078 0.3913431763648987 
vt 0.012949095107614994 0.3291396498680115 
vt 0.012949095107614994 0.3913431763648987 
vt 0.10474633425474167 0.3103836476802826 
vt 0.10474633425474167 0.3824400007724762 
vt 0.09585880488157272 0.3913431763648987 
vt 0.019888674840331078 0.46173760294914246 
vt 0.019888674840331078 0.5320133566856384 
vt 0.037298496812582016 0.5942168831825256 
vt 0.012949095107614994 0.5942168831825256 
vt 0.012949095107614994 0.5320133566856384 
vt 0.06810048967599869 0.6204515695571899 
vt 0.09731976687908173 0.6204515695571899 
vt 0.10474633425474167 0.6129728555679321 
vt 0.10474633425474167 0.5409165024757385 
vt 0.09585880488157272 0.5320133566856384 
vt 0.6741570234298706 0.010287284851074219 
vt 0.6831663250923157 0.0013841099571436644 
vt 0.6741570234298706 0.028449762612581253 
vt 0.7551187872886658 0.0013841099571436644 
vt 0.7626671195030212 0.008862776681780815 
vt 0.7571884989738464 0.03794648125767708 
vt 0.6741570234298706 0.03794648125767708 
vt 0.6039090156555176 0.028449762612581253 
vt 0.6039090156555176 0.05147930979728699 
vt 0.5335392951965332 0.03794648125767708 
vt 0.5335392951965332 0.05147930979728699 
vt 0.6741570234298706 0.05147930979728699 
vt 0.5335392951965332 0.028449762612581253 
vt 0.4505078196525574 0.03794648125767708 
vt 0.44502919912338257 0.008862776681780815 
vt 0.4505078196525574 0.17196893692016602 
vt 0.44502919912338257 0.3002933859825134 
vt 0.45257750153541565 0.0013841099571436644 
vt 0.5246517062187195 0.0013841099571436644 
vt 0.5335392951965332 0.010287284851074219 
vt 0.7571884989738464 0.17196893692016602 
vt 0.7626671195030212 0.3002933859825134 
vt 0.7571884989738464 0.3002933859825134 
vt 0.453064501285553 0.3647523522377014 
vt 0.453064501285553 0.38303354382514954 
vt 0.5242865085601807 0.3647523522377014 
vt 0.5242865085601807 0.38303354382514954 
vt 0.453064501285553 0.39561671018600464 
vt 0.5242865085601807 0.39561671018600464 
vt 0.453064501285553 0.46767306327819824 
vt 0.5242865085601807 0.46767306327819824 
vt 0.453064501285553 0.47811946272850037 
vt 0.5242865085601807 0.47811946272850037 
vt 0.49981534481048584 0.5073218941688538 
vt 0.5242865085601807 0.5073218941688538 
vt 0.4753442108631134 0.5073218941688538 
vt 0.453064501285553 0.7696687579154968 
vt 0.5520448088645935 0.574867308139801 
vt 0.5520448088645935 0.49188968539237976 
vt 0.590273380279541 0.574867308139801 
vt 0.590273380279541 0.49188968539237976 
vt 0.7142118215560913 0.12579114735126495 
vt 0.7518316507339478 0.12579114735126495 
vt 0.7142118215560913 0.3641588091850281 
vt 0.7518316507339478 0.40725019574165344 
vt 0.5966042280197144 0.40725019574165344 
vt 0.5966042280197144 0.3641588091850281 
vt 0.6932713389396667 0.04874899983406067 
vt 0.7070287466049194 0.04874899983406067 
vt 0.6932713389396667 0.04103291779756546 
vt 0.7112898826599121 0.04103291779756546 
vt 0.7112898826599121 0.06643664091825485 
vt 0.7070287466049194 0.06643664091825485 
vt 0.2823752164840698 0.1710192710161209 
vt 0.11509482562541962 0.1710192710161209 
vt 0.2823752164840698 0.17636117339134216 
vt 0.11509482562541962 0.23808985948562622 
vt 0.3535971939563751 0.23808985948562622 
vt 0.30465489625930786 0.17636117339134216 
vt 0.3535971939563751 0.15024518966674805 
vt 0.3291260600090027 0.15012648701667786 
vt 0.8947626352310181 0.8683159351348877 
vt 0.8947626352310181 0.8129975199699402 
vt 0.8986585140228271 0.8683159351348877 
vt 0.8986585140228271 0.8129975199699402 
vt 0.8986585140228271 0.7300199270248413 
vt 0.8947626352310181 0.6596255302429199 
vt 0.8986585140228271 0.6596255302429199 
vt 0.8986585140228271 0.5892310738563538 
vt 0.8947626352310181 0.5062534809112549 
vt 0.8986585140228271 0.5062534809112549 
vt 0.8986585140228271 0.45093509554862976 
vt 0.8947626352310181 0.45093509554862976 
vt 0.8519076704978943 0.8129975199699402 
vt 0.8519076704978943 0.6596255302429199 
vt 0.8715089559555054 0.8129975199699402 
vt 0.8715089559555054 0.6596255302429199 
vt 0.8715089559555054 0.5062534809112549 
vt 0.8519076704978943 0.5062534809112549 
vt 0.3938954472541809 0.7154187560081482 
vt 0.3938954472541809 0.7271709442138672 
vt 0.4244539439678192 0.7154187560081482 
vt 0.43699389696121216 0.7271709442138672 
vt 0.43699389696121216 0.6601003408432007 
vt 0.4244539439678192 0.6601003408432007 
vt 0.43699389696121216 0.5771227478981018 
vt 0.4244539439678192 0.5771227478981018 
vt 0.4244539439678192 0.5067283511161804 
vt 0.4502643048763275 0.5067283511161804 
vt 0.43699389696121216 0.43633389472961426 
vt 0.4502643048763275 0.43633389472961426 
vt 0.4502643048763275 0.5771227478981018 
vt 0.4244539439678192 0.43633389472961426 
vt 0.4244539439678192 0.3533563017845154 
vt 0.43699389696121216 0.3533563017845154 
vt 0.4244539439678192 0.29803788661956787 
vt 0.43699389696121216 0.2862856984138489 
vt 0.3938954472541809 0.2862856984138489 
vt 0.3938954472541809 0.29803788661956787 
vt 0.8761353492736816 0.2937643826007843 
vt 0.8737003803253174 0.2937643826007843 
vt 0.8750395774841309 0.2588639259338379 
vt 0.8723611831665039 0.30516043305397034 
vt 0.765345573425293 0.30516043305397034 
vt 0.765345573425293 0.15333163738250732 
vt 0.8891622424125671 0.15333163738250732 
vt 0.8750395774841309 0.04768062010407448 
vt 0.8891622424125671 0.04768062010407448 
vt 0.8891622424125671 0.2588639259338379 
vt 0.765345573425293 0.0013841099571436644 
vt 0.8723611831665039 0.0013841099571436644 
vt 0.8734568953514099 0.009456321597099304 
vt 0.8761353492736816 0.009575030766427517 
vt 0.22137996554374695 0.4565144181251526 
vt 0.19690881669521332 0.4565144181251526 
vt 0.22856302559375763 0.4864290952682495 
vt 0.19690881669521332 0.7188612818717957 
vt 0.22137996554374695 0.7188612818717957 
vt 0.24597285687923431 0.5322507619857788 
vt 0.24597285687923431 0.7667010426521301 
vt 0.22856302559375763 0.8099111318588257 
vt 0.25303417444229126 0.8099111318588257 
vt 0.25303417444229126 0.7667010426521301 
vt 0.25303417444229126 0.4864290952682495 
vt 0.25303417444229126 0.5322507619857788 
vt 0.22137996554374695 0.8430309295654297 
vt 0.22856302559375763 0.8430309295654297 
vt 0.7115333676338196 0.0756959468126297 
vt 0.7115333676338196 0.20829389989376068 
vt 0.7042285799980164 0.0756959468126297 
vt 0.7042285799980164 0.20829389989376068 
vt 0.45330798625946045 0.20829389989376068 
vt 0.7042285799980164 0.34089183807373047 
vt 0.45330798625946045 0.36154720187187195 
vt 0.7042285799980164 0.36154720187187195 
vt 0.7115333676338196 0.34089183807373047 
vt 0.45330798625946045 0.054921869188547134 
vt 0.7042285799980164 0.054921869188547134 
vt 0.9685413241386414 0.7789280414581299 
vt 0.9685413241386414 0.8965686559677124 
vt 0.9014586806297302 0.7789280414581299 
vt 0.9014586806297302 0.8965686559677124 
vt 0.9777940511703491 0.34979501366615295 
vt 0.9777940511703491 0.3300893306732178 
vt 0.9982475638389587 0.34979501366615295 
vt 0.9982475638389587 0.3191680908203125 
vt 0.7484227418899536 0.0902971476316452 
vt 0.7484227418899536 0.12092407047748566 
vt 0.7445268034934998 0.0902971476316452 
vt 0.7445268034934998 0.12092407047748566 
vt 0.9675673246383667 0.3890877068042755 
vt 0.9981257915496826 0.3890877068042755 
vt 0.9675673246383667 0.44440609216690063 
vt 0.9981257915496826 0.44440609216690063 
vt 0.9924036860466003 0.14609038829803467 
vt 0.9701240062713623 0.14620909094810486 
vt 0.9701240062713623 0.14074847102165222 
vt 0.8918406963348389 0.0013841099571436644 
vt 0.8918406963348389 0.2637310028076172 
vt 0.9278777837753296 0.0013841099571436644 
vt 0.9278777837753296 0.2637310028076172 
vt 0.38939082622528076 0.8550205230712891 
vt 0.38939082622528076 0.7846260666847229 
vt 0.3181688189506531 0.8550205230712891 
vt 0.3181688189506531 0.7846260666847229 
vt 0.3181688189506531 0.7142316699028015 
vt 0.38939082622528076 0.7142316699028015 
vt 0.670017659664154 0.023938819766044617 
vt 0.670017659664154 0.02370140142738819 
vt 0.6555297374725342 0.023938819766044617 
vt 0.8889187574386597 0.5036419034004211 
vt 0.8644475936889648 0.5036419034004211 
vt 0.8644475936889648 0.47740718722343445 
vt 0.8400982022285461 0.47740718722343445 
vt 0.8400982022285461 0.5036419034004211 
vt 0.30684635043144226 0.5130199193954468 
vt 0.30684635043144226 0.44915446639060974 
vt 0.39547815918922424 0.48595425486564636 
vt 0.40168726444244385 0.44915446639060974 
vt 0.4030264914035797 0.477525919675827 
vt 0.4030264914035797 0.44915446639060974 
vt 0.4030264914035797 0.4388267695903778 
vt 0.30684635043144226 0.4388267695903778 
vt 0.4030264914035797 0.4070127606391907 
vt 0.30684635043144226 0.4070127606391907 
vt 0.30684635043144226 0.37508004903793335 
vt 0.4030264914035797 0.37508004903793335 
vt 0.40168726444244385 0.3647523522377014 
vt 0.4030264914035797 0.3647523522377014 
vt 0.4030264914035797 0.33638089895248413 
vt 0.39547815918922424 0.3279525637626648 
vt 0.30684635043144226 0.3647523522377014 
vt 0.30684635043144226 0.30088692903518677 
vt 0.39547815918922424 0.30088692903518677 
vt 0.008687949739396572 0.9737295508384705 
vt 0.04058566316962242 0.9737295508384705 
vt 0.0013831299729645252 0.9663695693016052 
vt 0.04058566316962242 0.9026228189468384 
vt 0.0013831299729645252 0.9026228189468384 
vt 0.0724833756685257 0.9737295508384705 
vt 0.0797882005572319 0.9663695693016052 
vt 0.0797882005572319 0.9026228189468384 
vt 0.9617234468460083 0.45200347900390625 
vt 0.9617234468460083 0.38979995250701904 
vt 0.9546621441841125 0.45200347900390625 
vt 0.9373740553855896 0.38979995250701904 
vt 0.9546621441841125 0.5223979353904724 
vt 0.9373740553855896 0.5223979353904724 
vt 0.9373740553855896 0.654995858669281 
vt 0.9546621441841125 0.5927923321723938 
vt 0.9617234468460083 0.654995858669281 
vt 0.9617234468460083 0.5927923321723938 
vt 0.9345738887786865 0.654995858669281 
vt 0.9014586806297302 0.654995858669281 
vt 0.9345738887786865 0.5223979353904724 
vt 0.9014586806297302 0.5223979353904724 
vt 0.9014586806297302 0.38979995250701904 
vt 0.9345738887786865 0.38979995250701904 
vt 0.19410863518714905 0.4565144181251526 
vt 0.1074247658252716 0.4565144181251526 
vt 0.19410863518714905 0.7074652314186096 
vt 0.1074247658252716 0.7074652314186096 
vt 0.2557125985622406 0.8433870673179626 
vt 0.268496036529541 0.8433870673179626 
vt 0.2558343708515167 0.7951911687850952 
vt 0.268496036529541 0.7951911687850952 
vt 0.2829839289188385 0.8521715402603149 
vt 0.2829839289188385 0.7858131527900696 
vt 0.297471821308136 0.7951911687850952 
vt 0.297471821308136 0.7858131527900696 
vt 0.268496036529541 0.8521715402603149 
vt 0.268496036529541 0.7858131527900696 
vt 0.297471821308136 0.8521715402603149 
vt 0.29735007882118225 0.8433870673179626 
vt 0.31013351678848267 0.7951911687850952 
vt 0.31013351678848267 0.8433870673179626 
vt 0.14504459500312805 0.1515509933233261 
vt 0.14504459500312805 0.14454716444015503 
vt 0.08283187448978424 0.1515509933233261 
vt 0.08283187448978424 0.14454716444015503 
vt 0.5023720264434814 0.04103291779756546 
vt 0.5023720264434814 0.0504109263420105 
vt 0.5151554942131042 0.04103291779756546 
vt 0.5151554942131042 0.0504109263420105 
vt 0.36893731355667114 0.29328954219818115 
vt 0.36893731355667114 0.2862856984138489 
vt 0.30684635043144226 0.29328954219818115 
vt 0.30684635043144226 0.2862856984138489 
vt 0.6769572496414185 0.04103291779756546 
vt 0.6769572496414185 0.04981738328933716 
vt 0.6897406578063965 0.04103291779756546 
vt 0.6897406578063965 0.04981738328933716 
vt 0.0971980169415474 0.5254843235015869 
vt 0.0971980169415474 0.48215556144714355 
vt 0.09013669192790985 0.5254843235015869 
vt 0.09013669192790985 0.48215556144714355 
vt 0.0013831299729645252 0.4565144181251526 
vt 0.0013831299729645252 0.5022173523902893 
vt 0.00844445638358593 0.4565144181251526 
vt 0.00844445638358593 0.5022173523902893 
vt 0.10754651576280594 0.45212218165397644 
vt 0.12093868106603622 0.45212218165397644 
vt 0.10754651576280594 0.31192684173583984 
vt 0.12093868106603622 0.31192684173583984 
vt 0.5745680332183838 0.40333276987075806 
vt 0.584064245223999 0.39383605122566223 
vt 0.5745680332183838 0.3649897873401642 
vt 0.5839425325393677 0.37448650598526 
vt 0.453064501285553 0.7696687579154968 
vt 0.4753442108631134 0.7696687579154968 
vt 0.4753442108631134 0.5073218941688538 
vt 0.12970447540283203 0.4535467028617859 
vt 0.12970447540283203 0.31655651330947876 
vt 0.263747900724411 0.4535467028617859 
vt 0.263747900724411 0.3133513629436493 
vt 0.23672008514404297 0.2862856984138489 
vt 0.11899073421955109 0.2862856984138489 
vt 0.11497308313846588 0.2995811104774475 
vt 0.010148913599550724 0.2995811104774475 
vt 0.0013831299729645252 0.2862856984138489 
vt 0.0013831299729645252 0.4535467028617859 
vt 0.010148913599550724 0.4535467028617859 
vt 0.07625753432512283 0.8112168908119202 
vt 0.06931795924901962 0.8112168908119202 
vt 0.07625753432512283 0.8052814602851868 
vt 0.06931795924901962 0.8052814602851868 
vt 0.037176746875047684 0.8112168908119202 
vt 0.037176746875047684 0.8052814602851868 
vt 0.1066942885518074 0.8308038711547852 
vt 0.1066942885518074 0.8112168908119202 
vt 0.0706571713089943 0.8308038711547852 
vt 0.002478853100910783 0.8308038711547852 
vt 0.002478853100910783 0.8112168908119202 
vt 0.0706571713089943 0.8522902131080627 
vt 0.002478853100910783 0.8522902131080627 
vt 0.002478853100910783 0.8738952875137329 
vt 0.0706571713089943 0.8738952875137329 
vt 0.037176746875047684 0.8934822678565979 
vt 0.06931795924901962 0.8934822678565979 
vt 0.06931795924901962 0.8992989659309387 
vt 0.07625753432512283 0.8992989659309387 
vt 0.07625753432512283 0.8934822678565979 
vt 0.002478853100910783 0.8934822678565979 
vt 0.1066942885518074 0.8934822678565979 
vt 0.1066942885518074 0.8738952875137329 
vt 0.037176746875047684 0.8992989659309387 
vt 0.3571278750896454 0.234528586268425 
vt 0.356032133102417 0.11807505786418915 
vt 0.3571278750896454 0.0016215279465541244 
vt 0.33837881684303284 0.0013841099571436644 
vt 0.33740484714508057 0.11783763766288757 
vt 0.16854175925254822 0.13837429881095886 
vt 0.16854175925254822 0.0013841099571436644 
vt 0.1877777874469757 0.13837429881095886 
vt 0.1877777874469757 0.0013841099571436644 
vt 0.4781443774700165 0.664611279964447 
vt 0.4781443774700165 0.5106457471847534 
vt 0.49725866317749023 0.664611279964447 
vt 0.49725866317749023 0.5106457471847534 
vt 0.7444050908088684 0.4106927514076233 
vt 0.7444050908088684 0.4166281819343567 
vt 0.7249255776405334 0.4106927514076233 
vt 0.7249255776405334 0.4166281819343567 
vt 0.9943516850471497 0.1691199243068695 
vt 0.9513749480247498 0.1691199243068695 
vt 0.9943516850471497 0.14953294396400452 
vt 0.9513749480247498 0.14953294396400452 
vt 0.9305562376976013 0.16496510803699493 
vt 0.9305562376976013 0.12792789936065674 
vt 0.9513749480247498 0.12792789936065674 
vt 0.9513749480247498 0.10644157230854034 
vt 0.9305562376976013 0.09100940823554993 
vt 0.9513749480247498 0.08685459196567535 
vt 0.9943516850471497 0.10644157230854034 
vt 0.9943516850471497 0.08685459196567535 
vt 0.3977913558483124 0.8970435261726379 
vt 0.43480244278907776 0.898111879825592 
vt 0.3977913558483124 0.9400161504745483 
vt 0.43480244278907776 0.9400161504745483 
vt 0.3977913558483124 0.9612650871276855 
vt 0.5061461925506592 0.9612650871276855 
vt 0.47144830226898193 0.9400161504745483 
vt 0.5061461925506592 0.9400161504745483 
vt 0.47144830226898193 0.8928887248039246 
vt 0.5061461925506592 0.8928887248039246 
vt 0.5868644714355469 0.3649897873401642 
vt 0.5868644714355469 0.40238311886787415 
vt 0.5920995473861694 0.3695007264614105 
vt 0.5910038352012634 0.4065379202365875 
vt 0.18351663649082184 0.9720675945281982 
vt 0.18351663649082184 0.8636862635612488 
vt 0.14650554955005646 0.9720675945281982 
vt 0.14650554955005646 0.8636862635612488 
vt 0.10949446260929108 0.8636862635612488 
vt 0.10949446260929108 0.9720675945281982 
vt 0.8225666284561157 0.8554953932762146 
vt 0.7492749691009521 0.8554953932762146 
vt 0.8225666284561157 0.7873563766479492 
vt 0.7492749691009521 0.7873563766479492 
vt 0.7492749691009521 0.7190987467765808 
vt 0.8225666284561157 0.7190987467765808 
vt 0.39219099283218384 0.7726364731788635 
vt 0.39219099283218384 0.8458799123764038 
vt 0.4603693187236786 0.7726364731788635 
vt 0.4603693187236786 0.8458799123764038 
vt 0.5285476446151733 0.8458799123764038 
vt 0.5285476446151733 0.7726364731788635 
vt 0.8600647449493408 0.970761775970459 
vt 0.8600647449493408 0.8997738361358643 
vt 0.9070590734481812 0.970761775970459 
vt 0.9070590734481812 0.8997738361358643 
vt 0.9539316296577454 0.8997738361358643 
vt 0.9539316296577454 0.970761775970459 
vt 0.3949911892414093 0.8977557420730591 
vt 0.29199323058128357 0.8977557420730591 
vt 0.29199323058128357 0.9709992408752441 
vt 0.404000461101532 0.5711873173713684 
vt 0.41739264130592346 0.5711873173713684 
vt 0.404000461101532 0.6888279318809509 
vt 0.41739264130592346 0.6888279318809509 
vt 0.9305562376976013 0.08364944905042648 
vt 0.9305562376976013 0.0640624612569809 
vt 0.9777940511703491 0.08364944905042648 
vt 0.9986128211021423 0.07949463278055191 
vt 0.9986128211021423 0.0425761342048645 
vt 0.9305562376976013 0.0425761342048645 
vt 0.9305562376976013 0.02097109518945217 
vt 0.9986128211021423 0.005538925062865019 
vt 0.9777940511703491 0.0013841099571436644 
vt 0.9305562376976013 0.0013841099571436644 
vt 0.5313478112220764 0.8931261301040649 
vt 0.5313478112220764 0.8101485371589661 
vt 0.6489554047584534 0.8931261301040649 
vt 0.6489554047584534 0.8101485371589661 
vt 0.2557125985622406 0.7824893593788147 
vt 0.2557125985622406 0.6768383383750916 
vt 0.31549039483070374 0.7824893593788147 
vt 0.31549039483070374 0.6768383383750916 
vt 0.31549039483070374 0.5711873173713684 
vt 0.2557125985622406 0.5711873173713684 
vt 0.39547815918922424 0.5130199193954468 
vt 0.30684635043144226 0.5130199193954468 
vt 0.39547815918922424 0.48595425486564636 
vt 0.10438109189271927 0.6233005523681641 
vt 0.06517855823040009 0.6233005523681641 
vt 0.10438109189271927 0.6503661870956421 
vt 0.06517855823040009 0.6503661870956421 
vt 0.10438109189271927 0.6617622971534729 
vt 0.06517855823040009 0.6617622971534729 
vt 0.02585427649319172 0.6617622971534729 
vt 0.02585427649319172 0.6900150179862976 
vt 0.03328084573149681 0.6972562670707703 
vt 0.06517855823040009 0.6972562670707703 
vt 0.09707627445459366 0.6972562670707703 
vt 0.10438109189271927 0.6900150179862976 
vt 0.02585427649319172 0.6233005523681641 
vt 0.02585427649319172 0.6503661870956421 
vt 0.3181688189506531 0.5711873173713684 
vt 0.3181688189506531 0.7112639546394348 
vt 0.4012002646923065 0.5711873173713684 
vt 0.4012002646923065 0.7112639546394348 
vt 0.5269649028778076 0.7696687579154968 
vt 0.5981869101524353 0.7696687579154968 
vt 0.5269649028778076 0.7515062689781189 
vt 0.5981869101524353 0.7515062689781189 
vt 0.5269649028778076 0.7389231324195862 
vt 0.5981869101524353 0.7389231324195862 
vt 0.5269649028778076 0.6668667793273926 
vt 0.5981869101524353 0.6668667793273926 
vt 0.5269649028778076 0.6563016772270203 
vt 0.5981869101524353 0.6563016772270203 
vt 0.5737158060073853 0.6270992755889893 
vt 0.5981869101524353 0.6270992755889893 
vt 0.5492446422576904 0.6270992755889893 
vt 0.5269649028778076 0.3647523522377014 
vt 0.5492446422576904 0.3647523522377014 
vt 0.9574623107910156 0.45508989691734314 
vt 0.9574623107910156 0.5380675196647644 
vt 0.9956908822059631 0.45508989691734314 
vt 0.9956908822059631 0.5380675196647644 
vt 0.3040461838245392 0.2862856984138489 
vt 0.2665480971336365 0.2862856984138489 
vt 0.3040461838245392 0.5246533751487732 
vt 0.2665480971336365 0.5677447319030762 
vt 0.42165377736091614 0.5677447319030762 
vt 0.42165377736091614 0.5246533751487732 
vt 0.9765766263008118 0.13172659277915955 
vt 0.9903340339660645 0.13172659277915955 
vt 0.9765766263008118 0.13944268226623535 
vt 0.9945951700210571 0.13944268226623535 
vt 0.9945951700210571 0.11392024159431458 
vt 0.9903340339660645 0.11392024159431458 
vt 0.8163575530052185 0.5485138893127441 
vt 0.8163575530052185 0.7157748937606812 
vt 0.8108789324760437 0.5485138893127441 
vt 0.7492749691009521 0.7157748937606812 
vt 0.7492749691009521 0.47728848457336426 
vt 0.8108789324760437 0.5263153314590454 
vt 0.8370545506477356 0.47728848457336426 
vt 0.8372980356216431 0.5018612742424011 
vt 0.7148205637931824 0.7972092628479004 
vt 0.7221253514289856 0.7671758532524109 
vt 0.6903494000434875 0.7972092628479004 
vt 0.6903494000434875 0.5348623394966125 
vt 0.7148205637931824 0.5348623394966125 
vt 0.7394134402275085 0.7214729189872742 
vt 0.7394134402275085 0.48702263832092285 
vt 0.7221253514289856 0.4438125491142273 
vt 0.7464747428894043 0.4438125491142273 
vt 0.7464747428894043 0.48702263832092285 
vt 0.7464747428894043 0.7671758532524109 
vt 0.7464747428894043 0.7214729189872742 
vt 0.7148205637931824 0.4106927514076233 
vt 0.7221253514289856 0.4106927514076233 
vt 0.9014586806297302 0.6579635739326477 
vt 0.9014586806297302 0.7756041884422302 
vt 0.9685413241386414 0.6579635739326477 
vt 0.9685413241386414 0.7756041884422302 
vt 0.9541751742362976 0.1301833689212799 
vt 0.9737764000892639 0.1301833689212799 
vt 0.9541751742362976 0.10976542532444 
vt 0.9847336411476135 0.10976542532444 
vt 0.3640674352645874 0.21957124769687653 
vt 0.3640674352645874 0.2501981854438782 
vt 0.3680850863456726 0.21957124769687653 
vt 0.3680850863456726 0.2501981854438782 
vt 0.9645236730575562 0.6458552479743958 
vt 0.9950821399688721 0.6458552479743958 
vt 0.9645236730575562 0.590536892414093 
vt 0.9950821399688721 0.590536892414093 
vt 0.2633826732635498 0.30848428606987 
vt 0.2633826732635498 0.2862856984138489 
vt 0.257904052734375 0.2862856984138489 
vt 0.46377822756767273 0.8940758109092712 
vt 0.20141345262527466 0.8940758109092712 
vt 0.46377822756767273 0.8581069707870483 
vt 0.20141345262527466 0.8581069707870483 
vt 0.6011088490486145 0.024532364681363106 
vt 0.6011088490486145 0.02429494634270668 
vt 0.6157184839248657 0.02429494634270668 
vt 0.8191577196121216 0.645736575126648 
vt 0.8191577196121216 0.6701906323432922 
vt 0.8454551100730896 0.6701906323432922 
vt 0.8454551100730896 0.6946446895599365 
vt 0.8191577196121216 0.6946446895599365 
vt 0.4505078196525574 0.3002933859825134 
vt 0.4505078196525574 0.17196893692016602 
vt 0.44502919912338257 0.3002933859825134 
vt 0.6875492334365845 0.6615248322486877 
vt 0.6009870767593384 0.6615248322486877 
vt 0.6875492334365845 0.4106927514076233 
vt 0.6009870767593384 0.4106927514076233 
vt 0.10292012989521027 0.17161281406879425 
vt 0.10998145490884781 0.17161281406879425 
vt 0.10292012989521027 0.23381632566452026 
vt 0.10998145490884781 0.23381632566452026 
vt 0.530617356300354 0.04103291779756546 
vt 0.530617356300354 0.0504109263420105 
vt 0.5178338885307312 0.04103291779756546 
vt 0.5178338885307312 0.0504109263420105 
vt 0.4058266580104828 0.4439312517642975 
vt 0.4127662479877472 0.4439312517642975 
vt 0.4058266580104828 0.5061347484588623 
vt 0.4127662479877472 0.5061347484588623 
vt 0.3492143154144287 0.13754333555698395 
vt 0.3492143154144287 0.14644651114940643 
vt 0.3364308774471283 0.13754333555698395 
vt 0.3364308774471283 0.14644651114940643 
vt 0.08039693534374237 0.5254843235015869 
vt 0.08039693534374237 0.48215556144714355 
vt 0.08745826035737991 0.5254843235015869 
vt 0.08745826035737991 0.48215556144714355 
vt 0.26277393102645874 0.4565144181251526 
vt 0.26277393102645874 0.5022173523902893 
vt 0.2557125985622406 0.4565144181251526 
vt 0.2557125985622406 0.5022173523902893 
vt 0.4058266580104828 0.30088692903518677 
vt 0.41921883821487427 0.30088692903518677 
vt 0.4058266580104828 0.441082239151001 
vt 0.41921883821487427 0.441082239151001 
vt 0.5716460943222046 0.3939547836780548 
vt 0.5622715353965759 0.40333276987075806 
vt 0.5717678070068359 0.37448650598526 
vt 0.5622715353965759 0.3649897873401642 
vt 0.19958724081516266 0.0013841099571436644 
vt 0.33363068103790283 0.0013841099571436644 
vt 0.19958724081516266 0.13837429881095886 
vt 0.33363068103790283 0.14157943427562714 
vt 0.3066028654575348 0.16864508390426636 
vt 0.1888735145330429 0.16864508390426636 
vt 0.1848558634519577 0.15534968674182892 
vt 0.08003169298171997 0.15534968674182892 
vt 0.07126590609550476 0.16864508390426636 
vt 0.07126590609550476 0.0013841099571436644 
vt 0.08003169298171997 0.0013841099571436644 
vt 0.9982475638389587 0.08269977569580078 
vt 0.9971518516540527 0.19915330410003662 
vt 0.9982475638389587 0.31560683250427246 
vt 0.9794985055923462 0.31584423780441284 
vt 0.9785245656967163 0.1993907243013382 
vt 0.8488640189170837 0.6504849195480347 
vt 0.8488640189170837 0.5134947299957275 
vt 0.8296279907226562 0.6504849195480347 
vt 0.8296279907226562 0.5134947299957275 
vt 0.5192948579788208 0.664611279964447 
vt 0.5192948579788208 0.5106457471847534 
vt 0.5000588297843933 0.664611279964447 
vt 0.5000588297843933 0.5106457471847534 
vt 0.7444050908088684 0.42565008997917175 
vt 0.7444050908088684 0.41971462965011597 
vt 0.7249255776405334 0.42565008997917175 
vt 0.7249255776405334 0.41971462965011597 
vt 0.5089463591575623 0.9605528116226196 
vt 0.5459574460983276 0.9594844579696655 
vt 0.5089463591575623 0.9175801873207092 
vt 0.5459574460983276 0.9175801873207092 
vt 0.5089463591575623 0.896331250667572 
vt 0.6173012256622314 0.896331250667572 
vt 0.5826033353805542 0.9175801873207092 
vt 0.6173012256622314 0.9175801873207092 
vt 0.5826033353805542 0.9647076725959778 
vt 0.6173012256622314 0.9647076725959778 
vt 0.42165377736091614 0.442862868309021 
vt 0.42165377736091614 0.48013749718666077 
vt 0.4164186418056488 0.4473738372325897 
vt 0.4175143837928772 0.48429232835769653 
vt 0.28931477665901184 0.8977557420730591 
vt 0.28931477665901184 0.9709992408752441 
vt 0.1863168179988861 0.8977557420730591 
vt 0.1863168179988861 0.9709992408752441 
vt 0.9847336411476135 0.648941695690155 
vt 0.9847336411476135 0.7665823101997375 
vt 0.9713414907455444 0.648941695690155 
vt 0.9713414907455444 0.7665823101997375 
vt 0.6517556309700012 0.9277891516685486 
vt 0.6517556309700012 0.8101485371589661 
vt 0.7346653342247009 0.9277891516685486 
vt 0.7346653342247009 0.8101485371589661 
vt 0.6527295708656311 0.0013841099571436644 
vt 0.6527295708656311 0.02476978302001953 
vt 0.6237537860870361 0.0013841099571436644 
vt 0.6237537860870361 0.02476978302001953 
vt 0.7142118215560913 0.11926214396953583 
vt 0.7142118215560913 0.0902971476316452 
vt 0.7417266368865967 0.11926214396953583 
vt 0.7417266368865967 0.0902971476316452 
vt 0.5313478112220764 0.7726364731788635 
vt 0.5774899125099182 0.7960221767425537 
vt 0.5313478112220764 0.7960221767425537 
vt 0.5520448088645935 0.5780724287033081 
vt 0.5520448088645935 0.6069186925888062 
vt 0.5981869101524353 0.5780724287033081 
vt 0.5981869101524353 0.6069186925888062 
vt 0.100119948387146 0.17161281406879425 
vt 0.07126590609550476 0.17161281406879425 
vt 0.100119948387146 0.23215439915657043 
vt 0.07126590609550476 0.23215439915657043 
vt 0.8253668546676636 0.8157278299331665 
vt 0.8253668546676636 0.8391135334968567 
vt 0.8713871836662292 0.8157278299331665 
vt 0.8858751058578491 0.8391135334968567 
vt 0.08344060927629471 0.7613591551780701 
vt 0.06603078544139862 0.741178572177887 
vt 0.06152614951133728 0.7801151275634766 
vt 0.04411632567644119 0.7599346041679382 
vt 0.013192589394748211 0.723728358745575 
vt 0.04411632567644119 0.7599346041679382 
vt 0.035107050091028214 0.7049723267555237 
vt 0.06603078544139862 0.741178572177887 
vt 0.023906325921416283 0.6919143795967102 
vt 0.0019918649923056364 0.7106704115867615 
vt 0.013192589394748211 0.723728358745575 
vt 0.06152614951133728 0.7801151275634766 
vt 0.033767830580472946 0.8038569688796997 
vt 0.04411632567644119 0.7599346041679382 
vt 0.007957467809319496 0.790917694568634 
vt 0.006739997770637274 0.8081305027008057 
vt 0.08344060927629471 0.7613591551780701 
vt 0.06603078544139862 0.741178572177887 
vt 0.11107717454433441 0.7376173138618469 
vt 0.10218964517116547 0.7101955413818359 
vt 0.11935597658157349 0.7115013599395752 
vt 0.004670299123972654 0.614041268825531 
vt 0.0484992191195488 0.614041268825531 
vt 0.0022353590466082096 0.612260639667511 
vt 0.05166463926434517 0.612260639667511 
vt 0.0013831299729645252 0.6100051403045654 
vt 0.05336909741163254 0.6100051403045654 
vt 0.0013831299729645252 0.6015768051147461 
vt 0.05336909741163254 0.6015768051147461 
vt 0.05166463926434517 0.5993213653564453 
vt 0.0022353590466082096 0.5993213653564453 
vt 0.0484992191195488 0.5975407361984253 
vt 0.004670299123972654 0.5975407361984253 
vt 0.01611451618373394 0.30290496349334717 
vt 0.06006518378853798 0.30290496349334717 
vt 0.01367957703769207 0.30480432510375977 
vt 0.06323060393333435 0.30480432510375977 
vt 0.012949095107614994 0.30694106221199036 
vt 0.06481331586837769 0.30694106221199036 
vt 0.012949095107614994 0.31548812985420227 
vt 0.06481331586837769 0.31548812985420227 
vt 0.06323060393333435 0.31762489676475525 
vt 0.01367957703769207 0.31762489676475525 
vt 0.06006518378853798 0.31940552592277527 
vt 0.01611451618373394 0.31940552592277527 
vt 0.630936861038208 0.9491567611694336 
vt 0.6339805126190186 0.9491567611694336 
vt 0.630936861038208 0.9401348829269409 
vt 0.6339805126190186 0.9401348829269409 
vt 0.6339805126190186 0.9491567611694336 
vt 0.6779311895370483 0.9491567611694336 
vt 0.6339805126190186 0.9401348829269409 
vt 0.6779311895370483 0.9401348829269409 
vt 0.7461095452308655 0.9491567611694336 
vt 0.7484227418899536 0.9491567611694336 
vt 0.7461095452308655 0.9401348829269409 
vt 0.7484227418899536 0.9401348829269409 
vt 0.6991152167320251 0.9491567611694336 
vt 0.7430658340454102 0.9491567611694336 
vt 0.6991152167320251 0.9401348829269409 
vt 0.7430658340454102 0.9401348829269409 
vt 0.6815836429595947 0.9491567611694336 
vt 0.6842620372772217 0.9491567611694336 
vt 0.6815836429595947 0.9401348829269409 
vt 0.6842620372772217 0.9401348829269409 
vt 0.6954627633094788 0.9491567611694336 
vt 0.6991152167320251 0.9491567611694336 
vt 0.6954627633094788 0.9401348829269409 
vt 0.6991152167320251 0.9401348829269409 
vt 0.6842620372772217 0.9491567611694336 
vt 0.6927843689918518 0.9491567611694336 
vt 0.6842620372772217 0.9401348829269409 
vt 0.6927843689918518 0.9401348829269409 
vt 0.6201013922691345 0.9491567611694336 
vt 0.6286236643791199 0.9491567611694336 
vt 0.6201013922691345 0.9401348829269409 
vt 0.6286236643791199 0.9401348829269409 
vt 0.6779311895370483 0.9491567611694336 
vt 0.6815836429595947 0.9491567611694336 
vt 0.6779311895370483 0.9401348829269409 
vt 0.6815836429595947 0.9401348829269409 
vt 0.6286236643791199 0.9491567611694336 
vt 0.630936861038208 0.9491567611694336 
vt 0.6286236643791199 0.9401348829269409 
vt 0.630936861038208 0.9401348829269409 
vt 0.6927843689918518 0.9491567611694336 
vt 0.6954627633094788 0.9491567611694336 
vt 0.6927843689918518 0.9401348829269409 
vt 0.6954627633094788 0.9401348829269409 
vt 0.7430658340454102 0.9491567611694336 
vt 0.7461095452308655 0.9491567611694336 
vt 0.7430658340454102 0.9401348829269409 
vt 0.7461095452308655 0.9401348829269409 
vt 0.08514506369829178 0.8077743649482727 
vt 0.1070595234632492 0.7890183329582214 
vt 0.06152614951133728 0.7801151275634766 
vt 0.08344060927629471 0.7613591551780701 
vt 0.49957185983657837 0.05076705291867256 
vt 0.49957185983657837 0.04103291779756546 
vt 0.45330798625946045 0.05076705291867256 
vt 0.45330798625946045 0.04103291779756546 
vt 0.37015479803085327 0.21648481488227844 
vt 0.37015479803085327 0.170188307762146 
vt 0.3598062992095947 0.21648481488227844 
vt 0.3598062992095947 0.170188307762146 
vt 0.8887969851493835 0.0406767874956131 
vt 0.8789355158805847 0.03877744451165199 
vt 0.8784485459327698 0.0406767874956131 
vt 0.8784485459327698 0.26195037364959717 
vt 0.8886752724647522 0.26195037364959717 
vt 0.8789355158805847 0.2637310028076172 
vt 0.8886752724647522 0.30112433433532715 
vt 0.8789355158805847 0.30112433433532715 
vt 0.4451509416103363 0.0017402369994670153 
vt 0.4451509416103363 0.0022150729782879353 
vt 0.4468553960323334 0.0022150729782879353 
vt 0.7535361051559448 0.08721071481704712 
vt 0.7142118215560913 0.08721071481704712 
vt 0.7535361051559448 0.04103291779756546 
vt 0.7142118215560913 0.04103291779756546 
vt 0.9574623107910156 0.5412726402282715 
vt 0.9948386549949646 0.5412726402282715 
vt 0.9574623107910156 0.5875691771507263 
vt 0.9948386549949646 0.5875691771507263 
vt 0.8789355158805847 0.0013841099571436644 
vt 0.8887969851493835 0.0013841099571436644 
vt 0.8789355158805847 0.03877744451165199 
vt 0.8887969851493835 0.0406767874956131 
vt 0.448316365480423 0.3036172091960907 
vt 0.45002081990242004 0.3036172091960907 
vt 0.448316365480423 0.34991374611854553 
vt 0.45002081990242004 0.34991374611854553 
vt 0.5706720948219299 0.02488849125802517 
vt 0.5362176895141602 0.02488849125802517 
vt 0.5706720948219299 0.02429494634270668 
vt 0.5362176895141602 0.02429494634270668 
vt 0.19654357433319092 0.0031647449359297752 
vt 0.19617833197116852 0.0013841099571436644 
vt 0.19666531682014465 0.0013841099571436644 
vt 0.9809594750404358 0.19084367156028748 
vt 0.9801072478294373 0.19393010437488556 
vt 0.9820551872253418 0.19108109176158905 
vt 0.9813247323036194 0.19428624212741852 
vt 0.9830291867256165 0.19119979441165924 
vt 0.982785701751709 0.1945236474275589 
vt 0.9841248989105225 0.19131851196289062 
vt 0.9841248989105225 0.1945236474275589 
vt 0.9850988984107971 0.19119979441165924 
vt 0.9854641556739807 0.1945236474275589 
vt 0.9868033528327942 0.19428624212741852 
vt 0.9861946105957031 0.19108109176158905 
vt 0.9881425499916077 0.19393010437488556 
vt 0.9871686100959778 0.19084367156028748 
vt 0.9893600344657898 0.1934552788734436 
vt 0.9881425499916077 0.1904875487089157 
vt 0.9891165494918823 0.19001270830631256 
vt 0.9905775189399719 0.19286172091960907 
vt 0.9899687767028809 0.1895378679037094 
vt 0.991795003414154 0.19214947521686554 
vt 0.9799855351448059 0.1904875487089157 
vt 0.9787680506706238 0.1934552788734436 
vt 0.9791333079338074 0.19001270830631256 
vt 0.9775505661964417 0.19286172091960907 
vt 0.9763330817222595 0.19214947521686554 
vt 0.9781593084335327 0.1895378679037094 
vt 0.6728178262710571 0.0013841099571436644 
vt 0.6719655990600586 0.0018589460523799062 
vt 0.6739135384559631 0.0013841099571436644 
vt 0.6747657656669617 0.004707961808890104 
vt 0.6752527952194214 0.003876999020576477 
vt 0.6752527952194214 0.0028086178936064243 
vt 0.6747657656669617 0.0018589460523799062 
vt 0.6713568568229675 0.0028086178936064243 
vt 0.6713568568229675 0.003876999020576477 
vt 0.6739135384559631 0.005301507189869881 
vt 0.6728178262710571 0.005301507189869881 
vt 0.6719655990600586 0.004707961808890104 
vt 0.3764856457710266 0.29720693826675415 
vt 0.3759986460208893 0.2968508005142212 
vt 0.3752681612968445 0.29803788661956787 
vt 0.375024676322937 0.29744434356689453 
vt 0.37660738825798035 0.2957824170589447 
vt 0.37234625220298767 0.2947140634059906 
vt 0.3772161304950714 0.29601985216140747 
vt 0.37660738825798035 0.2947140634059906 
vt 0.3759986460208893 0.2936456799507141 
vt 0.3772161304950714 0.29447662830352783 
vt 0.3764856457710266 0.29328954219818115 
vt 0.3752681612968445 0.2925772964954376 
vt 0.375024676322937 0.29317083954811096 
vt 0.3738071918487549 0.2925772964954376 
vt 0.373928964138031 0.29317083954811096 
vt 0.3724679946899414 0.29328954219818115 
vt 0.37295496463775635 0.2937643826007843 
vt 0.3717375099658966 0.294595330953598 
vt 0.37234625220298767 0.2959011495113373 
vt 0.3717375099658966 0.29601985216140747 
vt 0.3724679946899414 0.29732564091682434 
vt 0.37295496463775635 0.2968508005142212 
vt 0.37368544936180115 0.29803788661956787 
vt 0.373928964138031 0.29744434356689453 
vt 0.24913828074932098 0.2940017879009247 
vt 0.25120797753334045 0.2940017879009247 
vt 0.24731206893920898 0.2929334044456482 
vt 0.24913828074932098 0.2862856984138489 
vt 0.2463380992412567 0.2891347408294678 
vt 0.24731206893920898 0.28735408186912537 
vt 0.25303417444229126 0.2929334044456482 
vt 0.25400814414024353 0.2911527752876282 
vt 0.25120797753334045 0.2862856984138489 
vt 0.25303417444229126 0.28735408186912537 
vt 0.25400814414024353 0.2891347408294678 
vt 0.2463380992412567 0.2911527752876282 
vt 0.5838207602500916 0.02429494634270668 
vt 0.5838207602500916 0.024651074782013893 
vt 0.5817511081695557 0.02429494634270668 
vt 0.5817511081695557 0.024651074782013893 
vt 0.579681396484375 0.02429494634270668 
vt 0.579681396484375 0.024651074782013893 
vt 0.5776116847991943 0.02429494634270668 
vt 0.5776116847991943 0.024651074782013893 
vt 0.5755419731140137 0.02429494634270668 
vt 0.5755419731140137 0.024651074782013893 
vt 0.573472261428833 0.02429494634270668 
vt 0.573472261428833 0.024651074782013893 
vt 0.5858904719352722 0.024651074782013893 
vt 0.5858904719352722 0.02429494634270668 
vt 0.5879601836204529 0.02429494634270668 
vt 0.5879601836204529 0.024651074782013893 
vt 0.5900298953056335 0.024651074782013893 
vt 0.5900298953056335 0.02429494634270668 
vt 0.5920995473861694 0.024651074782013893 
vt 0.5920995473861694 0.02429494634270668 
vt 0.5941692590713501 0.024651074782013893 
vt 0.5941692590713501 0.02429494634270668 
vt 0.5962389707565308 0.024651074782013893 
vt 0.5962389707565308 0.02429494634270668 
vt 0.5983086824417114 0.024651074782013893 
vt 0.5983086824417114 0.02429494634270668 
vt 0.3829382359981537 0.2891347408294678 
vt 0.3814772665500641 0.2891347408294678 
vt 0.3829382359981537 0.2862856984138489 
vt 0.3814772665500641 0.2862856984138489 
vt 0.3801380395889282 0.2891347408294678 
vt 0.3801380395889282 0.2862856984138489 
vt 0.37879884243011475 0.2891347408294678 
vt 0.37879884243011475 0.2862856984138489 
vt 0.37733787298202515 0.2891347408294678 
vt 0.37733787298202515 0.2862856984138489 
vt 0.3759986460208893 0.2891347408294678 
vt 0.3759986460208893 0.2862856984138489 
vt 0.3745376765727997 0.2891347408294678 
vt 0.3745376765727997 0.2862856984138489 
vt 0.3731984794139862 0.2891347408294678 
vt 0.3731984794139862 0.2862856984138489 
vt 0.3717375099658966 0.2891347408294678 
vt 0.3717375099658966 0.2862856984138489 
vt 0.18729080259799957 0.14169815182685852 
vt 0.1859515756368637 0.14169815182685852 
vt 0.18826477229595184 0.14252911508083344 
vt 0.18863001465797424 0.14371620118618011 
vt 0.18826477229595184 0.1449032872915268 
vt 0.18729080259799957 0.14561554789543152 
vt 0.1859515756368637 0.14561554789543152 
vt 0.18497760593891144 0.1449032872915268 
vt 0.18461236357688904 0.14371620118618011 
vt 0.18497760593891144 0.14252911508083344 
vt 0.669408917427063 0.020140131935477257 
vt 0.6688001751899719 0.018478205427527428 
vt 0.6680697202682495 0.020614968612790108 
vt 0.6675826907157898 0.01883433386683464 
vt 0.6663652658462524 0.019190460443496704 
vt 0.6667304635047913 0.02097109518945217 
vt 0.6651477813720703 0.01942787878215313 
vt 0.6653912663459778 0.021327221766114235 
vt 0.6639302968978882 0.019546587020158768 
vt 0.6640520691871643 0.021445931866765022 
vt 0.6625910997390747 0.019546587020158768 
vt 0.6625910997390747 0.021445931866765022 
vt 0.6612518429756165 0.021445931866765022 
vt 0.6613736152648926 0.019546587020158768 
vt 0.6597909331321716 0.021327221766114235 
vt 0.6601561307907104 0.01942787878215313 
vt 0.6584516763687134 0.02097109518945217 
vt 0.6589387059211731 0.019190460443496704 
vt 0.6571124792098999 0.020614968612790108 
vt 0.657721221446991 0.01883433386683464 
vt 0.6557732820510864 0.020140131935477257 
vt 0.6565037369728088 0.018478205427527428 
vt 0.7515881657600403 0.09445196390151978 
vt 0.7534143328666687 0.0932648777961731 
vt 0.7515881657600403 0.0932648777961731 
vt 0.7537795901298523 0.0921964943408966 
vt 0.7512229084968567 0.0921964943408966 
vt 0.7537795901298523 0.0902971476316452 
vt 0.7512229084968567 0.0902971476316452 
vt 0.7537795901298523 0.09730098396539688 
vt 0.7537795901298523 0.09920032322406769 
vt 0.7512229084968567 0.09730098396539688 
vt 0.7512229084968567 0.09920032322406769 
vt 0.7515881657600403 0.10026870667934418 
vt 0.7534143328666687 0.10026870667934418 
vt 0.7515881657600403 0.10133709013462067 
vt 0.5326870083808899 0.0013841099571436644 
vt 0.5326870083808899 0.003283454105257988 
vt 0.533295750617981 0.0013841099571436644 
vt 0.533295750617981 0.003283454105257988 
vt 0.5331740379333496 0.004470543935894966 
vt 0.532808780670166 0.004470543935894966 
vt 0.532808780670166 0.005538925062865019 
vt 0.7076374888420105 0.07201596349477768 
vt 0.7070287466049194 0.07201596349477768 
vt 0.7076374888420105 0.06952307373285294 
vt 0.7070287466049194 0.06952307373285294 
vt 0.7512229084968567 0.10418610274791718 
vt 0.7518316507339478 0.10418610274791718 
vt 0.7512229084968567 0.10608544945716858 
vt 0.7518316507339478 0.10608544945716858 
vt 0.751344621181488 0.10727253556251526 
vt 0.7517098784446716 0.10727253556251526 
vt 0.751344621181488 0.10834091901779175 
vt 0.7515881657600403 0.10133709013462067 
vt 0.7534143328666687 0.10133709013462067 
vt 0.7534143328666687 0.10026870667934418 
vt 0.751344621181488 0.10834091901779175 
vt 0.7517098784446716 0.10727253556251526 
vt 0.7517098784446716 0.10834091901779175 
vt 0.1819339245557785 0.15095745027065277 
vt 0.18217742443084717 0.15012648701667786 
vt 0.18132519721984863 0.1507200300693512 
vt 0.18144693970680237 0.15000778436660767 
vt 0.18035121262073517 0.1497703641653061 
vt 0.18022947013378143 0.150601327419281 
vt 0.17925550043582916 0.1496516466140747 
vt 0.17913374304771423 0.15048260986804962 
vt 0.17815977334976196 0.1496516466140747 
vt 0.17815977334976196 0.15036390721797943 
vt 0.1771858036518097 0.14953294396400452 
vt 0.17706404626369476 0.15024518966674805 
vt 0.1760900765657425 0.14953294396400452 
vt 0.1760900765657425 0.15024518966674805 
vt 0.17511609196662903 0.1496516466140747 
vt 0.17523784935474396 0.15024518966674805 
vt 0.15514959394931793 0.1496516466140747 
vt 0.15514959394931793 0.15024518966674805 
vt 0.15417560935020447 0.15024518966674805 
vt 0.15417560935020447 0.14953294396400452 
vt 0.1532016396522522 0.15024518966674805 
vt 0.1532016396522522 0.14953294396400452 
vt 0.15222766995429993 0.15036390721797943 
vt 0.152105912566185 0.1496516466140747 
vt 0.15113194286823273 0.15036390721797943 
vt 0.15113194286823273 0.1496516466140747 
vt 0.15003621578216553 0.150601327419281 
vt 0.15003621578216553 0.1497703641653061 
vt 0.14906224608421326 0.1507200300693512 
vt 0.1488187462091446 0.15000778436660767 
vt 0.14821001887321472 0.15012648701667786 
vt 0.14796651899814606 0.14941422641277313 
vt 0.14869700372219086 0.14929552376270294 
vt 0.14784477651119232 0.1487019807100296 
vt 0.14857524633407593 0.14858326315879822 
vt 0.14784477651119232 0.1478710174560547 
vt 0.1484535038471222 0.1478710174560547 
vt 0.14784477651119232 0.14715875685214996 
vt 0.1484535038471222 0.14715875685214996 
vt 0.14796651899814606 0.14632779359817505 
vt 0.14857524633407593 0.14644651114940643 
vt 0.1480882614850998 0.14549683034420013 
vt 0.1488187462091446 0.1457342505455017 
vt 0.14833176136016846 0.1447845846414566 
vt 0.14894048869609833 0.1449032872915268 
vt 0.1499144732952118 0.14597167074680328 
vt 0.15003621578216553 0.14514070749282837 
vt 0.15113194286823273 0.14609038829803467 
vt 0.15113194286823273 0.14525942504405975 
vt 0.152105912566185 0.14609038829803467 
vt 0.15222766995429993 0.14537812769412994 
vt 0.1532016396522522 0.14620909094810486 
vt 0.1532016396522522 0.14549683034420013 
vt 0.15417560935020447 0.14620909094810486 
vt 0.15417560935020447 0.14549683034420013 
vt 0.15514959394931793 0.14609038829803467 
vt 0.15514959394931793 0.14549683034420013 
vt 0.17511609196662903 0.14609038829803467 
vt 0.17523784935474396 0.14549683034420013 
vt 0.1760900765657425 0.14549683034420013 
vt 0.1760900765657425 0.14620909094810486 
vt 0.17706404626369476 0.14549683034420013 
vt 0.1822991669178009 0.14941422641277313 
vt 0.14833176136016846 0.15095745027065277 
vt 0.17511609196662903 0.146683931350708 
vt 0.15527133643627167 0.146683931350708 
vt 0.15417560935020447 0.1468026340007782 
vt 0.1532016396522522 0.1468026340007782 
vt 0.152105912566185 0.1468026340007782 
vt 0.151010200381279 0.146683931350708 
vt 0.1499144732952118 0.14656521379947662 
vt 0.14979271590709686 0.14727747440338135 
vt 0.151010200381279 0.14727747440338135 
vt 0.152105912566185 0.14727747440338135 
vt 0.1532016396522522 0.14739617705345154 
vt 0.15417560935020447 0.14739617705345154 
vt 0.15527133643627167 0.14727747440338135 
vt 0.1749943494796753 0.14727747440338135 
vt 0.1760900765657425 0.1468026340007782 
vt 0.1771858036518097 0.14620909094810486 
vt 0.17815977334976196 0.14537812769412994 
vt 0.17815977334976196 0.14609038829803467 
vt 0.17913374304771423 0.14525942504405975 
vt 0.1771858036518097 0.1468026340007782 
vt 0.1760900765657425 0.14739617705345154 
vt 0.1749943494796753 0.1478710174560547 
vt 0.15527133643627167 0.1478710174560547 
vt 0.15417560935020447 0.1478710174560547 
vt 0.1532016396522522 0.1478710174560547 
vt 0.152105912566185 0.1478710174560547 
vt 0.151010200381279 0.1478710174560547 
vt 0.14979271590709686 0.1478710174560547 
vt 0.14979271590709686 0.14846456050872803 
vt 0.1499144732952118 0.14917682111263275 
vt 0.151010200381279 0.14905810356140137 
vt 0.151010200381279 0.14846456050872803 
vt 0.152105912566185 0.14834585785865784 
vt 0.1532016396522522 0.14834585785865784 
vt 0.152105912566185 0.14893940091133118 
vt 0.1532016396522522 0.14893940091133118 
vt 0.15417560935020447 0.14834585785865784 
vt 0.15527133643627167 0.14846456050872803 
vt 0.15417560935020447 0.14893940091133118 
vt 0.15527133643627167 0.14905810356140137 
vt 0.17511609196662903 0.14905810356140137 
vt 0.1749943494796753 0.14846456050872803 
vt 0.1760900765657425 0.14893940091133118 
vt 0.1771858036518097 0.14893940091133118 
vt 0.17815977334976196 0.14893940091133118 
vt 0.17925550043582916 0.14905810356140137 
vt 0.1804729700088501 0.14917682111263275 
vt 0.18169043958187103 0.14929552376270294 
vt 0.18242092430591583 0.1487019807100296 
vt 0.18181218206882477 0.14858326315879822 
vt 0.18254266679286957 0.1478710174560547 
vt 0.18181218206882477 0.1478710174560547 
vt 0.18242092430591583 0.14715875685214996 
vt 0.18181218206882477 0.14715875685214996 
vt 0.1822991669178009 0.14632779359817505 
vt 0.1804729700088501 0.1478710174560547 
vt 0.1804729700088501 0.14846456050872803 
vt 0.17925550043582916 0.14846456050872803 
vt 0.17815977334976196 0.14834585785865784 
vt 0.1771858036518097 0.14834585785865784 
vt 0.1760900765657425 0.14834585785865784 
vt 0.1760900765657425 0.1478710174560547 
vt 0.1771858036518097 0.1478710174560547 
vt 0.17815977334976196 0.1478710174560547 
vt 0.1793772429227829 0.1478710174560547 
vt 0.1804729700088501 0.14727747440338135 
vt 0.17925550043582916 0.14727747440338135 
vt 0.17815977334976196 0.14739617705345154 
vt 0.1771858036518097 0.14739617705345154 
vt 0.17815977334976196 0.1468026340007782 
vt 0.17925550043582916 0.14609038829803467 
vt 0.18022947013378143 0.14514070749282837 
vt 0.18035121262073517 0.14597167074680328 
vt 0.18132519721984863 0.1449032872915268 
vt 0.17925550043582916 0.146683931350708 
vt 0.1804729700088501 0.146683931350708 
vt 0.18169043958187103 0.14644651114940643 
vt 0.18217742443084717 0.14549683034420013 
vt 0.18144693970680237 0.1457342505455017 
vt 0.1819339245557785 0.1447845846414566 
vt 0.5861339569091797 0.6164154410362244 
vt 0.5863774418830872 0.6157031655311584 
vt 0.5855252146720886 0.6162967085838318 
vt 0.5856469869613647 0.6155844926834106 
vt 0.5845512747764587 0.6153470873832703 
vt 0.5844295024871826 0.6160593032836914 
vt 0.5834555625915527 0.6152283549308777 
vt 0.5833337903022766 0.6159406304359436 
vt 0.582359790802002 0.6151096224784851 
vt 0.582359790802002 0.615821897983551 
vt 0.5813858509063721 0.6151096224784851 
vt 0.5813858509063721 0.615821897983551 
vt 0.5804118514060974 0.6151096224784851 
vt 0.5804118514060974 0.6157031655311584 
vt 0.5794379115104675 0.6151096224784851 
vt 0.5794379115104675 0.615821897983551 
vt 0.5593496561050415 0.6151096224784851 
vt 0.5593496561050415 0.6157031655311584 
vt 0.5583756566047668 0.6157031655311584 
vt 0.5583756566047668 0.6151096224784851 
vt 0.5574016571044922 0.615821897983551 
vt 0.5574016571044922 0.6151096224784851 
vt 0.5564277172088623 0.615821897983551 
vt 0.5564277172088623 0.6151096224784851 
vt 0.5553320050239563 0.6159406304359436 
vt 0.5553320050239563 0.6152283549308777 
vt 0.5543580055236816 0.6160593032836914 
vt 0.5542362332344055 0.6153470873832703 
vt 0.5532622933387756 0.6162967085838318 
vt 0.5530188083648682 0.6155844926834106 
vt 0.5524100661277771 0.6157031655311584 
vt 0.552288293838501 0.6149909496307373 
vt 0.552897036075592 0.6148722171783447 
vt 0.5521665811538696 0.6141599416732788 
vt 0.5527752637863159 0.6141599416732788 
vt 0.5520448088645935 0.6134477257728577 
vt 0.5526535511016846 0.6134477257728577 
vt 0.5520448088645935 0.612616777420044 
vt 0.5527752637863159 0.6127354502677917 
vt 0.5521665811538696 0.611904501914978 
vt 0.552897036075592 0.6120232343673706 
vt 0.5524100661277771 0.6110735535621643 
vt 0.5530188083648682 0.6111922264099121 
vt 0.5525317788124084 0.6103612780570984 
vt 0.5532622933387756 0.610480010509491 
vt 0.5542362332344055 0.6114296317100525 
vt 0.5543580055236816 0.6107174158096313 
vt 0.5553320050239563 0.6115483641624451 
vt 0.5553320050239563 0.6108360886573792 
vt 0.5564277172088623 0.6116670966148376 
vt 0.5564277172088623 0.6109548211097717 
vt 0.5574016571044922 0.6116670966148376 
vt 0.5574016571044922 0.6109548211097717 
vt 0.5583756566047668 0.6116670966148376 
vt 0.5583756566047668 0.6110735535621643 
vt 0.5593496561050415 0.6116670966148376 
vt 0.5593496561050415 0.6110735535621643 
vt 0.5794379115104675 0.6116670966148376 
vt 0.5794379115104675 0.6110735535621643 
vt 0.5804118514060974 0.6110735535621643 
vt 0.5804118514060974 0.6116670966148376 
vt 0.5813858509063721 0.6110735535621643 
vt 0.5864992141723633 0.6149909496307373 
vt 0.5526535511016846 0.6164154410362244 
vt 0.5793161392211914 0.612260639667511 
vt 0.5594713687896729 0.612260639667511 
vt 0.5583756566047668 0.612260639667511 
vt 0.5574016571044922 0.6123793125152588 
vt 0.5563059449195862 0.612260639667511 
vt 0.5552102327346802 0.612260639667511 
vt 0.5541145205497742 0.6121419072151184 
vt 0.5541145205497742 0.6128541827201843 
vt 0.5552102327346802 0.6128541827201843 
vt 0.5563059449195862 0.6128541827201843 
vt 0.5574016571044922 0.6128541827201843 
vt 0.558497428894043 0.6128541827201843 
vt 0.5594713687896729 0.6128541827201843 
vt 0.5791943669319153 0.6128541827201843 
vt 0.5802901387214661 0.6123793125152588 
vt 0.5813858509063721 0.6116670966148376 
vt 0.582359790802002 0.6109548211097717 
vt 0.582359790802002 0.6116670966148376 
vt 0.5833337903022766 0.6108360886573792 
vt 0.5813858509063721 0.6123793125152588 
vt 0.5802901387214661 0.6128541827201843 
vt 0.5791943669319153 0.6134477257728577 
vt 0.559593141078949 0.6134477257728577 
vt 0.558497428894043 0.6134477257728577 
vt 0.5574016571044922 0.6134477257728577 
vt 0.5563059449195862 0.6134477257728577 
vt 0.5552102327346802 0.6134477257728577 
vt 0.553992748260498 0.6134477257728577 
vt 0.5541145205497742 0.614041268825531 
vt 0.5541145205497742 0.6146348118782043 
vt 0.5552102327346802 0.6145160794258118 
vt 0.5552102327346802 0.6139225363731384 
vt 0.5563059449195862 0.6139225363731384 
vt 0.5574016571044922 0.6139225363731384 
vt 0.5563059449195862 0.6145160794258118 
vt 0.5574016571044922 0.6145160794258118 
vt 0.558497428894043 0.6139225363731384 
vt 0.5594713687896729 0.6139225363731384 
vt 0.5583756566047668 0.6145160794258118 
vt 0.5594713687896729 0.6145160794258118 
vt 0.5793161392211914 0.6145160794258118 
vt 0.5791943669319153 0.6139225363731384 
vt 0.5802901387214661 0.6145160794258118 
vt 0.5813858509063721 0.6145160794258118 
vt 0.582359790802002 0.6145160794258118 
vt 0.5834555625915527 0.6145160794258118 
vt 0.5846729874610901 0.6146348118782043 
vt 0.5858904719352722 0.6148722171783447 
vt 0.5866209864616394 0.6141599416732788 
vt 0.5860122442245483 0.6141599416732788 
vt 0.5867426991462708 0.6134477257728577 
vt 0.5861339569091797 0.6134477257728577 
vt 0.5867426991462708 0.612616777420044 
vt 0.5860122442245483 0.6127354502677917 
vt 0.5866209864616394 0.611904501914978 
vt 0.5847947597503662 0.6134477257728577 
vt 0.5846729874610901 0.614041268825531 
vt 0.5835772752761841 0.6139225363731384 
vt 0.5824815630912781 0.6139225363731384 
vt 0.5813858509063721 0.6139225363731384 
vt 0.5802901387214661 0.6139225363731384 
vt 0.5802901387214661 0.6134477257728577 
vt 0.5813858509063721 0.6134477257728577 
vt 0.5824815630912781 0.6134477257728577 
vt 0.5835772752761841 0.6134477257728577 
vt 0.5846729874610901 0.6128541827201843 
vt 0.5835772752761841 0.6128541827201843 
vt 0.5824815630912781 0.6128541827201843 
vt 0.5813858509063721 0.6128541827201843 
vt 0.582359790802002 0.612260639667511 
vt 0.5834555625915527 0.6115483641624451 
vt 0.5844295024871826 0.6107174158096313 
vt 0.5845512747764587 0.6114296317100525 
vt 0.5855252146720886 0.610480010509491 
vt 0.5834555625915527 0.612260639667511 
vt 0.5846729874610901 0.6121419072151184 
vt 0.5858904719352722 0.6120232343673706 
vt 0.5863774418830872 0.6110735535621643 
vt 0.5857687592506409 0.6111922264099121 
vt 0.5862557291984558 0.6103612780570984 
vt 0.3949911892414093 0.8977557420730591 
vt 0.29199323058128357 0.9709992408752441 
vt 0.3949911892414093 0.9709992408752441 
vt 0.5313478112220764 0.7726364731788635 
vt 0.591856062412262 0.7726364731788635 
vt 0.5774899125099182 0.7960221767425537 
vt 0.023906325921416283 0.6919143795967102 
vt 0.013192589394748211 0.723728358745575 
vt 0.035107050091028214 0.7049723267555237 
vt 0.5331740379333496 0.004470543935894966 
vt 0.5331740379333496 0.005538925062865019 
vt 0.532808780670166 0.005538925062865019 
vt 0.7534143328666687 0.0932648777961731 
vt 0.7515881657600403 0.09445196390151978 
vt 0.7534143328666687 0.09445196390151978 
vt 0.11022494733333588 0.3086029887199402 
vt 0.10693778097629547 0.3086029887199402 
vt 0.11180765926837921 0.3057539761066437 
vt 0.10535506904125214 0.3057539761066437 
vt 0.10693778097629547 0.30290496349334717 
vt 0.11022494733333588 0.30290496349334717 
vt 0.9673238396644592 0.13338851928710938 
vt 0.9651323556900024 0.13338851928710938 
vt 0.9673238396644592 0.146683931350708 
vt 0.9651323556900024 0.146683931350708 
vt 0.9629409313201904 0.13338851928710938 
vt 0.9629409313201904 0.146683931350708 
vt 0.9607495069503784 0.146683931350708 
vt 0.9607495069503784 0.13338851928710938 
vt 0.9585580229759216 0.13338851928710938 
vt 0.9585580229759216 0.146683931350708 
vt 0.9563665986061096 0.13338851928710938 
vt 0.9563665986061096 0.146683931350708 
vt 0.9541751742362976 0.146683931350708 
vt 0.6554080247879028 0.014679517596960068 
vt 0.6575994491577148 0.014679517596960068 
vt 0.6554080247879028 0.0013841099571436644 
vt 0.6575994491577148 0.0013841099571436644 
vt 0.659912645816803 0.014679517596960068 
vt 0.659912645816803 0.0013841099571436644 
vt 0.662104070186615 0.0013841099571436644 
vt 0.662104070186615 0.014679517596960068 
vt 0.6641737818717957 0.014679517596960068 
vt 0.6641737818717957 0.0013841099571436644 
vt 0.6664869785308838 0.014679517596960068 
vt 0.6664869785308838 0.0013841099571436644 
vt 0.6686784625053406 0.0013841099571436644 
vt 0.19617833197116852 0.12970854341983795 
vt 0.19337815046310425 0.12804661691188812 
vt 0.19617833197116852 0.13291367888450623 
vt 0.19337815046310425 0.13457560539245605 
vt 0.19057796895503998 0.13291367888450623 
vt 0.19057796895503998 0.12970854341983795 
vt 0.6664869785308838 0.014679517596960068 
vt 0.6686784625053406 0.014679517596960068 
vt 0.6686784625053406 0.0013841099571436644 
vt 0.9563665986061096 0.13338851928710938 
vt 0.9541751742362976 0.146683931350708 
vt 0.9541751742362976 0.13338851928710938 
vt 0.5594713687896729 0.407606303691864 
vt 0.5594713687896729 0.3651084899902344 
vt 0.5520448088645935 0.40736889839172363 
vt 0.5520448088645935 0.3648710548877716 
vt 0.43979406356811523 0.4262436330318451 
vt 0.44527268409729004 0.421139121055603 
vt 0.4400375783443451 0.3179810047149658 
vt 0.4455161988735199 0.31762489676475525 
vt 0.43979406356811523 0.3037359416484833 
vt 0.44527268409729004 0.3036172091960907 
vt 0.857264518737793 0.9286201000213623 
vt 0.8456985950469971 0.8588192462921143 
vt 0.8456985950469971 0.9370484352111816 
vt 0.737465500831604 0.8588192462921143 
vt 0.737465500831604 0.9370484352111816 
vt 0.43979406356811523 0.5804466009140015 
vt 0.44490745663642883 0.5859072208404541 
vt 0.43991583585739136 0.7151813507080078 
vt 0.44490745663642883 0.7154187560081482 
vt 0.43979406356811523 0.7247967720031738 
vt 0.6009870767593384 0.66496741771698 
vt 0.6009870767593384 0.7997021079063416 
vt 0.6791486740112305 0.7997021079063416 
vt 0.6731830835342407 0.8071808218955994 
vt 0.6009870767593384 0.8071808218955994 
vt 0.5945345163345337 0.4106927514076233 
vt 0.5520448088645935 0.4106927514076233 
vt 0.5520448088645935 0.48892197012901306 
vt 0.6903494000434875 0.495332270860672 
vt 0.6903494000434875 0.4106927514076233 
vt 0.6936365962028503 0.495332270860672 
vt 0.6936365962028503 0.4106927514076233 
vt 0.6969237327575684 0.495332270860672 
vt 0.6969237327575684 0.4106927514076233 
vt 0.700089156627655 0.495332270860672 
vt 0.700089156627655 0.4106927514076233 
vt 0.7033763527870178 0.495332270860672 
vt 0.7033763527870178 0.4106927514076233 
vt 0.7066634893417358 0.495332270860672 
vt 0.7066634893417358 0.4106927514076233 
vt 0.7099506855010986 0.495332270860672 
vt 0.7099506855010986 0.4106927514076233 
vt 0.43979406356811523 0.7247967720031738 
vt 0.44490745663642883 0.7154187560081482 
vt 0.44490745663642883 0.7249154448509216 
vt 0.8456985950469971 0.8588192462921143 
vt 0.857264518737793 0.9286201000213623 
vt 0.857264518737793 0.8588192462921143 
vt 0.6009870767593384 0.66496741771698 
vt 0.6791486740112305 0.66496741771698 
vt 0.6791486740112305 0.7997021079063416 
vt 0.5945345163345337 0.4106927514076233 
vt 0.5520448088645935 0.48892197012901306 
vt 0.5945345163345337 0.48892197012901306 
vt 0.5594713687896729 0.407606303691864 
vt 0.5594713687896729 0.3651084899902344 
vt 0.5520448088645935 0.40736889839172363 
vt 0.5520448088645935 0.3648710548877716 
vt 0.43979406356811523 0.4262436330318451 
vt 0.44527268409729004 0.421139121055603 
vt 0.4400375783443451 0.3179810047149658 
vt 0.4455161988735199 0.31762489676475525 
vt 0.43979406356811523 0.3037359416484833 
vt 0.44527268409729004 0.3036172091960907 
vt 0.857264518737793 0.9286201000213623 
vt 0.8456985950469971 0.8588192462921143 
vt 0.8456985950469971 0.9370484352111816 
vt 0.737465500831604 0.8588192462921143 
vt 0.737465500831604 0.9370484352111816 
vt 0.44490745663642883 0.5859072208404541 
vt 0.44490745663642883 0.7154187560081482 
vt 0.43991583585739136 0.7151813507080078 
vt 0.43979406356811523 0.7247967720031738 
vt 0.6009870767593384 0.66496741771698 
vt 0.6791486740112305 0.7997021079063416 
vt 0.6009870767593384 0.7997021079063416 
vt 0.6731830835342407 0.8071808218955994 
vt 0.6009870767593384 0.8071808218955994 
vt 0.5945345163345337 0.4106927514076233 
vt 0.5520448088645935 0.4106927514076233 
vt 0.5520448088645935 0.48892197012901306 
vt 0.43979406356811523 0.7247967720031738 
vt 0.44490745663642883 0.7154187560081482 
vt 0.44490745663642883 0.7249154448509216 
vt 0.8456985950469971 0.8588192462921143 
vt 0.857264518737793 0.9286201000213623 
vt 0.857264518737793 0.8588192462921143 
vt 0.43991583585739136 0.7151813507080078 
vt 0.43979406356811523 0.5804466009140015 
vt 0.44490745663642883 0.5859072208404541 
vt 0.6009870767593384 0.66496741771698 
vt 0.6791486740112305 0.7997021079063416 
vt 0.6791486740112305 0.66496741771698 
vt 0.5945345163345337 0.4106927514076233 
vt 0.5945345163345337 0.48892197012901306 
vt 0.5520448088645935 0.48892197012901306 
vt 0.4455161988735199 0.31762489676475525 
vt 0.44527268409729004 0.3036172091960907 
vt 0.4455161988735199 0.31762489676475525 
vt 0.44527268409729004 0.3036172091960907 
vt 0.6009870767593384 0.8071808218955994 
vt 0.6009870767593384 0.8071808218955994 
vt 0.6731830835342407 0.8071808218955994 
vt 0.6731830835342407 0.8071808218955994 
vt 0.6009870767593384 0.8071808218955994 
vt 0.6009870767593384 0.8071808218955994 
vt 0.6009870767593384 0.7997021079063416 
vt 0.6009870767593384 0.7997021079063416 
vt 0.6009870767593384 0.66496741771698 
vt 0.6009870767593384 0.66496741771698 
vt 0.44490745663642883 0.7154187560081482 
vt 0.44490745663642883 0.7154187560081482 
vt 0.44490745663642883 0.5859072208404541 
vt 0.44490745663642883 0.5859072208404541 
vt 0.44490745663642883 0.7249154448509216 
vt 0.44490745663642883 0.7154187560081482 
vt 0.44490745663642883 0.7249154448509216 
vt 0.44490745663642883 0.7154187560081482 
vt 0.43979406356811523 0.7247967720031738 
vt 0.43979406356811523 0.7247967720031738 
vt 0.44490745663642883 0.7249154448509216 
vt 0.44490745663642883 0.7249154448509216 
vt 0.5520448088645935 0.3648710548877716 
vt 0.5520448088645935 0.3648710548877716 
vt 0.5520448088645935 0.40736889839172363 
vt 0.5520448088645935 0.40736889839172363 
vt 0.5945345163345337 0.4106927514076233 
vt 0.5520448088645935 0.4106927514076233 
vt 0.5945345163345337 0.4106927514076233 
vt 0.5520448088645935 0.4106927514076233 
vt 0.44527268409729004 0.421139121055603 
vt 0.4455161988735199 0.31762489676475525 
vt 0.44527268409729004 0.421139121055603 
vt 0.4455161988735199 0.31762489676475525 
vt 0.8456985950469971 0.8588192462921143 
vt 0.737465500831604 0.8588192462921143 
vt 0.8456985950469971 0.8588192462921143 
vt 0.737465500831604 0.8588192462921143 
vt 0.857264518737793 0.8588192462921143 
vt 0.857264518737793 0.8588192462921143 
vt 0.8456985950469971 0.8588192462921143 
vt 0.8456985950469971 0.8588192462921143 
vt 0.44527268409729004 0.3036172091960907 
vt 0.43979406356811523 0.3037359416484833 
vt 0.44527268409729004 0.3036172091960907 
vt 0.43979406356811523 0.3037359416484833 
vt 0.857264518737793 0.9286201000213623 
vt 0.857264518737793 0.9286201000213623 
vt 0.857264518737793 0.8588192462921143 
vt 0.857264518737793 0.8588192462921143 
vt 0.36138901114463806 0.24105757474899292 
vt 0.24536411464214325 0.24461884796619415 
vt 0.24536411464214325 0.24105757474899292 
vt 0.21005748212337494 0.24461884796619415 
vt 0.21005748212337494 0.24105757474899292 
vt 0.07126590609550476 0.24461884796619415 
vt 0.07126590609550476 0.24105757474899292 
vt 0.36784160137176514 0.0013841099571436644 
vt 0.36784160137176514 0.1671018749475479 
vt 0.371372252702713 0.1671018749475479 
vt 0.8934233784675598 0.30848428606987 
vt 0.8934233784675598 0.4473738372325897 
vt 0.7546318173408508 0.30848428606987 
vt 0.7546318173408508 0.47420206665992737 
vt 0.8705349564552307 0.47420206665992737 
vt 0.7457442879676819 0.6286424398422241 
vt 0.7422136068344116 0.48987165093421936 
vt 0.7457442879676819 0.48987165093421936 
vt 0.24536411464214325 0.24461884796619415 
vt 0.36138901114463806 0.24461884796619415 
vt 0.36138901114463806 0.24105757474899292 
vt 0.9771853089332581 0.32071131467819214 
vt 0.9799855351448059 0.3191680908203125 
vt 0.9771853089332581 0.3240351676940918 
vt 0.9799855351448059 0.3256970942020416 
vt 0.9829074144363403 0.3240351676940918 
vt 0.9829074144363403 0.32071131467819214 
vt 0.3495795428752899 0.12092407047748566 
vt 0.3495795428752899 0.1342194825410843 
vt 0.3473881185054779 0.12092407047748566 
vt 0.3473881185054779 0.1342194825410843 
vt 0.3451966643333435 0.12092407047748566 
vt 0.3451966643333435 0.1342194825410843 
vt 0.3430052101612091 0.1342194825410843 
vt 0.3430052101612091 0.12092407047748566 
vt 0.3408137559890747 0.12092407047748566 
vt 0.3408137559890747 0.1342194825410843 
vt 0.3386223316192627 0.12092407047748566 
vt 0.3386223316192627 0.1342194825410843 
vt 0.3364308774471283 0.1342194825410843 
vt 0.9891165494918823 0.17232507467269897 
vt 0.9869250655174255 0.17232507467269897 
vt 0.9891165494918823 0.1856204718351364 
vt 0.9869250655174255 0.1856204718351364 
vt 0.9846119284629822 0.17232507467269897 
vt 0.9846119284629822 0.1856204718351364 
vt 0.9824204444885254 0.1856204718351364 
vt 0.9824204444885254 0.17232507467269897 
vt 0.9802290201187134 0.17232507467269897 
vt 0.9802290201187134 0.1856204718351364 
vt 0.9780375361442566 0.17232507467269897 
vt 0.9780375361442566 0.1856204718351364 
vt 0.9758461117744446 0.1856204718351364 
vt 0.39085179567337036 0.2916276156902313 
vt 0.38792985677719116 0.2899656891822815 
vt 0.39085179567337036 0.2948327660560608 
vt 0.3851296603679657 0.2916276156902313 
vt 0.3851296603679657 0.2948327660560608 
vt 0.38792985677719116 0.2964946925640106 
vt 0.9780375361442566 0.17232507467269897 
vt 0.9758461117744446 0.1856204718351364 
vt 0.9758461117744446 0.17232507467269897 
vt 0.3386223316192627 0.12092407047748566 
vt 0.3364308774471283 0.12092407047748566 
vt 0.3364308774471283 0.1342194825410843 
vt 0.08039693534374237 0.47942525148391724 
vt 0.08039693534374237 0.39466702938079834 
vt 0.08368410170078278 0.47942525148391724 
vt 0.08368410170078278 0.39466702938079834 
vt 0.08684952557086945 0.47942525148391724 
vt 0.08684952557086945 0.39466702938079834 
vt 0.09013669192790985 0.47942525148391724 
vt 0.09013669192790985 0.39466702938079834 
vt 0.09342385828495026 0.47942525148391724 
vt 0.09342385828495026 0.39466702938079834 
vt 0.09671103209257126 0.47942525148391724 
vt 0.09671103209257126 0.39466702938079834 
vt 0.09987645596265793 0.47942525148391724 
vt 0.09987645596265793 0.39466702938079834 
vt 0.36784160137176514 0.0013841099571436644 
vt 0.371372252702713 0.0013841099571436644 
vt 0.371372252702713 0.1671018749475479 
vt 0.7457442879676819 0.6286424398422241 
vt 0.7422136068344116 0.48987165093421936 
vt 0.7422136068344116 0.6286424398422241 
vt 0.36138901114463806 0.24105757474899292 
vt 0.24536411464214325 0.24105757474899292 
vt 0.24536411464214325 0.24461884796619415 
vt 0.21005748212337494 0.24461884796619415 
vt 0.21005748212337494 0.24105757474899292 
vt 0.07126590609550476 0.24461884796619415 
vt 0.07126590609550476 0.24105757474899292 
vt 0.36784160137176514 0.0013841099571436644 
vt 0.36784160137176514 0.1671018749475479 
vt 0.371372252702713 0.1671018749475479 
vt 0.8934233784675598 0.30848428606987 
vt 0.8934233784675598 0.4473738372325897 
vt 0.7546318173408508 0.30848428606987 
vt 0.7546318173408508 0.47420206665992737 
vt 0.8705349564552307 0.47420206665992737 
vt 0.7457442879676819 0.6286424398422241 
vt 0.7422136068344116 0.48987165093421936 
vt 0.7457442879676819 0.48987165093421936 
vt 0.24536411464214325 0.24461884796619415 
vt 0.36138901114463806 0.24461884796619415 
vt 0.36138901114463806 0.24105757474899292 
vt 0.36784160137176514 0.0013841099571436644 
vt 0.371372252702713 0.0013841099571436644 
vt 0.371372252702713 0.1671018749475479 
vt 0.7457442879676819 0.6286424398422241 
vt 0.7422136068344116 0.48987165093421936 
vt 0.7422136068344116 0.6286424398422241 
vt 0.371372252702713 0.1671018749475479 
vt 0.371372252702713 0.1671018749475479 
vt 0.371372252702713 0.0013841099571436644 
vt 0.371372252702713 0.0013841099571436644 
vt 0.7422136068344116 0.6286424398422241 
vt 0.7422136068344116 0.48987165093421936 
vt 0.7422136068344116 0.6286424398422241 
vt 0.7422136068344116 0.48987165093421936 
vt 0.07126590609550476 0.24105757474899292 
vt 0.21005748212337494 0.24105757474899292 
vt 0.07126590609550476 0.24105757474899292 
vt 0.21005748212337494 0.24105757474899292 
vt 0.36138901114463806 0.24105757474899292 
vt 0.36138901114463806 0.24105757474899292 
vt 0.24536411464214325 0.24105757474899292 
vt 0.24536411464214325 0.24105757474899292 
vt 0.21005748212337494 0.24105757474899292 
vt 0.21005748212337494 0.24105757474899292 
vt 0.36138901114463806 0.24105757474899292 
vt 0.24536411464214325 0.24461884796619415 
vt 0.24536411464214325 0.24105757474899292 
vt 0.21005748212337494 0.24461884796619415 
vt 0.21005748212337494 0.24105757474899292 
vt 0.07126590609550476 0.24461884796619415 
vt 0.07126590609550476 0.24105757474899292 
vt 0.36784160137176514 0.1671018749475479 
vt 0.371372252702713 0.1671018749475479 
vt 0.36784160137176514 0.0013841099571436644 
vt 0.371372252702713 0.0013841099571436644 
vt 0.8934233784675598 0.30848428606987 
vt 0.7546318173408508 0.30848428606987 
vt 0.8934233784675598 0.4473738372325897 
vt 0.7546318173408508 0.47420206665992737 
vt 0.8705349564552307 0.47420206665992737 
vt 0.7457442879676819 0.6286424398422241 
vt 0.7422136068344116 0.48987165093421936 
vt 0.7457442879676819 0.48987165093421936 
vt 0.24536411464214325 0.24461884796619415 
vt 0.36138901114463806 0.24461884796619415 
vt 0.36138901114463806 0.24105757474899292 
vt 0.9771853089332581 0.32071131467819214 
vt 0.9799855351448059 0.3191680908203125 
vt 0.9771853089332581 0.3240351676940918 
vt 0.9799855351448059 0.3256970942020416 
vt 0.9829074144363403 0.3240351676940918 
vt 0.9829074144363403 0.32071131467819214 
vt 0.3495795428752899 0.12092407047748566 
vt 0.3495795428752899 0.1342194825410843 
vt 0.3473881185054779 0.12092407047748566 
vt 0.3473881185054779 0.1342194825410843 
vt 0.3451966643333435 0.12092407047748566 
vt 0.3451966643333435 0.1342194825410843 
vt 0.3430052101612091 0.1342194825410843 
vt 0.3430052101612091 0.12092407047748566 
vt 0.3408137559890747 0.12092407047748566 
vt 0.3408137559890747 0.1342194825410843 
vt 0.3386223316192627 0.12092407047748566 
vt 0.3386223316192627 0.1342194825410843 
vt 0.3364308774471283 0.1342194825410843 
vt 0.9891165494918823 0.17232507467269897 
vt 0.9869250655174255 0.17232507467269897 
vt 0.9891165494918823 0.1856204718351364 
vt 0.9869250655174255 0.1856204718351364 
vt 0.9846119284629822 0.17232507467269897 
vt 0.9846119284629822 0.1856204718351364 
vt 0.9824204444885254 0.1856204718351364 
vt 0.9824204444885254 0.17232507467269897 
vt 0.9802290201187134 0.17232507467269897 
vt 0.9802290201187134 0.1856204718351364 
vt 0.9780375361442566 0.17232507467269897 
vt 0.9780375361442566 0.1856204718351364 
vt 0.9758461117744446 0.1856204718351364 
vt 0.39085179567337036 0.2916276156902313 
vt 0.38792985677719116 0.2899656891822815 
vt 0.39085179567337036 0.2948327660560608 
vt 0.3851296603679657 0.2916276156902313 
vt 0.3851296603679657 0.2948327660560608 
vt 0.38792985677719116 0.2964946925640106 
vt 0.9780375361442566 0.17232507467269897 
vt 0.9758461117744446 0.1856204718351364 
vt 0.9758461117744446 0.17232507467269897 
vt 0.3386223316192627 0.12092407047748566 
vt 0.3364308774471283 0.12092407047748566 
vt 0.3364308774471283 0.1342194825410843 
vt 0.08039693534374237 0.47942525148391724 
vt 0.08039693534374237 0.39466702938079834 
vt 0.08368410170078278 0.47942525148391724 
vt 0.08368410170078278 0.39466702938079834 
vt 0.08684952557086945 0.47942525148391724 
vt 0.08684952557086945 0.39466702938079834 
vt 0.09013669192790985 0.47942525148391724 
vt 0.09013669192790985 0.39466702938079834 
vt 0.09342385828495026 0.47942525148391724 
vt 0.09342385828495026 0.39466702938079834 
vt 0.09671103209257126 0.47942525148391724 
vt 0.09671103209257126 0.39466702938079834 
vt 0.09987645596265793 0.47942525148391724 
vt 0.09987645596265793 0.39466702938079834 
vt 0.7457442879676819 0.6286424398422241 
vt 0.7422136068344116 0.6286424398422241 
vt 0.7422136068344116 0.48987165093421936 
vt 0.36138901114463806 0.24105757474899292 
vt 0.24536411464214325 0.24461884796619415 
vt 0.24536411464214325 0.24105757474899292 
vt 0.21005748212337494 0.24461884796619415 
vt 0.21005748212337494 0.24105757474899292 
vt 0.07126590609550476 0.24461884796619415 
vt 0.07126590609550476 0.24105757474899292 
vt 0.36784160137176514 0.0013841099571436644 
vt 0.36784160137176514 0.1671018749475479 
vt 0.371372252702713 0.1671018749475479 
vt 0.8934233784675598 0.30848428606987 
vt 0.8934233784675598 0.4473738372325897 
vt 0.7546318173408508 0.30848428606987 
vt 0.7546318173408508 0.47420206665992737 
vt 0.8705349564552307 0.47420206665992737 
vt 0.7457442879676819 0.6286424398422241 
vt 0.7422136068344116 0.48987165093421936 
vt 0.7457442879676819 0.48987165093421936 
vt 0.24536411464214325 0.24461884796619415 
vt 0.36138901114463806 0.24461884796619415 
vt 0.36138901114463806 0.24105757474899292 
vt 0.36784160137176514 0.0013841099571436644 
vt 0.371372252702713 0.0013841099571436644 
vt 0.371372252702713 0.1671018749475479 
vt 0.7457442879676819 0.6286424398422241 
vt 0.7422136068344116 0.48987165093421936 
vt 0.7422136068344116 0.6286424398422241 
vt 0.371372252702713 0.1671018749475479 
vt 0.371372252702713 0.1671018749475479 
vt 0.371372252702713 0.0013841099571436644 
vt 0.371372252702713 0.0013841099571436644 
vt 0.7422136068344116 0.48987165093421936 
vt 0.7422136068344116 0.6286424398422241 
vt 0.7422136068344116 0.48987165093421936 
vt 0.7422136068344116 0.6286424398422241 
vt 0.07126590609550476 0.24105757474899292 
vt 0.21005748212337494 0.24105757474899292 
vt 0.07126590609550476 0.24105757474899292 
vt 0.21005748212337494 0.24105757474899292 
vt 0.21005748212337494 0.24105757474899292 
vt 0.24536411464214325 0.24105757474899292 
vt 0.24536411464214325 0.24105757474899292 
vt 0.36138901114463806 0.24105757474899292 
vt 0.36138901114463806 0.24105757474899292 
vt 0.9846119284629822 0.11973698437213898 
vt 0.9818117022514343 0.1213989108800888 
vt 0.9874120950698853 0.1213989108800888 
vt 0.9874120950698853 0.12460405379533768 
vt 0.9846119284629822 0.1262659728527069 
vt 0.9818117022514343 0.12460405379533768 
vt 0.9771853089332581 0.3530001640319824 
vt 0.9771853089332581 0.3551369309425354 
vt 0.9904557466506958 0.3551369309425354 
vt 0.9904557466506958 0.35739240050315857 
vt 0.9771853089332581 0.35739240050315857 
vt 0.9771853089332581 0.35952916741371155 
vt 0.9904557466506958 0.35952916741371155 
vt 0.9904557466506958 0.3617846369743347 
vt 0.9771853089332581 0.3617846369743347 
vt 0.9904557466506958 0.3639214038848877 
vt 0.9771853089332581 0.3639214038848877 
vt 0.9771853089332581 0.36617687344551086 
vt 0.9904557466506958 0.36617687344551086 
vt 0.9904557466506958 0.38208386301994324 
vt 0.9771853089332581 0.37994709610939026 
vt 0.9904557466506958 0.37994709610939026 
vt 0.9771853089332581 0.3776916265487671 
vt 0.9904557466506958 0.3776916265487671 
vt 0.9904557466506958 0.3755548894405365 
vt 0.9771853089332581 0.3755548894405365 
vt 0.9771853089332581 0.37329941987991333 
vt 0.9904557466506958 0.37329941987991333 
vt 0.9771853089332581 0.37116265296936035 
vt 0.9904557466506958 0.37116265296936035 
vt 0.9904557466506958 0.3689071834087372 
vt 0.9771853089332581 0.3689071834087372 
vt 0.4444204568862915 0.428973913192749 
vt 0.4444204568862915 0.42565008997917175 
vt 0.44722065329551697 0.43051713705062866 
vt 0.44722065329551697 0.4241068661212921 
vt 0.4501425623893738 0.42565008997917175 
vt 0.4501425623893738 0.428973913192749 
vt 0.9904557466506958 0.3551369309425354 
vt 0.9904557466506958 0.3530001640319824 
vt 0.9771853089332581 0.3530001640319824 
vt 0.9771853089332581 0.37994709610939026 
vt 0.9904557466506958 0.38208386301994324 
vt 0.9771853089332581 0.38208386301994324 
vt 0.9734112024307251 0.26111939549446106 
vt 0.9731676578521729 0.253640741109848 
vt 0.9309214949607849 0.26111939549446106 
vt 0.9306780099868774 0.253640741109848 
vt 0.19057796895503998 0.0016215279465541244 
vt 0.19082146883010864 0.10976542532444 
vt 0.19605658948421478 0.006726014893501997 
vt 0.19630007445812225 0.11012155562639236 
vt 0.19057796895503998 0.12448534369468689 
vt 0.8962236046791077 0.3865948021411896 
vt 0.9653759002685547 0.3865948021411896 
vt 0.8962236046791077 0.3748426139354706 
vt 0.974385142326355 0.3748426139354706 
vt 0.8962236046791077 0.2668174207210541 
vt 0.3650414049625397 0.0016215279465541244 
vt 0.36491966247558594 0.13635624945163727 
vt 0.35992804169654846 0.007082141935825348 
vt 0.3598062992095947 0.13659365475177765 
vt 0.3650414049625397 0.14620909094810486 
vt 0.35992804169654846 0.14632779359817505 
vt 0.19873501360416412 0.8607185482978821 
vt 0.19873501360416412 0.7259838581085205 
vt 0.12045169621706009 0.8607185482978821 
vt 0.12045169621706009 0.7259838581085205 
vt 0.19228242337703705 0.7185052037239075 
vt 0.9730459451675415 0.17232507467269897 
vt 0.9305562376976013 0.17232507467269897 
vt 0.9730459451675415 0.25055429339408875 
vt 0.9305562376976013 0.25055429339408875 
vt 0.5362176895141602 0.02097109518945217 
vt 0.6210753321647644 0.02097109518945217 
vt 0.5362176895141602 0.017647242173552513 
vt 0.6210753321647644 0.017647242173552513 
vt 0.5362176895141602 0.014442100189626217 
vt 0.6210753321647644 0.014442100189626217 
vt 0.5362176895141602 0.011118248105049133 
vt 0.6210753321647644 0.011118248105049133 
vt 0.5362176895141602 0.007913105189800262 
vt 0.6210753321647644 0.007913105189800262 
vt 0.5362176895141602 0.004589253105223179 
vt 0.6210753321647644 0.004589253105223179 
vt 0.5362176895141602 0.0013841099571436644 
vt 0.6210753321647644 0.0013841099571436644 
vt 0.19228242337703705 0.7185052037239075 
vt 0.12045169621706009 0.7185052037239075 
vt 0.12045169621706009 0.7259838581085205 
vt 0.974385142326355 0.3748426139354706 
vt 0.8962236046791077 0.2668174207210541 
vt 0.974385142326355 0.2668174207210541 
vt 0.19057796895503998 0.12448534369468689 
vt 0.19605658948421478 0.12460405379533768 
vt 0.19630007445812225 0.11012155562639236 
vt 0.9734112024307251 0.26111939549446106 
vt 0.9731676578521729 0.253640741109848 
vt 0.9309214949607849 0.26111939549446106 
vt 0.9306780099868774 0.253640741109848 
vt 0.19057796895503998 0.12448534369468689 
vt 0.19630007445812225 0.11012155562639236 
vt 0.19082146883010864 0.10976542532444 
vt 0.19605658948421478 0.006726014893501997 
vt 0.19057796895503998 0.0016215279465541244 
vt 0.8962236046791077 0.2668174207210541 
vt 0.974385142326355 0.3748426139354706 
vt 0.8962236046791077 0.3748426139354706 
vt 0.9653759002685547 0.3865948021411896 
vt 0.8962236046791077 0.3865948021411896 
vt 0.36491966247558594 0.13635624945163727 
vt 0.3650414049625397 0.0016215279465541244 
vt 0.35992804169654846 0.007082141935825348 
vt 0.19228242337703705 0.7185052037239075 
vt 0.19873501360416412 0.7259838581085205 
vt 0.12045169621706009 0.7259838581085205 
vt 0.12045169621706009 0.8607185482978821 
vt 0.19873501360416412 0.8607185482978821 
vt 0.9730459451675415 0.17232507467269897 
vt 0.9730459451675415 0.25055429339408875 
vt 0.9305562376976013 0.17232507467269897 
vt 0.9305562376976013 0.25055429339408875 
vt 0.19228242337703705 0.7185052037239075 
vt 0.12045169621706009 0.7259838581085205 
vt 0.12045169621706009 0.7185052037239075 
vt 0.974385142326355 0.3748426139354706 
vt 0.974385142326355 0.2668174207210541 
vt 0.8962236046791077 0.2668174207210541 
vt 0.19057796895503998 0.12448534369468689 
vt 0.19630007445812225 0.11012155562639236 
vt 0.19605658948421478 0.12460405379533768 
vt 0.9306780099868774 0.253640741109848 
vt 0.9731676578521729 0.253640741109848 
vt 0.9731676578521729 0.253640741109848 
vt 0.9306780099868774 0.253640741109848 
vt 0.35992804169654846 0.14632779359817505 
vt 0.3650414049625397 0.14620909094810486 
vt 0.35992804169654846 0.14632779359817505 
vt 0.3650414049625397 0.14620909094810486 
vt 0.8962236046791077 0.3865948021411896 
vt 0.9653759002685547 0.3865948021411896 
vt 0.8962236046791077 0.3865948021411896 
vt 0.9653759002685547 0.3865948021411896 
vt 0.12045169621706009 0.7259838581085205 
vt 0.12045169621706009 0.7185052037239075 
vt 0.12045169621706009 0.7185052037239075 
vt 0.12045169621706009 0.7259838581085205 
vt 0.12045169621706009 0.7259838581085205 
vt 0.12045169621706009 0.8607185482978821 
vt 0.12045169621706009 0.8607185482978821 
vt 0.3650414049625397 0.14620909094810486 
vt 0.36491966247558594 0.13635624945163727 
vt 0.3598062992095947 0.13659365475177765 
vt 0.35992804169654846 0.007082141935825348 
vt 0.35992804169654846 0.007082141935825348 
vt 0.3598062992095947 0.13659365475177765 
vt 0.35992804169654846 0.14632779359817505 
vt 0.35992804169654846 0.14632779359817505 
vt 0.8962236046791077 0.3865948021411896 
vt 0.8962236046791077 0.3748426139354706 
vt 0.8962236046791077 0.3865948021411896 
vt 0.8962236046791077 0.3748426139354706 
vt 0.8962236046791077 0.2668174207210541 
vt 0.8962236046791077 0.2668174207210541 
vt 0.19228242337703705 0.7185052037239075 
vt 0.19228242337703705 0.7185052037239075 
vt 0.12045169621706009 0.7185052037239075 
vt 0.12045169621706009 0.7185052037239075 
vt 0.19605658948421478 0.12460405379533768 
vt 0.19630007445812225 0.11012155562639236 
vt 0.19605658948421478 0.12460405379533768 
vt 0.19630007445812225 0.11012155562639236 
vt 0.19057796895503998 0.12448534369468689 
vt 0.19057796895503998 0.12448534369468689 
vt 0.19605658948421478 0.12460405379533768 
vt 0.19605658948421478 0.12460405379533768 
vt 0.9730459451675415 0.17232507467269897 
vt 0.9730459451675415 0.17232507467269897 
vt 0.9305562376976013 0.17232507467269897 
vt 0.9305562376976013 0.17232507467269897 
vt 0.19630007445812225 0.11012155562639236 
vt 0.19630007445812225 0.11012155562639236 
vt 0.19605658948421478 0.006726014893501997 
vt 0.19605658948421478 0.006726014893501997 
vt 0.08283187448978424 0.14157943427562714 
vt 0.08283187448978424 0.0013841099571436644 
vt 0.16574157774448395 0.14157943427562714 
vt 0.16574157774448395 0.0013841099571436644 
vt 0.06846572458744049 0.0013841099571436644 
vt 0.06846572458744049 0.25233492255210876 
vt 0.0013831299729645252 0.0013841099571436644 
vt 0.0013831299729645252 0.2829618453979492 
vt 0.22186695039272308 0.2829618453979492 
vt 0.22186695039272308 0.25233492255210876 
vt 0.37514641880989075 0.25233492255210876 
vt 0.4423507750034332 0.2829618453979492 
vt 0.4423507750034332 0.0013841099571436644 
vt 0.37514641880989075 0.0013841099571436644 
vt 0.06810048967599869 0.30290496349334717 
vt 0.09731976687908173 0.30290496349334717 
vt 0.06810048967599869 0.32925838232040405 
vt 0.0775967538356781 0.3913431763648987 
vt 0.06810048967599869 0.46173760294914246 
vt 0.0775967538356781 0.46173760294914246 
vt 0.0775967538356781 0.5320133566856384 
vt 0.06810048967599869 0.5940981507301331 
vt 0.037298496812582016 0.46173760294914246 
vt 0.037298496812582016 0.3291396498680115 
vt 0.019888674840331078 0.3913431763648987 
vt 0.012949095107614994 0.3291396498680115 
vt 0.012949095107614994 0.3913431763648987 
vt 0.10474633425474167 0.3103836476802826 
vt 0.10474633425474167 0.3824400007724762 
vt 0.09585880488157272 0.3913431763648987 
vt 0.019888674840331078 0.46173760294914246 
vt 0.019888674840331078 0.5320133566856384 
vt 0.037298496812582016 0.5942168831825256 
vt 0.012949095107614994 0.5942168831825256 
vt 0.012949095107614994 0.5320133566856384 
vt 0.06810048967599869 0.6204515695571899 
vt 0.09731976687908173 0.6204515695571899 
vt 0.10474633425474167 0.6129728555679321 
vt 0.10474633425474167 0.5409165024757385 
vt 0.09585880488157272 0.5320133566856384 
vt 0.6741570234298706 0.010287284851074219 
vt 0.6831663250923157 0.0013841099571436644 
vt 0.6741570234298706 0.028449762612581253 
vt 0.7551187872886658 0.0013841099571436644 
vt 0.7626671195030212 0.008862776681780815 
vt 0.7571884989738464 0.03794648125767708 
vt 0.6741570234298706 0.03794648125767708 
vt 0.6039090156555176 0.028449762612581253 
vt 0.6039090156555176 0.05147930979728699 
vt 0.5335392951965332 0.03794648125767708 
vt 0.5335392951965332 0.05147930979728699 
vt 0.6741570234298706 0.05147930979728699 
vt 0.5335392951965332 0.028449762612581253 
vt 0.4505078196525574 0.03794648125767708 
vt 0.44502919912338257 0.008862776681780815 
vt 0.4505078196525574 0.17196893692016602 
vt 0.44502919912338257 0.3002933859825134 
vt 0.45257750153541565 0.0013841099571436644 
vt 0.5246517062187195 0.0013841099571436644 
vt 0.5335392951965332 0.010287284851074219 
vt 0.7571884989738464 0.17196893692016602 
vt 0.7626671195030212 0.3002933859825134 
vt 0.7571884989738464 0.3002933859825134 
vt 0.453064501285553 0.3647523522377014 
vt 0.453064501285553 0.38303354382514954 
vt 0.5242865085601807 0.3647523522377014 
vt 0.5242865085601807 0.38303354382514954 
vt 0.453064501285553 0.39561671018600464 
vt 0.5242865085601807 0.39561671018600464 
vt 0.453064501285553 0.46767306327819824 
vt 0.5242865085601807 0.46767306327819824 
vt 0.453064501285553 0.47811946272850037 
vt 0.5242865085601807 0.47811946272850037 
vt 0.49981534481048584 0.5073218941688538 
vt 0.5242865085601807 0.5073218941688538 
vt 0.4753442108631134 0.5073218941688538 
vt 0.453064501285553 0.7696687579154968 
vt 0.5520448088645935 0.574867308139801 
vt 0.5520448088645935 0.49188968539237976 
vt 0.590273380279541 0.574867308139801 
vt 0.590273380279541 0.49188968539237976 
vt 0.7142118215560913 0.12579114735126495 
vt 0.7518316507339478 0.12579114735126495 
vt 0.7142118215560913 0.3641588091850281 
vt 0.7518316507339478 0.40725019574165344 
vt 0.5966042280197144 0.40725019574165344 
vt 0.5966042280197144 0.3641588091850281 
vt 0.6932713389396667 0.04874899983406067 
vt 0.7070287466049194 0.04874899983406067 
vt 0.6932713389396667 0.04103291779756546 
vt 0.7112898826599121 0.04103291779756546 
vt 0.7112898826599121 0.06643664091825485 
vt 0.7070287466049194 0.06643664091825485 
vt 0.2823752164840698 0.1710192710161209 
vt 0.11509482562541962 0.1710192710161209 
vt 0.2823752164840698 0.17636117339134216 
vt 0.11509482562541962 0.23808985948562622 
vt 0.3535971939563751 0.23808985948562622 
vt 0.30465489625930786 0.17636117339134216 
vt 0.3535971939563751 0.15024518966674805 
vt 0.3291260600090027 0.15012648701667786 
vt 0.8947626352310181 0.8683159351348877 
vt 0.8947626352310181 0.8129975199699402 
vt 0.8986585140228271 0.8683159351348877 
vt 0.8986585140228271 0.8129975199699402 
vt 0.8986585140228271 0.7300199270248413 
vt 0.8947626352310181 0.6596255302429199 
vt 0.8986585140228271 0.6596255302429199 
vt 0.8986585140228271 0.5892310738563538 
vt 0.8947626352310181 0.5062534809112549 
vt 0.8986585140228271 0.5062534809112549 
vt 0.8986585140228271 0.45093509554862976 
vt 0.8947626352310181 0.45093509554862976 
vt 0.8519076704978943 0.8129975199699402 
vt 0.8519076704978943 0.6596255302429199 
vt 0.8715089559555054 0.8129975199699402 
vt 0.8715089559555054 0.6596255302429199 
vt 0.8715089559555054 0.5062534809112549 
vt 0.8519076704978943 0.5062534809112549 
vt 0.3938954472541809 0.7154187560081482 
vt 0.3938954472541809 0.7271709442138672 
vt 0.4244539439678192 0.7154187560081482 
vt 0.43699389696121216 0.7271709442138672 
vt 0.43699389696121216 0.6601003408432007 
vt 0.4244539439678192 0.6601003408432007 
vt 0.43699389696121216 0.5771227478981018 
vt 0.4244539439678192 0.5771227478981018 
vt 0.4244539439678192 0.5067283511161804 
vt 0.4502643048763275 0.5067283511161804 
vt 0.43699389696121216 0.43633389472961426 
vt 0.4502643048763275 0.43633389472961426 
vt 0.4502643048763275 0.5771227478981018 
vt 0.4244539439678192 0.43633389472961426 
vt 0.4244539439678192 0.3533563017845154 
vt 0.43699389696121216 0.3533563017845154 
vt 0.4244539439678192 0.29803788661956787 
vt 0.43699389696121216 0.2862856984138489 
vt 0.3938954472541809 0.2862856984138489 
vt 0.3938954472541809 0.29803788661956787 
vt 0.8761353492736816 0.2937643826007843 
vt 0.8737003803253174 0.2937643826007843 
vt 0.8750395774841309 0.2588639259338379 
vt 0.8723611831665039 0.30516043305397034 
vt 0.765345573425293 0.30516043305397034 
vt 0.765345573425293 0.15333163738250732 
vt 0.8891622424125671 0.15333163738250732 
vt 0.8750395774841309 0.04768062010407448 
vt 0.8891622424125671 0.04768062010407448 
vt 0.8891622424125671 0.2588639259338379 
vt 0.765345573425293 0.0013841099571436644 
vt 0.8723611831665039 0.0013841099571436644 
vt 0.8734568953514099 0.009456321597099304 
vt 0.8761353492736816 0.009575030766427517 
vt 0.22137996554374695 0.4565144181251526 
vt 0.19690881669521332 0.4565144181251526 
vt 0.22856302559375763 0.4864290952682495 
vt 0.19690881669521332 0.7188612818717957 
vt 0.22137996554374695 0.7188612818717957 
vt 0.24597285687923431 0.5322507619857788 
vt 0.24597285687923431 0.7667010426521301 
vt 0.22856302559375763 0.8099111318588257 
vt 0.25303417444229126 0.8099111318588257 
vt 0.25303417444229126 0.7667010426521301 
vt 0.25303417444229126 0.4864290952682495 
vt 0.25303417444229126 0.5322507619857788 
vt 0.22137996554374695 0.8430309295654297 
vt 0.22856302559375763 0.8430309295654297 
vt 0.7115333676338196 0.0756959468126297 
vt 0.7115333676338196 0.20829389989376068 
vt 0.7042285799980164 0.0756959468126297 
vt 0.7042285799980164 0.20829389989376068 
vt 0.45330798625946045 0.20829389989376068 
vt 0.7042285799980164 0.34089183807373047 
vt 0.45330798625946045 0.36154720187187195 
vt 0.7042285799980164 0.36154720187187195 
vt 0.7115333676338196 0.34089183807373047 
vt 0.45330798625946045 0.054921869188547134 
vt 0.7042285799980164 0.054921869188547134 
vt 0.9685413241386414 0.7789280414581299 
vt 0.9685413241386414 0.8965686559677124 
vt 0.9014586806297302 0.7789280414581299 
vt 0.9014586806297302 0.8965686559677124 
vt 0.9777940511703491 0.34979501366615295 
vt 0.9777940511703491 0.3300893306732178 
vt 0.9982475638389587 0.34979501366615295 
vt 0.9982475638389587 0.3191680908203125 
vt 0.7484227418899536 0.0902971476316452 
vt 0.7484227418899536 0.12092407047748566 
vt 0.7445268034934998 0.0902971476316452 
vt 0.7445268034934998 0.12092407047748566 
vt 0.9675673246383667 0.3890877068042755 
vt 0.9981257915496826 0.3890877068042755 
vt 0.9675673246383667 0.44440609216690063 
vt 0.9981257915496826 0.44440609216690063 
vt 0.9924036860466003 0.14609038829803467 
vt 0.9701240062713623 0.14074847102165222 
vt 0.9701240062713623 0.14620909094810486 
vt 0.8918406963348389 0.0013841099571436644 
vt 0.8918406963348389 0.2637310028076172 
vt 0.9278777837753296 0.0013841099571436644 
vt 0.9278777837753296 0.2637310028076172 
vt 0.38939082622528076 0.8550205230712891 
vt 0.38939082622528076 0.7846260666847229 
vt 0.3181688189506531 0.8550205230712891 
vt 0.3181688189506531 0.7846260666847229 
vt 0.3181688189506531 0.7142316699028015 
vt 0.38939082622528076 0.7142316699028015 
vt 0.670017659664154 0.023938819766044617 
vt 0.6555297374725342 0.023938819766044617 
vt 0.670017659664154 0.02370140142738819 
vt 0.8889187574386597 0.5036419034004211 
vt 0.8644475936889648 0.5036419034004211 
vt 0.8644475936889648 0.47740718722343445 
vt 0.8400982022285461 0.47740718722343445 
vt 0.8400982022285461 0.5036419034004211 
vt 0.39547815918922424 0.5130199193954468 
vt 0.30684635043144226 0.5130199193954468 
vt 0.39547815918922424 0.48595425486564636 
vt 0.30684635043144226 0.44915446639060974 
vt 0.40168726444244385 0.44915446639060974 
vt 0.30684635043144226 0.4388267695903778 
vt 0.4030264914035797 0.4388267695903778 
vt 0.4030264914035797 0.4070127606391907 
vt 0.30684635043144226 0.4070127606391907 
vt 0.30684635043144226 0.37508004903793335 
vt 0.4030264914035797 0.37508004903793335 
vt 0.40168726444244385 0.3647523522377014 
vt 0.4030264914035797 0.3647523522377014 
vt 0.4030264914035797 0.33638089895248413 
vt 0.39547815918922424 0.3279525637626648 
vt 0.30684635043144226 0.3647523522377014 
vt 0.30684635043144226 0.30088692903518677 
vt 0.39547815918922424 0.30088692903518677 
vt 0.4030264914035797 0.477525919675827 
vt 0.4030264914035797 0.44915446639060974 
vt 0.008687949739396572 0.9737295508384705 
vt 0.04058566316962242 0.9737295508384705 
vt 0.0013831299729645252 0.9663695693016052 
vt 0.04058566316962242 0.9026228189468384 
vt 0.0013831299729645252 0.9026228189468384 
vt 0.0797882005572319 0.9026228189468384 
vt 0.0797882005572319 0.9663695693016052 
vt 0.0724833756685257 0.9737295508384705 
vt 0.9617234468460083 0.5927923321723938 
vt 0.9617234468460083 0.654995858669281 
vt 0.9546621441841125 0.5927923321723938 
vt 0.9373740553855896 0.654995858669281 
vt 0.9546621441841125 0.5223979353904724 
vt 0.9373740553855896 0.5223979353904724 
vt 0.9373740553855896 0.38979995250701904 
vt 0.9546621441841125 0.45200347900390625 
vt 0.9617234468460083 0.38979995250701904 
vt 0.9617234468460083 0.45200347900390625 
vt 0.9345738887786865 0.654995858669281 
vt 0.9345738887786865 0.5223979353904724 
vt 0.9014586806297302 0.654995858669281 
vt 0.9014586806297302 0.5223979353904724 
vt 0.9014586806297302 0.38979995250701904 
vt 0.9345738887786865 0.38979995250701904 
vt 0.19410863518714905 0.4565144181251526 
vt 0.1074247658252716 0.4565144181251526 
vt 0.19410863518714905 0.7074652314186096 
vt 0.1074247658252716 0.7074652314186096 
vt 0.2557125985622406 0.8433870673179626 
vt 0.268496036529541 0.8433870673179626 
vt 0.2558343708515167 0.7951911687850952 
vt 0.268496036529541 0.7951911687850952 
vt 0.2829839289188385 0.8521715402603149 
vt 0.2829839289188385 0.7858131527900696 
vt 0.297471821308136 0.7951911687850952 
vt 0.297471821308136 0.7858131527900696 
vt 0.268496036529541 0.8521715402603149 
vt 0.268496036529541 0.7858131527900696 
vt 0.297471821308136 0.8521715402603149 
vt 0.29735007882118225 0.8433870673179626 
vt 0.31013351678848267 0.7951911687850952 
vt 0.31013351678848267 0.8433870673179626 
vt 0.14504459500312805 0.1515509933233261 
vt 0.14504459500312805 0.14454716444015503 
vt 0.08283187448978424 0.1515509933233261 
vt 0.08283187448978424 0.14454716444015503 
vt 0.5023720264434814 0.04103291779756546 
vt 0.5023720264434814 0.0504109263420105 
vt 0.5151554942131042 0.04103291779756546 
vt 0.5151554942131042 0.0504109263420105 
vt 0.36893731355667114 0.29328954219818115 
vt 0.36893731355667114 0.2862856984138489 
vt 0.30684635043144226 0.29328954219818115 
vt 0.30684635043144226 0.2862856984138489 
vt 0.6769572496414185 0.04103291779756546 
vt 0.6769572496414185 0.04981738328933716 
vt 0.6897406578063965 0.04103291779756546 
vt 0.6897406578063965 0.04981738328933716 
vt 0.0971980169415474 0.5254843235015869 
vt 0.0971980169415474 0.48215556144714355 
vt 0.09013669192790985 0.5254843235015869 
vt 0.09013669192790985 0.48215556144714355 
vt 0.0013831299729645252 0.4565144181251526 
vt 0.0013831299729645252 0.5022173523902893 
vt 0.00844445638358593 0.4565144181251526 
vt 0.00844445638358593 0.5022173523902893 
vt 0.10754651576280594 0.45212218165397644 
vt 0.12093868106603622 0.45212218165397644 
vt 0.10754651576280594 0.31192684173583984 
vt 0.12093868106603622 0.31192684173583984 
vt 0.5745680332183838 0.40333276987075806 
vt 0.584064245223999 0.39383605122566223 
vt 0.5745680332183838 0.3649897873401642 
vt 0.5839425325393677 0.37448650598526 
vt 0.453064501285553 0.7696687579154968 
vt 0.4753442108631134 0.7696687579154968 
vt 0.4753442108631134 0.5073218941688538 
vt 0.12970447540283203 0.4535467028617859 
vt 0.12970447540283203 0.31655651330947876 
vt 0.263747900724411 0.4535467028617859 
vt 0.263747900724411 0.3133513629436493 
vt 0.23672008514404297 0.2862856984138489 
vt 0.11899073421955109 0.2862856984138489 
vt 0.11497308313846588 0.2995811104774475 
vt 0.010148913599550724 0.2995811104774475 
vt 0.0013831299729645252 0.2862856984138489 
vt 0.0013831299729645252 0.4535467028617859 
vt 0.010148913599550724 0.4535467028617859 
vt 0.07625753432512283 0.8112168908119202 
vt 0.06931795924901962 0.8112168908119202 
vt 0.07625753432512283 0.8052814602851868 
vt 0.06931795924901962 0.8052814602851868 
vt 0.037176746875047684 0.8112168908119202 
vt 0.037176746875047684 0.8052814602851868 
vt 0.1066942885518074 0.8308038711547852 
vt 0.1066942885518074 0.8112168908119202 
vt 0.0706571713089943 0.8308038711547852 
vt 0.002478853100910783 0.8308038711547852 
vt 0.002478853100910783 0.8112168908119202 
vt 0.0706571713089943 0.8522902131080627 
vt 0.002478853100910783 0.8522902131080627 
vt 0.002478853100910783 0.8738952875137329 
vt 0.0706571713089943 0.8738952875137329 
vt 0.037176746875047684 0.8934822678565979 
vt 0.06931795924901962 0.8934822678565979 
vt 0.06931795924901962 0.8992989659309387 
vt 0.07625753432512283 0.8992989659309387 
vt 0.07625753432512283 0.8934822678565979 
vt 0.002478853100910783 0.8934822678565979 
vt 0.1066942885518074 0.8934822678565979 
vt 0.1066942885518074 0.8738952875137329 
vt 0.037176746875047684 0.8992989659309387 
vt 0.3571278750896454 0.234528586268425 
vt 0.356032133102417 0.11807505786418915 
vt 0.3571278750896454 0.0016215279465541244 
vt 0.33837881684303284 0.0013841099571436644 
vt 0.33740484714508057 0.11783763766288757 
vt 0.16854175925254822 0.13837429881095886 
vt 0.16854175925254822 0.0013841099571436644 
vt 0.1877777874469757 0.13837429881095886 
vt 0.1877777874469757 0.0013841099571436644 
vt 0.4781443774700165 0.664611279964447 
vt 0.4781443774700165 0.5106457471847534 
vt 0.49725866317749023 0.664611279964447 
vt 0.49725866317749023 0.5106457471847534 
vt 0.7444050908088684 0.4106927514076233 
vt 0.7444050908088684 0.4166281819343567 
vt 0.7249255776405334 0.4106927514076233 
vt 0.7249255776405334 0.4166281819343567 
vt 0.9943516850471497 0.1691199243068695 
vt 0.9513749480247498 0.1691199243068695 
vt 0.9943516850471497 0.14953294396400452 
vt 0.9513749480247498 0.14953294396400452 
vt 0.9305562376976013 0.16496510803699493 
vt 0.9305562376976013 0.12792789936065674 
vt 0.9513749480247498 0.12792789936065674 
vt 0.9513749480247498 0.10644157230854034 
vt 0.9305562376976013 0.09100940823554993 
vt 0.9513749480247498 0.08685459196567535 
vt 0.9943516850471497 0.10644157230854034 
vt 0.9943516850471497 0.08685459196567535 
vt 0.3977913558483124 0.8970435261726379 
vt 0.43480244278907776 0.898111879825592 
vt 0.3977913558483124 0.9400161504745483 
vt 0.43480244278907776 0.9400161504745483 
vt 0.3977913558483124 0.9612650871276855 
vt 0.5061461925506592 0.9612650871276855 
vt 0.47144830226898193 0.9400161504745483 
vt 0.5061461925506592 0.9400161504745483 
vt 0.47144830226898193 0.8928887248039246 
vt 0.5061461925506592 0.8928887248039246 
vt 0.5868644714355469 0.3649897873401642 
vt 0.5868644714355469 0.40238311886787415 
vt 0.5920995473861694 0.3695007264614105 
vt 0.5910038352012634 0.4065379202365875 
vt 0.18351663649082184 0.9720675945281982 
vt 0.18351663649082184 0.8636862635612488 
vt 0.14650554955005646 0.9720675945281982 
vt 0.14650554955005646 0.8636862635612488 
vt 0.10949446260929108 0.8636862635612488 
vt 0.10949446260929108 0.9720675945281982 
vt 0.8225666284561157 0.8554953932762146 
vt 0.7492749691009521 0.8554953932762146 
vt 0.8225666284561157 0.7873563766479492 
vt 0.7492749691009521 0.7873563766479492 
vt 0.7492749691009521 0.7190987467765808 
vt 0.8225666284561157 0.7190987467765808 
vt 0.39219099283218384 0.7726364731788635 
vt 0.39219099283218384 0.8458799123764038 
vt 0.4603693187236786 0.7726364731788635 
vt 0.4603693187236786 0.8458799123764038 
vt 0.5285476446151733 0.8458799123764038 
vt 0.5285476446151733 0.7726364731788635 
vt 0.8600647449493408 0.970761775970459 
vt 0.8600647449493408 0.8997738361358643 
vt 0.9070590734481812 0.970761775970459 
vt 0.9070590734481812 0.8997738361358643 
vt 0.9539316296577454 0.8997738361358643 
vt 0.9539316296577454 0.970761775970459 
vt 0.3949911892414093 0.8977557420730591 
vt 0.29199323058128357 0.8977557420730591 
vt 0.29199323058128357 0.9709992408752441 
vt 0.404000461101532 0.5711873173713684 
vt 0.41739264130592346 0.5711873173713684 
vt 0.404000461101532 0.6888279318809509 
vt 0.41739264130592346 0.6888279318809509 
vt 0.9305562376976013 0.08364944905042648 
vt 0.9305562376976013 0.0640624612569809 
vt 0.9777940511703491 0.08364944905042648 
vt 0.9986128211021423 0.07949463278055191 
vt 0.9986128211021423 0.0425761342048645 
vt 0.9305562376976013 0.0425761342048645 
vt 0.9305562376976013 0.02097109518945217 
vt 0.9986128211021423 0.005538925062865019 
vt 0.9777940511703491 0.0013841099571436644 
vt 0.9305562376976013 0.0013841099571436644 
vt 0.5313478112220764 0.8931261301040649 
vt 0.5313478112220764 0.8101485371589661 
vt 0.6489554047584534 0.8931261301040649 
vt 0.6489554047584534 0.8101485371589661 
vt 0.2557125985622406 0.7824893593788147 
vt 0.2557125985622406 0.6768383383750916 
vt 0.31549039483070374 0.7824893593788147 
vt 0.31549039483070374 0.6768383383750916 
vt 0.31549039483070374 0.5711873173713684 
vt 0.2557125985622406 0.5711873173713684 
vt 0.10438109189271927 0.6233005523681641 
vt 0.10438109189271927 0.6503661870956421 
vt 0.06517855823040009 0.6233005523681641 
vt 0.06517855823040009 0.6503661870956421 
vt 0.02585427649319172 0.6503661870956421 
vt 0.02585427649319172 0.6617622971534729 
vt 0.06517855823040009 0.6617622971534729 
vt 0.02585427649319172 0.6900150179862976 
vt 0.03328084573149681 0.6972562670707703 
vt 0.06517855823040009 0.6972562670707703 
vt 0.09707627445459366 0.6972562670707703 
vt 0.10438109189271927 0.6900150179862976 
vt 0.10438109189271927 0.6617622971534729 
vt 0.02585427649319172 0.6233005523681641 
vt 0.3181688189506531 0.5711873173713684 
vt 0.4012002646923065 0.5711873173713684 
vt 0.3181688189506531 0.7112639546394348 
vt 0.4012002646923065 0.7112639546394348 
vt 0.5269649028778076 0.7696687579154968 
vt 0.5269649028778076 0.7515062689781189 
vt 0.5981869101524353 0.7696687579154968 
vt 0.5981869101524353 0.7515062689781189 
vt 0.5269649028778076 0.7389231324195862 
vt 0.5981869101524353 0.7389231324195862 
vt 0.5269649028778076 0.6668667793273926 
vt 0.5981869101524353 0.6668667793273926 
vt 0.5269649028778076 0.6563016772270203 
vt 0.5981869101524353 0.6563016772270203 
vt 0.5737158060073853 0.6270992755889893 
vt 0.5981869101524353 0.6270992755889893 
vt 0.5492446422576904 0.6270992755889893 
vt 0.5269649028778076 0.3647523522377014 
vt 0.5492446422576904 0.3647523522377014 
vt 0.9574623107910156 0.45508989691734314 
vt 0.9574623107910156 0.5380675196647644 
vt 0.9956908822059631 0.45508989691734314 
vt 0.9956908822059631 0.5380675196647644 
vt 0.3040461838245392 0.2862856984138489 
vt 0.2665480971336365 0.2862856984138489 
vt 0.3040461838245392 0.5246533751487732 
vt 0.2665480971336365 0.5677447319030762 
vt 0.42165377736091614 0.5677447319030762 
vt 0.42165377736091614 0.5246533751487732 
vt 0.9765766263008118 0.13172659277915955 
vt 0.9903340339660645 0.13172659277915955 
vt 0.9765766263008118 0.13944268226623535 
vt 0.9945951700210571 0.13944268226623535 
vt 0.9945951700210571 0.11392024159431458 
vt 0.9903340339660645 0.11392024159431458 
vt 0.8163575530052185 0.5485138893127441 
vt 0.8163575530052185 0.7157748937606812 
vt 0.8108789324760437 0.5485138893127441 
vt 0.7492749691009521 0.7157748937606812 
vt 0.7492749691009521 0.47728848457336426 
vt 0.8108789324760437 0.5263153314590454 
vt 0.8370545506477356 0.47728848457336426 
vt 0.8372980356216431 0.5018612742424011 
vt 0.7148205637931824 0.7972092628479004 
vt 0.7221253514289856 0.7671758532524109 
vt 0.6903494000434875 0.7972092628479004 
vt 0.6903494000434875 0.5348623394966125 
vt 0.7148205637931824 0.5348623394966125 
vt 0.7394134402275085 0.7214729189872742 
vt 0.7394134402275085 0.48702263832092285 
vt 0.7221253514289856 0.4438125491142273 
vt 0.7464747428894043 0.4438125491142273 
vt 0.7464747428894043 0.48702263832092285 
vt 0.7464747428894043 0.7671758532524109 
vt 0.7464747428894043 0.7214729189872742 
vt 0.7148205637931824 0.4106927514076233 
vt 0.7221253514289856 0.4106927514076233 
vt 0.9014586806297302 0.6579635739326477 
vt 0.9014586806297302 0.7756041884422302 
vt 0.9685413241386414 0.6579635739326477 
vt 0.9685413241386414 0.7756041884422302 
vt 0.9541751742362976 0.1301833689212799 
vt 0.9737764000892639 0.1301833689212799 
vt 0.9541751742362976 0.10976542532444 
vt 0.9847336411476135 0.10976542532444 
vt 0.3640674352645874 0.21957124769687653 
vt 0.3640674352645874 0.2501981854438782 
vt 0.3680850863456726 0.21957124769687653 
vt 0.3680850863456726 0.2501981854438782 
vt 0.9645236730575562 0.6458552479743958 
vt 0.9950821399688721 0.6458552479743958 
vt 0.9645236730575562 0.590536892414093 
vt 0.9950821399688721 0.590536892414093 
vt 0.2633826732635498 0.30848428606987 
vt 0.257904052734375 0.2862856984138489 
vt 0.2633826732635498 0.2862856984138489 
vt 0.46377822756767273 0.8940758109092712 
vt 0.20141345262527466 0.8940758109092712 
vt 0.46377822756767273 0.8581069707870483 
vt 0.20141345262527466 0.8581069707870483 
vt 0.6011088490486145 0.024532364681363106 
vt 0.6157184839248657 0.02429494634270668 
vt 0.6011088490486145 0.02429494634270668 
vt 0.8191577196121216 0.645736575126648 
vt 0.8191577196121216 0.6701906323432922 
vt 0.8454551100730896 0.6701906323432922 
vt 0.8454551100730896 0.6946446895599365 
vt 0.8191577196121216 0.6946446895599365 
vt 0.4505078196525574 0.3002933859825134 
vt 0.4505078196525574 0.17196893692016602 
vt 0.44502919912338257 0.3002933859825134 
vt 0.6875492334365845 0.6615248322486877 
vt 0.6009870767593384 0.6615248322486877 
vt 0.6875492334365845 0.4106927514076233 
vt 0.6009870767593384 0.4106927514076233 
vt 0.10292012989521027 0.17161281406879425 
vt 0.10998145490884781 0.17161281406879425 
vt 0.10292012989521027 0.23381632566452026 
vt 0.10998145490884781 0.23381632566452026 
vt 0.530617356300354 0.04103291779756546 
vt 0.530617356300354 0.0504109263420105 
vt 0.5178338885307312 0.04103291779756546 
vt 0.5178338885307312 0.0504109263420105 
vt 0.4058266580104828 0.4439312517642975 
vt 0.4127662479877472 0.4439312517642975 
vt 0.4058266580104828 0.5061347484588623 
vt 0.4127662479877472 0.5061347484588623 
vt 0.3492143154144287 0.13754333555698395 
vt 0.3492143154144287 0.14644651114940643 
vt 0.3364308774471283 0.13754333555698395 
vt 0.3364308774471283 0.14644651114940643 
vt 0.08039693534374237 0.5254843235015869 
vt 0.08039693534374237 0.48215556144714355 
vt 0.08745826035737991 0.5254843235015869 
vt 0.08745826035737991 0.48215556144714355 
vt 0.26277393102645874 0.4565144181251526 
vt 0.26277393102645874 0.5022173523902893 
vt 0.2557125985622406 0.4565144181251526 
vt 0.2557125985622406 0.5022173523902893 
vt 0.4058266580104828 0.30088692903518677 
vt 0.41921883821487427 0.30088692903518677 
vt 0.4058266580104828 0.441082239151001 
vt 0.41921883821487427 0.441082239151001 
vt 0.5716460943222046 0.3939547836780548 
vt 0.5622715353965759 0.40333276987075806 
vt 0.5717678070068359 0.37448650598526 
vt 0.5622715353965759 0.3649897873401642 
vt 0.19958724081516266 0.0013841099571436644 
vt 0.33363068103790283 0.0013841099571436644 
vt 0.19958724081516266 0.13837429881095886 
vt 0.33363068103790283 0.14157943427562714 
vt 0.3066028654575348 0.16864508390426636 
vt 0.1888735145330429 0.16864508390426636 
vt 0.1848558634519577 0.15534968674182892 
vt 0.08003169298171997 0.15534968674182892 
vt 0.07126590609550476 0.16864508390426636 
vt 0.07126590609550476 0.0013841099571436644 
vt 0.08003169298171997 0.0013841099571436644 
vt 0.9982475638389587 0.08269977569580078 
vt 0.9971518516540527 0.19915330410003662 
vt 0.9982475638389587 0.31560683250427246 
vt 0.9794985055923462 0.31584423780441284 
vt 0.9785245656967163 0.1993907243013382 
vt 0.8488640189170837 0.6504849195480347 
vt 0.8488640189170837 0.5134947299957275 
vt 0.8296279907226562 0.6504849195480347 
vt 0.8296279907226562 0.5134947299957275 
vt 0.5192948579788208 0.664611279964447 
vt 0.5192948579788208 0.5106457471847534 
vt 0.5000588297843933 0.664611279964447 
vt 0.5000588297843933 0.5106457471847534 
vt 0.7444050908088684 0.42565008997917175 
vt 0.7444050908088684 0.41971462965011597 
vt 0.7249255776405334 0.42565008997917175 
vt 0.7249255776405334 0.41971462965011597 
vt 0.5089463591575623 0.9605528116226196 
vt 0.5459574460983276 0.9594844579696655 
vt 0.5089463591575623 0.9175801873207092 
vt 0.5459574460983276 0.9175801873207092 
vt 0.5089463591575623 0.896331250667572 
vt 0.6173012256622314 0.896331250667572 
vt 0.5826033353805542 0.9175801873207092 
vt 0.6173012256622314 0.9175801873207092 
vt 0.5826033353805542 0.9647076725959778 
vt 0.6173012256622314 0.9647076725959778 
vt 0.42165377736091614 0.442862868309021 
vt 0.42165377736091614 0.48013749718666077 
vt 0.4164186418056488 0.4473738372325897 
vt 0.4175143837928772 0.48429232835769653 
vt 0.28931477665901184 0.8977557420730591 
vt 0.28931477665901184 0.9709992408752441 
vt 0.1863168179988861 0.8977557420730591 
vt 0.1863168179988861 0.9709992408752441 
vt 0.9847336411476135 0.648941695690155 
vt 0.9847336411476135 0.7665823101997375 
vt 0.9713414907455444 0.648941695690155 
vt 0.9713414907455444 0.7665823101997375 
vt 0.6517556309700012 0.9277891516685486 
vt 0.6517556309700012 0.8101485371589661 
vt 0.7346653342247009 0.9277891516685486 
vt 0.7346653342247009 0.8101485371589661 
vt 0.6527295708656311 0.0013841099571436644 
vt 0.6527295708656311 0.02476978302001953 
vt 0.6237537860870361 0.0013841099571436644 
vt 0.6237537860870361 0.02476978302001953 
vt 0.7142118215560913 0.11926214396953583 
vt 0.7142118215560913 0.0902971476316452 
vt 0.7417266368865967 0.11926214396953583 
vt 0.7417266368865967 0.0902971476316452 
vt 0.5313478112220764 0.7960221767425537 
vt 0.5313478112220764 0.7726364731788635 
vt 0.5774899125099182 0.7960221767425537 
vt 0.591856062412262 0.7726364731788635 
vt 0.5520448088645935 0.5780724287033081 
vt 0.5981869101524353 0.5780724287033081 
vt 0.5520448088645935 0.6069186925888062 
vt 0.5981869101524353 0.6069186925888062 
vt 0.100119948387146 0.17161281406879425 
vt 0.100119948387146 0.23215439915657043 
vt 0.07126590609550476 0.17161281406879425 
vt 0.07126590609550476 0.23215439915657043 
vt 0.8253668546676636 0.8157278299331665 
vt 0.8713871836662292 0.8157278299331665 
vt 0.8253668546676636 0.8391135334968567 
vt 0.8858751058578491 0.8391135334968567 
vt 0.08344060927629471 0.7613591551780701 
vt 0.06152614951133728 0.7801151275634766 
vt 0.06603078544139862 0.741178572177887 
vt 0.04411632567644119 0.7599346041679382 
vt 0.013192589394748211 0.723728358745575 
vt 0.035107050091028214 0.7049723267555237 
vt 0.04411632567644119 0.7599346041679382 
vt 0.06603078544139862 0.741178572177887 
vt 0.023906325921416283 0.6919143795967102 
vt 0.013192589394748211 0.723728358745575 
vt 0.0019918649923056364 0.7106704115867615 
vt 0.06152614951133728 0.7801151275634766 
vt 0.04411632567644119 0.7599346041679382 
vt 0.033767830580472946 0.8038569688796997 
vt 0.007957467809319496 0.790917694568634 
vt 0.006739997770637274 0.8081305027008057 
vt 0.11935597658157349 0.7115013599395752 
vt 0.11107717454433441 0.7376173138618469 
vt 0.10218964517116547 0.7101955413818359 
vt 0.06603078544139862 0.741178572177887 
vt 0.08344060927629471 0.7613591551780701 
vt 0.004670299123972654 0.614041268825531 
vt 0.0022353590466082096 0.612260639667511 
vt 0.0484992191195488 0.614041268825531 
vt 0.05166463926434517 0.612260639667511 
vt 0.0013831299729645252 0.6100051403045654 
vt 0.05336909741163254 0.6100051403045654 
vt 0.0013831299729645252 0.6015768051147461 
vt 0.05336909741163254 0.6015768051147461 
vt 0.05166463926434517 0.5993213653564453 
vt 0.0022353590466082096 0.5993213653564453 
vt 0.0484992191195488 0.5975407361984253 
vt 0.004670299123972654 0.5975407361984253 
vt 0.01611451618373394 0.30290496349334717 
vt 0.06006518378853798 0.30290496349334717 
vt 0.01367957703769207 0.30480432510375977 
vt 0.06323060393333435 0.30480432510375977 
vt 0.012949095107614994 0.30694106221199036 
vt 0.06481331586837769 0.30694106221199036 
vt 0.012949095107614994 0.31548812985420227 
vt 0.06481331586837769 0.31548812985420227 
vt 0.06323060393333435 0.31762489676475525 
vt 0.01367957703769207 0.31762489676475525 
vt 0.06006518378853798 0.31940552592277527 
vt 0.01611451618373394 0.31940552592277527 
vt 0.630936861038208 0.9491567611694336 
vt 0.6339805126190186 0.9491567611694336 
vt 0.630936861038208 0.9401348829269409 
vt 0.6339805126190186 0.9401348829269409 
vt 0.6339805126190186 0.9491567611694336 
vt 0.6779311895370483 0.9491567611694336 
vt 0.6339805126190186 0.9401348829269409 
vt 0.6779311895370483 0.9401348829269409 
vt 0.7461095452308655 0.9491567611694336 
vt 0.7484227418899536 0.9491567611694336 
vt 0.7461095452308655 0.9401348829269409 
vt 0.7484227418899536 0.9401348829269409 
vt 0.6991152167320251 0.9491567611694336 
vt 0.7430658340454102 0.9491567611694336 
vt 0.6991152167320251 0.9401348829269409 
vt 0.7430658340454102 0.9401348829269409 
vt 0.6815836429595947 0.9491567611694336 
vt 0.6842620372772217 0.9491567611694336 
vt 0.6815836429595947 0.9401348829269409 
vt 0.6842620372772217 0.9401348829269409 
vt 0.6954627633094788 0.9491567611694336 
vt 0.6991152167320251 0.9491567611694336 
vt 0.6954627633094788 0.9401348829269409 
vt 0.6991152167320251 0.9401348829269409 
vt 0.6842620372772217 0.9491567611694336 
vt 0.6927843689918518 0.9491567611694336 
vt 0.6842620372772217 0.9401348829269409 
vt 0.6927843689918518 0.9401348829269409 
vt 0.6201013922691345 0.9491567611694336 
vt 0.6286236643791199 0.9491567611694336 
vt 0.6201013922691345 0.9401348829269409 
vt 0.6286236643791199 0.9401348829269409 
vt 0.6779311895370483 0.9491567611694336 
vt 0.6815836429595947 0.9491567611694336 
vt 0.6779311895370483 0.9401348829269409 
vt 0.6815836429595947 0.9401348829269409 
vt 0.6286236643791199 0.9491567611694336 
vt 0.630936861038208 0.9491567611694336 
vt 0.6286236643791199 0.9401348829269409 
vt 0.630936861038208 0.9401348829269409 
vt 0.6927843689918518 0.9491567611694336 
vt 0.6954627633094788 0.9491567611694336 
vt 0.6927843689918518 0.9401348829269409 
vt 0.6954627633094788 0.9401348829269409 
vt 0.7430658340454102 0.9491567611694336 
vt 0.7461095452308655 0.9491567611694336 
vt 0.7430658340454102 0.9401348829269409 
vt 0.7461095452308655 0.9401348829269409 
vt 0.08514506369829178 0.8077743649482727 
vt 0.1070595234632492 0.7890183329582214 
vt 0.06152614951133728 0.7801151275634766 
vt 0.08344060927629471 0.7613591551780701 
vt 0.49957185983657837 0.05076705291867256 
vt 0.49957185983657837 0.04103291779756546 
vt 0.45330798625946045 0.05076705291867256 
vt 0.45330798625946045 0.04103291779756546 
vt 0.37015479803085327 0.21648481488227844 
vt 0.37015479803085327 0.170188307762146 
vt 0.3598062992095947 0.21648481488227844 
vt 0.3598062992095947 0.170188307762146 
vt 0.8887969851493835 0.0406767874956131 
vt 0.8789355158805847 0.03877744451165199 
vt 0.8784485459327698 0.0406767874956131 
vt 0.8784485459327698 0.26195037364959717 
vt 0.8886752724647522 0.26195037364959717 
vt 0.8789355158805847 0.2637310028076172 
vt 0.8886752724647522 0.30112433433532715 
vt 0.8789355158805847 0.30112433433532715 
vt 0.4451509416103363 0.0017402369994670153 
vt 0.4451509416103363 0.0022150729782879353 
vt 0.4468553960323334 0.0022150729782879353 
vt 0.7535361051559448 0.08721071481704712 
vt 0.7142118215560913 0.08721071481704712 
vt 0.7535361051559448 0.04103291779756546 
vt 0.7142118215560913 0.04103291779756546 
vt 0.9574623107910156 0.5412726402282715 
vt 0.9948386549949646 0.5412726402282715 
vt 0.9574623107910156 0.5875691771507263 
vt 0.9948386549949646 0.5875691771507263 
vt 0.8789355158805847 0.0013841099571436644 
vt 0.8887969851493835 0.0013841099571436644 
vt 0.8789355158805847 0.03877744451165199 
vt 0.8887969851493835 0.0406767874956131 
vt 0.448316365480423 0.3036172091960907 
vt 0.45002081990242004 0.3036172091960907 
vt 0.448316365480423 0.34991374611854553 
vt 0.45002081990242004 0.34991374611854553 
vt 0.5706720948219299 0.02488849125802517 
vt 0.5362176895141602 0.02488849125802517 
vt 0.5706720948219299 0.02429494634270668 
vt 0.5362176895141602 0.02429494634270668 
vt 0.19654357433319092 0.0031647449359297752 
vt 0.19617833197116852 0.0013841099571436644 
vt 0.19666531682014465 0.0013841099571436644 
vt 0.9809594750404358 0.19084367156028748 
vt 0.9801072478294373 0.19393010437488556 
vt 0.9820551872253418 0.19108109176158905 
vt 0.9813247323036194 0.19428624212741852 
vt 0.9830291867256165 0.19119979441165924 
vt 0.982785701751709 0.1945236474275589 
vt 0.9841248989105225 0.19131851196289062 
vt 0.9841248989105225 0.1945236474275589 
vt 0.9850988984107971 0.19119979441165924 
vt 0.9854641556739807 0.1945236474275589 
vt 0.9868033528327942 0.19428624212741852 
vt 0.9861946105957031 0.19108109176158905 
vt 0.9881425499916077 0.19393010437488556 
vt 0.9871686100959778 0.19084367156028748 
vt 0.9893600344657898 0.1934552788734436 
vt 0.9881425499916077 0.1904875487089157 
vt 0.9891165494918823 0.19001270830631256 
vt 0.9905775189399719 0.19286172091960907 
vt 0.9899687767028809 0.1895378679037094 
vt 0.991795003414154 0.19214947521686554 
vt 0.9799855351448059 0.1904875487089157 
vt 0.9787680506706238 0.1934552788734436 
vt 0.9791333079338074 0.19001270830631256 
vt 0.9775505661964417 0.19286172091960907 
vt 0.9763330817222595 0.19214947521686554 
vt 0.9781593084335327 0.1895378679037094 
vt 0.6728178262710571 0.0013841099571436644 
vt 0.6719655990600586 0.0018589460523799062 
vt 0.6739135384559631 0.0013841099571436644 
vt 0.6747657656669617 0.004707961808890104 
vt 0.6752527952194214 0.003876999020576477 
vt 0.6752527952194214 0.0028086178936064243 
vt 0.6747657656669617 0.0018589460523799062 
vt 0.6713568568229675 0.0028086178936064243 
vt 0.6713568568229675 0.003876999020576477 
vt 0.6739135384559631 0.005301507189869881 
vt 0.6728178262710571 0.005301507189869881 
vt 0.6719655990600586 0.004707961808890104 
vt 0.3764856457710266 0.29720693826675415 
vt 0.3759986460208893 0.2968508005142212 
vt 0.3752681612968445 0.29803788661956787 
vt 0.375024676322937 0.29744434356689453 
vt 0.37660738825798035 0.2957824170589447 
vt 0.37234625220298767 0.2947140634059906 
vt 0.3772161304950714 0.29601985216140747 
vt 0.37660738825798035 0.2947140634059906 
vt 0.3759986460208893 0.2936456799507141 
vt 0.3772161304950714 0.29447662830352783 
vt 0.3764856457710266 0.29328954219818115 
vt 0.3752681612968445 0.2925772964954376 
vt 0.375024676322937 0.29317083954811096 
vt 0.3738071918487549 0.2925772964954376 
vt 0.373928964138031 0.29317083954811096 
vt 0.3724679946899414 0.29328954219818115 
vt 0.37295496463775635 0.2937643826007843 
vt 0.3717375099658966 0.294595330953598 
vt 0.37234625220298767 0.2959011495113373 
vt 0.3717375099658966 0.29601985216140747 
vt 0.3724679946899414 0.29732564091682434 
vt 0.37295496463775635 0.2968508005142212 
vt 0.37368544936180115 0.29803788661956787 
vt 0.373928964138031 0.29744434356689453 
vt 0.24913828074932098 0.2940017879009247 
vt 0.25120797753334045 0.2940017879009247 
vt 0.24731206893920898 0.2929334044456482 
vt 0.24913828074932098 0.2862856984138489 
vt 0.2463380992412567 0.2891347408294678 
vt 0.24731206893920898 0.28735408186912537 
vt 0.25303417444229126 0.2929334044456482 
vt 0.25400814414024353 0.2911527752876282 
vt 0.25120797753334045 0.2862856984138489 
vt 0.25303417444229126 0.28735408186912537 
vt 0.25400814414024353 0.2891347408294678 
vt 0.2463380992412567 0.2911527752876282 
vt 0.5838207602500916 0.02429494634270668 
vt 0.5838207602500916 0.024651074782013893 
vt 0.5817511081695557 0.02429494634270668 
vt 0.5817511081695557 0.024651074782013893 
vt 0.579681396484375 0.02429494634270668 
vt 0.579681396484375 0.024651074782013893 
vt 0.5776116847991943 0.02429494634270668 
vt 0.5776116847991943 0.024651074782013893 
vt 0.5755419731140137 0.02429494634270668 
vt 0.5755419731140137 0.024651074782013893 
vt 0.573472261428833 0.02429494634270668 
vt 0.573472261428833 0.024651074782013893 
vt 0.5858904719352722 0.024651074782013893 
vt 0.5858904719352722 0.02429494634270668 
vt 0.5879601836204529 0.02429494634270668 
vt 0.5879601836204529 0.024651074782013893 
vt 0.5900298953056335 0.024651074782013893 
vt 0.5900298953056335 0.02429494634270668 
vt 0.5920995473861694 0.024651074782013893 
vt 0.5920995473861694 0.02429494634270668 
vt 0.5941692590713501 0.024651074782013893 
vt 0.5941692590713501 0.02429494634270668 
vt 0.5962389707565308 0.024651074782013893 
vt 0.5962389707565308 0.02429494634270668 
vt 0.5983086824417114 0.024651074782013893 
vt 0.5983086824417114 0.02429494634270668 
vt 0.3829382359981537 0.2891347408294678 
vt 0.3814772665500641 0.2891347408294678 
vt 0.3829382359981537 0.2862856984138489 
vt 0.3814772665500641 0.2862856984138489 
vt 0.3801380395889282 0.2891347408294678 
vt 0.3801380395889282 0.2862856984138489 
vt 0.37879884243011475 0.2891347408294678 
vt 0.37879884243011475 0.2862856984138489 
vt 0.37733787298202515 0.2891347408294678 
vt 0.37733787298202515 0.2862856984138489 
vt 0.3759986460208893 0.2891347408294678 
vt 0.3759986460208893 0.2862856984138489 
vt 0.3745376765727997 0.2891347408294678 
vt 0.3745376765727997 0.2862856984138489 
vt 0.3731984794139862 0.2891347408294678 
vt 0.3731984794139862 0.2862856984138489 
vt 0.3717375099658966 0.2891347408294678 
vt 0.3717375099658966 0.2862856984138489 
vt 0.18729080259799957 0.14169815182685852 
vt 0.1859515756368637 0.14169815182685852 
vt 0.18826477229595184 0.14252911508083344 
vt 0.18863001465797424 0.14371620118618011 
vt 0.18826477229595184 0.1449032872915268 
vt 0.18729080259799957 0.14561554789543152 
vt 0.1859515756368637 0.14561554789543152 
vt 0.18497760593891144 0.1449032872915268 
vt 0.18461236357688904 0.14371620118618011 
vt 0.18497760593891144 0.14252911508083344 
vt 0.6625910997390747 0.021445931866765022 
vt 0.6640520691871643 0.021445931866765022 
vt 0.6625910997390747 0.019546587020158768 
vt 0.6639302968978882 0.019546587020158768 
vt 0.6653912663459778 0.021327221766114235 
vt 0.6651477813720703 0.01942787878215313 
vt 0.6667304635047913 0.02097109518945217 
vt 0.6663652658462524 0.019190460443496704 
vt 0.6680697202682495 0.020614968612790108 
vt 0.6612518429756165 0.021445931866765022 
vt 0.6613736152648926 0.019546587020158768 
vt 0.6597909331321716 0.021327221766114235 
vt 0.6601561307907104 0.01942787878215313 
vt 0.6584516763687134 0.02097109518945217 
vt 0.6589387059211731 0.019190460443496704 
vt 0.6571124792098999 0.020614968612790108 
vt 0.657721221446991 0.01883433386683464 
vt 0.6557732820510864 0.020140131935477257 
vt 0.6565037369728088 0.018478205427527428 
vt 0.669408917427063 0.020140131935477257 
vt 0.6688001751899719 0.018478205427527428 
vt 0.6675826907157898 0.01883433386683464 
vt 0.7515881657600403 0.09445196390151978 
vt 0.7515881657600403 0.0932648777961731 
vt 0.7534143328666687 0.0932648777961731 
vt 0.7537795901298523 0.0921964943408966 
vt 0.7512229084968567 0.0921964943408966 
vt 0.7537795901298523 0.0902971476316452 
vt 0.7512229084968567 0.0902971476316452 
vt 0.7537795901298523 0.09730098396539688 
vt 0.7537795901298523 0.09920032322406769 
vt 0.7512229084968567 0.09730098396539688 
vt 0.7512229084968567 0.09920032322406769 
vt 0.7515881657600403 0.10026870667934418 
vt 0.7534143328666687 0.10026870667934418 
vt 0.7515881657600403 0.10133709013462067 
vt 0.5326870083808899 0.0013841099571436644 
vt 0.5326870083808899 0.003283454105257988 
vt 0.533295750617981 0.0013841099571436644 
vt 0.533295750617981 0.003283454105257988 
vt 0.5331740379333496 0.004470543935894966 
vt 0.532808780670166 0.004470543935894966 
vt 0.532808780670166 0.005538925062865019 
vt 0.7076374888420105 0.07201596349477768 
vt 0.7070287466049194 0.07201596349477768 
vt 0.7076374888420105 0.06952307373285294 
vt 0.7070287466049194 0.06952307373285294 
vt 0.7512229084968567 0.10418610274791718 
vt 0.7518316507339478 0.10418610274791718 
vt 0.7512229084968567 0.10608544945716858 
vt 0.7518316507339478 0.10608544945716858 
vt 0.751344621181488 0.10727253556251526 
vt 0.7517098784446716 0.10727253556251526 
vt 0.751344621181488 0.10834091901779175 
vt 0.7515881657600403 0.10133709013462067 
vt 0.7534143328666687 0.10133709013462067 
vt 0.7534143328666687 0.10026870667934418 
vt 0.751344621181488 0.10834091901779175 
vt 0.7517098784446716 0.10727253556251526 
vt 0.7517098784446716 0.10834091901779175 
vt 0.1819339245557785 0.15095745027065277 
vt 0.18217742443084717 0.15012648701667786 
vt 0.18132519721984863 0.1507200300693512 
vt 0.18144693970680237 0.15000778436660767 
vt 0.18035121262073517 0.1497703641653061 
vt 0.18022947013378143 0.150601327419281 
vt 0.17925550043582916 0.1496516466140747 
vt 0.17913374304771423 0.15048260986804962 
vt 0.17815977334976196 0.1496516466140747 
vt 0.17815977334976196 0.15036390721797943 
vt 0.1771858036518097 0.14953294396400452 
vt 0.17706404626369476 0.15024518966674805 
vt 0.1760900765657425 0.14953294396400452 
vt 0.1760900765657425 0.15024518966674805 
vt 0.17511609196662903 0.1496516466140747 
vt 0.17523784935474396 0.15024518966674805 
vt 0.15514959394931793 0.1496516466140747 
vt 0.15514959394931793 0.15024518966674805 
vt 0.15417560935020447 0.15024518966674805 
vt 0.15417560935020447 0.14953294396400452 
vt 0.1532016396522522 0.15024518966674805 
vt 0.1532016396522522 0.14953294396400452 
vt 0.15222766995429993 0.15036390721797943 
vt 0.152105912566185 0.1496516466140747 
vt 0.15113194286823273 0.15036390721797943 
vt 0.15113194286823273 0.1496516466140747 
vt 0.15003621578216553 0.150601327419281 
vt 0.15003621578216553 0.1497703641653061 
vt 0.14906224608421326 0.1507200300693512 
vt 0.1488187462091446 0.15000778436660767 
vt 0.14821001887321472 0.15012648701667786 
vt 0.14796651899814606 0.14941422641277313 
vt 0.14869700372219086 0.14929552376270294 
vt 0.14784477651119232 0.1487019807100296 
vt 0.14857524633407593 0.14858326315879822 
vt 0.14784477651119232 0.1478710174560547 
vt 0.1484535038471222 0.1478710174560547 
vt 0.14784477651119232 0.14715875685214996 
vt 0.1484535038471222 0.14715875685214996 
vt 0.14796651899814606 0.14632779359817505 
vt 0.14857524633407593 0.14644651114940643 
vt 0.1480882614850998 0.14549683034420013 
vt 0.1488187462091446 0.1457342505455017 
vt 0.14833176136016846 0.1447845846414566 
vt 0.14894048869609833 0.1449032872915268 
vt 0.1499144732952118 0.14597167074680328 
vt 0.15003621578216553 0.14514070749282837 
vt 0.1822991669178009 0.14941422641277313 
vt 0.14833176136016846 0.15095745027065277 
vt 0.1499144732952118 0.14656521379947662 
vt 0.14979271590709686 0.14727747440338135 
vt 0.14979271590709686 0.1478710174560547 
vt 0.14979271590709686 0.14846456050872803 
vt 0.1499144732952118 0.14917682111263275 
vt 0.151010200381279 0.14905810356140137 
vt 0.152105912566185 0.14893940091133118 
vt 0.1532016396522522 0.14893940091133118 
vt 0.15417560935020447 0.14893940091133118 
vt 0.15527133643627167 0.14905810356140137 
vt 0.17511609196662903 0.14905810356140137 
vt 0.1760900765657425 0.14893940091133118 
vt 0.1771858036518097 0.14893940091133118 
vt 0.17815977334976196 0.14893940091133118 
vt 0.17925550043582916 0.14905810356140137 
vt 0.1804729700088501 0.14917682111263275 
vt 0.18169043958187103 0.14929552376270294 
vt 0.18242092430591583 0.1487019807100296 
vt 0.18181218206882477 0.14858326315879822 
vt 0.18254266679286957 0.1478710174560547 
vt 0.18181218206882477 0.1478710174560547 
vt 0.18242092430591583 0.14715875685214996 
vt 0.18181218206882477 0.14715875685214996 
vt 0.1822991669178009 0.14632779359817505 
vt 0.1804729700088501 0.1478710174560547 
vt 0.1804729700088501 0.14846456050872803 
vt 0.17925550043582916 0.14846456050872803 
vt 0.1793772429227829 0.1478710174560547 
vt 0.1804729700088501 0.14727747440338135 
vt 0.18169043958187103 0.14644651114940643 
vt 0.18217742443084717 0.14549683034420013 
vt 0.18144693970680237 0.1457342505455017 
vt 0.1819339245557785 0.1447845846414566 
vt 0.18132519721984863 0.1449032872915268 
vt 0.18035121262073517 0.14597167074680328 
vt 0.18022947013378143 0.14514070749282837 
vt 0.1804729700088501 0.146683931350708 
vt 0.17925550043582916 0.14727747440338135 
vt 0.17815977334976196 0.1478710174560547 
vt 0.17815977334976196 0.14834585785865784 
vt 0.1771858036518097 0.14834585785865784 
vt 0.1771858036518097 0.1478710174560547 
vt 0.17815977334976196 0.14739617705345154 
vt 0.17925550043582916 0.146683931350708 
vt 0.17925550043582916 0.14609038829803467 
vt 0.17913374304771423 0.14525942504405975 
vt 0.17815977334976196 0.14609038829803467 
vt 0.17815977334976196 0.14537812769412994 
vt 0.17815977334976196 0.1468026340007782 
vt 0.1771858036518097 0.14739617705345154 
vt 0.1760900765657425 0.1478710174560547 
vt 0.1760900765657425 0.14834585785865784 
vt 0.1749943494796753 0.14846456050872803 
vt 0.1749943494796753 0.1478710174560547 
vt 0.1760900765657425 0.14739617705345154 
vt 0.1771858036518097 0.1468026340007782 
vt 0.1771858036518097 0.14620909094810486 
vt 0.17706404626369476 0.14549683034420013 
vt 0.1760900765657425 0.14620909094810486 
vt 0.1760900765657425 0.14549683034420013 
vt 0.1760900765657425 0.1468026340007782 
vt 0.1749943494796753 0.14727747440338135 
vt 0.17511609196662903 0.146683931350708 
vt 0.17511609196662903 0.14609038829803467 
vt 0.17523784935474396 0.14549683034420013 
vt 0.15514959394931793 0.14549683034420013 
vt 0.15514959394931793 0.14609038829803467 
vt 0.15417560935020447 0.14549683034420013 
vt 0.15417560935020447 0.14620909094810486 
vt 0.1532016396522522 0.14549683034420013 
vt 0.1532016396522522 0.14620909094810486 
vt 0.15222766995429993 0.14537812769412994 
vt 0.152105912566185 0.14609038829803467 
vt 0.15113194286823273 0.14525942504405975 
vt 0.15113194286823273 0.14609038829803467 
vt 0.151010200381279 0.146683931350708 
vt 0.151010200381279 0.14727747440338135 
vt 0.151010200381279 0.1478710174560547 
vt 0.151010200381279 0.14846456050872803 
vt 0.152105912566185 0.14834585785865784 
vt 0.1532016396522522 0.14834585785865784 
vt 0.15417560935020447 0.14834585785865784 
vt 0.15527133643627167 0.14846456050872803 
vt 0.15527133643627167 0.1478710174560547 
vt 0.15527133643627167 0.14727747440338135 
vt 0.15527133643627167 0.146683931350708 
vt 0.15417560935020447 0.1468026340007782 
vt 0.1532016396522522 0.1468026340007782 
vt 0.152105912566185 0.1468026340007782 
vt 0.152105912566185 0.14727747440338135 
vt 0.152105912566185 0.1478710174560547 
vt 0.1532016396522522 0.1478710174560547 
vt 0.1532016396522522 0.14739617705345154 
vt 0.15417560935020447 0.14739617705345154 
vt 0.15417560935020447 0.1478710174560547 
vt 0.5861339569091797 0.6164154410362244 
vt 0.5863774418830872 0.6157031655311584 
vt 0.5855252146720886 0.6162967085838318 
vt 0.5856469869613647 0.6155844926834106 
vt 0.5845512747764587 0.6153470873832703 
vt 0.5844295024871826 0.6160593032836914 
vt 0.5834555625915527 0.6152283549308777 
vt 0.5833337903022766 0.6159406304359436 
vt 0.582359790802002 0.6151096224784851 
vt 0.582359790802002 0.615821897983551 
vt 0.5813858509063721 0.6151096224784851 
vt 0.5813858509063721 0.615821897983551 
vt 0.5804118514060974 0.6151096224784851 
vt 0.5804118514060974 0.6157031655311584 
vt 0.5794379115104675 0.6151096224784851 
vt 0.5794379115104675 0.615821897983551 
vt 0.5593496561050415 0.6151096224784851 
vt 0.5593496561050415 0.6157031655311584 
vt 0.5583756566047668 0.6157031655311584 
vt 0.5583756566047668 0.6151096224784851 
vt 0.5574016571044922 0.615821897983551 
vt 0.5574016571044922 0.6151096224784851 
vt 0.5564277172088623 0.615821897983551 
vt 0.5564277172088623 0.6151096224784851 
vt 0.5553320050239563 0.6159406304359436 
vt 0.5553320050239563 0.6152283549308777 
vt 0.5543580055236816 0.6160593032836914 
vt 0.5542362332344055 0.6153470873832703 
vt 0.5532622933387756 0.6162967085838318 
vt 0.5530188083648682 0.6155844926834106 
vt 0.5524100661277771 0.6157031655311584 
vt 0.552288293838501 0.6149909496307373 
vt 0.552897036075592 0.6148722171783447 
vt 0.5521665811538696 0.6141599416732788 
vt 0.5527752637863159 0.6141599416732788 
vt 0.5520448088645935 0.6134477257728577 
vt 0.5526535511016846 0.6134477257728577 
vt 0.5520448088645935 0.612616777420044 
vt 0.5527752637863159 0.6127354502677917 
vt 0.5521665811538696 0.611904501914978 
vt 0.552897036075592 0.6120232343673706 
vt 0.5524100661277771 0.6110735535621643 
vt 0.5530188083648682 0.6111922264099121 
vt 0.5525317788124084 0.6103612780570984 
vt 0.5532622933387756 0.610480010509491 
vt 0.5542362332344055 0.6114296317100525 
vt 0.5543580055236816 0.6107174158096313 
vt 0.5864992141723633 0.6149909496307373 
vt 0.5526535511016846 0.6164154410362244 
vt 0.5541145205497742 0.6121419072151184 
vt 0.5541145205497742 0.6128541827201843 
vt 0.553992748260498 0.6134477257728577 
vt 0.5541145205497742 0.614041268825531 
vt 0.5541145205497742 0.6146348118782043 
vt 0.5552102327346802 0.6145160794258118 
vt 0.5563059449195862 0.6145160794258118 
vt 0.5574016571044922 0.6145160794258118 
vt 0.5583756566047668 0.6145160794258118 
vt 0.5594713687896729 0.6145160794258118 
vt 0.5793161392211914 0.6145160794258118 
vt 0.5802901387214661 0.6145160794258118 
vt 0.5813858509063721 0.6145160794258118 
vt 0.582359790802002 0.6145160794258118 
vt 0.5834555625915527 0.6145160794258118 
vt 0.5846729874610901 0.6146348118782043 
vt 0.5858904719352722 0.6148722171783447 
vt 0.5866209864616394 0.6141599416732788 
vt 0.5860122442245483 0.6141599416732788 
vt 0.5867426991462708 0.6134477257728577 
vt 0.5861339569091797 0.6134477257728577 
vt 0.5867426991462708 0.612616777420044 
vt 0.5860122442245483 0.6127354502677917 
vt 0.5866209864616394 0.611904501914978 
vt 0.5847947597503662 0.6134477257728577 
vt 0.5846729874610901 0.614041268825531 
vt 0.5835772752761841 0.6139225363731384 
vt 0.5835772752761841 0.6134477257728577 
vt 0.5846729874610901 0.6128541827201843 
vt 0.5858904719352722 0.6120232343673706 
vt 0.5863774418830872 0.6110735535621643 
vt 0.5857687592506409 0.6111922264099121 
vt 0.5862557291984558 0.6103612780570984 
vt 0.5855252146720886 0.610480010509491 
vt 0.5845512747764587 0.6114296317100525 
vt 0.5844295024871826 0.6107174158096313 
vt 0.5846729874610901 0.6121419072151184 
vt 0.5835772752761841 0.6128541827201843 
vt 0.5824815630912781 0.6134477257728577 
vt 0.5824815630912781 0.6139225363731384 
vt 0.5813858509063721 0.6139225363731384 
vt 0.5813858509063721 0.6134477257728577 
vt 0.5824815630912781 0.6128541827201843 
vt 0.5834555625915527 0.612260639667511 
vt 0.5834555625915527 0.6115483641624451 
vt 0.5833337903022766 0.6108360886573792 
vt 0.582359790802002 0.6116670966148376 
vt 0.582359790802002 0.6109548211097717 
vt 0.582359790802002 0.612260639667511 
vt 0.5813858509063721 0.6128541827201843 
vt 0.5802901387214661 0.6134477257728577 
vt 0.5802901387214661 0.6139225363731384 
vt 0.5791943669319153 0.6139225363731384 
vt 0.5791943669319153 0.6134477257728577 
vt 0.5802901387214661 0.6128541827201843 
vt 0.5813858509063721 0.6123793125152588 
vt 0.5813858509063721 0.6116670966148376 
vt 0.5813858509063721 0.6110735535621643 
vt 0.5804118514060974 0.6116670966148376 
vt 0.5804118514060974 0.6110735535621643 
vt 0.5802901387214661 0.6123793125152588 
vt 0.5791943669319153 0.6128541827201843 
vt 0.5793161392211914 0.612260639667511 
vt 0.5794379115104675 0.6116670966148376 
vt 0.5794379115104675 0.6110735535621643 
vt 0.5593496561050415 0.6110735535621643 
vt 0.5593496561050415 0.6116670966148376 
vt 0.5583756566047668 0.6110735535621643 
vt 0.5583756566047668 0.6116670966148376 
vt 0.5574016571044922 0.6109548211097717 
vt 0.5574016571044922 0.6116670966148376 
vt 0.5564277172088623 0.6109548211097717 
vt 0.5564277172088623 0.6116670966148376 
vt 0.5553320050239563 0.6108360886573792 
vt 0.5553320050239563 0.6115483641624451 
vt 0.5552102327346802 0.612260639667511 
vt 0.5552102327346802 0.6128541827201843 
vt 0.5552102327346802 0.6134477257728577 
vt 0.5552102327346802 0.6139225363731384 
vt 0.5563059449195862 0.6139225363731384 
vt 0.5574016571044922 0.6139225363731384 
vt 0.558497428894043 0.6139225363731384 
vt 0.5594713687896729 0.6139225363731384 
vt 0.559593141078949 0.6134477257728577 
vt 0.5594713687896729 0.6128541827201843 
vt 0.5594713687896729 0.612260639667511 
vt 0.5583756566047668 0.612260639667511 
vt 0.5574016571044922 0.6123793125152588 
vt 0.5563059449195862 0.612260639667511 
vt 0.5563059449195862 0.6128541827201843 
vt 0.5563059449195862 0.6134477257728577 
vt 0.5574016571044922 0.6134477257728577 
vt 0.5574016571044922 0.6128541827201843 
vt 0.558497428894043 0.6128541827201843 
vt 0.558497428894043 0.6134477257728577 
vt 0.3949911892414093 0.8977557420730591 
vt 0.29199323058128357 0.9709992408752441 
vt 0.3949911892414093 0.9709992408752441 
vt 0.023906325921416283 0.6919143795967102 
vt 0.035107050091028214 0.7049723267555237 
vt 0.013192589394748211 0.723728358745575 
vt 0.5331740379333496 0.004470543935894966 
vt 0.532808780670166 0.005538925062865019 
vt 0.5331740379333496 0.005538925062865019 
vt 0.7534143328666687 0.0932648777961731 
vt 0.7534143328666687 0.09445196390151978 
vt 0.7515881657600403 0.09445196390151978 
vt 0.11022494733333588 0.3086029887199402 
vt 0.11180765926837921 0.3057539761066437 
vt 0.10693778097629547 0.3086029887199402 
vt 0.10535506904125214 0.3057539761066437 
vt 0.10693778097629547 0.30290496349334717 
vt 0.11022494733333588 0.30290496349334717 
vt 0.9673238396644592 0.13338851928710938 
vt 0.9651323556900024 0.13338851928710938 
vt 0.9673238396644592 0.146683931350708 
vt 0.9651323556900024 0.146683931350708 
vt 0.9629409313201904 0.13338851928710938 
vt 0.9629409313201904 0.146683931350708 
vt 0.9607495069503784 0.146683931350708 
vt 0.9607495069503784 0.13338851928710938 
vt 0.9585580229759216 0.13338851928710938 
vt 0.9585580229759216 0.146683931350708 
vt 0.9563665986061096 0.13338851928710938 
vt 0.9563665986061096 0.146683931350708 
vt 0.9541751742362976 0.146683931350708 
vt 0.6554080247879028 0.014679517596960068 
vt 0.6575994491577148 0.014679517596960068 
vt 0.6554080247879028 0.0013841099571436644 
vt 0.6575994491577148 0.0013841099571436644 
vt 0.659912645816803 0.014679517596960068 
vt 0.659912645816803 0.0013841099571436644 
vt 0.662104070186615 0.0013841099571436644 
vt 0.662104070186615 0.014679517596960068 
vt 0.6641737818717957 0.014679517596960068 
vt 0.6641737818717957 0.0013841099571436644 
vt 0.6664869785308838 0.014679517596960068 
vt 0.6664869785308838 0.0013841099571436644 
vt 0.6686784625053406 0.0013841099571436644 
vt 0.19617833197116852 0.12970854341983795 
vt 0.19337815046310425 0.12804661691188812 
vt 0.19617833197116852 0.13291367888450623 
vt 0.19337815046310425 0.13457560539245605 
vt 0.19057796895503998 0.13291367888450623 
vt 0.19057796895503998 0.12970854341983795 
vt 0.6664869785308838 0.014679517596960068 
vt 0.6686784625053406 0.014679517596960068 
vt 0.6686784625053406 0.0013841099571436644 
vt 0.9563665986061096 0.13338851928710938 
vt 0.9541751742362976 0.146683931350708 
vt 0.9541751742362976 0.13338851928710938 
vt 0.5594713687896729 0.407606303691864 
vt 0.5594713687896729 0.3651084899902344 
vt 0.5520448088645935 0.40736889839172363 
vt 0.5520448088645935 0.3648710548877716 
vt 0.43979406356811523 0.4262436330318451 
vt 0.44527268409729004 0.421139121055603 
vt 0.4400375783443451 0.3179810047149658 
vt 0.4455161988735199 0.31762489676475525 
vt 0.43979406356811523 0.3037359416484833 
vt 0.44527268409729004 0.3036172091960907 
vt 0.857264518737793 0.9286201000213623 
vt 0.8456985950469971 0.8588192462921143 
vt 0.8456985950469971 0.9370484352111816 
vt 0.737465500831604 0.8588192462921143 
vt 0.737465500831604 0.9370484352111816 
vt 0.43979406356811523 0.7247967720031738 
vt 0.43991583585739136 0.7151813507080078 
vt 0.44490745663642883 0.7154187560081482 
vt 0.44490745663642883 0.5859072208404541 
vt 0.43979406356811523 0.5804466009140015 
vt 0.6009870767593384 0.66496741771698 
vt 0.6791486740112305 0.7997021079063416 
vt 0.6009870767593384 0.7997021079063416 
vt 0.6731830835342407 0.8071808218955994 
vt 0.6009870767593384 0.8071808218955994 
vt 0.5520448088645935 0.4106927514076233 
vt 0.5520448088645935 0.48892197012901306 
vt 0.5945345163345337 0.4106927514076233 
vt 0.5945345163345337 0.48892197012901306 
vt 0.6903494000434875 0.495332270860672 
vt 0.6936365962028503 0.495332270860672 
vt 0.6903494000434875 0.4106927514076233 
vt 0.6936365962028503 0.4106927514076233 
vt 0.6969237327575684 0.495332270860672 
vt 0.6969237327575684 0.4106927514076233 
vt 0.700089156627655 0.495332270860672 
vt 0.700089156627655 0.4106927514076233 
vt 0.7033763527870178 0.495332270860672 
vt 0.7033763527870178 0.4106927514076233 
vt 0.7066634893417358 0.495332270860672 
vt 0.7066634893417358 0.4106927514076233 
vt 0.7099506855010986 0.495332270860672 
vt 0.7099506855010986 0.4106927514076233 
vt 0.43979406356811523 0.7247967720031738 
vt 0.44490745663642883 0.7154187560081482 
vt 0.44490745663642883 0.7249154448509216 
vt 0.8456985950469971 0.8588192462921143 
vt 0.857264518737793 0.9286201000213623 
vt 0.857264518737793 0.8588192462921143 
vt 0.6009870767593384 0.66496741771698 
vt 0.6791486740112305 0.66496741771698 
vt 0.6791486740112305 0.7997021079063416 
vt 0.5594713687896729 0.407606303691864 
vt 0.5520448088645935 0.40736889839172363 
vt 0.5594713687896729 0.3651084899902344 
vt 0.5520448088645935 0.3648710548877716 
vt 0.43979406356811523 0.4262436330318451 
vt 0.4400375783443451 0.3179810047149658 
vt 0.44527268409729004 0.421139121055603 
vt 0.4455161988735199 0.31762489676475525 
vt 0.43979406356811523 0.3037359416484833 
vt 0.44527268409729004 0.3036172091960907 
vt 0.857264518737793 0.9286201000213623 
vt 0.8456985950469971 0.8588192462921143 
vt 0.8456985950469971 0.9370484352111816 
vt 0.737465500831604 0.8588192462921143 
vt 0.737465500831604 0.9370484352111816 
vt 0.44490745663642883 0.5859072208404541 
vt 0.44490745663642883 0.7154187560081482 
vt 0.43991583585739136 0.7151813507080078 
vt 0.43979406356811523 0.7247967720031738 
vt 0.6009870767593384 0.66496741771698 
vt 0.6791486740112305 0.7997021079063416 
vt 0.6009870767593384 0.7997021079063416 
vt 0.6731830835342407 0.8071808218955994 
vt 0.6009870767593384 0.8071808218955994 
vt 0.5945345163345337 0.4106927514076233 
vt 0.5520448088645935 0.4106927514076233 
vt 0.5520448088645935 0.48892197012901306 
vt 0.43979406356811523 0.7247967720031738 
vt 0.44490745663642883 0.7154187560081482 
vt 0.44490745663642883 0.7249154448509216 
vt 0.8456985950469971 0.8588192462921143 
vt 0.857264518737793 0.9286201000213623 
vt 0.857264518737793 0.8588192462921143 
vt 0.43991583585739136 0.7151813507080078 
vt 0.43979406356811523 0.5804466009140015 
vt 0.44490745663642883 0.5859072208404541 
vt 0.6009870767593384 0.66496741771698 
vt 0.6791486740112305 0.7997021079063416 
vt 0.6791486740112305 0.66496741771698 
vt 0.5945345163345337 0.4106927514076233 
vt 0.5945345163345337 0.48892197012901306 
vt 0.5520448088645935 0.48892197012901306 
vt 0.4455161988735199 0.31762489676475525 
vt 0.44527268409729004 0.3036172091960907 
vt 0.4455161988735199 0.31762489676475525 
vt 0.44527268409729004 0.3036172091960907 
vt 0.6731830835342407 0.8071808218955994 
vt 0.6731830835342407 0.8071808218955994 
vt 0.6009870767593384 0.8071808218955994 
vt 0.6009870767593384 0.8071808218955994 
vt 0.6009870767593384 0.8071808218955994 
vt 0.6009870767593384 0.8071808218955994 
vt 0.6009870767593384 0.7997021079063416 
vt 0.6009870767593384 0.7997021079063416 
vt 0.6009870767593384 0.66496741771698 
vt 0.6009870767593384 0.66496741771698 
vt 0.44490745663642883 0.7154187560081482 
vt 0.44490745663642883 0.7154187560081482 
vt 0.44490745663642883 0.5859072208404541 
vt 0.44490745663642883 0.5859072208404541 
vt 0.44490745663642883 0.7154187560081482 
vt 0.44490745663642883 0.7249154448509216 
vt 0.44490745663642883 0.7154187560081482 
vt 0.44490745663642883 0.7249154448509216 
vt 0.43979406356811523 0.7247967720031738 
vt 0.43979406356811523 0.7247967720031738 
vt 0.44490745663642883 0.7249154448509216 
vt 0.44490745663642883 0.7249154448509216 
vt 0.5520448088645935 0.3648710548877716 
vt 0.5520448088645935 0.3648710548877716 
vt 0.5520448088645935 0.40736889839172363 
vt 0.5520448088645935 0.40736889839172363 
vt 0.5520448088645935 0.4106927514076233 
vt 0.5945345163345337 0.4106927514076233 
vt 0.5520448088645935 0.4106927514076233 
vt 0.5945345163345337 0.4106927514076233 
vt 0.4455161988735199 0.31762489676475525 
vt 0.44527268409729004 0.421139121055603 
vt 0.4455161988735199 0.31762489676475525 
vt 0.44527268409729004 0.421139121055603 
vt 0.737465500831604 0.8588192462921143 
vt 0.8456985950469971 0.8588192462921143 
vt 0.737465500831604 0.8588192462921143 
vt 0.8456985950469971 0.8588192462921143 
vt 0.857264518737793 0.8588192462921143 
vt 0.857264518737793 0.8588192462921143 
vt 0.8456985950469971 0.8588192462921143 
vt 0.8456985950469971 0.8588192462921143 
vt 0.43979406356811523 0.3037359416484833 
vt 0.44527268409729004 0.3036172091960907 
vt 0.43979406356811523 0.3037359416484833 
vt 0.44527268409729004 0.3036172091960907 
vt 0.857264518737793 0.9286201000213623 
vt 0.857264518737793 0.9286201000213623 
vt 0.857264518737793 0.8588192462921143 
vt 0.857264518737793 0.8588192462921143 
vt 0.36138901114463806 0.24105757474899292 
vt 0.24536411464214325 0.24461884796619415 
vt 0.24536411464214325 0.24105757474899292 
vt 0.21005748212337494 0.24461884796619415 
vt 0.21005748212337494 0.24105757474899292 
vt 0.07126590609550476 0.24461884796619415 
vt 0.07126590609550476 0.24105757474899292 
vt 0.36784160137176514 0.1671018749475479 
vt 0.371372252702713 0.1671018749475479 
vt 0.36784160137176514 0.0013841099571436644 
vt 0.371372252702713 0.0013841099571436644 
vt 0.8934233784675598 0.30848428606987 
vt 0.7546318173408508 0.30848428606987 
vt 0.8934233784675598 0.4473738372325897 
vt 0.7546318173408508 0.47420206665992737 
vt 0.8705349564552307 0.47420206665992737 
vt 0.7457442879676819 0.48987165093421936 
vt 0.7457442879676819 0.6286424398422241 
vt 0.7422136068344116 0.48987165093421936 
vt 0.7422136068344116 0.6286424398422241 
vt 0.24536411464214325 0.24461884796619415 
vt 0.36138901114463806 0.24105757474899292 
vt 0.36138901114463806 0.24461884796619415 
vt 0.9771853089332581 0.32071131467819214 
vt 0.9771853089332581 0.3240351676940918 
vt 0.9799855351448059 0.3191680908203125 
vt 0.9799855351448059 0.3256970942020416 
vt 0.9829074144363403 0.3240351676940918 
vt 0.9829074144363403 0.32071131467819214 
vt 0.3495795428752899 0.12092407047748566 
vt 0.3495795428752899 0.1342194825410843 
vt 0.3473881185054779 0.12092407047748566 
vt 0.3473881185054779 0.1342194825410843 
vt 0.3451966643333435 0.12092407047748566 
vt 0.3451966643333435 0.1342194825410843 
vt 0.3430052101612091 0.1342194825410843 
vt 0.3430052101612091 0.12092407047748566 
vt 0.3408137559890747 0.12092407047748566 
vt 0.3408137559890747 0.1342194825410843 
vt 0.3386223316192627 0.12092407047748566 
vt 0.3386223316192627 0.1342194825410843 
vt 0.3364308774471283 0.1342194825410843 
vt 0.9891165494918823 0.17232507467269897 
vt 0.9869250655174255 0.17232507467269897 
vt 0.9891165494918823 0.1856204718351364 
vt 0.9869250655174255 0.1856204718351364 
vt 0.9846119284629822 0.17232507467269897 
vt 0.9846119284629822 0.1856204718351364 
vt 0.9824204444885254 0.1856204718351364 
vt 0.9824204444885254 0.17232507467269897 
vt 0.9802290201187134 0.17232507467269897 
vt 0.9802290201187134 0.1856204718351364 
vt 0.9780375361442566 0.17232507467269897 
vt 0.9780375361442566 0.1856204718351364 
vt 0.9758461117744446 0.1856204718351364 
vt 0.39085179567337036 0.2916276156902313 
vt 0.38792985677719116 0.2899656891822815 
vt 0.39085179567337036 0.2948327660560608 
vt 0.3851296603679657 0.2916276156902313 
vt 0.3851296603679657 0.2948327660560608 
vt 0.38792985677719116 0.2964946925640106 
vt 0.9780375361442566 0.17232507467269897 
vt 0.9758461117744446 0.1856204718351364 
vt 0.9758461117744446 0.17232507467269897 
vt 0.3386223316192627 0.12092407047748566 
vt 0.3364308774471283 0.12092407047748566 
vt 0.3364308774471283 0.1342194825410843 
vt 0.08039693534374237 0.47942525148391724 
vt 0.08039693534374237 0.39466702938079834 
vt 0.08368410170078278 0.47942525148391724 
vt 0.08368410170078278 0.39466702938079834 
vt 0.08684952557086945 0.47942525148391724 
vt 0.08684952557086945 0.39466702938079834 
vt 0.09013669192790985 0.47942525148391724 
vt 0.09013669192790985 0.39466702938079834 
vt 0.09342385828495026 0.47942525148391724 
vt 0.09342385828495026 0.39466702938079834 
vt 0.09671103209257126 0.47942525148391724 
vt 0.09671103209257126 0.39466702938079834 
vt 0.09987645596265793 0.47942525148391724 
vt 0.09987645596265793 0.39466702938079834 
vt 0.36138901114463806 0.24105757474899292 
vt 0.24536411464214325 0.24105757474899292 
vt 0.24536411464214325 0.24461884796619415 
vt 0.21005748212337494 0.24461884796619415 
vt 0.21005748212337494 0.24105757474899292 
vt 0.07126590609550476 0.24461884796619415 
vt 0.07126590609550476 0.24105757474899292 
vt 0.36784160137176514 0.1671018749475479 
vt 0.371372252702713 0.1671018749475479 
vt 0.36784160137176514 0.0013841099571436644 
vt 0.371372252702713 0.0013841099571436644 
vt 0.8934233784675598 0.30848428606987 
vt 0.7546318173408508 0.30848428606987 
vt 0.8934233784675598 0.4473738372325897 
vt 0.7546318173408508 0.47420206665992737 
vt 0.8705349564552307 0.47420206665992737 
vt 0.7457442879676819 0.6286424398422241 
vt 0.7422136068344116 0.48987165093421936 
vt 0.7457442879676819 0.48987165093421936 
vt 0.24536411464214325 0.24461884796619415 
vt 0.36138901114463806 0.24461884796619415 
vt 0.36138901114463806 0.24105757474899292 
vt 0.7457442879676819 0.6286424398422241 
vt 0.7422136068344116 0.6286424398422241 
vt 0.7422136068344116 0.48987165093421936 
vt 0.371372252702713 0.1671018749475479 
vt 0.371372252702713 0.0013841099571436644 
vt 0.371372252702713 0.1671018749475479 
vt 0.371372252702713 0.0013841099571436644 
vt 0.7422136068344116 0.48987165093421936 
vt 0.7422136068344116 0.6286424398422241 
vt 0.7422136068344116 0.48987165093421936 
vt 0.7422136068344116 0.6286424398422241 
vt 0.21005748212337494 0.24105757474899292 
vt 0.21005748212337494 0.24105757474899292 
vt 0.07126590609550476 0.24105757474899292 
vt 0.07126590609550476 0.24105757474899292 
vt 0.36138901114463806 0.24105757474899292 
vt 0.24536411464214325 0.24105757474899292 
vt 0.36138901114463806 0.24105757474899292 
vt 0.24536411464214325 0.24105757474899292 
vt 0.21005748212337494 0.24105757474899292 
vt 0.21005748212337494 0.24105757474899292 
vt 0.36138901114463806 0.24105757474899292 
vt 0.24536411464214325 0.24461884796619415 
vt 0.24536411464214325 0.24105757474899292 
vt 0.21005748212337494 0.24461884796619415 
vt 0.21005748212337494 0.24105757474899292 
vt 0.07126590609550476 0.24461884796619415 
vt 0.07126590609550476 0.24105757474899292 
vt 0.36784160137176514 0.1671018749475479 
vt 0.371372252702713 0.1671018749475479 
vt 0.36784160137176514 0.0013841099571436644 
vt 0.371372252702713 0.0013841099571436644 
vt 0.8934233784675598 0.30848428606987 
vt 0.7546318173408508 0.30848428606987 
vt 0.8934233784675598 0.4473738372325897 
vt 0.7546318173408508 0.47420206665992737 
vt 0.8705349564552307 0.47420206665992737 
vt 0.7457442879676819 0.6286424398422241 
vt 0.7422136068344116 0.48987165093421936 
vt 0.7457442879676819 0.48987165093421936 
vt 0.24536411464214325 0.24461884796619415 
vt 0.36138901114463806 0.24461884796619415 
vt 0.36138901114463806 0.24105757474899292 
vt 0.9771853089332581 0.32071131467819214 
vt 0.9799855351448059 0.3191680908203125 
vt 0.9771853089332581 0.3240351676940918 
vt 0.9799855351448059 0.3256970942020416 
vt 0.9829074144363403 0.3240351676940918 
vt 0.9829074144363403 0.32071131467819214 
vt 0.3495795428752899 0.12092407047748566 
vt 0.3495795428752899 0.1342194825410843 
vt 0.3473881185054779 0.12092407047748566 
vt 0.3473881185054779 0.1342194825410843 
vt 0.3451966643333435 0.12092407047748566 
vt 0.3451966643333435 0.1342194825410843 
vt 0.3430052101612091 0.1342194825410843 
vt 0.3430052101612091 0.12092407047748566 
vt 0.3408137559890747 0.12092407047748566 
vt 0.3408137559890747 0.1342194825410843 
vt 0.3386223316192627 0.12092407047748566 
vt 0.3386223316192627 0.1342194825410843 
vt 0.3364308774471283 0.1342194825410843 
vt 0.9891165494918823 0.17232507467269897 
vt 0.9869250655174255 0.17232507467269897 
vt 0.9891165494918823 0.1856204718351364 
vt 0.9869250655174255 0.1856204718351364 
vt 0.9846119284629822 0.17232507467269897 
vt 0.9846119284629822 0.1856204718351364 
vt 0.9824204444885254 0.1856204718351364 
vt 0.9824204444885254 0.17232507467269897 
vt 0.9802290201187134 0.17232507467269897 
vt 0.9802290201187134 0.1856204718351364 
vt 0.9780375361442566 0.17232507467269897 
vt 0.9780375361442566 0.1856204718351364 
vt 0.9758461117744446 0.1856204718351364 
vt 0.39085179567337036 0.2916276156902313 
vt 0.38792985677719116 0.2899656891822815 
vt 0.39085179567337036 0.2948327660560608 
vt 0.3851296603679657 0.2916276156902313 
vt 0.3851296603679657 0.2948327660560608 
vt 0.38792985677719116 0.2964946925640106 
vt 0.9780375361442566 0.17232507467269897 
vt 0.9758461117744446 0.1856204718351364 
vt 0.9758461117744446 0.17232507467269897 
vt 0.3386223316192627 0.12092407047748566 
vt 0.3364308774471283 0.12092407047748566 
vt 0.3364308774471283 0.1342194825410843 
vt 0.08039693534374237 0.47942525148391724 
vt 0.08039693534374237 0.39466702938079834 
vt 0.08368410170078278 0.47942525148391724 
vt 0.08368410170078278 0.39466702938079834 
vt 0.08684952557086945 0.47942525148391724 
vt 0.08684952557086945 0.39466702938079834 
vt 0.09013669192790985 0.47942525148391724 
vt 0.09013669192790985 0.39466702938079834 
vt 0.09342385828495026 0.47942525148391724 
vt 0.09342385828495026 0.39466702938079834 
vt 0.09671103209257126 0.47942525148391724 
vt 0.09671103209257126 0.39466702938079834 
vt 0.09987645596265793 0.47942525148391724 
vt 0.09987645596265793 0.39466702938079834 
vt 0.7457442879676819 0.6286424398422241 
vt 0.7422136068344116 0.6286424398422241 
vt 0.7422136068344116 0.48987165093421936 
vt 0.36138901114463806 0.24105757474899292 
vt 0.24536411464214325 0.24461884796619415 
vt 0.24536411464214325 0.24105757474899292 
vt 0.21005748212337494 0.24461884796619415 
vt 0.21005748212337494 0.24105757474899292 
vt 0.07126590609550476 0.24461884796619415 
vt 0.07126590609550476 0.24105757474899292 
vt 0.36784160137176514 0.1671018749475479 
vt 0.371372252702713 0.1671018749475479 
vt 0.36784160137176514 0.0013841099571436644 
vt 0.371372252702713 0.0013841099571436644 
vt 0.8934233784675598 0.30848428606987 
vt 0.7546318173408508 0.30848428606987 
vt 0.8934233784675598 0.4473738372325897 
vt 0.7546318173408508 0.47420206665992737 
vt 0.8705349564552307 0.47420206665992737 
vt 0.7457442879676819 0.6286424398422241 
vt 0.7422136068344116 0.48987165093421936 
vt 0.7457442879676819 0.48987165093421936 
vt 0.24536411464214325 0.24461884796619415 
vt 0.36138901114463806 0.24461884796619415 
vt 0.36138901114463806 0.24105757474899292 
vt 0.7457442879676819 0.6286424398422241 
vt 0.7422136068344116 0.6286424398422241 
vt 0.7422136068344116 0.48987165093421936 
vt 0.371372252702713 0.1671018749475479 
vt 0.371372252702713 0.0013841099571436644 
vt 0.371372252702713 0.1671018749475479 
vt 0.371372252702713 0.0013841099571436644 
vt 0.7422136068344116 0.6286424398422241 
vt 0.7422136068344116 0.6286424398422241 
vt 0.7422136068344116 0.48987165093421936 
vt 0.7422136068344116 0.48987165093421936 
vt 0.07126590609550476 0.24105757474899292 
vt 0.07126590609550476 0.24105757474899292 
vt 0.21005748212337494 0.24105757474899292 
vt 0.21005748212337494 0.24105757474899292 
vt 0.36138901114463806 0.24105757474899292 
vt 0.24536411464214325 0.24105757474899292 
vt 0.36138901114463806 0.24105757474899292 
vt 0.24536411464214325 0.24105757474899292 
vt 0.21005748212337494 0.24105757474899292 
vt 0.21005748212337494 0.24105757474899292 
vt 0.9846119284629822 0.11973698437213898 
vt 0.9818117022514343 0.1213989108800888 
vt 0.9874120950698853 0.1213989108800888 
vt 0.9874120950698853 0.12460405379533768 
vt 0.9846119284629822 0.1262659728527069 
vt 0.9818117022514343 0.12460405379533768 
vt 0.9771853089332581 0.3530001640319824 
vt 0.9771853089332581 0.3551369309425354 
vt 0.9904557466506958 0.3551369309425354 
vt 0.9904557466506958 0.35739240050315857 
vt 0.9771853089332581 0.35739240050315857 
vt 0.9771853089332581 0.35952916741371155 
vt 0.9904557466506958 0.35952916741371155 
vt 0.9904557466506958 0.3617846369743347 
vt 0.9771853089332581 0.3617846369743347 
vt 0.9904557466506958 0.3639214038848877 
vt 0.9771853089332581 0.3639214038848877 
vt 0.9771853089332581 0.36617687344551086 
vt 0.9904557466506958 0.36617687344551086 
vt 0.9904557466506958 0.38208386301994324 
vt 0.9771853089332581 0.37994709610939026 
vt 0.9904557466506958 0.37994709610939026 
vt 0.9771853089332581 0.3776916265487671 
vt 0.9904557466506958 0.3776916265487671 
vt 0.9904557466506958 0.3755548894405365 
vt 0.9771853089332581 0.3755548894405365 
vt 0.9771853089332581 0.37329941987991333 
vt 0.9904557466506958 0.37329941987991333 
vt 0.9771853089332581 0.37116265296936035 
vt 0.9904557466506958 0.37116265296936035 
vt 0.9904557466506958 0.3689071834087372 
vt 0.9771853089332581 0.3689071834087372 
vt 0.4444204568862915 0.428973913192749 
vt 0.4444204568862915 0.42565008997917175 
vt 0.44722065329551697 0.43051713705062866 
vt 0.44722065329551697 0.4241068661212921 
vt 0.4501425623893738 0.42565008997917175 
vt 0.4501425623893738 0.428973913192749 
vt 0.9904557466506958 0.3551369309425354 
vt 0.9904557466506958 0.3530001640319824 
vt 0.9771853089332581 0.3530001640319824 
vt 0.9771853089332581 0.37994709610939026 
vt 0.9904557466506958 0.38208386301994324 
vt 0.9771853089332581 0.38208386301994324 
vt 0.9734112024307251 0.26111939549446106 
vt 0.9731676578521729 0.253640741109848 
vt 0.9309214949607849 0.26111939549446106 
vt 0.9306780099868774 0.253640741109848 
vt 0.19057796895503998 0.12448534369468689 
vt 0.19630007445812225 0.11012155562639236 
vt 0.19082146883010864 0.10976542532444 
vt 0.19605658948421478 0.006726014893501997 
vt 0.19057796895503998 0.0016215279465541244 
vt 0.8962236046791077 0.2668174207210541 
vt 0.974385142326355 0.3748426139354706 
vt 0.8962236046791077 0.3748426139354706 
vt 0.9653759002685547 0.3865948021411896 
vt 0.8962236046791077 0.3865948021411896 
vt 0.3650414049625397 0.0016215279465541244 
vt 0.35992804169654846 0.007082141935825348 
vt 0.36491966247558594 0.13635624945163727 
vt 0.3598062992095947 0.13659365475177765 
vt 0.3650414049625397 0.14620909094810486 
vt 0.35992804169654846 0.14632779359817505 
vt 0.19228242337703705 0.7185052037239075 
vt 0.12045169621706009 0.7259838581085205 
vt 0.19873501360416412 0.7259838581085205 
vt 0.12045169621706009 0.8607185482978821 
vt 0.19873501360416412 0.8607185482978821 
vt 0.9730459451675415 0.17232507467269897 
vt 0.9730459451675415 0.25055429339408875 
vt 0.9305562376976013 0.17232507467269897 
vt 0.9305562376976013 0.25055429339408875 
vt 0.6210753321647644 0.0013841099571436644 
vt 0.6210753321647644 0.004589253105223179 
vt 0.5362176895141602 0.0013841099571436644 
vt 0.5362176895141602 0.004589253105223179 
vt 0.6210753321647644 0.007913105189800262 
vt 0.5362176895141602 0.007913105189800262 
vt 0.6210753321647644 0.011118248105049133 
vt 0.5362176895141602 0.011118248105049133 
vt 0.6210753321647644 0.014442100189626217 
vt 0.5362176895141602 0.014442100189626217 
vt 0.6210753321647644 0.017647242173552513 
vt 0.5362176895141602 0.017647242173552513 
vt 0.6210753321647644 0.02097109518945217 
vt 0.5362176895141602 0.02097109518945217 
vt 0.19228242337703705 0.7185052037239075 
vt 0.12045169621706009 0.7185052037239075 
vt 0.12045169621706009 0.7259838581085205 
vt 0.974385142326355 0.3748426139354706 
vt 0.8962236046791077 0.2668174207210541 
vt 0.974385142326355 0.2668174207210541 
vt 0.19057796895503998 0.12448534369468689 
vt 0.19605658948421478 0.12460405379533768 
vt 0.19630007445812225 0.11012155562639236 
vt 0.9734112024307251 0.26111939549446106 
vt 0.9731676578521729 0.253640741109848 
vt 0.9309214949607849 0.26111939549446106 
vt 0.9306780099868774 0.253640741109848 
vt 0.19057796895503998 0.0016215279465541244 
vt 0.19082146883010864 0.10976542532444 
vt 0.19605658948421478 0.006726014893501997 
vt 0.19630007445812225 0.11012155562639236 
vt 0.19057796895503998 0.12448534369468689 
vt 0.8962236046791077 0.3865948021411896 
vt 0.9653759002685547 0.3865948021411896 
vt 0.8962236046791077 0.3748426139354706 
vt 0.974385142326355 0.3748426139354706 
vt 0.8962236046791077 0.2668174207210541 
vt 0.36491966247558594 0.13635624945163727 
vt 0.35992804169654846 0.007082141935825348 
vt 0.3650414049625397 0.0016215279465541244 
vt 0.19873501360416412 0.8607185482978821 
vt 0.19873501360416412 0.7259838581085205 
vt 0.12045169621706009 0.8607185482978821 
vt 0.12045169621706009 0.7259838581085205 
vt 0.19228242337703705 0.7185052037239075 
vt 0.9730459451675415 0.17232507467269897 
vt 0.9305562376976013 0.17232507467269897 
vt 0.9730459451675415 0.25055429339408875 
vt 0.9305562376976013 0.25055429339408875 
vt 0.19228242337703705 0.7185052037239075 
vt 0.12045169621706009 0.7185052037239075 
vt 0.12045169621706009 0.7259838581085205 
vt 0.974385142326355 0.3748426139354706 
vt 0.8962236046791077 0.2668174207210541 
vt 0.974385142326355 0.2668174207210541 
vt 0.19057796895503998 0.12448534369468689 
vt 0.19605658948421478 0.12460405379533768 
vt 0.19630007445812225 0.11012155562639236 
vt 0.9731676578521729 0.253640741109848 
vt 0.9306780099868774 0.253640741109848 
vt 0.9731676578521729 0.253640741109848 
vt 0.9306780099868774 0.253640741109848 
vt 0.35992804169654846 0.14632779359817505 
vt 0.3650414049625397 0.14620909094810486 
vt 0.3650414049625397 0.14620909094810486 
vt 0.35992804169654846 0.14632779359817505 
vt 0.8962236046791077 0.3865948021411896 
vt 0.9653759002685547 0.3865948021411896 
vt 0.9653759002685547 0.3865948021411896 
vt 0.8962236046791077 0.3865948021411896 
vt 0.12045169621706009 0.7185052037239075 
vt 0.12045169621706009 0.7259838581085205 
vt 0.12045169621706009 0.7185052037239075 
vt 0.12045169621706009 0.7259838581085205 
vt 0.12045169621706009 0.7259838581085205 
vt 0.12045169621706009 0.8607185482978821 
vt 0.12045169621706009 0.8607185482978821 
vt 0.12045169621706009 0.7259838581085205 
vt 0.36491966247558594 0.13635624945163727 
vt 0.3650414049625397 0.14620909094810486 
vt 0.3598062992095947 0.13659365475177765 
vt 0.35992804169654846 0.14632779359817505 
vt 0.35992804169654846 0.14632779359817505 
vt 0.3598062992095947 0.13659365475177765 
vt 0.35992804169654846 0.007082141935825348 
vt 0.35992804169654846 0.007082141935825348 
vt 0.8962236046791077 0.3865948021411896 
vt 0.8962236046791077 0.3748426139354706 
vt 0.8962236046791077 0.3865948021411896 
vt 0.8962236046791077 0.3748426139354706 
vt 0.8962236046791077 0.2668174207210541 
vt 0.8962236046791077 0.2668174207210541 
vt 0.19228242337703705 0.7185052037239075 
vt 0.19228242337703705 0.7185052037239075 
vt 0.12045169621706009 0.7185052037239075 
vt 0.12045169621706009 0.7185052037239075 
vt 0.19630007445812225 0.11012155562639236 
vt 0.19605658948421478 0.12460405379533768 
vt 0.19630007445812225 0.11012155562639236 
vt 0.19605658948421478 0.12460405379533768 
vt 0.19057796895503998 0.12448534369468689 
vt 0.19057796895503998 0.12448534369468689 
vt 0.19605658948421478 0.12460405379533768 
vt 0.19605658948421478 0.12460405379533768 
vt 0.9730459451675415 0.17232507467269897 
vt 0.9730459451675415 0.17232507467269897 
vt 0.9305562376976013 0.17232507467269897 
vt 0.9305562376976013 0.17232507467269897 
vt 0.19630007445812225 0.11012155562639236 
vt 0.19630007445812225 0.11012155562639236 
vt 0.19605658948421478 0.006726014893501997 
vt 0.19605658948421478 0.006726014893501997 
s on 
f 1/1/1 2/2/2 3/3/3 
f 2/2/2 4/4/4 3/3/3 
f 3/3/3 4/4/4 4/4/4 
f 4/4/4 5/5/5 4/4/4 
f 4/4/4 5/5/5 5/5/5 
f 5/5/5 6/6/6 5/5/5 
f 5/5/5 6/6/6 7/7/7 
f 6/6/6 6/6/6 7/7/7 
f 7/7/7 6/6/6 8/8/8 
f 6/6/6 6/6/6 8/8/8 
f 8/8/8 6/6/6 9/9/9 
f 6/6/6 10/10/10 9/9/9 
f 9/9/9 10/10/10 9/9/9 
f 10/10/10 11/11/11 9/9/9 
f 9/9/9 11/11/11 12/12/12 
f 11/11/11 11/11/11 12/12/12 
f 12/12/12 11/11/11 13/13/13 
f 11/11/11 14/14/14 13/13/13 
f 13/13/13 14/14/14 14/14/14 
f 14/14/14 15/15/15 14/14/14 
f 14/14/14 15/15/15 15/15/15 
f 15/15/15 16/16/16 15/15/15 
f 15/15/15 16/16/16 17/17/17 
f 16/16/16 18/18/18 17/17/17 
f 17/17/17 18/18/18 19/19/19 
f 18/18/18 20/20/20 19/19/19 
f 19/19/19 20/20/20 19/19/19 
f 20/20/20 21/21/21 19/19/19 
f 19/19/19 21/21/21 19/19/19 
f 21/21/21 22/22/22 19/19/19 
f 19/19/19 22/22/22 19/19/19 
f 22/22/22 23/23/23 19/19/19 
f 19/19/19 23/23/23 17/17/17 
f 23/23/23 23/23/23 17/17/17 
f 17/17/17 23/23/23 24/24/24 
f 23/23/23 25/25/25 24/24/24 
f 24/24/24 25/25/25 26/26/26 
f 25/25/25 27/27/27 26/26/26 
f 26/26/26 27/27/27 27/27/27 
f 27/27/27 16/16/16 27/27/27 
f 27/27/27 16/16/16 16/16/16 
f 16/16/16 28/28/28 16/16/16 
f 16/16/16 28/28/28 18/18/18 
f 28/28/28 29/29/29 18/18/18 
f 18/18/18 29/29/29 30/30/30 
f 29/29/29 30/30/30 30/30/30 
f 30/30/30 30/30/30 25/25/25 
f 30/30/30 25/25/25 25/25/25 
f 25/25/25 25/25/25 31/31/31 
f 25/25/25 23/23/23 31/31/31 
f 31/31/31 23/23/23 32/32/32 
f 23/23/23 33/33/33 32/32/32 
f 32/32/32 33/33/33 32/32/32 
f 33/33/33 34/34/34 32/32/32 
f 32/32/32 34/34/34 35/35/35 
f 34/34/34 35/35/35 35/35/35 
f 35/35/35 35/35/35 22/22/22 
f 35/35/35 22/22/22 22/22/22 
f 22/22/22 22/22/22 23/23/23 
f 22/22/22 33/33/33 23/23/23 
f 23/23/23 33/33/33 33/33/33 
f 33/33/33 36/36/36 33/33/33 
f 33/33/33 36/36/36 36/36/36 
f 36/36/36 22/22/22 36/36/36 
f 36/36/36 22/22/22 37/37/37 
f 22/22/22 21/21/21 37/37/37 
f 37/37/37 21/21/21 38/38/38 
f 21/21/21 21/21/21 38/38/38 
f 38/38/38 21/21/21 39/39/39 
f 21/21/21 40/40/40 39/39/39 
f 39/39/39 40/40/40 40/40/40 
f 40/40/40 41/41/41 40/40/40 
f 40/40/40 41/41/41 41/41/41 
f 41/41/41 42/42/42 41/41/41 
f 41/41/41 42/42/42 43/43/43 
f 42/42/42 44/44/44 43/43/43 
f 43/43/43 44/44/44 43/43/43 
f 44/44/44 45/45/45 43/43/43 
f 43/43/43 45/45/45 43/43/43 
f 45/45/45 46/46/46 43/43/43 
f 43/43/43 46/46/46 43/43/43 
f 46/46/46 47/47/47 43/43/43 
f 43/43/43 47/47/47 48/48/48 
f 47/47/47 49/49/49 48/48/48 
f 48/48/48 49/49/49 50/50/50 
f 49/49/49 51/51/51 50/50/50 
f 50/50/50 51/51/51 51/51/51 
f 51/51/51 49/49/49 51/51/51 
f 51/51/51 49/49/49 49/49/49 
f 49/49/49 47/47/47 49/49/49 
f 49/49/49 47/47/47 52/52/52 
f 47/47/47 52/52/52 52/52/52 
f 52/52/52 52/52/52 48/48/48 
f 52/52/52 48/48/48 48/48/48 
f 48/48/48 48/48/48 53/53/53 
f 48/48/48 50/50/50 53/53/53 
f 53/53/53 50/50/50 53/53/53 
f 50/50/50 54/54/54 53/53/53 
f 53/53/53 54/54/54 55/55/55 
f 54/54/54 56/56/56 55/55/55 
f 55/55/55 56/56/56 57/57/57 
f 56/56/56 57/57/57 57/57/57 
f 57/57/57 57/57/57 55/55/55 
f 57/57/57 55/55/55 55/55/55 
f 55/55/55 55/55/55 53/53/53 
f 55/55/55 58/58/58 53/53/53 
f 53/53/53 58/58/58 53/53/53 
f 58/58/58 59/59/59 53/53/53 
f 53/53/53 59/59/59 60/60/60 
f 59/59/59 60/60/60 60/60/60 
f 60/60/60 60/60/60 46/46/46 
f 60/60/60 46/46/46 46/46/46 
f 46/46/46 46/46/46 61/61/61 
f 46/46/46 45/45/45 61/61/61 
f 61/61/61 45/45/45 61/61/61 
f 45/45/45 62/62/62 61/61/61 
f 61/61/61 62/62/62 63/63/63 
f 62/62/62 63/63/63 63/63/63 
f 63/63/63 63/63/63 64/64/64 
f 63/63/63 64/64/64 64/64/64 
f 64/64/64 64/64/64 65/65/65 
f 64/64/64 66/66/66 65/65/65 
f 65/65/65 66/66/66 65/65/65 
f 66/66/66 67/67/67 65/65/65 
f 65/65/65 67/67/67 68/68/68 
f 67/67/67 69/69/69 68/68/68 
f 68/68/68 69/69/69 70/70/70 
f 69/69/69 71/71/71 70/70/70 
f 70/70/70 71/71/71 72/72/72 
f 71/71/71 73/73/73 72/72/72 
f 72/72/72 73/73/73 74/74/74 
f 73/73/73 75/75/75 74/74/74 
f 74/74/74 75/75/75 75/75/75 
f 75/75/75 74/74/74 75/75/75 
f 75/75/75 74/74/74 74/74/74 
f 74/74/74 76/76/76 74/74/74 
f 74/74/74 76/76/76 72/72/72 
f 76/76/76 77/77/77 72/72/72 
f 72/72/72 77/77/77 77/77/77 
f 77/77/77 78/78/78 77/77/77 
f 77/77/77 78/78/78 78/78/78 
f 78/78/78 79/79/79 78/78/78 
f 78/78/78 79/79/79 80/80/80 
f 79/79/79 81/81/81 80/80/80 
f 80/80/80 81/81/81 81/81/81 
f 81/81/81 82/82/82 81/81/81 
f 81/81/81 82/82/82 82/82/82 
f 82/82/82 83/83/83 82/82/82 
f 82/82/82 83/83/83 84/84/84 
f 83/83/83 85/85/85 84/84/84 
f 84/84/84 85/85/85 84/84/84 
f 85/85/85 86/86/86 84/84/84 
f 84/84/84 86/86/86 87/87/87 
f 86/86/86 87/87/87 87/87/87 
f 87/87/87 87/87/87 88/88/88 
f 87/87/87 88/88/88 88/88/88 
f 88/88/88 88/88/88 89/89/89 
f 88/88/88 90/90/90 89/89/89 
f 89/89/89 90/90/90 89/89/89 
f 90/90/90 91/91/91 89/89/89 
f 89/89/89 91/91/91 89/89/89 
f 91/91/91 92/92/92 89/89/89 
f 89/89/89 92/92/92 93/93/93 
f 92/92/92 93/93/93 93/93/93 
f 93/93/93 93/93/93 94/94/94 
f 93/93/93 94/94/94 94/94/94 
f 94/94/94 94/94/94 95/95/95 
f 94/94/94 96/96/96 95/95/95 
f 95/95/95 96/96/96 97/97/97 
f 96/96/96 96/96/96 97/97/97 
f 97/97/97 96/96/96 98/98/98 
f 96/96/96 99/99/99 98/98/98 
f 98/98/98 99/99/99 100/100/100 
f 99/99/99 101/101/101 100/100/100 
f 100/100/100 101/101/101 101/101/101 
f 101/101/101 102/102/102 101/101/101 
f 101/101/101 102/102/102 102/102/102 
f 102/102/102 103/103/103 102/102/102 
f 102/102/102 103/103/103 104/104/104 
f 103/103/103 103/103/103 104/104/104 
f 104/104/104 103/103/103 105/105/105 
f 103/103/103 103/103/103 105/105/105 
f 105/105/105 103/103/103 106/106/106 
f 103/103/103 107/107/107 106/106/106 
f 106/106/106 107/107/107 108/108/108 
f 107/107/107 107/107/107 108/108/108 
f 108/108/108 107/107/107 109/109/109 
f 107/107/107 110/110/110 109/109/109 
f 109/109/109 110/110/110 111/111/111 
f 110/110/110 110/110/110 111/111/111 
f 111/111/111 110/110/110 112/112/112 
f 110/110/110 113/113/113 112/112/112 
f 112/112/112 113/113/113 113/113/113 
f 113/113/113 114/114/114 113/113/113 
f 113/113/113 114/114/114 114/114/114 
f 114/114/114 115/115/115 114/114/114 
f 114/114/114 115/115/115 116/116/116 
f 115/115/115 117/117/117 116/116/116 
f 116/116/116 117/117/117 103/103/103 
f 117/117/117 117/117/117 103/103/103 
f 103/103/103 117/117/117 107/107/107 
f 117/117/117 117/117/117 107/107/107 
f 107/107/107 117/117/117 110/110/110 
f 117/117/117 117/117/117 110/110/110 
f 110/110/110 117/117/117 118/118/118 
f 117/117/117 115/115/115 118/118/118 
f 118/118/118 115/115/115 119/119/119 
f 115/115/115 119/119/119 119/119/119 
f 119/119/119 119/119/119 120/120/120 
f 119/119/119 120/120/120 120/120/120 
f 120/120/120 120/120/120 121/121/121 
f 120/120/120 122/122/122 121/121/121 
f 121/121/121 122/122/122 123/123/123 
f 122/122/122 122/122/122 123/123/123 
f 123/123/123 122/122/122 124/124/124 
f 122/122/122 125/125/125 124/124/124 
f 124/124/124 125/125/125 126/126/126 
f 125/125/125 127/127/127 126/126/126 
f 126/126/126 127/127/127 126/126/126 
f 127/127/127 128/128/128 126/126/126 
f 126/126/126 128/128/128 129/129/129 
f 128/128/128 130/130/130 129/129/129 
f 129/129/129 130/130/130 131/131/131 
f 130/130/130 131/131/131 131/131/131 
f 131/131/131 131/131/131 129/129/129 
f 131/131/131 129/129/129 129/129/129 
f 129/129/129 129/129/129 126/126/126 
f 129/129/129 132/132/132 126/126/126 
f 126/126/126 132/132/132 132/132/132 
f 132/132/132 128/128/128 132/132/132 
f 132/132/132 128/128/128 128/128/128 
f 128/128/128 133/133/133 128/128/128 
f 128/128/128 133/133/133 130/130/130 
f 133/133/133 134/134/134 130/130/130 
f 130/130/130 134/134/134 135/135/135 
f 134/134/134 136/136/136 135/135/135 
f 135/135/135 136/136/136 137/137/137 
f 136/136/136 136/136/136 137/137/137 
f 137/137/137 136/136/136 138/138/138 
f 136/136/136 139/139/139 138/138/138 
f 138/138/138 139/139/139 139/139/139 
f 139/139/139 140/140/140 139/139/139 
f 139/139/139 140/140/140 140/140/140 
f 140/140/140 141/141/141 140/140/140 
f 140/140/140 141/141/141 142/142/142 
f 141/141/141 143/143/143 142/142/142 
f 142/142/142 143/143/143 142/142/142 
f 143/143/143 144/144/144 142/142/142 
f 142/142/142 144/144/144 142/142/142 
f 144/144/144 145/145/145 142/142/142 
f 142/142/142 145/145/145 146/146/146 
f 145/145/145 147/147/147 146/146/146 
f 146/146/146 147/147/147 148/148/148 
f 147/147/147 148/148/148 148/148/148 
f 148/148/148 148/148/148 142/142/142 
f 148/148/148 142/142/142 142/142/142 
f 142/142/142 142/142/142 149/149/149 
f 142/142/142 146/146/146 149/149/149 
f 149/149/149 146/146/146 146/146/146 
f 146/146/146 145/145/145 146/146/146 
f 146/146/146 145/145/145 145/145/145 
f 145/145/145 150/150/150 145/145/145 
f 145/145/145 150/150/150 147/147/147 
f 150/150/150 151/151/151 147/147/147 
f 147/147/147 151/151/151 147/147/147 
f 151/151/151 152/152/152 147/147/147 
f 147/147/147 152/152/152 153/153/153 
f 152/152/152 153/153/153 153/153/153 
f 153/153/153 153/153/153 154/154/154 
f 153/153/153 154/154/154 154/154/154 
f 154/154/154 154/154/154 155/155/155 
f 154/154/154 156/156/156 155/155/155 
f 155/155/155 156/156/156 157/157/157 
f 156/156/156 156/156/156 157/157/157 
f 157/157/157 156/156/156 158/158/158 
f 156/156/156 159/159/159 158/158/158 
f 158/158/158 159/159/159 158/158/158 
f 159/159/159 160/160/160 158/158/158 
f 158/158/158 160/160/160 161/161/161 
f 160/160/160 160/160/160 161/161/161 
f 161/161/161 160/160/160 162/162/162 
f 160/160/160 163/163/163 162/162/162 
f 162/162/162 163/163/163 163/163/163 
f 163/163/163 156/156/156 163/163/163 
f 163/163/163 156/156/156 156/156/156 
f 156/156/156 164/164/164 156/156/156 
f 156/156/156 164/164/164 159/159/159 
f 164/164/164 165/165/165 159/159/159 
f 159/159/159 165/165/165 165/165/165 
f 165/165/165 158/158/158 165/165/165 
f 165/165/165 158/158/158 158/158/158 
f 158/158/158 161/161/161 158/158/158 
f 158/158/158 161/161/161 166/166/166 
f 161/161/161 167/167/167 166/166/166 
f 166/166/166 167/167/167 167/167/167 
f 167/167/167 168/168/168 167/167/167 
f 167/167/167 168/168/168 168/168/168 
f 168/168/168 169/169/169 168/168/168 
f 168/168/168 169/169/169 170/170/170 
f 169/169/169 171/171/171 170/170/170 
f 170/170/170 171/171/171 172/172/172 
f 171/171/171 173/173/173 172/172/172 
f 172/172/172 173/173/173 174/174/174 
f 173/173/173 175/175/175 174/174/174 
f 174/174/174 175/175/175 175/175/175 
f 175/175/175 171/171/171 175/175/175 
f 175/175/175 171/171/171 171/171/171 
f 171/171/171 169/169/169 171/171/171 
f 171/171/171 169/169/169 173/173/173 
f 169/169/169 176/176/176 173/173/173 
f 173/173/173 176/176/176 176/176/176 
f 176/176/176 172/172/172 176/176/176 
f 176/176/176 172/172/172 172/172/172 
f 172/172/172 177/177/177 172/172/172 
f 172/172/172 177/177/177 170/170/170 
f 177/177/177 178/178/178 170/170/170 
f 170/170/170 178/178/178 178/178/178 
f 178/178/178 179/179/179 178/178/178 
f 178/178/178 179/179/179 179/179/179 
f 179/179/179 180/180/180 179/179/179 
f 179/179/179 180/180/180 181/181/181 
f 180/180/180 182/182/182 181/181/181 
f 181/181/181 182/182/182 182/182/182 
f 182/182/182 183/183/183 182/182/182 
f 182/182/182 183/183/183 183/183/183 
f 183/183/183 184/184/184 183/183/183 
f 183/183/183 184/184/184 185/185/185 
f 184/184/184 186/186/186 185/185/185 
f 185/185/185 186/186/186 186/186/186 
f 186/186/186 187/187/187 186/186/186 
f 186/186/186 187/187/187 187/187/187 
f 187/187/187 188/188/188 187/187/187 
f 187/187/187 188/188/188 189/189/189 
f 188/188/188 190/190/190 189/189/189 
f 189/189/189 190/190/190 190/190/190 
f 190/190/190 191/191/191 190/190/190 
f 190/190/190 191/191/191 191/191/191 
f 191/191/191 192/192/192 191/191/191 
f 191/191/191 192/192/192 193/193/193 
f 192/192/192 194/194/194 193/193/193 
f 193/193/193 194/194/194 194/194/194 
f 194/194/194 195/195/195 194/194/194 
f 194/194/194 195/195/195 195/195/195 
f 195/195/195 196/196/196 195/195/195 
f 195/195/195 196/196/196 197/197/197 
f 196/196/196 197/197/197 197/197/197 
f 197/197/197 197/197/197 198/198/198 
f 197/197/197 198/198/198 198/198/198 
f 198/198/198 198/198/198 199/199/199 
f 198/198/198 200/200/200 199/199/199 
f 199/199/199 200/200/200 201/201/201 
f 200/200/200 201/201/201 201/201/201 
f 201/201/201 201/201/201 202/202/202 
f 201/201/201 202/202/202 202/202/202 
f 202/202/202 202/202/202 203/203/203 
f 202/202/202 204/204/204 203/203/203 
f 203/203/203 204/204/204 203/203/203 
f 204/204/204 205/205/205 203/203/203 
f 203/203/203 205/205/205 203/203/203 
f 205/205/205 206/206/206 203/203/203 
f 203/203/203 206/206/206 207/207/207 
f 206/206/206 207/207/207 207/207/207 
f 207/207/207 207/207/207 208/208/208 
f 207/207/207 208/208/208 208/208/208 
f 208/208/208 208/208/208 209/209/209 
f 208/208/208 210/210/210 209/209/209 
f 209/209/209 210/210/210 210/210/210 
f 210/210/210 211/211/211 210/210/210 
f 210/210/210 211/211/211 211/211/211 
f 211/211/211 212/212/212 211/211/211 
f 211/211/211 212/212/212 213/213/213 
f 212/212/212 212/212/212 213/213/213 
f 213/213/213 212/212/212 214/214/214 
f 212/212/212 215/215/215 214/214/214 
f 214/214/214 215/215/215 215/215/215 
f 215/215/215 216/216/216 215/215/215 
f 215/215/215 216/216/216 216/216/216 
f 216/216/216 217/217/217 216/216/216 
f 216/216/216 217/217/217 218/218/218 
f 217/217/217 219/219/219 218/218/218 
f 218/218/218 219/219/219 220/220/220 
f 219/219/219 219/219/219 220/220/220 
f 220/220/220 219/219/219 221/221/221 
f 219/219/219 219/219/219 221/221/221 
f 221/221/221 219/219/219 222/222/222 
f 219/219/219 223/223/223 222/222/222 
f 222/222/222 223/223/223 224/224/224 
f 223/223/223 225/225/225 224/224/224 
f 224/224/224 225/225/225 224/224/224 
f 225/225/225 226/226/226 224/224/224 
f 224/224/224 226/226/226 227/227/227 
f 226/226/226 228/228/228 227/227/227 
f 227/227/227 228/228/228 229/229/229 
f 228/228/228 228/228/228 229/229/229 
f 229/229/229 228/228/228 230/230/230 
f 228/228/228 228/228/228 230/230/230 
f 230/230/230 228/228/228 231/231/231 
f 228/228/228 232/232/232 231/231/231 
f 231/231/231 232/232/232 231/231/231 
f 232/232/232 233/233/233 231/231/231 
f 231/231/231 233/233/233 234/234/234 
f 233/233/233 234/234/234 234/234/234 
f 234/234/234 234/234/234 223/223/223 
f 234/234/234 223/223/223 223/223/223 
f 223/223/223 223/223/223 217/217/217 
f 223/223/223 219/219/219 217/217/217 
f 217/217/217 219/219/219 219/219/219 
f 219/219/219 226/226/226 219/219/219 
f 219/219/219 226/226/226 226/226/226 
f 226/226/226 232/232/232 226/226/226 
f 226/226/226 232/232/232 228/228/228 
f 232/232/232 228/228/228 228/228/228 
f 228/228/228 228/228/228 235/235/235 
f 228/228/228 235/235/235 235/235/235 
f 235/235/235 235/235/235 236/236/236 
f 235/235/235 237/237/237 236/236/236 
f 236/236/236 237/237/237 238/238/238 
f 237/237/237 239/239/239 238/238/238 
f 238/238/238 239/239/239 239/239/239 
f 239/239/239 240/240/240 239/239/239 
f 239/239/239 240/240/240 240/240/240 
f 240/240/240 236/236/236 240/240/240 
f 240/240/240 236/236/236 241/241/241 
f 236/236/236 238/238/238 241/241/241 
f 241/241/241 238/238/238 242/242/242 
f 238/238/238 242/242/242 242/242/242 
f 242/242/242 242/242/242 243/243/243 
f 242/242/242 243/243/243 243/243/243 
f 243/243/243 243/243/243 244/244/244 
f 243/243/243 245/245/245 244/244/244 
f 244/244/244 245/245/245 246/246/246 
f 245/245/245 247/247/247 246/246/246 
f 246/246/246 247/247/247 248/248/248 
f 247/247/247 247/247/247 248/248/248 
f 248/248/248 247/247/247 249/249/249 
f 247/247/247 250/250/250 249/249/249 
f 249/249/249 250/250/250 251/251/251 
f 250/250/250 252/252/252 251/251/251 
f 251/251/251 252/252/252 252/252/252 
f 252/252/252 253/253/253 252/252/252 
f 252/252/252 253/253/253 253/253/253 
f 253/253/253 254/254/254 253/253/253 
f 253/253/253 254/254/254 255/255/255 
f 254/254/254 256/256/256 255/255/255 
f 255/255/255 256/256/256 255/255/255 
f 256/256/256 257/257/257 255/255/255 
f 255/255/255 257/257/257 258/258/258 
f 257/257/257 258/258/258 258/258/258 
f 258/258/258 258/258/258 259/259/259 
f 258/258/258 259/259/259 259/259/259 
f 259/259/259 259/259/259 260/260/260 
f 259/259/259 261/261/261 260/260/260 
f 260/260/260 261/261/261 262/262/262 
f 261/261/261 262/262/262 262/262/262 
f 262/262/262 262/262/262 263/263/263 
f 262/262/262 263/263/263 263/263/263 
f 263/263/263 263/263/263 264/264/264 
f 263/263/263 265/265/265 264/264/264 
f 264/264/264 265/265/265 264/264/264 
f 265/265/265 266/266/266 264/264/264 
f 264/264/264 266/266/266 267/267/267 
f 266/266/266 268/268/268 267/267/267 
f 267/267/267 268/268/268 269/269/269 
f 268/268/268 270/270/270 269/269/269 
f 269/269/269 270/270/270 270/270/270 
f 270/270/270 264/264/264 270/270/270 
f 270/270/270 264/264/264 264/264/264 
f 264/264/264 267/267/267 264/264/264 
f 264/264/264 267/267/267 271/271/271 
f 267/267/267 271/271/271 271/271/271 
f 271/271/271 271/271/271 272/272/272 
f 271/271/271 272/272/272 272/272/272 
f 272/272/272 272/272/272 266/266/266 
f 272/272/272 268/268/268 266/266/266 
f 266/266/266 268/268/268 268/268/268 
f 268/268/268 273/273/273 268/268/268 
f 268/268/268 273/273/273 273/273/273 
f 273/273/273 267/267/267 273/273/273 
f 273/273/273 267/267/267 274/274/274 
f 267/267/267 269/269/269 274/274/274 
f 274/274/274 269/269/269 274/274/274 
f 269/269/269 275/275/275 274/274/274 
f 274/274/274 275/275/275 276/276/276 
f 275/275/275 276/276/276 276/276/276 
f 276/276/276 276/276/276 277/277/277 
f 276/276/276 277/277/277 277/277/277 
f 277/277/277 277/277/277 278/278/278 
f 277/277/277 279/279/279 278/278/278 
f 278/278/278 279/279/279 280/280/280 
f 279/279/279 280/280/280 280/280/280 
f 280/280/280 280/280/280 281/281/281 
f 280/280/280 281/281/281 281/281/281 
f 281/281/281 281/281/281 282/282/282 
f 281/281/281 283/283/283 282/282/282 
f 282/282/282 283/283/283 284/284/284 
f 283/283/283 284/284/284 284/284/284 
f 284/284/284 284/284/284 285/285/285 
f 284/284/284 285/285/285 285/285/285 
f 285/285/285 285/285/285 286/286/286 
f 285/285/285 287/287/287 286/286/286 
f 286/286/286 287/287/287 288/288/288 
f 287/287/287 288/288/288 288/288/288 
f 288/288/288 288/288/288 289/289/289 
f 288/288/288 289/289/289 289/289/289 
f 289/289/289 289/289/289 290/290/290 
f 289/289/289 291/291/291 290/290/290 
f 290/290/290 291/291/291 292/292/292 
f 291/291/291 292/292/292 292/292/292 
f 292/292/292 292/292/292 293/293/293 
f 292/292/292 293/293/293 293/293/293 
f 293/293/293 293/293/293 294/294/294 
f 293/293/293 295/295/295 294/294/294 
f 294/294/294 295/295/295 296/296/296 
f 295/295/295 296/296/296 296/296/296 
f 296/296/296 296/296/296 297/297/297 
f 296/296/296 297/297/297 297/297/297 
f 297/297/297 297/297/297 298/298/298 
f 297/297/297 299/299/299 298/298/298 
f 298/298/298 299/299/299 300/300/300 
f 299/299/299 300/300/300 300/300/300 
f 300/300/300 300/300/300 301/301/301 
f 300/300/300 301/301/301 301/301/301 
f 301/301/301 301/301/301 302/302/302 
f 301/301/301 303/303/303 302/302/302 
f 302/302/302 303/303/303 304/304/304 
f 303/303/303 304/304/304 304/304/304 
f 304/304/304 304/304/304 305/305/305 
f 304/304/304 305/305/305 305/305/305 
f 305/305/305 305/305/305 306/306/306 
f 305/305/305 307/307/307 306/306/306 
f 306/306/306 307/307/307 308/308/308 
f 307/307/307 308/308/308 308/308/308 
f 308/308/308 308/308/308 309/309/309 
f 308/308/308 309/309/309 309/309/309 
f 309/309/309 309/309/309 310/310/310 
f 309/309/309 311/311/311 310/310/310 
f 310/310/310 311/311/311 311/311/311 
f 311/311/311 312/312/312 311/311/311 
f 311/311/311 312/312/312 312/312/312 
f 312/312/312 313/313/313 312/312/312 
f 312/312/312 313/313/313 314/314/314 
f 313/313/313 313/313/313 314/314/314 
f 314/314/314 313/313/313 315/315/315 
f 313/313/313 313/313/313 315/315/315 
f 315/315/315 313/313/313 316/316/316 
f 313/313/313 313/313/313 316/316/316 
f 316/316/316 313/313/313 317/317/317 
f 313/313/313 318/318/318 317/317/317 
f 317/317/317 318/318/318 317/317/317 
f 318/318/318 319/319/319 317/317/317 
f 317/317/317 319/319/319 320/320/320 
f 319/319/319 319/319/319 320/320/320 
f 320/320/320 319/319/319 321/321/321 
f 319/319/319 322/322/322 321/321/321 
f 321/321/321 322/322/322 322/322/322 
f 322/322/322 323/323/323 322/322/322 
f 322/322/322 323/323/323 323/323/323 
f 323/323/323 324/324/324 323/323/323 
f 323/323/323 324/324/324 325/325/325 
f 324/324/324 324/324/324 325/325/325 
f 325/325/325 324/324/324 326/326/326 
f 324/324/324 327/327/327 326/326/326 
f 326/326/326 327/327/327 328/328/328 
f 327/327/327 328/328/328 328/328/328 
f 328/328/328 328/328/328 329/329/329 
f 328/328/328 329/329/329 329/329/329 
f 329/329/329 329/329/329 330/330/330 
f 329/329/329 331/331/331 330/330/330 
f 330/330/330 331/331/331 324/324/324 
f 331/331/331 331/331/331 324/324/324 
f 324/324/324 331/331/331 327/327/327 
f 331/331/331 332/332/332 327/327/327 
f 327/327/327 332/332/332 333/333/333 
f 332/332/332 333/333/333 333/333/333 
f 333/333/333 333/333/333 331/331/331 
f 333/333/333 331/331/331 331/331/331 
f 331/331/331 331/331/331 332/332/332 
f 331/331/331 334/334/334 332/332/332 
f 332/332/332 334/334/334 335/335/335 
f 334/334/334 334/334/334 335/335/335 
f 335/335/335 334/334/334 336/336/336 
f 334/334/334 337/337/337 336/336/336 
f 336/336/336 337/337/337 338/338/338 
f 337/337/337 339/339/339 338/338/338 
f 338/338/338 339/339/339 340/340/340 
f 339/339/339 339/339/339 340/340/340 
f 340/340/340 339/339/339 341/341/341 
f 339/339/339 342/342/342 341/341/341 
f 341/341/341 342/342/342 342/342/342 
f 342/342/342 338/338/338 342/342/342 
f 342/342/342 338/338/338 338/338/338 
f 338/338/338 343/343/343 338/338/338 
f 338/338/338 343/343/343 336/336/336 
f 343/343/343 336/336/336 336/336/336 
f 336/336/336 336/336/336 339/339/339 
f 336/336/336 339/339/339 339/339/339 
f 339/339/339 339/339/339 344/344/344 
f 339/339/339 337/337/337 344/344/344 
f 344/344/344 337/337/337 345/345/345 
f 337/337/337 345/345/345 345/345/345 
f 345/345/345 345/345/345 338/338/338 
f 345/345/345 338/338/338 338/338/338 
f 338/338/338 338/338/338 346/346/346 
f 338/338/338 340/340/340 346/346/346 
f 346/346/346 340/340/340 340/340/340 
f 340/340/340 347/347/347 340/340/340 
f 340/340/340 347/347/347 347/347/347 
f 347/347/347 348/348/348 347/347/347 
f 347/347/347 348/348/348 349/349/349 
f 348/348/348 348/348/348 349/349/349 
f 349/349/349 348/348/348 350/350/350 
f 348/348/348 351/351/351 350/350/350 
f 350/350/350 351/351/351 351/351/351 
f 351/351/351 352/352/352 351/351/351 
f 351/351/351 352/352/352 352/352/352 
f 352/352/352 353/353/353 352/352/352 
f 352/352/352 353/353/353 354/354/354 
f 353/353/353 355/355/355 354/354/354 
f 354/354/354 355/355/355 355/355/355 
f 355/355/355 356/356/356 355/355/355 
f 355/355/355 356/356/356 356/356/356 
f 356/356/356 357/357/357 356/356/356 
f 356/356/356 357/357/357 358/358/358 
f 357/357/357 359/359/359 358/358/358 
f 358/358/358 359/359/359 359/359/359 
f 359/359/359 360/360/360 359/359/359 
f 359/359/359 360/360/360 360/360/360 
f 360/360/360 361/361/361 360/360/360 
f 360/360/360 361/361/361 362/362/362 
f 361/361/361 363/363/363 362/362/362 
f 362/362/362 363/363/363 363/363/363 
f 363/363/363 364/364/364 363/363/363 
f 363/363/363 364/364/364 364/364/364 
f 364/364/364 365/365/365 364/364/364 
f 364/364/364 365/365/365 366/366/366 
f 365/365/365 365/365/365 366/366/366 
f 366/366/366 365/365/365 367/367/367 
f 365/365/365 368/368/368 367/367/367 
f 367/367/367 368/368/368 367/367/367 
f 368/368/368 369/369/369 367/367/367 
f 367/367/367 369/369/369 370/370/370 
f 369/369/369 369/369/369 370/370/370 
f 370/370/370 369/369/369 371/371/371 
f 369/369/369 372/372/372 371/371/371 
f 371/371/371 372/372/372 371/371/371 
f 372/372/372 373/373/373 371/371/371 
f 371/371/371 373/373/373 374/374/374 
f 373/373/373 375/375/375 374/374/374 
f 374/374/374 375/375/375 375/375/375 
f 375/375/375 376/376/376 375/375/375 
f 375/375/375 376/376/376 376/376/376 
f 376/376/376 377/377/377 376/376/376 
f 376/376/376 377/377/377 378/378/378 
f 377/377/377 379/379/379 378/378/378 
f 378/378/378 379/379/379 380/380/380 
f 379/379/379 379/379/379 380/380/380 
f 380/380/380 379/379/379 381/381/381 
f 379/379/379 382/382/382 381/381/381 
f 381/381/381 382/382/382 383/383/383 
f 382/382/382 384/384/384 383/383/383 
f 383/383/383 384/384/384 385/385/385 
f 384/384/384 385/385/385 385/385/385 
f 385/385/385 385/385/385 386/386/386 
f 385/385/385 386/386/386 386/386/386 
f 386/386/386 386/386/386 387/387/387 
f 386/386/386 388/388/388 387/387/387 
f 387/387/387 388/388/388 389/389/389 
f 388/388/388 389/389/389 389/389/389 
f 389/389/389 389/389/389 390/390/390 
f 389/389/389 390/390/390 390/390/390 
f 390/390/390 390/390/390 391/391/391 
f 390/390/390 392/392/392 391/391/391 
f 391/391/391 392/392/392 393/393/393 
f 392/392/392 392/392/392 393/393/393 
f 393/393/393 392/392/392 394/394/394 
f 392/392/392 395/395/395 394/394/394 
f 394/394/394 395/395/395 395/395/395 
f 395/395/395 396/396/396 395/395/395 
f 395/395/395 396/396/396 396/396/396 
f 396/396/396 397/397/397 396/396/396 
f 396/396/396 397/397/397 398/398/398 
f 397/397/397 399/399/399 398/398/398 
f 398/398/398 399/399/399 398/398/398 
f 399/399/399 400/400/400 398/398/398 
f 398/398/398 400/400/400 401/401/401 
f 400/400/400 401/401/401 401/401/401 
f 401/401/401 401/401/401 402/402/402 
f 401/401/401 402/402/402 402/402/402 
f 402/402/402 402/402/402 403/403/403 
f 402/402/402 404/404/404 403/403/403 
f 403/403/403 404/404/404 405/405/405 
f 404/404/404 404/404/404 405/405/405 
f 405/405/405 404/404/404 406/406/406 
f 404/404/404 407/407/407 406/406/406 
f 406/406/406 407/407/407 407/407/407 
f 407/407/407 408/408/408 407/407/407 
f 407/407/407 408/408/408 408/408/408 
f 408/408/408 409/409/409 408/408/408 
f 408/408/408 409/409/409 410/410/410 
f 409/409/409 411/411/411 410/410/410 
f 410/410/410 411/411/411 410/410/410 
f 411/411/411 412/412/412 410/410/410 
f 410/410/410 412/412/412 413/413/413 
f 412/412/412 413/413/413 413/413/413 
f 413/413/413 413/413/413 414/414/414 
f 413/413/413 414/414/414 414/414/414 
f 414/414/414 414/414/414 415/415/415 
f 414/414/414 416/416/416 415/415/415 
f 415/415/415 416/416/416 416/416/416 
f 416/416/416 417/417/417 416/416/416 
f 416/416/416 417/417/417 417/417/417 
f 417/417/417 418/418/418 417/417/417 
f 417/417/417 418/418/418 419/419/419 
f 418/418/418 420/420/420 419/419/419 
f 419/419/419 420/420/420 420/420/420 
f 420/420/420 421/421/421 420/420/420 
f 420/420/420 421/421/421 421/421/421 
f 421/421/421 422/422/422 421/421/421 
f 421/421/421 422/422/422 423/423/423 
f 422/422/422 422/422/422 423/423/423 
f 423/423/423 422/422/422 424/424/424 
f 422/422/422 422/422/422 424/424/424 
f 424/424/424 422/422/422 425/425/425 
f 422/422/422 426/426/426 425/425/425 
f 425/425/425 426/426/426 425/425/425 
f 426/426/426 427/427/427 425/425/425 
f 425/425/425 427/427/427 428/428/428 
f 427/427/427 427/427/427 428/428/428 
f 428/428/428 427/427/427 429/429/429 
f 427/427/427 430/430/430 429/429/429 
f 429/429/429 430/430/430 430/430/430 
f 430/430/430 431/431/431 430/430/430 
f 430/430/430 431/431/431 431/431/431 
f 431/431/431 432/432/432 431/431/431 
f 431/431/431 432/432/432 433/433/433 
f 432/432/432 434/434/434 433/433/433 
f 433/433/433 434/434/434 434/434/434 
f 434/434/434 435/435/435 434/434/434 
f 434/434/434 435/435/435 435/435/435 
f 435/435/435 436/436/436 435/435/435 
f 435/435/435 436/436/436 437/437/437 
f 436/436/436 436/436/436 437/437/437 
f 437/437/437 436/436/436 438/438/438 
f 436/436/436 436/436/436 438/438/438 
f 438/438/438 436/436/436 439/439/439 
f 436/436/436 440/440/440 439/439/439 
f 439/439/439 440/440/440 440/440/440 
f 440/440/440 441/441/441 440/440/440 
f 440/440/440 441/441/441 441/441/441 
f 441/441/441 442/442/442 441/441/441 
f 441/441/441 442/442/442 443/443/443 
f 442/442/442 443/443/443 443/443/443 
f 443/443/443 443/443/443 444/444/444 
f 443/443/443 444/444/444 444/444/444 
f 444/444/444 444/444/444 445/445/445 
f 444/444/444 446/446/446 445/445/445 
f 445/445/445 446/446/446 447/447/447 
f 446/446/446 448/448/448 447/447/447 
f 447/447/447 448/448/448 447/447/447 
f 448/448/448 449/449/449 447/447/447 
f 447/447/447 449/449/449 450/450/450 
f 449/449/449 449/449/449 450/450/450 
f 450/450/450 449/449/449 451/451/451 
f 449/449/449 449/449/449 451/451/451 
f 451/451/451 449/449/449 452/452/452 
f 449/449/449 449/449/449 452/452/452 
f 452/452/452 449/449/449 453/453/453 
f 449/449/449 449/449/449 453/453/453 
f 453/453/453 449/449/449 454/454/454 
f 449/449/449 449/449/449 454/454/454 
f 454/454/454 449/449/449 455/455/455 
f 449/449/449 448/448/448 455/455/455 
f 455/455/455 448/448/448 448/448/448 
f 448/448/448 456/456/456 448/448/448 
f 448/448/448 456/456/456 456/456/456 
f 456/456/456 445/445/445 456/456/456 
f 456/456/456 445/445/445 457/457/457 
f 445/445/445 447/447/447 457/457/457 
f 457/457/457 447/447/447 450/450/450 
f 447/447/447 450/450/450 450/450/450 
f 450/450/450 450/450/450 458/458/458 
f 450/450/450 458/458/458 458/458/458 
f 458/458/458 458/458/458 459/459/459 
f 458/458/458 460/460/460 459/459/459 
f 459/459/459 460/460/460 461/461/461 
f 460/460/460 461/461/461 461/461/461 
f 461/461/461 461/461/461 462/462/462 
f 461/461/461 462/462/462 462/462/462 
f 462/462/462 462/462/462 463/463/463 
f 462/462/462 464/464/464 463/463/463 
f 463/463/463 464/464/464 465/465/465 
f 464/464/464 466/466/466 465/465/465 
f 465/465/465 466/466/466 467/467/467 
f 466/466/466 468/468/468 467/467/467 
f 467/467/467 468/468/468 469/469/469 
f 468/468/468 470/470/470 469/469/469 
f 469/469/469 470/470/470 471/471/471 
f 470/470/470 472/472/472 471/471/471 
f 471/471/471 472/472/472 473/473/473 
f 472/472/472 473/473/473 473/473/473 
f 473/473/473 473/473/473 472/472/472 
f 473/473/473 472/472/472 472/472/472 
f 472/472/472 472/472/472 474/474/474 
f 472/472/472 470/470/470 474/474/474 
f 474/474/474 470/470/470 474/474/474 
f 470/470/470 475/475/475 474/474/474 
f 474/474/474 475/475/475 476/476/476 
f 475/475/475 476/476/476 476/476/476 
f 476/476/476 476/476/476 477/477/477 
f 476/476/476 477/477/477 477/477/477 
f 477/477/477 477/477/477 478/478/478 
f 477/477/477 479/479/479 478/478/478 
f 478/478/478 479/479/479 480/480/480 
f 479/479/479 480/480/480 480/480/480 
f 480/480/480 480/480/480 481/481/481 
f 480/480/480 481/481/481 481/481/481 
f 481/481/481 481/481/481 482/482/482 
f 481/481/481 483/483/483 482/482/482 
f 482/482/482 483/483/483 484/484/484 
f 483/483/483 483/483/483 484/484/484 
f 484/484/484 483/483/483 485/485/485 
f 483/483/483 486/486/486 485/485/485 
f 485/485/485 486/486/486 486/486/486 
f 486/486/486 487/487/487 486/486/486 
f 486/486/486 487/487/487 487/487/487 
f 487/487/487 488/488/488 487/487/487 
f 487/487/487 488/488/488 489/489/489 
f 488/488/488 488/488/488 489/489/489 
f 489/489/489 488/488/488 490/490/490 
f 488/488/488 488/488/488 490/490/490 
f 490/490/490 488/488/488 491/491/491 
f 488/488/488 492/492/492 491/491/491 
f 491/491/491 492/492/492 492/492/492 
f 492/492/492 493/493/493 492/492/492 
f 492/492/492 493/493/493 493/493/493 
f 493/493/493 494/494/494 493/493/493 
f 493/493/493 494/494/494 495/495/495 
f 494/494/494 496/496/496 495/495/495 
f 495/495/495 496/496/496 495/495/495 
f 496/496/496 497/497/497 495/495/495 
f 495/495/495 497/497/497 498/498/498 
f 497/497/497 499/499/499 498/498/498 
f 498/498/498 499/499/499 500/500/500 
f 499/499/499 500/500/500 500/500/500 
f 500/500/500 500/500/500 501/501/501 
f 500/500/500 501/501/501 501/501/501 
f 501/501/501 501/501/501 502/502/502 
f 501/501/501 503/503/503 502/502/502 
f 502/502/502 503/503/503 502/502/502 
f 503/503/503 504/504/504 502/502/502 
f 502/502/502 504/504/504 502/502/502 
f 504/504/504 505/505/505 502/502/502 
f 502/502/502 505/505/505 506/506/506 
f 505/505/505 505/505/505 506/506/506 
f 506/506/506 505/505/505 507/507/507 
f 505/505/505 508/508/508 507/507/507 
f 507/507/507 508/508/508 507/507/507 
f 508/508/508 509/509/509 507/507/507 
f 507/507/507 509/509/509 510/510/510 
f 509/509/509 510/510/510 510/510/510 
f 510/510/510 510/510/510 502/502/502 
f 510/510/510 502/502/502 502/502/502 
f 502/502/502 502/502/502 511/511/511 
f 502/502/502 506/506/506 511/511/511 
f 511/511/511 506/506/506 512/512/512 
f 506/506/506 512/512/512 512/512/512 
f 512/512/512 512/512/512 505/505/505 
f 512/512/512 505/505/505 505/505/505 
f 505/505/505 505/505/505 508/508/508 
f 505/505/505 513/513/513 508/508/508 
f 508/508/508 513/513/513 514/514/514 
f 513/513/513 514/514/514 514/514/514 
f 514/514/514 514/514/514 515/515/515 
f 514/514/514 515/515/515 515/515/515 
f 515/515/515 515/515/515 516/516/516 
f 515/515/515 517/517/517 516/516/516 
f 516/516/516 517/517/517 518/518/518 
f 517/517/517 518/518/518 518/518/518 
f 518/518/518 518/518/518 519/519/519 
f 518/518/518 519/519/519 519/519/519 
f 519/519/519 519/519/519 520/520/520 
f 519/519/519 521/521/521 520/520/520 
f 520/520/520 521/521/521 522/522/522 
f 521/521/521 522/522/522 522/522/522 
f 522/522/522 522/522/522 523/523/523 
f 522/522/522 523/523/523 523/523/523 
f 523/523/523 523/523/523 524/524/524 
f 523/523/523 525/525/525 524/524/524 
f 524/524/524 525/525/525 526/526/526 
f 525/525/525 526/526/526 526/526/526 
f 526/526/526 526/526/526 527/527/527 
f 526/526/526 527/527/527 527/527/527 
f 527/527/527 527/527/527 528/528/528 
f 527/527/527 529/529/529 528/528/528 
f 528/528/528 529/529/529 530/530/530 
f 529/529/529 530/530/530 530/530/530 
f 530/530/530 530/530/530 531/531/531 
f 530/530/530 531/531/531 531/531/531 
f 531/531/531 531/531/531 532/532/532 
f 531/531/531 533/533/533 532/532/532 
f 532/532/532 533/533/533 533/533/533 
f 533/533/533 534/534/534 533/533/533 
f 533/533/533 534/534/534 534/534/534 
f 534/534/534 535/535/535 534/534/534 
f 534/534/534 535/535/535 536/536/536 
f 535/535/535 537/537/537 536/536/536 
f 536/536/536 537/537/537 537/537/537 
f 537/537/537 538/538/538 537/537/537 
f 537/537/537 538/538/538 538/538/538 
f 538/538/538 539/539/539 538/538/538 
f 538/538/538 539/539/539 540/540/540 
f 539/539/539 540/540/540 540/540/540 
f 540/540/540 540/540/540 541/541/541 
f 540/540/540 541/541/541 541/541/541 
f 541/541/541 541/541/541 542/542/542 
f 541/541/541 543/543/543 542/542/542 
f 542/542/542 543/543/543 542/542/542 
f 543/543/543 544/544/544 542/542/542 
f 542/542/542 544/544/544 545/545/545 
f 544/544/544 545/545/545 545/545/545 
f 545/545/545 545/545/545 546/546/546 
f 545/545/545 546/546/546 546/546/546 
f 546/546/546 546/546/546 547/547/547 
f 546/546/546 548/548/548 547/547/547 
f 547/547/547 548/548/548 548/548/548 
f 548/548/548 549/549/549 548/548/548 
f 548/548/548 549/549/549 549/549/549 
f 549/549/549 550/550/550 549/549/549 
f 549/549/549 550/550/550 551/551/551 
f 550/550/550 552/552/552 551/551/551 
f 551/551/551 552/552/552 552/552/552 
f 552/552/552 553/553/553 552/552/552 
f 552/552/552 553/553/553 553/553/553 
f 553/553/553 554/554/554 553/553/553 
f 553/553/553 554/554/554 555/555/555 
f 554/554/554 556/556/556 555/555/555 
f 555/555/555 556/556/556 556/556/556 
f 556/556/556 557/557/557 556/556/556 
f 556/556/556 557/557/557 557/557/557 
f 557/557/557 558/558/558 557/557/557 
f 557/557/557 558/558/558 559/559/559 
f 558/558/558 560/560/560 559/559/559 
f 559/559/559 560/560/560 560/560/560 
f 560/560/560 561/561/561 560/560/560 
f 560/560/560 561/561/561 561/561/561 
f 561/561/561 562/562/562 561/561/561 
f 561/561/561 562/562/562 563/563/563 
f 562/562/562 564/564/564 563/563/563 
f 563/563/563 564/564/564 564/564/564 
f 564/564/564 565/565/565 564/564/564 
f 564/564/564 565/565/565 565/565/565 
f 565/565/565 566/566/566 565/565/565 
f 565/565/565 566/566/566 567/567/567 
f 566/566/566 568/568/568 567/567/567 
f 567/567/567 568/568/568 568/568/568 
f 568/568/568 569/569/569 568/568/568 
f 568/568/568 569/569/569 569/569/569 
f 569/569/569 570/570/570 569/569/569 
f 569/569/569 570/570/570 571/571/571 
f 570/570/570 572/572/572 571/571/571 
f 571/571/571 572/572/572 572/572/572 
f 572/572/572 573/573/573 572/572/572 
f 572/572/572 573/573/573 573/573/573 
f 573/573/573 574/574/574 573/573/573 
f 573/573/573 574/574/574 575/575/575 
f 574/574/574 576/576/576 575/575/575 
f 575/575/575 576/576/576 576/576/576 
f 576/576/576 577/577/577 576/576/576 
f 576/576/576 577/577/577 577/577/577 
f 577/577/577 578/578/578 577/577/577 
f 577/577/577 578/578/578 579/579/579 
f 578/578/578 580/580/580 579/579/579 
f 579/579/579 580/580/580 580/580/580 
f 580/580/580 581/581/581 580/580/580 
f 580/580/580 581/581/581 581/581/581 
f 581/581/581 582/582/582 581/581/581 
f 581/581/581 582/582/582 583/583/583 
f 582/582/582 584/584/584 583/583/583 
f 583/583/583 584/584/584 584/584/584 
f 584/584/584 585/585/585 584/584/584 
f 584/584/584 585/585/585 585/585/585 
f 585/585/585 586/586/586 585/585/585 
f 585/585/585 586/586/586 587/587/587 
f 586/586/586 588/588/588 587/587/587 
f 587/587/587 588/588/588 587/587/587 
f 588/588/588 589/589/589 587/587/587 
f 587/587/587 589/589/589 587/587/587 
f 589/589/589 590/590/590 587/587/587 
f 587/587/587 590/590/590 591/591/591 
f 590/590/590 590/590/590 591/591/591 
f 591/591/591 590/590/590 592/592/592 
f 590/590/590 593/593/593 592/592/592 
f 592/592/592 593/593/593 592/592/592 
f 593/593/593 594/594/594 592/592/592 
f 592/592/592 594/594/594 595/595/595 
f 594/594/594 595/595/595 595/595/595 
f 595/595/595 595/595/595 596/596/596 
f 595/595/595 596/596/596 596/596/596 
f 596/596/596 596/596/596 597/597/597 
f 596/596/596 598/598/598 597/597/597 
f 597/597/597 598/598/598 597/597/597 
f 598/598/598 599/599/599 597/597/597 
f 597/597/597 599/599/599 600/600/600 
f 599/599/599 600/600/600 600/600/600 
f 600/600/600 600/600/600 601/601/601 
f 600/600/600 601/601/601 601/601/601 
f 601/601/601 601/601/601 602/602/602 
f 601/601/601 603/603/603 602/602/602 
f 602/602/602 603/603/603 604/604/604 
f 603/603/603 604/604/604 604/604/604 
f 604/604/604 604/604/604 605/605/605 
f 604/604/604 605/605/605 605/605/605 
f 605/605/605 605/605/605 606/606/606 
f 605/605/605 607/607/607 606/606/606 
f 606/606/606 607/607/607 608/608/608 
f 607/607/607 608/608/608 608/608/608 
f 608/608/608 608/608/608 609/609/609 
f 608/608/608 609/609/609 609/609/609 
f 609/609/609 609/609/609 610/610/610 
f 609/609/609 611/611/611 610/610/610 
f 610/610/610 611/611/611 612/612/612 
f 611/611/611 612/612/612 612/612/612 
f 612/612/612 612/612/612 613/613/613 
f 612/612/612 613/613/613 613/613/613 
f 613/613/613 613/613/613 614/614/614 
f 613/613/613 615/615/615 614/614/614 
f 614/614/614 615/615/615 616/616/616 
f 615/615/615 617/617/617 616/616/616 
f 616/616/616 617/617/617 616/616/616 
f 617/617/617 618/618/618 616/616/616 
f 616/616/616 618/618/618 619/619/619 
f 618/618/618 620/620/620 619/619/619 
f 619/619/619 620/620/620 621/621/621 
f 620/620/620 622/622/622 621/621/621 
f 621/621/621 622/622/622 622/622/622 
f 622/622/622 623/623/623 622/622/622 
f 622/622/622 623/623/623 623/623/623 
f 623/623/623 624/624/624 623/623/623 
f 623/623/623 624/624/624 625/625/625 
f 624/624/624 626/626/626 625/625/625 
f 625/625/625 626/626/626 626/626/626 
f 626/626/626 627/627/627 626/626/626 
f 626/626/626 627/627/627 627/627/627 
f 627/627/627 628/628/628 627/627/627 
f 627/627/627 628/628/628 629/629/629 
f 628/628/628 630/630/630 629/629/629 
f 629/629/629 630/630/630 630/630/630 
f 630/630/630 631/631/631 630/630/630 
f 630/630/630 631/631/631 631/631/631 
f 631/631/631 632/632/632 631/631/631 
f 631/631/631 632/632/632 633/633/633 
f 632/632/632 634/634/634 633/633/633 
f 633/633/633 634/634/634 634/634/634 
f 634/634/634 635/635/635 634/634/634 
f 634/634/634 635/635/635 635/635/635 
f 635/635/635 636/636/636 635/635/635 
f 635/635/635 636/636/636 637/637/637 
f 636/636/636 638/638/638 637/637/637 
f 637/637/637 638/638/638 638/638/638 
f 638/638/638 639/639/639 638/638/638 
f 638/638/638 639/639/639 639/639/639 
f 639/639/639 640/640/640 639/639/639 
f 639/639/639 640/640/640 641/641/641 
f 640/640/640 642/642/642 641/641/641 
f 641/641/641 642/642/642 642/642/642 
f 642/642/642 643/643/643 642/642/642 
f 642/642/642 643/643/643 643/643/643 
f 643/643/643 644/644/644 643/643/643 
f 643/643/643 644/644/644 645/645/645 
f 644/644/644 646/646/646 645/645/645 
f 645/645/645 646/646/646 646/646/646 
f 646/646/646 647/647/647 646/646/646 
f 646/646/646 647/647/647 647/647/647 
f 647/647/647 648/648/648 647/647/647 
f 647/647/647 648/648/648 649/649/649 
f 648/648/648 649/649/649 649/649/649 
f 649/649/649 649/649/649 650/650/650 
f 649/649/649 650/650/650 650/650/650 
f 650/650/650 650/650/650 651/651/651 
f 650/650/650 652/652/652 651/651/651 
f 651/651/651 652/652/652 653/653/653 
f 652/652/652 653/653/653 653/653/653 
f 653/653/653 653/653/653 654/654/654 
f 653/653/653 654/654/654 654/654/654 
f 654/654/654 654/654/654 655/655/655 
f 654/654/654 656/656/656 655/655/655 
f 655/655/655 656/656/656 657/657/657 
f 656/656/656 657/657/657 657/657/657 
f 657/657/657 657/657/657 658/658/658 
f 657/657/657 658/658/658 658/658/658 
f 658/658/658 658/658/658 659/659/659 
f 658/658/658 660/660/660 659/659/659 
f 659/659/659 660/660/660 661/661/661 
f 660/660/660 661/661/661 661/661/661 
f 661/661/661 661/661/661 662/662/662 
f 661/661/661 662/662/662 662/662/662 
f 662/662/662 662/662/662 663/663/663 
f 662/662/662 664/664/664 663/663/663 
f 663/663/663 664/664/664 665/665/665 
f 664/664/664 665/665/665 665/665/665 
f 665/665/665 665/665/665 666/666/666 
f 665/665/665 666/666/666 666/666/666 
f 666/666/666 666/666/666 667/667/667 
f 666/666/666 668/668/668 667/667/667 
f 667/667/667 668/668/668 669/669/669 
f 668/668/668 669/669/669 669/669/669 
f 669/669/669 669/669/669 670/670/670 
f 669/669/669 670/670/670 670/670/670 
f 670/670/670 670/670/670 671/671/671 
f 670/670/670 672/672/672 671/671/671 
f 671/671/671 672/672/672 672/672/672 
f 672/672/672 673/673/673 672/672/672 
f 672/672/672 673/673/673 673/673/673 
f 673/673/673 674/674/674 673/673/673 
f 673/673/673 674/674/674 675/675/675 
f 674/674/674 674/674/674 675/675/675 
f 675/675/675 674/674/674 676/676/676 
f 674/674/674 677/677/677 676/676/676 
f 676/676/676 677/677/677 677/677/677 
f 677/677/677 678/678/678 677/677/677 
f 677/677/677 678/678/678 678/678/678 
f 678/678/678 679/679/679 678/678/678 
f 678/678/678 679/679/679 680/680/680 
f 679/679/679 681/681/681 680/680/680 
f 680/680/680 681/681/681 682/682/682 
f 681/681/681 682/682/682 682/682/682 
f 682/682/682 682/682/682 683/683/683 
f 682/682/682 683/683/683 683/683/683 
f 683/683/683 683/683/683 684/684/684 
f 683/683/683 685/685/685 684/684/684 
f 684/684/684 685/685/685 686/686/686 
f 685/685/685 687/687/687 686/686/686 
f 686/686/686 687/687/687 688/688/688 
f 687/687/687 689/689/689 688/688/688 
f 688/688/688 689/689/689 690/690/690 
f 689/689/689 689/689/689 690/690/690 
f 690/690/690 689/689/689 691/691/691 
f 689/689/689 692/692/692 691/691/691 
f 691/691/691 692/692/692 693/693/693 
f 692/692/692 694/694/694 693/693/693 
f 693/693/693 694/694/694 694/694/694 
f 694/694/694 695/695/695 694/694/694 
f 694/694/694 695/695/695 695/695/695 
f 695/695/695 696/696/696 695/695/695 
f 695/695/695 696/696/696 697/697/697 
f 696/696/696 698/698/698 697/697/697 
f 697/697/697 698/698/698 699/699/699 
f 698/698/698 700/700/700 699/699/699 
f 699/699/699 700/700/700 701/701/701 
f 700/700/700 702/702/702 701/701/701 
f 701/701/701 702/702/702 701/701/701 
f 702/702/702 703/703/703 701/701/701 
f 701/701/701 703/703/703 704/704/704 
f 703/703/703 705/705/705 704/704/704 
f 704/704/704 705/705/705 706/706/706 
f 705/705/705 706/706/706 706/706/706 
f 706/706/706 706/706/706 707/707/707 
f 706/706/706 707/707/707 707/707/707 
f 707/707/707 707/707/707 708/708/708 
f 707/707/707 709/709/709 708/708/708 
f 708/708/708 709/709/709 710/710/710 
f 709/709/709 710/710/710 710/710/710 
f 710/710/710 710/710/710 711/711/711 
f 710/710/710 711/711/711 711/711/711 
f 711/711/711 711/711/711 712/712/712 
f 711/711/711 713/713/713 712/712/712 
f 712/712/712 713/713/713 714/714/714 
f 713/713/713 714/714/714 714/714/714 
f 714/714/714 714/714/714 715/715/715 
f 714/714/714 715/715/715 715/715/715 
f 715/715/715 715/715/715 716/716/716 
f 715/715/715 717/717/717 716/716/716 
f 716/716/716 717/717/717 718/718/718 
f 717/717/717 718/718/718 718/718/718 
f 718/718/718 718/718/718 719/719/719 
f 718/718/718 719/719/719 719/719/719 
f 719/719/719 719/719/719 720/720/720 
f 719/719/719 721/721/721 720/720/720 
f 720/720/720 721/721/721 722/722/722 
f 721/721/721 722/722/722 722/722/722 
f 722/722/722 722/722/722 723/723/723 
f 722/722/722 723/723/723 723/723/723 
f 723/723/723 723/723/723 724/724/724 
f 723/723/723 725/725/725 724/724/724 
f 724/724/724 725/725/725 726/726/726 
f 725/725/725 726/726/726 726/726/726 
f 726/726/726 726/726/726 727/727/727 
f 726/726/726 727/727/727 727/727/727 
f 727/727/727 727/727/727 728/728/728 
f 727/727/727 729/729/729 728/728/728 
f 728/728/728 729/729/729 730/730/730 
f 729/729/729 730/730/730 730/730/730 
f 730/730/730 730/730/730 731/731/731 
f 730/730/730 731/731/731 731/731/731 
f 731/731/731 731/731/731 732/732/732 
f 731/731/731 733/733/733 732/732/732 
f 732/732/732 733/733/733 734/734/734 
f 733/733/733 734/734/734 734/734/734 
f 734/734/734 734/734/734 735/735/735 
f 734/734/734 735/735/735 735/735/735 
f 735/735/735 735/735/735 736/736/736 
f 735/735/735 737/737/737 736/736/736 
f 736/736/736 737/737/737 738/738/738 
f 737/737/737 738/738/738 738/738/738 
f 738/738/738 738/738/738 739/739/739 
f 738/738/738 739/739/739 739/739/739 
f 739/739/739 739/739/739 740/740/740 
f 739/739/739 741/741/741 740/740/740 
f 740/740/740 741/741/741 742/742/742 
f 741/741/741 742/742/742 742/742/742 
f 742/742/742 742/742/742 743/743/743 
f 742/742/742 743/743/743 743/743/743 
f 743/743/743 743/743/743 744/744/744 
f 743/743/743 745/745/745 744/744/744 
f 744/744/744 745/745/745 746/746/746 
f 745/745/745 746/746/746 746/746/746 
f 746/746/746 746/746/746 747/747/747 
f 746/746/746 747/747/747 747/747/747 
f 747/747/747 747/747/747 748/748/748 
f 747/747/747 749/749/749 748/748/748 
f 748/748/748 749/749/749 750/750/750 
f 749/749/749 750/750/750 750/750/750 
f 750/750/750 750/750/750 751/751/751 
f 750/750/750 751/751/751 751/751/751 
f 751/751/751 751/751/751 752/752/752 
f 751/751/751 753/753/753 752/752/752 
f 752/752/752 753/753/753 754/754/754 
f 753/753/753 754/754/754 754/754/754 
f 754/754/754 754/754/754 755/755/755 
f 754/754/754 755/755/755 755/755/755 
f 755/755/755 755/755/755 756/756/756 
f 755/755/755 757/757/757 756/756/756 
f 756/756/756 757/757/757 758/758/758 
f 757/757/757 758/758/758 758/758/758 
f 758/758/758 758/758/758 759/759/759 
f 758/758/758 759/759/759 759/759/759 
f 759/759/759 759/759/759 760/760/760 
f 759/759/759 761/761/761 760/760/760 
f 760/760/760 761/761/761 762/762/762 
f 761/761/761 762/762/762 762/762/762 
f 762/762/762 762/762/762 763/763/763 
f 762/762/762 763/763/763 763/763/763 
f 763/763/763 763/763/763 764/764/764 
f 763/763/763 765/765/765 764/764/764 
f 764/764/764 765/765/765 766/766/766 
f 765/765/765 766/766/766 766/766/766 
f 766/766/766 766/766/766 767/767/767 
f 766/766/766 767/767/767 767/767/767 
f 767/767/767 767/767/767 768/768/768 
f 767/767/767 769/769/769 768/768/768 
f 768/768/768 769/769/769 769/769/769 
f 769/769/769 770/770/770 769/769/769 
f 769/769/769 770/770/770 770/770/770 
f 770/770/770 771/771/771 770/770/770 
f 770/770/770 771/771/771 772/772/772 
f 771/771/771 773/773/773 772/772/772 
f 772/772/772 773/773/773 774/774/774 
f 773/773/773 774/774/774 774/774/774 
f 774/774/774 774/774/774 775/775/775 
f 774/774/774 775/775/775 775/775/775 
f 775/775/775 775/775/775 776/776/776 
f 775/775/775 777/777/777 776/776/776 
f 776/776/776 777/777/777 777/777/777 
f 777/777/777 778/778/778 777/777/777 
f 777/777/777 778/778/778 778/778/778 
f 778/778/778 779/779/779 778/778/778 
f 778/778/778 779/779/779 780/780/780 
f 779/779/779 781/781/781 780/780/780 
f 780/780/780 781/781/781 781/781/781 
f 781/781/781 782/782/782 781/781/781 
f 781/781/781 782/782/782 782/782/782 
f 782/782/782 783/783/783 782/782/782 
f 782/782/782 783/783/783 784/784/784 
f 783/783/783 785/785/785 784/784/784 
f 784/784/784 785/785/785 785/785/785 
f 785/785/785 786/786/786 785/785/785 
f 785/785/785 786/786/786 786/786/786 
f 786/786/786 787/787/787 786/786/786 
f 786/786/786 787/787/787 788/788/788 
f 787/787/787 789/789/789 788/788/788 
f 788/788/788 789/789/789 789/789/789 
f 789/789/789 790/790/790 789/789/789 
f 789/789/789 790/790/790 790/790/790 
f 790/790/790 791/791/791 790/790/790 
f 790/790/790 791/791/791 792/792/792 
f 791/791/791 793/793/793 792/792/792 
f 792/792/792 793/793/793 793/793/793 
f 793/793/793 794/794/794 793/793/793 
f 793/793/793 794/794/794 794/794/794 
f 794/794/794 795/795/795 794/794/794 
f 794/794/794 795/795/795 796/796/796 
f 795/795/795 797/797/797 796/796/796 
f 796/796/796 797/797/797 797/797/797 
f 797/797/797 798/798/798 797/797/797 
f 797/797/797 798/798/798 798/798/798 
f 798/798/798 799/799/799 798/798/798 
f 798/798/798 799/799/799 800/800/800 
f 799/799/799 800/800/800 800/800/800 
f 800/800/800 800/800/800 801/801/801 
f 800/800/800 801/801/801 801/801/801 
f 801/801/801 801/801/801 802/802/802 
f 801/801/801 803/803/803 802/802/802 
f 802/802/802 803/803/803 804/804/804 
f 803/803/803 805/805/805 804/804/804 
f 804/804/804 805/805/805 806/806/806 
f 805/805/805 807/807/807 806/806/806 
f 806/806/806 807/807/807 808/808/808 
f 807/807/807 809/809/809 808/808/808 
f 808/808/808 809/809/809 810/810/810 
f 809/809/809 809/809/809 810/810/810 
f 810/810/810 809/809/809 811/811/811 
f 809/809/809 812/812/812 811/811/811 
f 811/811/811 812/812/812 813/813/813 
f 812/812/812 814/814/814 813/813/813 
f 813/813/813 814/814/814 815/815/815 
f 814/814/814 816/816/816 815/815/815 
f 815/815/815 816/816/816 815/815/815 
f 816/816/816 817/817/817 815/815/815 
f 815/815/815 817/817/817 818/818/818 
f 817/817/817 819/819/819 818/818/818 
f 818/818/818 819/819/819 820/820/820 
f 819/819/819 820/820/820 820/820/820 
f 820/820/820 820/820/820 801/801/801 
f 820/820/820 801/801/801 801/801/801 
f 801/801/801 801/801/801 821/821/821 
f 801/801/801 802/802/802 821/821/821 
f 821/821/821 802/802/802 821/821/821 
f 802/802/802 822/822/822 821/821/821 
f 821/821/821 822/822/822 823/823/823 
f 822/822/822 824/824/824 823/823/823 
f 823/823/823 824/824/824 823/823/823 
f 824/824/824 825/825/825 823/823/823 
f 823/823/823 825/825/825 826/826/826 
f 825/825/825 826/826/826 826/826/826 
f 826/826/826 826/826/826 827/827/827 
f 826/826/826 827/827/827 827/827/827 
f 827/827/827 827/827/827 828/828/828 
f 827/827/827 829/829/829 828/828/828 
f 828/828/828 829/829/829 830/830/830 
f 829/829/829 829/829/829 830/830/830 
f 830/830/830 829/829/829 831/831/831 
f 829/829/829 829/829/829 831/831/831 
f 831/831/831 829/829/829 832/832/832 
f 829/829/829 833/833/833 832/832/832 
f 832/832/832 833/833/833 833/833/833 
f 833/833/833 834/834/834 833/833/833 
f 833/833/833 834/834/834 834/834/834 
f 834/834/834 828/828/828 834/834/834 
f 834/834/834 828/828/828 835/835/835 
f 828/828/828 830/830/830 835/835/835 
f 835/835/835 830/830/830 835/835/835 
f 830/830/830 836/836/836 835/835/835 
f 835/835/835 836/836/836 835/835/835 
f 836/836/836 837/837/837 835/835/835 
f 835/835/835 837/837/837 838/838/838 
f 837/837/837 838/838/838 838/838/838 
f 838/838/838 838/838/838 839/839/839 
f 838/838/838 839/839/839 839/839/839 
f 839/839/839 839/839/839 840/840/840 
f 839/839/839 841/841/841 840/840/840 
f 840/840/840 841/841/841 840/840/840 
f 841/841/841 842/842/842 840/840/840 
f 840/840/840 842/842/842 843/843/843 
f 842/842/842 844/844/844 843/843/843 
f 843/843/843 844/844/844 844/844/844 
f 844/844/844 839/839/839 844/844/844 
f 844/844/844 839/839/839 839/839/839 
f 839/839/839 840/840/840 839/839/839 
f 839/839/839 840/840/840 845/845/845 
f 840/840/840 843/843/843 845/845/845 
f 845/845/845 843/843/843 846/846/846 
f 843/843/843 847/847/847 846/846/846 
f 846/846/846 847/847/847 848/848/848 
f 847/847/847 847/847/847 848/848/848 
f 848/848/848 847/847/847 849/849/849 
f 847/847/847 847/847/847 849/849/849 
f 849/849/849 847/847/847 850/850/850 
f 847/847/847 851/851/851 850/850/850 
f 850/850/850 851/851/851 852/852/852 
f 851/851/851 853/853/853 852/852/852 
f 852/852/852 853/853/853 854/854/854 
f 853/853/853 855/855/855 854/854/854 
f 854/854/854 855/855/855 844/844/844 
f 855/855/855 847/847/847 844/844/844 
f 844/844/844 847/847/847 843/843/843 
f 847/847/847 843/843/843 843/843/843 
f 843/843/843 843/843/843 846/846/846 
f 843/843/843 846/846/846 846/846/846 
f 846/846/846 846/846/846 845/845/845 
f 846/846/846 848/848/848 845/845/845 
f 845/845/845 848/848/848 848/848/848 
f 848/848/848 851/851/851 848/848/848 
f 848/848/848 851/851/851 851/851/851 
f 851/851/851 847/847/847 851/851/851 
f 851/851/851 847/847/847 853/853/853 
f 847/847/847 855/855/855 853/853/853 
f 853/853/853 855/855/855 855/855/855 
f 855/855/855 854/854/854 855/855/855 
f 855/855/855 854/854/854 854/854/854 
f 854/854/854 844/844/844 854/854/854 
f 854/854/854 844/844/844 856/856/856 
f 844/844/844 857/857/857 856/856/856 
f 856/856/856 857/857/857 858/858/858 
f 857/857/857 857/857/857 858/858/858 
f 858/858/858 857/857/857 859/859/859 
f 857/857/857 860/860/860 859/859/859 
f 859/859/859 860/860/860 861/861/861 
f 860/860/860 862/862/862 861/861/861 
f 861/861/861 862/862/862 841/841/841 
f 862/862/862 862/862/862 841/841/841 
f 841/841/841 862/862/862 842/842/842 
f 862/862/862 860/860/860 842/842/842 
f 842/842/842 860/860/860 842/842/842 
f 860/860/860 857/857/857 842/842/842 
f 842/842/842 857/857/857 844/844/844 
f 857/857/857 844/844/844 844/844/844 
f 844/844/844 844/844/844 863/863/863 
f 844/844/844 863/863/863 863/863/863 
f 863/863/863 863/863/863 864/864/864 
f 863/863/863 865/865/865 864/864/864 
f 864/864/864 865/865/865 866/866/866 
f 865/865/865 867/867/867 866/866/866 
f 866/866/866 867/867/867 868/868/868 
f 867/867/867 868/868/868 868/868/868 
f 868/868/868 868/868/868 869/869/869 
f 868/868/868 869/869/869 869/869/869 
f 869/869/869 869/869/869 870/870/870 
f 869/869/869 864/864/864 870/870/870 
f 870/870/870 864/864/864 870/870/870 
f 864/864/864 866/866/866 870/870/870 
f 870/870/870 866/866/866 870/870/870 
f 866/866/866 871/871/871 870/870/870 
f 870/870/870 871/871/871 870/870/870 
f 871/871/871 872/872/872 870/870/870 
f 870/870/870 872/872/872 873/873/873 
f 872/872/872 873/873/873 873/873/873 
f 873/873/873 873/873/873 865/865/865 
f 873/873/873 865/865/865 865/865/865 
f 865/865/865 865/865/865 867/867/867 
f 865/865/865 874/874/874 867/867/867 
f 867/867/867 874/874/874 874/874/874 
f 874/874/874 875/875/875 874/874/874 
f 874/874/874 875/875/875 875/875/875 
f 875/875/875 876/876/876 875/875/875 
f 875/875/875 876/876/876 877/877/877 
f 876/876/876 878/878/878 877/877/877 
f 877/877/877 878/878/878 879/879/879 
f 878/878/878 880/880/880 879/879/879 
f 879/879/879 880/880/880 881/881/881 
f 880/880/880 882/882/882 881/881/881 
f 881/881/881 882/882/882 883/883/883 
f 882/882/882 884/884/884 883/883/883 
f 883/883/883 884/884/884 885/885/885 
f 884/884/884 886/886/886 885/885/885 
f 885/885/885 886/886/886 886/886/886 
f 886/886/886 876/876/876 886/886/886 
f 886/886/886 876/876/876 876/876/876 
f 876/876/876 875/875/875 876/876/876 
f 876/876/876 875/875/875 887/887/887 
f 875/875/875 888/888/888 887/887/887 
f 887/887/887 888/888/888 887/887/887 
f 888/888/888 889/889/889 887/887/887 
f 887/887/887 889/889/889 890/890/890 
f 889/889/889 889/889/889 890/890/890 
f 890/890/890 889/889/889 891/891/891 
f 889/889/889 892/892/892 891/891/891 
f 891/891/891 892/892/892 893/893/893 
f 892/892/892 894/894/894 893/893/893 
f 893/893/893 894/894/894 895/895/895 
f 894/894/894 896/896/896 895/895/895 
f 895/895/895 896/896/896 897/897/897 
f 896/896/896 898/898/898 897/897/897 
f 897/897/897 898/898/898 899/899/899 
f 898/898/898 900/900/900 899/899/899 
f 899/899/899 900/900/900 900/900/900 
f 900/900/900 901/901/901 900/900/900 
f 900/900/900 901/901/901 901/901/901 
f 901/901/901 902/902/902 901/901/901 
f 901/901/901 902/902/902 903/903/903 
f 902/902/902 902/902/902 903/903/903 
f 903/903/903 902/902/902 904/904/904 
f 902/902/902 905/905/905 904/904/904 
f 904/904/904 905/905/905 906/906/906 
f 905/905/905 907/907/907 906/906/906 
f 906/906/906 907/907/907 908/908/908 
f 907/907/907 909/909/909 908/908/908 
f 908/908/908 909/909/909 910/910/910 
f 909/909/909 911/911/911 910/910/910 
f 910/910/910 911/911/911 912/912/912 
f 911/911/911 913/913/913 912/912/912 
f 912/912/912 913/913/913 914/914/914 
f 913/913/913 915/915/915 914/914/914 
f 914/914/914 915/915/915 916/916/916 
f 915/915/915 917/917/917 916/916/916 
f 916/916/916 917/917/917 918/918/918 
f 917/917/917 918/918/918 918/918/918 
f 918/918/918 918/918/918 919/919/919 
f 918/918/918 919/919/919 919/919/919 
f 919/919/919 919/919/919 920/920/920 
f 919/919/919 921/921/921 920/920/920 
f 920/920/920 921/921/921 920/920/920 
f 921/921/921 922/922/922 920/920/920 
f 920/920/920 922/922/922 920/920/920 
f 922/922/922 923/923/923 920/920/920 
f 920/920/920 923/923/923 920/920/920 
f 923/923/923 924/924/924 920/920/920 
f 920/920/920 924/924/924 920/920/920 
f 924/924/924 925/925/925 920/920/920 
f 920/920/920 925/925/925 920/920/920 
f 925/925/925 926/926/926 920/920/920 
f 920/920/920 926/926/926 920/920/920 
f 926/926/926 927/927/927 920/920/920 
f 920/920/920 927/927/927 928/928/928 
f 927/927/927 928/928/928 928/928/928 
f 928/928/928 928/928/928 929/929/929 
f 928/928/928 929/929/929 929/929/929 
f 929/929/929 929/929/929 930/930/930 
f 929/929/929 931/931/931 930/930/930 
f 930/930/930 931/931/931 932/932/932 
f 931/931/931 931/931/931 932/932/932 
f 932/932/932 931/931/931 933/933/933 
f 931/931/931 934/934/934 933/933/933 
f 933/933/933 934/934/934 935/935/935 
f 934/934/934 936/936/936 935/935/935 
f 935/935/935 936/936/936 937/937/937 
f 936/936/936 938/938/938 937/937/937 
f 937/937/937 938/938/938 939/939/939 
f 938/938/938 940/940/940 939/939/939 
f 939/939/939 940/940/940 939/939/939 
f 940/940/940 941/941/941 939/939/939 
f 939/939/939 941/941/941 942/942/942 
f 941/941/941 943/943/943 942/942/942 
f 942/942/942 943/943/943 944/944/944 
f 943/943/943 945/945/945 944/944/944 
f 944/944/944 945/945/945 946/946/946 
f 945/945/945 947/947/947 946/946/946 
f 946/946/946 947/947/947 948/948/948 
f 947/947/947 949/949/949 948/948/948 
f 948/948/948 949/949/949 950/950/950 
f 949/949/949 950/950/950 950/950/950 
f 950/950/950 950/950/950 951/951/951 
f 950/950/950 951/951/951 951/951/951 
f 951/951/951 951/951/951 952/952/952 
f 951/951/951 953/953/953 952/952/952 
f 952/952/952 953/953/953 954/954/954 
f 953/953/953 955/955/955 954/954/954 
f 954/954/954 955/955/955 956/956/956 
f 955/955/955 957/957/957 956/956/956 
f 956/956/956 957/957/957 957/957/957 
f 957/957/957 958/958/958 957/957/957 
f 957/957/957 958/958/958 958/958/958 
f 958/958/958 959/959/959 958/958/958 
f 958/958/958 959/959/959 960/960/960 
f 959/959/959 959/959/959 960/960/960 
f 960/960/960 959/959/959 961/961/961 
f 959/959/959 959/959/959 961/961/961 
f 961/961/961 959/959/959 962/962/962 
f 959/959/959 963/963/963 962/962/962 
f 962/962/962 963/963/963 964/964/964 
f 963/963/963 964/964/964 964/964/964 
f 964/964/964 964/964/964 965/965/965 
f 964/964/964 965/965/965 965/965/965 
f 965/965/965 965/965/965 966/966/966 
f 965/965/965 967/967/967 966/966/966 
f 966/966/966 967/967/967 966/966/966 
f 967/967/967 968/968/968 966/966/966 
f 966/966/966 968/968/968 966/966/966 
f 968/968/968 969/969/969 966/966/966 
f 966/966/966 969/969/969 970/970/970 
f 969/969/969 971/971/971 970/970/970 
f 970/970/970 971/971/971 971/971/971 
f 971/971/971 972/972/972 971/971/971 
f 971/971/971 972/972/972 972/972/972 
f 972/972/972 973/973/973 972/972/972 
f 972/972/972 973/973/973 974/974/974 
f 973/973/973 975/975/975 974/974/974 
f 974/974/974 975/975/975 975/975/975 
f 975/975/975 976/976/976 975/975/975 
f 975/975/975 976/976/976 976/976/976 
f 976/976/976 977/977/977 976/976/976 
f 976/976/976 977/977/977 978/978/978 
f 977/977/977 979/979/979 978/978/978 
f 978/978/978 979/979/979 980/980/980 
f 979/979/979 981/981/981 980/980/980 
f 980/980/980 981/981/981 982/982/982 
f 981/981/981 982/982/982 982/982/982 
f 982/982/982 982/982/982 983/983/983 
f 982/982/982 983/983/983 983/983/983 
f 983/983/983 983/983/983 984/984/984 
f 983/983/983 985/985/985 984/984/984 
f 984/984/984 985/985/985 985/985/985 
f 985/985/985 986/986/986 985/985/985 
f 985/985/985 986/986/986 986/986/986 
f 986/986/986 987/987/987 986/986/986 
f 986/986/986 987/987/987 988/988/988 
f 987/987/987 988/988/988 988/988/988 
f 988/988/988 988/988/988 989/989/989 
f 988/988/988 989/989/989 989/989/989 
f 989/989/989 989/989/989 990/990/990 
f 989/989/989 991/991/991 990/990/990 
f 990/990/990 991/991/991 992/992/992 
f 991/991/991 991/991/991 992/992/992 
f 992/992/992 991/991/991 993/993/993 
f 991/991/991 994/994/994 993/993/993 
f 993/993/993 994/994/994 995/995/995 
f 994/994/994 996/996/996 995/995/995 
f 995/995/995 996/996/996 997/997/997 
f 996/996/996 998/998/998 997/997/997 
f 997/997/997 998/998/998 999/999/999 
f 998/998/998 1000/1000/1000 999/999/999 
f 999/999/999 1000/1000/1000 1001/1001/1001 
f 1000/1000/1000 1002/1002/1002 1001/1001/1001 
f 1001/1001/1001 1002/1002/1002 1003/1003/1003 
f 1002/1002/1002 1004/1004/1004 1003/1003/1003 
f 1003/1003/1003 1004/1004/1004 1005/1005/1005 
f 1004/1004/1004 1006/1006/1006 1005/1005/1005 
f 1005/1005/1005 1006/1006/1006 1005/1005/1005 
f 1006/1006/1006 1007/1007/1007 1005/1005/1005 
f 1005/1005/1005 1007/1007/1007 1008/1008/1008 
f 1007/1007/1007 1009/1009/1009 1008/1008/1008 
f 1008/1008/1008 1009/1009/1009 1010/1010/1010 
f 1009/1009/1009 1011/1011/1011 1010/1010/1010 
f 1010/1010/1010 1011/1011/1011 1012/1012/1012 
f 1011/1011/1011 1013/1013/1013 1012/1012/1012 
f 1012/1012/1012 1013/1013/1013 1014/1014/1014 
f 1013/1013/1013 1015/1015/1015 1014/1014/1014 
f 1014/1014/1014 1015/1015/1015 1016/1016/1016 
f 1015/1015/1015 1017/1017/1017 1016/1016/1016 
f 1016/1016/1016 1017/1017/1017 1018/1018/1018 
f 1017/1017/1017 1019/1019/1019 1018/1018/1018 
f 1018/1018/1018 1019/1019/1019 1018/1018/1018 
f 1019/1019/1019 1020/1020/1020 1018/1018/1018 
f 1018/1018/1018 1020/1020/1020 1021/1021/1021 
f 1020/1020/1020 1022/1022/1022 1021/1021/1021 
f 1021/1021/1021 1022/1022/1022 1023/1023/1023 
f 1022/1022/1022 1024/1024/1024 1023/1023/1023 
f 1023/1023/1023 1024/1024/1024 1025/1025/1025 
f 1024/1024/1024 1026/1026/1026 1025/1025/1025 
f 1025/1025/1025 1026/1026/1026 1027/1027/1027 
f 1026/1026/1026 1028/1028/1028 1027/1027/1027 
f 1027/1027/1027 1028/1028/1028 1029/1029/1029 
f 1028/1028/1028 1030/1030/1030 1029/1029/1029 
f 1029/1029/1029 1030/1030/1030 1031/1031/1031 
f 1030/1030/1030 1032/1032/1032 1031/1031/1031 
f 1031/1031/1031 1032/1032/1032 1031/1031/1031 
f 1032/1032/1032 1033/1033/1033 1031/1031/1031 
f 1031/1031/1031 1033/1033/1033 1034/1034/1034 
f 1033/1033/1033 1035/1035/1035 1034/1034/1034 
f 1034/1034/1034 1035/1035/1035 1036/1036/1036 
f 1035/1035/1035 1037/1037/1037 1036/1036/1036 
f 1036/1036/1036 1037/1037/1037 1038/1038/1038 
f 1037/1037/1037 1039/1039/1039 1038/1038/1038 
f 1038/1038/1038 1039/1039/1039 1040/1040/1040 
f 1039/1039/1039 1041/1041/1041 1040/1040/1040 
f 1040/1040/1040 1041/1041/1041 1042/1042/1042 
f 1041/1041/1041 1043/1043/1043 1042/1042/1042 
f 1042/1042/1042 1043/1043/1043 1044/1044/1044 
f 1043/1043/1043 1045/1045/1045 1044/1044/1044 
f 1044/1044/1044 1045/1045/1045 1046/1046/1046 
f 1045/1045/1045 1047/1047/1047 1046/1046/1046 
f 1046/1046/1046 1047/1047/1047 1046/1046/1046 
f 1047/1047/1047 1048/1048/1048 1046/1046/1046 
f 1046/1046/1046 1048/1048/1048 1049/1049/1049 
f 1048/1048/1048 1050/1050/1050 1049/1049/1049 
f 1049/1049/1049 1050/1050/1050 1050/1050/1050 
f 1050/1050/1050 992/992/992 1050/1050/1050 
f 1050/1050/1050 992/992/992 992/992/992 
f 992/992/992 1051/1051/1051 992/992/992 
f 992/992/992 1051/1051/1051 990/990/990 
f 1051/1051/1051 990/990/990 990/990/990 
f 990/990/990 990/990/990 1019/1019/1019 
f 990/990/990 1019/1019/1019 1019/1019/1019 
f 1019/1019/1019 1019/1019/1019 1052/1052/1052 
f 1019/1019/1019 1017/1017/1017 1052/1052/1052 
f 1052/1052/1052 1017/1017/1017 1017/1017/1017 
f 1017/1017/1017 1049/1049/1049 1017/1017/1017 
f 1017/1017/1017 1049/1049/1049 1049/1049/1049 
f 1049/1049/1049 1053/1053/1053 1049/1049/1049 
f 1049/1049/1049 1053/1053/1053 1046/1046/1046 
f 1053/1053/1053 1053/1053/1053 1046/1046/1046 
f 1046/1046/1046 1053/1053/1053 1044/1044/1044 
f 1053/1053/1053 1054/1054/1054 1044/1044/1044 
f 1044/1044/1044 1054/1054/1054 1042/1042/1042 
f 1054/1054/1054 1055/1055/1055 1042/1042/1042 
f 1042/1042/1042 1055/1055/1055 1040/1040/1040 
f 1055/1055/1055 1056/1056/1056 1040/1040/1040 
f 1040/1040/1040 1056/1056/1056 1038/1038/1038 
f 1056/1056/1056 1057/1057/1057 1038/1038/1038 
f 1038/1038/1038 1057/1057/1057 1036/1036/1036 
f 1057/1057/1057 1058/1058/1058 1036/1036/1036 
f 1036/1036/1036 1058/1058/1058 1034/1034/1034 
f 1058/1058/1058 1059/1059/1059 1034/1034/1034 
f 1034/1034/1034 1059/1059/1059 1031/1031/1031 
f 1059/1059/1059 1059/1059/1059 1031/1031/1031 
f 1031/1031/1031 1059/1059/1059 1029/1029/1029 
f 1059/1059/1059 1060/1060/1060 1029/1029/1029 
f 1029/1029/1029 1060/1060/1060 1027/1027/1027 
f 1060/1060/1060 1027/1027/1027 1027/1027/1027 
f 1027/1027/1027 1027/1027/1027 1060/1060/1060 
f 1027/1027/1027 1060/1060/1060 1060/1060/1060 
f 1060/1060/1060 1060/1060/1060 1061/1061/1061 
f 1060/1060/1060 1059/1059/1059 1061/1061/1061 
f 1061/1061/1061 1059/1059/1059 1061/1061/1061 
f 1059/1059/1059 1058/1058/1058 1061/1061/1061 
f 1061/1061/1061 1058/1058/1058 1062/1062/1062 
f 1058/1058/1058 1057/1057/1057 1062/1062/1062 
f 1062/1062/1062 1057/1057/1057 1063/1063/1063 
f 1057/1057/1057 1056/1056/1056 1063/1063/1063 
f 1063/1063/1063 1056/1056/1056 1064/1064/1064 
f 1056/1056/1056 1055/1055/1055 1064/1064/1064 
f 1064/1064/1064 1055/1055/1055 1065/1065/1065 
f 1055/1055/1055 1054/1054/1054 1065/1065/1065 
f 1065/1065/1065 1054/1054/1054 1066/1066/1066 
f 1054/1054/1054 1053/1053/1053 1066/1066/1066 
f 1066/1066/1066 1053/1053/1053 1067/1067/1067 
f 1053/1053/1053 1049/1049/1049 1067/1067/1067 
f 1067/1067/1067 1049/1049/1049 1068/1068/1068 
f 1049/1049/1049 1050/1050/1050 1068/1068/1068 
f 1068/1068/1068 1050/1050/1050 1068/1068/1068 
f 1050/1050/1050 1069/1069/1069 1068/1068/1068 
f 1068/1068/1068 1069/1069/1069 1070/1070/1070 
f 1069/1069/1069 1071/1071/1071 1070/1070/1070 
f 1070/1070/1070 1071/1071/1071 1071/1071/1071 
f 1071/1071/1071 1070/1070/1070 1071/1071/1071 
f 1071/1071/1071 1070/1070/1070 1070/1070/1070 
f 1070/1070/1070 1072/1072/1072 1070/1070/1070 
f 1070/1070/1070 1072/1072/1072 1068/1068/1068 
f 1072/1072/1072 1072/1072/1072 1068/1068/1068 
f 1068/1068/1068 1072/1072/1072 1067/1067/1067 
f 1072/1072/1072 1073/1073/1073 1067/1067/1067 
f 1067/1067/1067 1073/1073/1073 1066/1066/1066 
f 1073/1073/1073 1074/1074/1074 1066/1066/1066 
f 1066/1066/1066 1074/1074/1074 1066/1066/1066 
f 1074/1074/1074 1075/1075/1075 1066/1066/1066 
f 1066/1066/1066 1075/1075/1075 1065/1065/1065 
f 1075/1075/1075 1075/1075/1075 1065/1065/1065 
f 1065/1065/1065 1075/1075/1075 1064/1064/1064 
f 1075/1075/1075 1076/1076/1076 1064/1064/1064 
f 1064/1064/1064 1076/1076/1076 1063/1063/1063 
f 1076/1076/1076 1077/1077/1077 1063/1063/1063 
f 1063/1063/1063 1077/1077/1077 1062/1062/1062 
f 1077/1077/1077 1078/1078/1078 1062/1062/1062 
f 1062/1062/1062 1078/1078/1078 1061/1061/1061 
f 1078/1078/1078 1079/1079/1079 1061/1061/1061 
f 1061/1061/1061 1079/1079/1079 1060/1060/1060 
f 1079/1079/1079 1080/1080/1080 1060/1060/1060 
f 1060/1060/1060 1080/1080/1080 1027/1027/1027 
f 1080/1080/1080 1080/1080/1080 1027/1027/1027 
f 1027/1027/1027 1080/1080/1080 1025/1025/1025 
f 1080/1080/1080 1080/1080/1080 1025/1025/1025 
f 1025/1025/1025 1080/1080/1080 1023/1023/1023 
f 1080/1080/1080 1081/1081/1081 1023/1023/1023 
f 1023/1023/1023 1081/1081/1081 1021/1021/1021 
f 1081/1081/1081 1082/1082/1082 1021/1021/1021 
f 1021/1021/1021 1082/1082/1082 1018/1018/1018 
f 1082/1082/1082 1082/1082/1082 1018/1018/1018 
f 1018/1018/1018 1082/1082/1082 1016/1016/1016 
f 1082/1082/1082 1083/1083/1083 1016/1016/1016 
f 1016/1016/1016 1083/1083/1083 1014/1014/1014 
f 1083/1083/1083 1014/1014/1014 1014/1014/1014 
f 1014/1014/1014 1014/1014/1014 1080/1080/1080 
f 1014/1014/1014 1080/1080/1080 1080/1080/1080 
f 1080/1080/1080 1080/1080/1080 1081/1081/1081 
f 1080/1080/1080 1079/1079/1079 1081/1081/1081 
f 1081/1081/1081 1079/1079/1079 1084/1084/1084 
f 1079/1079/1079 1078/1078/1078 1084/1084/1084 
f 1084/1084/1084 1078/1078/1078 1085/1085/1085 
f 1078/1078/1078 1077/1077/1077 1085/1085/1085 
f 1085/1085/1085 1077/1077/1077 1086/1086/1086 
f 1077/1077/1077 1076/1076/1076 1086/1086/1086 
f 1086/1086/1086 1076/1076/1076 1076/1076/1076 
f 1076/1076/1076 1081/1081/1081 1076/1076/1076 
f 1076/1076/1076 1081/1081/1081 1081/1081/1081 
f 1081/1081/1081 1084/1084/1084 1081/1081/1081 
f 1081/1081/1081 1084/1084/1084 1082/1082/1082 
f 1084/1084/1084 1084/1084/1084 1082/1082/1082 
f 1082/1082/1082 1084/1084/1084 1083/1083/1083 
f 1084/1084/1084 1085/1085/1085 1083/1083/1083 
f 1083/1083/1083 1085/1085/1085 1087/1087/1087 
f 1085/1085/1085 1086/1086/1086 1087/1087/1087 
f 1087/1087/1087 1086/1086/1086 1088/1088/1088 
f 1086/1086/1086 1086/1086/1086 1088/1088/1088 
f 1088/1088/1088 1086/1086/1086 1089/1089/1089 
f 1086/1086/1086 1076/1076/1076 1089/1089/1089 
f 1089/1089/1089 1076/1076/1076 1089/1089/1089 
f 1076/1076/1076 1075/1075/1075 1089/1089/1089 
f 1089/1089/1089 1075/1075/1075 1090/1090/1090 
f 1075/1075/1075 1074/1074/1074 1090/1090/1090 
f 1090/1090/1090 1074/1074/1074 1074/1074/1074 
f 1074/1074/1074 1083/1083/1083 1074/1074/1074 
f 1074/1074/1074 1083/1083/1083 1083/1083/1083 
f 1083/1083/1083 1087/1087/1087 1083/1083/1083 
f 1083/1083/1083 1087/1087/1087 1014/1014/1014 
f 1087/1087/1087 1087/1087/1087 1014/1014/1014 
f 1014/1014/1014 1087/1087/1087 1012/1012/1012 
f 1087/1087/1087 1088/1088/1088 1012/1012/1012 
f 1012/1012/1012 1088/1088/1088 1010/1010/1010 
f 1088/1088/1088 1091/1091/1091 1010/1010/1010 
f 1010/1010/1010 1091/1091/1091 1008/1008/1008 
f 1091/1091/1091 1092/1092/1092 1008/1008/1008 
f 1008/1008/1008 1092/1092/1092 1005/1005/1005 
f 1092/1092/1092 1092/1092/1092 1005/1005/1005 
f 1005/1005/1005 1092/1092/1092 1003/1003/1003 
f 1092/1092/1092 1093/1093/1093 1003/1003/1003 
f 1003/1003/1003 1093/1093/1093 1001/1001/1001 
f 1093/1093/1093 1001/1001/1001 1001/1001/1001 
f 1001/1001/1001 1001/1001/1001 1088/1088/1088 
f 1001/1001/1001 1088/1088/1088 1088/1088/1088 
f 1088/1088/1088 1088/1088/1088 1091/1091/1091 
f 1088/1088/1088 1089/1089/1089 1091/1091/1091 
f 1091/1091/1091 1089/1089/1089 1091/1091/1091 
f 1089/1089/1089 1090/1090/1090 1091/1091/1091 
f 1091/1091/1091 1090/1090/1090 1092/1092/1092 
f 1090/1090/1090 1090/1090/1090 1092/1092/1092 
f 1092/1092/1092 1090/1090/1090 1093/1093/1093 
f 1090/1090/1090 1094/1094/1094 1093/1093/1093 
f 1093/1093/1093 1094/1094/1094 1093/1093/1093 
f 1094/1094/1094 1095/1095/1095 1093/1093/1093 
f 1093/1093/1093 1095/1095/1095 1001/1001/1001 
f 1095/1095/1095 1095/1095/1095 1001/1001/1001 
f 1001/1001/1001 1095/1095/1095 999/999/999 
f 1095/1095/1095 1096/1096/1096 999/999/999 
f 999/999/999 1096/1096/1096 997/997/997 
f 1096/1096/1096 1097/1097/1097 997/997/997 
f 997/997/997 1097/1097/1097 995/995/995 
f 1097/1097/1097 1098/1098/1098 995/995/995 
f 995/995/995 1098/1098/1098 993/993/993 
f 1098/1098/1098 1099/1099/1099 993/993/993 
f 993/993/993 1099/1099/1099 992/992/992 
f 1099/1099/1099 1100/1100/1100 992/992/992 
f 992/992/992 1100/1100/1100 1051/1051/1051 
f 1100/1100/1100 1100/1100/1100 1051/1051/1051 
f 1051/1051/1051 1100/1100/1100 1101/1101/1101 
f 1100/1100/1100 1102/1102/1102 1101/1101/1101 
f 1101/1101/1101 1102/1102/1102 1103/1103/1103 
f 1102/1102/1102 1104/1104/1104 1103/1103/1103 
f 1103/1103/1103 1104/1104/1104 1105/1105/1105 
f 1104/1104/1104 1106/1106/1106 1105/1105/1105 
f 1105/1105/1105 1106/1106/1106 1107/1107/1107 
f 1106/1106/1106 1107/1107/1107 1107/1107/1107 
f 1107/1107/1107 1107/1107/1107 1090/1090/1090 
f 1107/1107/1107 1090/1090/1090 1090/1090/1090 
f 1090/1090/1090 1090/1090/1090 1094/1094/1094 
f 1090/1090/1090 1074/1074/1074 1094/1094/1094 
f 1094/1094/1094 1074/1074/1074 1074/1074/1074 
f 1074/1074/1074 1106/1106/1106 1074/1074/1074 
f 1074/1074/1074 1106/1106/1106 1106/1106/1106 
f 1106/1106/1106 1104/1104/1104 1106/1106/1106 
f 1106/1106/1106 1104/1104/1104 1108/1108/1108 
f 1104/1104/1104 1102/1102/1102 1108/1108/1108 
f 1108/1108/1108 1102/1102/1102 1109/1109/1109 
f 1102/1102/1102 1100/1100/1100 1109/1109/1109 
f 1109/1109/1109 1100/1100/1100 1109/1109/1109 
f 1100/1100/1100 1099/1099/1099 1109/1109/1109 
f 1109/1109/1109 1099/1099/1099 1110/1110/1110 
f 1099/1099/1099 1098/1098/1098 1110/1110/1110 
f 1110/1110/1110 1098/1098/1098 1111/1111/1111 
f 1098/1098/1098 1097/1097/1097 1111/1111/1111 
f 1111/1111/1111 1097/1097/1097 1112/1112/1112 
f 1097/1097/1097 1096/1096/1096 1112/1112/1112 
f 1112/1112/1112 1096/1096/1096 1113/1113/1113 
f 1096/1096/1096 1095/1095/1095 1113/1113/1113 
f 1113/1113/1113 1095/1095/1095 1113/1113/1113 
f 1095/1095/1095 1094/1094/1094 1113/1113/1113 
f 1113/1113/1113 1094/1094/1094 1113/1113/1113 
f 1094/1094/1094 1074/1074/1074 1113/1113/1113 
f 1113/1113/1113 1074/1074/1074 1114/1114/1114 
f 1074/1074/1074 1073/1073/1073 1114/1114/1114 
f 1114/1114/1114 1073/1073/1073 1073/1073/1073 
f 1073/1073/1073 1113/1113/1113 1073/1073/1073 
f 1073/1073/1073 1113/1113/1113 1113/1113/1113 
f 1113/1113/1113 1114/1114/1114 1113/1113/1113 
f 1113/1113/1113 1114/1114/1114 1112/1112/1112 
f 1114/1114/1114 1115/1115/1115 1112/1112/1112 
f 1112/1112/1112 1115/1115/1115 1111/1111/1111 
f 1115/1115/1115 1116/1116/1116 1111/1111/1111 
f 1111/1111/1111 1116/1116/1116 1110/1110/1110 
f 1116/1116/1116 1117/1117/1117 1110/1110/1110 
f 1110/1110/1110 1117/1117/1117 1109/1109/1109 
f 1117/1117/1117 1117/1117/1117 1109/1109/1109 
f 1109/1109/1109 1117/1117/1117 1108/1108/1108 
f 1117/1117/1117 1118/1118/1118 1108/1108/1108 
f 1108/1108/1108 1118/1118/1118 1106/1106/1106 
f 1118/1118/1118 1106/1106/1106 1106/1106/1106 
f 1106/1106/1106 1106/1106/1106 1118/1118/1118 
f 1106/1106/1106 1118/1118/1118 1118/1118/1118 
f 1118/1118/1118 1118/1118/1118 1119/1119/1119 
f 1118/1118/1118 1117/1117/1117 1119/1119/1119 
f 1119/1119/1119 1117/1117/1117 1119/1119/1119 
f 1117/1117/1117 1116/1116/1116 1119/1119/1119 
f 1119/1119/1119 1116/1116/1116 1120/1120/1120 
f 1116/1116/1116 1115/1115/1115 1120/1120/1120 
f 1120/1120/1120 1115/1115/1115 1121/1121/1121 
f 1115/1115/1115 1114/1114/1114 1121/1121/1121 
f 1121/1121/1121 1114/1114/1114 1121/1121/1121 
f 1114/1114/1114 1073/1073/1073 1121/1121/1121 
f 1121/1121/1121 1073/1073/1073 1121/1121/1121 
f 1073/1073/1073 1072/1072/1072 1121/1121/1121 
f 1121/1121/1121 1072/1072/1072 1122/1122/1122 
f 1072/1072/1072 1070/1070/1070 1122/1122/1122 
f 1122/1122/1122 1070/1070/1070 1123/1123/1123 
f 1070/1070/1070 1071/1071/1071 1123/1123/1123 
f 1123/1123/1123 1071/1071/1071 1123/1123/1123 
f 1071/1071/1071 1124/1124/1124 1123/1123/1123 
f 1123/1123/1123 1124/1124/1124 1125/1125/1125 
f 1124/1124/1124 1126/1126/1126 1125/1125/1125 
f 1125/1125/1125 1126/1126/1126 1126/1126/1126 
f 1126/1126/1126 1121/1121/1121 1126/1126/1126 
f 1126/1126/1126 1121/1121/1121 1121/1121/1121 
f 1121/1121/1121 1122/1122/1122 1121/1121/1121 
f 1121/1121/1121 1122/1122/1122 1120/1120/1120 
f 1122/1122/1122 1127/1127/1127 1120/1120/1120 
f 1120/1120/1120 1127/1127/1127 1119/1119/1119 
f 1127/1127/1127 1128/1128/1128 1119/1119/1119 
f 1119/1119/1119 1128/1128/1128 1118/1118/1118 
f 1128/1128/1128 1129/1129/1129 1118/1118/1118 
f 1118/1118/1118 1129/1129/1129 1106/1106/1106 
f 1129/1129/1129 1129/1129/1129 1106/1106/1106 
f 1106/1106/1106 1129/1129/1129 1107/1107/1107 
f 1129/1129/1129 1129/1129/1129 1107/1107/1107 
f 1107/1107/1107 1129/1129/1129 1130/1130/1130 
f 1129/1129/1129 1129/1129/1129 1130/1130/1130 
f 1130/1130/1130 1129/1129/1129 1131/1131/1131 
f 1129/1129/1129 1128/1128/1128 1131/1131/1131 
f 1131/1131/1131 1128/1128/1128 1125/1125/1125 
f 1128/1128/1128 1127/1127/1127 1125/1125/1125 
f 1125/1125/1125 1127/1127/1127 1123/1123/1123 
f 1127/1127/1127 1122/1122/1122 1123/1123/1123 
f 1123/1123/1123 1122/1122/1122 1122/1122/1122 
f 1122/1122/1122 1125/1125/1125 1122/1122/1122 
f 1122/1122/1122 1125/1125/1125 1125/1125/1125 
f 1125/1125/1125 1126/1126/1126 1125/1125/1125 
f 1125/1125/1125 1126/1126/1126 1131/1131/1131 
f 1126/1126/1126 1132/1132/1132 1131/1131/1131 
f 1131/1131/1131 1132/1132/1132 1130/1130/1130 
f 1132/1132/1132 1130/1130/1130 1130/1130/1130 
f 1130/1130/1130 1130/1130/1130 1133/1133/1133 
f 1130/1130/1130 1133/1133/1133 1133/1133/1133 
f 1133/1133/1133 1133/1133/1133 1134/1134/1134 
f 1133/1133/1133 1135/1135/1135 1134/1134/1134 
f 1134/1134/1134 1135/1135/1135 1136/1136/1136 
f 1135/1135/1135 1135/1135/1135 1136/1136/1136 
f 1136/1136/1136 1135/1135/1135 1137/1137/1137 
f 1135/1135/1135 1138/1138/1138 1137/1137/1137 
f 1137/1137/1137 1138/1138/1138 1139/1139/1139 
f 1138/1138/1138 1140/1140/1140 1139/1139/1139 
f 1139/1139/1139 1140/1140/1140 1141/1141/1141 
f 1140/1140/1140 1142/1142/1142 1141/1141/1141 
f 1141/1141/1141 1142/1142/1142 1143/1143/1143 
f 1142/1142/1142 1144/1144/1144 1143/1143/1143 
f 1143/1143/1143 1144/1144/1144 1145/1145/1145 
f 1144/1144/1144 1146/1146/1146 1145/1145/1145 
f 1145/1145/1145 1146/1146/1146 1147/1147/1147 
f 1146/1146/1146 1148/1148/1148 1147/1147/1147 
f 1147/1147/1147 1148/1148/1148 1149/1149/1149 
f 1148/1148/1148 1150/1150/1150 1149/1149/1149 
f 1149/1149/1149 1150/1150/1150 1149/1149/1149 
f 1150/1150/1150 1151/1151/1151 1149/1149/1149 
f 1149/1149/1149 1151/1151/1151 1152/1152/1152 
f 1151/1151/1151 1153/1153/1153 1152/1152/1152 
f 1152/1152/1152 1153/1153/1153 1154/1154/1154 
f 1153/1153/1153 1155/1155/1155 1154/1154/1154 
f 1154/1154/1154 1155/1155/1155 1156/1156/1156 
f 1155/1155/1155 1157/1157/1157 1156/1156/1156 
f 1156/1156/1156 1157/1157/1157 1158/1158/1158 
f 1157/1157/1157 1159/1159/1159 1158/1158/1158 
f 1158/1158/1158 1159/1159/1159 1160/1160/1160 
f 1159/1159/1159 1161/1161/1161 1160/1160/1160 
f 1160/1160/1160 1161/1161/1161 1162/1162/1162 
f 1161/1161/1161 1163/1163/1163 1162/1162/1162 
f 1162/1162/1162 1163/1163/1163 1162/1162/1162 
f 1163/1163/1163 1164/1164/1164 1162/1162/1162 
f 1162/1162/1162 1164/1164/1164 1165/1165/1165 
f 1164/1164/1164 1166/1166/1166 1165/1165/1165 
f 1165/1165/1165 1166/1166/1166 1167/1167/1167 
f 1166/1166/1166 1168/1168/1168 1167/1167/1167 
f 1167/1167/1167 1168/1168/1168 1169/1169/1169 
f 1168/1168/1168 1170/1170/1170 1169/1169/1169 
f 1169/1169/1169 1170/1170/1170 1171/1171/1171 
f 1170/1170/1170 1172/1172/1172 1171/1171/1171 
f 1171/1171/1171 1172/1172/1172 1173/1173/1173 
f 1172/1172/1172 1174/1174/1174 1173/1173/1173 
f 1173/1173/1173 1174/1174/1174 1175/1175/1175 
f 1174/1174/1174 1176/1176/1176 1175/1175/1175 
f 1175/1175/1175 1176/1176/1176 1175/1175/1175 
f 1176/1176/1176 1177/1177/1177 1175/1175/1175 
f 1175/1175/1175 1177/1177/1177 1178/1178/1178 
f 1177/1177/1177 1179/1179/1179 1178/1178/1178 
f 1178/1178/1178 1179/1179/1179 1180/1180/1180 
f 1179/1179/1179 1181/1181/1181 1180/1180/1180 
f 1180/1180/1180 1181/1181/1181 1182/1182/1182 
f 1181/1181/1181 1183/1183/1183 1182/1182/1182 
f 1182/1182/1182 1183/1183/1183 1184/1184/1184 
f 1183/1183/1183 1185/1185/1185 1184/1184/1184 
f 1184/1184/1184 1185/1185/1185 1186/1186/1186 
f 1185/1185/1185 1187/1187/1187 1186/1186/1186 
f 1186/1186/1186 1187/1187/1187 1188/1188/1188 
f 1187/1187/1187 1189/1189/1189 1188/1188/1188 
f 1188/1188/1188 1189/1189/1189 1190/1190/1190 
f 1189/1189/1189 1191/1191/1191 1190/1190/1190 
f 1190/1190/1190 1191/1191/1191 1190/1190/1190 
f 1191/1191/1191 1192/1192/1192 1190/1190/1190 
f 1190/1190/1190 1192/1192/1192 1193/1193/1193 
f 1192/1192/1192 1194/1194/1194 1193/1193/1193 
f 1193/1193/1193 1194/1194/1194 1194/1194/1194 
f 1194/1194/1194 1136/1136/1136 1194/1194/1194 
f 1194/1194/1194 1136/1136/1136 1136/1136/1136 
f 1136/1136/1136 1195/1195/1195 1136/1136/1136 
f 1136/1136/1136 1195/1195/1195 1134/1134/1134 
f 1195/1195/1195 1134/1134/1134 1134/1134/1134 
f 1134/1134/1134 1134/1134/1134 1163/1163/1163 
f 1134/1134/1134 1163/1163/1163 1163/1163/1163 
f 1163/1163/1163 1163/1163/1163 1196/1196/1196 
f 1163/1163/1163 1161/1161/1161 1196/1196/1196 
f 1196/1196/1196 1161/1161/1161 1161/1161/1161 
f 1161/1161/1161 1193/1193/1193 1161/1161/1161 
f 1161/1161/1161 1193/1193/1193 1193/1193/1193 
f 1193/1193/1193 1197/1197/1197 1193/1193/1193 
f 1193/1193/1193 1197/1197/1197 1190/1190/1190 
f 1197/1197/1197 1197/1197/1197 1190/1190/1190 
f 1190/1190/1190 1197/1197/1197 1188/1188/1188 
f 1197/1197/1197 1198/1198/1198 1188/1188/1188 
f 1188/1188/1188 1198/1198/1198 1186/1186/1186 
f 1198/1198/1198 1199/1199/1199 1186/1186/1186 
f 1186/1186/1186 1199/1199/1199 1184/1184/1184 
f 1199/1199/1199 1200/1200/1200 1184/1184/1184 
f 1184/1184/1184 1200/1200/1200 1182/1182/1182 
f 1200/1200/1200 1201/1201/1201 1182/1182/1182 
f 1182/1182/1182 1201/1201/1201 1180/1180/1180 
f 1201/1201/1201 1202/1202/1202 1180/1180/1180 
f 1180/1180/1180 1202/1202/1202 1178/1178/1178 
f 1202/1202/1202 1203/1203/1203 1178/1178/1178 
f 1178/1178/1178 1203/1203/1203 1175/1175/1175 
f 1203/1203/1203 1203/1203/1203 1175/1175/1175 
f 1175/1175/1175 1203/1203/1203 1173/1173/1173 
f 1203/1203/1203 1204/1204/1204 1173/1173/1173 
f 1173/1173/1173 1204/1204/1204 1171/1171/1171 
f 1204/1204/1204 1171/1171/1171 1171/1171/1171 
f 1171/1171/1171 1171/1171/1171 1204/1204/1204 
f 1171/1171/1171 1204/1204/1204 1204/1204/1204 
f 1204/1204/1204 1204/1204/1204 1205/1205/1205 
f 1204/1204/1204 1203/1203/1203 1205/1205/1205 
f 1205/1205/1205 1203/1203/1203 1205/1205/1205 
f 1203/1203/1203 1202/1202/1202 1205/1205/1205 
f 1205/1205/1205 1202/1202/1202 1206/1206/1206 
f 1202/1202/1202 1201/1201/1201 1206/1206/1206 
f 1206/1206/1206 1201/1201/1201 1207/1207/1207 
f 1201/1201/1201 1200/1200/1200 1207/1207/1207 
f 1207/1207/1207 1200/1200/1200 1208/1208/1208 
f 1200/1200/1200 1199/1199/1199 1208/1208/1208 
f 1208/1208/1208 1199/1199/1199 1209/1209/1209 
f 1199/1199/1199 1198/1198/1198 1209/1209/1209 
f 1209/1209/1209 1198/1198/1198 1210/1210/1210 
f 1198/1198/1198 1197/1197/1197 1210/1210/1210 
f 1210/1210/1210 1197/1197/1197 1211/1211/1211 
f 1197/1197/1197 1193/1193/1193 1211/1211/1211 
f 1211/1211/1211 1193/1193/1193 1212/1212/1212 
f 1193/1193/1193 1194/1194/1194 1212/1212/1212 
f 1212/1212/1212 1194/1194/1194 1212/1212/1212 
f 1194/1194/1194 1213/1213/1213 1212/1212/1212 
f 1212/1212/1212 1213/1213/1213 1214/1214/1214 
f 1213/1213/1213 1215/1215/1215 1214/1214/1214 
f 1214/1214/1214 1215/1215/1215 1215/1215/1215 
f 1215/1215/1215 1214/1214/1214 1215/1215/1215 
f 1215/1215/1215 1214/1214/1214 1214/1214/1214 
f 1214/1214/1214 1216/1216/1216 1214/1214/1214 
f 1214/1214/1214 1216/1216/1216 1212/1212/1212 
f 1216/1216/1216 1216/1216/1216 1212/1212/1212 
f 1212/1212/1212 1216/1216/1216 1211/1211/1211 
f 1216/1216/1216 1217/1217/1217 1211/1211/1211 
f 1211/1211/1211 1217/1217/1217 1210/1210/1210 
f 1217/1217/1217 1218/1218/1218 1210/1210/1210 
f 1210/1210/1210 1218/1218/1218 1210/1210/1210 
f 1218/1218/1218 1219/1219/1219 1210/1210/1210 
f 1210/1210/1210 1219/1219/1219 1209/1209/1209 
f 1219/1219/1219 1219/1219/1219 1209/1209/1209 
f 1209/1209/1209 1219/1219/1219 1208/1208/1208 
f 1219/1219/1219 1220/1220/1220 1208/1208/1208 
f 1208/1208/1208 1220/1220/1220 1207/1207/1207 
f 1220/1220/1220 1221/1221/1221 1207/1207/1207 
f 1207/1207/1207 1221/1221/1221 1206/1206/1206 
f 1221/1221/1221 1222/1222/1222 1206/1206/1206 
f 1206/1206/1206 1222/1222/1222 1205/1205/1205 
f 1222/1222/1222 1223/1223/1223 1205/1205/1205 
f 1205/1205/1205 1223/1223/1223 1204/1204/1204 
f 1223/1223/1223 1224/1224/1224 1204/1204/1204 
f 1204/1204/1204 1224/1224/1224 1171/1171/1171 
f 1224/1224/1224 1224/1224/1224 1171/1171/1171 
f 1171/1171/1171 1224/1224/1224 1169/1169/1169 
f 1224/1224/1224 1224/1224/1224 1169/1169/1169 
f 1169/1169/1169 1224/1224/1224 1167/1167/1167 
f 1224/1224/1224 1225/1225/1225 1167/1167/1167 
f 1167/1167/1167 1225/1225/1225 1165/1165/1165 
f 1225/1225/1225 1226/1226/1226 1165/1165/1165 
f 1165/1165/1165 1226/1226/1226 1162/1162/1162 
f 1226/1226/1226 1226/1226/1226 1162/1162/1162 
f 1162/1162/1162 1226/1226/1226 1160/1160/1160 
f 1226/1226/1226 1227/1227/1227 1160/1160/1160 
f 1160/1160/1160 1227/1227/1227 1158/1158/1158 
f 1227/1227/1227 1158/1158/1158 1158/1158/1158 
f 1158/1158/1158 1158/1158/1158 1224/1224/1224 
f 1158/1158/1158 1224/1224/1224 1224/1224/1224 
f 1224/1224/1224 1224/1224/1224 1225/1225/1225 
f 1224/1224/1224 1223/1223/1223 1225/1225/1225 
f 1225/1225/1225 1223/1223/1223 1228/1228/1228 
f 1223/1223/1223 1222/1222/1222 1228/1228/1228 
f 1228/1228/1228 1222/1222/1222 1229/1229/1229 
f 1222/1222/1222 1221/1221/1221 1229/1229/1229 
f 1229/1229/1229 1221/1221/1221 1230/1230/1230 
f 1221/1221/1221 1220/1220/1220 1230/1230/1230 
f 1230/1230/1230 1220/1220/1220 1220/1220/1220 
f 1220/1220/1220 1225/1225/1225 1220/1220/1220 
f 1220/1220/1220 1225/1225/1225 1225/1225/1225 
f 1225/1225/1225 1228/1228/1228 1225/1225/1225 
f 1225/1225/1225 1228/1228/1228 1226/1226/1226 
f 1228/1228/1228 1228/1228/1228 1226/1226/1226 
f 1226/1226/1226 1228/1228/1228 1227/1227/1227 
f 1228/1228/1228 1229/1229/1229 1227/1227/1227 
f 1227/1227/1227 1229/1229/1229 1231/1231/1231 
f 1229/1229/1229 1230/1230/1230 1231/1231/1231 
f 1231/1231/1231 1230/1230/1230 1232/1232/1232 
f 1230/1230/1230 1230/1230/1230 1232/1232/1232 
f 1232/1232/1232 1230/1230/1230 1233/1233/1233 
f 1230/1230/1230 1220/1220/1220 1233/1233/1233 
f 1233/1233/1233 1220/1220/1220 1233/1233/1233 
f 1220/1220/1220 1219/1219/1219 1233/1233/1233 
f 1233/1233/1233 1219/1219/1219 1234/1234/1234 
f 1219/1219/1219 1218/1218/1218 1234/1234/1234 
f 1234/1234/1234 1218/1218/1218 1218/1218/1218 
f 1218/1218/1218 1227/1227/1227 1218/1218/1218 
f 1218/1218/1218 1227/1227/1227 1227/1227/1227 
f 1227/1227/1227 1231/1231/1231 1227/1227/1227 
f 1227/1227/1227 1231/1231/1231 1158/1158/1158 
f 1231/1231/1231 1231/1231/1231 1158/1158/1158 
f 1158/1158/1158 1231/1231/1231 1156/1156/1156 
f 1231/1231/1231 1232/1232/1232 1156/1156/1156 
f 1156/1156/1156 1232/1232/1232 1154/1154/1154 
f 1232/1232/1232 1235/1235/1235 1154/1154/1154 
f 1154/1154/1154 1235/1235/1235 1152/1152/1152 
f 1235/1235/1235 1236/1236/1236 1152/1152/1152 
f 1152/1152/1152 1236/1236/1236 1149/1149/1149 
f 1236/1236/1236 1236/1236/1236 1149/1149/1149 
f 1149/1149/1149 1236/1236/1236 1147/1147/1147 
f 1236/1236/1236 1237/1237/1237 1147/1147/1147 
f 1147/1147/1147 1237/1237/1237 1145/1145/1145 
f 1237/1237/1237 1145/1145/1145 1145/1145/1145 
f 1145/1145/1145 1145/1145/1145 1232/1232/1232 
f 1145/1145/1145 1232/1232/1232 1232/1232/1232 
f 1232/1232/1232 1232/1232/1232 1235/1235/1235 
f 1232/1232/1232 1233/1233/1233 1235/1235/1235 
f 1235/1235/1235 1233/1233/1233 1235/1235/1235 
f 1233/1233/1233 1234/1234/1234 1235/1235/1235 
f 1235/1235/1235 1234/1234/1234 1236/1236/1236 
f 1234/1234/1234 1234/1234/1234 1236/1236/1236 
f 1236/1236/1236 1234/1234/1234 1237/1237/1237 
f 1234/1234/1234 1238/1238/1238 1237/1237/1237 
f 1237/1237/1237 1238/1238/1238 1237/1237/1237 
f 1238/1238/1238 1239/1239/1239 1237/1237/1237 
f 1237/1237/1237 1239/1239/1239 1145/1145/1145 
f 1239/1239/1239 1239/1239/1239 1145/1145/1145 
f 1145/1145/1145 1239/1239/1239 1143/1143/1143 
f 1239/1239/1239 1240/1240/1240 1143/1143/1143 
f 1143/1143/1143 1240/1240/1240 1141/1141/1141 
f 1240/1240/1240 1241/1241/1241 1141/1141/1141 
f 1141/1141/1141 1241/1241/1241 1139/1139/1139 
f 1241/1241/1241 1242/1242/1242 1139/1139/1139 
f 1139/1139/1139 1242/1242/1242 1137/1137/1137 
f 1242/1242/1242 1243/1243/1243 1137/1137/1137 
f 1137/1137/1137 1243/1243/1243 1136/1136/1136 
f 1243/1243/1243 1244/1244/1244 1136/1136/1136 
f 1136/1136/1136 1244/1244/1244 1195/1195/1195 
f 1244/1244/1244 1244/1244/1244 1195/1195/1195 
f 1195/1195/1195 1244/1244/1244 1245/1245/1245 
f 1244/1244/1244 1246/1246/1246 1245/1245/1245 
f 1245/1245/1245 1246/1246/1246 1247/1247/1247 
f 1246/1246/1246 1248/1248/1248 1247/1247/1247 
f 1247/1247/1247 1248/1248/1248 1249/1249/1249 
f 1248/1248/1248 1250/1250/1250 1249/1249/1249 
f 1249/1249/1249 1250/1250/1250 1251/1251/1251 
f 1250/1250/1250 1251/1251/1251 1251/1251/1251 
f 1251/1251/1251 1251/1251/1251 1234/1234/1234 
f 1251/1251/1251 1234/1234/1234 1234/1234/1234 
f 1234/1234/1234 1234/1234/1234 1238/1238/1238 
f 1234/1234/1234 1218/1218/1218 1238/1238/1238 
f 1238/1238/1238 1218/1218/1218 1218/1218/1218 
f 1218/1218/1218 1250/1250/1250 1218/1218/1218 
f 1218/1218/1218 1250/1250/1250 1250/1250/1250 
f 1250/1250/1250 1248/1248/1248 1250/1250/1250 
f 1250/1250/1250 1248/1248/1248 1252/1252/1252 
f 1248/1248/1248 1246/1246/1246 1252/1252/1252 
f 1252/1252/1252 1246/1246/1246 1253/1253/1253 
f 1246/1246/1246 1244/1244/1244 1253/1253/1253 
f 1253/1253/1253 1244/1244/1244 1253/1253/1253 
f 1244/1244/1244 1243/1243/1243 1253/1253/1253 
f 1253/1253/1253 1243/1243/1243 1254/1254/1254 
f 1243/1243/1243 1242/1242/1242 1254/1254/1254 
f 1254/1254/1254 1242/1242/1242 1255/1255/1255 
f 1242/1242/1242 1241/1241/1241 1255/1255/1255 
f 1255/1255/1255 1241/1241/1241 1256/1256/1256 
f 1241/1241/1241 1240/1240/1240 1256/1256/1256 
f 1256/1256/1256 1240/1240/1240 1257/1257/1257 
f 1240/1240/1240 1239/1239/1239 1257/1257/1257 
f 1257/1257/1257 1239/1239/1239 1257/1257/1257 
f 1239/1239/1239 1238/1238/1238 1257/1257/1257 
f 1257/1257/1257 1238/1238/1238 1257/1257/1257 
f 1238/1238/1238 1218/1218/1218 1257/1257/1257 
f 1257/1257/1257 1218/1218/1218 1258/1258/1258 
f 1218/1218/1218 1217/1217/1217 1258/1258/1258 
f 1258/1258/1258 1217/1217/1217 1217/1217/1217 
f 1217/1217/1217 1257/1257/1257 1217/1217/1217 
f 1217/1217/1217 1257/1257/1257 1257/1257/1257 
f 1257/1257/1257 1258/1258/1258 1257/1257/1257 
f 1257/1257/1257 1258/1258/1258 1256/1256/1256 
f 1258/1258/1258 1259/1259/1259 1256/1256/1256 
f 1256/1256/1256 1259/1259/1259 1255/1255/1255 
f 1259/1259/1259 1260/1260/1260 1255/1255/1255 
f 1255/1255/1255 1260/1260/1260 1254/1254/1254 
f 1260/1260/1260 1261/1261/1261 1254/1254/1254 
f 1254/1254/1254 1261/1261/1261 1253/1253/1253 
f 1261/1261/1261 1261/1261/1261 1253/1253/1253 
f 1253/1253/1253 1261/1261/1261 1252/1252/1252 
f 1261/1261/1261 1262/1262/1262 1252/1252/1252 
f 1252/1252/1252 1262/1262/1262 1250/1250/1250 
f 1262/1262/1262 1250/1250/1250 1250/1250/1250 
f 1250/1250/1250 1250/1250/1250 1262/1262/1262 
f 1250/1250/1250 1262/1262/1262 1262/1262/1262 
f 1262/1262/1262 1262/1262/1262 1263/1263/1263 
f 1262/1262/1262 1261/1261/1261 1263/1263/1263 
f 1263/1263/1263 1261/1261/1261 1263/1263/1263 
f 1261/1261/1261 1260/1260/1260 1263/1263/1263 
f 1263/1263/1263 1260/1260/1260 1264/1264/1264 
f 1260/1260/1260 1259/1259/1259 1264/1264/1264 
f 1264/1264/1264 1259/1259/1259 1265/1265/1265 
f 1259/1259/1259 1258/1258/1258 1265/1265/1265 
f 1265/1265/1265 1258/1258/1258 1265/1265/1265 
f 1258/1258/1258 1217/1217/1217 1265/1265/1265 
f 1265/1265/1265 1217/1217/1217 1265/1265/1265 
f 1217/1217/1217 1216/1216/1216 1265/1265/1265 
f 1265/1265/1265 1216/1216/1216 1266/1266/1266 
f 1216/1216/1216 1214/1214/1214 1266/1266/1266 
f 1266/1266/1266 1214/1214/1214 1267/1267/1267 
f 1214/1214/1214 1215/1215/1215 1267/1267/1267 
f 1267/1267/1267 1215/1215/1215 1267/1267/1267 
f 1215/1215/1215 1268/1268/1268 1267/1267/1267 
f 1267/1267/1267 1268/1268/1268 1269/1269/1269 
f 1268/1268/1268 1270/1270/1270 1269/1269/1269 
f 1269/1269/1269 1270/1270/1270 1270/1270/1270 
f 1270/1270/1270 1265/1265/1265 1270/1270/1270 
f 1270/1270/1270 1265/1265/1265 1265/1265/1265 
f 1265/1265/1265 1266/1266/1266 1265/1265/1265 
f 1265/1265/1265 1266/1266/1266 1264/1264/1264 
f 1266/1266/1266 1271/1271/1271 1264/1264/1264 
f 1264/1264/1264 1271/1271/1271 1263/1263/1263 
f 1271/1271/1271 1272/1272/1272 1263/1263/1263 
f 1263/1263/1263 1272/1272/1272 1262/1262/1262 
f 1272/1272/1272 1273/1273/1273 1262/1262/1262 
f 1262/1262/1262 1273/1273/1273 1250/1250/1250 
f 1273/1273/1273 1273/1273/1273 1250/1250/1250 
f 1250/1250/1250 1273/1273/1273 1251/1251/1251 
f 1273/1273/1273 1273/1273/1273 1251/1251/1251 
f 1251/1251/1251 1273/1273/1273 1274/1274/1274 
f 1273/1273/1273 1273/1273/1273 1274/1274/1274 
f 1274/1274/1274 1273/1273/1273 1275/1275/1275 
f 1273/1273/1273 1272/1272/1272 1275/1275/1275 
f 1275/1275/1275 1272/1272/1272 1269/1269/1269 
f 1272/1272/1272 1271/1271/1271 1269/1269/1269 
f 1269/1269/1269 1271/1271/1271 1267/1267/1267 
f 1271/1271/1271 1266/1266/1266 1267/1267/1267 
f 1267/1267/1267 1266/1266/1266 1266/1266/1266 
f 1266/1266/1266 1269/1269/1269 1266/1266/1266 
f 1266/1266/1266 1269/1269/1269 1269/1269/1269 
f 1269/1269/1269 1270/1270/1270 1269/1269/1269 
f 1269/1269/1269 1270/1270/1270 1275/1275/1275 
f 1270/1270/1270 1276/1276/1276 1275/1275/1275 
f 1275/1275/1275 1276/1276/1276 1274/1274/1274 
f 1276/1276/1276 1274/1274/1274 1274/1274/1274 
f 1274/1274/1274 1274/1274/1274 1277/1277/1277 
f 1274/1274/1274 1277/1277/1277 1277/1277/1277 
f 1277/1277/1277 1277/1277/1277 1278/1278/1278 
f 1277/1277/1277 1279/1279/1279 1278/1278/1278 
f 1278/1278/1278 1279/1279/1279 1279/1279/1279 
f 1279/1279/1279 1280/1280/1280 1279/1279/1279 
f 1279/1279/1279 1280/1280/1280 1280/1280/1280 
f 1280/1280/1280 1281/1281/1281 1280/1280/1280 
f 1280/1280/1280 1281/1281/1281 1282/1282/1282 
f 1281/1281/1281 1282/1282/1282 1282/1282/1282 
f 1282/1282/1282 1282/1282/1282 1283/1283/1283 
f 1282/1282/1282 1283/1283/1283 1283/1283/1283 
f 1283/1283/1283 1283/1283/1283 1284/1284/1284 
f 1283/1283/1283 1285/1285/1285 1284/1284/1284 
f 1284/1284/1284 1285/1285/1285 1285/1285/1285 
f 1285/1285/1285 1286/1286/1286 1285/1285/1285 
f 1285/1285/1285 1286/1286/1286 1286/1286/1286 
f 1286/1286/1286 1287/1287/1287 1286/1286/1286 
f 1286/1286/1286 1287/1287/1287 1288/1288/1288 
f 1287/1287/1287 1288/1288/1288 1288/1288/1288 
f 1288/1288/1288 1288/1288/1288 1289/1289/1289 
f 1288/1288/1288 1289/1289/1289 1289/1289/1289 
f 1289/1289/1289 1289/1289/1289 1290/1290/1290 
f 1289/1289/1289 1291/1291/1291 1290/1290/1290 
f 1290/1290/1290 1291/1291/1291 1291/1291/1291 
f 1291/1291/1291 1292/1292/1292 1291/1291/1291 
f 1291/1291/1291 1292/1292/1292 1292/1292/1292 
f 1292/1292/1292 1293/1293/1293 1292/1292/1292 
f 1292/1292/1292 1293/1293/1293 1294/1294/1294 
f 1293/1293/1293 1295/1295/1295 1294/1294/1294 
f 1294/1294/1294 1295/1295/1295 1294/1294/1294 
f 1295/1295/1295 1296/1296/1296 1294/1294/1294 
f 1294/1294/1294 1296/1296/1296 1297/1297/1297 
f 1296/1296/1296 1297/1297/1297 1297/1297/1297 
f 1297/1297/1297 1297/1297/1297 1298/1298/1298 
f 1297/1297/1297 1298/1298/1298 1298/1298/1298 
f 1298/1298/1298 1298/1298/1298 1299/1299/1299 
f 1298/1298/1298 1300/1300/1300 1299/1299/1299 
f 1299/1299/1299 1300/1300/1300 1299/1299/1299 
f 1300/1300/1300 1301/1301/1301 1299/1299/1299 
f 1299/1299/1299 1301/1301/1301 1302/1302/1302 
f 1301/1301/1301 1303/1303/1303 1302/1302/1302 
f 1302/1302/1302 1303/1303/1303 1302/1302/1302 
f 1303/1303/1303 1304/1304/1304 1302/1302/1302 
f 1302/1302/1302 1304/1304/1304 1305/1305/1305 
f 1304/1304/1304 1304/1304/1304 1305/1305/1305 
f 1305/1305/1305 1304/1304/1304 1306/1306/1306 
f 1304/1304/1304 1307/1307/1307 1306/1306/1306 
f 1306/1306/1306 1307/1307/1307 1308/1308/1308 
f 1307/1307/1307 1309/1309/1309 1308/1308/1308 
f 1308/1308/1308 1309/1309/1309 1310/1310/1310 
f 1309/1309/1309 1310/1310/1310 1310/1310/1310 
f 1310/1310/1310 1310/1310/1310 1311/1311/1311 
f 1310/1310/1310 1311/1311/1311 1311/1311/1311 
f 1311/1311/1311 1311/1311/1311 1312/1312/1312 
f 1311/1311/1311 1313/1313/1313 1312/1312/1312 
f 1312/1312/1312 1313/1313/1313 1312/1312/1312 
f 1313/1313/1313 1314/1314/1314 1312/1312/1312 
f 1312/1312/1312 1314/1314/1314 1315/1315/1315 
f 1314/1314/1314 1316/1316/1316 1315/1315/1315 
f 1315/1315/1315 1316/1316/1316 1315/1315/1315 
f 1316/1316/1316 1317/1317/1317 1315/1315/1315 
f 1315/1315/1315 1317/1317/1317 1318/1318/1318 
f 1317/1317/1317 1317/1317/1317 1318/1318/1318 
f 1318/1318/1318 1317/1317/1317 1319/1319/1319 
f 1317/1317/1317 1320/1320/1320 1319/1319/1319 
f 1319/1319/1319 1320/1320/1320 1321/1321/1321 
f 1320/1320/1320 1322/1322/1322 1321/1321/1321 
f 1321/1321/1321 1322/1322/1322 1323/1323/1323 
f 1322/1322/1322 1323/1323/1323 1323/1323/1323 
f 1323/1323/1323 1323/1323/1323 1324/1324/1324 
f 1323/1323/1323 1324/1324/1324 1324/1324/1324 
f 1324/1324/1324 1324/1324/1324 1325/1325/1325 
f 1324/1324/1324 1326/1326/1326 1325/1325/1325 
f 1325/1325/1325 1326/1326/1326 1325/1325/1325 
f 1326/1326/1326 1327/1327/1327 1325/1325/1325 
f 1325/1325/1325 1327/1327/1327 1325/1325/1325 
f 1327/1327/1327 1328/1328/1328 1325/1325/1325 
f 1325/1325/1325 1328/1328/1328 1329/1329/1329 
f 1328/1328/1328 1329/1329/1329 1329/1329/1329 
f 1329/1329/1329 1329/1329/1329 1330/1330/1330 
f 1329/1329/1329 1330/1330/1330 1330/1330/1330 
f 1330/1330/1330 1330/1330/1330 1331/1331/1331 
f 1330/1330/1330 1332/1332/1332 1331/1331/1331 
f 1331/1331/1331 1332/1332/1332 1332/1332/1332 
f 1332/1332/1332 1333/1333/1333 1332/1332/1332 
f 1332/1332/1332 1333/1333/1333 1333/1333/1333 
f 1333/1333/1333 1334/1334/1334 1333/1333/1333 
f 1333/1333/1333 1334/1334/1334 1335/1335/1335 
f 1334/1334/1334 1335/1335/1335 1335/1335/1335 
f 1335/1335/1335 1335/1335/1335 1336/1336/1336 
f 1335/1335/1335 1336/1336/1336 1336/1336/1336 
f 1336/1336/1336 1336/1336/1336 1337/1337/1337 
f 1336/1336/1336 1338/1338/1338 1337/1337/1337 
f 1337/1337/1337 1338/1338/1338 1339/1339/1339 
f 1338/1338/1338 1339/1339/1339 1339/1339/1339 
f 1339/1339/1339 1339/1339/1339 1340/1340/1340 
f 1339/1339/1339 1340/1340/1340 1340/1340/1340 
f 1340/1340/1340 1340/1340/1340 1341/1341/1341 
f 1340/1340/1340 1342/1342/1342 1341/1341/1341 
f 1341/1341/1341 1342/1342/1342 1343/1343/1343 
f 1342/1342/1342 1344/1344/1344 1343/1343/1343 
f 1343/1343/1343 1344/1344/1344 1345/1345/1345 
f 1344/1344/1344 1345/1345/1345 1345/1345/1345 
f 1345/1345/1345 1345/1345/1345 1346/1346/1346 
f 1345/1345/1345 1346/1346/1346 1346/1346/1346 
f 1346/1346/1346 1346/1346/1346 1347/1347/1347 
f 1346/1346/1346 1348/1348/1348 1347/1347/1347 
f 1347/1347/1347 1348/1348/1348 1349/1349/1349 
f 1348/1348/1348 1350/1350/1350 1349/1349/1349 
f 1349/1349/1349 1350/1350/1350 1350/1350/1350 
f 1350/1350/1350 1351/1351/1351 1350/1350/1350 
f 1350/1350/1350 1351/1351/1351 1351/1351/1351 
f 1351/1351/1351 1352/1352/1352 1351/1351/1351 
f 1351/1351/1351 1352/1352/1352 1353/1353/1353 
f 1352/1352/1352 1354/1354/1354 1353/1353/1353 
f 1353/1353/1353 1354/1354/1354 1355/1355/1355 
f 1354/1354/1354 1355/1355/1355 1355/1355/1355 
f 1355/1355/1355 1355/1355/1355 1356/1356/1356 
f 1355/1355/1355 1356/1356/1356 1356/1356/1356 
f 1356/1356/1356 1356/1356/1356 1357/1357/1357 
f 1356/1356/1356 1358/1358/1358 1357/1357/1357 
f 1357/1357/1357 1358/1358/1358 1357/1357/1357 
f 1358/1358/1358 1359/1359/1359 1357/1357/1357 
f 1357/1357/1357 1359/1359/1359 1360/1360/1360 
f 1359/1359/1359 1360/1360/1360 1360/1360/1360 
f 1360/1360/1360 1360/1360/1360 1361/1361/1361 
f 1360/1360/1360 1361/1361/1361 1361/1361/1361 
f 1361/1361/1361 1361/1361/1361 1362/1362/1362 
f 1361/1361/1361 1363/1363/1363 1362/1362/1362 
f 1362/1362/1362 1363/1363/1363 1363/1363/1363 
f 1363/1363/1363 1364/1364/1364 1363/1363/1363 
f 1363/1363/1363 1364/1364/1364 1364/1364/1364 
f 1364/1364/1364 1365/1365/1365 1364/1364/1364 
f 1364/1364/1364 1365/1365/1365 1366/1366/1366 
f 1365/1365/1365 1367/1367/1367 1366/1366/1366 
f 1366/1366/1366 1367/1367/1367 1368/1368/1368 
f 1367/1367/1367 1369/1369/1369 1368/1368/1368 
f 1368/1368/1368 1369/1369/1369 1370/1370/1370 
f 1369/1369/1369 1371/1371/1371 1370/1370/1370 
f 1370/1370/1370 1371/1371/1371 1372/1372/1372 
f 1371/1371/1371 1373/1373/1373 1372/1372/1372 
f 1372/1372/1372 1373/1373/1373 1374/1374/1374 
f 1373/1373/1373 1375/1375/1375 1374/1374/1374 
f 1374/1374/1374 1375/1375/1375 1376/1376/1376 
f 1375/1375/1375 1377/1377/1377 1376/1376/1376 
f 1376/1376/1376 1377/1377/1377 1377/1377/1377 
f 1377/1377/1377 1378/1378/1378 1377/1377/1377 
f 1377/1377/1377 1378/1378/1378 1378/1378/1378 
f 1378/1378/1378 1379/1379/1379 1378/1378/1378 
f 1378/1378/1378 1379/1379/1379 1380/1380/1380 
f 1379/1379/1379 1380/1380/1380 1380/1380/1380 
f 1380/1380/1380 1380/1380/1380 1381/1381/1381 
f 1380/1380/1380 1381/1381/1381 1381/1381/1381 
f 1381/1381/1381 1381/1381/1381 1382/1382/1382 
f 1381/1381/1381 1383/1383/1383 1382/1382/1382 
f 1382/1382/1382 1383/1383/1383 1383/1383/1383 
f 1383/1383/1383 1384/1384/1384 1383/1383/1383 
f 1383/1383/1383 1384/1384/1384 1384/1384/1384 
f 1384/1384/1384 1385/1385/1385 1384/1384/1384 
f 1384/1384/1384 1385/1385/1385 1386/1386/1386 
f 1385/1385/1385 1386/1386/1386 1386/1386/1386 
f 1386/1386/1386 1386/1386/1386 1387/1387/1387 
f 1386/1386/1386 1387/1387/1387 1387/1387/1387 
f 1387/1387/1387 1387/1387/1387 1388/1388/1388 
f 1387/1387/1387 1389/1389/1389 1388/1388/1388 
f 1388/1388/1388 1389/1389/1389 1389/1389/1389 
f 1389/1389/1389 1390/1390/1390 1389/1389/1389 
f 1389/1389/1389 1390/1390/1390 1390/1390/1390 
f 1390/1390/1390 1391/1391/1391 1390/1390/1390 
f 1390/1390/1390 1391/1391/1391 1392/1392/1392 
f 1391/1391/1391 1393/1393/1393 1392/1392/1392 
f 1392/1392/1392 1393/1393/1393 1393/1393/1393 
f 1393/1393/1393 1394/1394/1394 1393/1393/1393 
f 1393/1393/1393 1394/1394/1394 1394/1394/1394 
f 1394/1394/1394 1395/1395/1395 1394/1394/1394 
f 1394/1394/1394 1395/1395/1395 1396/1396/1396 
f 1395/1395/1395 1397/1397/1397 1396/1396/1396 
f 1396/1396/1396 1397/1397/1397 1398/1398/1398 
f 1397/1397/1397 1399/1399/1399 1398/1398/1398 
f 1398/1398/1398 1399/1399/1399 1399/1399/1399 
f 1399/1399/1399 1400/1400/1400 1399/1399/1399 
f 1399/1399/1399 1400/1400/1400 1400/1400/1400 
f 1400/1400/1400 1401/1401/1401 1400/1400/1400 
f 1400/1400/1400 1401/1401/1401 1402/1402/1402 
f 1401/1401/1401 1403/1403/1403 1402/1402/1402 
f 1402/1402/1402 1403/1403/1403 1404/1404/1404 
f 1403/1403/1403 1404/1404/1404 1404/1404/1404 
f 1404/1404/1404 1404/1404/1404 1405/1405/1405 
f 1404/1404/1404 1405/1405/1405 1405/1405/1405 
f 1405/1405/1405 1405/1405/1405 1406/1406/1406 
f 1405/1405/1405 1407/1407/1407 1406/1406/1406 
f 1406/1406/1406 1407/1407/1407 1408/1408/1408 
f 1407/1407/1407 1408/1408/1408 1408/1408/1408 
f 1408/1408/1408 1408/1408/1408 1409/1409/1409 
f 1408/1408/1408 1409/1409/1409 1409/1409/1409 
f 1409/1409/1409 1409/1409/1409 1410/1410/1410 
f 1409/1409/1409 1411/1411/1411 1410/1410/1410 
f 1410/1410/1410 1411/1411/1411 1412/1412/1412 
f 1411/1411/1411 1413/1413/1413 1412/1412/1412 
f 1412/1412/1412 1413/1413/1413 1413/1413/1413 
f 1413/1413/1413 1414/1414/1414 1413/1413/1413 
f 1413/1413/1413 1414/1414/1414 1414/1414/1414 
f 1414/1414/1414 1415/1415/1415 1414/1414/1414 
f 1414/1414/1414 1415/1415/1415 1416/1416/1416 
f 1415/1415/1415 1416/1416/1416 1416/1416/1416 
f 1416/1416/1416 1416/1416/1416 1417/1417/1417 
f 1416/1416/1416 1417/1417/1417 1417/1417/1417 
f 1417/1417/1417 1417/1417/1417 1418/1418/1418 
f 1417/1417/1417 1419/1419/1419 1418/1418/1418 
f 1418/1418/1418 1419/1419/1419 1419/1419/1419 
f 1419/1419/1419 1420/1420/1420 1419/1419/1419 
f 1419/1419/1419 1420/1420/1420 1420/1420/1420 
f 1420/1420/1420 1421/1421/1421 1420/1420/1420 
f 1420/1420/1420 1421/1421/1421 1422/1422/1422 
f 1421/1421/1421 1422/1422/1422 1422/1422/1422 
f 1422/1422/1422 1422/1422/1422 1423/1423/1423 
f 1422/1422/1422 1423/1423/1423 1423/1423/1423 
f 1423/1423/1423 1423/1423/1423 1424/1424/1424 
f 1423/1423/1423 1425/1425/1425 1424/1424/1424 
f 1424/1424/1424 1425/1425/1425 1425/1425/1425 
f 1425/1425/1425 1426/1426/1426 1425/1425/1425 
f 1425/1425/1425 1426/1426/1426 1426/1426/1426 
f 1426/1426/1426 1427/1427/1427 1426/1426/1426 
f 1426/1426/1426 1427/1427/1427 1428/1428/1428 
f 1427/1427/1427 1428/1428/1428 1428/1428/1428 
f 1428/1428/1428 1428/1428/1428 1429/1429/1429 
f 1428/1428/1428 1429/1429/1429 1429/1429/1429 
f 1429/1429/1429 1429/1429/1429 1430/1430/1430 
f 1429/1429/1429 1431/1431/1431 1430/1430/1430 
f 1430/1430/1430 1431/1431/1431 1431/1431/1431 
f 1431/1431/1431 1432/1432/1432 1431/1431/1431 
f 1431/1431/1431 1432/1432/1432 1432/1432/1432 
f 1432/1432/1432 1433/1433/1433 1432/1432/1432 
f 1432/1432/1432 1433/1433/1433 1434/1434/1434 
f 1433/1433/1433 1435/1435/1435 1434/1434/1434 
f 1434/1434/1434 1435/1435/1435 1435/1435/1435 
f 1435/1435/1435 1436/1436/1436 1435/1435/1435 
f 1435/1435/1435 1436/1436/1436 1436/1436/1436 
f 1436/1436/1436 1437/1437/1437 1436/1436/1436 
f 1436/1436/1436 1437/1437/1437 1438/1438/1438 
f 1437/1437/1437 1439/1439/1439 1438/1438/1438 
f 1438/1438/1438 1439/1439/1439 1439/1439/1439 
f 1439/1439/1439 1440/1440/1440 1439/1439/1439 
f 1439/1439/1439 1440/1440/1440 1440/1440/1440 
f 1440/1440/1440 1441/1441/1441 1440/1440/1440 
f 1440/1440/1440 1441/1441/1441 1442/1442/1442 
f 1441/1441/1441 1443/1443/1443 1442/1442/1442 
f 1442/1442/1442 1443/1443/1443 1442/1442/1442 
f 1443/1443/1443 1444/1444/1444 1442/1442/1442 
f 1442/1442/1442 1444/1444/1444 1445/1445/1445 
f 1444/1444/1444 1445/1445/1445 1445/1445/1445 
f 1445/1445/1445 1445/1445/1445 1446/1446/1446 
f 1445/1445/1445 1446/1446/1446 1446/1446/1446 
f 1446/1446/1446 1446/1446/1446 1447/1447/1447 
f 1446/1446/1446 1448/1448/1448 1447/1447/1447 
f 1447/1447/1447 1448/1448/1448 1449/1449/1449 
f 1448/1448/1448 1449/1449/1449 1449/1449/1449 
f 1449/1449/1449 1449/1449/1449 1450/1450/1450 
f 1449/1449/1449 1450/1450/1450 1450/1450/1450 
f 1450/1450/1450 1450/1450/1450 1451/1451/1451 
f 1450/1450/1450 1452/1452/1452 1451/1451/1451 
f 1451/1451/1451 1452/1452/1452 1453/1453/1453 
f 1452/1452/1452 1453/1453/1453 1453/1453/1453 
f 1453/1453/1453 1453/1453/1453 1454/1454/1454 
f 1453/1453/1453 1454/1454/1454 1454/1454/1454 
f 1454/1454/1454 1454/1454/1454 1455/1455/1455 
f 1454/1454/1454 1456/1456/1456 1455/1455/1455 
f 1455/1455/1455 1456/1456/1456 1457/1457/1457 
f 1456/1456/1456 1457/1457/1457 1457/1457/1457 
f 1457/1457/1457 1457/1457/1457 1458/1458/1458 
f 1457/1457/1457 1458/1458/1458 1458/1458/1458 
f 1458/1458/1458 1458/1458/1458 1459/1459/1459 
f 1458/1458/1458 1460/1460/1460 1459/1459/1459 
f 1459/1459/1459 1460/1460/1460 1461/1461/1461 
f 1460/1460/1460 1461/1461/1461 1461/1461/1461 
f 1461/1461/1461 1461/1461/1461 1462/1462/1462 
f 1461/1461/1461 1462/1462/1462 1462/1462/1462 
f 1462/1462/1462 1462/1462/1462 1463/1463/1463 
f 1462/1462/1462 1464/1464/1464 1463/1463/1463 
f 1463/1463/1463 1464/1464/1464 1465/1465/1465 
f 1464/1464/1464 1465/1465/1465 1465/1465/1465 
f 1465/1465/1465 1465/1465/1465 1466/1466/1466 
f 1465/1465/1465 1466/1466/1466 1466/1466/1466 
f 1466/1466/1466 1466/1466/1466 1467/1467/1467 
f 1466/1466/1466 1468/1468/1468 1467/1467/1467 
f 1467/1467/1467 1468/1468/1468 1469/1469/1469 
f 1468/1468/1468 1469/1469/1469 1469/1469/1469 
f 1469/1469/1469 1469/1469/1469 1470/1470/1470 
f 1469/1469/1469 1470/1470/1470 1470/1470/1470 
f 1470/1470/1470 1470/1470/1470 1471/1471/1471 
f 1470/1470/1470 1472/1472/1472 1471/1471/1471 
f 1471/1471/1471 1472/1472/1472 1473/1473/1473 
f 1472/1472/1472 1473/1473/1473 1473/1473/1473 
f 1473/1473/1473 1473/1473/1473 1474/1474/1474 
f 1473/1473/1473 1474/1474/1474 1474/1474/1474 
f 1474/1474/1474 1474/1474/1474 1475/1475/1475 
f 1474/1474/1474 1476/1476/1476 1475/1475/1475 
f 1475/1475/1475 1476/1476/1476 1477/1477/1477 
f 1476/1476/1476 1477/1477/1477 1477/1477/1477 
f 1477/1477/1477 1477/1477/1477 1478/1478/1478 
f 1477/1477/1477 1478/1478/1478 1478/1478/1478 
f 1478/1478/1478 1478/1478/1478 1479/1479/1479 
f 1478/1478/1478 1480/1480/1480 1479/1479/1479 
f 1479/1479/1479 1480/1480/1480 1481/1481/1481 
f 1480/1480/1480 1481/1481/1481 1481/1481/1481 
f 1481/1481/1481 1481/1481/1481 1482/1482/1482 
f 1481/1481/1481 1482/1482/1482 1482/1482/1482 
f 1482/1482/1482 1482/1482/1482 1483/1483/1483 
f 1482/1482/1482 1484/1484/1484 1483/1483/1483 
f 1483/1483/1483 1484/1484/1484 1485/1485/1485 
f 1484/1484/1484 1485/1485/1485 1485/1485/1485 
f 1485/1485/1485 1485/1485/1485 1486/1486/1486 
f 1485/1485/1485 1486/1486/1486 1486/1486/1486 
f 1486/1486/1486 1486/1486/1486 1487/1487/1487 
f 1486/1486/1486 1488/1488/1488 1487/1487/1487 
f 1487/1487/1487 1488/1488/1488 1489/1489/1489 
f 1488/1488/1488 1490/1490/1490 1489/1489/1489 
f 1489/1489/1489 1490/1490/1490 1491/1491/1491 
f 1490/1490/1490 1492/1492/1492 1491/1491/1491 
f 1491/1491/1491 1492/1492/1492 1492/1492/1492 
f 1492/1492/1492 1493/1493/1493 1492/1492/1492 
f 1492/1492/1492 1493/1493/1493 1493/1493/1493 
f 1493/1493/1493 1494/1494/1494 1493/1493/1493 
f 1493/1493/1493 1494/1494/1494 1495/1495/1495 
f 1494/1494/1494 1495/1495/1495 1495/1495/1495 
f 1495/1495/1495 1495/1495/1495 1496/1496/1496 
f 1495/1495/1495 1496/1496/1496 1496/1496/1496 
f 1496/1496/1496 1496/1496/1496 1497/1497/1497 
f 1496/1496/1496 1498/1498/1498 1497/1497/1497 
f 1497/1497/1497 1498/1498/1498 1497/1497/1497 
f 1498/1498/1498 1499/1499/1499 1497/1497/1497 
f 1497/1497/1497 1499/1499/1499 1500/1500/1500 
f 1499/1499/1499 1500/1500/1500 1500/1500/1500 
f 1500/1500/1500 1500/1500/1500 1501/1501/1501 
f 1500/1500/1500 1501/1501/1501 1501/1501/1501 
f 1501/1501/1501 1501/1501/1501 1502/1502/1502 
f 1501/1501/1501 1503/1503/1503 1502/1502/1502 
f 1502/1502/1502 1503/1503/1503 1503/1503/1503 
f 1503/1503/1503 1504/1504/1504 1503/1503/1503 
f 1503/1503/1503 1504/1504/1504 1504/1504/1504 
f 1504/1504/1504 1505/1505/1505 1504/1504/1504 
f 1504/1504/1504 1505/1505/1505 1506/1506/1506 
f 1505/1505/1505 1506/1506/1506 1506/1506/1506 
f 1506/1506/1506 1506/1506/1506 1507/1507/1507 
f 1506/1506/1506 1507/1507/1507 1507/1507/1507 
f 1507/1507/1507 1507/1507/1507 1508/1508/1508 
f 1507/1507/1507 1509/1509/1509 1508/1508/1508 
f 1508/1508/1508 1509/1509/1509 1508/1508/1508 
f 1509/1509/1509 1510/1510/1510 1508/1508/1508 
f 1508/1508/1508 1510/1510/1510 1508/1508/1508 
f 1510/1510/1510 1511/1511/1511 1508/1508/1508 
f 1508/1508/1508 1511/1511/1511 1512/1512/1512 
f 1511/1511/1511 1512/1512/1512 1512/1512/1512 
f 1512/1512/1512 1512/1512/1512 1513/1513/1513 
f 1512/1512/1512 1513/1513/1513 1513/1513/1513 
f 1513/1513/1513 1513/1513/1513 1514/1514/1514 
f 1513/1513/1513 1515/1515/1515 1514/1514/1514 
f 1514/1514/1514 1515/1515/1515 1516/1516/1516 
f 1515/1515/1515 1517/1517/1517 1516/1516/1516 
f 1516/1516/1516 1517/1517/1517 1518/1518/1518 
f 1517/1517/1517 1517/1517/1517 1518/1518/1518 
f 1518/1518/1518 1517/1517/1517 1519/1519/1519 
f 1517/1517/1517 1520/1520/1520 1519/1519/1519 
f 1519/1519/1519 1520/1520/1520 1519/1519/1519 
f 1520/1520/1520 1521/1521/1521 1519/1519/1519 
f 1519/1519/1519 1521/1521/1521 1522/1522/1522 
f 1521/1521/1521 1523/1523/1523 1522/1522/1522 
f 1522/1522/1522 1523/1523/1523 1524/1524/1524 
f 1523/1523/1523 1525/1525/1525 1524/1524/1524 
f 1524/1524/1524 1525/1525/1525 1525/1525/1525 
f 1525/1525/1525 1526/1526/1526 1525/1525/1525 
f 1525/1525/1525 1526/1526/1526 1526/1526/1526 
f 1526/1526/1526 1527/1527/1527 1526/1526/1526 
f 1526/1526/1526 1527/1527/1527 1528/1528/1528 
f 1527/1527/1527 1527/1527/1527 1528/1528/1528 
f 1528/1528/1528 1527/1527/1527 1529/1529/1529 
f 1527/1527/1527 1530/1530/1530 1529/1529/1529 
f 1529/1529/1529 1530/1530/1530 1531/1531/1531 
f 1530/1530/1530 1530/1530/1530 1531/1531/1531 
f 1531/1531/1531 1530/1530/1530 1532/1532/1532 
f 1530/1530/1530 1533/1533/1533 1532/1532/1532 
f 1532/1532/1532 1533/1533/1533 1532/1532/1532 
f 1533/1533/1533 1534/1534/1534 1532/1532/1532 
f 1532/1532/1532 1534/1534/1534 1535/1535/1535 
f 1534/1534/1534 1536/1536/1536 1535/1535/1535 
f 1535/1535/1535 1536/1536/1536 1537/1537/1537 
f 1536/1536/1536 1538/1538/1538 1537/1537/1537 
f 1537/1537/1537 1538/1538/1538 1538/1538/1538 
f 1538/1538/1538 1539/1539/1539 1538/1538/1538 
f 1538/1538/1538 1539/1539/1539 1539/1539/1539 
f 1539/1539/1539 1540/1540/1540 1539/1539/1539 
f 1539/1539/1539 1540/1540/1540 1541/1541/1541 
f 1540/1540/1540 1542/1542/1542 1541/1541/1541 
f 1541/1541/1541 1542/1542/1542 1541/1541/1541 
f 1542/1542/1542 1543/1543/1543 1541/1541/1541 
f 1541/1541/1541 1543/1543/1543 1544/1544/1544 
f 1543/1543/1543 1544/1544/1544 1544/1544/1544 
f 1544/1544/1544 1544/1544/1544 1545/1545/1545 
f 1544/1544/1544 1545/1545/1545 1545/1545/1545 
f 1545/1545/1545 1545/1545/1545 1546/1546/1546 
f 1545/1545/1545 1547/1547/1547 1546/1546/1546 
f 1546/1546/1546 1547/1547/1547 1547/1547/1547 
f 1547/1547/1547 1548/1548/1548 1547/1547/1547 
f 1547/1547/1547 1548/1548/1548 1548/1548/1548 
f 1548/1548/1548 1549/1549/1549 1548/1548/1548 
f 1548/1548/1548 1549/1549/1549 1550/1550/1550 
f 1549/1549/1549 1550/1550/1550 1550/1550/1550 
f 1550/1550/1550 1550/1550/1550 1551/1551/1551 
f 1550/1550/1550 1551/1551/1551 1551/1551/1551 
f 1551/1551/1551 1551/1551/1551 1552/1552/1552 
f 1551/1551/1551 1553/1553/1553 1552/1552/1552 
f 1552/1552/1552 1553/1553/1553 1554/1554/1554 
f 1553/1553/1553 1555/1555/1555 1554/1554/1554 
f 1554/1554/1554 1555/1555/1555 1556/1556/1556 
f 1555/1555/1555 1557/1557/1557 1556/1556/1556 
f 1556/1556/1556 1557/1557/1557 1558/1558/1558 
f 1557/1557/1557 1559/1559/1559 1558/1558/1558 
f 1558/1558/1558 1559/1559/1559 1560/1560/1560 
f 1559/1559/1559 1561/1561/1561 1560/1560/1560 
f 1560/1560/1560 1561/1561/1561 1562/1562/1562 
f 1561/1561/1561 1563/1563/1563 1562/1562/1562 
f 1562/1562/1562 1563/1563/1563 1564/1564/1564 
f 1563/1563/1563 1564/1564/1564 1564/1564/1564 
f 1564/1564/1564 1564/1564/1564 1565/1565/1565 
f 1564/1564/1564 1565/1565/1565 1565/1565/1565 
f 1565/1565/1565 1565/1565/1565 1566/1566/1566 
f 1565/1565/1565 1567/1567/1567 1566/1566/1566 
f 1566/1566/1566 1567/1567/1567 1567/1567/1567 
f 1567/1567/1567 1568/1568/1568 1567/1567/1567 
f 1567/1567/1567 1568/1568/1568 1568/1568/1568 
f 1568/1568/1568 1569/1569/1569 1568/1568/1568 
f 1568/1568/1568 1569/1569/1569 1570/1570/1570 
f 1569/1569/1569 1570/1570/1570 1570/1570/1570 
f 1570/1570/1570 1570/1570/1570 1571/1571/1571 
f 1570/1570/1570 1571/1571/1571 1571/1571/1571 
f 1571/1571/1571 1571/1571/1571 1572/1572/1572 
f 1571/1571/1571 1573/1573/1573 1572/1572/1572 
f 1572/1572/1572 1573/1573/1573 1572/1572/1572 
f 1573/1573/1573 1574/1574/1574 1572/1572/1572 
f 1572/1572/1572 1574/1574/1574 1575/1575/1575 
f 1574/1574/1574 1576/1576/1576 1575/1575/1575 
f 1575/1575/1575 1576/1576/1576 1577/1577/1577 
f 1576/1576/1576 1577/1577/1577 1577/1577/1577 
f 1577/1577/1577 1577/1577/1577 1578/1578/1578 
f 1577/1577/1577 1578/1578/1578 1578/1578/1578 
f 1578/1578/1578 1578/1578/1578 1579/1579/1579 
f 1578/1578/1578 1580/1580/1580 1579/1579/1579 
f 1579/1579/1579 1580/1580/1580 1580/1580/1580 
f 1580/1580/1580 1581/1581/1581 1580/1580/1580 
f 1580/1580/1580 1581/1581/1581 1581/1581/1581 
f 1581/1581/1581 1582/1582/1582 1581/1581/1581 
f 1581/1581/1581 1582/1582/1582 1583/1583/1583 
f 1582/1582/1582 1582/1582/1582 1583/1583/1583 
f 1583/1583/1583 1582/1582/1582 1584/1584/1584 
f 1582/1582/1582 1585/1585/1585 1584/1584/1584 
f 1584/1584/1584 1585/1585/1585 1585/1585/1585 
f 1585/1585/1585 1586/1586/1586 1585/1585/1585 
f 1585/1585/1585 1586/1586/1586 1586/1586/1586 
f 1586/1586/1586 1587/1587/1587 1586/1586/1586 
f 1586/1586/1586 1587/1587/1587 1588/1588/1588 
f 1587/1587/1587 1588/1588/1588 1588/1588/1588 
f 1588/1588/1588 1588/1588/1588 1589/1589/1589 
f 1588/1588/1588 1589/1589/1589 1589/1589/1589 
f 1589/1589/1589 1589/1589/1589 1590/1590/1590 
f 1589/1589/1589 1591/1591/1591 1590/1590/1590 
f 1590/1590/1590 1591/1591/1591 1591/1591/1591 
f 1591/1591/1591 1592/1592/1592 1591/1591/1591 
f 1591/1591/1591 1592/1592/1592 1592/1592/1592 
f 1592/1592/1592 1593/1593/1593 1592/1592/1592 
f 1592/1592/1592 1593/1593/1593 1594/1594/1594 
f 1593/1593/1593 1594/1594/1594 1594/1594/1594 
f 1594/1594/1594 1594/1594/1594 1595/1595/1595 
f 1594/1594/1594 1595/1595/1595 1595/1595/1595 
f 1595/1595/1595 1595/1595/1595 1596/1596/1596 
f 1595/1595/1595 1597/1597/1597 1596/1596/1596 
f 1596/1596/1596 1597/1597/1597 1597/1597/1597 
f 1597/1597/1597 1598/1598/1598 1597/1597/1597 
f 1597/1597/1597 1598/1598/1598 1598/1598/1598 
f 1598/1598/1598 1599/1599/1599 1598/1598/1598 
f 1598/1598/1598 1599/1599/1599 1600/1600/1600 
f 1599/1599/1599 1601/1601/1601 1600/1600/1600 
f 1600/1600/1600 1601/1601/1601 1601/1601/1601 
f 1601/1601/1601 1602/1602/1602 1601/1601/1601 
f 1601/1601/1601 1602/1602/1602 1602/1602/1602 
f 1602/1602/1602 1603/1603/1603 1602/1602/1602 
f 1602/1602/1602 1603/1603/1603 1604/1604/1604 
f 1603/1603/1603 1605/1605/1605 1604/1604/1604 
f 1604/1604/1604 1605/1605/1605 1605/1605/1605 
f 1605/1605/1605 1606/1606/1606 1605/1605/1605 
f 1605/1605/1605 1606/1606/1606 1606/1606/1606 
f 1606/1606/1606 1607/1607/1607 1606/1606/1606 
f 1606/1606/1606 1607/1607/1607 1608/1608/1608 
f 1607/1607/1607 1609/1609/1609 1608/1608/1608 
f 1608/1608/1608 1609/1609/1609 1609/1609/1609 
f 1609/1609/1609 1610/1610/1610 1609/1609/1609 
f 1609/1609/1609 1610/1610/1610 1610/1610/1610 
f 1610/1610/1610 1611/1611/1611 1610/1610/1610 
f 1610/1610/1610 1611/1611/1611 1612/1612/1612 
f 1611/1611/1611 1613/1613/1613 1612/1612/1612 
f 1612/1612/1612 1613/1613/1613 1614/1614/1614 
f 1613/1613/1613 1615/1615/1615 1614/1614/1614 
f 1614/1614/1614 1615/1615/1615 1615/1615/1615 
f 1615/1615/1615 1616/1616/1616 1615/1615/1615 
f 1615/1615/1615 1616/1616/1616 1616/1616/1616 
f 1616/1616/1616 1617/1617/1617 1616/1616/1616 
f 1616/1616/1616 1617/1617/1617 1618/1618/1618 
f 1617/1617/1617 1619/1619/1619 1618/1618/1618 
f 1618/1618/1618 1619/1619/1619 1620/1620/1620 
f 1619/1619/1619 1621/1621/1621 1620/1620/1620 
f 1620/1620/1620 1621/1621/1621 1622/1622/1622 
f 1621/1621/1621 1622/1622/1622 1622/1622/1622 
f 1622/1622/1622 1622/1622/1622 1623/1623/1623 
f 1622/1622/1622 1623/1623/1623 1623/1623/1623 
f 1623/1623/1623 1623/1623/1623 1624/1624/1624 
f 1623/1623/1623 1625/1625/1625 1624/1624/1624 
f 1624/1624/1624 1625/1625/1625 1626/1626/1626 
f 1625/1625/1625 1626/1626/1626 1626/1626/1626 
f 1626/1626/1626 1626/1626/1626 1627/1627/1627 
f 1626/1626/1626 1627/1627/1627 1627/1627/1627 
f 1627/1627/1627 1627/1627/1627 1628/1628/1628 
f 1627/1627/1627 1629/1629/1629 1628/1628/1628 
f 1628/1628/1628 1629/1629/1629 1630/1630/1630 
f 1629/1629/1629 1631/1631/1631 1630/1630/1630 
f 1630/1630/1630 1631/1631/1631 1631/1631/1631 
f 1631/1631/1631 1632/1632/1632 1631/1631/1631 
f 1631/1631/1631 1632/1632/1632 1632/1632/1632 
f 1632/1632/1632 1633/1633/1633 1632/1632/1632 
f 1632/1632/1632 1633/1633/1633 1634/1634/1634 
f 1633/1633/1633 1634/1634/1634 1634/1634/1634 
f 1634/1634/1634 1634/1634/1634 1635/1635/1635 
f 1634/1634/1634 1635/1635/1635 1635/1635/1635 
f 1635/1635/1635 1635/1635/1635 1636/1636/1636 
f 1635/1635/1635 1637/1637/1637 1636/1636/1636 
f 1636/1636/1636 1637/1637/1637 1637/1637/1637 
f 1637/1637/1637 1638/1638/1638 1637/1637/1637 
f 1637/1637/1637 1638/1638/1638 1638/1638/1638 
f 1638/1638/1638 1639/1639/1639 1638/1638/1638 
f 1638/1638/1638 1639/1639/1639 1640/1640/1640 
f 1639/1639/1639 1639/1639/1639 1640/1640/1640 
f 1640/1640/1640 1639/1639/1639 1641/1641/1641 
f 1639/1639/1639 1639/1639/1639 1641/1641/1641 
f 1641/1641/1641 1639/1639/1639 1642/1642/1642 
f 1639/1639/1639 1643/1643/1643 1642/1642/1642 
f 1642/1642/1642 1643/1643/1643 1643/1643/1643 
f 1643/1643/1643 1644/1644/1644 1643/1643/1643 
f 1643/1643/1643 1644/1644/1644 1644/1644/1644 
f 1644/1644/1644 1645/1645/1645 1644/1644/1644 
f 1644/1644/1644 1645/1645/1645 1646/1646/1646 
f 1645/1645/1645 1647/1647/1647 1646/1646/1646 
f 1646/1646/1646 1647/1647/1647 1648/1648/1648 
f 1647/1647/1647 1649/1649/1649 1648/1648/1648 
f 1648/1648/1648 1649/1649/1649 1648/1648/1648 
f 1649/1649/1649 1650/1650/1650 1648/1648/1648 
f 1648/1648/1648 1650/1650/1650 1651/1651/1651 
f 1650/1650/1650 1650/1650/1650 1651/1651/1651 
f 1651/1651/1651 1650/1650/1650 1652/1652/1652 
f 1650/1650/1650 1653/1653/1653 1652/1652/1652 
f 1652/1652/1652 1653/1653/1653 1654/1654/1654 
f 1653/1653/1653 1655/1655/1655 1654/1654/1654 
f 1654/1654/1654 1655/1655/1655 1656/1656/1656 
f 1655/1655/1655 1656/1656/1656 1656/1656/1656 
f 1656/1656/1656 1656/1656/1656 1657/1657/1657 
f 1656/1656/1656 1657/1657/1657 1657/1657/1657 
f 1657/1657/1657 1657/1657/1657 1658/1658/1658 
f 1657/1657/1657 1659/1659/1659 1658/1658/1658 
f 1658/1658/1658 1659/1659/1659 1658/1658/1658 
f 1659/1659/1659 1660/1660/1660 1658/1658/1658 
f 1658/1658/1658 1660/1660/1660 1661/1661/1661 
f 1660/1660/1660 1662/1662/1662 1661/1661/1661 
f 1661/1661/1661 1662/1662/1662 1661/1661/1661 
f 1662/1662/1662 1663/1663/1663 1661/1661/1661 
f 1661/1661/1661 1663/1663/1663 1664/1664/1664 
f 1663/1663/1663 1663/1663/1663 1664/1664/1664 
f 1664/1664/1664 1663/1663/1663 1665/1665/1665 
f 1663/1663/1663 1666/1666/1666 1665/1665/1665 
f 1665/1665/1665 1666/1666/1666 1667/1667/1667 
f 1666/1666/1666 1668/1668/1668 1667/1667/1667 
f 1667/1667/1667 1668/1668/1668 1669/1669/1669 
f 1668/1668/1668 1669/1669/1669 1669/1669/1669 
f 1669/1669/1669 1669/1669/1669 1670/1670/1670 
f 1669/1669/1669 1670/1670/1670 1670/1670/1670 
f 1670/1670/1670 1670/1670/1670 1671/1671/1671 
f 1670/1670/1670 1672/1672/1672 1671/1671/1671 
f 1671/1671/1671 1672/1672/1672 1673/1673/1673 
f 1672/1672/1672 1672/1672/1672 1673/1673/1673 
f 1673/1673/1673 1672/1672/1672 1674/1674/1674 
f 1672/1672/1672 1675/1675/1675 1674/1674/1674 
f 1674/1674/1674 1675/1675/1675 1675/1675/1675 
f 1675/1675/1675 1676/1676/1676 1675/1675/1675 
f 1675/1675/1675 1676/1676/1676 1676/1676/1676 
f 1676/1676/1676 1677/1677/1677 1676/1676/1676 
f 1676/1676/1676 1677/1677/1677 1678/1678/1678 
f 1677/1677/1677 1678/1678/1678 1678/1678/1678 
f 1678/1678/1678 1678/1678/1678 1679/1679/1679 
f 1678/1678/1678 1679/1679/1679 1679/1679/1679 
f 1679/1679/1679 1679/1679/1679 1680/1680/1680 
f 1679/1679/1679 1681/1681/1681 1680/1680/1680 
f 1680/1680/1680 1681/1681/1681 1681/1681/1681 
f 1681/1681/1681 1682/1682/1682 1681/1681/1681 
f 1681/1681/1681 1682/1682/1682 1682/1682/1682 
f 1682/1682/1682 1683/1683/1683 1682/1682/1682 
f 1682/1682/1682 1683/1683/1683 1684/1684/1684 
f 1683/1683/1683 1685/1685/1685 1684/1684/1684 
f 1684/1684/1684 1685/1685/1685 1686/1686/1686 
f 1685/1685/1685 1687/1687/1687 1686/1686/1686 
f 1686/1686/1686 1687/1687/1687 1688/1688/1688 
f 1687/1687/1687 1689/1689/1689 1688/1688/1688 
f 1688/1688/1688 1689/1689/1689 1690/1690/1690 
f 1689/1689/1689 1691/1691/1691 1690/1690/1690 
f 1690/1690/1690 1691/1691/1691 1692/1692/1692 
f 1691/1691/1691 1693/1693/1693 1692/1692/1692 
f 1692/1692/1692 1693/1693/1693 1694/1694/1694 
f 1693/1693/1693 1695/1695/1695 1694/1694/1694 
f 1694/1694/1694 1695/1695/1695 1695/1695/1695 
f 1695/1695/1695 1696/1696/1696 1695/1695/1695 
f 1695/1695/1695 1696/1696/1696 1696/1696/1696 
f 1696/1696/1696 1697/1697/1697 1696/1696/1696 
f 1696/1696/1696 1697/1697/1697 1698/1698/1698 
f 1697/1697/1697 1698/1698/1698 1698/1698/1698 
f 1698/1698/1698 1698/1698/1698 1699/1699/1699 
f 1698/1698/1698 1699/1699/1699 1699/1699/1699 
f 1699/1699/1699 1699/1699/1699 1700/1700/1700 
f 1699/1699/1699 1701/1701/1701 1700/1700/1700 
f 1700/1700/1700 1701/1701/1701 1702/1702/1702 
f 1701/1701/1701 1703/1703/1703 1702/1702/1702 
f 1702/1702/1702 1703/1703/1703 1704/1704/1704 
f 1703/1703/1703 1705/1705/1705 1704/1704/1704 
f 1704/1704/1704 1705/1705/1705 1705/1705/1705 
f 1705/1705/1705 1706/1706/1706 1705/1705/1705 
f 1705/1705/1705 1706/1706/1706 1706/1706/1706 
f 1706/1706/1706 1707/1707/1707 1706/1706/1706 
f 1706/1706/1706 1707/1707/1707 1708/1708/1708 
f 1707/1707/1707 1708/1708/1708 1708/1708/1708 
f 1708/1708/1708 1708/1708/1708 1709/1709/1709 
f 1708/1708/1708 1709/1709/1709 1709/1709/1709 
f 1709/1709/1709 1709/1709/1709 1710/1710/1710 
f 1709/1709/1709 1711/1711/1711 1710/1710/1710 
f 1710/1710/1710 1711/1711/1711 1710/1710/1710 
f 1711/1711/1711 1712/1712/1712 1710/1710/1710 
f 1710/1710/1710 1712/1712/1712 1713/1713/1713 
f 1712/1712/1712 1713/1713/1713 1713/1713/1713 
f 1713/1713/1713 1713/1713/1713 1714/1714/1714 
f 1713/1713/1713 1714/1714/1714 1714/1714/1714 
f 1714/1714/1714 1714/1714/1714 1715/1715/1715 
f 1714/1714/1714 1716/1716/1716 1715/1715/1715 
f 1715/1715/1715 1716/1716/1716 1716/1716/1716 
f 1716/1716/1716 1717/1717/1717 1716/1716/1716 
f 1716/1716/1716 1717/1717/1717 1717/1717/1717 
f 1717/1717/1717 1718/1718/1718 1717/1717/1717 
f 1717/1717/1717 1718/1718/1718 1719/1719/1719 
f 1718/1718/1718 1719/1719/1719 1719/1719/1719 
f 1719/1719/1719 1719/1719/1719 1720/1720/1720 
f 1719/1719/1719 1720/1720/1720 1720/1720/1720 
f 1720/1720/1720 1720/1720/1720 1721/1721/1721 
f 1720/1720/1720 1722/1722/1722 1721/1721/1721 
f 1721/1721/1721 1722/1722/1722 1722/1722/1722 
f 1722/1722/1722 1723/1723/1723 1722/1722/1722 
f 1722/1722/1722 1723/1723/1723 1723/1723/1723 
f 1723/1723/1723 1724/1724/1724 1723/1723/1723 
f 1723/1723/1723 1724/1724/1724 1725/1725/1725 
f 1724/1724/1724 1725/1725/1725 1725/1725/1725 
f 1725/1725/1725 1725/1725/1725 1726/1726/1726 
f 1725/1725/1725 1726/1726/1726 1726/1726/1726 
f 1726/1726/1726 1726/1726/1726 1727/1727/1727 
f 1726/1726/1726 1728/1728/1728 1727/1727/1727 
f 1727/1727/1727 1728/1728/1728 1729/1729/1729 
f 1728/1728/1728 1729/1729/1729 1729/1729/1729 
f 1729/1729/1729 1729/1729/1729 1730/1730/1730 
f 1729/1729/1729 1730/1730/1730 1730/1730/1730 
f 1730/1730/1730 1730/1730/1730 1731/1731/1731 
f 1730/1730/1730 1732/1732/1732 1731/1731/1731 
f 1731/1731/1731 1732/1732/1732 1733/1733/1733 
f 1732/1732/1732 1733/1733/1733 1733/1733/1733 
f 1733/1733/1733 1733/1733/1733 1734/1734/1734 
f 1733/1733/1733 1734/1734/1734 1734/1734/1734 
f 1734/1734/1734 1734/1734/1734 1735/1735/1735 
f 1734/1734/1734 1736/1736/1736 1735/1735/1735 
f 1735/1735/1735 1736/1736/1736 1737/1737/1737 
f 1736/1736/1736 1737/1737/1737 1737/1737/1737 
f 1737/1737/1737 1737/1737/1737 1737/1737/1737 
f 1737/1737/1737 1737/1737/1737 1737/1737/1737 
f 1737/1737/1737 1737/1737/1737 1738/1738/1738 
f 1737/1737/1737 1739/1739/1739 1738/1738/1738 
f 1738/1738/1738 1739/1739/1739 1740/1740/1740 
f 1739/1739/1739 1741/1741/1741 1740/1740/1740 
f 1740/1740/1740 1741/1741/1741 1742/1742/1742 
f 1741/1741/1741 1742/1742/1742 1742/1742/1742 
f 1742/1742/1742 1742/1742/1742 1743/1743/1743 
f 1742/1742/1742 1743/1743/1743 1743/1743/1743 
f 1743/1743/1743 1743/1743/1743 1744/1744/1744 
f 1743/1743/1743 1745/1745/1745 1744/1744/1744 
f 1744/1744/1744 1745/1745/1745 1744/1744/1744 
f 1745/1745/1745 1746/1746/1746 1744/1744/1744 
f 1744/1744/1744 1746/1746/1746 1744/1744/1744 
f 1746/1746/1746 1747/1747/1747 1744/1744/1744 
f 1744/1744/1744 1747/1747/1747 1748/1748/1748 
f 1747/1747/1747 1748/1748/1748 1748/1748/1748 
f 1748/1748/1748 1748/1748/1748 1749/1749/1749 
f 1748/1748/1748 1749/1749/1749 1749/1749/1749 
f 1749/1749/1749 1749/1749/1749 1750/1750/1750 
f 1749/1749/1749 1751/1751/1751 1750/1750/1750 
f 1750/1750/1750 1751/1751/1751 1750/1750/1750 
f 1751/1751/1751 1752/1752/1752 1750/1750/1750 
f 1750/1750/1750 1752/1752/1752 1753/1753/1753 
f 1752/1752/1752 1752/1752/1752 1753/1753/1753 
f 1753/1753/1753 1752/1752/1752 1754/1754/1754 
f 1752/1752/1752 1755/1755/1755 1754/1754/1754 
f 1754/1754/1754 1755/1755/1755 1754/1754/1754 
f 1755/1755/1755 1756/1756/1756 1754/1754/1754 
f 1754/1754/1754 1756/1756/1756 1757/1757/1757 
f 1756/1756/1756 1758/1758/1758 1757/1757/1757 
f 1757/1757/1757 1758/1758/1758 1759/1759/1759 
f 1758/1758/1758 1758/1758/1758 1759/1759/1759 
f 1759/1759/1759 1758/1758/1758 1760/1760/1760 
f 1758/1758/1758 1761/1761/1761 1760/1760/1760 
f 1760/1760/1760 1761/1761/1761 1761/1761/1761 
f 1761/1761/1761 1762/1762/1762 1761/1761/1761 
f 1761/1761/1761 1762/1762/1762 1762/1762/1762 
f 1762/1762/1762 1763/1763/1763 1762/1762/1762 
f 1762/1762/1762 1763/1763/1763 1764/1764/1764 
f 1763/1763/1763 1765/1765/1765 1764/1764/1764 
f 1764/1764/1764 1765/1765/1765 1766/1766/1766 
f 1765/1765/1765 1765/1765/1765 1766/1766/1766 
f 1766/1766/1766 1765/1765/1765 1767/1767/1767 
f 1765/1765/1765 1768/1768/1768 1767/1767/1767 
f 1767/1767/1767 1768/1768/1768 1767/1767/1767 
f 1768/1768/1768 1769/1769/1769 1767/1767/1767 
f 1767/1767/1767 1769/1769/1769 1770/1770/1770 
f 1769/1769/1769 1771/1771/1771 1770/1770/1770 
f 1770/1770/1770 1771/1771/1771 1772/1772/1772 
f 1771/1771/1771 1771/1771/1771 1772/1772/1772 
f 1772/1772/1772 1771/1771/1771 1773/1773/1773 
f 1771/1771/1771 1774/1774/1774 1773/1773/1773 
f 1773/1773/1773 1774/1774/1774 1774/1774/1774 
f 1774/1774/1774 1775/1775/1775 1774/1774/1774 
f 1774/1774/1774 1775/1775/1775 1775/1775/1775 
f 1775/1775/1775 1776/1776/1776 1775/1775/1775 
f 1775/1775/1775 1776/1776/1776 1777/1777/1777 
f 1776/1776/1776 1778/1778/1778 1777/1777/1777 
f 1777/1777/1777 1778/1778/1778 1777/1777/1777 
f 1778/1778/1778 1779/1779/1779 1777/1777/1777 
f 1777/1777/1777 1779/1779/1779 1780/1780/1780 
f 1779/1779/1779 1780/1780/1780 1780/1780/1780 
f 1780/1780/1780 1780/1780/1780 1781/1781/1781 
f 1780/1780/1780 1781/1781/1781 1781/1781/1781 
f 1781/1781/1781 1781/1781/1781 1782/1782/1782 
f 1781/1781/1781 1783/1783/1783 1782/1782/1782 
f 1782/1782/1782 1783/1783/1783 1783/1783/1783 
f 1783/1783/1783 1784/1784/1784 1783/1783/1783 
f 1783/1783/1783 1784/1784/1784 1784/1784/1784 
f 1784/1784/1784 1785/1785/1785 1784/1784/1784 
f 1784/1784/1784 1785/1785/1785 1786/1786/1786 
f 1785/1785/1785 1786/1786/1786 1786/1786/1786 
f 1786/1786/1786 1786/1786/1786 1787/1787/1787 
f 1786/1786/1786 1787/1787/1787 1787/1787/1787 
f 1787/1787/1787 1787/1787/1787 1788/1788/1788 
f 1787/1787/1787 1789/1789/1789 1788/1788/1788 
f 1788/1788/1788 1789/1789/1789 1790/1790/1790 
f 1789/1789/1789 1790/1790/1790 1790/1790/1790 
f 1790/1790/1790 1790/1790/1790 1791/1791/1791 
f 1790/1790/1790 1791/1791/1791 1791/1791/1791 
f 1791/1791/1791 1791/1791/1791 1792/1792/1792 
f 1791/1791/1791 1793/1793/1793 1792/1792/1792 
f 1792/1792/1792 1793/1793/1793 1792/1792/1792 
f 1793/1793/1793 1794/1794/1794 1792/1792/1792 
f 1792/1792/1792 1794/1794/1794 1795/1795/1795 
f 1794/1794/1794 1795/1795/1795 1795/1795/1795 
f 1795/1795/1795 1795/1795/1795 1796/1796/1796 
f 1795/1795/1795 1796/1796/1796 1796/1796/1796 
f 1796/1796/1796 1796/1796/1796 1797/1797/1797 
f 1796/1796/1796 1798/1798/1798 1797/1797/1797 
f 1797/1797/1797 1798/1798/1798 1799/1799/1799 
f 1798/1798/1798 1800/1800/1800 1799/1799/1799 
f 1799/1799/1799 1800/1800/1800 1800/1800/1800 
f 1800/1800/1800 1801/1801/1801 1800/1800/1800 
f 1800/1800/1800 1801/1801/1801 1801/1801/1801 
f 1801/1801/1801 1802/1802/1802 1801/1801/1801 
f 1801/1801/1801 1802/1802/1802 1803/1803/1803 
f 1802/1802/1802 1802/1802/1802 1803/1803/1803 
f 1803/1803/1803 1802/1802/1802 1804/1804/1804 
f 1802/1802/1802 1805/1805/1805 1804/1804/1804 
f 1804/1804/1804 1805/1805/1805 1806/1806/1806 
f 1805/1805/1805 1806/1806/1806 1806/1806/1806 
f 1806/1806/1806 1806/1806/1806 1807/1807/1807 
f 1806/1806/1806 1807/1807/1807 1807/1807/1807 
f 1807/1807/1807 1807/1807/1807 1808/1808/1808 
f 1807/1807/1807 1809/1809/1809 1808/1808/1808 
f 1808/1808/1808 1809/1809/1809 1808/1808/1808 
f 1809/1809/1809 1810/1810/1810 1808/1808/1808 
f 1808/1808/1808 1810/1810/1810 1811/1811/1811 
f 1810/1810/1810 1811/1811/1811 1811/1811/1811 
f 1811/1811/1811 1811/1811/1811 1812/1812/1812 
f 1811/1811/1811 1812/1812/1812 1812/1812/1812 
f 1812/1812/1812 1812/1812/1812 1813/1813/1813 
f 1812/1812/1812 1814/1814/1814 1813/1813/1813 
f 1813/1813/1813 1814/1814/1814 1815/1815/1815 
f 1814/1814/1814 1815/1815/1815 1815/1815/1815 
f 1815/1815/1815 1815/1815/1815 1816/1816/1816 
f 1815/1815/1815 1816/1816/1816 1816/1816/1816 
f 1816/1816/1816 1816/1816/1816 1817/1817/1817 
f 1816/1816/1816 1818/1818/1818 1817/1817/1817 
f 1817/1817/1817 1818/1818/1818 1819/1819/1819 
f 1818/1818/1818 1820/1820/1820 1819/1819/1819 
f 1819/1819/1819 1820/1820/1820 1821/1821/1821 
f 1820/1820/1820 1822/1822/1822 1821/1821/1821 
f 1821/1821/1821 1822/1822/1822 1823/1823/1823 
f 1822/1822/1822 1824/1824/1824 1823/1823/1823 
f 1823/1823/1823 1824/1824/1824 1825/1825/1825 
f 1824/1824/1824 1826/1826/1826 1825/1825/1825 
f 1825/1825/1825 1826/1826/1826 1827/1827/1827 
f 1826/1826/1826 1828/1828/1828 1827/1827/1827 
f 1827/1827/1827 1828/1828/1828 1829/1829/1829 
f 1828/1828/1828 1829/1829/1829 1829/1829/1829 
f 1829/1829/1829 1829/1829/1829 1830/1830/1830 
f 1829/1829/1829 1830/1830/1830 1830/1830/1830 
f 1830/1830/1830 1830/1830/1830 1831/1831/1831 
f 1830/1830/1830 1832/1832/1832 1831/1831/1831 
f 1831/1831/1831 1832/1832/1832 1832/1832/1832 
f 1832/1832/1832 1833/1833/1833 1832/1832/1832 
f 1832/1832/1832 1833/1833/1833 1833/1833/1833 
f 1833/1833/1833 1834/1834/1834 1833/1833/1833 
f 1833/1833/1833 1834/1834/1834 1835/1835/1835 
f 1834/1834/1834 1835/1835/1835 1835/1835/1835 
f 1835/1835/1835 1835/1835/1835 1836/1836/1836 
f 1835/1835/1835 1836/1836/1836 1836/1836/1836 
f 1836/1836/1836 1836/1836/1836 1837/1837/1837 
f 1836/1836/1836 1838/1838/1838 1837/1837/1837 
f 1837/1837/1837 1838/1838/1838 1838/1838/1838 
f 1838/1838/1838 1839/1839/1839 1838/1838/1838 
f 1838/1838/1838 1839/1839/1839 1839/1839/1839 
f 1839/1839/1839 1840/1840/1840 1839/1839/1839 
f 1839/1839/1839 1840/1840/1840 1841/1841/1841 
f 1840/1840/1840 1842/1842/1842 1841/1841/1841 
f 1841/1841/1841 1842/1842/1842 1842/1842/1842 
f 1842/1842/1842 1843/1843/1843 1842/1842/1842 
f 1842/1842/1842 1843/1843/1843 1843/1843/1843 
f 1843/1843/1843 1844/1844/1844 1843/1843/1843 
f 1843/1843/1843 1844/1844/1844 1845/1845/1845 
f 1844/1844/1844 1846/1846/1846 1845/1845/1845 
f 1845/1845/1845 1846/1846/1846 1847/1847/1847 
f 1846/1846/1846 1847/1847/1847 1847/1847/1847 
f 1847/1847/1847 1847/1847/1847 1848/1848/1848 
f 1847/1847/1847 1848/1848/1848 1848/1848/1848 
f 1848/1848/1848 1848/1848/1848 1849/1849/1849 
f 1848/1848/1848 1850/1850/1850 1849/1849/1849 
f 1849/1849/1849 1850/1850/1850 1851/1851/1851 
f 1850/1850/1850 1852/1852/1852 1851/1851/1851 
f 1851/1851/1851 1852/1852/1852 1852/1852/1852 
f 1852/1852/1852 1853/1853/1853 1852/1852/1852 
f 1852/1852/1852 1853/1853/1853 1853/1853/1853 
f 1853/1853/1853 1854/1854/1854 1853/1853/1853 
f 1853/1853/1853 1854/1854/1854 1855/1855/1855 
f 1854/1854/1854 1855/1855/1855 1855/1855/1855 
f 1855/1855/1855 1855/1855/1855 1856/1856/1856 
f 1855/1855/1855 1856/1856/1856 1856/1856/1856 
f 1856/1856/1856 1856/1856/1856 1857/1857/1857 
f 1856/1856/1856 1858/1858/1858 1857/1857/1857 
f 1857/1857/1857 1858/1858/1858 1857/1857/1857 
f 1858/1858/1858 1859/1859/1859 1857/1857/1857 
f 1857/1857/1857 1859/1859/1859 1860/1860/1860 
f 1859/1859/1859 1860/1860/1860 1860/1860/1860 
f 1860/1860/1860 1860/1860/1860 1861/1861/1861 
f 1860/1860/1860 1861/1861/1861 1861/1861/1861 
f 1861/1861/1861 1861/1861/1861 1862/1862/1862 
f 1861/1861/1861 1863/1863/1863 1862/1862/1862 
f 1862/1862/1862 1863/1863/1863 1864/1864/1864 
f 1863/1863/1863 1864/1864/1864 1864/1864/1864 
f 1864/1864/1864 1864/1864/1864 1865/1865/1865 
f 1864/1864/1864 1865/1865/1865 1865/1865/1865 
f 1865/1865/1865 1865/1865/1865 1866/1866/1866 
f 1865/1865/1865 1867/1867/1867 1866/1866/1866 
f 1866/1866/1866 1867/1867/1867 1867/1867/1867 
f 1867/1867/1867 1868/1868/1868 1867/1867/1867 
f 1867/1867/1867 1868/1868/1868 1868/1868/1868 
f 1868/1868/1868 1869/1869/1869 1868/1868/1868 
f 1868/1868/1868 1869/1869/1869 1870/1870/1870 
f 1869/1869/1869 1870/1870/1870 1870/1870/1870 
f 1870/1870/1870 1870/1870/1870 1871/1871/1871 
f 1870/1870/1870 1871/1871/1871 1871/1871/1871 
f 1871/1871/1871 1871/1871/1871 1872/1872/1872 
f 1871/1871/1871 1873/1873/1873 1872/1872/1872 
f 1872/1872/1872 1873/1873/1873 1873/1873/1873 
f 1873/1873/1873 1874/1874/1874 1873/1873/1873 
f 1873/1873/1873 1874/1874/1874 1874/1874/1874 
f 1874/1874/1874 1875/1875/1875 1874/1874/1874 
f 1874/1874/1874 1875/1875/1875 1876/1876/1876 
f 1875/1875/1875 1876/1876/1876 1876/1876/1876 
f 1876/1876/1876 1876/1876/1876 1874/1874/1874 
f 1876/1876/1876 1874/1874/1874 1874/1874/1874 
f 1874/1874/1874 1874/1874/1874 1875/1875/1875 
f 1874/1874/1874 1877/1877/1877 1875/1875/1875 
f 1875/1875/1875 1877/1877/1877 1877/1877/1877 
f 1877/1877/1877 1878/1878/1878 1877/1877/1877 
f 1877/1877/1877 1878/1878/1878 1878/1878/1878 
f 1878/1878/1878 1879/1879/1879 1878/1878/1878 
f 1878/1878/1878 1879/1879/1879 1880/1880/1880 
f 1879/1879/1879 1880/1880/1880 1880/1880/1880 
f 1880/1880/1880 1880/1880/1880 1878/1878/1878 
f 1880/1880/1880 1878/1878/1878 1878/1878/1878 
f 1878/1878/1878 1878/1878/1878 1879/1879/1879 
f 1878/1878/1878 1881/1881/1881 1879/1879/1879 
f 1879/1879/1879 1881/1881/1881 1881/1881/1881 
f 1881/1881/1881 1882/1882/1882 1881/1881/1881 
f 1881/1881/1881 1882/1882/1882 1882/1882/1882 
f 1882/1882/1882 1883/1883/1883 1882/1882/1882 
f 1882/1882/1882 1883/1883/1883 1884/1884/1884 
f 1883/1883/1883 1884/1884/1884 1884/1884/1884 
f 1884/1884/1884 1884/1884/1884 1882/1882/1882 
f 1884/1884/1884 1882/1882/1882 1882/1882/1882 
f 1882/1882/1882 1882/1882/1882 1883/1883/1883 
f 1882/1882/1882 1885/1885/1885 1883/1883/1883 
f 1883/1883/1883 1885/1885/1885 1885/1885/1885 
f 1885/1885/1885 1886/1886/1886 1885/1885/1885 
f 1885/1885/1885 1886/1886/1886 1886/1886/1886 
f 1886/1886/1886 1887/1887/1887 1886/1886/1886 
f 1886/1886/1886 1887/1887/1887 1888/1888/1888 
f 1887/1887/1887 1888/1888/1888 1888/1888/1888 
f 1888/1888/1888 1888/1888/1888 1886/1886/1886 
f 1888/1888/1888 1886/1886/1886 1886/1886/1886 
f 1886/1886/1886 1886/1886/1886 1887/1887/1887 
f 1886/1886/1886 1889/1889/1889 1887/1887/1887 
f 1887/1887/1887 1889/1889/1889 1889/1889/1889 
f 1889/1889/1889 1890/1890/1890 1889/1889/1889 
f 1889/1889/1889 1890/1890/1890 1890/1890/1890 
f 1890/1890/1890 1891/1891/1891 1890/1890/1890 
f 1890/1890/1890 1891/1891/1891 1889/1889/1889 
f 1891/1891/1891 1889/1889/1889 1889/1889/1889 
f 1889/1889/1889 1889/1889/1889 1890/1890/1890 
f 1889/1889/1889 1890/1890/1890 1890/1890/1890 
f 1890/1890/1890 1890/1890/1890 1891/1891/1891 
f 1890/1890/1890 1892/1892/1892 1891/1891/1891 
f 1891/1891/1891 1892/1892/1892 1892/1892/1892 
f 1892/1892/1892 1893/1893/1893 1892/1892/1892 
f 1892/1892/1892 1893/1893/1893 1893/1893/1893 
f 1893/1893/1893 1894/1894/1894 1893/1893/1893 
f 1893/1893/1893 1894/1894/1894 1895/1895/1895 
f 1894/1894/1894 1896/1896/1896 1895/1895/1895 
f 1895/1895/1895 1896/1896/1896 1895/1895/1895 
f 1896/1896/1896 1897/1897/1897 1895/1895/1895 
f 1895/1895/1895 1897/1897/1897 1895/1895/1895 
f 1897/1897/1897 1898/1898/1898 1895/1895/1895 
f 1895/1895/1895 1898/1898/1898 1895/1895/1895 
f 1898/1898/1898 1899/1899/1899 1895/1895/1895 
f 1895/1895/1895 1899/1899/1899 1895/1895/1895 
f 1899/1899/1899 1900/1900/1900 1895/1895/1895 
f 1895/1895/1895 1900/1900/1900 1893/1893/1893 
f 1900/1900/1900 1893/1893/1893 1893/1893/1893 
f 1893/1893/1893 1893/1893/1893 1901/1901/1901 
f 1893/1893/1893 1901/1901/1901 1901/1901/1901 
f 1901/1901/1901 1901/1901/1901 1902/1902/1902 
f 1901/1901/1901 1903/1903/1903 1902/1902/1902 
f 1902/1902/1902 1903/1903/1903 1902/1902/1902 
f 1903/1903/1903 1904/1904/1904 1902/1902/1902 
f 1902/1902/1902 1904/1904/1904 1902/1902/1902 
f 1904/1904/1904 1905/1905/1905 1902/1902/1902 
f 1902/1902/1902 1905/1905/1905 1906/1906/1906 
f 1905/1905/1905 1906/1906/1906 1906/1906/1906 
f 1906/1906/1906 1906/1906/1906 1907/1907/1907 
f 1906/1906/1906 1907/1907/1907 1907/1907/1907 
f 1907/1907/1907 1907/1907/1907 1908/1908/1908 
f 1907/1907/1907 1909/1909/1909 1908/1908/1908 
f 1908/1908/1908 1909/1909/1909 1910/1910/1910 
f 1909/1909/1909 1910/1910/1910 1910/1910/1910 
f 1910/1910/1910 1910/1910/1910 1911/1911/1911 
f 1910/1910/1910 1911/1911/1911 1911/1911/1911 
f 1911/1911/1911 1911/1911/1911 1912/1912/1912 
f 1911/1911/1911 1913/1913/1913 1912/1912/1912 
f 1912/1912/1912 1913/1913/1913 1914/1914/1914 
f 1913/1913/1913 1914/1914/1914 1914/1914/1914 
f 1914/1914/1914 1914/1914/1914 1915/1915/1915 
f 1914/1914/1914 1915/1915/1915 1915/1915/1915 
f 1915/1915/1915 1915/1915/1915 1916/1916/1916 
f 1915/1915/1915 1917/1917/1917 1916/1916/1916 
f 1916/1916/1916 1917/1917/1917 1918/1918/1918 
f 1917/1917/1917 1918/1918/1918 1918/1918/1918 
f 1918/1918/1918 1918/1918/1918 1919/1919/1919 
f 1918/1918/1918 1919/1919/1919 1919/1919/1919 
f 1919/1919/1919 1919/1919/1919 1920/1920/1920 
f 1919/1919/1919 1921/1921/1921 1920/1920/1920 
f 1920/1920/1920 1921/1921/1921 1922/1922/1922 
f 1921/1921/1921 1922/1922/1922 1922/1922/1922 
f 1922/1922/1922 1922/1922/1922 1923/1923/1923 
f 1922/1922/1922 1923/1923/1923 1923/1923/1923 
f 1923/1923/1923 1923/1923/1923 1924/1924/1924 
f 1923/1923/1923 1925/1925/1925 1924/1924/1924 
f 1924/1924/1924 1925/1925/1925 1926/1926/1926 
f 1925/1925/1925 1926/1926/1926 1926/1926/1926 
f 1926/1926/1926 1926/1926/1926 1927/1927/1927 
f 1926/1926/1926 1927/1927/1927 1927/1927/1927 
f 1927/1927/1927 1927/1927/1927 1928/1928/1928 
f 1927/1927/1927 1929/1929/1929 1928/1928/1928 
f 1928/1928/1928 1929/1929/1929 1930/1930/1930 
f 1929/1929/1929 1930/1930/1930 1930/1930/1930 
f 1930/1930/1930 1930/1930/1930 1931/1931/1931 
f 1930/1930/1930 1931/1931/1931 1931/1931/1931 
f 1931/1931/1931 1931/1931/1931 1932/1932/1932 
f 1931/1931/1931 1933/1933/1933 1932/1932/1932 
f 1932/1932/1932 1933/1933/1933 1932/1932/1932 
f 1933/1933/1933 1934/1934/1934 1932/1932/1932 
f 1932/1932/1932 1934/1934/1934 1932/1932/1932 
f 1934/1934/1934 1935/1935/1935 1932/1932/1932 
f 1932/1932/1932 1935/1935/1935 1936/1936/1936 
f 1935/1935/1935 1935/1935/1935 1936/1936/1936 
f 1936/1936/1936 1935/1935/1935 1937/1937/1937 
f 1935/1935/1935 1938/1938/1938 1937/1937/1937 
f 1937/1937/1937 1938/1938/1938 1937/1937/1937 
f 1938/1938/1938 1939/1939/1939 1937/1937/1937 
f 1937/1937/1937 1939/1939/1939 1940/1940/1940 
f 1939/1939/1939 1940/1940/1940 1940/1940/1940 
f 1940/1940/1940 1940/1940/1940 1941/1941/1941 
f 1940/1940/1940 1941/1941/1941 1941/1941/1941 
f 1941/1941/1941 1941/1941/1941 1942/1942/1942 
f 1941/1941/1941 1943/1943/1943 1942/1942/1942 
f 1942/1942/1942 1943/1943/1943 1944/1944/1944 
f 1943/1943/1943 1945/1945/1945 1944/1944/1944 
f 1944/1944/1944 1945/1945/1945 1946/1946/1946 
f 1945/1945/1945 1945/1945/1945 1946/1946/1946 
f 1946/1946/1946 1945/1945/1945 1947/1947/1947 
f 1945/1945/1945 1945/1945/1945 1947/1947/1947 
f 1947/1947/1947 1945/1945/1945 1948/1948/1948 
f 1945/1945/1945 1945/1945/1945 1948/1948/1948 
f 1948/1948/1948 1945/1945/1945 1949/1949/1949 
f 1945/1945/1945 1943/1943/1943 1949/1949/1949 
f 1949/1949/1949 1943/1943/1943 1949/1949/1949 
f 1943/1943/1943 1950/1950/1950 1949/1949/1949 
f 1949/1949/1949 1950/1950/1950 1951/1951/1951 
f 1950/1950/1950 1952/1952/1952 1951/1951/1951 
f 1951/1951/1951 1952/1952/1952 1953/1953/1953 
f 1952/1952/1952 1953/1953/1953 1953/1953/1953 
f 1953/1953/1953 1953/1953/1953 1942/1942/1942 
f 1953/1953/1953 1942/1942/1942 1942/1942/1942 
f 1942/1942/1942 1942/1942/1942 1954/1954/1954 
f 1942/1942/1942 1944/1944/1944 1954/1954/1954 
f 1954/1954/1954 1944/1944/1944 1955/1955/1955 
f 1944/1944/1944 1956/1956/1956 1955/1955/1955 
f 1955/1955/1955 1956/1956/1956 1956/1956/1956 
f 1956/1956/1956 1951/1951/1951 1956/1956/1956 
f 1956/1956/1956 1951/1951/1951 1951/1951/1951 
f 1951/1951/1951 1957/1957/1957 1951/1951/1951 
f 1951/1951/1951 1957/1957/1957 1949/1949/1949 
f 1957/1957/1957 1958/1958/1958 1949/1949/1949 
f 1949/1949/1949 1958/1958/1958 1959/1959/1959 
f 1958/1958/1958 1958/1958/1958 1959/1959/1959 
f 1959/1959/1959 1958/1958/1958 1960/1960/1960 
f 1958/1958/1958 1961/1961/1961 1960/1960/1960 
f 1960/1960/1960 1961/1961/1961 1961/1961/1961 
f 1961/1961/1961 1948/1948/1948 1961/1961/1961 
f 1961/1961/1961 1948/1948/1948 1948/1948/1948 
f 1948/1948/1948 1949/1949/1949 1948/1948/1948 
f 1948/1948/1948 1949/1949/1949 1959/1959/1959 
f 1949/1949/1949 1959/1959/1959 1959/1959/1959 
f 1959/1959/1959 1959/1959/1959 1962/1962/1962 
f 1959/1959/1959 1962/1962/1962 1962/1962/1962 
f 1962/1962/1962 1962/1962/1962 1948/1948/1948 
f 1962/1962/1962 1963/1963/1963 1948/1948/1948 
f 1948/1948/1948 1963/1963/1963 1947/1947/1947 
f 1963/1963/1963 1964/1964/1964 1947/1947/1947 
f 1947/1947/1947 1964/1964/1964 1947/1947/1947 
f 1964/1964/1964 1965/1965/1965 1947/1947/1947 
f 1947/1947/1947 1965/1965/1965 1966/1966/1966 
f 1965/1965/1965 1966/1966/1966 1966/1966/1966 
f 1966/1966/1966 1966/1966/1966 1967/1967/1967 
f 1966/1966/1966 1967/1967/1967 1967/1967/1967 
f 1967/1967/1967 1967/1967/1967 1968/1968/1968 
f 1967/1967/1967 1969/1969/1969 1968/1968/1968 
f 1968/1968/1968 1969/1969/1969 1970/1970/1970 
f 1969/1969/1969 1969/1969/1969 1970/1970/1970 
f 1970/1970/1970 1969/1969/1969 1971/1971/1971 
f 1969/1969/1969 1969/1969/1969 1971/1971/1971 
f 1971/1971/1971 1969/1969/1969 1972/1972/1972 
f 1969/1969/1969 1969/1969/1969 1972/1972/1972 
f 1972/1972/1972 1969/1969/1969 1973/1973/1973 
f 1969/1969/1969 1974/1974/1974 1973/1973/1973 
f 1973/1973/1973 1974/1974/1974 1975/1975/1975 
f 1974/1974/1974 1976/1976/1976 1975/1975/1975 
f 1975/1975/1975 1976/1976/1976 1977/1977/1977 
f 1976/1976/1976 1977/1977/1977 1977/1977/1977 
f 1977/1977/1977 1977/1977/1977 1975/1975/1975 
f 1977/1977/1977 1975/1975/1975 1975/1975/1975 
f 1975/1975/1975 1975/1975/1975 1973/1973/1973 
f 1975/1975/1975 1978/1978/1978 1973/1973/1973 
f 1973/1973/1973 1978/1978/1978 1978/1978/1978 
f 1978/1978/1978 1974/1974/1974 1978/1978/1978 
f 1978/1978/1978 1974/1974/1974 1974/1974/1974 
f 1974/1974/1974 1979/1979/1979 1974/1974/1974 
f 1974/1974/1974 1979/1979/1979 1976/1976/1976 
f 1979/1979/1979 1979/1979/1979 1976/1976/1976 
f 1976/1976/1976 1979/1979/1979 1980/1980/1980 
f 1979/1979/1979 1981/1981/1981 1980/1980/1980 
f 1980/1980/1980 1981/1981/1981 1982/1982/1982 
f 1981/1981/1981 1983/1983/1983 1982/1982/1982 
f 1982/1982/1982 1983/1983/1983 1983/1983/1983 
f 1983/1983/1983 1981/1981/1981 1983/1983/1983 
f 1983/1983/1983 1981/1981/1981 1981/1981/1981 
f 1981/1981/1981 1979/1979/1979 1981/1981/1981 
f 1981/1981/1981 1979/1979/1979 1984/1984/1984 
f 1979/1979/1979 1979/1979/1979 1984/1984/1984 
f 1984/1984/1984 1979/1979/1979 1985/1985/1985 
f 1979/1979/1979 1986/1986/1986 1985/1985/1985 
f 1985/1985/1985 1986/1986/1986 1986/1986/1986 
f 1986/1986/1986 1972/1972/1972 1986/1986/1986 
f 1986/1986/1986 1972/1972/1972 1972/1972/1972 
f 1972/1972/1972 1987/1987/1987 1972/1972/1972 
f 1972/1972/1972 1987/1987/1987 1971/1971/1971 
f 1987/1987/1987 1987/1987/1987 1971/1971/1971 
f 1971/1971/1971 1987/1987/1987 1988/1988/1988 
f 1987/1987/1987 1989/1989/1989 1988/1988/1988 
f 1988/1988/1988 1989/1989/1989 1989/1989/1989 
f 1989/1989/1989 1990/1990/1990 1989/1989/1989 
f 1989/1989/1989 1990/1990/1990 1990/1990/1990 
f 1990/1990/1990 1991/1991/1991 1990/1990/1990 
f 1990/1990/1990 1991/1991/1991 1992/1992/1992 
f 1991/1991/1991 1991/1991/1991 1992/1992/1992 
f 1992/1992/1992 1991/1991/1991 1993/1993/1993 
f 1991/1991/1991 1994/1994/1994 1993/1993/1993 
f 1993/1993/1993 1994/1994/1994 1995/1995/1995 
f 1994/1994/1994 1996/1996/1996 1995/1995/1995 
f 1995/1995/1995 1996/1996/1996 1997/1997/1997 
f 1996/1996/1996 1998/1998/1998 1997/1997/1997 
f 1997/1997/1997 1998/1998/1998 1999/1999/1999 
f 1998/1998/1998 2000/2000/2000 1999/1999/1999 
f 1999/1999/1999 2000/2000/2000 2001/2001/2001 
f 2000/2000/2000 2001/2001/2001 2001/2001/2001 
f 2001/2001/2001 2001/2001/2001 2000/2000/2000 
f 2001/2001/2001 2000/2000/2000 2000/2000/2000 
f 2000/2000/2000 2000/2000/2000 2002/2002/2002 
f 2000/2000/2000 1998/1998/1998 2002/2002/2002 
f 2002/2002/2002 1998/1998/1998 2003/2003/2003 
f 1998/1998/1998 2003/2003/2003 2003/2003/2003 
f 2003/2003/2003 2003/2003/2003 2004/2004/2004 
f 2003/2003/2003 2004/2004/2004 2004/2004/2004 
f 2004/2004/2004 2004/2004/2004 2005/2005/2005 
f 2004/2004/2004 2006/2006/2006 2005/2005/2005 
f 2005/2005/2005 2006/2006/2006 2007/2007/2007 
f 2006/2006/2006 2007/2007/2007 2007/2007/2007 
f 2007/2007/2007 2007/2007/2007 2008/2008/2008 
f 2007/2007/2007 2008/2008/2008 2008/2008/2008 
f 2008/2008/2008 2008/2008/2008 2009/2009/2009 
f 2008/2008/2008 2010/2010/2010 2009/2009/2009 
f 2009/2009/2009 2010/2010/2010 2011/2011/2011 
f 2010/2010/2010 2010/2010/2010 2011/2011/2011 
f 2011/2011/2011 2010/2010/2010 2012/2012/2012 
f 2010/2010/2010 2013/2013/2013 2012/2012/2012 
f 2012/2012/2012 2013/2013/2013 2013/2013/2013 
f 2013/2013/2013 2014/2014/2014 2013/2013/2013 
f 2013/2013/2013 2014/2014/2014 2014/2014/2014 
f 2014/2014/2014 2015/2015/2015 2014/2014/2014 
f 2014/2014/2014 2015/2015/2015 2016/2016/2016 
f 2015/2015/2015 2015/2015/2015 2016/2016/2016 
f 2016/2016/2016 2015/2015/2015 2017/2017/2017 
f 2015/2015/2015 2015/2015/2015 2017/2017/2017 
f 2017/2017/2017 2015/2015/2015 2018/2018/2018 
f 2015/2015/2015 2019/2019/2019 2018/2018/2018 
f 2018/2018/2018 2019/2019/2019 2019/2019/2019 
f 2019/2019/2019 2020/2020/2020 2019/2019/2019 
f 2019/2019/2019 2020/2020/2020 2020/2020/2020 
f 2020/2020/2020 2021/2021/2021 2020/2020/2020 
f 2020/2020/2020 2021/2021/2021 2022/2022/2022 
f 2021/2021/2021 2023/2023/2023 2022/2022/2022 
f 2022/2022/2022 2023/2023/2023 2022/2022/2022 
f 2023/2023/2023 2024/2024/2024 2022/2022/2022 
f 2022/2022/2022 2024/2024/2024 2025/2025/2025 
f 2024/2024/2024 2026/2026/2026 2025/2025/2025 
f 2025/2025/2025 2026/2026/2026 2027/2027/2027 
f 2026/2026/2026 2027/2027/2027 2027/2027/2027 
f 2027/2027/2027 2027/2027/2027 2028/2028/2028 
f 2027/2027/2027 2028/2028/2028 2028/2028/2028 
f 2028/2028/2028 2028/2028/2028 2029/2029/2029 
f 2028/2028/2028 2030/2030/2030 2029/2029/2029 
f 2029/2029/2029 2030/2030/2030 2029/2029/2029 
f 2030/2030/2030 2031/2031/2031 2029/2029/2029 
f 2029/2029/2029 2031/2031/2031 2029/2029/2029 
f 2031/2031/2031 2032/2032/2032 2029/2029/2029 
f 2029/2029/2029 2032/2032/2032 2033/2033/2033 
f 2032/2032/2032 2034/2034/2034 2033/2033/2033 
f 2033/2033/2033 2034/2034/2034 2033/2033/2033 
f 2034/2034/2034 2035/2035/2035 2033/2033/2033 
f 2033/2033/2033 2035/2035/2035 2036/2036/2036 
f 2035/2035/2035 2037/2037/2037 2036/2036/2036 
f 2036/2036/2036 2037/2037/2037 2036/2036/2036 
f 2037/2037/2037 2038/2038/2038 2036/2036/2036 
f 2036/2036/2036 2038/2038/2038 2039/2039/2039 
f 2038/2038/2038 2039/2039/2039 2039/2039/2039 
f 2039/2039/2039 2039/2039/2039 2040/2040/2040 
f 2039/2039/2039 2040/2040/2040 2040/2040/2040 
f 2040/2040/2040 2040/2040/2040 2041/2041/2041 
f 2040/2040/2040 2042/2042/2042 2041/2041/2041 
f 2041/2041/2041 2042/2042/2042 2043/2043/2043 
f 2042/2042/2042 2029/2029/2029 2043/2043/2043 
f 2043/2043/2043 2029/2029/2029 2043/2043/2043 
f 2029/2029/2029 2033/2033/2033 2043/2043/2043 
f 2043/2043/2043 2033/2033/2033 2043/2043/2043 
f 2033/2033/2033 2036/2036/2036 2043/2043/2043 
f 2043/2043/2043 2036/2036/2036 2043/2043/2043 
f 2036/2036/2036 2044/2044/2044 2043/2043/2043 
f 2043/2043/2043 2044/2044/2044 2041/2041/2041 
f 2044/2044/2044 2045/2045/2045 2041/2041/2041 
f 2041/2041/2041 2045/2045/2045 2045/2045/2045 
f 2045/2045/2045 2046/2046/2046 2045/2045/2045 
f 2045/2045/2045 2046/2046/2046 2046/2046/2046 
f 2046/2046/2046 2047/2047/2047 2046/2046/2046 
f 2046/2046/2046 2047/2047/2047 2048/2048/2048 
f 2047/2047/2047 2049/2049/2049 2048/2048/2048 
f 2048/2048/2048 2049/2049/2049 2048/2048/2048 
f 2049/2049/2049 2050/2050/2050 2048/2048/2048 
f 2048/2048/2048 2050/2050/2050 2051/2051/2051 
f 2050/2050/2050 2052/2052/2052 2051/2051/2051 
f 2051/2051/2051 2052/2052/2052 2053/2053/2053 
f 2052/2052/2052 2052/2052/2052 2053/2053/2053 
f 2053/2053/2053 2052/2052/2052 2054/2054/2054 
f 2052/2052/2052 2055/2055/2055 2054/2054/2054 
f 2054/2054/2054 2055/2055/2055 2056/2056/2056 
f 2055/2055/2055 2057/2057/2057 2056/2056/2056 
f 2056/2056/2056 2057/2057/2057 2057/2057/2057 
f 2057/2057/2057 2055/2055/2055 2057/2057/2057 
f 2057/2057/2057 2055/2055/2055 2055/2055/2055 
f 2055/2055/2055 2052/2052/2052 2055/2055/2055 
f 2055/2055/2055 2052/2052/2052 2058/2058/2058 
f 2052/2052/2052 2058/2058/2058 2058/2058/2058 
f 2058/2058/2058 2058/2058/2058 2054/2054/2054 
f 2058/2058/2058 2054/2054/2054 2054/2054/2054 
f 2054/2054/2054 2054/2054/2054 2059/2059/2059 
f 2054/2054/2054 2056/2056/2056 2059/2059/2059 
f 2059/2059/2059 2056/2056/2056 2060/2060/2060 
f 2056/2056/2056 2061/2061/2061 2060/2060/2060 
f 2060/2060/2060 2061/2061/2061 2062/2062/2062 
f 2061/2061/2061 2063/2063/2063 2062/2062/2062 
f 2062/2062/2062 2063/2063/2063 2062/2062/2062 
f 2063/2063/2063 2064/2064/2064 2062/2062/2062 
f 2062/2062/2062 2064/2064/2064 2065/2065/2065 
f 2064/2064/2064 2065/2065/2065 2065/2065/2065 
f 2065/2065/2065 2065/2065/2065 2066/2066/2066 
f 2065/2065/2065 2066/2066/2066 2066/2066/2066 
f 2066/2066/2066 2066/2066/2066 2067/2067/2067 
f 2066/2066/2066 2068/2068/2068 2067/2067/2067 
f 2067/2067/2067 2068/2068/2068 2069/2069/2069 
f 2068/2068/2068 2068/2068/2068 2069/2069/2069 
f 2069/2069/2069 2068/2068/2068 2070/2070/2070 
f 2068/2068/2068 2068/2068/2068 2070/2070/2070 
f 2070/2070/2070 2068/2068/2068 2071/2071/2071 
f 2068/2068/2068 2072/2072/2072 2071/2071/2071 
f 2071/2071/2071 2072/2072/2072 2073/2073/2073 
f 2072/2072/2072 2074/2074/2074 2073/2073/2073 
f 2073/2073/2073 2074/2074/2074 2074/2074/2074 
f 2074/2074/2074 2068/2068/2068 2074/2074/2074 
f 2074/2074/2074 2068/2068/2068 2068/2068/2068 
f 2068/2068/2068 2075/2075/2075 2068/2068/2068 
f 2068/2068/2068 2075/2075/2075 2072/2072/2072 
f 2075/2075/2075 2072/2072/2072 2072/2072/2072 
f 2072/2072/2072 2072/2072/2072 2071/2071/2071 
f 2072/2072/2072 2071/2071/2071 2071/2071/2071 
f 2071/2071/2071 2071/2071/2071 2076/2076/2076 
f 2071/2071/2071 2073/2073/2073 2076/2076/2076 
f 2076/2076/2076 2073/2073/2073 2077/2077/2077 
f 2073/2073/2073 2073/2073/2073 2077/2077/2077 
f 2077/2077/2077 2073/2073/2073 2078/2078/2078 
f 2073/2073/2073 2079/2079/2079 2078/2078/2078 
f 2078/2078/2078 2079/2079/2079 2079/2079/2079 
f 2079/2079/2079 2080/2080/2080 2079/2079/2079 
f 2079/2079/2079 2080/2080/2080 2080/2080/2080 
f 2080/2080/2080 2081/2081/2081 2080/2080/2080 
f 2080/2080/2080 2081/2081/2081 2082/2082/2082 
f 2081/2081/2081 2083/2083/2083 2082/2082/2082 
f 2082/2082/2082 2083/2083/2083 2082/2082/2082 
f 2083/2083/2083 2084/2084/2084 2082/2082/2082 
f 2082/2082/2082 2084/2084/2084 2085/2085/2085 
f 2084/2084/2084 2084/2084/2084 2085/2085/2085 
f 2085/2085/2085 2084/2084/2084 2086/2086/2086 
f 2084/2084/2084 2087/2087/2087 2086/2086/2086 
f 2086/2086/2086 2087/2087/2087 2086/2086/2086 
f 2087/2087/2087 2088/2088/2088 2086/2086/2086 
f 2086/2086/2086 2088/2088/2088 2089/2089/2089 
f 2088/2088/2088 2089/2089/2089 2089/2089/2089 
f 2089/2089/2089 2089/2089/2089 2082/2082/2082 
f 2089/2089/2089 2082/2082/2082 2082/2082/2082 
f 2082/2082/2082 2082/2082/2082 2090/2090/2090 
f 2082/2082/2082 2085/2085/2085 2090/2090/2090 
f 2090/2090/2090 2085/2085/2085 2091/2091/2091 
f 2085/2085/2085 2091/2091/2091 2091/2091/2091 
f 2091/2091/2091 2091/2091/2091 2084/2084/2084 
f 2091/2091/2091 2084/2084/2084 2084/2084/2084 
f 2084/2084/2084 2084/2084/2084 2087/2087/2087 
f 2084/2084/2084 2092/2092/2092 2087/2087/2087 
f 2087/2087/2087 2092/2092/2092 2093/2093/2093 
f 2092/2092/2092 2093/2093/2093 2093/2093/2093 
f 2093/2093/2093 2093/2093/2093 2094/2094/2094 
f 2093/2093/2093 2094/2094/2094 2094/2094/2094 
f 2094/2094/2094 2094/2094/2094 2095/2095/2095 
f 2094/2094/2094 2096/2096/2096 2095/2095/2095 
f 2095/2095/2095 2096/2096/2096 2097/2097/2097 
f 2096/2096/2096 2098/2098/2098 2097/2097/2097 
f 2097/2097/2097 2098/2098/2098 2099/2099/2099 
f 2098/2098/2098 2100/2100/2100 2099/2099/2099 
f 2099/2099/2099 2100/2100/2100 2101/2101/2101 
f 2100/2100/2100 2101/2101/2101 2101/2101/2101 
f 2101/2101/2101 2101/2101/2101 2097/2097/2097 
f 2101/2101/2101 2097/2097/2097 2097/2097/2097 
f 2097/2097/2097 2097/2097/2097 2095/2095/2095 
f 2097/2097/2097 2099/2099/2099 2095/2095/2095 
f 2095/2095/2095 2099/2099/2099 2102/2102/2102 
f 2099/2099/2099 2102/2102/2102 2102/2102/2102 
f 2102/2102/2102 2102/2102/2102 2098/2098/2098 
f 2102/2102/2102 2098/2098/2098 2098/2098/2098 
f 2098/2098/2098 2098/2098/2098 2103/2103/2103 
f 2098/2098/2098 2096/2096/2096 2103/2103/2103 
f 2103/2103/2103 2096/2096/2096 2104/2104/2104 
f 2096/2096/2096 2104/2104/2104 2104/2104/2104 
f 2104/2104/2104 2104/2104/2104 2105/2105/2105 
f 2104/2104/2104 2105/2105/2105 2105/2105/2105 
f 2105/2105/2105 2105/2105/2105 2106/2106/2106 
f 2105/2105/2105 2107/2107/2107 2106/2106/2106 
f 2106/2106/2106 2107/2107/2107 2108/2108/2108 
f 2107/2107/2107 2108/2108/2108 2108/2108/2108 
f 2108/2108/2108 2108/2108/2108 2109/2109/2109 
f 2108/2108/2108 2109/2109/2109 2109/2109/2109 
f 2109/2109/2109 2109/2109/2109 2110/2110/2110 
f 2109/2109/2109 2111/2111/2111 2110/2110/2110 
f 2110/2110/2110 2111/2111/2111 2112/2112/2112 
f 2111/2111/2111 2112/2112/2112 2112/2112/2112 
f 2112/2112/2112 2112/2112/2112 2113/2113/2113 
f 2112/2112/2112 2113/2113/2113 2113/2113/2113 
f 2113/2113/2113 2113/2113/2113 2114/2114/2114 
f 2113/2113/2113 2115/2115/2115 2114/2114/2114 
f 2114/2114/2114 2115/2115/2115 2116/2116/2116 
f 2115/2115/2115 2116/2116/2116 2116/2116/2116 
f 2116/2116/2116 2116/2116/2116 2117/2117/2117 
f 2116/2116/2116 2117/2117/2117 2117/2117/2117 
f 2117/2117/2117 2117/2117/2117 2118/2118/2118 
f 2117/2117/2117 2119/2119/2119 2118/2118/2118 
f 2118/2118/2118 2119/2119/2119 2120/2120/2120 
f 2119/2119/2119 2120/2120/2120 2120/2120/2120 
f 2120/2120/2120 2120/2120/2120 2121/2121/2121 
f 2120/2120/2120 2121/2121/2121 2121/2121/2121 
f 2121/2121/2121 2121/2121/2121 2122/2122/2122 
f 2121/2121/2121 2123/2123/2123 2122/2122/2122 
f 2122/2122/2122 2123/2123/2123 2123/2123/2123 
f 2123/2123/2123 2124/2124/2124 2123/2123/2123 
f 2123/2123/2123 2124/2124/2124 2124/2124/2124 
f 2124/2124/2124 2125/2125/2125 2124/2124/2124 
f 2124/2124/2124 2125/2125/2125 2126/2126/2126 
f 2125/2125/2125 2127/2127/2127 2126/2126/2126 
f 2126/2126/2126 2127/2127/2127 2127/2127/2127 
f 2127/2127/2127 2128/2128/2128 2127/2127/2127 
f 2127/2127/2127 2128/2128/2128 2128/2128/2128 
f 2128/2128/2128 2129/2129/2129 2128/2128/2128 
f 2128/2128/2128 2129/2129/2129 2130/2130/2130 
f 2129/2129/2129 2129/2129/2129 2130/2130/2130 
f 2130/2130/2130 2129/2129/2129 2131/2131/2131 
f 2129/2129/2129 2129/2129/2129 2131/2131/2131 
f 2131/2131/2131 2129/2129/2129 2132/2132/2132 
f 2129/2129/2129 2133/2133/2133 2132/2132/2132 
f 2132/2132/2132 2133/2133/2133 2133/2133/2133 
f 2133/2133/2133 2134/2134/2134 2133/2133/2133 
f 2133/2133/2133 2134/2134/2134 2134/2134/2134 
f 2134/2134/2134 2135/2135/2135 2134/2134/2134 
f 2134/2134/2134 2135/2135/2135 2136/2136/2136 
f 2135/2135/2135 2136/2136/2136 2136/2136/2136 
f 2136/2136/2136 2136/2136/2136 2137/2137/2137 
f 2136/2136/2136 2137/2137/2137 2137/2137/2137 
f 2137/2137/2137 2137/2137/2137 2138/2138/2138 
f 2137/2137/2137 2139/2139/2139 2138/2138/2138 
f 2138/2138/2138 2139/2139/2139 2138/2138/2138 
f 2139/2139/2139 2140/2140/2140 2138/2138/2138 
f 2138/2138/2138 2140/2140/2140 2141/2141/2141 
f 2140/2140/2140 2141/2141/2141 2141/2141/2141 
f 2141/2141/2141 2141/2141/2141 2142/2142/2142 
f 2141/2141/2141 2142/2142/2142 2142/2142/2142 
f 2142/2142/2142 2142/2142/2142 2143/2143/2143 
f 2142/2142/2142 2144/2144/2144 2143/2143/2143 
f 2143/2143/2143 2144/2144/2144 2145/2145/2145 
f 2144/2144/2144 2146/2146/2146 2145/2145/2145 
f 2145/2145/2145 2146/2146/2146 2147/2147/2147 
f 2146/2146/2146 2148/2148/2148 2147/2147/2147 
f 2147/2147/2147 2148/2148/2148 2147/2147/2147 
f 2148/2148/2148 2149/2149/2149 2147/2147/2147 
f 2147/2147/2147 2149/2149/2149 2150/2150/2150 
f 2149/2149/2149 2149/2149/2149 2150/2150/2150 
f 2150/2150/2150 2149/2149/2149 2151/2151/2151 
f 2149/2149/2149 2152/2152/2152 2151/2151/2151 
f 2151/2151/2151 2152/2152/2152 2153/2153/2153 
f 2152/2152/2152 2154/2154/2154 2153/2153/2153 
f 2153/2153/2153 2154/2154/2154 2153/2153/2153 
f 2154/2154/2154 2155/2155/2155 2153/2153/2153 
f 2153/2153/2153 2155/2155/2155 2153/2153/2153 
f 2155/2155/2155 2156/2156/2156 2153/2153/2153 
f 2153/2153/2153 2156/2156/2156 2157/2157/2157 
f 2156/2156/2156 2156/2156/2156 2157/2157/2157 
f 2157/2157/2157 2156/2156/2156 2158/2158/2158 
f 2156/2156/2156 2159/2159/2159 2158/2158/2158 
f 2158/2158/2158 2159/2159/2159 2159/2159/2159 
f 2159/2159/2159 2144/2144/2144 2159/2159/2159 
f 2159/2159/2159 2144/2144/2144 2144/2144/2144 
f 2144/2144/2144 2160/2160/2160 2144/2144/2144 
f 2144/2144/2144 2160/2160/2160 2146/2146/2146 
f 2160/2160/2160 2161/2161/2161 2146/2146/2146 
f 2146/2146/2146 2161/2161/2161 2148/2148/2148 
f 2161/2161/2161 2148/2148/2148 2148/2148/2148 
f 2148/2148/2148 2148/2148/2148 2151/2151/2151 
f 2148/2148/2148 2151/2151/2151 2151/2151/2151 
f 2151/2151/2151 2151/2151/2151 2157/2157/2157 
f 2151/2151/2151 2153/2153/2153 2157/2157/2157 
f 2157/2157/2157 2153/2153/2153 2153/2153/2153 
f 2153/2153/2153 2162/2162/2162 2153/2153/2153 
f 2153/2153/2153 2162/2162/2162 2162/2162/2162 
f 2162/2162/2162 2163/2163/2163 2162/2162/2162 
f 2162/2162/2162 2163/2163/2163 2164/2164/2164 
f 2163/2163/2163 2165/2165/2165 2164/2164/2164 
f 2164/2164/2164 2165/2165/2165 2166/2166/2166 
f 2165/2165/2165 2166/2166/2166 2166/2166/2166 
f 2166/2166/2166 2166/2166/2166 2167/2167/2167 
f 2166/2166/2166 2167/2167/2167 2167/2167/2167 
f 2167/2167/2167 2167/2167/2167 2168/2168/2168 
f 2167/2167/2167 2165/2165/2165 2168/2168/2168 
f 2168/2168/2168 2165/2165/2165 2168/2168/2168 
f 2165/2165/2165 2163/2163/2163 2168/2168/2168 
f 2168/2168/2168 2163/2163/2163 2169/2169/2169 
f 2163/2163/2163 2169/2169/2169 2169/2169/2169 
f 2169/2169/2169 2169/2169/2169 2170/2170/2170 
f 2169/2169/2169 2170/2170/2170 2170/2170/2170 
f 2170/2170/2170 2170/2170/2170 2171/2171/2171 
f 2170/2170/2170 2172/2172/2172 2171/2171/2171 
f 2171/2171/2171 2172/2172/2172 2173/2173/2173 
f 2172/2172/2172 2174/2174/2174 2173/2173/2173 
f 2173/2173/2173 2174/2174/2174 2175/2175/2175 
f 2174/2174/2174 2174/2174/2174 2175/2175/2175 
f 2175/2175/2175 2174/2174/2174 2176/2176/2176 
f 2174/2174/2174 2177/2177/2177 2176/2176/2176 
f 2176/2176/2176 2177/2177/2177 2178/2178/2178 
f 2177/2177/2177 2179/2179/2179 2178/2178/2178 
f 2178/2178/2178 2179/2179/2179 2179/2179/2179 
f 2179/2179/2179 2180/2180/2180 2179/2179/2179 
f 2179/2179/2179 2180/2180/2180 2180/2180/2180 
f 2180/2180/2180 2181/2181/2181 2180/2180/2180 
f 2180/2180/2180 2181/2181/2181 2182/2182/2182 
f 2181/2181/2181 2181/2181/2181 2182/2182/2182 
f 2182/2182/2182 2181/2181/2181 2183/2183/2183 
f 2181/2181/2181 2181/2181/2181 2183/2183/2183 
f 2183/2183/2183 2181/2181/2181 2184/2184/2184 
f 2181/2181/2181 2185/2185/2185 2184/2184/2184 
f 2184/2184/2184 2185/2185/2185 2185/2185/2185 
f 2185/2185/2185 2186/2186/2186 2185/2185/2185 
f 2185/2185/2185 2186/2186/2186 2186/2186/2186 
f 2186/2186/2186 2187/2187/2187 2186/2186/2186 
f 2186/2186/2186 2187/2187/2187 2188/2188/2188 
f 2187/2187/2187 2189/2189/2189 2188/2188/2188 
f 2188/2188/2188 2189/2189/2189 2189/2189/2189 
f 2189/2189/2189 2190/2190/2190 2189/2189/2189 
f 2189/2189/2189 2190/2190/2190 2190/2190/2190 
f 2190/2190/2190 2191/2191/2191 2190/2190/2190 
f 2190/2190/2190 2191/2191/2191 2192/2192/2192 
f 2191/2191/2191 2191/2191/2191 2192/2192/2192 
f 2192/2192/2192 2191/2191/2191 2193/2193/2193 
f 2191/2191/2191 2194/2194/2194 2193/2193/2193 
f 2193/2193/2193 2194/2194/2194 2195/2195/2195 
f 2194/2194/2194 2196/2196/2196 2195/2195/2195 
f 2195/2195/2195 2196/2196/2196 2197/2197/2197 
f 2196/2196/2196 2197/2197/2197 2197/2197/2197 
f 2197/2197/2197 2197/2197/2197 2191/2191/2191 
f 2197/2197/2197 2191/2191/2191 2191/2191/2191 
f 2191/2191/2191 2191/2191/2191 2194/2194/2194 
f 2191/2191/2191 2198/2198/2198 2194/2194/2194 
f 2194/2194/2194 2198/2198/2198 2198/2198/2198 
f 2198/2198/2198 2199/2199/2199 2198/2198/2198 
f 2198/2198/2198 2199/2199/2199 2199/2199/2199 
f 2199/2199/2199 2193/2193/2193 2199/2199/2199 
f 2199/2199/2199 2193/2193/2193 2195/2195/2195 
f 2193/2193/2193 2195/2195/2195 2195/2195/2195 
f 2195/2195/2195 2195/2195/2195 2200/2200/2200 
f 2195/2195/2195 2200/2200/2200 2200/2200/2200 
f 2200/2200/2200 2200/2200/2200 2194/2194/2194 
f 2200/2200/2200 2201/2201/2201 2194/2194/2194 
f 2194/2194/2194 2201/2201/2201 2196/2196/2196 
f 2201/2201/2201 2201/2201/2201 2196/2196/2196 
f 2196/2196/2196 2201/2201/2201 2202/2202/2202 
f 2201/2201/2201 2203/2203/2203 2202/2202/2202 
f 2202/2202/2202 2203/2203/2203 2203/2203/2203 
f 2203/2203/2203 2204/2204/2204 2203/2203/2203 
f 2203/2203/2203 2204/2204/2204 2204/2204/2204 
f 2204/2204/2204 2205/2205/2205 2204/2204/2204 
f 2204/2204/2204 2205/2205/2205 2206/2206/2206 
f 2205/2205/2205 2207/2207/2207 2206/2206/2206 
f 2206/2206/2206 2207/2207/2207 2207/2207/2207 
f 2207/2207/2207 2208/2208/2208 2207/2207/2207 
f 2207/2207/2207 2208/2208/2208 2208/2208/2208 
f 2208/2208/2208 2209/2209/2209 2208/2208/2208 
f 2208/2208/2208 2209/2209/2209 2210/2210/2210 
f 2209/2209/2209 2211/2211/2211 2210/2210/2210 
f 2210/2210/2210 2211/2211/2211 2211/2211/2211 
f 2211/2211/2211 2212/2212/2212 2211/2211/2211 
f 2211/2211/2211 2212/2212/2212 2212/2212/2212 
f 2212/2212/2212 2213/2213/2213 2212/2212/2212 
f 2212/2212/2212 2213/2213/2213 2214/2214/2214 
f 2213/2213/2213 2215/2215/2215 2214/2214/2214 
f 2214/2214/2214 2215/2215/2215 2215/2215/2215 
f 2215/2215/2215 2216/2216/2216 2215/2215/2215 
f 2215/2215/2215 2216/2216/2216 2216/2216/2216 
f 2216/2216/2216 2217/2217/2217 2216/2216/2216 
f 2216/2216/2216 2217/2217/2217 2218/2218/2218 
f 2217/2217/2217 2219/2219/2219 2218/2218/2218 
f 2218/2218/2218 2219/2219/2219 2219/2219/2219 
f 2219/2219/2219 2220/2220/2220 2219/2219/2219 
f 2219/2219/2219 2220/2220/2220 2220/2220/2220 
f 2220/2220/2220 2221/2221/2221 2220/2220/2220 
f 2220/2220/2220 2221/2221/2221 2222/2222/2222 
f 2221/2221/2221 2223/2223/2223 2222/2222/2222 
f 2222/2222/2222 2223/2223/2223 2223/2223/2223 
f 2223/2223/2223 2224/2224/2224 2223/2223/2223 
f 2223/2223/2223 2224/2224/2224 2224/2224/2224 
f 2224/2224/2224 2225/2225/2225 2224/2224/2224 
f 2224/2224/2224 2225/2225/2225 2226/2226/2226 
f 2225/2225/2225 2227/2227/2227 2226/2226/2226 
f 2226/2226/2226 2227/2227/2227 2227/2227/2227 
f 2227/2227/2227 2228/2228/2228 2227/2227/2227 
f 2227/2227/2227 2228/2228/2228 2228/2228/2228 
f 2228/2228/2228 2229/2229/2229 2228/2228/2228 
f 2228/2228/2228 2229/2229/2229 2230/2230/2230 
f 2229/2229/2229 2231/2231/2231 2230/2230/2230 
f 2230/2230/2230 2231/2231/2231 2231/2231/2231 
f 2231/2231/2231 2232/2232/2232 2231/2231/2231 
f 2231/2231/2231 2232/2232/2232 2232/2232/2232 
f 2232/2232/2232 2233/2233/2233 2232/2232/2232 
f 2232/2232/2232 2233/2233/2233 2234/2234/2234 
f 2233/2233/2233 2235/2235/2235 2234/2234/2234 
f 2234/2234/2234 2235/2235/2235 2235/2235/2235 
f 2235/2235/2235 2236/2236/2236 2235/2235/2235 
f 2235/2235/2235 2236/2236/2236 2236/2236/2236 
f 2236/2236/2236 2237/2237/2237 2236/2236/2236 
f 2236/2236/2236 2237/2237/2237 2238/2238/2238 
f 2237/2237/2237 2238/2238/2238 2238/2238/2238 
f 2238/2238/2238 2238/2238/2238 2239/2239/2239 
f 2238/2238/2238 2239/2239/2239 2239/2239/2239 
f 2239/2239/2239 2239/2239/2239 2240/2240/2240 
f 2239/2239/2239 2241/2241/2241 2240/2240/2240 
f 2240/2240/2240 2241/2241/2241 2240/2240/2240 
f 2241/2241/2241 2242/2242/2242 2240/2240/2240 
f 2240/2240/2240 2242/2242/2242 2240/2240/2240 
f 2242/2242/2242 2243/2243/2243 2240/2240/2240 
f 2240/2240/2240 2243/2243/2243 2240/2240/2240 
f 2243/2243/2243 2244/2244/2244 2240/2240/2240 
f 2240/2240/2240 2244/2244/2244 2245/2245/2245 
f 2244/2244/2244 2244/2244/2244 2245/2245/2245 
f 2245/2245/2245 2244/2244/2244 2246/2246/2246 
f 2244/2244/2244 2247/2247/2247 2246/2246/2246 
f 2246/2246/2246 2247/2247/2247 2246/2246/2246 
f 2247/2247/2247 2248/2248/2248 2246/2246/2246 
f 2246/2246/2246 2248/2248/2248 2249/2249/2249 
f 2248/2248/2248 2249/2249/2249 2249/2249/2249 
f 2249/2249/2249 2249/2249/2249 2250/2250/2250 
f 2249/2249/2249 2250/2250/2250 2250/2250/2250 
f 2250/2250/2250 2250/2250/2250 2251/2251/2251 
f 2250/2250/2250 2252/2252/2252 2251/2251/2251 
f 2251/2251/2251 2252/2252/2252 2251/2251/2251 
f 2252/2252/2252 2253/2253/2253 2251/2251/2251 
f 2251/2251/2251 2253/2253/2253 2254/2254/2254 
f 2253/2253/2253 2255/2255/2255 2254/2254/2254 
f 2254/2254/2254 2255/2255/2255 2255/2255/2255 
f 2255/2255/2255 2256/2256/2256 2255/2255/2255 
f 2255/2255/2255 2256/2256/2256 2256/2256/2256 
f 2256/2256/2256 2257/2257/2257 2256/2256/2256 
f 2256/2256/2256 2257/2257/2257 2258/2258/2258 
f 2257/2257/2257 2251/2251/2251 2258/2258/2258 
f 2258/2258/2258 2251/2251/2251 2258/2258/2258 
f 2251/2251/2251 2254/2254/2254 2258/2258/2258 
f 2258/2258/2258 2254/2254/2254 2259/2259/2259 
f 2254/2254/2254 2260/2260/2260 2259/2259/2259 
f 2259/2259/2259 2260/2260/2260 2260/2260/2260 
f 2260/2260/2260 2258/2258/2258 2260/2260/2260 
f 2260/2260/2260 2258/2258/2258 2258/2258/2258 
f 2258/2258/2258 2259/2259/2259 2258/2258/2258 
f 2258/2258/2258 2259/2259/2259 2261/2261/2261 
f 2259/2259/2259 2262/2262/2262 2261/2261/2261 
f 2261/2261/2261 2262/2262/2262 2261/2261/2261 
f 2262/2262/2262 2263/2263/2263 2261/2261/2261 
f 2261/2261/2261 2263/2263/2263 2264/2264/2264 
f 2263/2263/2263 2265/2265/2265 2264/2264/2264 
f 2264/2264/2264 2265/2265/2265 2266/2266/2266 
f 2265/2265/2265 2267/2267/2267 2266/2266/2266 
f 2266/2266/2266 2267/2267/2267 2266/2266/2266 
f 2267/2267/2267 2268/2268/2268 2266/2266/2266 
f 2266/2266/2266 2268/2268/2268 2269/2269/2269 
f 2268/2268/2268 2269/2269/2269 2269/2269/2269 
f 2269/2269/2269 2269/2269/2269 2265/2265/2265 
f 2269/2269/2269 2265/2265/2265 2265/2265/2265 
f 2265/2265/2265 2265/2265/2265 2270/2270/2270 
f 2265/2265/2265 2263/2263/2263 2270/2270/2270 
f 2270/2270/2270 2263/2263/2263 2263/2263/2263 
f 2263/2263/2263 2266/2266/2266 2263/2263/2263 
f 2263/2263/2263 2266/2266/2266 2266/2266/2266 
f 2266/2266/2266 2271/2271/2271 2266/2266/2266 
f 2266/2266/2266 2271/2271/2271 2264/2264/2264 
f 2271/2271/2271 2272/2272/2272 2264/2264/2264 
f 2264/2264/2264 2272/2272/2272 2272/2272/2272 
f 2272/2272/2272 2265/2265/2265 2272/2272/2272 
f 2272/2272/2272 2265/2265/2265 2265/2265/2265 
f 2265/2265/2265 2273/2273/2273 2265/2265/2265 
f 2265/2265/2265 2273/2273/2273 2267/2267/2267 
f 2273/2273/2273 2267/2267/2267 2267/2267/2267 
f 2267/2267/2267 2267/2267/2267 2274/2274/2274 
f 2267/2267/2267 2274/2274/2274 2274/2274/2274 
f 2274/2274/2274 2274/2274/2274 2275/2275/2275 
f 2274/2274/2274 2276/2276/2276 2275/2275/2275 
f 2275/2275/2275 2276/2276/2276 2275/2275/2275 
f 2276/2276/2276 2277/2277/2277 2275/2275/2275 
f 2275/2275/2275 2277/2277/2277 2278/2278/2278 
f 2277/2277/2277 2278/2278/2278 2278/2278/2278 
f 2278/2278/2278 2278/2278/2278 2279/2279/2279 
f 2278/2278/2278 2279/2279/2279 2279/2279/2279 
f 2279/2279/2279 2279/2279/2279 2280/2280/2280 
f 2279/2279/2279 2281/2281/2281 2280/2280/2280 
f 2280/2280/2280 2281/2281/2281 2282/2282/2282 
f 2281/2281/2281 2282/2282/2282 2282/2282/2282 
f 2282/2282/2282 2282/2282/2282 2283/2283/2283 
f 2282/2282/2282 2283/2283/2283 2283/2283/2283 
f 2283/2283/2283 2283/2283/2283 2284/2284/2284 
f 2283/2283/2283 2285/2285/2285 2284/2284/2284 
f 2284/2284/2284 2285/2285/2285 2286/2286/2286 
f 2285/2285/2285 2286/2286/2286 2286/2286/2286 
f 2286/2286/2286 2286/2286/2286 2287/2287/2287 
f 2286/2286/2286 2287/2287/2287 2287/2287/2287 
f 2287/2287/2287 2287/2287/2287 2288/2288/2288 
f 2287/2287/2287 2289/2289/2289 2288/2288/2288 
f 2288/2288/2288 2289/2289/2289 2290/2290/2290 
f 2289/2289/2289 2290/2290/2290 2290/2290/2290 
f 2290/2290/2290 2290/2290/2290 2291/2291/2291 
f 2290/2290/2290 2291/2291/2291 2291/2291/2291 
f 2291/2291/2291 2291/2291/2291 2292/2292/2292 
f 2291/2291/2291 2293/2293/2293 2292/2292/2292 
f 2292/2292/2292 2293/2293/2293 2292/2292/2292 
f 2293/2293/2293 2294/2294/2294 2292/2292/2292 
f 2292/2292/2292 2294/2294/2294 2295/2295/2295 
f 2294/2294/2294 2294/2294/2294 2295/2295/2295 
f 2295/2295/2295 2294/2294/2294 2296/2296/2296 
f 2294/2294/2294 2297/2297/2297 2296/2296/2296 
f 2296/2296/2296 2297/2297/2297 2296/2296/2296 
f 2297/2297/2297 2298/2298/2298 2296/2296/2296 
f 2296/2296/2296 2298/2298/2298 2299/2299/2299 
f 2298/2298/2298 2298/2298/2298 2299/2299/2299 
f 2299/2299/2299 2298/2298/2298 2300/2300/2300 
f 2298/2298/2298 2301/2301/2301 2300/2300/2300 
f 2300/2300/2300 2301/2301/2301 2302/2302/2302 
f 2301/2301/2301 2302/2302/2302 2302/2302/2302 
f 2302/2302/2302 2302/2302/2302 2303/2303/2303 
f 2302/2302/2302 2303/2303/2303 2303/2303/2303 
f 2303/2303/2303 2303/2303/2303 2304/2304/2304 
f 2303/2303/2303 2305/2305/2305 2304/2304/2304 
f 2304/2304/2304 2305/2305/2305 2306/2306/2306 
f 2305/2305/2305 2307/2307/2307 2306/2306/2306 
f 2306/2306/2306 2307/2307/2307 2306/2306/2306 
f 2307/2307/2307 2308/2308/2308 2306/2306/2306 
f 2306/2306/2306 2308/2308/2308 2309/2309/2309 
f 2308/2308/2308 2310/2310/2310 2309/2309/2309 
f 2309/2309/2309 2310/2310/2310 2311/2311/2311 
f 2310/2310/2310 2312/2312/2312 2311/2311/2311 
f 2311/2311/2311 2312/2312/2312 2312/2312/2312 
f 2312/2312/2312 2313/2313/2313 2312/2312/2312 
f 2312/2312/2312 2313/2313/2313 2313/2313/2313 
f 2313/2313/2313 2314/2314/2314 2313/2313/2313 
f 2313/2313/2313 2314/2314/2314 2315/2315/2315 
f 2314/2314/2314 2316/2316/2316 2315/2315/2315 
f 2315/2315/2315 2316/2316/2316 2316/2316/2316 
f 2316/2316/2316 2317/2317/2317 2316/2316/2316 
f 2316/2316/2316 2317/2317/2317 2317/2317/2317 
f 2317/2317/2317 2318/2318/2318 2317/2317/2317 
f 2317/2317/2317 2318/2318/2318 2319/2319/2319 
f 2318/2318/2318 2320/2320/2320 2319/2319/2319 
f 2319/2319/2319 2320/2320/2320 2319/2319/2319 
f 2320/2320/2320 2321/2321/2321 2319/2319/2319 
f 2319/2319/2319 2321/2321/2321 2322/2322/2322 
f 2321/2321/2321 2322/2322/2322 2322/2322/2322 
f 2322/2322/2322 2322/2322/2322 2323/2323/2323 
f 2322/2322/2322 2323/2323/2323 2323/2323/2323 
f 2323/2323/2323 2323/2323/2323 2324/2324/2324 
f 2323/2323/2323 2325/2325/2325 2324/2324/2324 
f 2324/2324/2324 2325/2325/2325 2326/2326/2326 
f 2325/2325/2325 2325/2325/2325 2326/2326/2326 
f 2326/2326/2326 2325/2325/2325 2327/2327/2327 
f 2325/2325/2325 2328/2328/2328 2327/2327/2327 
f 2327/2327/2327 2328/2328/2328 2328/2328/2328 
f 2328/2328/2328 2329/2329/2329 2328/2328/2328 
f 2328/2328/2328 2329/2329/2329 2329/2329/2329 
f 2329/2329/2329 2330/2330/2330 2329/2329/2329 
f 2329/2329/2329 2330/2330/2330 2331/2331/2331 
f 2330/2330/2330 2332/2332/2332 2331/2331/2331 
f 2331/2331/2331 2332/2332/2332 2331/2331/2331 
f 2332/2332/2332 2333/2333/2333 2331/2331/2331 
f 2331/2331/2331 2333/2333/2333 2334/2334/2334 
f 2333/2333/2333 2334/2334/2334 2334/2334/2334 
f 2334/2334/2334 2334/2334/2334 2335/2335/2335 
f 2334/2334/2334 2335/2335/2335 2335/2335/2335 
f 2335/2335/2335 2335/2335/2335 2336/2336/2336 
f 2335/2335/2335 2337/2337/2337 2336/2336/2336 
f 2336/2336/2336 2337/2337/2337 2338/2338/2338 
f 2337/2337/2337 2337/2337/2337 2338/2338/2338 
f 2338/2338/2338 2337/2337/2337 2339/2339/2339 
f 2337/2337/2337 2340/2340/2340 2339/2339/2339 
f 2339/2339/2339 2340/2340/2340 2340/2340/2340 
f 2340/2340/2340 2341/2341/2341 2340/2340/2340 
f 2340/2340/2340 2341/2341/2341 2341/2341/2341 
f 2341/2341/2341 2342/2342/2342 2341/2341/2341 
f 2341/2341/2341 2342/2342/2342 2343/2343/2343 
f 2342/2342/2342 2343/2343/2343 2343/2343/2343 
f 2343/2343/2343 2343/2343/2343 2344/2344/2344 
f 2343/2343/2343 2344/2344/2344 2344/2344/2344 
f 2344/2344/2344 2344/2344/2344 2345/2345/2345 
f 2344/2344/2344 2346/2346/2346 2345/2345/2345 
f 2345/2345/2345 2346/2346/2346 2347/2347/2347 
f 2346/2346/2346 2347/2347/2347 2347/2347/2347 
f 2347/2347/2347 2347/2347/2347 2348/2348/2348 
f 2347/2347/2347 2348/2348/2348 2348/2348/2348 
f 2348/2348/2348 2348/2348/2348 2349/2349/2349 
f 2348/2348/2348 2350/2350/2350 2349/2349/2349 
f 2349/2349/2349 2350/2350/2350 2349/2349/2349 
f 2350/2350/2350 2351/2351/2351 2349/2349/2349 
f 2349/2349/2349 2351/2351/2351 2349/2349/2349 
f 2351/2351/2351 2352/2352/2352 2349/2349/2349 
f 2349/2349/2349 2352/2352/2352 2353/2353/2353 
f 2352/2352/2352 2352/2352/2352 2353/2353/2353 
f 2353/2353/2353 2352/2352/2352 2354/2354/2354 
f 2352/2352/2352 2355/2355/2355 2354/2354/2354 
f 2354/2354/2354 2355/2355/2355 2354/2354/2354 
f 2355/2355/2355 2356/2356/2356 2354/2354/2354 
f 2354/2354/2354 2356/2356/2356 2357/2357/2357 
f 2356/2356/2356 2357/2357/2357 2357/2357/2357 
f 2357/2357/2357 2357/2357/2357 2358/2358/2358 
f 2357/2357/2357 2358/2358/2358 2358/2358/2358 
f 2358/2358/2358 2358/2358/2358 2359/2359/2359 
f 2358/2358/2358 2360/2360/2360 2359/2359/2359 
f 2359/2359/2359 2360/2360/2360 2361/2361/2361 
f 2360/2360/2360 2361/2361/2361 2361/2361/2361 
f 2361/2361/2361 2361/2361/2361 2362/2362/2362 
f 2361/2361/2361 2362/2362/2362 2362/2362/2362 
f 2362/2362/2362 2362/2362/2362 2363/2363/2363 
f 2362/2362/2362 2364/2364/2364 2363/2363/2363 
f 2363/2363/2363 2364/2364/2364 2363/2363/2363 
f 2364/2364/2364 2365/2365/2365 2363/2363/2363 
f 2363/2363/2363 2365/2365/2365 2363/2363/2363 
f 2365/2365/2365 2366/2366/2366 2363/2363/2363 
f 2363/2363/2363 2366/2366/2366 2367/2367/2367 
f 2366/2366/2366 2367/2367/2367 2367/2367/2367 
f 2367/2367/2367 2367/2367/2367 2368/2368/2368 
f 2367/2367/2367 2368/2368/2368 2368/2368/2368 
f 2368/2368/2368 2368/2368/2368 2369/2369/2369 
f 2368/2368/2368 2370/2370/2370 2369/2369/2369 
f 2369/2369/2369 2370/2370/2370 2371/2371/2371 
f 2370/2370/2370 2372/2372/2372 2371/2371/2371 
f 2371/2371/2371 2372/2372/2372 2371/2371/2371 
f 2372/2372/2372 2373/2373/2373 2371/2371/2371 
f 2371/2371/2371 2373/2373/2373 2374/2374/2374 
f 2373/2373/2373 2375/2375/2375 2374/2374/2374 
f 2374/2374/2374 2375/2375/2375 2374/2374/2374 
f 2375/2375/2375 2376/2376/2376 2374/2374/2374 
f 2374/2374/2374 2376/2376/2376 2374/2374/2374 
f 2376/2376/2376 2377/2377/2377 2374/2374/2374 
f 2374/2374/2374 2377/2377/2377 2374/2374/2374 
f 2377/2377/2377 2378/2378/2378 2374/2374/2374 
f 2374/2374/2374 2378/2378/2378 2374/2374/2374 
f 2378/2378/2378 2379/2379/2379 2374/2374/2374 
f 2374/2374/2374 2379/2379/2379 2374/2374/2374 
f 2379/2379/2379 2380/2380/2380 2374/2374/2374 
f 2374/2374/2374 2380/2380/2380 2371/2371/2371 
f 2380/2380/2380 2369/2369/2369 2371/2371/2371 
f 2371/2371/2371 2369/2369/2369 2369/2369/2369 
f 2369/2369/2369 2370/2370/2370 2369/2369/2369 
f 2369/2369/2369 2370/2370/2370 2370/2370/2370 
f 2370/2370/2370 2381/2381/2381 2370/2370/2370 
f 2370/2370/2370 2381/2381/2381 2372/2372/2372 
f 2381/2381/2381 2372/2372/2372 2372/2372/2372 
f 2372/2372/2372 2372/2372/2372 2382/2382/2382 
f 2372/2372/2372 2382/2382/2382 2382/2382/2382 
f 2382/2382/2382 2382/2382/2382 2383/2383/2383 
f 2382/2382/2382 2384/2384/2384 2383/2383/2383 
f 2383/2383/2383 2384/2384/2384 2385/2385/2385 
f 2384/2384/2384 2385/2385/2385 2385/2385/2385 
f 2385/2385/2385 2385/2385/2385 2386/2386/2386 
f 2385/2385/2385 2386/2386/2386 2386/2386/2386 
f 2386/2386/2386 2386/2386/2386 2387/2387/2387 
f 2386/2386/2386 2388/2388/2388 2387/2387/2387 
f 2387/2387/2387 2388/2388/2388 2387/2387/2387 
f 2388/2388/2388 2389/2389/2389 2387/2387/2387 
f 2387/2387/2387 2389/2389/2389 2390/2390/2390 
f 2389/2389/2389 2391/2391/2391 2390/2390/2390 
f 2390/2390/2390 2391/2391/2391 2392/2392/2392 
f 2391/2391/2391 2393/2393/2393 2392/2392/2392 
f 2392/2392/2392 2393/2393/2393 2394/2394/2394 
f 2393/2393/2393 2395/2395/2395 2394/2394/2394 
f 2394/2394/2394 2395/2395/2395 2396/2396/2396 
f 2395/2395/2395 2397/2397/2397 2396/2396/2396 
f 2396/2396/2396 2397/2397/2397 2397/2397/2397 
f 2397/2397/2397 2396/2396/2396 2397/2397/2397 
f 2397/2397/2397 2396/2396/2396 2396/2396/2396 
f 2396/2396/2396 2398/2398/2398 2396/2396/2396 
f 2396/2396/2396 2398/2398/2398 2394/2394/2394 
f 2398/2398/2398 2398/2398/2398 2394/2394/2394 
f 2394/2394/2394 2398/2398/2398 2399/2399/2399 
f 2398/2398/2398 2400/2400/2400 2399/2399/2399 
f 2399/2399/2399 2400/2400/2400 2400/2400/2400 
f 2400/2400/2400 2401/2401/2401 2400/2400/2400 
f 2400/2400/2400 2401/2401/2401 2401/2401/2401 
f 2401/2401/2401 2402/2402/2402 2401/2401/2401 
f 2401/2401/2401 2402/2402/2402 2403/2403/2403 
f 2402/2402/2402 2404/2404/2404 2403/2403/2403 
f 2403/2403/2403 2404/2404/2404 2404/2404/2404 
f 2404/2404/2404 2405/2405/2405 2404/2404/2404 
f 2404/2404/2404 2405/2405/2405 2405/2405/2405 
f 2405/2405/2405 2406/2406/2406 2405/2405/2405 
f 2405/2405/2405 2406/2406/2406 2407/2407/2407 
f 2406/2406/2406 2408/2408/2408 2407/2407/2407 
f 2407/2407/2407 2408/2408/2408 2407/2407/2407 
f 2408/2408/2408 2409/2409/2409 2407/2407/2407 
f 2407/2407/2407 2409/2409/2409 2410/2410/2410 
f 2409/2409/2409 2410/2410/2410 2410/2410/2410 
f 2410/2410/2410 2410/2410/2410 2411/2411/2411 
f 2410/2410/2410 2411/2411/2411 2411/2411/2411 
f 2411/2411/2411 2411/2411/2411 2412/2412/2412 
f 2411/2411/2411 2413/2413/2413 2412/2412/2412 
f 2412/2412/2412 2413/2413/2413 2412/2412/2412 
f 2413/2413/2413 2414/2414/2414 2412/2412/2412 
f 2412/2412/2412 2414/2414/2414 2412/2412/2412 
f 2414/2414/2414 2415/2415/2415 2412/2412/2412 
f 2412/2412/2412 2415/2415/2415 2416/2416/2416 
f 2415/2415/2415 2416/2416/2416 2416/2416/2416 
f 2416/2416/2416 2416/2416/2416 2417/2417/2417 
f 2416/2416/2416 2417/2417/2417 2417/2417/2417 
f 2417/2417/2417 2417/2417/2417 2418/2418/2418 
f 2417/2417/2417 2419/2419/2419 2418/2418/2418 
f 2418/2418/2418 2419/2419/2419 2420/2420/2420 
f 2419/2419/2419 2419/2419/2419 2420/2420/2420 
f 2420/2420/2420 2419/2419/2419 2421/2421/2421 
f 2419/2419/2419 2422/2422/2422 2421/2421/2421 
f 2421/2421/2421 2422/2422/2422 2423/2423/2423 
f 2422/2422/2422 2424/2424/2424 2423/2423/2423 
f 2423/2423/2423 2424/2424/2424 2424/2424/2424 
f 2424/2424/2424 2425/2425/2425 2424/2424/2424 
f 2424/2424/2424 2425/2425/2425 2425/2425/2425 
f 2425/2425/2425 2426/2426/2426 2425/2425/2425 
f 2425/2425/2425 2426/2426/2426 2427/2427/2427 
f 2426/2426/2426 2426/2426/2426 2427/2427/2427 
f 2427/2427/2427 2426/2426/2426 2428/2428/2428 
f 2426/2426/2426 2426/2426/2426 2428/2428/2428 
f 2428/2428/2428 2426/2426/2426 2429/2429/2429 
f 2426/2426/2426 2430/2430/2430 2429/2429/2429 
f 2429/2429/2429 2430/2430/2430 2429/2429/2429 
f 2430/2430/2430 2431/2431/2431 2429/2429/2429 
f 2429/2429/2429 2431/2431/2431 2432/2432/2432 
f 2431/2431/2431 2431/2431/2431 2432/2432/2432 
f 2432/2432/2432 2431/2431/2431 2433/2433/2433 
f 2431/2431/2431 2434/2434/2434 2433/2433/2433 
f 2433/2433/2433 2434/2434/2434 2434/2434/2434 
f 2434/2434/2434 2426/2426/2426 2434/2434/2434 
f 2434/2434/2434 2426/2426/2426 2426/2426/2426 
f 2426/2426/2426 2435/2435/2435 2426/2426/2426 
f 2426/2426/2426 2435/2435/2435 2430/2430/2430 
f 2435/2435/2435 2436/2436/2436 2430/2430/2430 
f 2430/2430/2430 2436/2436/2436 2436/2436/2436 
f 2436/2436/2436 2429/2429/2429 2436/2436/2436 
f 2436/2436/2436 2429/2429/2429 2429/2429/2429 
f 2429/2429/2429 2432/2432/2432 2429/2429/2429 
f 2429/2429/2429 2432/2432/2432 2437/2437/2437 
f 2432/2432/2432 2438/2438/2438 2437/2437/2437 
f 2437/2437/2437 2438/2438/2438 2438/2438/2438 
f 2438/2438/2438 2439/2439/2439 2438/2438/2438 
f 2438/2438/2438 2439/2439/2439 2439/2439/2439 
f 2439/2439/2439 2440/2440/2440 2439/2439/2439 
f 2439/2439/2439 2440/2440/2440 2441/2441/2441 
f 2440/2440/2440 2442/2442/2442 2441/2441/2441 
f 2441/2441/2441 2442/2442/2442 2442/2442/2442 
f 2442/2442/2442 2443/2443/2443 2442/2442/2442 
f 2442/2442/2442 2443/2443/2443 2443/2443/2443 
f 2443/2443/2443 2444/2444/2444 2443/2443/2443 
f 2443/2443/2443 2444/2444/2444 2445/2445/2445 
f 2444/2444/2444 2446/2446/2446 2445/2445/2445 
f 2445/2445/2445 2446/2446/2446 2446/2446/2446 
f 2446/2446/2446 2447/2447/2447 2446/2446/2446 
f 2446/2446/2446 2447/2447/2447 2447/2447/2447 
f 2447/2447/2447 2448/2448/2448 2447/2447/2447 
f 2447/2447/2447 2448/2448/2448 2449/2449/2449 
f 2448/2448/2448 2450/2450/2450 2449/2449/2449 
f 2449/2449/2449 2450/2450/2450 2450/2450/2450 
f 2450/2450/2450 2451/2451/2451 2450/2450/2450 
f 2450/2450/2450 2451/2451/2451 2451/2451/2451 
f 2451/2451/2451 2452/2452/2452 2451/2451/2451 
f 2451/2451/2451 2452/2452/2452 2453/2453/2453 
f 2452/2452/2452 2454/2454/2454 2453/2453/2453 
f 2453/2453/2453 2454/2454/2454 2454/2454/2454 
f 2454/2454/2454 2455/2455/2455 2454/2454/2454 
f 2454/2454/2454 2455/2455/2455 2455/2455/2455 
f 2455/2455/2455 2456/2456/2456 2455/2455/2455 
f 2455/2455/2455 2456/2456/2456 2457/2457/2457 
f 2456/2456/2456 2457/2457/2457 2457/2457/2457 
f 2457/2457/2457 2457/2457/2457 2458/2458/2458 
f 2457/2457/2457 2458/2458/2458 2458/2458/2458 
f 2458/2458/2458 2458/2458/2458 2459/2459/2459 
f 2458/2458/2458 2460/2460/2460 2459/2459/2459 
f 2459/2459/2459 2460/2460/2460 2461/2461/2461 
f 2460/2460/2460 2461/2461/2461 2461/2461/2461 
f 2461/2461/2461 2461/2461/2461 2462/2462/2462 
f 2461/2461/2461 2462/2462/2462 2462/2462/2462 
f 2462/2462/2462 2462/2462/2462 2463/2463/2463 
f 2462/2462/2462 2464/2464/2464 2463/2463/2463 
f 2463/2463/2463 2464/2464/2464 2464/2464/2464 
f 2464/2464/2464 2465/2465/2465 2464/2464/2464 
f 2464/2464/2464 2465/2465/2465 2465/2465/2465 
f 2465/2465/2465 2466/2466/2466 2465/2465/2465 
f 2465/2465/2465 2466/2466/2466 2467/2467/2467 
f 2466/2466/2466 2466/2466/2466 2467/2467/2467 
f 2467/2467/2467 2466/2466/2466 2468/2468/2468 
f 2466/2466/2466 2469/2469/2469 2468/2468/2468 
f 2468/2468/2468 2469/2469/2469 2469/2469/2469 
f 2469/2469/2469 2470/2470/2470 2469/2469/2469 
f 2469/2469/2469 2470/2470/2470 2470/2470/2470 
f 2470/2470/2470 2471/2471/2471 2470/2470/2470 
f 2470/2470/2470 2471/2471/2471 2472/2472/2472 
f 2471/2471/2471 2472/2472/2472 2472/2472/2472 
f 2472/2472/2472 2472/2472/2472 2473/2473/2473 
f 2472/2472/2472 2473/2473/2473 2473/2473/2473 
f 2473/2473/2473 2473/2473/2473 2474/2474/2474 
f 2473/2473/2473 2475/2475/2475 2474/2474/2474 
f 2474/2474/2474 2475/2475/2475 2476/2476/2476 
f 2475/2475/2475 2476/2476/2476 2476/2476/2476 
f 2476/2476/2476 2476/2476/2476 2477/2477/2477 
f 2476/2476/2476 2477/2477/2477 2477/2477/2477 
f 2477/2477/2477 2477/2477/2477 2478/2478/2478 
f 2477/2477/2477 2479/2479/2479 2478/2478/2478 
f 2478/2478/2478 2479/2479/2479 2480/2480/2480 
f 2479/2479/2479 2480/2480/2480 2480/2480/2480 
f 2480/2480/2480 2480/2480/2480 2481/2481/2481 
f 2480/2480/2480 2481/2481/2481 2481/2481/2481 
f 2481/2481/2481 2481/2481/2481 2482/2482/2482 
f 2481/2481/2481 2483/2483/2483 2482/2482/2482 
f 2482/2482/2482 2483/2483/2483 2484/2484/2484 
f 2483/2483/2483 2484/2484/2484 2484/2484/2484 
f 2484/2484/2484 2484/2484/2484 2485/2485/2485 
f 2484/2484/2484 2485/2485/2485 2485/2485/2485 
f 2485/2485/2485 2485/2485/2485 2486/2486/2486 
f 2485/2485/2485 2487/2487/2487 2486/2486/2486 
f 2486/2486/2486 2487/2487/2487 2488/2488/2488 
f 2487/2487/2487 2488/2488/2488 2488/2488/2488 
f 2488/2488/2488 2488/2488/2488 2489/2489/2489 
f 2488/2488/2488 2489/2489/2489 2489/2489/2489 
f 2489/2489/2489 2489/2489/2489 2490/2490/2490 
f 2489/2489/2489 2491/2491/2491 2490/2490/2490 
f 2490/2490/2490 2491/2491/2491 2492/2492/2492 
f 2491/2491/2491 2492/2492/2492 2492/2492/2492 
f 2492/2492/2492 2492/2492/2492 2493/2493/2493 
f 2492/2492/2492 2493/2493/2493 2493/2493/2493 
f 2493/2493/2493 2493/2493/2493 2494/2494/2494 
f 2493/2493/2493 2495/2495/2495 2494/2494/2494 
f 2494/2494/2494 2495/2495/2495 2496/2496/2496 
f 2495/2495/2495 2496/2496/2496 2496/2496/2496 
f 2496/2496/2496 2496/2496/2496 2497/2497/2497 
f 2496/2496/2496 2497/2497/2497 2497/2497/2497 
f 2497/2497/2497 2497/2497/2497 2498/2498/2498 
f 2497/2497/2497 2499/2499/2499 2498/2498/2498 
f 2498/2498/2498 2499/2499/2499 2500/2500/2500 
f 2499/2499/2499 2500/2500/2500 2500/2500/2500 
f 2500/2500/2500 2500/2500/2500 2501/2501/2501 
f 2500/2500/2500 2501/2501/2501 2501/2501/2501 
f 2501/2501/2501 2501/2501/2501 2502/2502/2502 
f 2501/2501/2501 2503/2503/2503 2502/2502/2502 
f 2502/2502/2502 2503/2503/2503 2504/2504/2504 
f 2503/2503/2503 2504/2504/2504 2504/2504/2504 
f 2504/2504/2504 2504/2504/2504 2505/2505/2505 
f 2504/2504/2504 2505/2505/2505 2505/2505/2505 
f 2505/2505/2505 2505/2505/2505 2506/2506/2506 
f 2505/2505/2505 2507/2507/2507 2506/2506/2506 
f 2506/2506/2506 2507/2507/2507 2508/2508/2508 
f 2507/2507/2507 2508/2508/2508 2508/2508/2508 
f 2508/2508/2508 2508/2508/2508 2509/2509/2509 
f 2508/2508/2508 2509/2509/2509 2509/2509/2509 
f 2509/2509/2509 2509/2509/2509 2510/2510/2510 
f 2509/2509/2509 2511/2511/2511 2510/2510/2510 
f 2510/2510/2510 2511/2511/2511 2512/2512/2512 
f 2511/2511/2511 2511/2511/2511 2512/2512/2512 
f 2512/2512/2512 2511/2511/2511 2513/2513/2513 
f 2511/2511/2511 2511/2511/2511 2513/2513/2513 
f 2513/2513/2513 2511/2511/2511 2514/2514/2514 
f 2511/2511/2511 2515/2515/2515 2514/2514/2514 
f 2514/2514/2514 2515/2515/2515 2514/2514/2514 
f 2515/2515/2515 2516/2516/2516 2514/2514/2514 
f 2514/2514/2514 2516/2516/2516 2517/2517/2517 
f 2516/2516/2516 2516/2516/2516 2517/2517/2517 
f 2517/2517/2517 2516/2516/2516 2518/2518/2518 
f 2516/2516/2516 2519/2519/2519 2518/2518/2518 
f 2518/2518/2518 2519/2519/2519 2519/2519/2519 
f 2519/2519/2519 2520/2520/2520 2519/2519/2519 
f 2519/2519/2519 2520/2520/2520 2520/2520/2520 
f 2520/2520/2520 2521/2521/2521 2520/2520/2520 
f 2520/2520/2520 2521/2521/2521 2522/2522/2522 
f 2521/2521/2521 2521/2521/2521 2522/2522/2522 
f 2522/2522/2522 2521/2521/2521 2523/2523/2523 
f 2521/2521/2521 2524/2524/2524 2523/2523/2523 
f 2523/2523/2523 2524/2524/2524 2524/2524/2524 
f 2524/2524/2524 2525/2525/2525 2524/2524/2524 
f 2524/2524/2524 2525/2525/2525 2525/2525/2525 
f 2525/2525/2525 2526/2526/2526 2525/2525/2525 
f 2525/2525/2525 2526/2526/2526 2527/2527/2527 
f 2526/2526/2526 2528/2528/2528 2527/2527/2527 
f 2527/2527/2527 2528/2528/2528 2528/2528/2528 
f 2528/2528/2528 2529/2529/2529 2528/2528/2528 
f 2528/2528/2528 2529/2529/2529 2529/2529/2529 
f 2529/2529/2529 2530/2530/2530 2529/2529/2529 
f 2529/2529/2529 2530/2530/2530 2531/2531/2531 
f 2530/2530/2530 2532/2532/2532 2531/2531/2531 
f 2531/2531/2531 2532/2532/2532 2532/2532/2532 
f 2532/2532/2532 2533/2533/2533 2532/2532/2532 
f 2532/2532/2532 2533/2533/2533 2533/2533/2533 
f 2533/2533/2533 2534/2534/2534 2533/2533/2533 
f 2533/2533/2533 2534/2534/2534 2535/2535/2535 
f 2534/2534/2534 2536/2536/2536 2535/2535/2535 
f 2535/2535/2535 2536/2536/2536 2536/2536/2536 
f 2536/2536/2536 2537/2537/2537 2536/2536/2536 
f 2536/2536/2536 2537/2537/2537 2537/2537/2537 
f 2537/2537/2537 2538/2538/2538 2537/2537/2537 
f 2537/2537/2537 2538/2538/2538 2539/2539/2539 
f 2538/2538/2538 2540/2540/2540 2539/2539/2539 
f 2539/2539/2539 2540/2540/2540 2541/2541/2541 
f 2540/2540/2540 2540/2540/2540 2541/2541/2541 
f 2541/2541/2541 2540/2540/2540 2542/2542/2542 
f 2540/2540/2540 2543/2543/2543 2542/2542/2542 
f 2542/2542/2542 2543/2543/2543 2544/2544/2544 
f 2543/2543/2543 2545/2545/2545 2544/2544/2544 
f 2544/2544/2544 2545/2545/2545 2546/2546/2546 
f 2545/2545/2545 2546/2546/2546 2546/2546/2546 
f 2546/2546/2546 2546/2546/2546 2547/2547/2547 
f 2546/2546/2546 2547/2547/2547 2547/2547/2547 
f 2547/2547/2547 2547/2547/2547 2548/2548/2548 
f 2547/2547/2547 2549/2549/2549 2548/2548/2548 
f 2548/2548/2548 2549/2549/2549 2550/2550/2550 
f 2549/2549/2549 2550/2550/2550 2550/2550/2550 
f 2550/2550/2550 2550/2550/2550 2551/2551/2551 
f 2550/2550/2550 2551/2551/2551 2551/2551/2551 
f 2551/2551/2551 2551/2551/2551 2552/2552/2552 
f 2551/2551/2551 2553/2553/2553 2552/2552/2552 
f 2552/2552/2552 2553/2553/2553 2554/2554/2554 
f 2553/2553/2553 2554/2554/2554 2554/2554/2554 
f 2554/2554/2554 2554/2554/2554 2555/2555/2555 
f 2554/2554/2554 2555/2555/2555 2555/2555/2555 
f 2555/2555/2555 2555/2555/2555 2556/2556/2556 
f 2555/2555/2555 2557/2557/2557 2556/2556/2556 
f 2556/2556/2556 2557/2557/2557 2558/2558/2558 
f 2557/2557/2557 2558/2558/2558 2558/2558/2558 
f 2558/2558/2558 2558/2558/2558 2559/2559/2559 
f 2558/2558/2558 2559/2559/2559 2559/2559/2559 
f 2559/2559/2559 2559/2559/2559 2560/2560/2560 
f 2559/2559/2559 2561/2561/2561 2560/2560/2560 
f 2560/2560/2560 2561/2561/2561 2562/2562/2562 
f 2561/2561/2561 2562/2562/2562 2562/2562/2562 
f 2562/2562/2562 2562/2562/2562 2563/2563/2563 
f 2562/2562/2562 2563/2563/2563 2563/2563/2563 
f 2563/2563/2563 2563/2563/2563 2564/2564/2564 
f 2563/2563/2563 2565/2565/2565 2564/2564/2564 
f 2564/2564/2564 2565/2565/2565 2566/2566/2566 
f 2565/2565/2565 2566/2566/2566 2566/2566/2566 
f 2566/2566/2566 2566/2566/2566 2567/2567/2567 
f 2566/2566/2566 2567/2567/2567 2567/2567/2567 
f 2567/2567/2567 2567/2567/2567 2568/2568/2568 
f 2567/2567/2567 2569/2569/2569 2568/2568/2568 
f 2568/2568/2568 2569/2569/2569 2570/2570/2570 
f 2569/2569/2569 2570/2570/2570 2570/2570/2570 
f 2570/2570/2570 2570/2570/2570 2571/2571/2571 
f 2570/2570/2570 2571/2571/2571 2571/2571/2571 
f 2571/2571/2571 2571/2571/2571 2572/2572/2572 
f 2571/2571/2571 2573/2573/2573 2572/2572/2572 
f 2572/2572/2572 2573/2573/2573 2574/2574/2574 
f 2573/2573/2573 2574/2574/2574 2574/2574/2574 
f 2574/2574/2574 2574/2574/2574 2575/2575/2575 
f 2574/2574/2574 2575/2575/2575 2575/2575/2575 
f 2575/2575/2575 2575/2575/2575 2576/2576/2576 
f 2575/2575/2575 2577/2577/2577 2576/2576/2576 
f 2576/2576/2576 2577/2577/2577 2578/2578/2578 
f 2577/2577/2577 2578/2578/2578 2578/2578/2578 
f 2578/2578/2578 2578/2578/2578 2579/2579/2579 
f 2578/2578/2578 2579/2579/2579 2579/2579/2579 
f 2579/2579/2579 2579/2579/2579 2580/2580/2580 
f 2579/2579/2579 2581/2581/2581 2580/2580/2580 
f 2580/2580/2580 2581/2581/2581 2582/2582/2582 
f 2581/2581/2581 2582/2582/2582 2582/2582/2582 
f 2582/2582/2582 2582/2582/2582 2583/2583/2583 
f 2582/2582/2582 2583/2583/2583 2583/2583/2583 
f 2583/2583/2583 2583/2583/2583 2584/2584/2584 
f 2583/2583/2583 2585/2585/2585 2584/2584/2584 
f 2584/2584/2584 2585/2585/2585 2586/2586/2586 
f 2585/2585/2585 2586/2586/2586 2586/2586/2586 
f 2586/2586/2586 2586/2586/2586 2587/2587/2587 
f 2586/2586/2586 2587/2587/2587 2587/2587/2587 
f 2587/2587/2587 2587/2587/2587 2588/2588/2588 
f 2587/2587/2587 2589/2589/2589 2588/2588/2588 
f 2588/2588/2588 2589/2589/2589 2590/2590/2590 
f 2589/2589/2589 2590/2590/2590 2590/2590/2590 
f 2590/2590/2590 2590/2590/2590 2591/2591/2591 
f 2590/2590/2590 2591/2591/2591 2591/2591/2591 
f 2591/2591/2591 2591/2591/2591 2592/2592/2592 
f 2591/2591/2591 2593/2593/2593 2592/2592/2592 
f 2592/2592/2592 2593/2593/2593 2594/2594/2594 
f 2593/2593/2593 2594/2594/2594 2594/2594/2594 
f 2594/2594/2594 2594/2594/2594 2595/2595/2595 
f 2594/2594/2594 2595/2595/2595 2595/2595/2595 
f 2595/2595/2595 2595/2595/2595 2596/2596/2596 
f 2595/2595/2595 2597/2597/2597 2596/2596/2596 
f 2596/2596/2596 2597/2597/2597 2597/2597/2597 
f 2597/2597/2597 2598/2598/2598 2597/2597/2597 
f 2597/2597/2597 2598/2598/2598 2598/2598/2598 
f 2598/2598/2598 2599/2599/2599 2598/2598/2598 
f 2598/2598/2598 2599/2599/2599 2600/2600/2600 
f 2599/2599/2599 2601/2601/2601 2600/2600/2600 
f 2600/2600/2600 2601/2601/2601 2602/2602/2602 
f 2601/2601/2601 2602/2602/2602 2602/2602/2602 
f 2602/2602/2602 2602/2602/2602 2603/2603/2603 
f 2602/2602/2602 2603/2603/2603 2603/2603/2603 
f 2603/2603/2603 2603/2603/2603 2604/2604/2604 
f 2603/2603/2603 2605/2605/2605 2604/2604/2604 
f 2604/2604/2604 2605/2605/2605 2604/2604/2604 
f 2605/2605/2605 2606/2606/2606 2604/2604/2604 
f 2604/2604/2604 2606/2606/2606 2607/2607/2607 
f 2606/2606/2606 2607/2607/2607 2607/2607/2607 
f 2607/2607/2607 2607/2607/2607 2608/2608/2608 
f 2607/2607/2607 2608/2608/2608 2608/2608/2608 
f 2608/2608/2608 2608/2608/2608 2609/2609/2609 
f 2608/2608/2608 2610/2610/2610 2609/2609/2609 
f 2609/2609/2609 2610/2610/2610 2609/2609/2609 
f 2610/2610/2610 2611/2611/2611 2609/2609/2609 
f 2609/2609/2609 2611/2611/2611 2612/2612/2612 
f 2611/2611/2611 2613/2613/2613 2612/2612/2612 
f 2612/2612/2612 2613/2613/2613 2614/2614/2614 
f 2613/2613/2613 2615/2615/2615 2614/2614/2614 
f 2614/2614/2614 2615/2615/2615 2614/2614/2614 
f 2615/2615/2615 2616/2616/2616 2614/2614/2614 
f 2614/2614/2614 2616/2616/2616 2617/2617/2617 
f 2616/2616/2616 2618/2618/2618 2617/2617/2617 
f 2617/2617/2617 2618/2618/2618 2619/2619/2619 
f 2618/2618/2618 2619/2619/2619 2619/2619/2619 
f 2619/2619/2619 2619/2619/2619 2620/2620/2620 
f 2619/2619/2619 2620/2620/2620 2620/2620/2620 
f 2620/2620/2620 2620/2620/2620 2621/2621/2621 
f 2620/2620/2620 2622/2622/2622 2621/2621/2621 
f 2621/2621/2621 2622/2622/2622 2623/2623/2623 
f 2622/2622/2622 2624/2624/2624 2623/2623/2623 
f 2623/2623/2623 2624/2624/2624 2625/2625/2625 
f 2624/2624/2624 2626/2626/2626 2625/2625/2625 
f 2625/2625/2625 2626/2626/2626 2627/2627/2627 
f 2626/2626/2626 2626/2626/2626 2627/2627/2627 
f 2627/2627/2627 2626/2626/2626 2628/2628/2628 
f 2626/2626/2626 2629/2629/2629 2628/2628/2628 
f 2628/2628/2628 2629/2629/2629 2630/2630/2630 
f 2629/2629/2629 2631/2631/2631 2630/2630/2630 
f 2630/2630/2630 2631/2631/2631 2631/2631/2631 
f 2631/2631/2631 2632/2632/2632 2631/2631/2631 
f 2631/2631/2631 2632/2632/2632 2632/2632/2632 
f 2632/2632/2632 2633/2633/2633 2632/2632/2632 
f 2632/2632/2632 2633/2633/2633 2634/2634/2634 
f 2633/2633/2633 2635/2635/2635 2634/2634/2634 
f 2634/2634/2634 2635/2635/2635 2635/2635/2635 
f 2635/2635/2635 2636/2636/2636 2635/2635/2635 
f 2635/2635/2635 2636/2636/2636 2636/2636/2636 
f 2636/2636/2636 2637/2637/2637 2636/2636/2636 
f 2636/2636/2636 2637/2637/2637 2638/2638/2638 
f 2637/2637/2637 2639/2639/2639 2638/2638/2638 
f 2638/2638/2638 2639/2639/2639 2639/2639/2639 
f 2639/2639/2639 2640/2640/2640 2639/2639/2639 
f 2639/2639/2639 2640/2640/2640 2640/2640/2640 
f 2640/2640/2640 2641/2641/2641 2640/2640/2640 
f 2640/2640/2640 2641/2641/2641 2642/2642/2642 
f 2641/2641/2641 2643/2643/2643 2642/2642/2642 
f 2642/2642/2642 2643/2643/2643 2643/2643/2643 
f 2643/2643/2643 2644/2644/2644 2643/2643/2643 
f 2643/2643/2643 2644/2644/2644 2644/2644/2644 
f 2644/2644/2644 2645/2645/2645 2644/2644/2644 
f 2644/2644/2644 2645/2645/2645 2646/2646/2646 
f 2645/2645/2645 2647/2647/2647 2646/2646/2646 
f 2646/2646/2646 2647/2647/2647 2647/2647/2647 
f 2647/2647/2647 2648/2648/2648 2647/2647/2647 
f 2647/2647/2647 2648/2648/2648 2648/2648/2648 
f 2648/2648/2648 2649/2649/2649 2648/2648/2648 
f 2648/2648/2648 2649/2649/2649 2650/2650/2650 
f 2649/2649/2649 2651/2651/2651 2650/2650/2650 
f 2650/2650/2650 2651/2651/2651 2651/2651/2651 
f 2651/2651/2651 2652/2652/2652 2651/2651/2651 
f 2651/2651/2651 2652/2652/2652 2652/2652/2652 
f 2652/2652/2652 2653/2653/2653 2652/2652/2652 
f 2652/2652/2652 2653/2653/2653 2654/2654/2654 
f 2653/2653/2653 2655/2655/2655 2654/2654/2654 
f 2654/2654/2654 2655/2655/2655 2655/2655/2655 
f 2655/2655/2655 2656/2656/2656 2655/2655/2655 
f 2655/2655/2655 2656/2656/2656 2656/2656/2656 
f 2656/2656/2656 2657/2657/2657 2656/2656/2656 
f 2656/2656/2656 2657/2657/2657 2658/2658/2658 
f 2657/2657/2657 2659/2659/2659 2658/2658/2658 
f 2658/2658/2658 2659/2659/2659 2659/2659/2659 
f 2659/2659/2659 2660/2660/2660 2659/2659/2659 
f 2659/2659/2659 2660/2660/2660 2660/2660/2660 
f 2660/2660/2660 2661/2661/2661 2660/2660/2660 
f 2660/2660/2660 2661/2661/2661 2662/2662/2662 
f 2661/2661/2661 2663/2663/2663 2662/2662/2662 
f 2662/2662/2662 2663/2663/2663 2663/2663/2663 
f 2663/2663/2663 2664/2664/2664 2663/2663/2663 
f 2663/2663/2663 2664/2664/2664 2664/2664/2664 
f 2664/2664/2664 2665/2665/2665 2664/2664/2664 
f 2664/2664/2664 2665/2665/2665 2666/2666/2666 
f 2665/2665/2665 2667/2667/2667 2666/2666/2666 
f 2666/2666/2666 2667/2667/2667 2667/2667/2667 
f 2667/2667/2667 2668/2668/2668 2667/2667/2667 
f 2667/2667/2667 2668/2668/2668 2668/2668/2668 
f 2668/2668/2668 2669/2669/2669 2668/2668/2668 
f 2668/2668/2668 2669/2669/2669 2670/2670/2670 
f 2669/2669/2669 2671/2671/2671 2670/2670/2670 
f 2670/2670/2670 2671/2671/2671 2671/2671/2671 
f 2671/2671/2671 2672/2672/2672 2671/2671/2671 
f 2671/2671/2671 2672/2672/2672 2672/2672/2672 
f 2672/2672/2672 2673/2673/2673 2672/2672/2672 
f 2672/2672/2672 2673/2673/2673 2674/2674/2674 
f 2673/2673/2673 2675/2675/2675 2674/2674/2674 
f 2674/2674/2674 2675/2675/2675 2675/2675/2675 
f 2675/2675/2675 2676/2676/2676 2675/2675/2675 
f 2675/2675/2675 2676/2676/2676 2676/2676/2676 
f 2676/2676/2676 2677/2677/2677 2676/2676/2676 
f 2676/2676/2676 2677/2677/2677 2678/2678/2678 
f 2677/2677/2677 2679/2679/2679 2678/2678/2678 
f 2678/2678/2678 2679/2679/2679 2679/2679/2679 
f 2679/2679/2679 2680/2680/2680 2679/2679/2679 
f 2679/2679/2679 2680/2680/2680 2680/2680/2680 
f 2680/2680/2680 2681/2681/2681 2680/2680/2680 
f 2680/2680/2680 2681/2681/2681 2682/2682/2682 
f 2681/2681/2681 2683/2683/2683 2682/2682/2682 
f 2682/2682/2682 2683/2683/2683 2683/2683/2683 
f 2683/2683/2683 2684/2684/2684 2683/2683/2683 
f 2683/2683/2683 2684/2684/2684 2684/2684/2684 
f 2684/2684/2684 2685/2685/2685 2684/2684/2684 
f 2684/2684/2684 2685/2685/2685 2686/2686/2686 
f 2685/2685/2685 2687/2687/2687 2686/2686/2686 
f 2686/2686/2686 2687/2687/2687 2687/2687/2687 
f 2687/2687/2687 2688/2688/2688 2687/2687/2687 
f 2687/2687/2687 2688/2688/2688 2688/2688/2688 
f 2688/2688/2688 2689/2689/2689 2688/2688/2688 
f 2688/2688/2688 2689/2689/2689 2690/2690/2690 
f 2689/2689/2689 2691/2691/2691 2690/2690/2690 
f 2690/2690/2690 2691/2691/2691 2691/2691/2691 
f 2691/2691/2691 2692/2692/2692 2691/2691/2691 
f 2691/2691/2691 2692/2692/2692 2692/2692/2692 
f 2692/2692/2692 2693/2693/2693 2692/2692/2692 
f 2692/2692/2692 2693/2693/2693 2694/2694/2694 
f 2693/2693/2693 2694/2694/2694 2694/2694/2694 
f 2694/2694/2694 2694/2694/2694 2695/2695/2695 
f 2694/2694/2694 2695/2695/2695 2695/2695/2695 
f 2695/2695/2695 2695/2695/2695 2696/2696/2696 
f 2695/2695/2695 2697/2697/2697 2696/2696/2696 
f 2696/2696/2696 2697/2697/2697 2698/2698/2698 
f 2697/2697/2697 2699/2699/2699 2698/2698/2698 
f 2698/2698/2698 2699/2699/2699 2699/2699/2699 
f 2699/2699/2699 2700/2700/2700 2699/2699/2699 
f 2699/2699/2699 2700/2700/2700 2700/2700/2700 
f 2700/2700/2700 2701/2701/2701 2700/2700/2700 
f 2700/2700/2700 2701/2701/2701 2702/2702/2702 
f 2701/2701/2701 2702/2702/2702 2702/2702/2702 
f 2702/2702/2702 2702/2702/2702 2703/2703/2703 
f 2702/2702/2702 2703/2703/2703 2703/2703/2703 
f 2703/2703/2703 2703/2703/2703 2704/2704/2704 
f 2703/2703/2703 2705/2705/2705 2704/2704/2704 
f 2704/2704/2704 2705/2705/2705 2706/2706/2706 
f 2705/2705/2705 2706/2706/2706 2706/2706/2706 
f 2706/2706/2706 2706/2706/2706 2707/2707/2707 
f 2706/2706/2706 2707/2707/2707 2707/2707/2707 
f 2707/2707/2707 2707/2707/2707 2708/2708/2708 
f 2707/2707/2707 2709/2709/2709 2708/2708/2708 
f 2708/2708/2708 2709/2709/2709 2710/2710/2710 
f 2709/2709/2709 2710/2710/2710 2710/2710/2710 
f 2710/2710/2710 2710/2710/2710 2711/2711/2711 
f 2710/2710/2710 2711/2711/2711 2711/2711/2711 
f 2711/2711/2711 2711/2711/2711 2712/2712/2712 
f 2711/2711/2711 2713/2713/2713 2712/2712/2712 
f 2712/2712/2712 2713/2713/2713 2714/2714/2714 
f 2713/2713/2713 2714/2714/2714 2714/2714/2714 
f 2714/2714/2714 2714/2714/2714 2715/2715/2715 
f 2714/2714/2714 2715/2715/2715 2715/2715/2715 
f 2715/2715/2715 2715/2715/2715 2716/2716/2716 
f 2715/2715/2715 2717/2717/2717 2716/2716/2716 
f 2716/2716/2716 2717/2717/2717 2718/2718/2718 
f 2717/2717/2717 2718/2718/2718 2718/2718/2718 
f 2718/2718/2718 2718/2718/2718 2719/2719/2719 
f 2718/2718/2718 2719/2719/2719 2719/2719/2719 
f 2719/2719/2719 2719/2719/2719 2720/2720/2720 
f 2719/2719/2719 2721/2721/2721 2720/2720/2720 
f 2720/2720/2720 2721/2721/2721 2722/2722/2722 
f 2721/2721/2721 2722/2722/2722 2722/2722/2722 
f 2722/2722/2722 2722/2722/2722 2723/2723/2723 
f 2722/2722/2722 2723/2723/2723 2723/2723/2723 
f 2723/2723/2723 2723/2723/2723 2724/2724/2724 
f 2723/2723/2723 2725/2725/2725 2724/2724/2724 
f 2724/2724/2724 2725/2725/2725 2725/2725/2725 
f 2725/2725/2725 2726/2726/2726 2725/2725/2725 
f 2725/2725/2725 2726/2726/2726 2726/2726/2726 
f 2726/2726/2726 2727/2727/2727 2726/2726/2726 
f 2726/2726/2726 2727/2727/2727 2728/2728/2728 
f 2727/2727/2727 2729/2729/2729 2728/2728/2728 
f 2728/2728/2728 2729/2729/2729 2730/2730/2730 
f 2729/2729/2729 2731/2731/2731 2730/2730/2730 
f 2730/2730/2730 2731/2731/2731 2732/2732/2732 
f 2731/2731/2731 2733/2733/2733 2732/2732/2732 
f 2732/2732/2732 2733/2733/2733 2734/2734/2734 
f 2733/2733/2733 2735/2735/2735 2734/2734/2734 
f 2734/2734/2734 2735/2735/2735 2734/2734/2734 
f 2735/2735/2735 2736/2736/2736 2734/2734/2734 
f 2734/2734/2734 2736/2736/2736 2737/2737/2737 
f 2736/2736/2736 2738/2738/2738 2737/2737/2737 
f 2737/2737/2737 2738/2738/2738 2739/2739/2739 
f 2738/2738/2738 2740/2740/2740 2739/2739/2739 
f 2739/2739/2739 2740/2740/2740 2741/2741/2741 
f 2740/2740/2740 2740/2740/2740 2741/2741/2741 
f 2741/2741/2741 2740/2740/2740 2742/2742/2742 
f 2740/2740/2740 2743/2743/2743 2742/2742/2742 
f 2742/2742/2742 2743/2743/2743 2744/2744/2744 
f 2743/2743/2743 2745/2745/2745 2744/2744/2744 
f 2744/2744/2744 2745/2745/2745 2745/2745/2745 
f 2745/2745/2745 2726/2726/2726 2745/2745/2745 
f 2745/2745/2745 2726/2726/2726 2726/2726/2726 
f 2726/2726/2726 2746/2746/2746 2726/2726/2726 
f 2726/2726/2726 2746/2746/2746 2727/2727/2727 
f 2746/2746/2746 2746/2746/2746 2727/2727/2727 
f 2727/2727/2727 2746/2746/2746 2747/2747/2747 
f 2746/2746/2746 2748/2748/2748 2747/2747/2747 
f 2747/2747/2747 2748/2748/2748 2749/2749/2749 
f 2748/2748/2748 2748/2748/2748 2749/2749/2749 
f 2749/2749/2749 2748/2748/2748 2750/2750/2750 
f 2748/2748/2748 2751/2751/2751 2750/2750/2750 
f 2750/2750/2750 2751/2751/2751 2751/2751/2751 
f 2751/2751/2751 2752/2752/2752 2751/2751/2751 
f 2751/2751/2751 2752/2752/2752 2752/2752/2752 
f 2752/2752/2752 2753/2753/2753 2752/2752/2752 
f 2752/2752/2752 2753/2753/2753 2754/2754/2754 
f 2753/2753/2753 2755/2755/2755 2754/2754/2754 
f 2754/2754/2754 2755/2755/2755 2754/2754/2754 
f 2755/2755/2755 2756/2756/2756 2754/2754/2754 
f 2754/2754/2754 2756/2756/2756 2754/2754/2754 
f 2756/2756/2756 2757/2757/2757 2754/2754/2754 
f 2754/2754/2754 2757/2757/2757 2758/2758/2758 
f 2757/2757/2757 2758/2758/2758 2758/2758/2758 
f 2758/2758/2758 2758/2758/2758 2759/2759/2759 
f 2758/2758/2758 2759/2759/2759 2759/2759/2759 
f 2759/2759/2759 2759/2759/2759 2753/2753/2753 
f 2759/2759/2759 2760/2760/2760 2753/2753/2753 
f 2753/2753/2753 2760/2760/2760 2755/2755/2755 
f 2760/2760/2760 2760/2760/2760 2755/2755/2755 
f 2755/2755/2755 2760/2760/2760 2761/2761/2761 
f 2760/2760/2760 2760/2760/2760 2761/2761/2761 
f 2761/2761/2761 2760/2760/2760 2762/2762/2762 
f 2760/2760/2760 2763/2763/2763 2762/2762/2762 
f 2762/2762/2762 2763/2763/2763 2763/2763/2763 
f 2763/2763/2763 2764/2764/2764 2763/2763/2763 
f 2763/2763/2763 2764/2764/2764 2764/2764/2764 
f 2764/2764/2764 2765/2765/2765 2764/2764/2764 
f 2764/2764/2764 2765/2765/2765 2766/2766/2766 
f 2765/2765/2765 2765/2765/2765 2766/2766/2766 
f 2766/2766/2766 2765/2765/2765 2767/2767/2767 
f 2765/2765/2765 2768/2768/2768 2767/2767/2767 
f 2767/2767/2767 2768/2768/2768 2769/2769/2769 
f 2768/2768/2768 2769/2769/2769 2769/2769/2769 
f 2769/2769/2769 2769/2769/2769 2764/2764/2764 
f 2769/2769/2769 2764/2764/2764 2764/2764/2764 
f 2764/2764/2764 2764/2764/2764 2765/2765/2765 
f 2764/2764/2764 2770/2770/2770 2765/2765/2765 
f 2765/2765/2765 2770/2770/2770 2768/2768/2768 
f 2770/2770/2770 2771/2771/2771 2768/2768/2768 
f 2768/2768/2768 2771/2771/2771 2772/2772/2772 
f 2771/2771/2771 2773/2773/2773 2772/2772/2772 
f 2772/2772/2772 2773/2773/2773 2772/2772/2772 
f 2773/2773/2773 2774/2774/2774 2772/2772/2772 
f 2772/2772/2772 2774/2774/2774 2772/2772/2772 
f 2774/2774/2774 2775/2775/2775 2772/2772/2772 
f 2772/2772/2772 2775/2775/2775 2776/2776/2776 
f 2775/2775/2775 2777/2777/2777 2776/2776/2776 
f 2776/2776/2776 2777/2777/2777 2778/2778/2778 
f 2777/2777/2777 2779/2779/2779 2778/2778/2778 
f 2778/2778/2778 2779/2779/2779 2780/2780/2780 
f 2779/2779/2779 2769/2769/2769 2780/2780/2780 
f 2780/2780/2780 2769/2769/2769 2772/2772/2772 
f 2769/2769/2769 2768/2768/2768 2772/2772/2772 
f 2772/2772/2772 2768/2768/2768 2768/2768/2768 
f 2768/2768/2768 2771/2771/2771 2768/2768/2768 
f 2768/2768/2768 2771/2771/2771 2771/2771/2771 
f 2771/2771/2771 2770/2770/2770 2771/2771/2771 
f 2771/2771/2771 2770/2770/2770 2773/2773/2773 
f 2770/2770/2770 2773/2773/2773 2773/2773/2773 
f 2773/2773/2773 2773/2773/2773 2776/2776/2776 
f 2773/2773/2773 2776/2776/2776 2776/2776/2776 
f 2776/2776/2776 2776/2776/2776 2772/2772/2772 
f 2776/2776/2776 2778/2778/2778 2772/2772/2772 
f 2772/2772/2772 2778/2778/2778 2780/2780/2780 
f 2778/2778/2778 2780/2780/2780 2780/2780/2780 
f 2780/2780/2780 2780/2780/2780 2779/2779/2779 
f 2780/2780/2780 2779/2779/2779 2779/2779/2779 
f 2779/2779/2779 2779/2779/2779 2769/2769/2769 
f 2779/2779/2779 2781/2781/2781 2769/2769/2769 
f 2769/2769/2769 2781/2781/2781 2782/2782/2782 
f 2781/2781/2781 2783/2783/2783 2782/2782/2782 
f 2782/2782/2782 2783/2783/2783 2782/2782/2782 
f 2783/2783/2783 2784/2784/2784 2782/2782/2782 
f 2782/2782/2782 2784/2784/2784 2785/2785/2785 
f 2784/2784/2784 2786/2786/2786 2785/2785/2785 
f 2785/2785/2785 2786/2786/2786 2787/2787/2787 
f 2786/2786/2786 2766/2766/2766 2787/2787/2787 
f 2787/2787/2787 2766/2766/2766 2787/2787/2787 
f 2766/2766/2766 2767/2767/2767 2787/2787/2787 
f 2787/2787/2787 2767/2767/2767 2785/2785/2785 
f 2767/2767/2767 2767/2767/2767 2785/2785/2785 
f 2785/2785/2785 2767/2767/2767 2782/2782/2782 
f 2767/2767/2767 2769/2769/2769 2782/2782/2782 
f 2782/2782/2782 2769/2769/2769 2769/2769/2769 
f 2769/2769/2769 2788/2788/2788 2769/2769/2769 
f 2769/2769/2769 2788/2788/2788 2788/2788/2788 
f 2788/2788/2788 2789/2789/2789 2788/2788/2788 
f 2788/2788/2788 2789/2789/2789 2790/2790/2790 
f 2789/2789/2789 2791/2791/2791 2790/2790/2790 
f 2790/2790/2790 2791/2791/2791 2792/2792/2792 
f 2791/2791/2791 2793/2793/2793 2792/2792/2792 
f 2792/2792/2792 2793/2793/2793 2793/2793/2793 
f 2793/2793/2793 2794/2794/2794 2793/2793/2793 
f 2793/2793/2793 2794/2794/2794 2794/2794/2794 
f 2794/2794/2794 2795/2795/2795 2794/2794/2794 
f 2794/2794/2794 2795/2795/2795 2789/2789/2789 
f 2795/2795/2795 2795/2795/2795 2789/2789/2789 
f 2789/2789/2789 2795/2795/2795 2791/2791/2791 
f 2795/2795/2795 2795/2795/2795 2791/2791/2791 
f 2791/2791/2791 2795/2795/2795 2796/2796/2796 
f 2795/2795/2795 2795/2795/2795 2796/2796/2796 
f 2796/2796/2796 2795/2795/2795 2797/2797/2797 
f 2795/2795/2795 2798/2798/2798 2797/2797/2797 
f 2797/2797/2797 2798/2798/2798 2798/2798/2798 
f 2798/2798/2798 2790/2790/2790 2798/2798/2798 
f 2798/2798/2798 2790/2790/2790 2790/2790/2790 
f 2790/2790/2790 2792/2792/2792 2790/2790/2790 
f 2790/2790/2790 2792/2792/2792 2799/2799/2799 
f 2792/2792/2792 2799/2799/2799 2799/2799/2799 
f 2799/2799/2799 2799/2799/2799 2800/2800/2800 
f 2799/2799/2799 2800/2800/2800 2800/2800/2800 
f 2800/2800/2800 2800/2800/2800 2801/2801/2801 
f 2800/2800/2800 2802/2802/2802 2801/2801/2801 
f 2801/2801/2801 2802/2802/2802 2803/2803/2803 
f 2802/2802/2802 2804/2804/2804 2803/2803/2803 
f 2803/2803/2803 2804/2804/2804 2805/2805/2805 
f 2804/2804/2804 2806/2806/2806 2805/2805/2805 
f 2805/2805/2805 2806/2806/2806 2807/2807/2807 
f 2806/2806/2806 2808/2808/2808 2807/2807/2807 
f 2807/2807/2807 2808/2808/2808 2809/2809/2809 
f 2808/2808/2808 2810/2810/2810 2809/2809/2809 
f 2809/2809/2809 2810/2810/2810 2811/2811/2811 
f 2810/2810/2810 2811/2811/2811 2811/2811/2811 
f 2811/2811/2811 2811/2811/2811 2801/2801/2801 
f 2811/2811/2811 2801/2801/2801 2801/2801/2801 
f 2801/2801/2801 2801/2801/2801 2800/2800/2800 
f 2801/2801/2801 2812/2812/2812 2800/2800/2800 
f 2800/2800/2800 2812/2812/2812 2813/2813/2813 
f 2812/2812/2812 2812/2812/2812 2813/2813/2813 
f 2813/2813/2813 2812/2812/2812 2814/2814/2814 
f 2812/2812/2812 2815/2815/2815 2814/2814/2814 
f 2814/2814/2814 2815/2815/2815 2814/2814/2814 
f 2815/2815/2815 2816/2816/2816 2814/2814/2814 
f 2814/2814/2814 2816/2816/2816 2817/2817/2817 
f 2816/2816/2816 2818/2818/2818 2817/2817/2817 
f 2817/2817/2817 2818/2818/2818 2819/2819/2819 
f 2818/2818/2818 2820/2820/2820 2819/2819/2819 
f 2819/2819/2819 2820/2820/2820 2821/2821/2821 
f 2820/2820/2820 2822/2822/2822 2821/2821/2821 
f 2821/2821/2821 2822/2822/2822 2823/2823/2823 
f 2822/2822/2822 2824/2824/2824 2823/2823/2823 
f 2823/2823/2823 2824/2824/2824 2825/2825/2825 
f 2824/2824/2824 2825/2825/2825 2825/2825/2825 
f 2825/2825/2825 2825/2825/2825 2826/2826/2826 
f 2825/2825/2825 2826/2826/2826 2826/2826/2826 
f 2826/2826/2826 2826/2826/2826 2827/2827/2827 
f 2826/2826/2826 2828/2828/2828 2827/2827/2827 
f 2827/2827/2827 2828/2828/2828 2827/2827/2827 
f 2828/2828/2828 2829/2829/2829 2827/2827/2827 
f 2827/2827/2827 2829/2829/2829 2830/2830/2830 
f 2829/2829/2829 2831/2831/2831 2830/2830/2830 
f 2830/2830/2830 2831/2831/2831 2832/2832/2832 
f 2831/2831/2831 2833/2833/2833 2832/2832/2832 
f 2832/2832/2832 2833/2833/2833 2834/2834/2834 
f 2833/2833/2833 2835/2835/2835 2834/2834/2834 
f 2834/2834/2834 2835/2835/2835 2836/2836/2836 
f 2835/2835/2835 2837/2837/2837 2836/2836/2836 
f 2836/2836/2836 2837/2837/2837 2838/2838/2838 
f 2837/2837/2837 2839/2839/2839 2838/2838/2838 
f 2838/2838/2838 2839/2839/2839 2840/2840/2840 
f 2839/2839/2839 2841/2841/2841 2840/2840/2840 
f 2840/2840/2840 2841/2841/2841 2842/2842/2842 
f 2841/2841/2841 2843/2843/2843 2842/2842/2842 
f 2842/2842/2842 2843/2843/2843 2843/2843/2843 
f 2843/2843/2843 2844/2844/2844 2843/2843/2843 
f 2843/2843/2843 2844/2844/2844 2844/2844/2844 
f 2844/2844/2844 2845/2845/2845 2844/2844/2844 
f 2844/2844/2844 2845/2845/2845 2846/2846/2846 
f 2845/2845/2845 2845/2845/2845 2846/2846/2846 
f 2846/2846/2846 2845/2845/2845 2847/2847/2847 
f 2845/2845/2845 2845/2845/2845 2847/2847/2847 
f 2847/2847/2847 2845/2845/2845 2848/2848/2848 
f 2845/2845/2845 2845/2845/2845 2848/2848/2848 
f 2848/2848/2848 2845/2845/2845 2849/2849/2849 
f 2845/2845/2845 2845/2845/2845 2849/2849/2849 
f 2849/2849/2849 2845/2845/2845 2850/2850/2850 
f 2845/2845/2845 2845/2845/2845 2850/2850/2850 
f 2850/2850/2850 2845/2845/2845 2851/2851/2851 
f 2845/2845/2845 2845/2845/2845 2851/2851/2851 
f 2851/2851/2851 2845/2845/2845 2852/2852/2852 
f 2845/2845/2845 2853/2853/2853 2852/2852/2852 
f 2852/2852/2852 2853/2853/2853 2853/2853/2853 
f 2853/2853/2853 2854/2854/2854 2853/2853/2853 
f 2853/2853/2853 2854/2854/2854 2854/2854/2854 
f 2854/2854/2854 2855/2855/2855 2854/2854/2854 
f 2854/2854/2854 2855/2855/2855 2856/2856/2856 
f 2855/2855/2855 2855/2855/2855 2856/2856/2856 
f 2856/2856/2856 2855/2855/2855 2857/2857/2857 
f 2855/2855/2855 2858/2858/2858 2857/2857/2857 
f 2857/2857/2857 2858/2858/2858 2859/2859/2859 
f 2858/2858/2858 2860/2860/2860 2859/2859/2859 
f 2859/2859/2859 2860/2860/2860 2861/2861/2861 
f 2860/2860/2860 2862/2862/2862 2861/2861/2861 
f 2861/2861/2861 2862/2862/2862 2862/2862/2862 
f 2862/2862/2862 2854/2854/2854 2862/2862/2862 
f 2862/2862/2862 2854/2854/2854 2854/2854/2854 
f 2854/2854/2854 2856/2856/2856 2854/2854/2854 
f 2854/2854/2854 2856/2856/2856 2863/2863/2863 
f 2856/2856/2856 2864/2864/2864 2863/2863/2863 
f 2863/2863/2863 2864/2864/2864 2865/2865/2865 
f 2864/2864/2864 2866/2866/2866 2865/2865/2865 
f 2865/2865/2865 2866/2866/2866 2867/2867/2867 
f 2866/2866/2866 2868/2868/2868 2867/2867/2867 
f 2867/2867/2867 2868/2868/2868 2869/2869/2869 
f 2868/2868/2868 2870/2870/2870 2869/2869/2869 
f 2869/2869/2869 2870/2870/2870 2871/2871/2871 
f 2870/2870/2870 2872/2872/2872 2871/2871/2871 
f 2871/2871/2871 2872/2872/2872 2872/2872/2872 
f 2872/2872/2872 2873/2873/2873 2872/2872/2872 
f 2872/2872/2872 2873/2873/2873 2873/2873/2873 
f 2873/2873/2873 2874/2874/2874 2873/2873/2873 
f 2873/2873/2873 2874/2874/2874 2862/2862/2862 
f 2874/2874/2874 2875/2875/2875 2862/2862/2862 
f 2862/2862/2862 2875/2875/2875 2861/2861/2861 
f 2875/2875/2875 2861/2861/2861 2861/2861/2861 
f 2861/2861/2861 2861/2861/2861 2876/2876/2876 
f 2861/2861/2861 2876/2876/2876 2876/2876/2876 
f 2876/2876/2876 2876/2876/2876 2877/2877/2877 
f 2876/2876/2876 2878/2878/2878 2877/2877/2877 
f 2877/2877/2877 2878/2878/2878 2877/2877/2877 
f 2878/2878/2878 2879/2879/2879 2877/2877/2877 
f 2877/2877/2877 2879/2879/2879 2880/2880/2880 
f 2879/2879/2879 2881/2881/2881 2880/2880/2880 
f 2880/2880/2880 2881/2881/2881 2882/2882/2882 
f 2881/2881/2881 2882/2882/2882 2882/2882/2882 
f 2882/2882/2882 2882/2882/2882 2883/2883/2883 
f 2882/2882/2882 2883/2883/2883 2883/2883/2883 
f 2883/2883/2883 2883/2883/2883 2884/2884/2884 
f 2883/2883/2883 2885/2885/2885 2884/2884/2884 
f 2884/2884/2884 2885/2885/2885 2884/2884/2884 
f 2885/2885/2885 2886/2886/2886 2884/2884/2884 
f 2884/2884/2884 2886/2886/2886 2884/2884/2884 
f 2886/2886/2886 2887/2887/2887 2884/2884/2884 
f 2884/2884/2884 2887/2887/2887 2888/2888/2888 
f 2887/2887/2887 2889/2889/2889 2888/2888/2888 
f 2888/2888/2888 2889/2889/2889 2889/2889/2889 
f 2889/2889/2889 2890/2890/2890 2889/2889/2889 
f 2889/2889/2889 2890/2890/2890 2890/2890/2890 
f 2890/2890/2890 2891/2891/2891 2890/2890/2890 
f 2890/2890/2890 2891/2891/2891 2892/2892/2892 
f 2891/2891/2891 2891/2891/2891 2892/2892/2892 
f 2892/2892/2892 2891/2891/2891 2893/2893/2893 
f 2891/2891/2891 2891/2891/2891 2893/2893/2893 
f 2893/2893/2893 2891/2891/2891 2894/2894/2894 
f 2891/2891/2891 2895/2895/2895 2894/2894/2894 
f 2894/2894/2894 2895/2895/2895 2896/2896/2896 
f 2895/2895/2895 2896/2896/2896 2896/2896/2896 
f 2896/2896/2896 2896/2896/2896 2897/2897/2897 
f 2896/2896/2896 2897/2897/2897 2897/2897/2897 
f 2897/2897/2897 2897/2897/2897 2898/2898/2898 
f 2897/2897/2897 2899/2899/2899 2898/2898/2898 
f 2898/2898/2898 2899/2899/2899 2900/2900/2900 
f 2899/2899/2899 2900/2900/2900 2900/2900/2900 
f 2900/2900/2900 2900/2900/2900 2901/2901/2901 
f 2900/2900/2900 2901/2901/2901 2901/2901/2901 
f 2901/2901/2901 2901/2901/2901 2902/2902/2902 
f 2901/2901/2901 2903/2903/2903 2902/2902/2902 
f 2902/2902/2902 2903/2903/2903 2904/2904/2904 
f 2903/2903/2903 2905/2905/2905 2904/2904/2904 
f 2904/2904/2904 2905/2905/2905 2906/2906/2906 
f 2905/2905/2905 2907/2907/2907 2906/2906/2906 
f 2906/2906/2906 2907/2907/2907 2907/2907/2907 
f 2907/2907/2907 2908/2908/2908 2907/2907/2907 
f 2907/2907/2907 2908/2908/2908 2908/2908/2908 
f 2908/2908/2908 2909/2909/2909 2908/2908/2908 
f 2908/2908/2908 2909/2909/2909 2910/2910/2910 
f 2909/2909/2909 2910/2910/2910 2910/2910/2910 
f 2910/2910/2910 2910/2910/2910 2911/2911/2911 
f 2910/2910/2910 2911/2911/2911 2911/2911/2911 
f 2911/2911/2911 2911/2911/2911 2912/2912/2912 
f 2911/2911/2911 2913/2913/2913 2912/2912/2912 
f 2912/2912/2912 2913/2913/2913 2913/2913/2913 
f 2913/2913/2913 2914/2914/2914 2913/2913/2913 
f 2913/2913/2913 2914/2914/2914 2914/2914/2914 
f 2914/2914/2914 2915/2915/2915 2914/2914/2914 
f 2914/2914/2914 2915/2915/2915 2916/2916/2916 
f 2915/2915/2915 2917/2917/2917 2916/2916/2916 
f 2916/2916/2916 2917/2917/2917 2916/2916/2916 
f 2917/2917/2917 2918/2918/2918 2916/2916/2916 
f 2916/2916/2916 2918/2918/2918 2919/2919/2919 
f 2918/2918/2918 2920/2920/2920 2919/2919/2919 
f 2919/2919/2919 2920/2920/2920 2921/2921/2921 
f 2920/2920/2920 2922/2922/2922 2921/2921/2921 
f 2921/2921/2921 2922/2922/2922 2923/2923/2923 
f 2922/2922/2922 2924/2924/2924 2923/2923/2923 
f 2923/2923/2923 2924/2924/2924 2925/2925/2925 
f 2924/2924/2924 2926/2926/2926 2925/2925/2925 
f 2925/2925/2925 2926/2926/2926 2927/2927/2927 
f 2926/2926/2926 2928/2928/2928 2927/2927/2927 
f 2927/2927/2927 2928/2928/2928 2929/2929/2929 
f 2928/2928/2928 2930/2930/2930 2929/2929/2929 
f 2929/2929/2929 2930/2930/2930 2931/2931/2931 
f 2930/2930/2930 2930/2930/2930 2931/2931/2931 
f 2931/2931/2931 2930/2930/2930 2932/2932/2932 
f 2930/2930/2930 2933/2933/2933 2932/2932/2932 
f 2932/2932/2932 2933/2933/2933 2934/2934/2934 
f 2933/2933/2933 2935/2935/2935 2934/2934/2934 
f 2934/2934/2934 2935/2935/2935 2936/2936/2936 
f 2935/2935/2935 2937/2937/2937 2936/2936/2936 
f 2936/2936/2936 2937/2937/2937 2938/2938/2938 
f 2937/2937/2937 2939/2939/2939 2938/2938/2938 
f 2938/2938/2938 2939/2939/2939 2940/2940/2940 
f 2939/2939/2939 2941/2941/2941 2940/2940/2940 
f 2940/2940/2940 2941/2941/2941 2942/2942/2942 
f 2941/2941/2941 2943/2943/2943 2942/2942/2942 
f 2942/2942/2942 2943/2943/2943 2944/2944/2944 
f 2943/2943/2943 2943/2943/2943 2944/2944/2944 
f 2944/2944/2944 2943/2943/2943 2945/2945/2945 
f 2943/2943/2943 2946/2946/2946 2945/2945/2945 
f 2945/2945/2945 2946/2946/2946 2947/2947/2947 
f 2946/2946/2946 2948/2948/2948 2947/2947/2947 
f 2947/2947/2947 2948/2948/2948 2949/2949/2949 
f 2948/2948/2948 2950/2950/2950 2949/2949/2949 
f 2949/2949/2949 2950/2950/2950 2951/2951/2951 
f 2950/2950/2950 2952/2952/2952 2951/2951/2951 
f 2951/2951/2951 2952/2952/2952 2953/2953/2953 
f 2952/2952/2952 2954/2954/2954 2953/2953/2953 
f 2953/2953/2953 2954/2954/2954 2955/2955/2955 
f 2954/2954/2954 2956/2956/2956 2955/2955/2955 
f 2955/2955/2955 2956/2956/2956 2957/2957/2957 
f 2956/2956/2956 2956/2956/2956 2957/2957/2957 
f 2957/2957/2957 2956/2956/2956 2958/2958/2958 
f 2956/2956/2956 2959/2959/2959 2958/2958/2958 
f 2958/2958/2958 2959/2959/2959 2960/2960/2960 
f 2959/2959/2959 2960/2960/2960 2960/2960/2960 
f 2960/2960/2960 2960/2960/2960 2917/2917/2917 
f 2960/2960/2960 2917/2917/2917 2917/2917/2917 
f 2917/2917/2917 2917/2917/2917 2961/2961/2961 
f 2917/2917/2917 2915/2915/2915 2961/2961/2961 
f 2961/2961/2961 2915/2915/2915 2915/2915/2915 
f 2915/2915/2915 2944/2944/2944 2915/2915/2915 
f 2915/2915/2915 2944/2944/2944 2944/2944/2944 
f 2944/2944/2944 2962/2962/2962 2944/2944/2944 
f 2944/2944/2944 2962/2962/2962 2942/2942/2942 
f 2962/2962/2962 2942/2942/2942 2942/2942/2942 
f 2942/2942/2942 2942/2942/2942 2959/2959/2959 
f 2942/2942/2942 2959/2959/2959 2959/2959/2959 
f 2959/2959/2959 2959/2959/2959 2963/2963/2963 
f 2959/2959/2959 2956/2956/2956 2963/2963/2963 
f 2963/2963/2963 2956/2956/2956 2963/2963/2963 
f 2956/2956/2956 2954/2954/2954 2963/2963/2963 
f 2963/2963/2963 2954/2954/2954 2964/2964/2964 
f 2954/2954/2954 2952/2952/2952 2964/2964/2964 
f 2964/2964/2964 2952/2952/2952 2965/2965/2965 
f 2952/2952/2952 2950/2950/2950 2965/2965/2965 
f 2965/2965/2965 2950/2950/2950 2965/2965/2965 
f 2950/2950/2950 2948/2948/2948 2965/2965/2965 
f 2965/2965/2965 2948/2948/2948 2966/2966/2966 
f 2948/2948/2948 2946/2946/2946 2966/2966/2966 
f 2966/2966/2966 2946/2946/2946 2967/2967/2967 
f 2946/2946/2946 2943/2943/2943 2967/2967/2967 
f 2967/2967/2967 2943/2943/2943 2967/2967/2967 
f 2943/2943/2943 2941/2941/2941 2967/2967/2967 
f 2967/2967/2967 2941/2941/2941 2968/2968/2968 
f 2941/2941/2941 2939/2939/2939 2968/2968/2968 
f 2968/2968/2968 2939/2939/2939 2969/2969/2969 
f 2939/2939/2939 2937/2937/2937 2969/2969/2969 
f 2969/2969/2969 2937/2937/2937 2970/2970/2970 
f 2937/2937/2937 2935/2935/2935 2970/2970/2970 
f 2970/2970/2970 2935/2935/2935 2971/2971/2971 
f 2935/2935/2935 2933/2933/2933 2971/2971/2971 
f 2971/2971/2971 2933/2933/2933 2972/2972/2972 
f 2933/2933/2933 2930/2930/2930 2972/2972/2972 
f 2972/2972/2972 2930/2930/2930 2972/2972/2972 
f 2930/2930/2930 2928/2928/2928 2972/2972/2972 
f 2972/2972/2972 2928/2928/2928 2973/2973/2973 
f 2928/2928/2928 2926/2926/2926 2973/2973/2973 
f 2973/2973/2973 2926/2926/2926 2974/2974/2974 
f 2926/2926/2926 2924/2924/2924 2974/2974/2974 
f 2974/2974/2974 2924/2924/2924 2975/2975/2975 
f 2924/2924/2924 2922/2922/2922 2975/2975/2975 
f 2975/2975/2975 2922/2922/2922 2976/2976/2976 
f 2922/2922/2922 2920/2920/2920 2976/2976/2976 
f 2976/2976/2976 2920/2920/2920 2977/2977/2977 
f 2920/2920/2920 2918/2918/2918 2977/2977/2977 
f 2977/2977/2977 2918/2918/2918 2978/2978/2978 
f 2918/2918/2918 2917/2917/2917 2978/2978/2978 
f 2978/2978/2978 2917/2917/2917 2979/2979/2979 
f 2917/2917/2917 2961/2961/2961 2979/2979/2979 
f 2979/2979/2979 2961/2961/2961 2979/2979/2979 
f 2961/2961/2961 2980/2980/2980 2979/2979/2979 
f 2979/2979/2979 2980/2980/2980 2981/2981/2981 
f 2980/2980/2980 2982/2982/2982 2981/2981/2981 
f 2981/2981/2981 2982/2982/2982 2983/2983/2983 
f 2982/2982/2982 2984/2984/2984 2983/2983/2983 
f 2983/2983/2983 2984/2984/2984 2985/2985/2985 
f 2984/2984/2984 2986/2986/2986 2985/2985/2985 
f 2985/2985/2985 2986/2986/2986 2986/2986/2986 
f 2986/2986/2986 2985/2985/2985 2986/2986/2986 
f 2986/2986/2986 2985/2985/2985 2985/2985/2985 
f 2985/2985/2985 2987/2987/2987 2985/2985/2985 
f 2985/2985/2985 2987/2987/2987 2983/2983/2983 
f 2987/2987/2987 2987/2987/2987 2983/2983/2983 
f 2983/2983/2983 2987/2987/2987 2981/2981/2981 
f 2987/2987/2987 2988/2988/2988 2981/2981/2981 
f 2981/2981/2981 2988/2988/2988 2979/2979/2979 
f 2988/2988/2988 2988/2988/2988 2979/2979/2979 
f 2979/2979/2979 2988/2988/2988 2978/2978/2978 
f 2988/2988/2988 2989/2989/2989 2978/2978/2978 
f 2978/2978/2978 2989/2989/2989 2977/2977/2977 
f 2989/2989/2989 2977/2977/2977 2977/2977/2977 
f 2977/2977/2977 2977/2977/2977 2989/2989/2989 
f 2977/2977/2977 2989/2989/2989 2989/2989/2989 
f 2989/2989/2989 2989/2989/2989 2990/2990/2990 
f 2989/2989/2989 2988/2988/2988 2990/2990/2990 
f 2990/2990/2990 2988/2988/2988 2990/2990/2990 
f 2988/2988/2988 2987/2987/2987 2990/2990/2990 
f 2990/2990/2990 2987/2987/2987 2991/2991/2991 
f 2987/2987/2987 2985/2985/2985 2991/2991/2991 
f 2991/2991/2991 2985/2985/2985 2992/2992/2992 
f 2985/2985/2985 2986/2986/2986 2992/2992/2992 
f 2992/2992/2992 2986/2986/2986 2992/2992/2992 
f 2986/2986/2986 2993/2993/2993 2992/2992/2992 
f 2992/2992/2992 2993/2993/2993 2994/2994/2994 
f 2993/2993/2993 2995/2995/2995 2994/2994/2994 
f 2994/2994/2994 2995/2995/2995 2994/2994/2994 
f 2995/2995/2995 2996/2996/2996 2994/2994/2994 
f 2994/2994/2994 2996/2996/2996 2997/2997/2997 
f 2996/2996/2996 2998/2998/2998 2997/2997/2997 
f 2997/2997/2997 2998/2998/2998 2998/2998/2998 
f 2998/2998/2998 2997/2997/2997 2998/2998/2998 
f 2998/2998/2998 2997/2997/2997 2997/2997/2997 
f 2997/2997/2997 2999/2999/2999 2997/2997/2997 
f 2997/2997/2997 2999/2999/2999 2994/2994/2994 
f 2999/2999/2999 2999/2999/2999 2994/2994/2994 
f 2994/2994/2994 2999/2999/2999 2992/2992/2992 
f 2999/2999/2999 2999/2999/2999 2992/2992/2992 
f 2992/2992/2992 2999/2999/2999 2991/2991/2991 
f 2999/2999/2999 3000/3000/3000 2991/2991/2991 
f 2991/2991/2991 3000/3000/3000 2990/2990/2990 
f 3000/3000/3000 3001/3001/3001 2990/2990/2990 
f 2990/2990/2990 3001/3001/3001 2989/2989/2989 
f 3001/3001/3001 3002/3002/3002 2989/2989/2989 
f 2989/2989/2989 3002/3002/3002 2977/2977/2977 
f 3002/3002/3002 3002/3002/3002 2977/2977/2977 
f 2977/2977/2977 3002/3002/3002 2976/2976/2976 
f 3002/3002/3002 3003/3003/3003 2976/2976/2976 
f 2976/2976/2976 3003/3003/3003 2975/2975/2975 
f 3003/3003/3003 2975/2975/2975 2975/2975/2975 
f 2975/2975/2975 2975/2975/2975 3003/3003/3003 
f 2975/2975/2975 3003/3003/3003 3003/3003/3003 
f 3003/3003/3003 3003/3003/3003 3004/3004/3004 
f 3003/3003/3003 3002/3002/3002 3004/3004/3004 
f 3004/3004/3004 3002/3002/3002 3004/3004/3004 
f 3002/3002/3002 3001/3001/3001 3004/3004/3004 
f 3004/3004/3004 3001/3001/3001 3005/3005/3005 
f 3001/3001/3001 3000/3000/3000 3005/3005/3005 
f 3005/3005/3005 3000/3000/3000 3006/3006/3006 
f 3000/3000/3000 2999/2999/2999 3006/3006/3006 
f 3006/3006/3006 2999/2999/2999 3006/3006/3006 
f 2999/2999/2999 2997/2997/2997 3006/3006/3006 
f 3006/3006/3006 2997/2997/2997 3007/3007/3007 
f 2997/2997/2997 2998/2998/2998 3007/3007/3007 
f 3007/3007/3007 2998/2998/2998 3007/3007/3007 
f 2998/2998/2998 3008/3008/3008 3007/3007/3007 
f 3007/3007/3007 3008/3008/3008 3009/3009/3009 
f 3008/3008/3008 3010/3010/3010 3009/3009/3009 
f 3009/3009/3009 3010/3010/3010 3010/3010/3010 
f 3010/3010/3010 3009/3009/3009 3010/3010/3010 
f 3010/3010/3010 3009/3009/3009 3009/3009/3009 
f 3009/3009/3009 3011/3011/3011 3009/3009/3009 
f 3009/3009/3009 3011/3011/3011 3007/3007/3007 
f 3011/3011/3011 3011/3011/3011 3007/3007/3007 
f 3007/3007/3007 3011/3011/3011 3006/3006/3006 
f 3011/3011/3011 3011/3011/3011 3006/3006/3006 
f 3006/3006/3006 3011/3011/3011 3005/3005/3005 
f 3011/3011/3011 3012/3012/3012 3005/3005/3005 
f 3005/3005/3005 3012/3012/3012 3004/3004/3004 
f 3012/3012/3012 3013/3013/3013 3004/3004/3004 
f 3004/3004/3004 3013/3013/3013 3003/3003/3003 
f 3013/3013/3013 3014/3014/3014 3003/3003/3003 
f 3003/3003/3003 3014/3014/3014 2975/2975/2975 
f 3014/3014/3014 3014/3014/3014 2975/2975/2975 
f 2975/2975/2975 3014/3014/3014 2974/2974/2974 
f 3014/3014/3014 3015/3015/3015 2974/2974/2974 
f 2974/2974/2974 3015/3015/3015 2973/2973/2973 
f 3015/3015/3015 2973/2973/2973 2973/2973/2973 
f 2973/2973/2973 2973/2973/2973 3015/3015/3015 
f 2973/2973/2973 3015/3015/3015 3015/3015/3015 
f 3015/3015/3015 3015/3015/3015 3016/3016/3016 
f 3015/3015/3015 3014/3014/3014 3016/3016/3016 
f 3016/3016/3016 3014/3014/3014 3016/3016/3016 
f 3014/3014/3014 3013/3013/3013 3016/3016/3016 
f 3016/3016/3016 3013/3013/3013 3017/3017/3017 
f 3013/3013/3013 3012/3012/3012 3017/3017/3017 
f 3017/3017/3017 3012/3012/3012 3018/3018/3018 
f 3012/3012/3012 3011/3011/3011 3018/3018/3018 
f 3018/3018/3018 3011/3011/3011 3018/3018/3018 
f 3011/3011/3011 3009/3009/3009 3018/3018/3018 
f 3018/3018/3018 3009/3009/3009 3019/3019/3019 
f 3009/3009/3009 3010/3010/3010 3019/3019/3019 
f 3019/3019/3019 3010/3010/3010 3019/3019/3019 
f 3010/3010/3010 3020/3020/3020 3019/3019/3019 
f 3019/3019/3019 3020/3020/3020 3021/3021/3021 
f 3020/3020/3020 3022/3022/3022 3021/3021/3021 
f 3021/3021/3021 3022/3022/3022 3022/3022/3022 
f 3022/3022/3022 3021/3021/3021 3022/3022/3022 
f 3022/3022/3022 3021/3021/3021 3021/3021/3021 
f 3021/3021/3021 3023/3023/3023 3021/3021/3021 
f 3021/3021/3021 3023/3023/3023 3019/3019/3019 
f 3023/3023/3023 3023/3023/3023 3019/3019/3019 
f 3019/3019/3019 3023/3023/3023 3018/3018/3018 
f 3023/3023/3023 3023/3023/3023 3018/3018/3018 
f 3018/3018/3018 3023/3023/3023 3017/3017/3017 
f 3023/3023/3023 3024/3024/3024 3017/3017/3017 
f 3017/3017/3017 3024/3024/3024 3016/3016/3016 
f 3024/3024/3024 3016/3016/3016 3016/3016/3016 
f 3016/3016/3016 3016/3016/3016 3024/3024/3024 
f 3016/3016/3016 3024/3024/3024 3024/3024/3024 
f 3024/3024/3024 3024/3024/3024 3025/3025/3025 
f 3024/3024/3024 3023/3023/3023 3025/3025/3025 
f 3025/3025/3025 3023/3023/3023 3025/3025/3025 
f 3023/3023/3023 3021/3021/3021 3025/3025/3025 
f 3025/3025/3025 3021/3021/3021 3026/3026/3026 
f 3021/3021/3021 3022/3022/3022 3026/3026/3026 
f 3026/3026/3026 3022/3022/3022 3026/3026/3026 
f 3022/3022/3022 3027/3027/3027 3026/3026/3026 
f 3026/3026/3026 3027/3027/3027 3026/3026/3026 
f 3027/3027/3027 3028/3028/3028 3026/3026/3026 
f 3026/3026/3026 3028/3028/3028 3029/3029/3029 
f 3028/3028/3028 3030/3030/3030 3029/3029/3029 
f 3029/3029/3029 3030/3030/3030 3031/3031/3031 
f 3030/3030/3030 3032/3032/3032 3031/3031/3031 
f 3031/3031/3031 3032/3032/3032 3033/3033/3033 
f 3032/3032/3032 3034/3034/3034 3033/3033/3033 
f 3033/3033/3033 3034/3034/3034 3035/3035/3035 
f 3034/3034/3034 3036/3036/3036 3035/3035/3035 
f 3035/3035/3035 3036/3036/3036 3037/3037/3037 
f 3036/3036/3036 2960/2960/2960 3037/3037/3037 
f 3037/3037/3037 2960/2960/2960 3037/3037/3037 
f 2960/2960/2960 2959/2959/2959 3037/3037/3037 
f 3037/3037/3037 2959/2959/2959 3038/3038/3038 
f 2959/2959/2959 2963/2963/2963 3038/3038/3038 
f 3038/3038/3038 2963/2963/2963 3039/3039/3039 
f 2963/2963/2963 2964/2964/2964 3039/3039/3039 
f 3039/3039/3039 2964/2964/2964 3040/3040/3040 
f 2964/2964/2964 2965/2965/2965 3040/3040/3040 
f 3040/3040/3040 2965/2965/2965 3040/3040/3040 
f 2965/2965/2965 2966/2966/2966 3040/3040/3040 
f 3040/3040/3040 2966/2966/2966 3041/3041/3041 
f 2966/2966/2966 2967/2967/2967 3041/3041/3041 
f 3041/3041/3041 2967/2967/2967 3041/3041/3041 
f 2967/2967/2967 2968/2968/2968 3041/3041/3041 
f 3041/3041/3041 2968/2968/2968 3042/3042/3042 
f 2968/2968/2968 2969/2969/2969 3042/3042/3042 
f 3042/3042/3042 2969/2969/2969 3043/3043/3043 
f 2969/2969/2969 2970/2970/2970 3043/3043/3043 
f 3043/3043/3043 2970/2970/2970 3044/3044/3044 
f 2970/2970/2970 2971/2971/2971 3044/3044/3044 
f 3044/3044/3044 2971/2971/2971 3045/3045/3045 
f 2971/2971/2971 2972/2972/2972 3045/3045/3045 
f 3045/3045/3045 2972/2972/2972 3045/3045/3045 
f 2972/2972/2972 2973/2973/2973 3045/3045/3045 
f 3045/3045/3045 2973/2973/2973 3045/3045/3045 
f 2973/2973/2973 3015/3015/3015 3045/3045/3045 
f 3045/3045/3045 3015/3015/3015 3045/3045/3045 
f 3015/3015/3015 3016/3016/3016 3045/3045/3045 
f 3045/3045/3045 3016/3016/3016 3046/3046/3046 
f 3016/3016/3016 3024/3024/3024 3046/3046/3046 
f 3046/3046/3046 3024/3024/3024 3047/3047/3047 
f 3024/3024/3024 3048/3048/3048 3047/3047/3047 
f 3047/3047/3047 3048/3048/3048 3049/3049/3049 
f 3048/3048/3048 3031/3031/3031 3049/3049/3049 
f 3049/3049/3049 3031/3031/3031 3049/3049/3049 
f 3031/3031/3031 3033/3033/3033 3049/3049/3049 
f 3049/3049/3049 3033/3033/3033 3050/3050/3050 
f 3033/3033/3033 3035/3035/3035 3050/3050/3050 
f 3050/3050/3050 3035/3035/3035 3051/3051/3051 
f 3035/3035/3035 3037/3037/3037 3051/3051/3051 
f 3051/3051/3051 3037/3037/3037 3051/3051/3051 
f 3037/3037/3037 3038/3038/3038 3051/3051/3051 
f 3051/3051/3051 3038/3038/3038 3052/3052/3052 
f 3038/3038/3038 3039/3039/3039 3052/3052/3052 
f 3052/3052/3052 3039/3039/3039 3053/3053/3053 
f 3039/3039/3039 3040/3040/3040 3053/3053/3053 
f 3053/3053/3053 3040/3040/3040 3053/3053/3053 
f 3040/3040/3040 3041/3041/3041 3053/3053/3053 
f 3053/3053/3053 3041/3041/3041 3053/3053/3053 
f 3041/3041/3041 3042/3042/3042 3053/3053/3053 
f 3053/3053/3053 3042/3042/3042 3054/3054/3054 
f 3042/3042/3042 3043/3043/3043 3054/3054/3054 
f 3054/3054/3054 3043/3043/3043 3043/3043/3043 
f 3043/3043/3043 3026/3026/3026 3043/3043/3043 
f 3043/3043/3043 3026/3026/3026 3026/3026/3026 
f 3026/3026/3026 3029/3029/3029 3026/3026/3026 
f 3026/3026/3026 3029/3029/3029 3025/3025/3025 
f 3029/3029/3029 3048/3048/3048 3025/3025/3025 
f 3025/3025/3025 3048/3048/3048 3024/3024/3024 
f 3048/3048/3048 3024/3024/3024 3024/3024/3024 
f 3024/3024/3024 3024/3024/3024 3031/3031/3031 
f 3024/3024/3024 3031/3031/3031 3031/3031/3031 
f 3031/3031/3031 3031/3031/3031 3029/3029/3029 
f 3031/3031/3031 3048/3048/3048 3029/3029/3029 
f 3029/3029/3029 3048/3048/3048 3048/3048/3048 
f 3048/3048/3048 3044/3044/3044 3048/3048/3048 
f 3048/3048/3048 3044/3044/3044 3044/3044/3044 
f 3044/3044/3044 3045/3045/3045 3044/3044/3044 
f 3044/3044/3044 3045/3045/3045 3046/3046/3046 
f 3045/3045/3045 3046/3046/3046 3046/3046/3046 
f 3046/3046/3046 3046/3046/3046 3053/3053/3053 
f 3046/3046/3046 3053/3053/3053 3053/3053/3053 
f 3053/3053/3053 3053/3053/3053 3052/3052/3052 
f 3053/3053/3053 3054/3054/3054 3052/3052/3052 
f 3052/3052/3052 3054/3054/3054 3052/3052/3052 
f 3054/3054/3054 3055/3055/3055 3052/3052/3052 
f 3052/3052/3052 3055/3055/3055 3051/3051/3051 
f 3055/3055/3055 3055/3055/3055 3051/3051/3051 
f 3051/3051/3051 3055/3055/3055 3050/3050/3050 
f 3055/3055/3055 3056/3056/3056 3050/3050/3050 
f 3050/3050/3050 3056/3056/3056 3049/3049/3049 
f 3056/3056/3056 3056/3056/3056 3049/3049/3049 
f 3049/3049/3049 3056/3056/3056 3047/3047/3047 
f 3056/3056/3056 3056/3056/3056 3047/3047/3047 
f 3047/3047/3047 3056/3056/3056 3046/3046/3046 
f 3056/3056/3056 3057/3057/3057 3046/3046/3046 
f 3046/3046/3046 3057/3057/3057 3044/3044/3044 
f 3057/3057/3057 3057/3057/3057 3044/3044/3044 
f 3044/3044/3044 3057/3057/3057 3043/3043/3043 
f 3057/3057/3057 3057/3057/3057 3043/3043/3043 
f 3043/3043/3043 3057/3057/3057 3054/3054/3054 
f 3057/3057/3057 3057/3057/3057 3054/3054/3054 
f 3054/3054/3054 3057/3057/3057 3055/3055/3055 
f 3057/3057/3057 3056/3056/3056 3055/3055/3055 
f 3055/3055/3055 3056/3056/3056 3056/3056/3056 
f 3056/3056/3056 3058/3058/3058 3056/3056/3056 
f 3056/3056/3056 3058/3058/3058 3058/3058/3058 
f 3058/3058/3058 3059/3059/3059 3058/3058/3058 
f 3058/3058/3058 3059/3059/3059 3060/3060/3060 
f 3059/3059/3059 3061/3061/3061 3060/3060/3060 
f 3060/3060/3060 3061/3061/3061 3060/3060/3060 
f 3061/3061/3061 3062/3062/3062 3060/3060/3060 
f 3060/3060/3060 3062/3062/3062 3063/3063/3063 
f 3062/3062/3062 3064/3064/3064 3063/3063/3063 
f 3063/3063/3063 3064/3064/3064 3065/3065/3065 
f 3064/3064/3064 3066/3066/3066 3065/3065/3065 
f 3065/3065/3065 3066/3066/3066 3067/3067/3067 
f 3066/3066/3066 3068/3068/3068 3067/3067/3067 
f 3067/3067/3067 3068/3068/3068 3069/3069/3069 
f 3068/3068/3068 3070/3070/3070 3069/3069/3069 
f 3069/3069/3069 3070/3070/3070 3071/3071/3071 
f 3070/3070/3070 3072/3072/3072 3071/3071/3071 
f 3071/3071/3071 3072/3072/3072 3073/3073/3073 
f 3072/3072/3072 3074/3074/3074 3073/3073/3073 
f 3073/3073/3073 3074/3074/3074 3075/3075/3075 
f 3074/3074/3074 3074/3074/3074 3075/3075/3075 
f 3075/3075/3075 3074/3074/3074 3076/3076/3076 
f 3074/3074/3074 3077/3077/3077 3076/3076/3076 
f 3076/3076/3076 3077/3077/3077 3078/3078/3078 
f 3077/3077/3077 3079/3079/3079 3078/3078/3078 
f 3078/3078/3078 3079/3079/3079 3080/3080/3080 
f 3079/3079/3079 3081/3081/3081 3080/3080/3080 
f 3080/3080/3080 3081/3081/3081 3082/3082/3082 
f 3081/3081/3081 3083/3083/3083 3082/3082/3082 
f 3082/3082/3082 3083/3083/3083 3084/3084/3084 
f 3083/3083/3083 3085/3085/3085 3084/3084/3084 
f 3084/3084/3084 3085/3085/3085 3086/3086/3086 
f 3085/3085/3085 3087/3087/3087 3086/3086/3086 
f 3086/3086/3086 3087/3087/3087 3088/3088/3088 
f 3087/3087/3087 3087/3087/3087 3088/3088/3088 
f 3088/3088/3088 3087/3087/3087 3089/3089/3089 
f 3087/3087/3087 3090/3090/3090 3089/3089/3089 
f 3089/3089/3089 3090/3090/3090 3091/3091/3091 
f 3090/3090/3090 3092/3092/3092 3091/3091/3091 
f 3091/3091/3091 3092/3092/3092 3093/3093/3093 
f 3092/3092/3092 3094/3094/3094 3093/3093/3093 
f 3093/3093/3093 3094/3094/3094 3095/3095/3095 
f 3094/3094/3094 3096/3096/3096 3095/3095/3095 
f 3095/3095/3095 3096/3096/3096 3097/3097/3097 
f 3096/3096/3096 3098/3098/3098 3097/3097/3097 
f 3097/3097/3097 3098/3098/3098 3099/3099/3099 
f 3098/3098/3098 3100/3100/3100 3099/3099/3099 
f 3099/3099/3099 3100/3100/3100 3101/3101/3101 
f 3100/3100/3100 3100/3100/3100 3101/3101/3101 
f 3101/3101/3101 3100/3100/3100 3102/3102/3102 
f 3100/3100/3100 3103/3103/3103 3102/3102/3102 
f 3102/3102/3102 3103/3103/3103 3104/3104/3104 
f 3103/3103/3103 3104/3104/3104 3104/3104/3104 
f 3104/3104/3104 3104/3104/3104 3061/3061/3061 
f 3104/3104/3104 3061/3061/3061 3061/3061/3061 
f 3061/3061/3061 3061/3061/3061 3105/3105/3105 
f 3061/3061/3061 3059/3059/3059 3105/3105/3105 
f 3105/3105/3105 3059/3059/3059 3059/3059/3059 
f 3059/3059/3059 3088/3088/3088 3059/3059/3059 
f 3059/3059/3059 3088/3088/3088 3088/3088/3088 
f 3088/3088/3088 3106/3106/3106 3088/3088/3088 
f 3088/3088/3088 3106/3106/3106 3086/3086/3086 
f 3106/3106/3106 3086/3086/3086 3086/3086/3086 
f 3086/3086/3086 3086/3086/3086 3103/3103/3103 
f 3086/3086/3086 3103/3103/3103 3103/3103/3103 
f 3103/3103/3103 3103/3103/3103 3107/3107/3107 
f 3103/3103/3103 3100/3100/3100 3107/3107/3107 
f 3107/3107/3107 3100/3100/3100 3107/3107/3107 
f 3100/3100/3100 3098/3098/3098 3107/3107/3107 
f 3107/3107/3107 3098/3098/3098 3108/3108/3108 
f 3098/3098/3098 3096/3096/3096 3108/3108/3108 
f 3108/3108/3108 3096/3096/3096 3109/3109/3109 
f 3096/3096/3096 3094/3094/3094 3109/3109/3109 
f 3109/3109/3109 3094/3094/3094 3109/3109/3109 
f 3094/3094/3094 3092/3092/3092 3109/3109/3109 
f 3109/3109/3109 3092/3092/3092 3110/3110/3110 
f 3092/3092/3092 3090/3090/3090 3110/3110/3110 
f 3110/3110/3110 3090/3090/3090 3111/3111/3111 
f 3090/3090/3090 3087/3087/3087 3111/3111/3111 
f 3111/3111/3111 3087/3087/3087 3111/3111/3111 
f 3087/3087/3087 3085/3085/3085 3111/3111/3111 
f 3111/3111/3111 3085/3085/3085 3112/3112/3112 
f 3085/3085/3085 3083/3083/3083 3112/3112/3112 
f 3112/3112/3112 3083/3083/3083 3113/3113/3113 
f 3083/3083/3083 3081/3081/3081 3113/3113/3113 
f 3113/3113/3113 3081/3081/3081 3114/3114/3114 
f 3081/3081/3081 3079/3079/3079 3114/3114/3114 
f 3114/3114/3114 3079/3079/3079 3115/3115/3115 
f 3079/3079/3079 3077/3077/3077 3115/3115/3115 
f 3115/3115/3115 3077/3077/3077 3116/3116/3116 
f 3077/3077/3077 3074/3074/3074 3116/3116/3116 
f 3116/3116/3116 3074/3074/3074 3116/3116/3116 
f 3074/3074/3074 3072/3072/3072 3116/3116/3116 
f 3116/3116/3116 3072/3072/3072 3117/3117/3117 
f 3072/3072/3072 3070/3070/3070 3117/3117/3117 
f 3117/3117/3117 3070/3070/3070 3118/3118/3118 
f 3070/3070/3070 3068/3068/3068 3118/3118/3118 
f 3118/3118/3118 3068/3068/3068 3119/3119/3119 
f 3068/3068/3068 3066/3066/3066 3119/3119/3119 
f 3119/3119/3119 3066/3066/3066 3120/3120/3120 
f 3066/3066/3066 3064/3064/3064 3120/3120/3120 
f 3120/3120/3120 3064/3064/3064 3121/3121/3121 
f 3064/3064/3064 3062/3062/3062 3121/3121/3121 
f 3121/3121/3121 3062/3062/3062 3122/3122/3122 
f 3062/3062/3062 3061/3061/3061 3122/3122/3122 
f 3122/3122/3122 3061/3061/3061 3123/3123/3123 
f 3061/3061/3061 3105/3105/3105 3123/3123/3123 
f 3123/3123/3123 3105/3105/3105 3123/3123/3123 
f 3105/3105/3105 3124/3124/3124 3123/3123/3123 
f 3123/3123/3123 3124/3124/3124 3125/3125/3125 
f 3124/3124/3124 3126/3126/3126 3125/3125/3125 
f 3125/3125/3125 3126/3126/3126 3127/3127/3127 
f 3126/3126/3126 3128/3128/3128 3127/3127/3127 
f 3127/3127/3127 3128/3128/3128 3129/3129/3129 
f 3128/3128/3128 3130/3130/3130 3129/3129/3129 
f 3129/3129/3129 3130/3130/3130 3130/3130/3130 
f 3130/3130/3130 3129/3129/3129 3130/3130/3130 
f 3130/3130/3130 3129/3129/3129 3129/3129/3129 
f 3129/3129/3129 3131/3131/3131 3129/3129/3129 
f 3129/3129/3129 3131/3131/3131 3127/3127/3127 
f 3131/3131/3131 3131/3131/3131 3127/3127/3127 
f 3127/3127/3127 3131/3131/3131 3125/3125/3125 
f 3131/3131/3131 3132/3132/3132 3125/3125/3125 
f 3125/3125/3125 3132/3132/3132 3123/3123/3123 
f 3132/3132/3132 3132/3132/3132 3123/3123/3123 
f 3123/3123/3123 3132/3132/3132 3122/3122/3122 
f 3132/3132/3132 3133/3133/3133 3122/3122/3122 
f 3122/3122/3122 3133/3133/3133 3121/3121/3121 
f 3133/3133/3133 3121/3121/3121 3121/3121/3121 
f 3121/3121/3121 3121/3121/3121 3133/3133/3133 
f 3121/3121/3121 3133/3133/3133 3133/3133/3133 
f 3133/3133/3133 3133/3133/3133 3134/3134/3134 
f 3133/3133/3133 3132/3132/3132 3134/3134/3134 
f 3134/3134/3134 3132/3132/3132 3134/3134/3134 
f 3132/3132/3132 3131/3131/3131 3134/3134/3134 
f 3134/3134/3134 3131/3131/3131 3135/3135/3135 
f 3131/3131/3131 3129/3129/3129 3135/3135/3135 
f 3135/3135/3135 3129/3129/3129 3136/3136/3136 
f 3129/3129/3129 3130/3130/3130 3136/3136/3136 
f 3136/3136/3136 3130/3130/3130 3136/3136/3136 
f 3130/3130/3130 3137/3137/3137 3136/3136/3136 
f 3136/3136/3136 3137/3137/3137 3138/3138/3138 
f 3137/3137/3137 3139/3139/3139 3138/3138/3138 
f 3138/3138/3138 3139/3139/3139 3138/3138/3138 
f 3139/3139/3139 3140/3140/3140 3138/3138/3138 
f 3138/3138/3138 3140/3140/3140 3141/3141/3141 
f 3140/3140/3140 3142/3142/3142 3141/3141/3141 
f 3141/3141/3141 3142/3142/3142 3142/3142/3142 
f 3142/3142/3142 3141/3141/3141 3142/3142/3142 
f 3142/3142/3142 3141/3141/3141 3141/3141/3141 
f 3141/3141/3141 3143/3143/3143 3141/3141/3141 
f 3141/3141/3141 3143/3143/3143 3138/3138/3138 
f 3143/3143/3143 3143/3143/3143 3138/3138/3138 
f 3138/3138/3138 3143/3143/3143 3136/3136/3136 
f 3143/3143/3143 3143/3143/3143 3136/3136/3136 
f 3136/3136/3136 3143/3143/3143 3135/3135/3135 
f 3143/3143/3143 3144/3144/3144 3135/3135/3135 
f 3135/3135/3135 3144/3144/3144 3134/3134/3134 
f 3144/3144/3144 3145/3145/3145 3134/3134/3134 
f 3134/3134/3134 3145/3145/3145 3133/3133/3133 
f 3145/3145/3145 3146/3146/3146 3133/3133/3133 
f 3133/3133/3133 3146/3146/3146 3121/3121/3121 
f 3146/3146/3146 3146/3146/3146 3121/3121/3121 
f 3121/3121/3121 3146/3146/3146 3120/3120/3120 
f 3146/3146/3146 3147/3147/3147 3120/3120/3120 
f 3120/3120/3120 3147/3147/3147 3119/3119/3119 
f 3147/3147/3147 3119/3119/3119 3119/3119/3119 
f 3119/3119/3119 3119/3119/3119 3147/3147/3147 
f 3119/3119/3119 3147/3147/3147 3147/3147/3147 
f 3147/3147/3147 3147/3147/3147 3148/3148/3148 
f 3147/3147/3147 3146/3146/3146 3148/3148/3148 
f 3148/3148/3148 3146/3146/3146 3148/3148/3148 
f 3146/3146/3146 3145/3145/3145 3148/3148/3148 
f 3148/3148/3148 3145/3145/3145 3149/3149/3149 
f 3145/3145/3145 3144/3144/3144 3149/3149/3149 
f 3149/3149/3149 3144/3144/3144 3150/3150/3150 
f 3144/3144/3144 3143/3143/3143 3150/3150/3150 
f 3150/3150/3150 3143/3143/3143 3150/3150/3150 
f 3143/3143/3143 3141/3141/3141 3150/3150/3150 
f 3150/3150/3150 3141/3141/3141 3151/3151/3151 
f 3141/3141/3141 3142/3142/3142 3151/3151/3151 
f 3151/3151/3151 3142/3142/3142 3151/3151/3151 
f 3142/3142/3142 3152/3152/3152 3151/3151/3151 
f 3151/3151/3151 3152/3152/3152 3153/3153/3153 
f 3152/3152/3152 3154/3154/3154 3153/3153/3153 
f 3153/3153/3153 3154/3154/3154 3154/3154/3154 
f 3154/3154/3154 3153/3153/3153 3154/3154/3154 
f 3154/3154/3154 3153/3153/3153 3153/3153/3153 
f 3153/3153/3153 3155/3155/3155 3153/3153/3153 
f 3153/3153/3153 3155/3155/3155 3151/3151/3151 
f 3155/3155/3155 3155/3155/3155 3151/3151/3151 
f 3151/3151/3151 3155/3155/3155 3150/3150/3150 
f 3155/3155/3155 3155/3155/3155 3150/3150/3150 
f 3150/3150/3150 3155/3155/3155 3149/3149/3149 
f 3155/3155/3155 3156/3156/3156 3149/3149/3149 
f 3149/3149/3149 3156/3156/3156 3148/3148/3148 
f 3156/3156/3156 3157/3157/3157 3148/3148/3148 
f 3148/3148/3148 3157/3157/3157 3147/3147/3147 
f 3157/3157/3157 3158/3158/3158 3147/3147/3147 
f 3147/3147/3147 3158/3158/3158 3119/3119/3119 
f 3158/3158/3158 3158/3158/3158 3119/3119/3119 
f 3119/3119/3119 3158/3158/3158 3118/3118/3118 
f 3158/3158/3158 3159/3159/3159 3118/3118/3118 
f 3118/3118/3118 3159/3159/3159 3117/3117/3117 
f 3159/3159/3159 3117/3117/3117 3117/3117/3117 
f 3117/3117/3117 3117/3117/3117 3159/3159/3159 
f 3117/3117/3117 3159/3159/3159 3159/3159/3159 
f 3159/3159/3159 3159/3159/3159 3160/3160/3160 
f 3159/3159/3159 3158/3158/3158 3160/3160/3160 
f 3160/3160/3160 3158/3158/3158 3160/3160/3160 
f 3158/3158/3158 3157/3157/3157 3160/3160/3160 
f 3160/3160/3160 3157/3157/3157 3161/3161/3161 
f 3157/3157/3157 3156/3156/3156 3161/3161/3161 
f 3161/3161/3161 3156/3156/3156 3162/3162/3162 
f 3156/3156/3156 3155/3155/3155 3162/3162/3162 
f 3162/3162/3162 3155/3155/3155 3162/3162/3162 
f 3155/3155/3155 3153/3153/3153 3162/3162/3162 
f 3162/3162/3162 3153/3153/3153 3163/3163/3163 
f 3153/3153/3153 3154/3154/3154 3163/3163/3163 
f 3163/3163/3163 3154/3154/3154 3163/3163/3163 
f 3154/3154/3154 3164/3164/3164 3163/3163/3163 
f 3163/3163/3163 3164/3164/3164 3165/3165/3165 
f 3164/3164/3164 3166/3166/3166 3165/3165/3165 
f 3165/3165/3165 3166/3166/3166 3166/3166/3166 
f 3166/3166/3166 3165/3165/3165 3166/3166/3166 
f 3166/3166/3166 3165/3165/3165 3165/3165/3165 
f 3165/3165/3165 3167/3167/3167 3165/3165/3165 
f 3165/3165/3165 3167/3167/3167 3163/3163/3163 
f 3167/3167/3167 3167/3167/3167 3163/3163/3163 
f 3163/3163/3163 3167/3167/3167 3162/3162/3162 
f 3167/3167/3167 3167/3167/3167 3162/3162/3162 
f 3162/3162/3162 3167/3167/3167 3161/3161/3161 
f 3167/3167/3167 3168/3168/3168 3161/3161/3161 
f 3161/3161/3161 3168/3168/3168 3160/3160/3160 
f 3168/3168/3168 3160/3160/3160 3160/3160/3160 
f 3160/3160/3160 3160/3160/3160 3168/3168/3168 
f 3160/3160/3160 3168/3168/3168 3168/3168/3168 
f 3168/3168/3168 3168/3168/3168 3169/3169/3169 
f 3168/3168/3168 3167/3167/3167 3169/3169/3169 
f 3169/3169/3169 3167/3167/3167 3169/3169/3169 
f 3167/3167/3167 3165/3165/3165 3169/3169/3169 
f 3169/3169/3169 3165/3165/3165 3170/3170/3170 
f 3165/3165/3165 3166/3166/3166 3170/3170/3170 
f 3170/3170/3170 3166/3166/3166 3170/3170/3170 
f 3166/3166/3166 3171/3171/3171 3170/3170/3170 
f 3170/3170/3170 3171/3171/3171 3170/3170/3170 
f 3171/3171/3171 3172/3172/3172 3170/3170/3170 
f 3170/3170/3170 3172/3172/3172 3173/3173/3173 
f 3172/3172/3172 3174/3174/3174 3173/3173/3173 
f 3173/3173/3173 3174/3174/3174 3175/3175/3175 
f 3174/3174/3174 3176/3176/3176 3175/3175/3175 
f 3175/3175/3175 3176/3176/3176 3177/3177/3177 
f 3176/3176/3176 3178/3178/3178 3177/3177/3177 
f 3177/3177/3177 3178/3178/3178 3179/3179/3179 
f 3178/3178/3178 3180/3180/3180 3179/3179/3179 
f 3179/3179/3179 3180/3180/3180 3181/3181/3181 
f 3180/3180/3180 3104/3104/3104 3181/3181/3181 
f 3181/3181/3181 3104/3104/3104 3181/3181/3181 
f 3104/3104/3104 3103/3103/3103 3181/3181/3181 
f 3181/3181/3181 3103/3103/3103 3182/3182/3182 
f 3103/3103/3103 3107/3107/3107 3182/3182/3182 
f 3182/3182/3182 3107/3107/3107 3183/3183/3183 
f 3107/3107/3107 3108/3108/3108 3183/3183/3183 
f 3183/3183/3183 3108/3108/3108 3184/3184/3184 
f 3108/3108/3108 3109/3109/3109 3184/3184/3184 
f 3184/3184/3184 3109/3109/3109 3184/3184/3184 
f 3109/3109/3109 3110/3110/3110 3184/3184/3184 
f 3184/3184/3184 3110/3110/3110 3185/3185/3185 
f 3110/3110/3110 3111/3111/3111 3185/3185/3185 
f 3185/3185/3185 3111/3111/3111 3185/3185/3185 
f 3111/3111/3111 3112/3112/3112 3185/3185/3185 
f 3185/3185/3185 3112/3112/3112 3186/3186/3186 
f 3112/3112/3112 3113/3113/3113 3186/3186/3186 
f 3186/3186/3186 3113/3113/3113 3187/3187/3187 
f 3113/3113/3113 3114/3114/3114 3187/3187/3187 
f 3187/3187/3187 3114/3114/3114 3188/3188/3188 
f 3114/3114/3114 3115/3115/3115 3188/3188/3188 
f 3188/3188/3188 3115/3115/3115 3189/3189/3189 
f 3115/3115/3115 3116/3116/3116 3189/3189/3189 
f 3189/3189/3189 3116/3116/3116 3189/3189/3189 
f 3116/3116/3116 3117/3117/3117 3189/3189/3189 
f 3189/3189/3189 3117/3117/3117 3189/3189/3189 
f 3117/3117/3117 3159/3159/3159 3189/3189/3189 
f 3189/3189/3189 3159/3159/3159 3189/3189/3189 
f 3159/3159/3159 3160/3160/3160 3189/3189/3189 
f 3189/3189/3189 3160/3160/3160 3190/3190/3190 
f 3160/3160/3160 3168/3168/3168 3190/3190/3190 
f 3190/3190/3190 3168/3168/3168 3191/3191/3191 
f 3168/3168/3168 3192/3192/3192 3191/3191/3191 
f 3191/3191/3191 3192/3192/3192 3193/3193/3193 
f 3192/3192/3192 3175/3175/3175 3193/3193/3193 
f 3193/3193/3193 3175/3175/3175 3193/3193/3193 
f 3175/3175/3175 3177/3177/3177 3193/3193/3193 
f 3193/3193/3193 3177/3177/3177 3194/3194/3194 
f 3177/3177/3177 3179/3179/3179 3194/3194/3194 
f 3194/3194/3194 3179/3179/3179 3195/3195/3195 
f 3179/3179/3179 3181/3181/3181 3195/3195/3195 
f 3195/3195/3195 3181/3181/3181 3195/3195/3195 
f 3181/3181/3181 3182/3182/3182 3195/3195/3195 
f 3195/3195/3195 3182/3182/3182 3196/3196/3196 
f 3182/3182/3182 3183/3183/3183 3196/3196/3196 
f 3196/3196/3196 3183/3183/3183 3197/3197/3197 
f 3183/3183/3183 3184/3184/3184 3197/3197/3197 
f 3197/3197/3197 3184/3184/3184 3197/3197/3197 
f 3184/3184/3184 3185/3185/3185 3197/3197/3197 
f 3197/3197/3197 3185/3185/3185 3197/3197/3197 
f 3185/3185/3185 3186/3186/3186 3197/3197/3197 
f 3197/3197/3197 3186/3186/3186 3198/3198/3198 
f 3186/3186/3186 3187/3187/3187 3198/3198/3198 
f 3198/3198/3198 3187/3187/3187 3187/3187/3187 
f 3187/3187/3187 3170/3170/3170 3187/3187/3187 
f 3187/3187/3187 3170/3170/3170 3170/3170/3170 
f 3170/3170/3170 3173/3173/3173 3170/3170/3170 
f 3170/3170/3170 3173/3173/3173 3169/3169/3169 
f 3173/3173/3173 3192/3192/3192 3169/3169/3169 
f 3169/3169/3169 3192/3192/3192 3168/3168/3168 
f 3192/3192/3192 3168/3168/3168 3168/3168/3168 
f 3168/3168/3168 3168/3168/3168 3175/3175/3175 
f 3168/3168/3168 3175/3175/3175 3175/3175/3175 
f 3175/3175/3175 3175/3175/3175 3173/3173/3173 
f 3175/3175/3175 3192/3192/3192 3173/3173/3173 
f 3173/3173/3173 3192/3192/3192 3192/3192/3192 
f 3192/3192/3192 3188/3188/3188 3192/3192/3192 
f 3192/3192/3192 3188/3188/3188 3188/3188/3188 
f 3188/3188/3188 3189/3189/3189 3188/3188/3188 
f 3188/3188/3188 3189/3189/3189 3190/3190/3190 
f 3189/3189/3189 3190/3190/3190 3190/3190/3190 
f 3190/3190/3190 3190/3190/3190 3197/3197/3197 
f 3190/3190/3190 3197/3197/3197 3197/3197/3197 
f 3197/3197/3197 3197/3197/3197 3196/3196/3196 
f 3197/3197/3197 3198/3198/3198 3196/3196/3196 
f 3196/3196/3196 3198/3198/3198 3196/3196/3196 
f 3198/3198/3198 3199/3199/3199 3196/3196/3196 
f 3196/3196/3196 3199/3199/3199 3195/3195/3195 
f 3199/3199/3199 3199/3199/3199 3195/3195/3195 
f 3195/3195/3195 3199/3199/3199 3194/3194/3194 
f 3199/3199/3199 3200/3200/3200 3194/3194/3194 
f 3194/3194/3194 3200/3200/3200 3193/3193/3193 
f 3200/3200/3200 3200/3200/3200 3193/3193/3193 
f 3193/3193/3193 3200/3200/3200 3191/3191/3191 
f 3200/3200/3200 3200/3200/3200 3191/3191/3191 
f 3191/3191/3191 3200/3200/3200 3190/3190/3190 
f 3200/3200/3200 3201/3201/3201 3190/3190/3190 
f 3190/3190/3190 3201/3201/3201 3188/3188/3188 
f 3201/3201/3201 3201/3201/3201 3188/3188/3188 
f 3188/3188/3188 3201/3201/3201 3187/3187/3187 
f 3201/3201/3201 3201/3201/3201 3187/3187/3187 
f 3187/3187/3187 3201/3201/3201 3198/3198/3198 
f 3201/3201/3201 3201/3201/3201 3198/3198/3198 
f 3198/3198/3198 3201/3201/3201 3199/3199/3199 
f 3201/3201/3201 3200/3200/3200 3199/3199/3199 
f 3199/3199/3199 3200/3200/3200 3200/3200/3200 
f 3200/3200/3200 3202/3202/3202 3200/3200/3200 
f 3200/3200/3200 3202/3202/3202 3202/3202/3202 
f 3202/3202/3202 3203/3203/3203 3202/3202/3202 
f 3202/3202/3202 3203/3203/3203 3204/3204/3204 
f 3203/3203/3203 3204/3204/3204 3204/3204/3204 
f 3204/3204/3204 3204/3204/3204 3205/3205/3205 
f 3204/3204/3204 3205/3205/3205 3205/3205/3205 
f 3205/3205/3205 3205/3205/3205 3206/3206/3206 
f 3205/3205/3205 3207/3207/3207 3206/3206/3206 
f 3206/3206/3206 3207/3207/3207 3207/3207/3207 
f 3207/3207/3207 3208/3208/3208 3207/3207/3207 
f 3207/3207/3207 3208/3208/3208 3208/3208/3208 
f 3208/3208/3208 3209/3209/3209 3208/3208/3208 
f 3208/3208/3208 3209/3209/3209 3210/3210/3210 
f 3209/3209/3209 3210/3210/3210 3210/3210/3210 
f 3210/3210/3210 3210/3210/3210 3211/3211/3211 
f 3210/3210/3210 3211/3211/3211 3211/3211/3211 
f 3211/3211/3211 3211/3211/3211 3212/3212/3212 
f 3211/3211/3211 3213/3213/3213 3212/3212/3212 
f 3212/3212/3212 3213/3213/3213 3213/3213/3213 
f 3213/3213/3213 3214/3214/3214 3213/3213/3213 
f 3213/3213/3213 3214/3214/3214 3214/3214/3214 
f 3214/3214/3214 3215/3215/3215 3214/3214/3214 
f 3214/3214/3214 3215/3215/3215 3216/3216/3216 
f 3215/3215/3215 3215/3215/3215 3216/3216/3216 
f 3216/3216/3216 3215/3215/3215 3217/3217/3217 
f 3215/3215/3215 3215/3215/3215 3217/3217/3217 
f 3217/3217/3217 3215/3215/3215 3218/3218/3218 
f 3215/3215/3215 3219/3219/3219 3218/3218/3218 
f 3218/3218/3218 3219/3219/3219 3219/3219/3219 
f 3219/3219/3219 3220/3220/3220 3219/3219/3219 
f 3219/3219/3219 3220/3220/3220 3220/3220/3220 
f 3220/3220/3220 3221/3221/3221 3220/3220/3220 
f 3220/3220/3220 3221/3221/3221 3222/3222/3222 
f 3221/3221/3221 3221/3221/3221 3222/3222/3222 
f 3222/3222/3222 3221/3221/3221 3223/3223/3223 
f 3221/3221/3221 3224/3224/3224 3223/3223/3223 
f 3223/3223/3223 3224/3224/3224 3225/3225/3225 
f 3224/3224/3224 3224/3224/3224 3225/3225/3225 
f 3225/3225/3225 3224/3224/3224 3226/3226/3226 
f 3224/3224/3224 3227/3227/3227 3226/3226/3226 
f 3226/3226/3226 3227/3227/3227 3226/3226/3226 
f 3227/3227/3227 3228/3228/3228 3226/3226/3226 
f 3226/3226/3226 3228/3228/3228 3229/3229/3229 
f 3228/3228/3228 3230/3230/3230 3229/3229/3229 
f 3229/3229/3229 3230/3230/3230 3231/3231/3231 
f 3230/3230/3230 3232/3232/3232 3231/3231/3231 
f 3231/3231/3231 3232/3232/3232 3232/3232/3232 
f 3232/3232/3232 3233/3233/3233 3232/3232/3232 
f 3232/3232/3232 3233/3233/3233 3233/3233/3233 
f 3233/3233/3233 3234/3234/3234 3233/3233/3233 
f 3233/3233/3233 3234/3234/3234 3235/3235/3235 
f 3234/3234/3234 3234/3234/3234 3235/3235/3235 
f 3235/3235/3235 3234/3234/3234 3236/3236/3236 
f 3234/3234/3234 3237/3237/3237 3236/3236/3236 
f 3236/3236/3236 3237/3237/3237 3238/3238/3238 
f 3237/3237/3237 3237/3237/3237 3238/3238/3238 
f 3238/3238/3238 3237/3237/3237 3239/3239/3239 
f 3237/3237/3237 3240/3240/3240 3239/3239/3239 
f 3239/3239/3239 3240/3240/3240 3239/3239/3239 
f 3240/3240/3240 3241/3241/3241 3239/3239/3239 
f 3239/3239/3239 3241/3241/3241 3242/3242/3242 
f 3241/3241/3241 3243/3243/3243 3242/3242/3242 
f 3242/3242/3242 3243/3243/3243 3244/3244/3244 
f 3243/3243/3243 3245/3245/3245 3244/3244/3244 
f 3244/3244/3244 3245/3245/3245 3245/3245/3245 
f 3245/3245/3245 3246/3246/3246 3245/3245/3245 
f 3245/3245/3245 3246/3246/3246 3246/3246/3246 
f 3246/3246/3246 3247/3247/3247 3246/3246/3246 
f 3246/3246/3246 3247/3247/3247 3248/3248/3248 
f 3247/3247/3247 3247/3247/3247 3248/3248/3248 
f 3248/3248/3248 3247/3247/3247 3249/3249/3249 
f 3247/3247/3247 3247/3247/3247 3249/3249/3249 
f 3249/3249/3249 3247/3247/3247 3250/3250/3250 
f 3247/3247/3247 3251/3251/3251 3250/3250/3250 
f 3250/3250/3250 3251/3251/3251 3251/3251/3251 
f 3251/3251/3251 3252/3252/3252 3251/3251/3251 
f 3251/3251/3251 3252/3252/3252 3252/3252/3252 
f 3252/3252/3252 3253/3253/3253 3252/3252/3252 
f 3252/3252/3252 3253/3253/3253 3254/3254/3254 
f 3253/3253/3253 3254/3254/3254 3254/3254/3254 
f 3254/3254/3254 3254/3254/3254 3255/3255/3255 
f 3254/3254/3254 3255/3255/3255 3255/3255/3255 
f 3255/3255/3255 3255/3255/3255 3256/3256/3256 
f 3255/3255/3255 3257/3257/3257 3256/3256/3256 
f 3256/3256/3256 3257/3257/3257 3257/3257/3257 
f 3257/3257/3257 3258/3258/3258 3257/3257/3257 
f 3257/3257/3257 3258/3258/3258 3258/3258/3258 
f 3258/3258/3258 3259/3259/3259 3258/3258/3258 
f 3258/3258/3258 3259/3259/3259 3260/3260/3260 
f 3259/3259/3259 3261/3261/3261 3260/3260/3260 
f 3260/3260/3260 3261/3261/3261 3261/3261/3261 
f 3261/3261/3261 3262/3262/3262 3261/3261/3261 
f 3261/3261/3261 3262/3262/3262 3262/3262/3262 
f 3262/3262/3262 3263/3263/3263 3262/3262/3262 
f 3262/3262/3262 3263/3263/3263 3264/3264/3264 
f 3263/3263/3263 3265/3265/3265 3264/3264/3264 
f 3264/3264/3264 3265/3265/3265 3266/3266/3266 
f 3265/3265/3265 3267/3267/3267 3266/3266/3266 
f 3266/3266/3266 3267/3267/3267 3267/3267/3267 
f 3267/3267/3267 3268/3268/3268 3267/3267/3267 
f 3267/3267/3267 3268/3268/3268 3268/3268/3268 
f 3268/3268/3268 3269/3269/3269 3268/3268/3268 
f 3268/3268/3268 3269/3269/3269 3270/3270/3270 
f 3269/3269/3269 3271/3271/3271 3270/3270/3270 
f 3270/3270/3270 3271/3271/3271 3272/3272/3272 
f 3271/3271/3271 3272/3272/3272 3272/3272/3272 
f 3272/3272/3272 3272/3272/3272 3273/3273/3273 
f 3272/3272/3272 3273/3273/3273 3273/3273/3273 
f 3273/3273/3273 3273/3273/3273 3274/3274/3274 
f 3273/3273/3273 3275/3275/3275 3274/3274/3274 
f 3274/3274/3274 3275/3275/3275 3274/3274/3274 
f 3275/3275/3275 3276/3276/3276 3274/3274/3274 
f 3274/3274/3274 3276/3276/3276 3277/3277/3277 
f 3276/3276/3276 3277/3277/3277 3277/3277/3277 
f 3277/3277/3277 3277/3277/3277 3278/3278/3278 
f 3277/3277/3277 3278/3278/3278 3278/3278/3278 
f 3278/3278/3278 3278/3278/3278 3279/3279/3279 
f 3278/3278/3278 3280/3280/3280 3279/3279/3279 
f 3279/3279/3279 3280/3280/3280 3281/3281/3281 
f 3280/3280/3280 3282/3282/3282 3281/3281/3281 
f 3281/3281/3281 3282/3282/3282 3282/3282/3282 
f 3282/3282/3282 3283/3283/3283 3282/3282/3282 
f 3282/3282/3282 3283/3283/3283 3283/3283/3283 
f 3283/3283/3283 3284/3284/3284 3283/3283/3283 
f 3283/3283/3283 3284/3284/3284 3285/3285/3285 
f 3284/3284/3284 3286/3286/3286 3285/3285/3285 
f 3285/3285/3285 3286/3286/3286 3286/3286/3286 
f 3286/3286/3286 3287/3287/3287 3286/3286/3286 
f 3286/3286/3286 3287/3287/3287 3287/3287/3287 
f 3287/3287/3287 3288/3288/3288 3287/3287/3287 
f 3287/3287/3287 3288/3288/3288 3289/3289/3289 
f 3288/3288/3288 3288/3288/3288 3289/3289/3289 
f 3289/3289/3289 3288/3288/3288 3290/3290/3290 
f 3288/3288/3288 3291/3291/3291 3290/3290/3290 
f 3290/3290/3290 3291/3291/3291 3292/3292/3292 
f 3291/3291/3291 3293/3293/3293 3292/3292/3292 
f 3292/3292/3292 3293/3293/3293 3294/3294/3294 
f 3293/3293/3293 3295/3295/3295 3294/3294/3294 
f 3294/3294/3294 3295/3295/3295 3296/3296/3296 
f 3295/3295/3295 3297/3297/3297 3296/3296/3296 
f 3296/3296/3296 3297/3297/3297 3298/3298/3298 
f 3297/3297/3297 3299/3299/3299 3298/3298/3298 
f 3298/3298/3298 3299/3299/3299 3300/3300/3300 
f 3299/3299/3299 3300/3300/3300 3300/3300/3300 
f 3300/3300/3300 3300/3300/3300 3301/3301/3301 
f 3300/3300/3300 3301/3301/3301 3301/3301/3301 
f 3301/3301/3301 3301/3301/3301 3302/3302/3302 
f 3301/3301/3301 3303/3303/3303 3302/3302/3302 
f 3302/3302/3302 3303/3303/3303 3303/3303/3303 
f 3303/3303/3303 3304/3304/3304 3303/3303/3303 
f 3303/3303/3303 3304/3304/3304 3304/3304/3304 
f 3304/3304/3304 3305/3305/3305 3304/3304/3304 
f 3304/3304/3304 3305/3305/3305 3306/3306/3306 
f 3305/3305/3305 3306/3306/3306 3306/3306/3306 
f 3306/3306/3306 3306/3306/3306 3307/3307/3307 
f 3306/3306/3306 3307/3307/3307 3307/3307/3307 
f 3307/3307/3307 3307/3307/3307 3308/3308/3308 
f 3307/3307/3307 3309/3309/3309 3308/3308/3308 
f 3308/3308/3308 3309/3309/3309 3309/3309/3309 
f 3309/3309/3309 3310/3310/3310 3309/3309/3309 
f 3309/3309/3309 3310/3310/3310 3310/3310/3310 
f 3310/3310/3310 3311/3311/3311 3310/3310/3310 
f 3310/3310/3310 3311/3311/3311 3312/3312/3312 
f 3311/3311/3311 3313/3313/3313 3312/3312/3312 
f 3312/3312/3312 3313/3313/3313 3313/3313/3313 
f 3313/3313/3313 3314/3314/3314 3313/3313/3313 
f 3313/3313/3313 3314/3314/3314 3314/3314/3314 
f 3314/3314/3314 3315/3315/3315 3314/3314/3314 
f 3314/3314/3314 3315/3315/3315 3316/3316/3316 
f 3315/3315/3315 3315/3315/3315 3316/3316/3316 
f 3316/3316/3316 3315/3315/3315 3317/3317/3317 
f 3315/3315/3315 3318/3318/3318 3317/3317/3317 
f 3317/3317/3317 3318/3318/3318 3319/3319/3319 
f 3318/3318/3318 3319/3319/3319 3319/3319/3319 
f 3319/3319/3319 3319/3319/3319 3320/3320/3320 
f 3319/3319/3319 3320/3320/3320 3320/3320/3320 
f 3320/3320/3320 3320/3320/3320 3321/3321/3321 
f 3320/3320/3320 3322/3322/3322 3321/3321/3321 
f 3321/3321/3321 3322/3322/3322 3323/3323/3323 
f 3322/3322/3322 3324/3324/3324 3323/3323/3323 
f 3323/3323/3323 3324/3324/3324 3324/3324/3324 
f 3324/3324/3324 3325/3325/3325 3324/3324/3324 
f 3324/3324/3324 3325/3325/3325 3325/3325/3325 
f 3325/3325/3325 3326/3326/3326 3325/3325/3325 
f 3325/3325/3325 3326/3326/3326 3327/3327/3327 
f 3326/3326/3326 3328/3328/3328 3327/3327/3327 
f 3327/3327/3327 3328/3328/3328 3328/3328/3328 
f 3328/3328/3328 3329/3329/3329 3328/3328/3328 
f 3328/3328/3328 3329/3329/3329 3329/3329/3329 
f 3329/3329/3329 3330/3330/3330 3329/3329/3329 
f 3329/3329/3329 3330/3330/3330 3331/3331/3331 
f 3330/3330/3330 3332/3332/3332 3331/3331/3331 
f 3331/3331/3331 3332/3332/3332 3333/3333/3333 
f 3332/3332/3332 3333/3333/3333 3333/3333/3333 
f 3333/3333/3333 3333/3333/3333 3334/3334/3334 
f 3333/3333/3333 3334/3334/3334 3334/3334/3334 
f 3334/3334/3334 3334/3334/3334 3335/3335/3335 
f 3334/3334/3334 3336/3336/3336 3335/3335/3335 
f 3335/3335/3335 3336/3336/3336 3336/3336/3336 
f 3336/3336/3336 3337/3337/3337 3336/3336/3336 
f 3336/3336/3336 3337/3337/3337 3337/3337/3337 
f 3337/3337/3337 3338/3338/3338 3337/3337/3337 
f 3337/3337/3337 3338/3338/3338 3339/3339/3339 
f 3338/3338/3338 3339/3339/3339 3339/3339/3339 
f 3339/3339/3339 3339/3339/3339 3340/3340/3340 
f 3339/3339/3339 3340/3340/3340 3340/3340/3340 
f 3340/3340/3340 3340/3340/3340 3341/3341/3341 
f 3340/3340/3340 3342/3342/3342 3341/3341/3341 
f 3341/3341/3341 3342/3342/3342 3342/3342/3342 
f 3342/3342/3342 3343/3343/3343 3342/3342/3342 
f 3342/3342/3342 3343/3343/3343 3343/3343/3343 
f 3343/3343/3343 3344/3344/3344 3343/3343/3343 
f 3343/3343/3343 3344/3344/3344 3345/3345/3345 
f 3344/3344/3344 3345/3345/3345 3345/3345/3345 
f 3345/3345/3345 3345/3345/3345 3346/3346/3346 
f 3345/3345/3345 3346/3346/3346 3346/3346/3346 
f 3346/3346/3346 3346/3346/3346 3347/3347/3347 
f 3346/3346/3346 3348/3348/3348 3347/3347/3347 
f 3347/3347/3347 3348/3348/3348 3348/3348/3348 
f 3348/3348/3348 3349/3349/3349 3348/3348/3348 
f 3348/3348/3348 3349/3349/3349 3349/3349/3349 
f 3349/3349/3349 3350/3350/3350 3349/3349/3349 
f 3349/3349/3349 3350/3350/3350 3351/3351/3351 
f 3350/3350/3350 3351/3351/3351 3351/3351/3351 
f 3351/3351/3351 3351/3351/3351 3352/3352/3352 
f 3351/3351/3351 3352/3352/3352 3352/3352/3352 
f 3352/3352/3352 3352/3352/3352 3353/3353/3353 
f 3352/3352/3352 3354/3354/3354 3353/3353/3353 
f 3353/3353/3353 3354/3354/3354 3355/3355/3355 
f 3354/3354/3354 3355/3355/3355 3355/3355/3355 
f 3355/3355/3355 3355/3355/3355 3356/3356/3356 
f 3355/3355/3355 3356/3356/3356 3356/3356/3356 
f 3356/3356/3356 3356/3356/3356 3357/3357/3357 
f 3356/3356/3356 3358/3358/3358 3357/3357/3357 
f 3357/3357/3357 3358/3358/3358 3359/3359/3359 
f 3358/3358/3358 3359/3359/3359 3359/3359/3359 
f 3359/3359/3359 3359/3359/3359 3360/3360/3360 
f 3359/3359/3359 3360/3360/3360 3360/3360/3360 
f 3360/3360/3360 3360/3360/3360 3361/3361/3361 
f 3360/3360/3360 3362/3362/3362 3361/3361/3361 
f 3361/3361/3361 3362/3362/3362 3363/3363/3363 
f 3362/3362/3362 3362/3362/3362 3363/3363/3363 
f 3363/3363/3363 3362/3362/3362 3364/3364/3364 
f 3362/3362/3362 3365/3365/3365 3364/3364/3364 
f 3364/3364/3364 3365/3365/3365 3365/3365/3365 
f 3365/3365/3365 3366/3366/3366 3365/3365/3365 
f 3365/3365/3365 3366/3366/3366 3366/3366/3366 
f 3366/3366/3366 3367/3367/3367 3366/3366/3366 
f 3366/3366/3366 3367/3367/3367 3368/3368/3368 
f 3367/3367/3367 3369/3369/3369 3368/3368/3368 
f 3368/3368/3368 3369/3369/3369 3369/3369/3369 
f 3369/3369/3369 3370/3370/3370 3369/3369/3369 
f 3369/3369/3369 3370/3370/3370 3370/3370/3370 
f 3370/3370/3370 3371/3371/3371 3370/3370/3370 
f 3370/3370/3370 3371/3371/3371 3372/3372/3372 
f 3371/3371/3371 3373/3373/3373 3372/3372/3372 
f 3372/3372/3372 3373/3373/3373 3373/3373/3373 
f 3373/3373/3373 3374/3374/3374 3373/3373/3373 
f 3373/3373/3373 3374/3374/3374 3374/3374/3374 
f 3374/3374/3374 3375/3375/3375 3374/3374/3374 
f 3374/3374/3374 3375/3375/3375 3376/3376/3376 
f 3375/3375/3375 3377/3377/3377 3376/3376/3376 
f 3376/3376/3376 3377/3377/3377 3377/3377/3377 
f 3377/3377/3377 3378/3378/3378 3377/3377/3377 
f 3377/3377/3377 3378/3378/3378 3378/3378/3378 
f 3378/3378/3378 3379/3379/3379 3378/3378/3378 
f 3378/3378/3378 3379/3379/3379 3380/3380/3380 
f 3379/3379/3379 3381/3381/3381 3380/3380/3380 
f 3380/3380/3380 3381/3381/3381 3381/3381/3381 
f 3381/3381/3381 3382/3382/3382 3381/3381/3381 
f 3381/3381/3381 3382/3382/3382 3382/3382/3382 
f 3382/3382/3382 3383/3383/3383 3382/3382/3382 
f 3382/3382/3382 3383/3383/3383 3384/3384/3384 
f 3383/3383/3383 3385/3385/3385 3384/3384/3384 
f 3384/3384/3384 3385/3385/3385 3385/3385/3385 
f 3385/3385/3385 3386/3386/3386 3385/3385/3385 
f 3385/3385/3385 3386/3386/3386 3386/3386/3386 
f 3386/3386/3386 3387/3387/3387 3386/3386/3386 
f 3386/3386/3386 3387/3387/3387 3388/3388/3388 
f 3387/3387/3387 3389/3389/3389 3388/3388/3388 
f 3388/3388/3388 3389/3389/3389 3389/3389/3389 
f 3389/3389/3389 3390/3390/3390 3389/3389/3389 
f 3389/3389/3389 3390/3390/3390 3390/3390/3390 
f 3390/3390/3390 3391/3391/3391 3390/3390/3390 
f 3390/3390/3390 3391/3391/3391 3392/3392/3392 
f 3391/3391/3391 3393/3393/3393 3392/3392/3392 
f 3392/3392/3392 3393/3393/3393 3393/3393/3393 
f 3393/3393/3393 3394/3394/3394 3393/3393/3393 
f 3393/3393/3393 3394/3394/3394 3394/3394/3394 
f 3394/3394/3394 3395/3395/3395 3394/3394/3394 
f 3394/3394/3394 3395/3395/3395 3396/3396/3396 
f 3395/3395/3395 3397/3397/3397 3396/3396/3396 
f 3396/3396/3396 3397/3397/3397 3397/3397/3397 
f 3397/3397/3397 3398/3398/3398 3397/3397/3397 
f 3397/3397/3397 3398/3398/3398 3398/3398/3398 
f 3398/3398/3398 3399/3399/3399 3398/3398/3398 
f 3398/3398/3398 3399/3399/3399 3400/3400/3400 
f 3399/3399/3399 3401/3401/3401 3400/3400/3400 
f 3400/3400/3400 3401/3401/3401 3401/3401/3401 
f 3401/3401/3401 3402/3402/3402 3401/3401/3401 
f 3401/3401/3401 3402/3402/3402 3402/3402/3402 
f 3402/3402/3402 3403/3403/3403 3402/3402/3402 
f 3402/3402/3402 3403/3403/3403 3404/3404/3404 
f 3403/3403/3403 3405/3405/3405 3404/3404/3404 
f 3404/3404/3404 3405/3405/3405 3405/3405/3405 
f 3405/3405/3405 3406/3406/3406 3405/3405/3405 
f 3405/3405/3405 3406/3406/3406 3406/3406/3406 
f 3406/3406/3406 3407/3407/3407 3406/3406/3406 
f 3406/3406/3406 3407/3407/3407 3408/3408/3408 
f 3407/3407/3407 3409/3409/3409 3408/3408/3408 
f 3408/3408/3408 3409/3409/3409 3410/3410/3410 
f 3409/3409/3409 3411/3411/3411 3410/3410/3410 
f 3410/3410/3410 3411/3411/3411 3412/3412/3412 
f 3411/3411/3411 3412/3412/3412 3412/3412/3412 
f 3412/3412/3412 3412/3412/3412 3413/3413/3413 
f 3412/3412/3412 3413/3413/3413 3413/3413/3413 
f 3413/3413/3413 3413/3413/3413 3414/3414/3414 
f 3413/3413/3413 3415/3415/3415 3414/3414/3414 
f 3414/3414/3414 3415/3415/3415 3416/3416/3416 
f 3415/3415/3415 3416/3416/3416 3416/3416/3416 
f 3416/3416/3416 3416/3416/3416 3417/3417/3417 
f 3416/3416/3416 3417/3417/3417 3417/3417/3417 
f 3417/3417/3417 3417/3417/3417 3418/3418/3418 
f 3417/3417/3417 3419/3419/3419 3418/3418/3418 
f 3418/3418/3418 3419/3419/3419 3420/3420/3420 
f 3419/3419/3419 3421/3421/3421 3420/3420/3420 
f 3420/3420/3420 3421/3421/3421 3421/3421/3421 
f 3421/3421/3421 3422/3422/3422 3421/3421/3421 
f 3421/3421/3421 3422/3422/3422 3422/3422/3422 
f 3422/3422/3422 3423/3423/3423 3422/3422/3422 
f 3422/3422/3422 3423/3423/3423 3424/3424/3424 
f 3423/3423/3423 3425/3425/3425 3424/3424/3424 
f 3424/3424/3424 3425/3425/3425 3425/3425/3425 
f 3425/3425/3425 3426/3426/3426 3425/3425/3425 
f 3425/3425/3425 3426/3426/3426 3426/3426/3426 
f 3426/3426/3426 3427/3427/3427 3426/3426/3426 
f 3426/3426/3426 3427/3427/3427 3428/3428/3428 
f 3427/3427/3427 3428/3428/3428 3428/3428/3428 
f 3428/3428/3428 3428/3428/3428 3429/3429/3429 
f 3428/3428/3428 3429/3429/3429 3429/3429/3429 
f 3429/3429/3429 3429/3429/3429 3430/3430/3430 
f 3429/3429/3429 3431/3431/3431 3430/3430/3430 
f 3430/3430/3430 3431/3431/3431 3432/3432/3432 
f 3431/3431/3431 3431/3431/3431 3432/3432/3432 
f 3432/3432/3432 3431/3431/3431 3433/3433/3433 
f 3431/3431/3431 3434/3434/3434 3433/3433/3433 
f 3433/3433/3433 3434/3434/3434 3434/3434/3434 
f 3434/3434/3434 3435/3435/3435 3434/3434/3434 
f 3434/3434/3434 3435/3435/3435 3435/3435/3435 
f 3435/3435/3435 3436/3436/3436 3435/3435/3435 
f 3435/3435/3435 3436/3436/3436 3437/3437/3437 
f 3436/3436/3436 3438/3438/3438 3437/3437/3437 
f 3437/3437/3437 3438/3438/3438 3439/3439/3439 
f 3438/3438/3438 3440/3440/3440 3439/3439/3439 
f 3439/3439/3439 3440/3440/3440 3439/3439/3439 
f 3440/3440/3440 3441/3441/3441 3439/3439/3439 
f 3439/3439/3439 3441/3441/3441 3442/3442/3442 
f 3441/3441/3441 3441/3441/3441 3442/3442/3442 
f 3442/3442/3442 3441/3441/3441 3443/3443/3443 
f 3441/3441/3441 3444/3444/3444 3443/3443/3443 
f 3443/3443/3443 3444/3444/3444 3445/3445/3445 
f 3444/3444/3444 3446/3446/3446 3445/3445/3445 
f 3445/3445/3445 3446/3446/3446 3447/3447/3447 
f 3446/3446/3446 3447/3447/3447 3447/3447/3447 
f 3447/3447/3447 3447/3447/3447 3448/3448/3448 
f 3447/3447/3447 3448/3448/3448 3448/3448/3448 
f 3448/3448/3448 3448/3448/3448 3449/3449/3449 
f 3448/3448/3448 3450/3450/3450 3449/3449/3449 
f 3449/3449/3449 3450/3450/3450 3449/3449/3449 
f 3450/3450/3450 3451/3451/3451 3449/3449/3449 
f 3449/3449/3449 3451/3451/3451 3452/3452/3452 
f 3451/3451/3451 3453/3453/3453 3452/3452/3452 
f 3452/3452/3452 3453/3453/3453 3452/3452/3452 
f 3453/3453/3453 3454/3454/3454 3452/3452/3452 
f 3452/3452/3452 3454/3454/3454 3455/3455/3455 
f 3454/3454/3454 3454/3454/3454 3455/3455/3455 
f 3455/3455/3455 3454/3454/3454 3456/3456/3456 
f 3454/3454/3454 3457/3457/3457 3456/3456/3456 
f 3456/3456/3456 3457/3457/3457 3458/3458/3458 
f 3457/3457/3457 3459/3459/3459 3458/3458/3458 
f 3458/3458/3458 3459/3459/3459 3460/3460/3460 
f 3459/3459/3459 3460/3460/3460 3460/3460/3460 
f 3460/3460/3460 3460/3460/3460 3461/3461/3461 
f 3460/3460/3460 3461/3461/3461 3461/3461/3461 
f 3461/3461/3461 3461/3461/3461 3462/3462/3462 
f 3461/3461/3461 3463/3463/3463 3462/3462/3462 
f 3462/3462/3462 3463/3463/3463 3464/3464/3464 
f 3463/3463/3463 3463/3463/3463 3464/3464/3464 
f 3464/3464/3464 3463/3463/3463 3465/3465/3465 
f 3463/3463/3463 3466/3466/3466 3465/3465/3465 
f 3465/3465/3465 3466/3466/3466 3466/3466/3466 
f 3466/3466/3466 3467/3467/3467 3466/3466/3466 
f 3466/3466/3466 3467/3467/3467 3467/3467/3467 
f 3467/3467/3467 3468/3468/3468 3467/3467/3467 
f 3467/3467/3467 3468/3468/3468 3469/3469/3469 
f 3468/3468/3468 3469/3469/3469 3469/3469/3469 
f 3469/3469/3469 3469/3469/3469 3470/3470/3470 
f 3469/3469/3469 3470/3470/3470 3470/3470/3470 
f 3470/3470/3470 3470/3470/3470 3471/3471/3471 
f 3470/3470/3470 3472/3472/3472 3471/3471/3471 
f 3471/3471/3471 3472/3472/3472 3472/3472/3472 
f 3472/3472/3472 3473/3473/3473 3472/3472/3472 
f 3472/3472/3472 3473/3473/3473 3473/3473/3473 
f 3473/3473/3473 3474/3474/3474 3473/3473/3473 
f 3473/3473/3473 3474/3474/3474 3475/3475/3475 
f 3474/3474/3474 3476/3476/3476 3475/3475/3475 
f 3475/3475/3475 3476/3476/3476 3477/3477/3477 
f 3476/3476/3476 3478/3478/3478 3477/3477/3477 
f 3477/3477/3477 3478/3478/3478 3479/3479/3479 
f 3478/3478/3478 3480/3480/3480 3479/3479/3479 
f 3479/3479/3479 3480/3480/3480 3481/3481/3481 
f 3480/3480/3480 3482/3482/3482 3481/3481/3481 
f 3481/3481/3481 3482/3482/3482 3483/3483/3483 
f 3482/3482/3482 3484/3484/3484 3483/3483/3483 
f 3483/3483/3483 3484/3484/3484 3485/3485/3485 
f 3484/3484/3484 3486/3486/3486 3485/3485/3485 
f 3485/3485/3485 3486/3486/3486 3486/3486/3486 
f 3486/3486/3486 3487/3487/3487 3486/3486/3486 
f 3486/3486/3486 3487/3487/3487 3487/3487/3487 
f 3487/3487/3487 3488/3488/3488 3487/3487/3487 
f 3487/3487/3487 3488/3488/3488 3489/3489/3489 
f 3488/3488/3488 3488/3488/3488 3489/3489/3489 
f 3489/3489/3489 3488/3488/3488 3490/3490/3490 
f 3488/3488/3488 3491/3491/3491 3490/3490/3490 
f 3490/3490/3490 3491/3491/3491 3492/3492/3492 
f 3491/3491/3491 3493/3493/3493 3492/3492/3492 
f 3492/3492/3492 3493/3493/3493 3493/3493/3493 
f 3493/3493/3493 3494/3494/3494 3493/3493/3493 
f 3493/3493/3493 3494/3494/3494 3494/3494/3494 
f 3494/3494/3494 3495/3495/3495 3494/3494/3494 
f 3494/3494/3494 3495/3495/3495 3496/3496/3496 
f 3495/3495/3495 3497/3497/3497 3496/3496/3496 
f 3496/3496/3496 3497/3497/3497 3497/3497/3497 
f 3497/3497/3497 3498/3498/3498 3497/3497/3497 
f 3497/3497/3497 3498/3498/3498 3498/3498/3498 
f 3498/3498/3498 3499/3499/3499 3498/3498/3498 
f 3498/3498/3498 3499/3499/3499 3500/3500/3500 
f 3499/3499/3499 3501/3501/3501 3500/3500/3500 
f 3500/3500/3500 3501/3501/3501 3502/3502/3502 
f 3501/3501/3501 3502/3502/3502 3502/3502/3502 
f 3502/3502/3502 3502/3502/3502 3503/3503/3503 
f 3502/3502/3502 3503/3503/3503 3503/3503/3503 
f 3503/3503/3503 3503/3503/3503 3504/3504/3504 
f 3503/3503/3503 3505/3505/3505 3504/3504/3504 
f 3504/3504/3504 3505/3505/3505 3505/3505/3505 
f 3505/3505/3505 3506/3506/3506 3505/3505/3505 
f 3505/3505/3505 3506/3506/3506 3506/3506/3506 
f 3506/3506/3506 3507/3507/3507 3506/3506/3506 
f 3506/3506/3506 3507/3507/3507 3508/3508/3508 
f 3507/3507/3507 3508/3508/3508 3508/3508/3508 
f 3508/3508/3508 3508/3508/3508 3509/3509/3509 
f 3508/3508/3508 3509/3509/3509 3509/3509/3509 
f 3509/3509/3509 3509/3509/3509 3510/3510/3510 
f 3509/3509/3509 3511/3511/3511 3510/3510/3510 
f 3510/3510/3510 3511/3511/3511 3511/3511/3511 
f 3511/3511/3511 3512/3512/3512 3511/3511/3511 
f 3511/3511/3511 3512/3512/3512 3512/3512/3512 
f 3512/3512/3512 3513/3513/3513 3512/3512/3512 
f 3512/3512/3512 3513/3513/3513 3514/3514/3514 
f 3513/3513/3513 3515/3515/3515 3514/3514/3514 
f 3514/3514/3514 3515/3515/3515 3515/3515/3515 
f 3515/3515/3515 3516/3516/3516 3515/3515/3515 
f 3515/3515/3515 3516/3516/3516 3516/3516/3516 
f 3516/3516/3516 3517/3517/3517 3516/3516/3516 
f 3516/3516/3516 3517/3517/3517 3518/3518/3518 
f 3517/3517/3517 3519/3519/3519 3518/3518/3518 
f 3518/3518/3518 3519/3519/3519 3519/3519/3519 
f 3519/3519/3519 3520/3520/3520 3519/3519/3519 
f 3519/3519/3519 3520/3520/3520 3520/3520/3520 
f 3520/3520/3520 3521/3521/3521 3520/3520/3520 
f 3520/3520/3520 3521/3521/3521 3522/3522/3522 
f 3521/3521/3521 3523/3523/3523 3522/3522/3522 
f 3522/3522/3522 3523/3523/3523 3523/3523/3523 
f 3523/3523/3523 3524/3524/3524 3523/3523/3523 
f 3523/3523/3523 3524/3524/3524 3524/3524/3524 
f 3524/3524/3524 3525/3525/3525 3524/3524/3524 
f 3524/3524/3524 3525/3525/3525 3526/3526/3526 
f 3525/3525/3525 3525/3525/3525 3526/3526/3526 
f 3526/3526/3526 3525/3525/3525 3527/3527/3527 
f 3525/3525/3525 3528/3528/3528 3527/3527/3527 
f 3527/3527/3527 3528/3528/3528 3529/3529/3529 
f 3528/3528/3528 3529/3529/3529 3529/3529/3529 
f 3529/3529/3529 3529/3529/3529 3530/3530/3530 
f 3529/3529/3529 3530/3530/3530 3530/3530/3530 
f 3530/3530/3530 3530/3530/3530 3531/3531/3531 
f 3530/3530/3530 3532/3532/3532 3531/3531/3531 
f 3531/3531/3531 3532/3532/3532 3533/3533/3533 
f 3532/3532/3532 3534/3534/3534 3533/3533/3533 
f 3533/3533/3533 3534/3534/3534 3535/3535/3535 
f 3534/3534/3534 3536/3536/3536 3535/3535/3535 
f 3535/3535/3535 3536/3536/3536 3536/3536/3536 
f 3536/3536/3536 3537/3537/3537 3536/3536/3536 
f 3536/3536/3536 3537/3537/3537 3537/3537/3537 
f 3537/3537/3537 3538/3538/3538 3537/3537/3537 
f 3537/3537/3537 3538/3538/3538 3539/3539/3539 
f 3538/3538/3538 3540/3540/3540 3539/3539/3539 
f 3539/3539/3539 3540/3540/3540 3540/3540/3540 
f 3540/3540/3540 3541/3541/3541 3540/3540/3540 
f 3540/3540/3540 3541/3541/3541 3541/3541/3541 
f 3541/3541/3541 3542/3542/3542 3541/3541/3541 
f 3541/3541/3541 3542/3542/3542 3543/3543/3543 
f 3542/3542/3542 3544/3544/3544 3543/3543/3543 
f 3543/3543/3543 3544/3544/3544 3545/3545/3545 
f 3544/3544/3544 3545/3545/3545 3545/3545/3545 
f 3545/3545/3545 3545/3545/3545 3546/3546/3546 
f 3545/3545/3545 3546/3546/3546 3546/3546/3546 
f 3546/3546/3546 3546/3546/3546 3547/3547/3547 
f 3546/3546/3546 3548/3548/3548 3547/3547/3547 
f 3547/3547/3547 3548/3548/3548 3548/3548/3548 
f 3548/3548/3548 3549/3549/3549 3548/3548/3548 
f 3548/3548/3548 3549/3549/3549 3549/3549/3549 
f 3549/3549/3549 3550/3550/3550 3549/3549/3549 
f 3549/3549/3549 3550/3550/3550 3551/3551/3551 
f 3550/3550/3550 3551/3551/3551 3551/3551/3551 
f 3551/3551/3551 3551/3551/3551 3552/3552/3552 
f 3551/3551/3551 3552/3552/3552 3552/3552/3552 
f 3552/3552/3552 3552/3552/3552 3553/3553/3553 
f 3552/3552/3552 3554/3554/3554 3553/3553/3553 
f 3553/3553/3553 3554/3554/3554 3553/3553/3553 
f 3554/3554/3554 3555/3555/3555 3553/3553/3553 
f 3553/3553/3553 3555/3555/3555 3553/3553/3553 
f 3555/3555/3555 3556/3556/3556 3553/3553/3553 
f 3553/3553/3553 3556/3556/3556 3557/3557/3557 
f 3556/3556/3556 3557/3557/3557 3557/3557/3557 
f 3557/3557/3557 3557/3557/3557 3558/3558/3558 
f 3557/3557/3557 3558/3558/3558 3558/3558/3558 
f 3558/3558/3558 3558/3558/3558 3559/3559/3559 
f 3558/3558/3558 3560/3560/3560 3559/3559/3559 
f 3559/3559/3559 3560/3560/3560 3561/3561/3561 
f 3560/3560/3560 3562/3562/3562 3561/3561/3561 
f 3561/3561/3561 3562/3562/3562 3563/3563/3563 
f 3562/3562/3562 3562/3562/3562 3563/3563/3563 
f 3563/3563/3563 3562/3562/3562 3564/3564/3564 
f 3562/3562/3562 3565/3565/3565 3564/3564/3564 
f 3564/3564/3564 3565/3565/3565 3564/3564/3564 
f 3565/3565/3565 3566/3566/3566 3564/3564/3564 
f 3564/3564/3564 3566/3566/3566 3567/3567/3567 
f 3566/3566/3566 3568/3568/3568 3567/3567/3567 
f 3567/3567/3567 3568/3568/3568 3569/3569/3569 
f 3568/3568/3568 3570/3570/3570 3569/3569/3569 
f 3569/3569/3569 3570/3570/3570 3570/3570/3570 
f 3570/3570/3570 3571/3571/3571 3570/3570/3570 
f 3570/3570/3570 3571/3571/3571 3571/3571/3571 
f 3571/3571/3571 3572/3572/3572 3571/3571/3571 
f 3571/3571/3571 3572/3572/3572 3573/3573/3573 
f 3572/3572/3572 3572/3572/3572 3573/3573/3573 
f 3573/3573/3573 3572/3572/3572 3574/3574/3574 
f 3572/3572/3572 3575/3575/3575 3574/3574/3574 
f 3574/3574/3574 3575/3575/3575 3576/3576/3576 
f 3575/3575/3575 3575/3575/3575 3576/3576/3576 
f 3576/3576/3576 3575/3575/3575 3577/3577/3577 
f 3575/3575/3575 3578/3578/3578 3577/3577/3577 
f 3577/3577/3577 3578/3578/3578 3577/3577/3577 
f 3578/3578/3578 3579/3579/3579 3577/3577/3577 
f 3577/3577/3577 3579/3579/3579 3580/3580/3580 
f 3579/3579/3579 3581/3581/3581 3580/3580/3580 
f 3580/3580/3580 3581/3581/3581 3582/3582/3582 
f 3581/3581/3581 3583/3583/3583 3582/3582/3582 
f 3582/3582/3582 3583/3583/3583 3583/3583/3583 
f 3583/3583/3583 3584/3584/3584 3583/3583/3583 
f 3583/3583/3583 3584/3584/3584 3584/3584/3584 
f 3584/3584/3584 3585/3585/3585 3584/3584/3584 
f 3584/3584/3584 3585/3585/3585 3586/3586/3586 
f 3585/3585/3585 3587/3587/3587 3586/3586/3586 
f 3586/3586/3586 3587/3587/3587 3586/3586/3586 
f 3587/3587/3587 3588/3588/3588 3586/3586/3586 
f 3586/3586/3586 3588/3588/3588 3589/3589/3589 
f 3588/3588/3588 3589/3589/3589 3589/3589/3589 
f 3589/3589/3589 3589/3589/3589 3590/3590/3590 
f 3589/3589/3589 3590/3590/3590 3590/3590/3590 
f 3590/3590/3590 3590/3590/3590 3591/3591/3591 
f 3590/3590/3590 3592/3592/3592 3591/3591/3591 
f 3591/3591/3591 3592/3592/3592 3592/3592/3592 
f 3592/3592/3592 3593/3593/3593 3592/3592/3592 
f 3592/3592/3592 3593/3593/3593 3593/3593/3593 
f 3593/3593/3593 3594/3594/3594 3593/3593/3593 
f 3593/3593/3593 3594/3594/3594 3595/3595/3595 
f 3594/3594/3594 3595/3595/3595 3595/3595/3595 
f 3595/3595/3595 3595/3595/3595 3596/3596/3596 
f 3595/3595/3595 3596/3596/3596 3596/3596/3596 
f 3596/3596/3596 3596/3596/3596 3597/3597/3597 
f 3596/3596/3596 3598/3598/3598 3597/3597/3597 
f 3597/3597/3597 3598/3598/3598 3599/3599/3599 
f 3598/3598/3598 3600/3600/3600 3599/3599/3599 
f 3599/3599/3599 3600/3600/3600 3601/3601/3601 
f 3600/3600/3600 3602/3602/3602 3601/3601/3601 
f 3601/3601/3601 3602/3602/3602 3603/3603/3603 
f 3602/3602/3602 3604/3604/3604 3603/3603/3603 
f 3603/3603/3603 3604/3604/3604 3605/3605/3605 
f 3604/3604/3604 3606/3606/3606 3605/3605/3605 
f 3605/3605/3605 3606/3606/3606 3607/3607/3607 
f 3606/3606/3606 3608/3608/3608 3607/3607/3607 
f 3607/3607/3607 3608/3608/3608 3609/3609/3609 
f 3608/3608/3608 3609/3609/3609 3609/3609/3609 
f 3609/3609/3609 3609/3609/3609 3610/3610/3610 
f 3609/3609/3609 3610/3610/3610 3610/3610/3610 
f 3610/3610/3610 3610/3610/3610 3611/3611/3611 
f 3610/3610/3610 3612/3612/3612 3611/3611/3611 
f 3611/3611/3611 3612/3612/3612 3612/3612/3612 
f 3612/3612/3612 3613/3613/3613 3612/3612/3612 
f 3612/3612/3612 3613/3613/3613 3613/3613/3613 
f 3613/3613/3613 3614/3614/3614 3613/3613/3613 
f 3613/3613/3613 3614/3614/3614 3615/3615/3615 
f 3614/3614/3614 3616/3616/3616 3615/3615/3615 
f 3615/3615/3615 3616/3616/3616 3617/3617/3617 
f 3616/3616/3616 3618/3618/3618 3617/3617/3617 
f 3617/3617/3617 3618/3618/3618 3619/3619/3619 
f 3618/3618/3618 3619/3619/3619 3619/3619/3619 
f 3619/3619/3619 3619/3619/3619 3620/3620/3620 
f 3619/3619/3619 3620/3620/3620 3620/3620/3620 
f 3620/3620/3620 3620/3620/3620 3621/3621/3621 
f 3620/3620/3620 3622/3622/3622 3621/3621/3621 
f 3621/3621/3621 3622/3622/3622 3623/3623/3623 
f 3622/3622/3622 3623/3623/3623 3623/3623/3623 
f 3623/3623/3623 3623/3623/3623 3624/3624/3624 
f 3623/3623/3623 3624/3624/3624 3624/3624/3624 
f 3624/3624/3624 3624/3624/3624 3625/3625/3625 
f 3624/3624/3624 3626/3626/3626 3625/3625/3625 
f 3625/3625/3625 3626/3626/3626 3627/3627/3627 
f 3626/3626/3626 3628/3628/3628 3627/3627/3627 
f 3627/3627/3627 3628/3628/3628 3628/3628/3628 
f 3628/3628/3628 3629/3629/3629 3628/3628/3628 
f 3628/3628/3628 3629/3629/3629 3629/3629/3629 
f 3629/3629/3629 3630/3630/3630 3629/3629/3629 
f 3629/3629/3629 3630/3630/3630 3631/3631/3631 
f 3630/3630/3630 3631/3631/3631 3631/3631/3631 
f 3631/3631/3631 3631/3631/3631 3632/3632/3632 
f 3631/3631/3631 3632/3632/3632 3632/3632/3632 
f 3632/3632/3632 3632/3632/3632 3633/3633/3633 
f 3632/3632/3632 3634/3634/3634 3633/3633/3633 
f 3633/3633/3633 3634/3634/3634 3634/3634/3634 
f 3634/3634/3634 3635/3635/3635 3634/3634/3634 
f 3634/3634/3634 3635/3635/3635 3635/3635/3635 
f 3635/3635/3635 3636/3636/3636 3635/3635/3635 
f 3635/3635/3635 3636/3636/3636 3637/3637/3637 
f 3636/3636/3636 3637/3637/3637 3637/3637/3637 
f 3637/3637/3637 3637/3637/3637 3638/3638/3638 
f 3637/3637/3637 3638/3638/3638 3638/3638/3638 
f 3638/3638/3638 3638/3638/3638 3639/3639/3639 
f 3638/3638/3638 3640/3640/3640 3639/3639/3639 
f 3639/3639/3639 3640/3640/3640 3641/3641/3641 
f 3640/3640/3640 3641/3641/3641 3641/3641/3641 
f 3641/3641/3641 3641/3641/3641 3642/3642/3642 
f 3641/3641/3641 3642/3642/3642 3642/3642/3642 
f 3642/3642/3642 3642/3642/3642 3643/3643/3643 
f 3642/3642/3642 3644/3644/3644 3643/3643/3643 
f 3643/3643/3643 3644/3644/3644 3645/3645/3645 
f 3644/3644/3644 3645/3645/3645 3645/3645/3645 
f 3645/3645/3645 3645/3645/3645 3646/3646/3646 
f 3645/3645/3645 3646/3646/3646 3646/3646/3646 
f 3646/3646/3646 3646/3646/3646 3647/3647/3647 
f 3646/3646/3646 3648/3648/3648 3647/3647/3647 
f 3647/3647/3647 3648/3648/3648 3649/3649/3649 
f 3648/3648/3648 3649/3649/3649 3649/3649/3649 
f 3649/3649/3649 3649/3649/3649 3650/3650/3650 
f 3649/3649/3649 3650/3650/3650 3650/3650/3650 
f 3650/3650/3650 3650/3650/3650 3651/3651/3651 
f 3650/3650/3650 3652/3652/3652 3651/3651/3651 
f 3651/3651/3651 3652/3652/3652 3651/3651/3651 
f 3652/3652/3652 3653/3653/3653 3651/3651/3651 
f 3651/3651/3651 3653/3653/3653 3654/3654/3654 
f 3653/3653/3653 3655/3655/3655 3654/3654/3654 
f 3654/3654/3654 3655/3655/3655 3655/3655/3655 
f 3655/3655/3655 3656/3656/3656 3655/3655/3655 
f 3655/3655/3655 3656/3656/3656 3656/3656/3656 
f 3656/3656/3656 3657/3657/3657 3656/3656/3656 
f 3656/3656/3656 3657/3657/3657 3658/3658/3658 
f 3657/3657/3657 3657/3657/3657 3658/3658/3658 
f 3658/3658/3658 3657/3657/3657 3659/3659/3659 
f 3657/3657/3657 3657/3657/3657 3659/3659/3659 
f 3659/3659/3659 3657/3657/3657 3660/3660/3660 
f 3657/3657/3657 3661/3661/3661 3660/3660/3660 
f 3660/3660/3660 3661/3661/3661 3661/3661/3661 
f 3661/3661/3661 3662/3662/3662 3661/3661/3661 
f 3661/3661/3661 3662/3662/3662 3662/3662/3662 
f 3662/3662/3662 3663/3663/3663 3662/3662/3662 
f 3662/3662/3662 3663/3663/3663 3664/3664/3664 
f 3663/3663/3663 3663/3663/3663 3664/3664/3664 
f 3664/3664/3664 3663/3663/3663 3665/3665/3665 
f 3663/3663/3663 3666/3666/3666 3665/3665/3665 
f 3665/3665/3665 3666/3666/3666 3665/3665/3665 
f 3666/3666/3666 3667/3667/3667 3665/3665/3665 
f 3665/3665/3665 3667/3667/3667 3668/3668/3668 
f 3667/3667/3667 3667/3667/3667 3668/3668/3668 
f 3668/3668/3668 3667/3667/3667 3669/3669/3669 
f 3667/3667/3667 3670/3670/3670 3669/3669/3669 
f 3669/3669/3669 3670/3670/3670 3671/3671/3671 
f 3670/3670/3670 3672/3672/3672 3671/3671/3671 
f 3671/3671/3671 3672/3672/3672 3671/3671/3671 
f 3672/3672/3672 3673/3673/3673 3671/3671/3671 
f 3671/3671/3671 3673/3673/3673 3674/3674/3674 
f 3673/3673/3673 3674/3674/3674 3674/3674/3674 
f 3674/3674/3674 3674/3674/3674 3675/3675/3675 
f 3674/3674/3674 3675/3675/3675 3675/3675/3675 
f 3675/3675/3675 3675/3675/3675 3676/3676/3676 
f 3675/3675/3675 3677/3677/3677 3676/3676/3676 
f 3676/3676/3676 3677/3677/3677 3678/3678/3678 
f 3677/3677/3677 3679/3679/3679 3678/3678/3678 
f 3678/3678/3678 3679/3679/3679 3678/3678/3678 
f 3679/3679/3679 3680/3680/3680 3678/3678/3678 
f 3678/3678/3678 3680/3680/3680 3681/3681/3681 
f 3680/3680/3680 3680/3680/3680 3681/3681/3681 
f 3681/3681/3681 3680/3680/3680 3682/3682/3682 
f 3680/3680/3680 3683/3683/3683 3682/3682/3682 
f 3682/3682/3682 3683/3683/3683 3684/3684/3684 
f 3683/3683/3683 3685/3685/3685 3684/3684/3684 
f 3684/3684/3684 3685/3685/3685 3684/3684/3684 
f 3685/3685/3685 3686/3686/3686 3684/3684/3684 
f 3684/3684/3684 3686/3686/3686 3687/3687/3687 
f 3686/3686/3686 3687/3687/3687 3687/3687/3687 
f 3687/3687/3687 3687/3687/3687 3688/3688/3688 
f 3687/3687/3687 3688/3688/3688 3688/3688/3688 
f 3688/3688/3688 3688/3688/3688 3689/3689/3689 
f 3688/3688/3688 3690/3690/3690 3689/3689/3689 
f 3689/3689/3689 3690/3690/3690 3691/3691/3691 
f 3690/3690/3690 3690/3690/3690 3691/3691/3691 
f 3691/3691/3691 3690/3690/3690 3692/3692/3692 
f 3690/3690/3690 3693/3693/3693 3692/3692/3692 
f 3692/3692/3692 3693/3693/3693 3693/3693/3693 
f 3693/3693/3693 3694/3694/3694 3693/3693/3693 
f 3693/3693/3693 3694/3694/3694 3694/3694/3694 
f 3694/3694/3694 3695/3695/3695 3694/3694/3694 
f 3694/3694/3694 3695/3695/3695 3696/3696/3696 
f 3695/3695/3695 3696/3696/3696 3696/3696/3696 
f 3696/3696/3696 3696/3696/3696 3697/3697/3697 
f 3696/3696/3696 3697/3697/3697 3697/3697/3697 
f 3697/3697/3697 3697/3697/3697 3698/3698/3698 
f 3697/3697/3697 3699/3699/3699 3698/3698/3698 
f 3698/3698/3698 3699/3699/3699 3699/3699/3699 
f 3699/3699/3699 3700/3700/3700 3699/3699/3699 
f 3699/3699/3699 3700/3700/3700 3700/3700/3700 
f 3700/3700/3700 3701/3701/3701 3700/3700/3700 
f 3700/3700/3700 3701/3701/3701 3702/3702/3702 
f 3701/3701/3701 3703/3703/3703 3702/3702/3702 
f 3702/3702/3702 3703/3703/3703 3703/3703/3703 
f 3703/3703/3703 3704/3704/3704 3703/3703/3703 
f 3703/3703/3703 3704/3704/3704 3704/3704/3704 
f 3704/3704/3704 3705/3705/3705 3704/3704/3704 
f 3704/3704/3704 3705/3705/3705 3706/3706/3706 
f 3705/3705/3705 3707/3707/3707 3706/3706/3706 
f 3706/3706/3706 3707/3707/3707 3708/3708/3708 
f 3707/3707/3707 3708/3708/3708 3708/3708/3708 
f 3708/3708/3708 3708/3708/3708 3709/3709/3709 
f 3708/3708/3708 3709/3709/3709 3709/3709/3709 
f 3709/3709/3709 3709/3709/3709 3710/3710/3710 
f 3709/3709/3709 3711/3711/3711 3710/3710/3710 
f 3710/3710/3710 3711/3711/3711 3712/3712/3712 
f 3711/3711/3711 3713/3713/3713 3712/3712/3712 
f 3712/3712/3712 3713/3713/3713 3713/3713/3713 
f 3713/3713/3713 3714/3714/3714 3713/3713/3713 
f 3713/3713/3713 3714/3714/3714 3714/3714/3714 
f 3714/3714/3714 3715/3715/3715 3714/3714/3714 
f 3714/3714/3714 3715/3715/3715 3716/3716/3716 
f 3715/3715/3715 3717/3717/3717 3716/3716/3716 
f 3716/3716/3716 3717/3717/3717 3718/3718/3718 
f 3717/3717/3717 3719/3719/3719 3718/3718/3718 
f 3718/3718/3718 3719/3719/3719 3719/3719/3719 
f 3719/3719/3719 3720/3720/3720 3719/3719/3719 
f 3719/3719/3719 3720/3720/3720 3720/3720/3720 
f 3720/3720/3720 3721/3721/3721 3720/3720/3720 
f 3720/3720/3720 3721/3721/3721 3722/3722/3722 
f 3721/3721/3721 3723/3723/3723 3722/3722/3722 
f 3722/3722/3722 3723/3723/3723 3724/3724/3724 
f 3723/3723/3723 3724/3724/3724 3724/3724/3724 
f 3724/3724/3724 3724/3724/3724 3725/3725/3725 
f 3724/3724/3724 3725/3725/3725 3725/3725/3725 
f 3725/3725/3725 3725/3725/3725 3726/3726/3726 
f 3725/3725/3725 3727/3727/3727 3726/3726/3726 
f 3726/3726/3726 3727/3727/3727 3728/3728/3728 
f 3727/3727/3727 3728/3728/3728 3728/3728/3728 
f 3728/3728/3728 3728/3728/3728 3729/3729/3729 
f 3728/3728/3728 3729/3729/3729 3729/3729/3729 
f 3729/3729/3729 3729/3729/3729 3730/3730/3730 
f 3729/3729/3729 3731/3731/3731 3730/3730/3730 
f 3730/3730/3730 3731/3731/3731 3730/3730/3730 
f 3731/3731/3731 3732/3732/3732 3730/3730/3730 
f 3730/3730/3730 3732/3732/3732 3733/3733/3733 
f 3732/3732/3732 3734/3734/3734 3733/3733/3733 
f 3733/3733/3733 3734/3734/3734 3735/3735/3735 
f 3734/3734/3734 3736/3736/3736 3735/3735/3735 
f 3735/3735/3735 3736/3736/3736 3737/3737/3737 
f 3736/3736/3736 3738/3738/3738 3737/3737/3737 
f 3737/3737/3737 3738/3738/3738 3739/3739/3739 
f 3738/3738/3738 3740/3740/3740 3739/3739/3739 
f 3739/3739/3739 3740/3740/3740 3741/3741/3741 
f 3740/3740/3740 3742/3742/3742 3741/3741/3741 
f 3741/3741/3741 3742/3742/3742 3742/3742/3742 
f 3742/3742/3742 3743/3743/3743 3742/3742/3742 
f 3742/3742/3742 3743/3743/3743 3743/3743/3743 
f 3743/3743/3743 3744/3744/3744 3743/3743/3743 
f 3743/3743/3743 3744/3744/3744 3745/3745/3745 
f 3744/3744/3744 3745/3745/3745 3745/3745/3745 
f 3745/3745/3745 3745/3745/3745 3746/3746/3746 
f 3745/3745/3745 3746/3746/3746 3746/3746/3746 
f 3746/3746/3746 3746/3746/3746 3747/3747/3747 
f 3746/3746/3746 3748/3748/3748 3747/3747/3747 
f 3747/3747/3747 3748/3748/3748 3748/3748/3748 
f 3748/3748/3748 3749/3749/3749 3748/3748/3748 
f 3748/3748/3748 3749/3749/3749 3749/3749/3749 
f 3749/3749/3749 3750/3750/3750 3749/3749/3749 
f 3749/3749/3749 3750/3750/3750 3751/3751/3751 
f 3750/3750/3750 3751/3751/3751 3751/3751/3751 
f 3751/3751/3751 3751/3751/3751 3752/3752/3752 
f 3751/3751/3751 3752/3752/3752 3752/3752/3752 
f 3752/3752/3752 3752/3752/3752 3753/3753/3753 
f 3752/3752/3752 3754/3754/3754 3753/3753/3753 
f 3753/3753/3753 3754/3754/3754 3755/3755/3755 
f 3754/3754/3754 3755/3755/3755 3755/3755/3755 
f 3755/3755/3755 3755/3755/3755 3756/3756/3756 
f 3755/3755/3755 3756/3756/3756 3756/3756/3756 
f 3756/3756/3756 3756/3756/3756 3757/3757/3757 
f 3756/3756/3756 3758/3758/3758 3757/3757/3757 
f 3757/3757/3757 3758/3758/3758 3757/3757/3757 
f 3758/3758/3758 3759/3759/3759 3757/3757/3757 
f 3757/3757/3757 3759/3759/3759 3760/3760/3760 
f 3759/3759/3759 3760/3760/3760 3760/3760/3760 
f 3760/3760/3760 3760/3760/3760 3761/3761/3761 
f 3760/3760/3760 3761/3761/3761 3761/3761/3761 
f 3761/3761/3761 3761/3761/3761 3762/3762/3762 
f 3761/3761/3761 3763/3763/3763 3762/3762/3762 
f 3762/3762/3762 3763/3763/3763 3764/3764/3764 
f 3763/3763/3763 3765/3765/3765 3764/3764/3764 
f 3764/3764/3764 3765/3765/3765 3765/3765/3765 
f 3765/3765/3765 3766/3766/3766 3765/3765/3765 
f 3765/3765/3765 3766/3766/3766 3766/3766/3766 
f 3766/3766/3766 3767/3767/3767 3766/3766/3766 
f 3766/3766/3766 3767/3767/3767 3768/3768/3768 
f 3767/3767/3767 3768/3768/3768 3768/3768/3768 
f 3768/3768/3768 3768/3768/3768 3769/3769/3769 
f 3768/3768/3768 3769/3769/3769 3769/3769/3769 
f 3769/3769/3769 3769/3769/3769 3770/3770/3770 
f 3769/3769/3769 3771/3771/3771 3770/3770/3770 
f 3770/3770/3770 3771/3771/3771 3770/3770/3770 
f 3771/3771/3771 3772/3772/3772 3770/3770/3770 
f 3770/3770/3770 3772/3772/3772 3773/3773/3773 
f 3772/3772/3772 3773/3773/3773 3773/3773/3773 
f 3773/3773/3773 3773/3773/3773 3774/3774/3774 
f 3773/3773/3773 3774/3774/3774 3774/3774/3774 
f 3774/3774/3774 3774/3774/3774 3775/3775/3775 
f 3774/3774/3774 3776/3776/3776 3775/3775/3775 
f 3775/3775/3775 3776/3776/3776 3777/3777/3777 
f 3776/3776/3776 3777/3777/3777 3777/3777/3777 
f 3777/3777/3777 3777/3777/3777 3778/3778/3778 
f 3777/3777/3777 3778/3778/3778 3778/3778/3778 
f 3778/3778/3778 3778/3778/3778 3779/3779/3779 
f 3778/3778/3778 3780/3780/3780 3779/3779/3779 
f 3779/3779/3779 3780/3780/3780 3780/3780/3780 
f 3780/3780/3780 3781/3781/3781 3780/3780/3780 
f 3780/3780/3780 3781/3781/3781 3781/3781/3781 
f 3781/3781/3781 3782/3782/3782 3781/3781/3781 
f 3781/3781/3781 3782/3782/3782 3783/3783/3783 
f 3782/3782/3782 3783/3783/3783 3783/3783/3783 
f 3783/3783/3783 3783/3783/3783 3784/3784/3784 
f 3783/3783/3783 3784/3784/3784 3784/3784/3784 
f 3784/3784/3784 3784/3784/3784 3785/3785/3785 
f 3784/3784/3784 3786/3786/3786 3785/3785/3785 
f 3785/3785/3785 3786/3786/3786 3786/3786/3786 
f 3786/3786/3786 3787/3787/3787 3786/3786/3786 
f 3786/3786/3786 3787/3787/3787 3787/3787/3787 
f 3787/3787/3787 3788/3788/3788 3787/3787/3787 
f 3787/3787/3787 3788/3788/3788 3789/3789/3789 
f 3788/3788/3788 3789/3789/3789 3789/3789/3789 
f 3789/3789/3789 3789/3789/3789 3787/3787/3787 
f 3789/3789/3789 3787/3787/3787 3787/3787/3787 
f 3787/3787/3787 3787/3787/3787 3788/3788/3788 
f 3787/3787/3787 3790/3790/3790 3788/3788/3788 
f 3788/3788/3788 3790/3790/3790 3790/3790/3790 
f 3790/3790/3790 3791/3791/3791 3790/3790/3790 
f 3790/3790/3790 3791/3791/3791 3791/3791/3791 
f 3791/3791/3791 3792/3792/3792 3791/3791/3791 
f 3791/3791/3791 3792/3792/3792 3793/3793/3793 
f 3792/3792/3792 3793/3793/3793 3793/3793/3793 
f 3793/3793/3793 3793/3793/3793 3791/3791/3791 
f 3793/3793/3793 3791/3791/3791 3791/3791/3791 
f 3791/3791/3791 3791/3791/3791 3792/3792/3792 
f 3791/3791/3791 3794/3794/3794 3792/3792/3792 
f 3792/3792/3792 3794/3794/3794 3794/3794/3794 
f 3794/3794/3794 3795/3795/3795 3794/3794/3794 
f 3794/3794/3794 3795/3795/3795 3795/3795/3795 
f 3795/3795/3795 3796/3796/3796 3795/3795/3795 
f 3795/3795/3795 3796/3796/3796 3797/3797/3797 
f 3796/3796/3796 3797/3797/3797 3797/3797/3797 
f 3797/3797/3797 3797/3797/3797 3795/3795/3795 
f 3797/3797/3797 3795/3795/3795 3795/3795/3795 
f 3795/3795/3795 3795/3795/3795 3796/3796/3796 
f 3795/3795/3795 3798/3798/3798 3796/3796/3796 
f 3796/3796/3796 3798/3798/3798 3798/3798/3798 
f 3798/3798/3798 3799/3799/3799 3798/3798/3798 
f 3798/3798/3798 3799/3799/3799 3799/3799/3799 
f 3799/3799/3799 3800/3800/3800 3799/3799/3799 
f 3799/3799/3799 3800/3800/3800 3801/3801/3801 
f 3800/3800/3800 3801/3801/3801 3801/3801/3801 
f 3801/3801/3801 3801/3801/3801 3799/3799/3799 
f 3801/3801/3801 3799/3799/3799 3799/3799/3799 
f 3799/3799/3799 3799/3799/3799 3800/3800/3800 
f 3799/3799/3799 3802/3802/3802 3800/3800/3800 
f 3800/3800/3800 3802/3802/3802 3802/3802/3802 
f 3802/3802/3802 3803/3803/3803 3802/3802/3802 
f 3802/3802/3802 3803/3803/3803 3803/3803/3803 
f 3803/3803/3803 3804/3804/3804 3803/3803/3803 
f 3803/3803/3803 3804/3804/3804 3805/3805/3805 
f 3804/3804/3804 3805/3805/3805 3805/3805/3805 
f 3805/3805/3805 3805/3805/3805 3803/3803/3803 
f 3805/3805/3805 3803/3803/3803 3803/3803/3803 
f 3803/3803/3803 3803/3803/3803 3804/3804/3804 
f 3803/3803/3803 3806/3806/3806 3804/3804/3804 
f 3804/3804/3804 3806/3806/3806 3806/3806/3806 
f 3806/3806/3806 3807/3807/3807 3806/3806/3806 
f 3806/3806/3806 3807/3807/3807 3807/3807/3807 
f 3807/3807/3807 3808/3808/3808 3807/3807/3807 
f 3807/3807/3807 3808/3808/3808 3809/3809/3809 
f 3808/3808/3808 3810/3810/3810 3809/3809/3809 
f 3809/3809/3809 3810/3810/3810 3809/3809/3809 
f 3810/3810/3810 3811/3811/3811 3809/3809/3809 
f 3809/3809/3809 3811/3811/3811 3809/3809/3809 
f 3811/3811/3811 3812/3812/3812 3809/3809/3809 
f 3809/3809/3809 3812/3812/3812 3809/3809/3809 
f 3812/3812/3812 3813/3813/3813 3809/3809/3809 
f 3809/3809/3809 3813/3813/3813 3809/3809/3809 
f 3813/3813/3813 3814/3814/3814 3809/3809/3809 
f 3809/3809/3809 3814/3814/3814 3807/3807/3807 
f 3814/3814/3814 3807/3807/3807 3807/3807/3807 
f 3807/3807/3807 3807/3807/3807 3815/3815/3815 
f 3807/3807/3807 3815/3815/3815 3815/3815/3815 
f 3815/3815/3815 3815/3815/3815 3816/3816/3816 
f 3815/3815/3815 3817/3817/3817 3816/3816/3816 
f 3816/3816/3816 3817/3817/3817 3816/3816/3816 
f 3817/3817/3817 3818/3818/3818 3816/3816/3816 
f 3816/3816/3816 3818/3818/3818 3819/3819/3819 
f 3818/3818/3818 3820/3820/3820 3819/3819/3819 
f 3819/3819/3819 3820/3820/3820 3820/3820/3820 
f 3820/3820/3820 3821/3821/3821 3820/3820/3820 
f 3820/3820/3820 3821/3821/3821 3821/3821/3821 
f 3821/3821/3821 3822/3822/3822 3821/3821/3821 
f 3821/3821/3821 3822/3822/3822 3823/3823/3823 
f 3822/3822/3822 3824/3824/3824 3823/3823/3823 
f 3823/3823/3823 3824/3824/3824 3824/3824/3824 
f 3824/3824/3824 3825/3825/3825 3824/3824/3824 
f 3824/3824/3824 3825/3825/3825 3825/3825/3825 
f 3825/3825/3825 3826/3826/3826 3825/3825/3825 
f 3825/3825/3825 3826/3826/3826 3827/3827/3827 
f 3826/3826/3826 3828/3828/3828 3827/3827/3827 
f 3827/3827/3827 3828/3828/3828 3828/3828/3828 
f 3828/3828/3828 3829/3829/3829 3828/3828/3828 
f 3828/3828/3828 3829/3829/3829 3829/3829/3829 
f 3829/3829/3829 3830/3830/3830 3829/3829/3829 
f 3829/3829/3829 3830/3830/3830 3831/3831/3831 
f 3830/3830/3830 3832/3832/3832 3831/3831/3831 
f 3831/3831/3831 3832/3832/3832 3832/3832/3832 
f 3832/3832/3832 3833/3833/3833 3832/3832/3832 
f 3832/3832/3832 3833/3833/3833 3833/3833/3833 
f 3833/3833/3833 3834/3834/3834 3833/3833/3833 
f 3833/3833/3833 3834/3834/3834 3835/3835/3835 
f 3834/3834/3834 3836/3836/3836 3835/3835/3835 
f 3835/3835/3835 3836/3836/3836 3836/3836/3836 
f 3836/3836/3836 3837/3837/3837 3836/3836/3836 
f 3836/3836/3836 3837/3837/3837 3837/3837/3837 
f 3837/3837/3837 3838/3838/3838 3837/3837/3837 
f 3837/3837/3837 3838/3838/3838 3839/3839/3839 
f 3838/3838/3838 3840/3840/3840 3839/3839/3839 

