mtllib model_8.mtl
o model_8
v 1322.7872314453125 209.33961486816406 -1396.2698974609375 
v 1322.7872314453125 230.3253631591797 -1396.2698974609375 
v 1322.7872314453125 209.33961486816406 -1760.9227294921875 
v 1322.7872314453125 230.3253631591797 -1760.9227294921875 
v 1343.773681640625 209.33961486816406 -1760.9227294921875 
v 1343.773681640625 230.3253631591797 -1760.9227294921875 
v 1343.773681640625 209.33961486816406 -1396.2698974609375 
v 1343.773681640625 230.3253631591797 -1396.2698974609375 
v 1322.7872314453125 209.33961486816406 -1760.9227294921875 
v 1343.773681640625 209.33961486816406 -1760.9227294921875 
v 1322.7872314453125 209.33961486816406 -1396.2698974609375 
v 1343.773681640625 209.33961486816406 -1396.2698974609375 
v 1343.773681640625 230.3253631591797 -1760.9227294921875 
v 1322.7872314453125 230.3253631591797 -1760.9227294921875 
v 1343.773681640625 230.3253631591797 -1396.2698974609375 
v 1322.7872314453125 230.3253631591797 -1396.2698974609375 
v 1322.7872314453125 209.33961486816406 -1535.5921630859375 
v 1322.7872314453125 21.02748680114746 -1514.4151611328125 
v 1322.7872314453125 209.33961486816406 -1514.4151611328125 
v 1343.773681640625 209.33961486816406 -1514.4151611328125 
v 1343.773681640625 21.02748680114746 -1514.4151611328125 
v 1322.7872314453125 209.33961486816406 -1514.4151611328125 
v 1322.7872314453125 21.02748680114746 -1514.4151611328125 
v 1343.773681640625 209.33961486816406 -1514.4151611328125 
v 1343.773681640625 209.33961486816406 -1535.5921630859375 
v 1343.773681640625 21.02748680114746 -1535.5921630859375 
v 1322.7872314453125 209.33961486816406 -1535.5921630859375 
v 1343.773681640625 209.33961486816406 -1535.5921630859375 
v 1322.7872314453125 21.02748680114746 -1535.5921630859375 
v 1343.773681640625 21.02748680114746 -1535.5921630859375 
v 1322.7872314453125 209.33961486816406 -1760.9227294921875 
v 1322.7872314453125 21.02748680114746 -1739.9315185546875 
v 1322.7872314453125 209.33961486816406 -1739.9315185546875 
v 1343.773681640625 209.33961486816406 -1739.9315185546875 
v 1343.773681640625 21.02748680114746 -1739.9315185546875 
v 1322.7872314453125 209.33961486816406 -1739.9315185546875 
v 1322.7872314453125 21.02748680114746 -1739.9315185546875 
v 1343.773681640625 209.33961486816406 -1739.9315185546875 
v 1343.773681640625 209.33961486816406 -1760.9227294921875 
v 1343.773681640625 21.02748680114746 -1760.9227294921875 
v 1322.7872314453125 209.33961486816406 -1760.9227294921875 
v 1343.773681640625 209.33961486816406 -1760.9227294921875 
v 1322.7872314453125 21.02748680114746 -1760.9227294921875 
v 1343.773681640625 21.02748680114746 -1760.9227294921875 
v 1322.7872314453125 209.33961486816406 -1417.2611083984375 
v 1322.7872314453125 21.02748680114746 -1396.2698974609375 
v 1322.7872314453125 209.33961486816406 -1396.2698974609375 
v 1343.773681640625 209.33961486816406 -1396.2698974609375 
v 1343.773681640625 21.02748680114746 -1396.2698974609375 
v 1322.7872314453125 209.33961486816406 -1396.2698974609375 
v 1322.7872314453125 21.02748680114746 -1396.2698974609375 
v 1343.773681640625 209.33961486816406 -1396.2698974609375 
v 1343.773681640625 209.33961486816406 -1417.2611083984375 
v 1343.773681640625 21.02748680114746 -1417.2611083984375 
v 1322.7872314453125 209.33961486816406 -1417.2611083984375 
v 1343.773681640625 209.33961486816406 -1417.2611083984375 
v 1322.7872314453125 21.02748680114746 -1417.2611083984375 
v 1343.773681640625 21.02748680114746 -1417.2611083984375 
v 1322.7872314453125 209.33961486816406 -1739.9315185546875 
v 1322.7872314453125 209.33961486816406 -1760.9227294921875 
v 1322.7872314453125 230.3253631591797 -1739.9315185546875 
v 1322.7872314453125 230.3253631591797 -1760.9227294921875 
v 1116.0052490234375 209.33961486816406 -1514.4151611328125 
v 1322.7872314453125 209.33961486816406 -1514.4151611328125 
v 1116.0052490234375 230.3253631591797 -1514.4151611328125 
v 1322.7872314453125 230.3253631591797 -1514.4151611328125 
v 1116.0052490234375 230.3253631591797 -1739.9315185546875 
v 1322.7872314453125 230.3253631591797 -1739.9315185546875 
v 1116.0052490234375 230.3253631591797 -1760.9227294921875 
v 1322.7872314453125 230.3253631591797 -1760.9227294921875 
v 1116.0052490234375 230.3253631591797 -1760.9227294921875 
v 1322.7872314453125 230.3253631591797 -1760.9227294921875 
v 1116.0052490234375 209.33961486816406 -1760.9227294921875 
v 1322.7872314453125 209.33961486816406 -1760.9227294921875 
v 1116.0052490234375 209.33961486816406 -1760.9227294921875 
v 1322.7872314453125 209.33961486816406 -1760.9227294921875 
v 1116.0052490234375 209.33961486816406 -1739.9315185546875 
v 1322.7872314453125 209.33961486816406 -1739.9315185546875 
v 1322.7872314453125 209.33961486816406 -1514.4151611328125 
v 1322.7872314453125 209.33961486816406 -1535.5921630859375 
v 1322.7872314453125 230.3253631591797 -1514.4151611328125 
v 1322.7872314453125 230.3253631591797 -1535.5921630859375 
v 1116.0052490234375 209.33961486816406 -1396.2698974609375 
v 1322.7872314453125 209.33961486816406 -1396.2698974609375 
v 1116.0052490234375 230.3253631591797 -1396.2698974609375 
v 1322.7872314453125 230.3253631591797 -1396.2698974609375 
v 1116.0052490234375 230.3253631591797 -1514.4151611328125 
v 1322.7872314453125 230.3253631591797 -1514.4151611328125 
v 1116.0052490234375 230.3253631591797 -1535.5921630859375 
v 1322.7872314453125 230.3253631591797 -1535.5921630859375 
v 1116.0052490234375 230.3253631591797 -1535.5921630859375 
v 1322.7872314453125 230.3253631591797 -1535.5921630859375 
v 1116.0052490234375 209.33961486816406 -1535.5921630859375 
v 1322.7872314453125 209.33961486816406 -1535.5921630859375 
v 1116.0052490234375 209.33961486816406 -1535.5921630859375 
v 1322.7872314453125 209.33961486816406 -1535.5921630859375 
v 1116.0052490234375 209.33961486816406 -1514.4151611328125 
v 1322.7872314453125 209.33961486816406 -1514.4151611328125 
v 1322.7872314453125 209.33961486816406 -1396.2698974609375 
v 1322.7872314453125 209.33961486816406 -1417.2611083984375 
v 1322.7872314453125 230.3253631591797 -1396.2698974609375 
v 1322.7872314453125 230.3253631591797 -1417.2611083984375 
v 1116.0052490234375 230.3253631591797 -1396.2698974609375 
v 1322.7872314453125 230.3253631591797 -1396.2698974609375 
v 1116.0052490234375 230.3253631591797 -1417.2611083984375 
v 1322.7872314453125 230.3253631591797 -1417.2611083984375 
v 1116.0052490234375 230.3253631591797 -1417.2611083984375 
v 1322.7872314453125 230.3253631591797 -1417.2611083984375 
v 1116.0052490234375 209.33961486816406 -1417.2611083984375 
v 1322.7872314453125 209.33961486816406 -1417.2611083984375 
v 1116.0052490234375 209.33961486816406 -1417.2611083984375 
v 1322.7872314453125 209.33961486816406 -1417.2611083984375 
v 1116.0052490234375 209.33961486816406 -1396.2698974609375 
v 1322.7872314453125 209.33961486816406 -1396.2698974609375 
v 1322.7872314453125 0.04173729941248894 -1396.2698974609375 
v 1322.7872314453125 21.02748680114746 -1396.2698974609375 
v 1322.7872314453125 0.04173729941248894 -1760.9227294921875 
v 1322.7872314453125 21.02748680114746 -1760.9227294921875 
v 1343.773681640625 0.04173729941248894 -1760.9227294921875 
v 1343.773681640625 21.02748680114746 -1760.9227294921875 
v 1343.773681640625 0.04173729941248894 -1396.2698974609375 
v 1343.773681640625 21.02748680114746 -1396.2698974609375 
v 1322.7872314453125 230.3253631591797 -1396.2698974609375 
v 1322.7872314453125 209.33961486816406 -1396.2698974609375 
v 1343.773681640625 230.3253631591797 -1396.2698974609375 
v 1343.773681640625 209.33961486816406 -1396.2698974609375 
v 1322.7872314453125 0.04173729941248894 -1760.9227294921875 
v 1343.773681640625 0.04173729941248894 -1760.9227294921875 
v 1322.7872314453125 0.04173729941248894 -1396.2698974609375 
v 1343.773681640625 0.04173729941248894 -1396.2698974609375 
v 1343.773681640625 21.02748680114746 -1760.9227294921875 
v 1322.7872314453125 21.02748680114746 -1760.9227294921875 
v 1343.773681640625 21.02748680114746 -1396.2698974609375 
v 1322.7872314453125 21.02748680114746 -1396.2698974609375 
v 1322.7872314453125 0.04173729941248894 -1739.9315185546875 
v 1322.7872314453125 0.04173729941248894 -1760.9227294921875 
v 1322.7872314453125 21.02748680114746 -1739.9315185546875 
v 1322.7872314453125 21.02748680114746 -1760.9227294921875 
v 1116.0052490234375 0.04173729941248894 -1514.4151611328125 
v 1322.7872314453125 0.04173729941248894 -1514.4151611328125 
v 1116.0052490234375 21.02748680114746 -1514.4151611328125 
v 1322.7872314453125 21.02748680114746 -1514.4151611328125 
v 1116.0052490234375 21.02748680114746 -1739.9315185546875 
v 1322.7872314453125 21.02748680114746 -1739.9315185546875 
v 1116.0052490234375 21.02748680114746 -1760.9227294921875 
v 1322.7872314453125 21.02748680114746 -1760.9227294921875 
v 1116.0052490234375 21.02748680114746 -1760.9227294921875 
v 1322.7872314453125 21.02748680114746 -1760.9227294921875 
v 1116.0052490234375 0.04173729941248894 -1760.9227294921875 
v 1322.7872314453125 0.04173729941248894 -1760.9227294921875 
v 1116.0052490234375 0.04173729941248894 -1760.9227294921875 
v 1322.7872314453125 0.04173729941248894 -1760.9227294921875 
v 1116.0052490234375 0.04173729941248894 -1739.9315185546875 
v 1322.7872314453125 0.04173729941248894 -1739.9315185546875 
v 1322.7872314453125 0.04173729941248894 -1514.4151611328125 
v 1322.7872314453125 0.04173729941248894 -1535.5921630859375 
v 1322.7872314453125 21.02748680114746 -1514.4151611328125 
v 1322.7872314453125 21.02748680114746 -1535.5921630859375 
v 1116.0052490234375 0.04173729941248894 -1396.2698974609375 
v 1322.7872314453125 0.04173729941248894 -1396.2698974609375 
v 1116.0052490234375 21.02748680114746 -1396.2698974609375 
v 1322.7872314453125 21.02748680114746 -1396.2698974609375 
v 1116.0052490234375 21.02748680114746 -1514.4151611328125 
v 1322.7872314453125 21.02748680114746 -1514.4151611328125 
v 1116.0052490234375 21.02748680114746 -1535.5921630859375 
v 1322.7872314453125 21.02748680114746 -1535.5921630859375 
v 1116.0052490234375 21.02748680114746 -1535.5921630859375 
v 1322.7872314453125 21.02748680114746 -1535.5921630859375 
v 1116.0052490234375 0.04173729941248894 -1535.5921630859375 
v 1322.7872314453125 0.04173729941248894 -1535.5921630859375 
v 1116.0052490234375 0.04173729941248894 -1535.5921630859375 
v 1322.7872314453125 0.04173729941248894 -1535.5921630859375 
v 1116.0052490234375 0.04173729941248894 -1514.4151611328125 
v 1322.7872314453125 0.04173729941248894 -1514.4151611328125 
v 1322.7872314453125 0.04173729941248894 -1396.2698974609375 
v 1322.7872314453125 0.04173729941248894 -1417.2611083984375 
v 1322.7872314453125 21.02748680114746 -1396.2698974609375 
v 1322.7872314453125 21.02748680114746 -1417.2611083984375 
v 1116.0052490234375 21.02748680114746 -1396.2698974609375 
v 1322.7872314453125 21.02748680114746 -1396.2698974609375 
v 1116.0052490234375 21.02748680114746 -1417.2611083984375 
v 1322.7872314453125 21.02748680114746 -1417.2611083984375 
v 1116.0052490234375 21.02748680114746 -1417.2611083984375 
v 1322.7872314453125 21.02748680114746 -1417.2611083984375 
v 1116.0052490234375 0.04173729941248894 -1417.2611083984375 
v 1322.7872314453125 0.04173729941248894 -1417.2611083984375 
v 1116.0052490234375 0.04173729941248894 -1417.2611083984375 
v 1322.7872314453125 0.04173729941248894 -1417.2611083984375 
v 1116.0052490234375 0.04173729941248894 -1396.2698974609375 
v 1322.7872314453125 0.04173729941248894 -1396.2698974609375 
v 1322.7872314453125 0.04173729941248894 -1760.9227294921875 
v 1322.7872314453125 21.02748680114746 -1760.9227294921875 
v 1343.773681640625 0.04173729941248894 -1760.9227294921875 
v 1343.773681640625 21.02748680114746 -1760.9227294921875 
v 1322.7872314453125 209.33961486816406 -1760.9227294921875 
v 1322.7872314453125 230.3253631591797 -1760.9227294921875 
v 1343.773681640625 209.33961486816406 -1760.9227294921875 
v 1343.773681640625 230.3253631591797 -1760.9227294921875 
v 1343.773681640625 21.02748680114746 -1396.2698974609375 
v 1322.7872314453125 21.02748680114746 -1396.2698974609375 
v 1343.773681640625 0.04173729941248894 -1396.2698974609375 
v 1322.7872314453125 0.04173729941248894 -1396.2698974609375 
v 1116.0052490234375 209.33961486816406 -1396.2698974609375 
v 1116.0052490234375 209.33961486816406 -1760.9227294921875 
v 1116.0052490234375 230.3253631591797 -1396.2698974609375 
v 1116.0052490234375 230.3253631591797 -1760.9227294921875 
v 1094.8720703125 209.33961486816406 -1760.9227294921875 
v 1094.8720703125 209.33961486816406 -1396.2698974609375 
v 1094.8720703125 230.3253631591797 -1760.9227294921875 
v 1094.8720703125 230.3253631591797 -1396.2698974609375 
v 1116.0052490234375 209.33961486816406 -1760.9227294921875 
v 1116.0052490234375 209.33961486816406 -1396.2698974609375 
v 1094.8720703125 209.33961486816406 -1760.9227294921875 
v 1094.8720703125 209.33961486816406 -1396.2698974609375 
v 1094.8720703125 230.3253631591797 -1760.9227294921875 
v 1094.8720703125 230.3253631591797 -1396.2698974609375 
v 1116.0052490234375 230.3253631591797 -1760.9227294921875 
v 1116.0052490234375 230.3253631591797 -1396.2698974609375 
v 1116.0052490234375 209.33961486816406 -1514.4151611328125 
v 1116.0052490234375 21.02748680114746 -1514.4151611328125 
v 1116.0052490234375 209.33961486816406 -1535.5921630859375 
v 1116.0052490234375 21.02748680114746 -1535.5921630859375 
v 1094.8720703125 209.33961486816406 -1514.4151611328125 
v 1094.8720703125 21.02748680114746 -1514.4151611328125 
v 1116.0052490234375 209.33961486816406 -1514.4151611328125 
v 1116.0052490234375 21.02748680114746 -1514.4151611328125 
v 1094.8720703125 209.33961486816406 -1535.5921630859375 
v 1094.8720703125 21.02748680114746 -1535.5921630859375 
v 1094.8720703125 209.33961486816406 -1514.4151611328125 
v 1094.8720703125 21.02748680114746 -1514.4151611328125 
v 1116.0052490234375 209.33961486816406 -1535.5921630859375 
v 1116.0052490234375 21.02748680114746 -1535.5921630859375 
v 1094.8720703125 209.33961486816406 -1535.5921630859375 
v 1094.8720703125 21.02748680114746 -1535.5921630859375 
v 1116.0052490234375 209.33961486816406 -1739.9315185546875 
v 1116.0052490234375 21.02748680114746 -1739.9315185546875 
v 1116.0052490234375 209.33961486816406 -1760.9227294921875 
v 1116.0052490234375 21.02748680114746 -1760.9227294921875 
v 1094.8720703125 209.33961486816406 -1739.9315185546875 
v 1094.8720703125 21.02748680114746 -1739.9315185546875 
v 1116.0052490234375 209.33961486816406 -1739.9315185546875 
v 1116.0052490234375 21.02748680114746 -1739.9315185546875 
v 1094.8720703125 209.33961486816406 -1760.9227294921875 
v 1094.8720703125 21.02748680114746 -1760.9227294921875 
v 1094.8720703125 209.33961486816406 -1739.9315185546875 
v 1094.8720703125 21.02748680114746 -1739.9315185546875 
v 1116.0052490234375 209.33961486816406 -1760.9227294921875 
v 1116.0052490234375 21.02748680114746 -1760.9227294921875 
v 1094.8720703125 209.33961486816406 -1760.9227294921875 
v 1094.8720703125 21.02748680114746 -1760.9227294921875 
v 1116.0052490234375 209.33961486816406 -1396.2698974609375 
v 1116.0052490234375 21.02748680114746 -1396.2698974609375 
v 1116.0052490234375 209.33961486816406 -1417.2611083984375 
v 1116.0052490234375 21.02748680114746 -1417.2611083984375 
v 1094.8720703125 209.33961486816406 -1396.2698974609375 
v 1094.8720703125 21.02748680114746 -1396.2698974609375 
v 1116.0052490234375 209.33961486816406 -1396.2698974609375 
v 1116.0052490234375 21.02748680114746 -1396.2698974609375 
v 1094.8720703125 209.33961486816406 -1417.2611083984375 
v 1094.8720703125 21.02748680114746 -1417.2611083984375 
v 1094.8720703125 209.33961486816406 -1396.2698974609375 
v 1094.8720703125 21.02748680114746 -1396.2698974609375 
v 1116.0052490234375 209.33961486816406 -1417.2611083984375 
v 1116.0052490234375 21.02748680114746 -1417.2611083984375 
v 1094.8720703125 209.33961486816406 -1417.2611083984375 
v 1094.8720703125 21.02748680114746 -1417.2611083984375 
v 1116.0052490234375 209.33961486816406 -1739.9315185546875 
v 1116.0052490234375 230.3253631591797 -1739.9315185546875 
v 1116.0052490234375 209.33961486816406 -1760.9227294921875 
v 1116.0052490234375 230.3253631591797 -1760.9227294921875 
v 1116.0052490234375 209.33961486816406 -1514.4151611328125 
v 1116.0052490234375 230.3253631591797 -1514.4151611328125 
v 1116.0052490234375 209.33961486816406 -1535.5921630859375 
v 1116.0052490234375 230.3253631591797 -1535.5921630859375 
v 1116.0052490234375 209.33961486816406 -1396.2698974609375 
v 1116.0052490234375 230.3253631591797 -1396.2698974609375 
v 1116.0052490234375 209.33961486816406 -1417.2611083984375 
v 1116.0052490234375 230.3253631591797 -1417.2611083984375 
v 1116.0052490234375 0.04173729941248894 -1396.2698974609375 
v 1116.0052490234375 0.04173729941248894 -1760.9227294921875 
v 1116.0052490234375 21.02748680114746 -1396.2698974609375 
v 1116.0052490234375 21.02748680114746 -1760.9227294921875 
v 1094.8720703125 0.04173729941248894 -1760.9227294921875 
v 1094.8720703125 0.04173729941248894 -1396.2698974609375 
v 1094.8720703125 21.02748680114746 -1760.9227294921875 
v 1094.8720703125 21.02748680114746 -1396.2698974609375 
v 1116.0052490234375 230.3253631591797 -1396.2698974609375 
v 1094.8720703125 230.3253631591797 -1396.2698974609375 
v 1116.0052490234375 209.33961486816406 -1396.2698974609375 
v 1094.8720703125 209.33961486816406 -1396.2698974609375 
v 1116.0052490234375 0.04173729941248894 -1760.9227294921875 
v 1116.0052490234375 0.04173729941248894 -1396.2698974609375 
v 1094.8720703125 0.04173729941248894 -1760.9227294921875 
v 1094.8720703125 0.04173729941248894 -1396.2698974609375 
v 1094.8720703125 21.02748680114746 -1760.9227294921875 
v 1094.8720703125 21.02748680114746 -1396.2698974609375 
v 1116.0052490234375 21.02748680114746 -1760.9227294921875 
v 1116.0052490234375 21.02748680114746 -1396.2698974609375 
v 1116.0052490234375 0.04173729941248894 -1739.9315185546875 
v 1116.0052490234375 21.02748680114746 -1739.9315185546875 
v 1116.0052490234375 0.04173729941248894 -1760.9227294921875 
v 1116.0052490234375 21.02748680114746 -1760.9227294921875 
v 1116.0052490234375 0.04173729941248894 -1514.4151611328125 
v 1116.0052490234375 21.02748680114746 -1514.4151611328125 
v 1116.0052490234375 0.04173729941248894 -1535.5921630859375 
v 1116.0052490234375 21.02748680114746 -1535.5921630859375 
v 1116.0052490234375 0.04173729941248894 -1396.2698974609375 
v 1116.0052490234375 21.02748680114746 -1396.2698974609375 
v 1116.0052490234375 0.04173729941248894 -1417.2611083984375 
v 1116.0052490234375 21.02748680114746 -1417.2611083984375 
v 1116.0052490234375 0.04173729941248894 -1760.9227294921875 
v 1094.8720703125 0.04173729941248894 -1760.9227294921875 
v 1116.0052490234375 21.02748680114746 -1760.9227294921875 
v 1094.8720703125 21.02748680114746 -1760.9227294921875 
v 1116.0052490234375 209.33961486816406 -1760.9227294921875 
v 1094.8720703125 209.33961486816406 -1760.9227294921875 
v 1116.0052490234375 230.3253631591797 -1760.9227294921875 
v 1094.8720703125 230.3253631591797 -1760.9227294921875 
v 1094.8720703125 21.02748680114746 -1396.2698974609375 
v 1094.8720703125 0.04173729941248894 -1396.2698974609375 
v 1116.0052490234375 21.02748680114746 -1396.2698974609375 
v 1116.0052490234375 0.04173729941248894 -1396.2698974609375 
v 1116.0052490234375 0.04173729941248894 -1739.9315185546875 
v 1322.7872314453125 0.04173729941248894 -1739.9315185546875 
v 1116.0052490234375 21.02748680114746 -1739.9315185546875 
v 1322.7872314453125 21.02748680114746 -1739.9315185546875 
v 1116.0052490234375 209.33961486816406 -1739.9315185546875 
v 1322.7872314453125 209.33961486816406 -1739.9315185546875 
v 1116.0052490234375 230.3253631591797 -1739.9315185546875 
v 1322.7872314453125 230.3253631591797 -1739.9315185546875 
v 1334.234375 230.3253631591797 -1743.4609375 
v 1334.234375 458.3705139160156 -1743.4609375 
v 1336.4356689453125 230.3253631591797 -1741.4176025390625 
v 1336.4356689453125 458.3705139160156 -1741.4176025390625 
v 1336.4356689453125 318.1856994628906 -1542.0938720703125 
v 1336.4356689453125 458.3705139160156 -1542.0938720703125 
v 1336.4356689453125 230.3253631591797 -1540.2362060546875 
v 1336.4356689453125 318.1856994628906 -1399.6136474609375 
v 1336.4356689453125 230.3253631591797 -1399.6136474609375 
v 1334.52783203125 230.3253631591797 -1397.756103515625 
v 1334.52783203125 318.1856994628906 -1397.756103515625 
v 1334.234375 320.1443786621094 -1399.6136474609375 
v 1334.234375 320.1443786621094 -1540.2362060546875 
v 1334.234375 458.3705139160156 -1540.2362060546875 
v 1104.411376953125 458.3705139160156 -1743.4609375 
v 1102.356689453125 458.3705139160156 -1741.4176025390625 
v 1104.411376953125 230.3253631591797 -1743.4609375 
v 1102.356689453125 230.3253631591797 -1741.4176025390625 
v 1102.356689453125 318.1856994628906 -1542.0938720703125 
v 1102.356689453125 458.3705139160156 -1542.0938720703125 
v 1104.411376953125 320.1443786621094 -1540.2362060546875 
v 1104.411376953125 458.3705139160156 -1540.2362060546875 
v 1104.1177978515625 230.3253631591797 -1397.756103515625 
v 1102.356689453125 230.3253631591797 -1399.6136474609375 
v 1104.1177978515625 318.1856994628906 -1397.756103515625 
v 1102.356689453125 318.1856994628906 -1399.6136474609375 
v 1104.411376953125 320.1443786621094 -1399.6136474609375 
v 1102.356689453125 230.3253631591797 -1540.2362060546875 
v 1334.234375 458.3705139160156 -1540.2362060546875 
v 1338.4903564453125 458.3705139160156 -1536.892578125 
v 1336.4356689453125 458.3705139160156 -1542.0938720703125 
v 1340.691650390625 458.3705139160156 -1538.9359130859375 
v 1336.4356689453125 458.3705139160156 -1741.4176025390625 
v 1340.691650390625 458.3705139160156 -1744.5755615234375 
v 1338.4903564453125 458.3705139160156 -1746.6190185546875 
v 1338.4903564453125 463.4071044921875 -1746.6190185546875 
v 1340.691650390625 463.4071044921875 -1744.5755615234375 
v 1340.691650390625 463.4071044921875 -1538.9359130859375 
v 1338.4903564453125 463.4071044921875 -1536.892578125 
v 1334.234375 458.3705139160156 -1743.4609375 
v 1104.411376953125 458.3705139160156 -1743.4609375 
v 1100.1553955078125 458.3705139160156 -1746.6190185546875 
v 1102.356689453125 458.3705139160156 -1741.4176025390625 
v 1098.1007080078125 458.3705139160156 -1744.5755615234375 
v 1098.1007080078125 458.3705139160156 -1538.9359130859375 
v 1098.1007080078125 463.4071044921875 -1744.5755615234375 
v 1098.1007080078125 463.4071044921875 -1538.9359130859375 
v 1100.1553955078125 463.4071044921875 -1536.892578125 
v 1100.1553955078125 458.3705139160156 -1536.892578125 
v 1102.356689453125 458.3705139160156 -1542.0938720703125 
v 1104.411376953125 458.3705139160156 -1540.2362060546875 
v 1100.1553955078125 463.4071044921875 -1746.6190185546875 
v 1104.411376953125 230.3253631591797 -1743.4609375 
v 1334.234375 230.3253631591797 -1743.4609375 
v 1117.6195068359375 230.3253631591797 -1731.9437255859375 
v 1321.026123046875 230.3253631591797 -1731.9437255859375 
v 1104.411376953125 458.3705139160156 -1540.2362060546875 
v 1334.234375 458.3705139160156 -1540.2362060546875 
v 1100.1553955078125 458.3705139160156 -1536.892578125 
v 1338.4903564453125 458.3705139160156 -1536.892578125 
v 1100.1553955078125 463.4071044921875 -1536.892578125 
v 1338.4903564453125 463.4071044921875 -1536.892578125 
v 1104.411376953125 458.3705139160156 -1540.2362060546875 
v 1104.411376953125 320.1443786621094 -1540.2362060546875 
v 1334.234375 458.3705139160156 -1540.2362060546875 
v 1334.234375 320.1443786621094 -1540.2362060546875 
v 1334.234375 458.3705139160156 -1743.4609375 
v 1104.411376953125 458.3705139160156 -1743.4609375 
v 1338.4903564453125 458.3705139160156 -1746.6190185546875 
v 1100.1553955078125 458.3705139160156 -1746.6190185546875 
v 1338.4903564453125 463.4071044921875 -1746.6190185546875 
v 1100.1553955078125 463.4071044921875 -1746.6190185546875 
v 1111.89599609375 463.4071044921875 -1736.4019775390625 
v 1100.1553955078125 463.4071044921875 -1746.6190185546875 
v 1109.8414306640625 463.4071044921875 -1734.358642578125 
v 1098.1007080078125 463.4071044921875 -1744.5755615234375 
v 1098.1007080078125 463.4071044921875 -1538.9359130859375 
v 1109.8414306640625 463.4071044921875 -1546.366455078125 
v 1100.1553955078125 463.4071044921875 -1536.892578125 
v 1112.042724609375 463.4071044921875 -1544.322998046875 
v 1100.1553955078125 463.4071044921875 -1536.892578125 
v 1112.042724609375 463.4071044921875 -1544.322998046875 
v 1338.4903564453125 463.4071044921875 -1536.892578125 
v 1326.749755859375 463.4071044921875 -1544.322998046875 
v 1326.749755859375 463.4071044921875 -1544.322998046875 
v 1328.8043212890625 463.4071044921875 -1546.366455078125 
v 1338.4903564453125 463.4071044921875 -1536.892578125 
v 1340.691650390625 463.4071044921875 -1538.9359130859375 
v 1328.8043212890625 463.4071044921875 -1734.358642578125 
v 1340.691650390625 463.4071044921875 -1744.5755615234375 
v 1338.4903564453125 463.4071044921875 -1746.6190185546875 
v 1326.749755859375 463.4071044921875 -1736.4019775390625 
v 1109.8414306640625 463.4071044921875 -1546.366455078125 
v 1109.8414306640625 463.4071044921875 -1734.358642578125 
v 1109.8414306640625 470.40234375 -1734.358642578125 
v 1111.89599609375 463.4071044921875 -1736.4019775390625 
v 1111.89599609375 470.40234375 -1736.4019775390625 
v 1056.5682373046875 568.6156616210938 -1737.14501953125 
v 1054.3668212890625 568.6156616210938 -1734.358642578125 
v 1109.8414306640625 470.40234375 -1546.366455078125 
v 1054.3668212890625 568.6156616210938 -1431.9364013671875 
v 1112.042724609375 470.40234375 -1544.322998046875 
v 1056.4215087890625 568.6156616210938 -1429.89306640625 
v 1112.042724609375 463.4071044921875 -1544.322998046875 
v 1338.4903564453125 463.4071044921875 -1746.6190185546875 
v 1100.1553955078125 463.4071044921875 -1746.6190185546875 
v 1326.749755859375 463.4071044921875 -1736.4019775390625 
v 1111.89599609375 463.4071044921875 -1736.4019775390625 
v 1326.749755859375 568.6156616210938 -1429.89306640625 
v 1326.749755859375 470.40234375 -1544.322998046875 
v 1328.8043212890625 568.6156616210938 -1431.9364013671875 
v 1328.8043212890625 470.40234375 -1546.366455078125 
v 1328.8043212890625 568.6156616210938 -1734.358642578125 
v 1328.8043212890625 470.40234375 -1734.358642578125 
v 1326.749755859375 568.6156616210938 -1736.4019775390625 
v 1326.749755859375 470.40234375 -1736.4019775390625 
v 1328.8043212890625 463.4071044921875 -1734.358642578125 
v 1326.749755859375 463.4071044921875 -1736.4019775390625 
v 1326.749755859375 463.4071044921875 -1544.322998046875 
v 1328.8043212890625 463.4071044921875 -1546.366455078125 
v 1326.749755859375 463.4071044921875 -1736.4019775390625 
v 1326.749755859375 470.40234375 -1736.4019775390625 
v 1111.89599609375 463.4071044921875 -1736.4019775390625 
v 1111.89599609375 470.40234375 -1736.4019775390625 
v 1326.749755859375 568.6156616210938 -1736.4019775390625 
v 1056.5682373046875 568.6156616210938 -1737.14501953125 
v 1112.042724609375 463.4071044921875 -1544.322998046875 
v 1326.749755859375 463.4071044921875 -1544.322998046875 
v 1112.042724609375 470.40234375 -1544.322998046875 
v 1326.749755859375 470.40234375 -1544.322998046875 
v 1326.749755859375 568.6156616210938 -1429.89306640625 
v 1056.4215087890625 568.6156616210938 -1429.89306640625 
v 1056.5682373046875 568.6156616210938 -1737.14501953125 
v 1045.267822265625 568.6156616210938 -1738.631103515625 
v 1054.3668212890625 568.6156616210938 -1734.358642578125 
v 1043.3599853515625 568.6156616210938 -1736.5877685546875 
v 1054.3668212890625 568.6156616210938 -1431.9364013671875 
v 1043.3599853515625 568.6156616210938 -1419.1187744140625 
v 1043.3599853515625 572.8128051757812 -1736.5877685546875 
v 1043.3599853515625 572.8128051757812 -1419.1187744140625 
v 1045.5614013671875 572.8128051757812 -1417.075439453125 
v 1045.5614013671875 568.6156616210938 -1417.075439453125 
v 1056.4215087890625 568.6156616210938 -1429.89306640625 
v 1045.267822265625 572.8128051757812 -1738.631103515625 
v 1326.749755859375 568.6156616210938 -1429.89306640625 
v 1331.0057373046875 568.6156616210938 -1417.075439453125 
v 1056.4215087890625 568.6156616210938 -1429.89306640625 
v 1045.5614013671875 568.6156616210938 -1417.075439453125 
v 1045.5614013671875 572.8128051757812 -1417.075439453125 
v 1331.0057373046875 572.8128051757812 -1417.075439453125 
v 1331.0057373046875 572.8128051757812 -1417.075439453125 
v 1331.0057373046875 568.6156616210938 -1417.075439453125 
v 1333.20703125 572.8128051757812 -1419.1187744140625 
v 1333.20703125 568.6156616210938 -1419.1187744140625 
v 1333.20703125 568.6156616210938 -1736.5877685546875 
v 1328.8043212890625 568.6156616210938 -1431.9364013671875 
v 1328.8043212890625 568.6156616210938 -1734.358642578125 
v 1331.0057373046875 568.6156616210938 -1738.631103515625 
v 1326.749755859375 568.6156616210938 -1736.4019775390625 
v 1326.749755859375 568.6156616210938 -1429.89306640625 
v 1333.20703125 572.8128051757812 -1736.5877685546875 
v 1331.0057373046875 572.8128051757812 -1738.631103515625 
v 1326.749755859375 568.6156616210938 -1736.4019775390625 
v 1056.5682373046875 568.6156616210938 -1737.14501953125 
v 1331.0057373046875 568.6156616210938 -1738.631103515625 
v 1045.267822265625 568.6156616210938 -1738.631103515625 
v 1045.267822265625 572.8128051757812 -1738.631103515625 
v 1331.0057373046875 572.8128051757812 -1738.631103515625 
v 1045.267822265625 572.8128051757812 -1738.631103515625 
v 1054.5135498046875 572.8128051757812 -1728.5999755859375 
v 1043.3599853515625 572.8128051757812 -1736.5877685546875 
v 1052.312255859375 572.8128051757812 -1726.7423095703125 
v 1043.3599853515625 572.8128051757812 -1419.1187744140625 
v 1052.312255859375 572.8128051757812 -1428.9642333984375 
v 1113.070068359375 475.71875 -1553.9827880859375 
v 1113.070068359375 475.71875 -1726.7423095703125 
v 1175.148681640625 383.6612548828125 -1553.9827880859375 
v 1175.148681640625 383.6612548828125 -1726.7423095703125 
v 1188.0633544921875 363.5149230957031 -1553.7969970703125 
v 1188.0633544921875 363.5149230957031 -1727.85693359375 
v 1188.0633544921875 343.6484069824219 -1553.7969970703125 
v 1115.2713623046875 475.71875 -1728.5999755859375 
v 1177.35009765625 383.6612548828125 -1728.5999755859375 
v 1190.2647705078125 363.5149230957031 -1729.7144775390625 
v 1188.0633544921875 343.6484069824219 -1728.7857666015625 
v 1190.2647705078125 343.6484069824219 -1730.8291015625 
v 1177.35009765625 323.78192138671875 -1731.9437255859375 
v 1175.148681640625 323.78192138671875 -1729.9002685546875 
v 1117.6195068359375 230.3253631591797 -1731.9437255859375 
v 1115.56494140625 230.3253631591797 -1729.9002685546875 
v 1104.411376953125 230.3253631591797 -1743.4609375 
v 1102.356689453125 230.3253631591797 -1741.4176025390625 
v 1115.56494140625 230.3253631591797 -1553.6112060546875 
v 1102.356689453125 230.3253631591797 -1540.2362060546875 
v 1175.148681640625 323.78192138671875 -1553.6112060546875 
v 1045.267822265625 572.8128051757812 -1738.631103515625 
v 1054.5135498046875 572.8128051757812 -1728.5999755859375 
v 1331.0057373046875 572.8128051757812 -1738.631103515625 
v 1322.053466796875 572.8128051757812 -1728.5999755859375 
v 1115.2713623046875 475.71875 -1728.5999755859375 
v 1322.053466796875 475.71875 -1728.5999755859375 
v 1177.35009765625 383.6612548828125 -1728.5999755859375 
v 1293.5823974609375 383.6612548828125 -1728.5999755859375 
v 1278.7598876953125 364.0745544433594 -1729.7144775390625 
v 1190.2647705078125 363.5149230957031 -1729.7144775390625 
v 1278.319580078125 343.92822265625 -1730.8291015625 
v 1190.2647705078125 343.6484069824219 -1730.8291015625 
v 1177.35009765625 323.78192138671875 -1731.9437255859375 
v 1292.1148681640625 323.78192138671875 -1731.9437255859375 
v 1321.026123046875 230.3253631591797 -1731.9437255859375 
v 1117.6195068359375 230.3253631591797 -1731.9437255859375 
v 1045.5614013671875 572.8128051757812 -1417.075439453125 
v 1331.0057373046875 572.8128051757812 -1417.075439453125 
v 1054.5135498046875 572.8128051757812 -1427.1065673828125 
v 1322.053466796875 572.8128051757812 -1427.1065673828125 
v 1115.2713623046875 475.71875 -1551.9393310546875 
v 1322.053466796875 475.71875 -1551.9393310546875 
v 1177.35009765625 383.6612548828125 -1551.9393310546875 
v 1293.5823974609375 383.6612548828125 -1551.9393310546875 
v 1278.7598876953125 364.0745544433594 -1551.7535400390625 
v 1190.2647705078125 363.5149230957031 -1551.7535400390625 
v 1278.1728515625 343.92822265625 -1551.7535400390625 
v 1190.2647705078125 343.6484069824219 -1551.7535400390625 
v 1177.35009765625 323.78192138671875 -1551.5677490234375 
v 1291.968017578125 323.78192138671875 -1551.5677490234375 
v 1321.026123046875 230.3253631591797 -1551.5677490234375 
v 1117.6195068359375 230.3253631591797 -1551.5677490234375 
v 1331.0057373046875 572.8128051757812 -1417.075439453125 
v 1322.053466796875 572.8128051757812 -1427.1065673828125 
v 1333.20703125 572.8128051757812 -1419.1187744140625 
v 1324.1080322265625 572.8128051757812 -1428.9642333984375 
v 1333.20703125 572.8128051757812 -1736.5877685546875 
v 1324.1080322265625 572.8128051757812 -1726.7423095703125 
v 1322.053466796875 572.8128051757812 -1728.5999755859375 
v 1322.053466796875 475.71875 -1728.5999755859375 
v 1324.1080322265625 475.71875 -1726.7423095703125 
v 1295.7838134765625 383.6612548828125 -1726.7423095703125 
v 1293.5823974609375 383.6612548828125 -1728.5999755859375 
v 1280.814453125 364.0745544433594 -1727.85693359375 
v 1278.7598876953125 364.0745544433594 -1729.7144775390625 
v 1280.3741455078125 344.2080383300781 -1728.7857666015625 
v 1278.319580078125 343.92822265625 -1730.8291015625 
v 1292.1148681640625 323.78192138671875 -1731.9437255859375 
v 1294.16943359375 323.78192138671875 -1729.9002685546875 
v 1321.026123046875 230.3253631591797 -1731.9437255859375 
v 1323.2275390625 230.3253631591797 -1729.9002685546875 
v 1334.234375 230.3253631591797 -1743.4609375 
v 1336.4356689453125 230.3253631591797 -1741.4176025390625 
v 1323.2275390625 230.3253631591797 -1553.6112060546875 
v 1336.4356689453125 230.3253631591797 -1540.2362060546875 
v 1321.026123046875 230.3253631591797 -1551.5677490234375 
v 1294.16943359375 323.78192138671875 -1553.6112060546875 
v 1280.3741455078125 344.2080383300781 -1553.7969970703125 
v 1322.053466796875 475.71875 -1551.9393310546875 
v 1324.1080322265625 475.71875 -1553.9827880859375 
v 1331.0057373046875 572.8128051757812 -1738.631103515625 
v 1291.968017578125 323.78192138671875 -1551.5677490234375 
v 1278.1728515625 343.92822265625 -1551.7535400390625 
v 1278.7598876953125 364.0745544433594 -1551.7535400390625 
v 1280.814453125 364.0745544433594 -1553.7969970703125 
v 1295.7838134765625 383.6612548828125 -1553.9827880859375 
v 1293.5823974609375 383.6612548828125 -1551.9393310546875 
v 1336.4356689453125 230.3253631591797 -1399.6136474609375 
v 1336.4356689453125 230.3253631591797 -1540.2362060546875 
v 1334.52783203125 230.3253631591797 -1397.756103515625 
v 1104.1177978515625 230.3253631591797 -1397.756103515625 
v 1102.356689453125 230.3253631591797 -1540.2362060546875 
v 1102.356689453125 230.3253631591797 -1399.6136474609375 
v 1336.4356689453125 230.3253631591797 -1540.2362060546875 
v 1102.356689453125 230.3253631591797 -1540.2362060546875 
v 1321.026123046875 230.3253631591797 -1551.5677490234375 
v 1117.6195068359375 230.3253631591797 -1551.5677490234375 
v 1104.1177978515625 230.3253631591797 -1397.756103515625 
v 1334.52783203125 230.3253631591797 -1397.756103515625 
v 1104.1177978515625 318.1856994628906 -1397.756103515625 
v 1334.52783203125 318.1856994628906 -1397.756103515625 
v 1334.234375 230.3253631591797 -1743.4609375 
v 1104.411376953125 230.3253631591797 -1743.4609375 
v 1334.234375 458.3705139160156 -1743.4609375 
v 1104.411376953125 458.3705139160156 -1743.4609375 
v 1334.234375 320.1443786621094 -1540.2362060546875 
v 1104.411376953125 320.1443786621094 -1540.2362060546875 
v 1334.234375 320.1443786621094 -1399.6136474609375 
v 1104.411376953125 320.1443786621094 -1399.6136474609375 
v 1188.9439697265625 330.4973449707031 -1540.6077880859375 
v 1188.9439697265625 347.8455810546875 -1522.7745361328125 
v 1166.34326171875 336.6531677246094 -1540.6077880859375 
v 1175.001953125 351.48309326171875 -1522.7745361328125 
v 1149.759521484375 353.1619567871094 -1540.6077880859375 
v 1164.7288818359375 361.8360595703125 -1522.7745361328125 
v 1161.0599365234375 375.8265686035156 -1522.7745361328125 
v 1143.742431640625 375.8265686035156 -1540.6077880859375 
v 1164.7288818359375 389.5372619628906 -1522.7745361328125 
v 1149.759521484375 398.21136474609375 -1540.6077880859375 
v 1175.001953125 399.8902282714844 -1522.7745361328125 
v 1166.34326171875 414.72015380859375 -1540.6077880859375 
v 1188.9439697265625 403.52777099609375 -1522.7745361328125 
v 1188.9439697265625 420.8759765625 -1540.6077880859375 
v 1280.2274169921875 420.8759765625 -1540.6077880859375 
v 1302.828125 414.72015380859375 -1540.6077880859375 
v 1280.2274169921875 403.52777099609375 -1522.7745361328125 
v 1294.16943359375 399.8902282714844 -1522.7745361328125 
v 1319.2650146484375 398.21136474609375 -1540.6077880859375 
v 1304.2957763671875 389.5372619628906 -1522.7745361328125 
v 1308.1114501953125 375.8265686035156 -1522.7745361328125 
v 1325.2821044921875 375.8265686035156 -1540.6077880859375 
v 1319.2650146484375 353.1619567871094 -1540.6077880859375 
v 1304.2957763671875 361.8360595703125 -1522.7745361328125 
v 1302.828125 336.6531677246094 -1540.6077880859375 
v 1294.16943359375 351.48309326171875 -1522.7745361328125 
v 1280.2274169921875 347.8455810546875 -1522.7745361328125 
v 1280.2274169921875 330.4973449707031 -1540.6077880859375 
v 1161.0599365234375 375.8265686035156 -1522.7745361328125 
v 1164.7288818359375 389.5372619628906 -1522.7745361328125 
v 1164.7288818359375 361.8360595703125 -1522.7745361328125 
v 1175.001953125 399.8902282714844 -1522.7745361328125 
v 1188.9439697265625 403.52777099609375 -1522.7745361328125 
v 1188.9439697265625 347.8455810546875 -1522.7745361328125 
v 1280.2274169921875 403.52777099609375 -1522.7745361328125 
v 1280.2274169921875 347.8455810546875 -1522.7745361328125 
v 1294.16943359375 399.8902282714844 -1522.7745361328125 
v 1294.16943359375 351.48309326171875 -1522.7745361328125 
v 1304.2957763671875 389.5372619628906 -1522.7745361328125 
v 1308.1114501953125 375.8265686035156 -1522.7745361328125 
v 1304.2957763671875 361.8360595703125 -1522.7745361328125 
v 1175.001953125 351.48309326171875 -1522.7745361328125 
v 1280.2274169921875 330.4973449707031 -1540.6077880859375 
v 1188.9439697265625 330.4973449707031 -1540.6077880859375 
v 1188.9439697265625 347.8455810546875 -1522.7745361328125 
v 1280.2274169921875 403.52777099609375 -1522.7745361328125 
v 1188.9439697265625 420.8759765625 -1540.6077880859375 
v 1188.9439697265625 403.52777099609375 -1522.7745361328125 
v 1319.998779296875 375.8265686035156 -1470.5751953125 
v 1319.998779296875 375.8265686035156 -1463.1446533203125 
v 1205.527587890625 375.8265686035156 -1470.5751953125 
v 1205.527587890625 375.8265686035156 -1463.1446533203125 
v 1205.527587890625 318.7453308105469 -1470.5751953125 
v 1319.998779296875 318.7453308105469 -1470.5751953125 
v 1205.527587890625 375.8265686035156 -1470.5751953125 
v 1319.998779296875 375.8265686035156 -1470.5751953125 
v 1319.998779296875 318.7453308105469 -1414.2889404296875 
v 1205.527587890625 318.7453308105469 -1414.2889404296875 
v 1319.998779296875 375.8265686035156 -1414.2889404296875 
v 1205.527587890625 375.8265686035156 -1414.2889404296875 
v 1205.527587890625 375.8265686035156 -1470.5751953125 
v 1205.527587890625 375.8265686035156 -1463.1446533203125 
v 1205.527587890625 318.7453308105469 -1470.5751953125 
v 1205.527587890625 318.7453308105469 -1414.2889404296875 
v 1319.998779296875 318.7453308105469 -1470.5751953125 
v 1319.998779296875 375.8265686035156 -1463.1446533203125 
v 1319.998779296875 375.8265686035156 -1470.5751953125 
v 1319.998779296875 375.8265686035156 -1421.53369140625 
v 1205.527587890625 375.8265686035156 -1421.53369140625 
v 1319.998779296875 375.8265686035156 -1414.2889404296875 
v 1205.527587890625 375.8265686035156 -1414.2889404296875 
v 1319.998779296875 375.8265686035156 -1414.2889404296875 
v 1319.998779296875 318.7453308105469 -1414.2889404296875 
v 1319.998779296875 375.8265686035156 -1421.53369140625 
v 1319.998779296875 375.8265686035156 -1463.1446533203125 
v 1319.998779296875 399.0508117675781 -1421.53369140625 
v 1319.998779296875 399.0508117675781 -1463.1446533203125 
v 1300.9202880859375 418.077880859375 -1421.53369140625 
v 1300.9202880859375 418.077880859375 -1463.1446533203125 
v 1224.6060791015625 418.077880859375 -1463.1446533203125 
v 1224.6060791015625 418.077880859375 -1421.53369140625 
v 1205.527587890625 399.0508117675781 -1421.53369140625 
v 1205.527587890625 399.0508117675781 -1463.1446533203125 
v 1205.527587890625 375.8265686035156 -1421.53369140625 
v 1205.527587890625 375.8265686035156 -1463.1446533203125 
v 1205.527587890625 318.7453308105469 -1414.2889404296875 
v 1205.527587890625 375.8265686035156 -1414.2889404296875 
v 1319.998779296875 318.7453308105469 -1470.5751953125 
v 1319.998779296875 375.8265686035156 -1463.1446533203125 
v 1205.527587890625 375.8265686035156 -1463.1446533203125 
v 1319.998779296875 399.0508117675781 -1463.1446533203125 
v 1205.527587890625 399.0508117675781 -1463.1446533203125 
v 1300.9202880859375 418.077880859375 -1463.1446533203125 
v 1224.6060791015625 418.077880859375 -1463.1446533203125 
v 1205.527587890625 375.8265686035156 -1421.53369140625 
v 1319.998779296875 375.8265686035156 -1421.53369140625 
v 1205.527587890625 399.0508117675781 -1421.53369140625 
v 1319.998779296875 399.0508117675781 -1421.53369140625 
v 1224.6060791015625 418.077880859375 -1421.53369140625 
v 1300.9202880859375 418.077880859375 -1421.53369140625 
v 1311.340087890625 318.7453308105469 -1513.1148681640625 
v 1311.340087890625 394.8536376953125 -1513.1148681640625 
v 1311.340087890625 318.7453308105469 -1463.1446533203125 
v 1311.340087890625 394.8536376953125 -1463.1446533203125 
v 1302.828125 406.0460510253906 -1463.1446533203125 
v 1302.828125 406.0460510253906 -1513.1148681640625 
v 1287.4185791015625 412.761474609375 -1463.1446533203125 
v 1287.4185791015625 412.761474609375 -1513.1148681640625 
v 1138.3123779296875 378.0650329589844 -1471.1324462890625 
v 1138.3123779296875 378.0650329589844 -1513.1148681640625 
v 1127.3055419921875 365.19378662109375 -1471.1324462890625 
v 1127.3055419921875 365.19378662109375 -1513.1148681640625 
v 1126.1314697265625 348.4051818847656 -1471.1324462890625 
v 1126.1314697265625 348.4051818847656 -1513.1148681640625 
v 1126.1314697265625 318.7453308105469 -1471.1324462890625 
v 1126.1314697265625 318.7453308105469 -1513.1148681640625 
v 1311.340087890625 318.7453308105469 -1513.1148681640625 
v 1126.1314697265625 348.4051818847656 -1513.1148681640625 
v 1311.340087890625 394.8536376953125 -1513.1148681640625 
v 1302.828125 406.0460510253906 -1513.1148681640625 
v 1127.3055419921875 365.19378662109375 -1513.1148681640625 
v 1138.3123779296875 378.0650329589844 -1513.1148681640625 
v 1287.4185791015625 412.761474609375 -1513.1148681640625 
v 1311.340087890625 318.7453308105469 -1463.1446533203125 
v 1126.1314697265625 348.4051818847656 -1471.1324462890625 
v 1311.340087890625 394.8536376953125 -1463.1446533203125 
v 1302.828125 406.0460510253906 -1463.1446533203125 
v 1127.3055419921875 365.19378662109375 -1471.1324462890625 
v 1138.3123779296875 378.0650329589844 -1471.1324462890625 
v 1287.4185791015625 412.761474609375 -1463.1446533203125 
v 1281.10791015625 366.033203125 -1407.22998046875 
v 1274.3570556640625 368.8313293457031 -1407.22998046875 
v 1281.10791015625 366.033203125 -1423.20556640625 
v 1274.3570556640625 368.8313293457031 -1423.20556640625 
v 1271.5687255859375 375.5467529296875 -1407.22998046875 
v 1271.5687255859375 375.5467529296875 -1423.20556640625 
v 1274.3570556640625 382.26220703125 -1407.22998046875 
v 1274.3570556640625 382.26220703125 -1423.20556640625 
v 1281.10791015625 385.060302734375 -1407.22998046875 
v 1281.10791015625 385.060302734375 -1423.20556640625 
v 1288.005615234375 382.26220703125 -1407.22998046875 
v 1288.005615234375 382.26220703125 -1423.20556640625 
v 1290.7939453125 375.5467529296875 -1407.22998046875 
v 1290.7939453125 375.5467529296875 -1423.20556640625 
v 1288.005615234375 368.8313293457031 -1407.22998046875 
v 1288.005615234375 368.8313293457031 -1423.20556640625 
v 1274.3570556640625 368.8313293457031 -1407.22998046875 
v 1271.5687255859375 375.5467529296875 -1407.22998046875 
v 1281.10791015625 366.033203125 -1407.22998046875 
v 1290.7939453125 375.5467529296875 -1407.22998046875 
v 1288.005615234375 368.8313293457031 -1407.22998046875 
v 1274.3570556640625 382.26220703125 -1407.22998046875 
v 1281.10791015625 385.060302734375 -1407.22998046875 
v 1288.005615234375 382.26220703125 -1407.22998046875 
v 1241.4832763671875 366.033203125 -1407.22998046875 
v 1241.4832763671875 366.033203125 -1423.20556640625 
v 1234.585693359375 368.8313293457031 -1407.22998046875 
v 1234.585693359375 368.8313293457031 -1423.20556640625 
v 1231.7972412109375 375.5467529296875 -1407.22998046875 
v 1231.7972412109375 375.5467529296875 -1423.20556640625 
v 1234.585693359375 382.26220703125 -1407.22998046875 
v 1234.585693359375 382.26220703125 -1423.20556640625 
v 1241.4832763671875 385.060302734375 -1407.22998046875 
v 1241.4832763671875 385.060302734375 -1423.20556640625 
v 1248.234130859375 382.26220703125 -1407.22998046875 
v 1248.234130859375 382.26220703125 -1423.20556640625 
v 1251.0225830078125 375.5467529296875 -1407.22998046875 
v 1251.0225830078125 375.5467529296875 -1423.20556640625 
v 1248.234130859375 368.8313293457031 -1407.22998046875 
v 1248.234130859375 368.8313293457031 -1423.20556640625 
v 1234.585693359375 368.8313293457031 -1407.22998046875 
v 1231.7972412109375 375.5467529296875 -1407.22998046875 
v 1241.4832763671875 366.033203125 -1407.22998046875 
v 1251.0225830078125 375.5467529296875 -1407.22998046875 
v 1248.234130859375 368.8313293457031 -1407.22998046875 
v 1234.585693359375 382.26220703125 -1407.22998046875 
v 1241.4832763671875 385.060302734375 -1407.22998046875 
v 1248.234130859375 382.26220703125 -1407.22998046875 
v 1240.1624755859375 383.9410705566406 -1425.8062744140625 
v 1240.1624755859375 407.72491455078125 -1421.9052734375 
v 1240.1624755859375 383.9410705566406 -1411.8740234375 
v 1279.787109375 383.9410705566406 -1425.8062744140625 
v 1279.787109375 383.9410705566406 -1411.8740234375 
v 1279.787109375 407.72491455078125 -1421.9052734375 
v 1282.4288330078125 383.9410705566406 -1411.8740234375 
v 1282.4288330078125 407.72491455078125 -1421.9052734375 
v 1282.4288330078125 383.9410705566406 -1425.8062744140625 
v 1282.4288330078125 383.9410705566406 -1411.8740234375 
v 1279.787109375 407.72491455078125 -1421.9052734375 
v 1279.787109375 383.9410705566406 -1411.8740234375 
v 1242.8040771484375 383.9410705566406 -1411.8740234375 
v 1242.8040771484375 407.72491455078125 -1421.9052734375 
v 1242.8040771484375 383.9410705566406 -1425.8062744140625 
v 1242.8040771484375 383.9410705566406 -1411.8740234375 
v 1240.1624755859375 407.72491455078125 -1421.9052734375 
v 1240.1624755859375 383.9410705566406 -1411.8740234375 
v 1216.68115234375 368.8313293457031 -1411.5025634765625 
v 1216.68115234375 368.8313293457031 -1423.019775390625 
v 1211.838134765625 370.78997802734375 -1411.5025634765625 
v 1211.838134765625 370.78997802734375 -1423.019775390625 
v 1209.7835693359375 375.8265686035156 -1411.5025634765625 
v 1209.7835693359375 375.8265686035156 -1423.019775390625 
v 1211.838134765625 380.5833435058594 -1411.5025634765625 
v 1211.838134765625 380.5833435058594 -1423.019775390625 
v 1216.68115234375 382.5419921875 -1411.5025634765625 
v 1216.68115234375 382.5419921875 -1423.019775390625 
v 1221.524169921875 380.5833435058594 -1411.5025634765625 
v 1221.524169921875 380.5833435058594 -1423.019775390625 
v 1223.578857421875 375.8265686035156 -1411.5025634765625 
v 1223.578857421875 375.8265686035156 -1423.019775390625 
v 1221.524169921875 370.78997802734375 -1411.5025634765625 
v 1221.524169921875 370.78997802734375 -1423.019775390625 
v 1221.524169921875 380.5833435058594 -1411.5025634765625 
v 1223.578857421875 375.8265686035156 -1411.5025634765625 
v 1216.68115234375 382.5419921875 -1411.5025634765625 
v 1221.524169921875 370.78997802734375 -1411.5025634765625 
v 1216.68115234375 368.8313293457031 -1411.5025634765625 
v 1211.838134765625 370.78997802734375 -1411.5025634765625 
v 1209.7835693359375 375.8265686035156 -1411.5025634765625 
v 1211.838134765625 380.5833435058594 -1411.5025634765625 
v 1215.8006591796875 381.70257568359375 -1426.177734375 
v 1215.8006591796875 381.70257568359375 -1416.1466064453125 
v 1215.8006591796875 398.77099609375 -1423.391357421875 
v 1217.70849609375 381.70257568359375 -1416.1466064453125 
v 1217.70849609375 398.77099609375 -1423.391357421875 
v 1217.70849609375 381.70257568359375 -1426.177734375 
v 1215.8006591796875 381.70257568359375 -1416.1466064453125 
v 1217.70849609375 381.70257568359375 -1416.1466064453125 
v 1215.8006591796875 398.77099609375 -1423.391357421875 
v 1217.70849609375 398.77099609375 -1423.391357421875 
v 1045.5614013671875 572.8128051757812 -1417.075439453125 
v 1054.5135498046875 572.8128051757812 -1427.1065673828125 
v 1043.3599853515625 572.8128051757812 -1419.1187744140625 
v 1052.312255859375 572.8128051757812 -1428.9642333984375 
v 1115.2713623046875 475.71875 -1551.9393310546875 
v 1113.070068359375 475.71875 -1553.9827880859375 
v 1175.148681640625 383.6612548828125 -1553.9827880859375 
v 1177.35009765625 383.6612548828125 -1551.9393310546875 
v 1188.0633544921875 363.5149230957031 -1553.7969970703125 
v 1190.2647705078125 363.5149230957031 -1551.7535400390625 
v 1188.0633544921875 343.6484069824219 -1553.7969970703125 
v 1190.2647705078125 343.6484069824219 -1551.7535400390625 
v 1177.35009765625 323.78192138671875 -1551.5677490234375 
v 1175.148681640625 323.78192138671875 -1553.6112060546875 
v 1117.6195068359375 230.3253631591797 -1551.5677490234375 
v 1115.56494140625 230.3253631591797 -1553.6112060546875 
v 1102.356689453125 230.3253631591797 -1540.2362060546875 
v 1334.234375 320.1443786621094 -1399.6136474609375 
v 1104.411376953125 320.1443786621094 -1399.6136474609375 
v 1334.52783203125 318.1856994628906 -1397.756103515625 
v 1104.1177978515625 318.1856994628906 -1397.756103515625 
v 1153.135009765625 375.8265686035156 -1752.006103515625 
v 1157.831298828125 393.7344055175781 -1752.006103515625 
v 1157.831298828125 357.9187316894531 -1752.006103515625 
v 1171.0394287109375 406.6056823730469 -1752.006103515625 
v 1171.0394287109375 344.7676696777344 -1752.006103515625 
v 1190.1180419921875 411.92205810546875 -1752.006103515625 
v 1190.1180419921875 339.7310791015625 -1752.006103515625 
v 1278.9066162109375 411.92205810546875 -1752.006103515625 
v 1279.0533447265625 339.7310791015625 -1752.006103515625 
v 1299.305908203125 405.4864196777344 -1752.006103515625 
v 1298.1318359375 344.7676696777344 -1752.006103515625 
v 1311.193359375 357.9187316894531 -1752.006103515625 
v 1316.036376953125 375.8265686035156 -1752.006103515625 
v 1311.193359375 393.7344055175781 -1752.006103515625 
v 1190.1180419921875 411.92205810546875 -1742.7178955078125 
v 1278.9066162109375 411.92205810546875 -1742.7178955078125 
v 1190.1180419921875 411.92205810546875 -1752.006103515625 
v 1278.9066162109375 411.92205810546875 -1752.006103515625 
v 1299.305908203125 405.4864196777344 -1742.7178955078125 
v 1299.305908203125 405.4864196777344 -1752.006103515625 
v 1311.193359375 393.7344055175781 -1742.7178955078125 
v 1311.193359375 393.7344055175781 -1752.006103515625 
v 1316.036376953125 375.8265686035156 -1742.7178955078125 
v 1316.036376953125 375.8265686035156 -1752.006103515625 
v 1311.193359375 357.9187316894531 -1742.7178955078125 
v 1311.193359375 357.9187316894531 -1752.006103515625 
v 1298.1318359375 344.7676696777344 -1742.7178955078125 
v 1298.1318359375 344.7676696777344 -1752.006103515625 
v 1279.0533447265625 339.7310791015625 -1742.7178955078125 
v 1279.0533447265625 339.7310791015625 -1752.006103515625 
v 1190.1180419921875 339.7310791015625 -1742.7178955078125 
v 1190.1180419921875 339.7310791015625 -1752.006103515625 
v 1171.0394287109375 344.7676696777344 -1742.7178955078125 
v 1171.0394287109375 344.7676696777344 -1752.006103515625 
v 1157.831298828125 357.9187316894531 -1742.7178955078125 
v 1157.831298828125 357.9187316894531 -1752.006103515625 
v 1153.135009765625 375.8265686035156 -1742.7178955078125 
v 1153.135009765625 375.8265686035156 -1752.006103515625 
v 1157.831298828125 393.7344055175781 -1742.7178955078125 
v 1157.831298828125 393.7344055175781 -1752.006103515625 
v 1171.0394287109375 406.6056823730469 -1752.006103515625 
v 1171.0394287109375 406.6056823730469 -1742.7178955078125 
v 1190.1180419921875 411.92205810546875 -1742.7178955078125 
v 1190.1180419921875 411.92205810546875 -1752.006103515625 
v 1161.64697265625 375.8265686035156 -1752.006103515625 
v 1161.64697265625 375.8265686035156 -1761.47998046875 
v 1164.8756103515625 387.8583984375 -1752.006103515625 
v 1164.8756103515625 387.8583984375 -1761.47998046875 
v 1173.827880859375 396.81231689453125 -1752.006103515625 
v 1173.827880859375 396.81231689453125 -1761.47998046875 
v 1186.0087890625 400.1700439453125 -1752.006103515625 
v 1186.0087890625 400.1700439453125 -1761.47998046875 
v 1198.33642578125 396.81231689453125 -1752.006103515625 
v 1198.33642578125 396.81231689453125 -1761.47998046875 
v 1207.2886962890625 387.8583984375 -1752.006103515625 
v 1207.2886962890625 387.8583984375 -1761.47998046875 
v 1210.517333984375 375.8265686035156 -1752.006103515625 
v 1210.517333984375 375.8265686035156 -1761.47998046875 
v 1164.8756103515625 363.5149230957031 -1761.47998046875 
v 1164.8756103515625 363.5149230957031 -1752.006103515625 
v 1173.827880859375 354.5610046386719 -1761.47998046875 
v 1173.827880859375 354.5610046386719 -1752.006103515625 
v 1186.0087890625 351.2032775878906 -1761.47998046875 
v 1186.0087890625 351.2032775878906 -1752.006103515625 
v 1198.33642578125 354.5610046386719 -1761.47998046875 
v 1198.33642578125 354.5610046386719 -1752.006103515625 
v 1207.2886962890625 363.5149230957031 -1761.47998046875 
v 1207.2886962890625 363.5149230957031 -1752.006103515625 
v 1210.517333984375 375.8265686035156 -1761.47998046875 
v 1210.517333984375 375.8265686035156 -1752.006103515625 
v 1198.33642578125 354.5610046386719 -1761.47998046875 
v 1207.2886962890625 363.5149230957031 -1761.47998046875 
v 1186.0087890625 351.2032775878906 -1761.47998046875 
v 1164.8756103515625 387.8583984375 -1761.47998046875 
v 1173.827880859375 354.5610046386719 -1761.47998046875 
v 1164.8756103515625 363.5149230957031 -1761.47998046875 
v 1161.64697265625 375.8265686035156 -1761.47998046875 
v 1210.517333984375 375.8265686035156 -1761.47998046875 
v 1207.2886962890625 387.8583984375 -1761.47998046875 
v 1198.33642578125 396.81231689453125 -1761.47998046875 
v 1186.0087890625 400.1700439453125 -1761.47998046875 
v 1173.827880859375 396.81231689453125 -1761.47998046875 
v 1256.74609375 375.8265686035156 -1752.006103515625 
v 1259.974853515625 387.8583984375 -1752.006103515625 
v 1256.74609375 375.8265686035156 -1761.47998046875 
v 1259.974853515625 387.8583984375 -1761.47998046875 
v 1269.0738525390625 396.81231689453125 -1752.006103515625 
v 1269.0738525390625 396.81231689453125 -1761.47998046875 
v 1281.2547607421875 400.1700439453125 -1752.006103515625 
v 1281.2547607421875 400.1700439453125 -1761.47998046875 
v 1293.4356689453125 396.81231689453125 -1752.006103515625 
v 1293.4356689453125 396.81231689453125 -1761.47998046875 
v 1302.3878173828125 387.8583984375 -1752.006103515625 
v 1302.3878173828125 387.8583984375 -1761.47998046875 
v 1305.7633056640625 375.8265686035156 -1752.006103515625 
v 1305.7633056640625 375.8265686035156 -1761.47998046875 
v 1302.3878173828125 363.5149230957031 -1752.006103515625 
v 1302.3878173828125 363.5149230957031 -1761.47998046875 
v 1293.4356689453125 354.5610046386719 -1752.006103515625 
v 1293.4356689453125 354.5610046386719 -1761.47998046875 
v 1281.2547607421875 351.2032775878906 -1752.006103515625 
v 1281.2547607421875 351.2032775878906 -1761.47998046875 
v 1269.0738525390625 354.5610046386719 -1752.006103515625 
v 1269.0738525390625 354.5610046386719 -1761.47998046875 
v 1259.974853515625 363.5149230957031 -1752.006103515625 
v 1259.974853515625 363.5149230957031 -1761.47998046875 
v 1256.74609375 375.8265686035156 -1752.006103515625 
v 1256.74609375 375.8265686035156 -1761.47998046875 
v 1293.4356689453125 354.5610046386719 -1761.47998046875 
v 1302.3878173828125 363.5149230957031 -1761.47998046875 
v 1281.2547607421875 351.2032775878906 -1761.47998046875 
v 1259.974853515625 387.8583984375 -1761.47998046875 
v 1269.0738525390625 354.5610046386719 -1761.47998046875 
v 1259.974853515625 363.5149230957031 -1761.47998046875 
v 1256.74609375 375.8265686035156 -1761.47998046875 
v 1305.7633056640625 375.8265686035156 -1761.47998046875 
v 1302.3878173828125 387.8583984375 -1761.47998046875 
v 1293.4356689453125 396.81231689453125 -1761.47998046875 
v 1281.2547607421875 400.1700439453125 -1761.47998046875 
v 1269.0738525390625 396.81231689453125 -1761.47998046875 
v 1179.5513916015625 361.2764587402344 -1406.4869384765625 
v 1171.1861572265625 369.1111145019531 -1406.4869384765625 
v 1173.0941162109375 371.0697937011719 -1406.4869384765625 
v 1162.3807373046875 374.9871520996094 -1406.4869384765625 
v 1163.4080810546875 377.50543212890625 -1406.4869384765625 
v 1152.107666015625 379.743896484375 -1406.4869384765625 
v 1152.107666015625 376.94580078125 -1406.4869384765625 
v 1141.6878662109375 374.9871520996094 -1406.4869384765625 
v 1140.6605224609375 377.50543212890625 -1406.4869384765625 
v 1131.121337890625 371.0697937011719 -1406.4869384765625 
v 1132.88232421875 369.1111145019531 -1406.4869384765625 
v 1124.6639404296875 361.2764587402344 -1406.4869384765625 
v 1127.0120849609375 360.43701171875 -1406.4869384765625 
v 1124.9573974609375 349.8042297363281 -1406.4869384765625 
v 1122.3157958984375 349.8042297363281 -1406.4869384765625 
v 1127.0120849609375 339.4512634277344 -1406.4869384765625 
v 1124.6639404296875 338.6118469238281 -1406.4869384765625 
v 1131.121337890625 328.8184814453125 -1406.4869384765625 
v 1132.88232421875 330.77716064453125 -1406.4869384765625 
v 1152.107666015625 320.1443786621094 -1406.4869384765625 
v 1152.107666015625 322.1030578613281 -1381.22314453125 
v 1140.6605224609375 322.3828430175781 -1406.4869384765625 
v 1141.394287109375 324.06170654296875 -1381.22314453125 
v 1131.121337890625 328.8184814453125 -1406.4869384765625 
v 1132.2952880859375 330.217529296875 -1381.22314453125 
v 1126.2783203125 339.17144775390625 -1381.22314453125 
v 1124.6639404296875 338.6118469238281 -1406.4869384765625 
v 1122.3157958984375 349.8042297363281 -1406.4869384765625 
v 1124.076904296875 349.8042297363281 -1381.22314453125 
v 1124.6639404296875 361.2764587402344 -1406.4869384765625 
v 1126.2783203125 360.7168273925781 -1381.22314453125 
v 1131.121337890625 371.0697937011719 -1406.4869384765625 
v 1132.2952880859375 369.6707458496094 -1381.22314453125 
v 1141.394287109375 375.8265686035156 -1381.22314453125 
v 1140.6605224609375 377.50543212890625 -1406.4869384765625 
v 1152.107666015625 379.743896484375 -1406.4869384765625 
v 1152.107666015625 377.7852478027344 -1381.22314453125 
v 1162.821044921875 375.8265686035156 -1381.22314453125 
v 1163.4080810546875 377.50543212890625 -1406.4869384765625 
v 1173.0941162109375 371.0697937011719 -1406.4869384765625 
v 1171.773193359375 369.6707458496094 -1381.22314453125 
v 1177.9371337890625 360.7168273925781 -1381.22314453125 
v 1179.5513916015625 361.2764587402344 -1406.4869384765625 
v 1179.99169921875 349.8042297363281 -1381.22314453125 
v 1181.7528076171875 349.8042297363281 -1406.4869384765625 
v 1177.9371337890625 339.17144775390625 -1381.22314453125 
v 1179.5513916015625 338.6118469238281 -1406.4869384765625 
v 1173.0941162109375 328.8184814453125 -1406.4869384765625 
v 1171.773193359375 330.217529296875 -1381.22314453125 
v 1162.821044921875 324.06170654296875 -1381.22314453125 
v 1163.4080810546875 322.3828430175781 -1406.4869384765625 
v 1152.107666015625 322.1030578613281 -1381.22314453125 
v 1152.107666015625 320.1443786621094 -1406.4869384765625 
v 1132.88232421875 330.77716064453125 -1456.6429443359375 
v 1127.0120849609375 339.4512634277344 -1456.6429443359375 
v 1132.88232421875 330.77716064453125 -1454.5994873046875 
v 1127.0120849609375 339.4512634277344 -1454.5994873046875 
v 1124.9573974609375 349.8042297363281 -1456.6429443359375 
v 1124.9573974609375 349.8042297363281 -1454.5994873046875 
v 1127.0120849609375 360.43701171875 -1456.6429443359375 
v 1127.0120849609375 360.43701171875 -1454.5994873046875 
v 1132.88232421875 369.1111145019531 -1456.6429443359375 
v 1132.88232421875 369.1111145019531 -1454.5994873046875 
v 1141.6878662109375 374.9871520996094 -1456.6429443359375 
v 1141.6878662109375 374.9871520996094 -1435.4659423828125 
v 1132.88232421875 369.1111145019531 -1406.4869384765625 
v 1141.6878662109375 374.9871520996094 -1406.4869384765625 
v 1152.107666015625 376.94580078125 -1406.4869384765625 
v 1152.107666015625 376.94580078125 -1435.4659423828125 
v 1162.3807373046875 374.9871520996094 -1435.4659423828125 
v 1162.3807373046875 374.9871520996094 -1406.4869384765625 
v 1171.1861572265625 369.1111145019531 -1406.4869384765625 
v 1171.1861572265625 369.1111145019531 -1454.5994873046875 
v 1162.3807373046875 374.9871520996094 -1456.6429443359375 
v 1171.1861572265625 369.1111145019531 -1456.6429443359375 
v 1177.0565185546875 360.43701171875 -1454.5994873046875 
v 1177.0565185546875 360.43701171875 -1456.6429443359375 
v 1179.1112060546875 349.8042297363281 -1454.5994873046875 
v 1179.1112060546875 349.8042297363281 -1456.6429443359375 
v 1177.0565185546875 339.4512634277344 -1454.5994873046875 
v 1177.0565185546875 339.4512634277344 -1456.6429443359375 
v 1171.1861572265625 330.77716064453125 -1454.5994873046875 
v 1171.1861572265625 330.77716064453125 -1456.6429443359375 
v 1131.121337890625 328.8184814453125 -1406.4869384765625 
v 1140.6605224609375 322.3828430175781 -1406.4869384765625 
v 1132.88232421875 330.77716064453125 -1406.4869384765625 
v 1141.6878662109375 324.9011535644531 -1406.4869384765625 
v 1152.107666015625 320.1443786621094 -1406.4869384765625 
v 1152.107666015625 322.9424743652344 -1406.4869384765625 
v 1162.3807373046875 324.9011535644531 -1406.4869384765625 
v 1163.4080810546875 322.3828430175781 -1406.4869384765625 
v 1171.1861572265625 330.77716064453125 -1406.4869384765625 
v 1173.0941162109375 328.8184814453125 -1406.4869384765625 
v 1177.0565185546875 339.4512634277344 -1406.4869384765625 
v 1179.5513916015625 338.6118469238281 -1406.4869384765625 
v 1181.7528076171875 349.8042297363281 -1406.4869384765625 
v 1179.1112060546875 349.8042297363281 -1406.4869384765625 
v 1179.5513916015625 361.2764587402344 -1406.4869384765625 
v 1177.0565185546875 360.43701171875 -1406.4869384765625 
v 1171.1861572265625 369.1111145019531 -1406.4869384765625 
v 1152.107666015625 374.147705078125 -1456.4571533203125 
v 1142.8619384765625 372.18902587890625 -1456.4571533203125 
v 1152.107666015625 374.147705078125 -1473.9188232421875 
v 1142.8619384765625 372.18902587890625 -1473.9188232421875 
v 1135.083740234375 366.8726501464844 -1456.4571533203125 
v 1135.083740234375 366.8726501464844 -1473.9188232421875 
v 1129.8004150390625 359.0379638671875 -1456.4571533203125 
v 1129.8004150390625 359.0379638671875 -1473.9188232421875 
v 1161.2066650390625 372.18902587890625 -1456.4571533203125 
v 1161.2066650390625 372.18902587890625 -1473.9188232421875 
v 1169.131591796875 366.8726501464844 -1456.4571533203125 
v 1169.131591796875 366.8726501464844 -1473.9188232421875 
v 1174.2681884765625 359.0379638671875 -1456.4571533203125 
v 1174.2681884765625 359.0379638671875 -1473.9188232421875 
v 1176.176025390625 349.8042297363281 -1456.4571533203125 
v 1176.176025390625 349.8042297363281 -1473.9188232421875 
v 1174.2681884765625 340.8503112792969 -1456.4571533203125 
v 1174.2681884765625 340.8503112792969 -1473.9188232421875 
v 1169.131591796875 333.015625 -1456.4571533203125 
v 1169.131591796875 333.015625 -1473.9188232421875 
v 1161.2066650390625 327.6992492675781 -1456.4571533203125 
v 1161.2066650390625 327.6992492675781 -1473.9188232421875 
v 1152.107666015625 325.7405700683594 -1456.4571533203125 
v 1152.107666015625 325.7405700683594 -1473.9188232421875 
v 1152.107666015625 325.7405700683594 -1473.9188232421875 
v 1142.8619384765625 327.6992492675781 -1473.9188232421875 
v 1152.107666015625 325.7405700683594 -1456.4571533203125 
v 1142.8619384765625 327.6992492675781 -1456.4571533203125 
v 1135.083740234375 333.015625 -1473.9188232421875 
v 1135.083740234375 333.015625 -1456.4571533203125 
v 1129.8004150390625 340.8503112792969 -1473.9188232421875 
v 1129.8004150390625 340.8503112792969 -1456.4571533203125 
v 1128.039306640625 349.8042297363281 -1473.9188232421875 
v 1128.039306640625 349.8042297363281 -1456.4571533203125 
v 1129.8004150390625 359.0379638671875 -1473.9188232421875 
v 1135.083740234375 366.8726501464844 -1473.9188232421875 
v 1128.039306640625 349.8042297363281 -1473.9188232421875 
v 1152.107666015625 325.7405700683594 -1473.9188232421875 
v 1135.083740234375 333.015625 -1473.9188232421875 
v 1142.8619384765625 327.6992492675781 -1473.9188232421875 
v 1129.8004150390625 340.8503112792969 -1473.9188232421875 
v 1142.8619384765625 372.18902587890625 -1473.9188232421875 
v 1152.107666015625 374.147705078125 -1473.9188232421875 
v 1161.2066650390625 372.18902587890625 -1473.9188232421875 
v 1161.2066650390625 327.6992492675781 -1473.9188232421875 
v 1174.2681884765625 359.0379638671875 -1473.9188232421875 
v 1174.2681884765625 340.8503112792969 -1473.9188232421875 
v 1176.176025390625 349.8042297363281 -1473.9188232421875 
v 1169.131591796875 366.8726501464844 -1473.9188232421875 
v 1169.131591796875 333.015625 -1473.9188232421875 
v 1130.5343017578125 330.77716064453125 -1454.5994873046875 
v 1130.5343017578125 330.77716064453125 -1406.4869384765625 
v 1124.6639404296875 339.4512634277344 -1454.5994873046875 
v 1124.6639404296875 339.4512634277344 -1406.4869384765625 
v 1122.609375 349.8042297363281 -1454.5994873046875 
v 1122.609375 349.8042297363281 -1406.4869384765625 
v 1124.6639404296875 360.43701171875 -1454.5994873046875 
v 1124.6639404296875 360.43701171875 -1406.4869384765625 
v 1130.5343017578125 369.1111145019531 -1454.5994873046875 
v 1130.5343017578125 369.1111145019531 -1406.4869384765625 
v 1171.1861572265625 330.77716064453125 -1456.6429443359375 
v 1171.1861572265625 330.77716064453125 -1454.5994873046875 
v 1162.3807373046875 324.9011535644531 -1456.6429443359375 
v 1162.3807373046875 324.9011535644531 -1406.4869384765625 
v 1152.107666015625 322.9424743652344 -1406.4869384765625 
v 1152.107666015625 322.9424743652344 -1456.6429443359375 
v 1141.6878662109375 324.9011535644531 -1456.6429443359375 
v 1142.8619384765625 327.6992492675781 -1456.6429443359375 
v 1152.107666015625 325.7405700683594 -1456.6429443359375 
v 1161.2066650390625 327.6992492675781 -1456.6429443359375 
v 1169.131591796875 333.015625 -1456.6429443359375 
v 1171.1861572265625 330.77716064453125 -1456.6429443359375 
v 1177.0565185546875 339.4512634277344 -1456.6429443359375 
v 1174.2681884765625 340.8503112792969 -1456.6429443359375 
v 1179.1112060546875 349.8042297363281 -1456.6429443359375 
v 1176.176025390625 349.8042297363281 -1456.6429443359375 
v 1177.0565185546875 360.43701171875 -1456.6429443359375 
v 1174.2681884765625 359.0379638671875 -1456.6429443359375 
v 1169.131591796875 366.8726501464844 -1456.6429443359375 
v 1171.1861572265625 369.1111145019531 -1456.6429443359375 
v 1161.2066650390625 372.18902587890625 -1456.6429443359375 
v 1162.3807373046875 374.9871520996094 -1456.6429443359375 
v 1152.107666015625 376.94580078125 -1456.6429443359375 
v 1152.107666015625 374.147705078125 -1456.6429443359375 
v 1142.8619384765625 372.18902587890625 -1456.6429443359375 
v 1141.6878662109375 374.9871520996094 -1456.6429443359375 
v 1132.88232421875 369.1111145019531 -1456.6429443359375 
v 1135.083740234375 366.8726501464844 -1456.6429443359375 
v 1127.0120849609375 360.43701171875 -1456.6429443359375 
v 1129.8004150390625 359.0379638671875 -1456.6429443359375 
v 1128.039306640625 349.8042297363281 -1456.6429443359375 
v 1124.9573974609375 349.8042297363281 -1456.6429443359375 
v 1129.8004150390625 340.8503112792969 -1456.6429443359375 
v 1127.0120849609375 339.4512634277344 -1456.6429443359375 
v 1135.083740234375 333.015625 -1456.6429443359375 
v 1132.88232421875 330.77716064453125 -1456.6429443359375 
v 1171.1861572265625 330.77716064453125 -1406.4869384765625 
v 1141.6878662109375 324.9011535644531 -1406.4869384765625 
v 1132.88232421875 330.77716064453125 -1454.5994873046875 
v 1132.88232421875 330.77716064453125 -1406.4869384765625 
v 1132.88232421875 330.77716064453125 -1456.6429443359375 
v 1177.9371337890625 339.17144775390625 -1381.22314453125 
v 1171.773193359375 330.217529296875 -1381.22314453125 
v 1179.99169921875 349.8042297363281 -1381.22314453125 
v 1162.821044921875 324.06170654296875 -1381.22314453125 
v 1152.107666015625 322.1030578613281 -1381.22314453125 
v 1177.9371337890625 360.7168273925781 -1381.22314453125 
v 1171.773193359375 369.6707458496094 -1381.22314453125 
v 1152.107666015625 377.7852478027344 -1381.22314453125 
v 1162.821044921875 375.8265686035156 -1381.22314453125 
v 1141.394287109375 375.8265686035156 -1381.22314453125 
v 1141.394287109375 324.06170654296875 -1381.22314453125 
v 1126.2783203125 360.7168273925781 -1381.22314453125 
v 1126.2783203125 339.17144775390625 -1381.22314453125 
v 1124.076904296875 349.8042297363281 -1381.22314453125 
v 1132.2952880859375 369.6707458496094 -1381.22314453125 
v 1132.2952880859375 330.217529296875 -1381.22314453125 
v 1132.88232421875 369.1111145019531 -1454.5994873046875 
v 1130.5343017578125 369.1111145019531 -1454.5994873046875 
v 1132.88232421875 369.1111145019531 -1406.4869384765625 
v 1130.5343017578125 369.1111145019531 -1406.4869384765625 
v 1171.1861572265625 330.77716064453125 -1454.5994873046875 
v 1177.0565185546875 339.4512634277344 -1454.5994873046875 
v 1173.5343017578125 330.77716064453125 -1454.5994873046875 
v 1179.4046630859375 339.4512634277344 -1454.5994873046875 
v 1179.1112060546875 349.8042297363281 -1454.5994873046875 
v 1181.459228515625 349.8042297363281 -1454.5994873046875 
v 1179.4046630859375 360.43701171875 -1454.5994873046875 
v 1177.0565185546875 360.43701171875 -1454.5994873046875 
v 1173.5343017578125 369.1111145019531 -1454.5994873046875 
v 1171.1861572265625 369.1111145019531 -1454.5994873046875 
v 1173.5343017578125 330.77716064453125 -1406.4869384765625 
v 1179.4046630859375 339.4512634277344 -1454.5994873046875 
v 1179.4046630859375 339.4512634277344 -1406.4869384765625 
v 1181.459228515625 349.8042297363281 -1454.5994873046875 
v 1181.459228515625 349.8042297363281 -1406.4869384765625 
v 1179.4046630859375 360.43701171875 -1454.5994873046875 
v 1179.4046630859375 360.43701171875 -1406.4869384765625 
v 1173.5343017578125 369.1111145019531 -1454.5994873046875 
v 1173.5343017578125 369.1111145019531 -1406.4869384765625 
v 1171.1861572265625 369.1111145019531 -1454.5994873046875 
v 1173.5343017578125 369.1111145019531 -1454.5994873046875 
v 1171.1861572265625 369.1111145019531 -1406.4869384765625 
v 1173.5343017578125 369.1111145019531 -1406.4869384765625 
v 1171.1861572265625 330.77716064453125 -1406.4869384765625 
v 1173.5343017578125 330.77716064453125 -1406.4869384765625 
v 1171.1861572265625 330.77716064453125 -1454.5994873046875 
v 1173.5343017578125 330.77716064453125 -1454.5994873046875 
v 1132.88232421875 369.1111145019531 -1454.5994873046875 
v 1130.5343017578125 369.1111145019531 -1454.5994873046875 
v 1127.0120849609375 360.43701171875 -1454.5994873046875 
v 1124.6639404296875 360.43701171875 -1454.5994873046875 
v 1124.9573974609375 349.8042297363281 -1454.5994873046875 
v 1122.609375 349.8042297363281 -1454.5994873046875 
v 1124.6639404296875 339.4512634277344 -1454.5994873046875 
v 1127.0120849609375 339.4512634277344 -1454.5994873046875 
v 1130.5343017578125 330.77716064453125 -1454.5994873046875 
v 1132.88232421875 330.77716064453125 -1454.5994873046875 
v 1130.5343017578125 330.77716064453125 -1406.4869384765625 
v 1132.88232421875 330.77716064453125 -1454.5994873046875 
v 1132.88232421875 330.77716064453125 -1406.4869384765625 
v 1140.3670654296875 388.69781494140625 -1434.537109375 
v 1139.1929931640625 388.69781494140625 -1433.23681640625 
v 1163.7015380859375 388.69781494140625 -1434.537109375 
v 1164.8756103515625 388.69781494140625 -1433.23681640625 
v 1163.7015380859375 388.69781494140625 -1457.7574462890625 
v 1164.8756103515625 388.69781494140625 -1459.057861328125 
v 1140.3670654296875 388.69781494140625 -1457.7574462890625 
v 1139.1929931640625 388.69781494140625 -1459.057861328125 
v 1162.2340087890625 381.1429443359375 -1435.83740234375 
v 1141.8345947265625 381.1429443359375 -1435.83740234375 
v 1140.3670654296875 381.1429443359375 -1434.537109375 
v 1141.8345947265625 381.1429443359375 -1456.2713623046875 
v 1140.3670654296875 381.1429443359375 -1457.7574462890625 
v 1163.7015380859375 381.1429443359375 -1457.7574462890625 
v 1162.2340087890625 381.1429443359375 -1456.2713623046875 
v 1163.7015380859375 381.1429443359375 -1434.537109375 
v 1163.7015380859375 381.1429443359375 -1457.7574462890625 
v 1163.7015380859375 381.1429443359375 -1434.537109375 
v 1163.7015380859375 388.69781494140625 -1457.7574462890625 
v 1163.7015380859375 388.69781494140625 -1434.537109375 
v 1163.7015380859375 381.1429443359375 -1434.537109375 
v 1140.3670654296875 381.1429443359375 -1434.537109375 
v 1163.7015380859375 388.69781494140625 -1434.537109375 
v 1140.3670654296875 388.69781494140625 -1434.537109375 
v 1140.3670654296875 381.1429443359375 -1434.537109375 
v 1140.3670654296875 381.1429443359375 -1457.7574462890625 
v 1140.3670654296875 388.69781494140625 -1434.537109375 
v 1140.3670654296875 388.69781494140625 -1457.7574462890625 
v 1140.3670654296875 381.1429443359375 -1457.7574462890625 
v 1163.7015380859375 381.1429443359375 -1457.7574462890625 
v 1140.3670654296875 388.69781494140625 -1457.7574462890625 
v 1163.7015380859375 388.69781494140625 -1457.7574462890625 
v 1139.1929931640625 388.69781494140625 -1459.057861328125 
v 1164.8756103515625 388.69781494140625 -1459.057861328125 
v 1139.1929931640625 390.9363098144531 -1459.057861328125 
v 1164.8756103515625 390.9363098144531 -1459.057861328125 
v 1139.1929931640625 388.69781494140625 -1433.23681640625 
v 1139.1929931640625 388.69781494140625 -1459.057861328125 
v 1139.1929931640625 390.9363098144531 -1433.23681640625 
v 1139.1929931640625 390.9363098144531 -1459.057861328125 
v 1164.8756103515625 388.69781494140625 -1433.23681640625 
v 1139.1929931640625 388.69781494140625 -1433.23681640625 
v 1164.8756103515625 390.9363098144531 -1433.23681640625 
v 1139.1929931640625 390.9363098144531 -1433.23681640625 
v 1164.8756103515625 388.69781494140625 -1459.057861328125 
v 1164.8756103515625 388.69781494140625 -1433.23681640625 
v 1164.8756103515625 390.9363098144531 -1459.057861328125 
v 1164.8756103515625 390.9363098144531 -1433.23681640625 
v 1139.1929931640625 390.9363098144531 -1459.057861328125 
v 1164.8756103515625 390.9363098144531 -1459.057861328125 
v 1139.1929931640625 390.9363098144531 -1433.23681640625 
v 1164.8756103515625 390.9363098144531 -1433.23681640625 
v 1167.3704833984375 317.3462829589844 -1457.7574462890625 
v 1178.6708984375 317.3462829589844 -1457.7574462890625 
v 1167.3704833984375 321.26361083984375 -1457.7574462890625 
v 1178.6708984375 321.26361083984375 -1457.7574462890625 
v 1178.6708984375 321.26361083984375 -1410.7593994140625 
v 1167.3704833984375 321.26361083984375 -1410.7593994140625 
v 1178.6708984375 321.26361083984375 -1420.7906494140625 
v 1167.3704833984375 321.26361083984375 -1420.7906494140625 
v 1178.6708984375 317.3462829589844 -1410.7593994140625 
v 1167.3704833984375 317.3462829589844 -1410.7593994140625 
v 1178.6708984375 321.26361083984375 -1410.7593994140625 
v 1167.3704833984375 321.26361083984375 -1410.7593994140625 
v 1167.3704833984375 317.3462829589844 -1410.7593994140625 
v 1167.3704833984375 321.26361083984375 -1420.7906494140625 
v 1167.3704833984375 321.26361083984375 -1410.7593994140625 
v 1178.6708984375 321.26361083984375 -1447.912109375 
v 1178.6708984375 321.26361083984375 -1457.7574462890625 
v 1167.3704833984375 321.26361083984375 -1447.912109375 
v 1167.3704833984375 321.26361083984375 -1457.7574462890625 
v 1178.6708984375 321.26361083984375 -1410.7593994140625 
v 1178.6708984375 317.3462829589844 -1410.7593994140625 
v 1178.6708984375 321.26361083984375 -1420.7906494140625 
v 1178.6708984375 321.26361083984375 -1447.912109375 
v 1163.9951171875 333.015625 -1420.7906494140625 
v 1178.6708984375 317.3462829589844 -1457.7574462890625 
v 1178.6708984375 321.26361083984375 -1457.7574462890625 
v 1178.6708984375 321.26361083984375 -1447.912109375 
v 1167.3704833984375 321.26361083984375 -1457.7574462890625 
v 1167.3704833984375 321.26361083984375 -1447.912109375 
v 1167.3704833984375 317.3462829589844 -1457.7574462890625 
v 1167.3704833984375 321.26361083984375 -1420.7906494140625 
v 1167.3704833984375 317.3462829589844 -1410.7593994140625 
v 1160.326171875 329.37811279296875 -1447.912109375 
v 1160.326171875 329.37811279296875 -1420.7906494140625 
v 1163.9951171875 333.015625 -1420.7906494140625 
v 1167.3704833984375 321.26361083984375 -1420.7906494140625 
v 1178.6708984375 321.26361083984375 -1420.7906494140625 
v 1178.6708984375 321.26361083984375 -1447.912109375 
v 1163.9951171875 333.015625 -1447.912109375 
v 1167.3704833984375 321.26361083984375 -1447.912109375 
v 1160.326171875 329.37811279296875 -1447.912109375 
v 1136.6981201171875 317.3462829589844 -1457.7574462890625 
v 1136.6981201171875 321.26361083984375 -1457.7574462890625 
v 1125.397705078125 317.3462829589844 -1457.7574462890625 
v 1125.397705078125 321.26361083984375 -1457.7574462890625 
v 1125.397705078125 321.26361083984375 -1410.7593994140625 
v 1125.397705078125 321.26361083984375 -1420.7906494140625 
v 1136.6981201171875 321.26361083984375 -1410.7593994140625 
v 1136.6981201171875 321.26361083984375 -1420.7906494140625 
v 1125.397705078125 317.3462829589844 -1410.7593994140625 
v 1125.397705078125 321.26361083984375 -1410.7593994140625 
v 1136.6981201171875 317.3462829589844 -1410.7593994140625 
v 1136.6981201171875 321.26361083984375 -1410.7593994140625 
v 1136.6981201171875 321.26361083984375 -1410.7593994140625 
v 1136.6981201171875 321.26361083984375 -1420.7906494140625 
v 1136.6981201171875 317.3462829589844 -1410.7593994140625 
v 1136.6981201171875 321.26361083984375 -1447.912109375 
v 1136.6981201171875 317.3462829589844 -1457.7574462890625 
v 1143.742431640625 329.37811279296875 -1447.912109375 
v 1143.742431640625 329.37811279296875 -1420.7906494140625 
v 1125.397705078125 321.26361083984375 -1447.912109375 
v 1136.6981201171875 321.26361083984375 -1447.912109375 
v 1125.397705078125 321.26361083984375 -1457.7574462890625 
v 1136.6981201171875 321.26361083984375 -1457.7574462890625 
v 1125.397705078125 317.3462829589844 -1410.7593994140625 
v 1125.397705078125 321.26361083984375 -1410.7593994140625 
v 1125.397705078125 321.26361083984375 -1420.7906494140625 
v 1136.6981201171875 317.3462829589844 -1457.7574462890625 
v 1136.6981201171875 321.26361083984375 -1447.912109375 
v 1136.6981201171875 321.26361083984375 -1457.7574462890625 
v 1125.397705078125 321.26361083984375 -1420.7906494140625 
v 1136.6981201171875 321.26361083984375 -1420.7906494140625 
v 1140.073486328125 333.015625 -1420.7906494140625 
v 1143.742431640625 329.37811279296875 -1420.7906494140625 
v 1125.397705078125 317.3462829589844 -1410.7593994140625 
v 1125.397705078125 321.26361083984375 -1420.7906494140625 
v 1125.397705078125 317.3462829589844 -1457.7574462890625 
v 1125.397705078125 321.26361083984375 -1447.912109375 
v 1125.397705078125 321.26361083984375 -1457.7574462890625 
v 1140.073486328125 333.015625 -1420.7906494140625 
v 1140.073486328125 333.015625 -1447.912109375 
v 1125.397705078125 321.26361083984375 -1447.912109375 
v 1136.6981201171875 321.26361083984375 -1447.912109375 
v 1140.073486328125 333.015625 -1447.912109375 
v 1143.742431640625 329.37811279296875 -1447.912109375 
v 1181.6060791015625 347.8455810546875 -1458.50048828125 
v 1181.6060791015625 347.8455810546875 -1451.4415283203125 
v 1181.6060791015625 352.042724609375 -1458.50048828125 
v 1181.6060791015625 352.042724609375 -1451.4415283203125 
v 1181.6060791015625 347.8455810546875 -1451.4415283203125 
v 1173.974609375 347.8455810546875 -1451.4415283203125 
v 1181.6060791015625 352.042724609375 -1451.4415283203125 
v 1173.974609375 352.042724609375 -1451.4415283203125 
v 1181.6060791015625 347.8455810546875 -1458.50048828125 
v 1173.974609375 347.8455810546875 -1458.50048828125 
v 1181.6060791015625 347.8455810546875 -1451.4415283203125 
v 1173.974609375 347.8455810546875 -1451.4415283203125 
v 1181.6060791015625 352.042724609375 -1451.4415283203125 
v 1173.974609375 352.042724609375 -1451.4415283203125 
v 1181.6060791015625 352.042724609375 -1458.50048828125 
v 1173.974609375 352.042724609375 -1458.50048828125 
v 1173.974609375 352.88214111328125 -1462.5872802734375 
v 1173.974609375 347.0061340332031 -1462.5872802734375 
v 1181.7528076171875 347.0061340332031 -1460.9154052734375 
v 1181.7528076171875 352.88214111328125 -1458.50048828125 
v 1181.7528076171875 347.0061340332031 -1458.50048828125 
v 1181.7528076171875 352.88214111328125 -1460.9154052734375 
v 1181.7528076171875 347.0061340332031 -1460.9154052734375 
v 1173.974609375 352.88214111328125 -1462.5872802734375 
v 1173.974609375 352.88214111328125 -1458.50048828125 
v 1173.974609375 352.88214111328125 -1462.5872802734375 
v 1181.7528076171875 352.88214111328125 -1460.9154052734375 
v 1181.7528076171875 347.0061340332031 -1458.50048828125 
v 1173.974609375 347.0061340332031 -1458.50048828125 
v 1181.7528076171875 347.0061340332031 -1460.9154052734375 
v 1173.974609375 347.0061340332031 -1462.5872802734375 
v 1173.974609375 347.0061340332031 -1458.50048828125 
v 1181.7528076171875 347.0061340332031 -1458.50048828125 
v 1173.974609375 352.88214111328125 -1458.50048828125 
v 1181.7528076171875 352.88214111328125 -1458.50048828125 
v 1154.1622314453125 379.464111328125 -1458.50048828125 
v 1149.90625 379.464111328125 -1458.50048828125 
v 1154.1622314453125 379.464111328125 -1451.4415283203125 
v 1149.90625 379.464111328125 -1451.4415283203125 
v 1154.1622314453125 371.90924072265625 -1451.4415283203125 
v 1154.1622314453125 379.464111328125 -1451.4415283203125 
v 1149.90625 371.90924072265625 -1451.4415283203125 
v 1149.90625 379.464111328125 -1451.4415283203125 
v 1154.1622314453125 379.464111328125 -1458.50048828125 
v 1154.1622314453125 379.464111328125 -1451.4415283203125 
v 1154.1622314453125 371.90924072265625 -1458.50048828125 
v 1154.1622314453125 371.90924072265625 -1451.4415283203125 
v 1149.90625 379.464111328125 -1451.4415283203125 
v 1149.90625 379.464111328125 -1458.50048828125 
v 1149.90625 371.90924072265625 -1451.4415283203125 
v 1149.90625 371.90924072265625 -1458.50048828125 
v 1149.1724853515625 371.90924072265625 -1462.5872802734375 
v 1155.0428466796875 379.743896484375 -1460.9154052734375 
v 1155.0428466796875 371.90924072265625 -1462.5872802734375 
v 1155.0428466796875 379.743896484375 -1460.9154052734375 
v 1149.1724853515625 379.743896484375 -1460.9154052734375 
v 1155.0428466796875 379.743896484375 -1458.50048828125 
v 1149.1724853515625 379.743896484375 -1458.50048828125 
v 1149.1724853515625 371.90924072265625 -1462.5872802734375 
v 1149.1724853515625 371.90924072265625 -1458.50048828125 
v 1149.1724853515625 379.743896484375 -1460.9154052734375 
v 1149.1724853515625 379.743896484375 -1458.50048828125 
v 1155.0428466796875 379.743896484375 -1458.50048828125 
v 1155.0428466796875 371.90924072265625 -1458.50048828125 
v 1155.0428466796875 379.743896484375 -1460.9154052734375 
v 1155.0428466796875 371.90924072265625 -1462.5872802734375 
v 1155.0428466796875 371.90924072265625 -1458.50048828125 
v 1155.0428466796875 379.743896484375 -1458.50048828125 
v 1149.1724853515625 371.90924072265625 -1458.50048828125 
v 1149.1724853515625 379.743896484375 -1458.50048828125 
v 1122.4625244140625 352.042724609375 -1458.50048828125 
v 1122.4625244140625 347.8455810546875 -1458.50048828125 
v 1122.4625244140625 352.042724609375 -1451.4415283203125 
v 1122.4625244140625 347.8455810546875 -1451.4415283203125 
v 1130.093994140625 352.042724609375 -1451.4415283203125 
v 1122.4625244140625 352.042724609375 -1451.4415283203125 
v 1130.093994140625 347.8455810546875 -1451.4415283203125 
v 1122.4625244140625 347.8455810546875 -1451.4415283203125 
v 1122.4625244140625 352.042724609375 -1458.50048828125 
v 1122.4625244140625 352.042724609375 -1451.4415283203125 
v 1130.093994140625 352.042724609375 -1458.50048828125 
v 1130.093994140625 352.042724609375 -1451.4415283203125 
v 1122.4625244140625 347.8455810546875 -1451.4415283203125 
v 1122.4625244140625 347.8455810546875 -1458.50048828125 
v 1130.093994140625 347.8455810546875 -1451.4415283203125 
v 1130.093994140625 347.8455810546875 -1458.50048828125 
v 1130.093994140625 347.0061340332031 -1462.5872802734375 
v 1122.3157958984375 347.0061340332031 -1460.9154052734375 
v 1130.093994140625 352.88214111328125 -1462.5872802734375 
v 1122.3157958984375 352.88214111328125 -1460.9154052734375 
v 1122.3157958984375 352.88214111328125 -1458.50048828125 
v 1122.3157958984375 347.0061340332031 -1458.50048828125 
v 1130.093994140625 347.0061340332031 -1462.5872802734375 
v 1130.093994140625 347.0061340332031 -1458.50048828125 
v 1122.3157958984375 347.0061340332031 -1460.9154052734375 
v 1122.3157958984375 347.0061340332031 -1458.50048828125 
v 1122.3157958984375 352.88214111328125 -1458.50048828125 
v 1130.093994140625 352.88214111328125 -1458.50048828125 
v 1122.3157958984375 352.88214111328125 -1460.9154052734375 
v 1130.093994140625 352.88214111328125 -1462.5872802734375 
v 1130.093994140625 352.88214111328125 -1458.50048828125 
v 1122.3157958984375 352.88214111328125 -1458.50048828125 
v 1130.093994140625 347.0061340332031 -1458.50048828125 
v 1122.3157958984375 347.0061340332031 -1458.50048828125 
v 1149.90625 320.4241943359375 -1458.50048828125 
v 1154.1622314453125 320.4241943359375 -1458.50048828125 
v 1149.90625 320.4241943359375 -1451.4415283203125 
v 1154.1622314453125 320.4241943359375 -1451.4415283203125 
v 1149.90625 327.97906494140625 -1451.4415283203125 
v 1149.90625 320.4241943359375 -1451.4415283203125 
v 1154.1622314453125 327.97906494140625 -1451.4415283203125 
v 1154.1622314453125 320.4241943359375 -1451.4415283203125 
v 1149.90625 320.4241943359375 -1458.50048828125 
v 1149.90625 320.4241943359375 -1451.4415283203125 
v 1149.90625 327.97906494140625 -1458.50048828125 
v 1149.90625 327.97906494140625 -1451.4415283203125 
v 1154.1622314453125 320.4241943359375 -1451.4415283203125 
v 1154.1622314453125 320.4241943359375 -1458.50048828125 
v 1154.1622314453125 327.97906494140625 -1451.4415283203125 
v 1154.1622314453125 327.97906494140625 -1458.50048828125 
v 1155.0428466796875 327.97906494140625 -1462.5872802734375 
v 1149.1724853515625 320.1443786621094 -1460.9154052734375 
v 1149.1724853515625 327.97906494140625 -1462.5872802734375 
v 1155.0428466796875 320.1443786621094 -1458.50048828125 
v 1155.0428466796875 320.1443786621094 -1460.9154052734375 
v 1149.1724853515625 320.1443786621094 -1458.50048828125 
v 1149.1724853515625 320.1443786621094 -1460.9154052734375 
v 1155.0428466796875 327.97906494140625 -1462.5872802734375 
v 1155.0428466796875 327.97906494140625 -1462.5872802734375 
v 1155.0428466796875 320.1443786621094 -1460.9154052734375 
v 1155.0428466796875 327.97906494140625 -1458.50048828125 
v 1155.0428466796875 320.1443786621094 -1458.50048828125 
v 1149.1724853515625 320.1443786621094 -1458.50048828125 
v 1149.1724853515625 320.1443786621094 -1460.9154052734375 
v 1149.1724853515625 327.97906494140625 -1458.50048828125 
v 1149.1724853515625 327.97906494140625 -1462.5872802734375 
v 1149.1724853515625 327.97906494140625 -1458.50048828125 
v 1155.0428466796875 327.97906494140625 -1458.50048828125 
v 1149.1724853515625 320.1443786621094 -1458.50048828125 
v 1155.0428466796875 320.1443786621094 -1458.50048828125 
v 1167.3704833984375 321.26361083984375 -1420.7906494140625 
v 1160.326171875 329.37811279296875 -1447.912109375 
v 1160.326171875 329.37811279296875 -1420.7906494140625 
v 1178.6708984375 321.26361083984375 -1447.912109375 
v 1163.9951171875 333.015625 -1447.912109375 
v 1163.9951171875 333.015625 -1420.7906494140625 
v 1173.974609375 352.88214111328125 -1458.50048828125 
v 1181.7528076171875 352.88214111328125 -1460.9154052734375 
v 1181.7528076171875 352.88214111328125 -1458.50048828125 
v 1162.3807373046875 374.9871520996094 -1435.4659423828125 
v 1162.2340087890625 381.1429443359375 -1435.83740234375 
v 1152.107666015625 376.94580078125 -1435.4659423828125 
v 1141.8345947265625 381.1429443359375 -1435.83740234375 
v 1141.6878662109375 374.9871520996094 -1435.4659423828125 
v 1162.2340087890625 381.1429443359375 -1456.2713623046875 
v 1162.3807373046875 374.9871520996094 -1456.6429443359375 
v 1162.2340087890625 381.1429443359375 -1435.83740234375 
v 1162.3807373046875 374.9871520996094 -1435.4659423828125 
v 1162.3807373046875 374.9871520996094 -1456.6429443359375 
v 1162.2340087890625 381.1429443359375 -1456.2713623046875 
v 1152.107666015625 376.94580078125 -1456.6429443359375 
v 1141.8345947265625 381.1429443359375 -1456.2713623046875 
v 1141.6878662109375 374.9871520996094 -1456.6429443359375 
v 1141.6878662109375 374.9871520996094 -1435.4659423828125 
v 1141.8345947265625 381.1429443359375 -1435.83740234375 
v 1141.6878662109375 374.9871520996094 -1456.6429443359375 
v 1141.8345947265625 381.1429443359375 -1456.2713623046875 
v 1173.5343017578125 330.77716064453125 -1406.4869384765625 
v 1173.5343017578125 330.77716064453125 -1454.5994873046875 
v 1179.4046630859375 339.4512634277344 -1454.5994873046875 
v 1130.5343017578125 330.77716064453125 -1406.4869384765625 
v 1132.88232421875 330.77716064453125 -1454.5994873046875 
v 1130.5343017578125 330.77716064453125 -1454.5994873046875 
v 1322.7872314453125 209.33961486816406 -1535.5921630859375 
v 1322.7872314453125 21.02748680114746 -1535.5921630859375 
v 1322.7872314453125 21.02748680114746 -1514.4151611328125 
v 1343.773681640625 209.33961486816406 -1514.4151611328125 
v 1343.773681640625 21.02748680114746 -1535.5921630859375 
v 1343.773681640625 21.02748680114746 -1514.4151611328125 
v 1322.7872314453125 209.33961486816406 -1760.9227294921875 
v 1322.7872314453125 21.02748680114746 -1760.9227294921875 
v 1322.7872314453125 21.02748680114746 -1739.9315185546875 
v 1343.773681640625 209.33961486816406 -1739.9315185546875 
v 1343.773681640625 21.02748680114746 -1760.9227294921875 
v 1343.773681640625 21.02748680114746 -1739.9315185546875 
v 1322.7872314453125 209.33961486816406 -1417.2611083984375 
v 1322.7872314453125 21.02748680114746 -1417.2611083984375 
v 1322.7872314453125 21.02748680114746 -1396.2698974609375 
v 1343.773681640625 209.33961486816406 -1396.2698974609375 
v 1343.773681640625 21.02748680114746 -1417.2611083984375 
v 1343.773681640625 21.02748680114746 -1396.2698974609375 
v 1280.2274169921875 330.4973449707031 -1540.6077880859375 
v 1280.2274169921875 347.8455810546875 -1522.7745361328125 
v 1188.9439697265625 347.8455810546875 -1522.7745361328125 
v 1280.2274169921875 403.52777099609375 -1522.7745361328125 
v 1188.9439697265625 420.8759765625 -1540.6077880859375 
v 1280.2274169921875 420.8759765625 -1540.6077880859375 
v 1126.1314697265625 348.4051818847656 -1513.1148681640625 
v 1126.1314697265625 318.7453308105469 -1513.1148681640625 
v 1126.1314697265625 318.7453308105469 -1471.1324462890625 
v 1126.1314697265625 348.4051818847656 -1471.1324462890625 
v 1311.340087890625 318.7453308105469 -1463.1446533203125 
v 1126.1314697265625 318.7453308105469 -1471.1324462890625 
v 1282.4288330078125 383.9410705566406 -1411.8740234375 
v 1282.4288330078125 407.72491455078125 -1421.9052734375 
v 1279.787109375 407.72491455078125 -1421.9052734375 
v 1242.8040771484375 383.9410705566406 -1411.8740234375 
v 1240.1624755859375 407.72491455078125 -1421.9052734375 
v 1242.8040771484375 407.72491455078125 -1421.9052734375 
v 1260.7086181640625 383.3814392089844 -1543.394287109375 
v 1271.421875 380.5833435058594 -1543.394287109375 
v 1260.7086181640625 383.3814392089844 -1738.81689453125 
v 1271.421875 380.5833435058594 -1738.81689453125 
v 1280.3741455078125 374.147705078125 -1543.394287109375 
v 1280.3741455078125 374.147705078125 -1738.81689453125 
v 1286.0977783203125 364.3543701171875 -1543.394287109375 
v 1286.0977783203125 364.3543701171875 -1738.81689453125 
v 1287.5653076171875 353.4417724609375 -1543.394287109375 
v 1287.5653076171875 353.4417724609375 -1738.81689453125 
v 1284.9237060546875 342.8089904785156 -1543.394287109375 
v 1284.9237060546875 342.8089904785156 -1738.81689453125 
v 1278.319580078125 333.8550720214844 -1543.394287109375 
v 1278.319580078125 333.8550720214844 -1738.81689453125 
v 1268.7802734375 328.2588806152344 -1543.394287109375 
v 1268.7802734375 328.2588806152344 -1738.81689453125 
v 1257.7734375 326.58001708984375 -1543.394287109375 
v 1257.7734375 326.58001708984375 -1738.81689453125 
v 1247.06005859375 329.37811279296875 -1543.394287109375 
v 1247.06005859375 329.37811279296875 -1738.81689453125 
v 1238.10791015625 336.0935363769531 -1543.394287109375 
v 1232.38427734375 345.6070861816406 -1543.394287109375 
v 1238.10791015625 336.0935363769531 -1738.81689453125 
v 1238.10791015625 336.0935363769531 -1543.394287109375 
v 1249.7017822265625 381.70257568359375 -1738.81689453125 
v 1249.7017822265625 381.70257568359375 -1543.394287109375 
v 1240.1624755859375 376.10638427734375 -1738.81689453125 
v 1240.1624755859375 376.10638427734375 -1543.394287109375 
v 1233.558349609375 367.1524658203125 -1738.81689453125 
v 1233.558349609375 367.1524658203125 -1543.394287109375 
v 1230.77001953125 356.5196838378906 -1738.81689453125 
v 1230.77001953125 356.5196838378906 -1543.394287109375 
v 1232.38427734375 345.6070861816406 -1738.81689453125 
v 1232.38427734375 345.6070861816406 -1543.394287109375 
v 1238.10791015625 336.0935363769531 -1738.81689453125 
v 1238.10791015625 336.0935363769531 -1543.394287109375 
v 1238.10791015625 336.0935363769531 -1738.81689453125 
v 1247.06005859375 329.37811279296875 -1738.81689453125 
v 1181.7528076171875 353.4417724609375 -1543.394287109375 
v 1181.7528076171875 353.4417724609375 -1738.81689453125 
v 1183.3671875 364.3543701171875 -1543.394287109375 
v 1183.3671875 364.3543701171875 -1738.81689453125 
v 1189.0906982421875 374.147705078125 -1543.394287109375 
v 1189.0906982421875 374.147705078125 -1738.81689453125 
v 1197.8961181640625 380.5833435058594 -1543.394287109375 
v 1197.8961181640625 380.5833435058594 -1738.81689453125 
v 1208.7562255859375 383.3814392089844 -1543.394287109375 
v 1208.7562255859375 383.3814392089844 -1738.81689453125 
v 1219.6163330078125 381.70257568359375 -1543.394287109375 
v 1219.6163330078125 381.70257568359375 -1738.81689453125 
v 1229.1556396484375 376.10638427734375 -1543.394287109375 
v 1229.1556396484375 376.10638427734375 -1738.81689453125 
v 1235.906494140625 367.1524658203125 -1543.394287109375 
v 1235.906494140625 367.1524658203125 -1738.81689453125 
v 1238.548095703125 356.5196838378906 -1543.394287109375 
v 1238.548095703125 356.5196838378906 -1738.81689453125 
v 1236.933837890625 345.6070861816406 -1543.394287109375 
v 1236.933837890625 345.6070861816406 -1738.81689453125 
v 1231.3570556640625 336.0935363769531 -1543.394287109375 
v 1222.40478515625 329.37811279296875 -1543.394287109375 
v 1231.3570556640625 336.0935363769531 -1738.81689453125 
v 1231.3570556640625 336.0935363769531 -1543.394287109375 
v 1184.5411376953125 342.8089904785156 -1738.81689453125 
v 1184.5411376953125 342.8089904785156 -1543.394287109375 
v 1191.145263671875 333.8550720214844 -1738.81689453125 
v 1191.145263671875 333.8550720214844 -1543.394287109375 
v 1200.6845703125 328.2588806152344 -1738.81689453125 
v 1200.6845703125 328.2588806152344 -1543.394287109375 
v 1211.69140625 326.58001708984375 -1738.81689453125 
v 1211.69140625 326.58001708984375 -1543.394287109375 
v 1222.40478515625 329.37811279296875 -1738.81689453125 
v 1222.40478515625 329.37811279296875 -1543.394287109375 
v 1231.3570556640625 336.0935363769531 -1738.81689453125 
v 1231.3570556640625 336.0935363769531 -1543.394287109375 
v 1231.3570556640625 336.0935363769531 -1738.81689453125 
v 1236.933837890625 345.6070861816406 -1738.81689453125 
vn -0.999997615814209 -2.0682260971124217e-13 -0.002184694167226553 
vn -0.999997615814209 -2.0682260971124217e-13 -0.002184694167226553 
vn -0.999997615814209 -2.0682260971124217e-13 -0.002184694167226553 
vn -0.999997615814209 -2.0682260971124217e-13 0.002184694167226553 
vn 0.999997615814209 0 0.002184694167226553 
vn 0.999997615814209 0 0.002184694167226553 
vn 0.999997615814209 0 -0.002184694167226553 
vn 0.999997615814209 0 -0.002184694167226553 
vn 3.097898456858039e-13 -0.999997615814209 0.002184694167226553 
vn 3.097898456858039e-13 -0.999997615814209 0.002184694167226553 
vn 3.097898456858039e-13 -0.999997615814209 0.002184694167226553 
vn 3.097898456858039e-13 -0.999997615814209 0.002184694167226553 
vn -1.0341130485562108e-13 0.999997615814209 -0.002184694167226553 
vn -1.0341130485562108e-13 0.999997615814209 -0.002184694167226553 
vn -1.0341130485562108e-13 0.999997615814209 -0.002184694167226553 
vn -1.0341130485562108e-13 0.999997615814209 -0.002184694167226553 
vn -0.999997615814209 -2.0682260971124217e-13 0.002184694167226553 
vn -0.999997615814209 -2.0682260971124217e-13 0.002184694167226553 
vn -0.999997615814209 -2.0682260971124217e-13 0.002184694167226553 
vn 0 0 1 
vn 0 0 1 
vn 0 0 1 
vn 0 0 1 
vn 0.999997615814209 0 0.002184694167226553 
vn 0.999997615814209 0 0.002184694167226553 
vn 0.999997615814209 0 0.002184694167226553 
vn -2.0682311115474694e-13 0 -1 
vn -2.0682311115474694e-13 0 -1 
vn -2.0682311115474694e-13 0 -1 
vn -2.0682311115474694e-13 0 -1 
vn -0.999997615814209 -2.0682260971124217e-13 0.002184694167226553 
vn -0.999997615814209 -2.0682260971124217e-13 0.002184694167226553 
vn -0.999997615814209 -2.0682260971124217e-13 0.002184694167226553 
vn 0 0 1 
vn 0 0 1 
vn 0 0 1 
vn 0 0 1 
vn 0.999997615814209 0 0.002184694167226553 
vn 0.999997615814209 0 0.002184694167226553 
vn 0.999997615814209 0 0.002184694167226553 
vn -2.0682311115474694e-13 0 -1 
vn -2.0682311115474694e-13 0 -1 
vn -2.0682311115474694e-13 0 -1 
vn -2.0682311115474694e-13 0 -1 
vn -0.999997615814209 -2.0682260971124217e-13 0.002184694167226553 
vn -0.999997615814209 -2.0682260971124217e-13 0.002184694167226553 
vn -0.999997615814209 -2.0682260971124217e-13 0.002184694167226553 
vn 0 0 1 
vn 0 0 1 
vn 0 0 1 
vn 0 0 1 
vn 0.999997615814209 0 0.002184694167226553 
vn 0.999997615814209 0 0.002184694167226553 
vn 0.999997615814209 0 0.002184694167226553 
vn -2.0682311115474694e-13 0 -1 
vn -2.0682311115474694e-13 0 -1 
vn -2.0682311115474694e-13 0 -1 
vn -2.0682311115474694e-13 0 -1 
vn 0.999997615814209 0 0.002184694167226553 
vn 0.999997615814209 0 0.002184694167226553 
vn 0.999997615814209 0 0.002184694167226553 
vn 0.999997615814209 0 0.002184694167226553 
vn 0 0 1 
vn 0 0 1 
vn 0 0 1 
vn 0 0 1 
vn -1.0341130485562108e-13 0.999997615814209 0.002184694167226553 
vn -1.0341130485562108e-13 0.999997615814209 0.002184694167226553 
vn -1.0341130485562108e-13 0.999997615814209 0.002184694167226553 
vn -1.0341130485562108e-13 0.999997615814209 0.002184694167226553 
vn -2.0682311115474694e-13 0 -1 
vn -2.0682311115474694e-13 0 -1 
vn -2.0682311115474694e-13 0 -1 
vn -2.0682311115474694e-13 0 -1 
vn 3.097898456858039e-13 -0.999997615814209 0.002184694167226553 
vn 3.097898456858039e-13 -0.999997615814209 0.002184694167226553 
vn 3.097898456858039e-13 -0.999997615814209 0.002184694167226553 
vn 3.097898456858039e-13 -0.999997615814209 0.002184694167226553 
vn 0.999997615814209 0 0.002184694167226553 
vn 0.999997615814209 0 0.002184694167226553 
vn 0.999997615814209 0 0.002184694167226553 
vn 0.999997615814209 0 0.002184694167226553 
vn 0 0 1 
vn 0 0 1 
vn 0 0 1 
vn 0 0 1 
vn -1.0341130485562108e-13 0.999997615814209 0.002184694167226553 
vn -1.0341130485562108e-13 0.999997615814209 0.002184694167226553 
vn -1.0341130485562108e-13 0.999997615814209 0.002184694167226553 
vn -1.0341130485562108e-13 0.999997615814209 0.002184694167226553 
vn -2.0682311115474694e-13 0 -1 
vn -2.0682311115474694e-13 0 -1 
vn -2.0682311115474694e-13 0 -1 
vn -2.0682311115474694e-13 0 -1 
vn 3.097898456858039e-13 -0.999997615814209 0.002184694167226553 
vn 3.097898456858039e-13 -0.999997615814209 0.002184694167226553 
vn 3.097898456858039e-13 -0.999997615814209 0.002184694167226553 
vn 3.097898456858039e-13 -0.999997615814209 0.002184694167226553 
vn 0.999997615814209 0 0.002184694167226553 
vn 0.999997615814209 0 0.002184694167226553 
vn 0.999997615814209 0 0.002184694167226553 
vn 0.999997615814209 0 0.002184694167226553 
vn -1.0341130485562108e-13 0.999997615814209 0.002184694167226553 
vn -1.0341130485562108e-13 0.999997615814209 0.002184694167226553 
vn -1.0341130485562108e-13 0.999997615814209 0.002184694167226553 
vn -1.0341130485562108e-13 0.999997615814209 0.002184694167226553 
vn -2.0682311115474694e-13 0 -1 
vn -2.0682311115474694e-13 0 -1 
vn -2.0682311115474694e-13 0 -1 
vn -2.0682311115474694e-13 0 -1 
vn 3.097898456858039e-13 -0.999997615814209 0.002184694167226553 
vn 3.097898456858039e-13 -0.999997615814209 0.002184694167226553 
vn 3.097898456858039e-13 -0.999997615814209 0.002184694167226553 
vn 3.097898456858039e-13 -0.999997615814209 0.002184694167226553 
vn -0.999997615814209 -2.0682260971124217e-13 -0.002184694167226553 
vn -0.999997615814209 -2.0682260971124217e-13 -0.002184694167226553 
vn -0.999997615814209 -2.0682260971124217e-13 -0.002184694167226553 
vn -0.999997615814209 -2.0682260971124217e-13 0.002184694167226553 
vn 0.999997615814209 0 0.002184694167226553 
vn 0.999997615814209 0 0.002184694167226553 
vn 0.999997615814209 0 0.002184694167226553 
vn 0.999997615814209 0 0.002184694167226553 
vn 0 0 1 
vn 0 0 1 
vn 0 0 1 
vn 0 0 1 
vn 3.097898456858039e-13 -0.999997615814209 0.002184694167226553 
vn 3.097898456858039e-13 -0.999997615814209 0.002184694167226553 
vn 3.097898456858039e-13 -0.999997615814209 0.002184694167226553 
vn 3.097898456858039e-13 -0.999997615814209 0.002184694167226553 
vn -1.0341130485562108e-13 0.999997615814209 -0.002184694167226553 
vn -1.0341130485562108e-13 0.999997615814209 -0.002184694167226553 
vn -1.0341130485562108e-13 0.999997615814209 -0.002184694167226553 
vn -1.0341130485562108e-13 0.999997615814209 -0.002184694167226553 
vn 0.999997615814209 0 0.002184694167226553 
vn 0.999997615814209 0 0.002184694167226553 
vn 0.999997615814209 0 0.002184694167226553 
vn 0.999997615814209 0 0.002184694167226553 
vn 0 0 1 
vn 0 0 1 
vn 0 0 1 
vn 0 0 1 
vn -1.0341130485562108e-13 0.999997615814209 -0.002184694167226553 
vn -1.0341130485562108e-13 0.999997615814209 -0.002184694167226553 
vn -1.0341130485562108e-13 0.999997615814209 -0.002184694167226553 
vn -1.0341130485562108e-13 0.999997615814209 -0.002184694167226553 
vn -2.0682311115474694e-13 0 -1 
vn -2.0682311115474694e-13 0 -1 
vn -2.0682311115474694e-13 0 -1 
vn -2.0682311115474694e-13 0 -1 
vn 3.097898456858039e-13 -0.999997615814209 0.002184694167226553 
vn 3.097898456858039e-13 -0.999997615814209 0.002184694167226553 
vn 3.097898456858039e-13 -0.999997615814209 0.002184694167226553 
vn 3.097898456858039e-13 -0.999997615814209 0.002184694167226553 
vn 0.999997615814209 0 -0.002184694167226553 
vn 0.999997615814209 0 -0.002184694167226553 
vn 0.999997615814209 0 -0.002184694167226553 
vn 0.999997615814209 0 0.002184694167226553 
vn 0 0 1 
vn 0 0 1 
vn 0 0 1 
vn 0 0 1 
vn -1.0341130485562108e-13 0.999997615814209 -0.002184694167226553 
vn -1.0341130485562108e-13 0.999997615814209 -0.002184694167226553 
vn -1.0341130485562108e-13 0.999997615814209 -0.002184694167226553 
vn -1.0341130485562108e-13 0.999997615814209 -0.002184694167226553 
vn -2.0682311115474694e-13 0 -1 
vn -2.0682311115474694e-13 0 -1 
vn -2.0682311115474694e-13 0 -1 
vn -2.0682311115474694e-13 0 -1 
vn 3.097898456858039e-13 -0.999997615814209 0.002184694167226553 
vn 3.097898456858039e-13 -0.999997615814209 0.002184694167226553 
vn 3.097898456858039e-13 -0.999997615814209 0.002184694167226553 
vn 3.097898456858039e-13 -0.999997615814209 0.002184694167226553 
vn 0.999997615814209 0 -0.002184694167226553 
vn 0.999997615814209 0 -0.002184694167226553 
vn 0.999997615814209 0 -0.002184694167226553 
vn 0.999997615814209 0 0.002184694167226553 
vn -1.0341130485562108e-13 0.999997615814209 -0.002184694167226553 
vn -1.0341130485562108e-13 0.999997615814209 -0.002184694167226553 
vn -1.0341130485562108e-13 0.999997615814209 -0.002184694167226553 
vn -1.0341130485562108e-13 0.999997615814209 -0.002184694167226553 
vn -2.0682311115474694e-13 0 -1 
vn -2.0682311115474694e-13 0 -1 
vn -2.0682311115474694e-13 0 -1 
vn -2.0682311115474694e-13 0 -1 
vn 3.097898456858039e-13 -0.999997615814209 0.002184694167226553 
vn 3.097898456858039e-13 -0.999997615814209 0.002184694167226553 
vn 3.097898456858039e-13 -0.999997615814209 0.002184694167226553 
vn 3.097898456858039e-13 -0.999997615814209 0.002184694167226553 
vn -2.0682311115474694e-13 0 -1 
vn -2.0682311115474694e-13 0 -1 
vn -2.0682311115474694e-13 0 -1 
vn -2.0682311115474694e-13 0 -1 
vn -2.0682311115474694e-13 0 -1 
vn -2.0682311115474694e-13 0 -1 
vn -2.0682311115474694e-13 0 -1 
vn -2.0682311115474694e-13 0 -1 
vn 0 0 1 
vn 0 0 1 
vn 0 0 1 
vn 0 0 1 
vn 0.999997615814209 0 0.002184694167226553 
vn 0.999997615814209 0 -0.002184694167226553 
vn 0.999997615814209 0 0.002184694167226553 
vn 0.999997615814209 0 -0.002184694167226553 
vn -0.999997615814209 -2.0682260971124217e-13 0.002184694167226553 
vn -0.999997615814209 -2.0682260971124217e-13 -0.002184694167226553 
vn -0.999997615814209 -2.0682260971124217e-13 0.002184694167226553 
vn -0.999997615814209 -2.0682260971124217e-13 -0.002184694167226553 
vn 3.097898456858039e-13 -0.999997615814209 0.002184694167226553 
vn 3.097898456858039e-13 -0.999997615814209 0.002184694167226553 
vn 3.097898456858039e-13 -0.999997615814209 0.002184694167226553 
vn 3.097898456858039e-13 -0.999997615814209 0.002184694167226553 
vn -1.0341130485562108e-13 0.999997615814209 -0.002184694167226553 
vn -1.0341130485562108e-13 0.999997615814209 -0.002184694167226553 
vn -1.0341130485562108e-13 0.999997615814209 -0.002184694167226553 
vn -1.0341130485562108e-13 0.999997615814209 -0.002184694167226553 
vn 0.999997615814209 0 0.002184694167226553 
vn 0.999997615814209 0 0.002184694167226553 
vn 0.999997615814209 0 0.002184694167226553 
vn 0.999997615814209 0 0.002184694167226553 
vn 0 0 1 
vn 0 0 1 
vn 0 0 1 
vn 0 0 1 
vn -0.999997615814209 -2.0682260971124217e-13 0.002184694167226553 
vn -0.999997615814209 -2.0682260971124217e-13 0.002184694167226553 
vn -0.999997615814209 -2.0682260971124217e-13 0.002184694167226553 
vn -0.999997615814209 -2.0682260971124217e-13 0.002184694167226553 
vn -2.0682311115474694e-13 0 -1 
vn -2.0682311115474694e-13 0 -1 
vn -2.0682311115474694e-13 0 -1 
vn -2.0682311115474694e-13 0 -1 
vn 0.999997615814209 0 0.002184694167226553 
vn 0.999997615814209 0 0.002184694167226553 
vn 0.999997615814209 0 0.002184694167226553 
vn 0.999997615814209 0 0.002184694167226553 
vn 0 0 1 
vn 0 0 1 
vn 0 0 1 
vn 0 0 1 
vn -0.999997615814209 -2.0682260971124217e-13 0.002184694167226553 
vn -0.999997615814209 -2.0682260971124217e-13 -0.002184694167226553 
vn -0.999997615814209 -2.0682260971124217e-13 -0.002184694167226553 
vn -0.999997615814209 -2.0682260971124217e-13 -0.002184694167226553 
vn -2.0682311115474694e-13 0 -1 
vn -2.0682311115474694e-13 0 -1 
vn -2.0682311115474694e-13 0 -1 
vn -2.0682311115474694e-13 0 -1 
vn 0.999997615814209 0 0.002184694167226553 
vn 0.999997615814209 0 0.002184694167226553 
vn 0.999997615814209 0 0.002184694167226553 
vn 0.999997615814209 0 0.002184694167226553 
vn 0 0 1 
vn 0 0 1 
vn 0 0 1 
vn 0 0 1 
vn -0.999997615814209 -2.0682260971124217e-13 0.002184694167226553 
vn -0.999997615814209 -2.0682260971124217e-13 -0.002184694167226553 
vn -0.999997615814209 -2.0682260971124217e-13 -0.002184694167226553 
vn -0.999997615814209 -2.0682260971124217e-13 -0.002184694167226553 
vn -2.0682311115474694e-13 0 -1 
vn -2.0682311115474694e-13 0 -1 
vn -2.0682311115474694e-13 0 -1 
vn -2.0682311115474694e-13 0 -1 
vn -0.999997615814209 -2.0682260971124217e-13 0.002184694167226553 
vn -0.999997615814209 -2.0682260971124217e-13 0.002184694167226553 
vn -0.999997615814209 -2.0682260971124217e-13 0.002184694167226553 
vn -0.999997615814209 -2.0682260971124217e-13 0.002184694167226553 
vn -0.999997615814209 -2.0682260971124217e-13 0.002184694167226553 
vn -0.999997615814209 -2.0682260971124217e-13 0.002184694167226553 
vn -0.999997615814209 -2.0682260971124217e-13 0.002184694167226553 
vn -0.999997615814209 -2.0682260971124217e-13 0.002184694167226553 
vn -0.999997615814209 -2.0682260971124217e-13 0.002184694167226553 
vn -0.999997615814209 -2.0682260971124217e-13 0.002184694167226553 
vn -0.999997615814209 -2.0682260971124217e-13 0.002184694167226553 
vn -0.999997615814209 -2.0682260971124217e-13 0.002184694167226553 
vn 0.999997615814209 0 0.002184694167226553 
vn 0.999997615814209 0 -0.002184694167226553 
vn 0.999997615814209 0 -0.002184694167226553 
vn 0.999997615814209 0 -0.002184694167226553 
vn -0.999997615814209 -2.0682260971124217e-13 0.002184694167226553 
vn -0.999997615814209 -2.0682260971124217e-13 -0.002184694167226553 
vn -0.999997615814209 -2.0682260971124217e-13 -0.002184694167226553 
vn -0.999997615814209 -2.0682260971124217e-13 -0.002184694167226553 
vn 0 0 1 
vn 0 0 1 
vn 0 0 1 
vn 0 0 1 
vn 3.097898456858039e-13 -0.999997615814209 0.002184694167226553 
vn 3.097898456858039e-13 -0.999997615814209 0.002184694167226553 
vn 3.097898456858039e-13 -0.999997615814209 0.002184694167226553 
vn 3.097898456858039e-13 -0.999997615814209 0.002184694167226553 
vn -1.0341130485562108e-13 0.999997615814209 -0.002184694167226553 
vn -1.0341130485562108e-13 0.999997615814209 -0.002184694167226553 
vn -1.0341130485562108e-13 0.999997615814209 -0.002184694167226553 
vn -1.0341130485562108e-13 0.999997615814209 -0.002184694167226553 
vn -0.999997615814209 -2.0682260971124217e-13 -0.002184694167226553 
vn -0.999997615814209 -2.0682260971124217e-13 -0.002184694167226553 
vn -0.999997615814209 -2.0682260971124217e-13 -0.002184694167226553 
vn -0.999997615814209 -2.0682260971124217e-13 0.002184694167226553 
vn -0.999997615814209 -2.0682260971124217e-13 -0.002184694167226553 
vn -0.999997615814209 -2.0682260971124217e-13 0.002184694167226553 
vn -0.999997615814209 -2.0682260971124217e-13 0.002184694167226553 
vn -0.999997615814209 -2.0682260971124217e-13 0.002184694167226553 
vn -0.999997615814209 -2.0682260971124217e-13 -0.002184694167226553 
vn -0.999997615814209 -2.0682260971124217e-13 0.002184694167226553 
vn -0.999997615814209 -2.0682260971124217e-13 0.002184694167226553 
vn -0.999997615814209 -2.0682260971124217e-13 0.002184694167226553 
vn -2.0682311115474694e-13 0 -1 
vn -2.0682311115474694e-13 0 -1 
vn -2.0682311115474694e-13 0 -1 
vn -2.0682311115474694e-13 0 -1 
vn -2.0682311115474694e-13 0 -1 
vn -2.0682311115474694e-13 0 -1 
vn -2.0682311115474694e-13 0 -1 
vn -2.0682311115474694e-13 0 -1 
vn 0 0 1 
vn 0 0 1 
vn 0 0 1 
vn 0 0 1 
vn 0 0 1 
vn 0 0 1 
vn 0 0 1 
vn 0 0 1 
vn 0 0 1 
vn 0 0 1 
vn 0 0 1 
vn 0 0 1 
vn 0.6859472990036011 0 -0.7276512384414673 
vn 0.6859472990036011 0 -0.7276512384414673 
vn 0.9177025556564331 0 -0.3972681760787964 
vn 0.9177025556564331 0 -0.3972681760787964 
vn 0.9854457378387451 0.1205325499176979 0.11986933648586273 
vn 0.9177025556564331 0 0.3972681760787964 
vn 0.999997615814209 0 -0.002184694167226553 
vn 0.8641762733459473 0.37429141998291016 0.3363112509250641 
vn 0.924505352973938 0 0.3811691105365753 
vn 0.7078787684440613 0 0.7063339352607727 
vn 0.6771451830863953 0.28608959913253784 0.677958071231842 
vn 0.6316900253295898 0.7436830401420593 0.21886809170246124 
vn 0.7832314968109131 0.45365047454833984 0.42514660954475403 
vn 0.6827613711357117 0 0.7306414246559143 
vn -0.6859472990036011 -1.418697516235301e-13 -0.7276512384414673 
vn -0.9176948070526123 0.00377855752594769 -0.3972681760787964 
vn -0.6859472990036011 -1.418697516235301e-13 -0.7276512384414673 
vn -0.9176948070526123 0.00377855752594769 -0.3972681760787964 
vn -0.9854457378387451 0.1205325499176979 0.11986933648586273 
vn -0.9177025556564331 -1.9020963732026275e-13 0.3972681760787964 
vn -0.7832314968109131 0.45365047454833984 0.42514660954475403 
vn -0.682750940322876 0.0037696787621825933 0.7306414246559143 
vn -0.7078787684440613 -1.4640568759497624e-13 0.7063339352607727 
vn -0.924505352973938 -1.9120906843538704e-13 0.3811691105365753 
vn -0.6756701469421387 0.2895561456680298 0.677958071231842 
vn -0.8641762733459473 0.37429141998291016 0.3363112509250641 
vn -0.6316900253295898 0.7436830401420593 0.21886809170246124 
vn -0.999997615814209 -2.0682260971124217e-13 0.002184694167226553 
vn 3.097898456858039e-13 -0.999997615814209 0.002184694167226553 
vn 0.4571383595466614 -0.7439959645271301 0.48733407258987427 
vn 3.097898456858039e-13 -0.999997615814209 0.002184694167226553 
vn 0.7126131653785706 -0.6286051869392395 0.31150925159454346 
vn 3.097898456858039e-13 -0.999997615814209 0.002184694167226553 
vn 0.7142013311386108 -0.6288480162620544 -0.30735430121421814 
vn 0.46252012252807617 -0.7406622767448425 -0.48733407258987427 
vn 0.6859472990036011 0 -0.7276512384414673 
vn 0.9177025556564331 0 -0.3972681760787964 
vn 0.9177025556564331 0 0.3972681760787964 
vn 0.6827613711357117 0 0.7306414246559143 
vn 3.097898456858039e-13 -0.999997615814209 0.002184694167226553 
vn 3.097898456858039e-13 -0.999997615814209 0.002184694167226553 
vn -0.46252012252807617 -0.7406622767448425 -0.48733407258987427 
vn 3.097898456858039e-13 -0.999997615814209 0.002184694167226553 
vn -0.7142013311386108 -0.6288480162620544 -0.30735430121421814 
vn -0.7151041626930237 -0.6257699728012085 0.31150925159454346 
vn -0.9176948070526123 0.00377855752594769 -0.3972681760787964 
vn -0.9177025556564331 -1.9020963732026275e-13 0.3972681760787964 
vn -0.682750940322876 0.0037696787621825933 0.7306414246559143 
vn -0.46034911274909973 -0.7420136332511902 0.48733407258987427 
vn 3.097898456858039e-13 -0.999997615814209 0.002184694167226553 
vn 3.097898456858039e-13 -0.999997615814209 0.002184694167226553 
vn -0.6859472990036011 -1.418697516235301e-13 -0.7276512384414673 
vn 3.097898456858039e-13 -0.999997615814209 0.002184694167226553 
vn 3.097898456858039e-13 -0.999997615814209 0.002184694167226553 
vn 3.097898456858039e-13 -0.999997615814209 0.002184694167226553 
vn 3.097898456858039e-13 -0.999997615814209 0.002184694167226553 
vn 3.097898456858039e-13 -0.999997615814209 -0.002184694167226553 
vn 3.097898456858039e-13 -0.999997615814209 -0.002184694167226553 
vn 0.001878746203146875 -0.3791438043117523 0.9253358840942383 
vn 0.001878746203146875 -0.3791438043117523 0.9253358840942383 
vn 0 0 1 
vn 0 0 1 
vn 0 0 1 
vn 0 0 1 
vn 0 0 1 
vn 0 0 1 
vn 3.097898456858039e-13 -0.999997615814209 0.002184694167226553 
vn 3.097898456858039e-13 -0.999997615814209 0.002184694167226553 
vn -0.0018906746990978718 -0.37914374470710754 -0.9253358840942383 
vn -0.0018906746990978718 -0.37914374470710754 -0.9253358840942383 
vn -2.0682311115474694e-13 0 -1 
vn -2.0682311115474694e-13 0 -1 
vn -1.0341130485562108e-13 0.999997615814209 0.002184694167226553 
vn -1.0341130485562108e-13 0.999997615814209 0.002184694167226553 
vn -1.0341130485562108e-13 0.999997615814209 -0.002184694167226553 
vn -1.0341130485562108e-13 0.999997615814209 0.002184694167226553 
vn -1.0341130485562108e-13 0.999997615814209 0.002184694167226553 
vn -1.0341130485562108e-13 0.999997615814209 0.002184694167226553 
vn -1.0341130485562108e-13 0.999997615814209 0.002184694167226553 
vn -1.0341130485562108e-13 0.999997615814209 0.002184694167226553 
vn -1.0341130485562108e-13 0.999997615814209 0.002184694167226553 
vn -1.0341130485562108e-13 0.999997615814209 0.002184694167226553 
vn -1.0341130485562108e-13 0.999997615814209 0.002184694167226553 
vn -1.0341130485562108e-13 0.999997615814209 0.002184694167226553 
vn -1.0341130485562108e-13 0.999997615814209 0.002184694167226553 
vn -1.0341130485562108e-13 0.999997615814209 0.002184694167226553 
vn -1.0341130485562108e-13 0.999997615814209 0.002184694167226553 
vn -1.0341130485562108e-13 0.999997615814209 0.002184694167226553 
vn -1.0341130485562108e-13 0.999997615814209 -0.002184694167226553 
vn -1.0341130485562108e-13 0.999997615814209 0.002184694167226553 
vn -1.0341130485562108e-13 0.999997615814209 0.002184694167226553 
vn -1.0341130485562108e-13 0.999997615814209 0.002184694167226553 
vn -0.9177025556564331 -1.9020963732026275e-13 0.3972681760787964 
vn -0.9176948070526123 0.00377855752594769 -0.3972681760787964 
vn -0.8830035924911499 -0.24996519088745117 -0.3972681760787964 
vn -0.6859472990036011 -1.418697516235301e-13 -0.7276512384414673 
vn -0.690714418888092 -0.16844934225082397 -0.7032341957092285 
vn -0.6677672863006592 -0.38262739777565 -0.6385006904602051 
vn -0.8307697772979736 -0.46947261691093445 -0.2990269064903259 
vn -0.8820825219154358 -0.3674115240573883 0.2948545813560486 
vn -0.5942212343215942 -0.7287065982818604 0.34042292833328247 
vn -0.6040805578231812 -0.4631311297416687 0.6485338807106018 
vn -0.42851728200912476 -0.7774333357810974 0.46040233969688416 
vn -0.682750940322876 0.0037696787621825933 0.7306414246559143 
vn -1.0341130485562108e-13 0.999997615814209 0.002184694167226553 
vn -1.0341130485562108e-13 0.999997615814209 0.002184694167226553 
vn -1.0341130485562108e-13 0.999997615814209 0.002184694167226553 
vn -1.0341130485562108e-13 0.999997615814209 0.002184694167226553 
vn 0.5215726494789124 -0.6453874707221985 0.5580654144287109 
vn 0.6277782320976257 -0.39366352558135986 0.6715083718299866 
vn 0.7087424397468567 -0.5345220565795898 0.46040233969688416 
vn 0.9501391053199768 -0.11288364231586456 0.29067665338516235 
vn 0.9177025556564331 0 -0.3972681760787964 
vn 0.9177025556564331 0 -0.3972681760787964 
vn 0.6859472990036011 0 -0.7276512384414673 
vn 0.6859472990036011 0 -0.7276512384414673 
vn 0.9177025556564331 0 -0.3972681760787964 
vn 0.6859472990036011 0 -0.7276512384414673 
vn 0.6827613711357117 0 0.7306414246559143 
vn 0.9177025556564331 0 0.3972681760787964 
vn -2.0682311115474694e-13 0 -1 
vn -2.0682311115474694e-13 0 -1 
vn -2.0682311115474694e-13 0 -1 
vn -2.0682311115474694e-13 0 -1 
vn -0.002184688812121749 -0.0037839922588318586 -0.9999904632568359 
vn -0.002184688812121749 -0.0037839922588318586 -0.9999904632568359 
vn 0 0 1 
vn 0 0 1 
vn -0.001880282536149025 -0.4584580361843109 0.888714075088501 
vn 0.0037627271376550198 -0.41918838024139404 0.9078915119171143 
vn 2.3560163152011593e-13 -0.758344829082489 0.651853621006012 
vn 2.3560163152011593e-13 -0.758344829082489 0.651853621006012 
vn 3.097898456858039e-13 -0.999997615814209 0.002184694167226553 
vn -0.4231204688549042 -0.8083766102790833 -0.40926313400268555 
vn 3.097898456858039e-13 -0.999997615814209 0.002184694167226553 
vn -0.7204128503799438 -0.6296923160552979 -0.29067665338516235 
vn 3.097898456858039e-13 -0.999997615814209 0.002184694167226553 
vn -0.7151041626930237 -0.6257699728012085 0.31150925159454346 
vn -0.9261542558670044 0.003773820586502552 -0.37712597846984863 
vn -0.9177025556564331 -1.9020963732026275e-13 0.3972681760787964 
vn -0.682750940322876 0.0037696787621825933 0.7306414246559143 
vn -0.4870521128177643 -0.6979568004608154 0.5250110030174255 
vn 3.097898456858039e-13 -0.999997615814209 0.002184694167226553 
vn -0.7170366048812866 0.0075594643130898476 -0.6969945430755615 
vn 3.097898456858039e-13 -0.999997615814209 0.002184694167226553 
vn 1.930756580005924e-13 -0.6232457756996155 0.7820260524749756 
vn 3.097898456858039e-13 -0.999997615814209 0.002184694167226553 
vn 0.003763624932616949 -0.4815858006477356 0.8763908743858337 
vn 0 0 1 
vn 0 0 1 
vn 0.6827613711357117 0 0.7306414246559143 
vn 0.5545545220375061 -0.5865713953971863 0.590256929397583 
vn 0.9177025556564331 0 0.3972681760787964 
vn 0.7126131653785706 -0.6286051869392395 0.31150925159454346 
vn 0.7142013311386108 -0.6288480162620544 -0.30735430121421814 
vn 3.097898456858039e-13 -0.999997615814209 0.002184694167226553 
vn 3.097898456858039e-13 -0.999997615814209 0.002184694167226553 
vn 0.4351942539215088 -0.7713968753814697 -0.4642767012119293 
vn 3.097898456858039e-13 -0.999997615814209 0.002184694167226553 
vn 3.097898456858039e-13 -0.999997615814209 0.002184694167226553 
vn 0.9177025556564331 0 -0.3972681760787964 
vn 0.6859472990036011 0 -0.7276512384414673 
vn 3.097898456858039e-13 -0.999997615814209 0.002184694167226553 
vn 3.097898456858039e-13 -0.999997615814209 0.002184694167226553 
vn -0.0018924816977232695 -0.2927601933479309 -0.9561840295791626 
vn 2.703748479986924e-14 -0.0872766524553299 -0.9961841106414795 
vn -2.0682311115474694e-13 0 -1 
vn -2.0682311115474694e-13 0 -1 
vn -1.0341130485562108e-13 0.999997615814209 0.002184694167226553 
vn 0.4169863760471344 0.7926282286643982 0.44481781125068665 
vn -1.0341130485562108e-13 0.999997615814209 -0.002184694167226553 
vn 0.36288905143737793 0.9216763377189636 0.1372016966342926 
vn -1.0341130485562108e-13 0.999997615814209 -0.002184694167226553 
vn 0.21725822985172272 0.9761117100715637 -0.002184694167226553 
vn 0.8397637009620667 0.5429477095603943 -0.002184694167226553 
vn 0.7847673892974854 0.5067852139472961 0.3568037748336792 
vn 0.835639476776123 0.5492739677429199 -0.002184694167226553 
vn 0.7823277115821838 0.5133740305900574 0.3527185618877411 
vn 0.9591029286384583 0.283049076795578 0.002184694167226553 
vn 0.8746933937072754 0.25325727462768555 0.41324591636657715 
vn 0.9591029286384583 -0.283049076795578 0.002184694167226553 
vn 0.6264184713363647 0.40665099024772644 0.6650074124336243 
vn 0.6277782320976257 0.39366352558135986 0.6715083718299866 
vn 0.679023802280426 0.13482603430747986 0.7216291427612305 
vn 0.8629791736602783 -0.29626113176345825 0.40926313400268555 
vn 0.6711023449897766 -0.21527810394763947 0.7094202041625977 
vn 0.6206270456314087 -0.4257443845272064 0.6584556698799133 
vn 0.7806490063667297 -0.5131064653396606 0.3568037748336792 
vn 0.4316266179084778 -0.7802736163139343 0.45262736082077026 
vn 0.36288905143737793 -0.9216763377189636 0.1372016966342926 
vn 3.097898456858039e-13 -0.999997615814209 0.002184694167226553 
vn 3.097898456858039e-13 -0.999997615814209 0.002184694167226553 
vn 0.38268253207206726 -0.9238772988319397 0.002184694167226553 
vn 3.097898456858039e-13 -0.999997615814209 0.002184694167226553 
vn 0.8397637009620667 -0.5429477095603943 0.002184694167226553 
vn -1.0341130485562108e-13 0.999997615814209 0.002184694167226553 
vn -0.0018856911920011044 0.9159560203552246 0.401274174451828 
vn -1.0341130485562108e-13 0.999997615814209 0.002184694167226553 
vn 0.001886209356598556 0.8273484706878662 0.5616858005523682 
vn 0 0 1 
vn 0 0 1 
vn 5.42963238728115e-15 -0.017476677894592285 0.9998472929000854 
vn 5.42963238728115e-15 -0.017476677894592285 0.9998472929000854 
vn 0.0018290365114808083 -0.05237675458192825 0.9986256957054138 
vn 0.0018290365114808083 -0.05237675458192825 0.9986256957054138 
vn 0.0018290365114808083 -0.05237675458192825 0.9986256957054138 
vn 0.0018290365114808083 -0.05237675458192825 0.9986256957054138 
vn 5.42963238728115e-15 -0.017476677894592285 0.9998472929000854 
vn 5.42963238728115e-15 -0.017476677894592285 0.9998472929000854 
vn 0 0 1 
vn 0 0 1 
vn -1.0341130485562108e-13 0.999997615814209 0.002184694167226553 
vn -1.0341130485562108e-13 0.999997615814209 0.002184694167226553 
vn -0.0018880317220464349 0.9747869968414307 -0.22312943637371063 
vn -0.0018882075091823936 0.9652611613273621 -0.2612801790237427 
vn -5.975572142137564e-14 0.5778437852859497 -0.8161473870277405 
vn -0.001892064930871129 0.4854215085506439 -0.87427818775177 
vn -2.0682311115474694e-13 0 -1 
vn -2.0682311115474694e-13 0 -1 
vn -0.002184688812121749 -0.0037839922588318586 -0.9999904632568359 
vn -0.002184688812121749 -0.0037839922588318586 -0.9999904632568359 
vn -0.002184688812121749 -0.0037839922588318586 -0.9999904632568359 
vn -0.002184688812121749 -0.0037839922588318586 -0.9999904632568359 
vn -2.0682311115474694e-13 0 -1 
vn -2.0682311115474694e-13 0 -1 
vn -2.0682311115474694e-13 0 -1 
vn -2.0682311115474694e-13 0 -1 
vn -1.0341130485562108e-13 0.999997615814209 0.002184694167226553 
vn -0.21164849400520325 0.951534628868103 -0.22312943637371063 
vn -1.0341130485562108e-13 0.999997615814209 -0.002184694167226553 
vn -0.2971814274787903 0.934171736240387 -0.1975002884864807 
vn -1.0341130485562108e-13 0.999997615814209 -0.002184694167226553 
vn -0.5439838171005249 0.8064892292022705 0.23163928091526031 
vn -0.48334604501724243 0.7114906907081604 0.5100564956665039 
vn -0.6836680173873901 0.10885481536388397 0.7216291427612305 
vn -0.91455078125 0.1353033035993576 0.3811691105365753 
vn -0.8402585983276367 0.40823596715927124 0.3568037748336792 
vn -0.644456148147583 0.34740832448005676 0.681163489818573 
vn -0.8605003952980042 0.303385466337204 0.40926313400268555 
vn -0.6789488792419434 0.1643584817647934 0.715552031993866 
vn -0.8629791736602783 -0.29626113176345825 0.40926313400268555 
vn -0.6699405312538147 -0.21886670589447021 0.7094202041625977 
vn -0.6408436298370361 -0.3540278673171997 0.681163489818573 
vn -0.8416120409965515 -0.3981180787086487 0.3649536371231079 
vn -0.47087597846984863 -0.725085437297821 0.5025205612182617 
vn -0.4453701972961426 -0.8769969940185547 0.18033768236637115 
vn 3.097898456858039e-13 -0.999997615814209 0.002184694167226553 
vn 3.097898456858039e-13 -0.999997615814209 0.002184694167226553 
vn -0.44755667448043823 -0.875883162021637 -0.18033768236637115 
vn 3.097898456858039e-13 -0.999997615814209 0.002184694167226553 
vn -0.4769425392150879 -0.7103971838951111 -0.5175535082817078 
vn -0.8416120409965515 -0.3981180787086487 -0.3649536371231079 
vn -0.8661732077598572 -0.2750832736492157 -0.417220801115036 
vn -0.5996898412704468 0.48237845301628113 -0.6385006904602051 
vn -0.9322909712791443 0.25013241171836853 -0.2612801790237427 
vn -1.0341130485562108e-13 0.999997615814209 0.002184694167226553 
vn -0.6393601298332214 -0.3378607928752899 -0.6907016038894653 
vn -0.6686909794807434 -0.17917519807815552 -0.7216291427612305 
vn -0.6700690984725952 0.19746580719947815 -0.715552031993866 
vn -0.8538943529129028 0.3215091824531555 -0.40926313400268555 
vn -0.8350374102592468 0.4153030216693878 -0.36088213324546814 
vn -0.6387124061584473 0.35785847902297974 -0.681163489818573 
vn 3.097898456858039e-13 -0.999997615814209 0.002184694167226553 
vn 3.097898456858039e-13 -0.999997615814209 0.002184694167226553 
vn 3.097898456858039e-13 -0.999997615814209 0.002184694167226553 
vn 3.097898456858039e-13 -0.999997615814209 0.002184694167226553 
vn 3.097898456858039e-13 -0.999997615814209 0.002184694167226553 
vn 3.097898456858039e-13 -0.999997615814209 0.002184694167226553 
vn 3.097898456858039e-13 -0.999997615814209 0.002184694167226553 
vn 3.097898456858039e-13 -0.999997615814209 0.002184694167226553 
vn 3.097898456858039e-13 -0.999997615814209 0.002184694167226553 
vn 3.097898456858039e-13 -0.999997615814209 0.002184694167226553 
vn 0 0 1 
vn 0 0 1 
vn 0 0 1 
vn 0 0 1 
vn -2.0682311115474694e-13 0 -1 
vn -2.0682311115474694e-13 0 -1 
vn -2.0682311115474694e-13 0 -1 
vn -2.0682311115474694e-13 0 -1 
vn -1.0341130485562108e-13 0.999997615814209 -0.002184694167226553 
vn -1.0341130485562108e-13 0.999997615814209 -0.002184694167226553 
vn -1.0341130485562108e-13 0.999997615814209 -0.002184694167226553 
vn -1.0341130485562108e-13 0.999997615814209 -0.002184694167226553 
vn -0.18629015982151031 -0.7049488425254822 0.6843559741973877 
vn -0.18629015982151031 -0.7049488425254822 0.6843559741973877 
vn -0.35636106133461 -0.6222583055496216 0.6969945430755615 
vn -0.35636106133461 -0.6222583055496216 0.6969945430755615 
vn -0.6203776001930237 -0.3596251606941223 0.6969945430755615 
vn -0.6203776001930237 -0.3596251606941223 0.6969945430755615 
vn -0.7170764207839966 -1.4830797451671068e-13 0.6969945430755615 
vn -0.7170764207839966 -1.4830797451671068e-13 0.6969945430755615 
vn -0.6203776001930237 0.3596251606941223 0.6969945430755615 
vn -0.6203776001930237 0.3596251606941223 0.6969945430755615 
vn -0.35636106133461 0.6222583055496216 0.6969945430755615 
vn -0.35636106133461 0.6222583055496216 0.6969945430755615 
vn -0.18629015982151031 0.7049488425254822 0.6843559741973877 
vn -0.18629015982151031 0.7049488425254822 0.6843559741973877 
vn 0.18629015982151031 0.7049488425254822 0.6843559741973877 
vn 0.35636106133461 0.6222583055496216 0.6969945430755615 
vn 0.18629015982151031 0.7049488425254822 0.6843559741973877 
vn 0.35636106133461 0.6222583055496216 0.6969945430755615 
vn 0.6203776001930237 0.3596251606941223 0.6969945430755615 
vn 0.6203776001930237 0.3596251606941223 0.6969945430755615 
vn 0.7170764207839966 0 0.6969945430755615 
vn 0.7170764207839966 0 0.6969945430755615 
vn 0.6203776001930237 -0.3596251606941223 0.6969945430755615 
vn 0.6203776001930237 -0.3596251606941223 0.6969945430755615 
vn 0.35636106133461 -0.6222583055496216 0.6969945430755615 
vn 0.35636106133461 -0.6222583055496216 0.6969945430755615 
vn 0.18629015982151031 -0.7049488425254822 0.6843559741973877 
vn 0.18629015982151031 -0.7049488425254822 0.6843559741973877 
vn 0 0 1 
vn 0 0 1 
vn 0 0 1 
vn 0 0 1 
vn 0 0 1 
vn 0 0 1 
vn 0 0 1 
vn 0 0 1 
vn 0 0 1 
vn 0 0 1 
vn 0 0 1 
vn 0 0 1 
vn 0 0 1 
vn 0 0 1 
vn 0.0037671432364732027 -0.7170665264129639 0.6969945430755615 
vn 0.0037671432364732027 -0.7170665264129639 0.6969945430755615 
vn 0.0037671432364732027 -0.7170665264129639 0.6969945430755615 
vn 0.0037671432364732027 0.7170665264129639 0.6969945430755615 
vn 0.0037671432364732027 0.7170665264129639 0.6969945430755615 
vn 0.0037671432364732027 0.7170665264129639 0.6969945430755615 
vn -1.0341130485562108e-13 0.999997615814209 0.002184694167226553 
vn -1.0341130485562108e-13 0.999997615814209 0.002184694167226553 
vn -1.0341130485562108e-13 0.999997615814209 0.002184694167226553 
vn -1.0341130485562108e-13 0.999997615814209 0.002184694167226553 
vn -2.0682311115474694e-13 0 -1 
vn -2.0682311115474694e-13 0 -1 
vn -2.0682311115474694e-13 0 -1 
vn -2.0682311115474694e-13 0 -1 
vn 0 0 1 
vn 0 0 1 
vn 0 0 1 
vn 0 0 1 
vn -0.999997615814209 -2.0682260971124217e-13 0.002184694167226553 
vn -0.999997615814209 -2.0682260971124217e-13 0.002184694167226553 
vn -0.999997615814209 -2.0682260971124217e-13 0.002184694167226553 
vn -0.999997615814209 -2.0682260971124217e-13 0.002184694167226553 
vn 0.999997615814209 0 0.002184694167226553 
vn 0.999997615814209 0 0.002184694167226553 
vn 0.999997615814209 0 0.002184694167226553 
vn -1.0341130485562108e-13 0.999997615814209 -0.002184694167226553 
vn -1.0341130485562108e-13 0.999997615814209 -0.002184694167226553 
vn -1.0341130485562108e-13 0.999997615814209 -0.002184694167226553 
vn -1.0341130485562108e-13 0.999997615814209 -0.002184694167226553 
vn 0.999997615814209 0 -0.002184694167226553 
vn 0.999997615814209 0 -0.002184694167226553 
vn 0.999997615814209 0 -0.002184694167226553 
vn 0.999997615814209 0 0.002184694167226553 
vn 0.9238772988319397 0.38268253207206726 0.002184694167226553 
vn 0.9238772988319397 0.38268253207206726 0.002184694167226553 
vn 0.38268253207206726 0.9238772988319397 0.002184694167226553 
vn 0.38268253207206726 0.9238772988319397 0.002184694167226553 
vn -0.38268253207206726 0.9238772988319397 0.002184694167226553 
vn -0.38268253207206726 0.9238772988319397 0.002184694167226553 
vn -0.9238772988319397 0.38268253207206726 0.002184694167226553 
vn -0.9238772988319397 0.38268253207206726 0.002184694167226553 
vn -0.999997615814209 -2.0682260971124217e-13 -0.002184694167226553 
vn -0.999997615814209 -2.0682260971124217e-13 0.002184694167226553 
vn -0.999997615814209 -2.0682260971124217e-13 -0.002184694167226553 
vn -0.999997615814209 -2.0682260971124217e-13 -0.002184694167226553 
vn 0.999997615814209 0 0.002184694167226553 
vn -2.0682311115474694e-13 0 -1 
vn -2.0682311115474694e-13 0 -1 
vn -2.0682311115474694e-13 0 -1 
vn -2.0682311115474694e-13 0 -1 
vn -2.0682311115474694e-13 0 -1 
vn -2.0682311115474694e-13 0 -1 
vn 0 0 1 
vn 0 0 1 
vn 0 0 1 
vn 0 0 1 
vn 0 0 1 
vn 0 0 1 
vn 0.999997615814209 0 0.002184694167226553 
vn 0.9452975392341614 0.32620200514793396 0.002184694167226553 
vn 0.999997615814209 0 0.002184694167226553 
vn 0.9452975392341614 0.32620200514793396 0.002184694167226553 
vn 0.6107551455497742 0.7918164730072021 0.002184694167226553 
vn 0.6107551455497742 0.7918164730072021 0.002184694167226553 
vn 0.0980169028043747 0.9951823353767395 0.002184694167226553 
vn 0.0904986634850502 0.995894193649292 -0.002184694167226553 
vn -0.5108591318130493 0.8596616387367249 -0.002184694167226553 
vn -0.5173366069793701 0.855779230594635 -0.002184694167226553 
vn -0.9238772988319397 0.38268253207206726 -0.002184694167226553 
vn -0.9238772988319397 0.38268253207206726 -0.002184694167226553 
vn -0.9992848038673401 0.03775046393275261 -0.002184694167226553 
vn -0.9992848038673401 0.03775046393275261 0.002184694167226553 
vn -0.999997615814209 -2.0682260971124217e-13 0.002184694167226553 
vn -2.0682311115474694e-13 0 -1 
vn 2.0682311115474694e-13 4.2775797696334704e-26 -1 
vn 2.0682311115474694e-13 4.2775797696334704e-26 -1 
vn 2.0682311115474694e-13 4.2775797696334704e-26 -1 
vn 2.0682311115474694e-13 4.2775797696334704e-26 -1 
vn 2.0682311115474694e-13 4.2775797696334704e-26 -1 
vn -2.0682311115474694e-13 0 -1 
vn -2.0682311115474694e-13 0 -1 
vn -0.043680015951395035 -9.034036675204318e-15 0.9990455508232117 
vn -0.0430842787027359 -0.007189494092017412 0.9990455508232117 
vn -0.0430842787027359 -0.007189494092017412 0.9990455508232117 
vn -0.04131331294775009 -0.014182877726852894 0.9990455508232117 
vn -0.04131331294775009 -0.014182877726852894 0.9990455508232117 
vn -0.04678100720047951 -0.010947178117930889 0.9988451600074768 
vn -0.04678100720047951 -0.010947178117930889 0.9988451600074768 
vn 3.097898456858039e-13 -0.999997615814209 0.002184694167226553 
vn -0.7071051001548767 -0.7071051001548767 0.002184694167226553 
vn 3.097898456858039e-13 -0.999997615814209 0.002184694167226553 
vn -0.7071051001548767 -0.7071051001548767 -0.002184694167226553 
vn -0.999997615814209 -2.0682260971124217e-13 -0.002184694167226553 
vn -0.999997615814209 -2.0682260971124217e-13 -0.002184694167226553 
vn -0.7071051001548767 0.7071051001548767 -0.002184694167226553 
vn -0.7071051001548767 0.7071051001548767 -0.002184694167226553 
vn -1.0341130485562108e-13 0.999997615814209 -0.002184694167226553 
vn -1.0341130485562108e-13 0.999997615814209 -0.002184694167226553 
vn 0.7071051001548767 0.7071051001548767 -0.002184694167226553 
vn 0.7071051001548767 0.7071051001548767 -0.002184694167226553 
vn 0.999997615814209 0 0.002184694167226553 
vn 0.999997615814209 0 -0.002184694167226553 
vn 0.7071051001548767 -0.7071051001548767 0.002184694167226553 
vn 0.7071051001548767 -0.7071051001548767 -0.002184694167226553 
vn 0 0 1 
vn 0 0 1 
vn 0 0 1 
vn 0 0 1 
vn 0 0 1 
vn 0 0 1 
vn 0 0 1 
vn 0 0 1 
vn 3.097898456858039e-13 -0.999997615814209 0.002184694167226553 
vn 3.097898456858039e-13 -0.999997615814209 0.002184694167226553 
vn -0.7071051001548767 -0.7071051001548767 0.002184694167226553 
vn -0.7071051001548767 -0.7071051001548767 0.002184694167226553 
vn -0.999997615814209 -2.0682260971124217e-13 0.002184694167226553 
vn -0.999997615814209 -2.0682260971124217e-13 0.002184694167226553 
vn -0.7071051001548767 0.7071051001548767 0.002184694167226553 
vn -0.7071051001548767 0.7071051001548767 -0.002184694167226553 
vn -1.0341130485562108e-13 0.999997615814209 -0.002184694167226553 
vn -1.0341130485562108e-13 0.999997615814209 -0.002184694167226553 
vn 0.7071051001548767 0.7071051001548767 -0.002184694167226553 
vn 0.7071051001548767 0.7071051001548767 -0.002184694167226553 
vn 0.999997615814209 0 -0.002184694167226553 
vn 0.999997615814209 0 0.002184694167226553 
vn 0.7071051001548767 -0.7071051001548767 -0.002184694167226553 
vn 0.7071051001548767 -0.7071051001548767 0.002184694167226553 
vn 0 0 1 
vn 0 0 1 
vn 0 0 1 
vn 0 0 1 
vn 0 0 1 
vn 0 0 1 
vn 0 0 1 
vn 0 0 1 
vn -0.999997615814209 -2.0682260971124217e-13 -0.002184694167226553 
vn -0.999997615814209 -2.0682260971124217e-13 -0.002184694167226553 
vn -0.999997615814209 -2.0682260971124217e-13 -0.002184694167226553 
vn -0.999997615814209 -2.0682260971124217e-13 0.002184694167226553 
vn -0.999997615814209 -2.0682260971124217e-13 0.002184694167226553 
vn -0.999997615814209 -2.0682260971124217e-13 0.002184694167226553 
vn 0.999997615814209 0 -0.002184694167226553 
vn 0.999997615814209 0 -0.002184694167226553 
vn 0.999997615814209 0 -0.002184694167226553 
vn -0.0018831010675057769 0.38721561431884766 0.9219872951507568 
vn -0.0018831010675057769 0.38721561431884766 0.9219872951507568 
vn -0.0018831010675057769 0.38721561431884766 0.9219872951507568 
vn 0.999997615814209 0 0.002184694167226553 
vn 0.999997615814209 0 0.002184694167226553 
vn 0.999997615814209 0 0.002184694167226553 
vn -0.0018831010675057769 0.38721561431884766 0.9219872951507568 
vn -0.0018831010675057769 0.38721561431884766 0.9219872951507568 
vn -0.0018831010675057769 0.38721561431884766 0.9219872951507568 
vn 3.097898456858039e-13 -0.999997615814209 0.002184694167226553 
vn 3.097898456858039e-13 -0.999997615814209 0.002184694167226553 
vn -0.7071051001548767 -0.7071051001548767 0.002184694167226553 
vn -0.7071051001548767 -0.7071051001548767 0.002184694167226553 
vn -0.999997615814209 -2.0682260971124217e-13 -0.002184694167226553 
vn -0.999997615814209 -2.0682260971124217e-13 0.002184694167226553 
vn -0.7071051001548767 0.7071051001548767 -0.002184694167226553 
vn -0.7071051001548767 0.7071051001548767 0.002184694167226553 
vn -1.0341130485562108e-13 0.999997615814209 -0.002184694167226553 
vn -1.0341130485562108e-13 0.999997615814209 -0.002184694167226553 
vn 0.7071051001548767 0.7071051001548767 0.002184694167226553 
vn 0.7071051001548767 0.7071051001548767 -0.002184694167226553 
vn 0.999997615814209 0 0.002184694167226553 
vn 0.999997615814209 0 -0.002184694167226553 
vn 0.7071051001548767 -0.7071051001548767 0.002184694167226553 
vn 0.7071051001548767 -0.7071051001548767 0.002184694167226553 
vn 0 0 1 
vn 0 0 1 
vn 0 0 1 
vn 0 0 1 
vn 0 0 1 
vn 0 0 1 
vn 0 0 1 
vn 0 0 1 
vn -0.999997615814209 -2.0682260971124217e-13 0.002184694167226553 
vn -0.999997615814209 -2.0682260971124217e-13 0.002184694167226553 
vn -0.999997615814209 -2.0682260971124217e-13 0.002184694167226553 
vn 0.999997615814209 0 0.002184694167226553 
vn 0.999997615814209 0 0.002184694167226553 
vn 0.999997615814209 0 0.002184694167226553 
vn -0.0018831010675057769 0.38721561431884766 0.9219872951507568 
vn -0.0018831010675057769 0.38721561431884766 0.9219872951507568 
vn -0.0018831010675057769 0.38721561431884766 0.9219872951507568 
vn -0.0018831010675057769 0.38721561431884766 0.9219872951507568 
vn -1.0341130485562108e-13 0.999997615814209 0.002184694167226553 
vn 0.19136656820774078 0.9596449136734009 -0.2060592919588089 
vn -1.0341130485562108e-13 0.999997615814209 0.002184694167226553 
vn 0.22994494438171387 0.942023515701294 -0.24437066912651062 
vn 0.5312000513076782 0.6245723366737366 -0.5724822878837585 
vn 0.5207387208938599 0.6460604667663574 -0.5580654144287109 
vn 0.6218888759613037 0.4135448634624481 -0.6650074124336243 
vn 0.62284255027771 0.4068046510219574 -0.6682642698287964 
vn 0.6628811359405518 0.23009225726127625 -0.7124928832054138 
vn 0.6738032102584839 0.17206667363643646 -0.7185974717140198 
vn 0.6637061238288879 -0.23710162937641144 -0.7094202041625977 
vn 0.6718930006027222 -0.17938098311424255 -0.7185974717140198 
vn 0.6260411739349365 -0.4072316288948059 -0.6650074124336243 
vn 0.6269396543502808 -0.4004616141319275 -0.6682642698287964 
vn 0.4351942539215088 -0.7713968753814697 -0.4642767012119293 
vn 0.3181544542312622 -0.8863816857337952 -0.3363112509250641 
vn 3.097898456858039e-13 -0.999997615814209 0.002184694167226553 
vn 0.00376924779266119 0.707868754863739 0.7063339352607727 
vn 0.00376924779266119 0.707868754863739 0.7063339352607727 
vn 0.00376924779266119 0.707868754863739 0.7063339352607727 
vn 0.00376924779266119 0.707868754863739 0.7063339352607727 
vn -2.0682311115474694e-13 0 -1 
vn -2.0682311115474694e-13 0 -1 
vn -2.0682311115474694e-13 0 -1 
vn -2.0682311115474694e-13 0 -1 
vn -2.0682311115474694e-13 0 -1 
vn 2.0682311115474694e-13 4.2775797696334704e-26 -1 
vn -2.0682311115474694e-13 0 -1 
vn -2.0682311115474694e-13 0 -1 
vn 2.0682311115474694e-13 4.2775797696334704e-26 -1 
vn 2.0682311115474694e-13 4.2775797696334704e-26 -1 
vn 2.0682311115474694e-13 4.2775797696334704e-26 -1 
vn 2.0682311115474694e-13 4.2775797696334704e-26 -1 
vn 2.0682311115474694e-13 4.2775797696334704e-26 -1 
vn 2.0682311115474694e-13 4.2775797696334704e-26 -1 
vn -0.1280297040939331 0.991767942905426 0.002184694167226553 
vn 0.15046414732933044 0.9886130690574646 0.002184694167226553 
vn -0.1280297040939331 0.991767942905426 0.002184694167226553 
vn 0.15046414732933044 0.9886130690574646 0.002184694167226553 
vn 0.5173366069793701 0.855779230594635 0.002184694167226553 
vn 0.5173366069793701 0.855779230594635 0.002184694167226553 
vn 0.8672792315483093 0.49781718850135803 0.002184694167226553 
vn 0.8672792315483093 0.49781718850135803 0.002184694167226553 
vn 0.999997615814209 0 0.002184694167226553 
vn 0.999997615814209 0 0.002184694167226553 
vn 0.8672792315483093 -0.49781718850135803 0.002184694167226553 
vn 0.8672792315483093 -0.49781718850135803 0.002184694167226553 
vn 0.49781718850135803 -0.8672792315483093 0.002184694167226553 
vn 0.49781718850135803 -0.8672792315483093 0.002184694167226553 
vn 0.1280297040939331 -0.991767942905426 0.002184694167226553 
vn 0.1280297040939331 -0.991767942905426 0.002184694167226553 
vn -0.1280297040939331 -0.991767942905426 0.002184694167226553 
vn -0.1280297040939331 -0.991767942905426 0.002184694167226553 
vn -0.49781718850135803 -0.8672792315483093 0.002184694167226553 
vn -0.49781718850135803 -0.8672792315483093 0.002184694167226553 
vn -0.8672792315483093 -0.49781718850135803 0.002184694167226553 
vn -0.8672792315483093 -0.49781718850135803 0.002184694167226553 
vn -0.999997615814209 -2.0682260971124217e-13 0.002184694167226553 
vn -0.999997615814209 -2.0682260971124217e-13 0.002184694167226553 
vn -0.8672792315483093 0.49781718850135803 0.002184694167226553 
vn -0.8672792315483093 0.49781718850135803 0.002184694167226553 
vn -0.49781718850135803 0.8672792315483093 0.002184694167226553 
vn -0.49781718850135803 0.8672792315483093 0.002184694167226553 
vn -0.1280297040939331 0.991767942905426 0.002184694167226553 
vn -0.1280297040939331 0.991767942905426 0.002184694167226553 
vn -0.999997615814209 -2.0682260971124217e-13 0.002184694167226553 
vn -0.999997615814209 -2.0682260971124217e-13 0.002184694167226553 
vn -0.8672792315483093 0.49781718850135803 0.002184694167226553 
vn -0.8672792315483093 0.49781718850135803 0.002184694167226553 
vn -0.49781718850135803 0.8672792315483093 0.002184694167226553 
vn -0.49781718850135803 0.8672792315483093 0.002184694167226553 
vn -1.0341130485562108e-13 0.999997615814209 0.002184694167226553 
vn -1.0341130485562108e-13 0.999997615814209 0.002184694167226553 
vn 0.49781718850135803 0.8672792315483093 0.002184694167226553 
vn 0.49781718850135803 0.8672792315483093 0.002184694167226553 
vn 0.8672792315483093 0.49781718850135803 0.002184694167226553 
vn 0.8672792315483093 0.49781718850135803 0.002184694167226553 
vn 0.999997615814209 0 0.002184694167226553 
vn 0.999997615814209 0 0.002184694167226553 
vn -0.8672792315483093 -0.49781718850135803 0.002184694167226553 
vn -0.8672792315483093 -0.49781718850135803 0.002184694167226553 
vn -0.49781718850135803 -0.8672792315483093 0.002184694167226553 
vn -0.49781718850135803 -0.8672792315483093 0.002184694167226553 
vn 3.097898456858039e-13 -0.999997615814209 0.002184694167226553 
vn 3.097898456858039e-13 -0.999997615814209 0.002184694167226553 
vn 0.49781718850135803 -0.8672792315483093 0.002184694167226553 
vn 0.49781718850135803 -0.8672792315483093 0.002184694167226553 
vn 0.8672792315483093 -0.49781718850135803 0.002184694167226553 
vn 0.8672792315483093 -0.49781718850135803 0.002184694167226553 
vn 0.999997615814209 0 0.002184694167226553 
vn 0.999997615814209 0 0.002184694167226553 
vn -2.0682311115474694e-13 0 -1 
vn -2.0682311115474694e-13 0 -1 
vn -2.0682311115474694e-13 0 -1 
vn -2.0682311115474694e-13 0 -1 
vn -2.0682311115474694e-13 0 -1 
vn -2.0682311115474694e-13 0 -1 
vn -2.0682311115474694e-13 0 -1 
vn -2.0682311115474694e-13 0 -1 
vn -2.0682311115474694e-13 0 -1 
vn -2.0682311115474694e-13 0 -1 
vn -2.0682311115474694e-13 0 -1 
vn -2.0682311115474694e-13 0 -1 
vn -0.999997615814209 -2.0682260971124217e-13 0.002184694167226553 
vn -0.8672792315483093 0.49781718850135803 0.002184694167226553 
vn -0.999997615814209 -2.0682260971124217e-13 0.002184694167226553 
vn -0.8672792315483093 0.49781718850135803 0.002184694167226553 
vn -0.49781718850135803 0.8672792315483093 0.002184694167226553 
vn -0.49781718850135803 0.8672792315483093 0.002184694167226553 
vn -1.0341130485562108e-13 0.999997615814209 0.002184694167226553 
vn -1.0341130485562108e-13 0.999997615814209 0.002184694167226553 
vn 0.49781718850135803 0.8672792315483093 0.002184694167226553 
vn 0.49781718850135803 0.8672792315483093 0.002184694167226553 
vn 0.8672792315483093 0.49781718850135803 0.002184694167226553 
vn 0.8672792315483093 0.49781718850135803 0.002184694167226553 
vn 0.999997615814209 0 0.002184694167226553 
vn 0.999997615814209 0 0.002184694167226553 
vn 0.8672792315483093 -0.49781718850135803 0.002184694167226553 
vn 0.8672792315483093 -0.49781718850135803 0.002184694167226553 
vn 0.49781718850135803 -0.8672792315483093 0.002184694167226553 
vn 0.49781718850135803 -0.8672792315483093 0.002184694167226553 
vn 3.097898456858039e-13 -0.999997615814209 0.002184694167226553 
vn 3.097898456858039e-13 -0.999997615814209 0.002184694167226553 
vn -0.49781718850135803 -0.8672792315483093 0.002184694167226553 
vn -0.49781718850135803 -0.8672792315483093 0.002184694167226553 
vn -0.8672792315483093 -0.49781718850135803 0.002184694167226553 
vn -0.8672792315483093 -0.49781718850135803 0.002184694167226553 
vn -0.999997615814209 -2.0682260971124217e-13 0.002184694167226553 
vn -0.999997615814209 -2.0682260971124217e-13 0.002184694167226553 
vn -2.0682311115474694e-13 0 -1 
vn -2.0682311115474694e-13 0 -1 
vn -2.0682311115474694e-13 0 -1 
vn -2.0682311115474694e-13 0 -1 
vn -2.0682311115474694e-13 0 -1 
vn -2.0682311115474694e-13 0 -1 
vn -2.0682311115474694e-13 0 -1 
vn -2.0682311115474694e-13 0 -1 
vn -2.0682311115474694e-13 0 -1 
vn -2.0682311115474694e-13 0 -1 
vn -2.0682311115474694e-13 0 -1 
vn -2.0682311115474694e-13 0 -1 
vn -2.0682311115474694e-13 0 -1 
vn -2.0682311115474694e-13 0 -1 
vn -2.0682311115474694e-13 0 -1 
vn -2.0682311115474694e-13 0 -1 
vn -2.0682311115474694e-13 0 -1 
vn -2.0682311115474694e-13 0 -1 
vn -2.0682311115474694e-13 0 -1 
vn -2.0682311115474694e-13 0 -1 
vn -2.0682311115474694e-13 0 -1 
vn -2.0682311115474694e-13 0 -1 
vn -2.0682311115474694e-13 0 -1 
vn -2.0682311115474694e-13 0 -1 
vn -2.0682311115474694e-13 0 -1 
vn -2.0682311115474694e-13 0 -1 
vn -2.0682311115474694e-13 0 -1 
vn -2.0682311115474694e-13 0 -1 
vn -2.0682311115474694e-13 0 -1 
vn -2.0682311115474694e-13 0 -1 
vn -2.0682311115474694e-13 0 -1 
vn 0.0037752098869532347 -0.9973951578140259 0.07203252613544464 
vn 0.0037752098869532347 -0.9973951578140259 0.07203252613544464 
vn -0.3790719211101532 -0.922559380531311 0.07203252613544464 
vn -0.3790719211101532 -0.922559380531311 0.07203252613544464 
vn -0.7039338946342468 -0.7066034078598022 0.07203252613544464 
vn -0.7039338946342468 -0.7066034078598022 0.07203252613544464 
vn -0.9211179614067078 -0.3825611174106598 0.07203252613544464 
vn -0.9211179614067078 -0.3825611174106598 0.07203252613544464 
vn -0.9974023103713989 -2.0628583476817175e-13 0.07203252613544464 
vn -0.9974023103713989 -2.0628583476817175e-13 0.07203252613544464 
vn -0.9211179614067078 0.3825611174106598 0.07203252613544464 
vn -0.9211179614067078 0.3825611174106598 0.07203252613544464 
vn -0.7039338946342468 0.7066034078598022 0.07203252613544464 
vn -0.7039338946342468 0.7066034078598022 0.07203252613544464 
vn -0.3790719211101532 0.922559380531311 0.07203252613544464 
vn -0.3790719211101532 0.922559380531311 0.07203252613544464 
vn -0.0037752098869532347 0.9973951578140259 0.07203252613544464 
vn 0.0037752098869532347 0.9973951578140259 0.07203252613544464 
vn 0.3790719211101532 0.922559380531311 0.07203252613544464 
vn 0.3790719211101532 0.922559380531311 0.07203252613544464 
vn 0.7039338946342468 0.7066034078598022 0.07203252613544464 
vn 0.7039338946342468 0.7066034078598022 0.07203252613544464 
vn 0.9211179614067078 0.3825611174106598 0.07203252613544464 
vn 0.9211179614067078 0.3825611174106598 0.07203252613544464 
vn 0.9974023103713989 0 0.07203252613544464 
vn 0.9974023103713989 0 0.07203252613544464 
vn 0.9211179614067078 -0.3825611174106598 0.07203252613544464 
vn 0.9211179614067078 -0.3825611174106598 0.07203252613544464 
vn 0.7039338946342468 -0.7066034078598022 0.07203252613544464 
vn 0.7039338946342468 -0.7066034078598022 0.07203252613544464 
vn 0.3790719211101532 -0.922559380531311 0.07203252613544464 
vn 0.3790719211101532 -0.922559380531311 0.07203252613544464 
vn 0.0037752098869532347 -0.9973951578140259 0.07203252613544464 
vn 0.0037752098869532347 -0.9973951578140259 0.07203252613544464 
vn -0.8314676284790039 -0.5555689334869385 0.002184694167226553 
vn -0.9238772988319397 -0.38268253207206726 0.002184694167226553 
vn -0.8314676284790039 -0.5555689334869385 0.002184694167226553 
vn -0.9238772988319397 -0.38268253207206726 0.002184694167226553 
vn -0.999997615814209 -2.0682260971124217e-13 0.002184694167226553 
vn -0.999997615814209 -2.0682260971124217e-13 0.002184694167226553 
vn -0.9238772988319397 0.38268253207206726 0.002184694167226553 
vn -0.9238772988319397 0.38268253207206726 0.002184694167226553 
vn -0.7071051001548767 0.7071051001548767 0.002184694167226553 
vn -0.6574495434761047 0.7534953951835632 0.002184694167226553 
vn -0.5555689334869385 0.8314676284790039 0.002184694167226553 
vn -0.4445439279079437 0.8957543969154358 -0.002184694167226553 
vn -0.5555689334869385 0.8314676284790039 -0.002184694167226553 
vn -0.38268253207206726 0.9238772988319397 -0.002184694167226553 
vn -1.0341130485562108e-13 0.999997615814209 -0.002184694167226553 
vn -1.0341130485562108e-13 0.999997615814209 -0.002184694167226553 
vn 0.4445439279079437 0.8957543969154358 -0.002184694167226553 
vn 0.38268253207206726 0.9238772988319397 -0.002184694167226553 
vn 0.5555689334869385 0.8314676284790039 -0.002184694167226553 
vn 0.6574495434761047 0.7534953951835632 -0.002184694167226553 
vn 0.5555689334869385 0.8314676284790039 0.002184694167226553 
vn 0.7071051001548767 0.7071051001548767 0.002184694167226553 
vn 0.9238772988319397 0.38268253207206726 0.002184694167226553 
vn 0.9238772988319397 0.38268253207206726 0.002184694167226553 
vn 0.999997615814209 0 0.002184694167226553 
vn 0.999997615814209 0 0.002184694167226553 
vn 0.9238772988319397 -0.38268253207206726 0.002184694167226553 
vn 0.9238772988319397 -0.38268253207206726 0.002184694167226553 
vn 0.8314676284790039 -0.5555689334869385 0.002184694167226553 
vn 0.8314676284790039 -0.5555689334869385 0.002184694167226553 
vn -2.0682311115474694e-13 0 -1 
vn -2.0682311115474694e-13 0 -1 
vn -2.0682311115474694e-13 0 -1 
vn -2.0682311115474694e-13 0 -1 
vn -2.0682311115474694e-13 0 -1 
vn -2.0682311115474694e-13 0 -1 
vn -2.0682311115474694e-13 0 -1 
vn -2.0682311115474694e-13 0 -1 
vn -2.0682311115474694e-13 0 -1 
vn -2.0682311115474694e-13 0 -1 
vn -2.0682311115474694e-13 0 -1 
vn -2.0682311115474694e-13 0 -1 
vn -2.0682311115474694e-13 0 -1 
vn -2.0682311115474694e-13 0 -1 
vn -2.0682311115474694e-13 0 -1 
vn -2.0682311115474694e-13 0 -1 
vn -2.0682311115474694e-13 0 -1 
vn -1.0341130485562108e-13 0.999997615814209 0.002184694167226553 
vn -0.38268253207206726 0.9238772988319397 0.002184694167226553 
vn -1.0341130485562108e-13 0.999997615814209 0.002184694167226553 
vn -0.38268253207206726 0.9238772988319397 0.002184694167226553 
vn -0.7071051001548767 0.7071051001548767 -0.002184694167226553 
vn -0.7071051001548767 0.7071051001548767 0.002184694167226553 
vn -0.9238772988319397 0.38268253207206726 0.002184694167226553 
vn -0.9238772988319397 0.38268253207206726 0.002184694167226553 
vn 0.38268253207206726 0.9238772988319397 0.002184694167226553 
vn 0.38268253207206726 0.9238772988319397 0.002184694167226553 
vn 0.7071051001548767 0.7071051001548767 0.002184694167226553 
vn 0.7071051001548767 0.7071051001548767 0.002184694167226553 
vn 0.9238772988319397 0.38268253207206726 0.002184694167226553 
vn 0.9238772988319397 0.38268253207206726 0.002184694167226553 
vn 0.999997615814209 0 0.002184694167226553 
vn 0.999997615814209 0 -0.002184694167226553 
vn 0.9238772988319397 -0.38268253207206726 0.002184694167226553 
vn 0.9238772988319397 -0.38268253207206726 -0.002184694167226553 
vn 0.7071051001548767 -0.7071051001548767 -0.002184694167226553 
vn 0.7071051001548767 -0.7071051001548767 -0.002184694167226553 
vn 0.38268253207206726 -0.9238772988319397 -0.002184694167226553 
vn 0.38268253207206726 -0.9238772988319397 -0.002184694167226553 
vn 3.097898456858039e-13 -0.999997615814209 -0.002184694167226553 
vn 3.097898456858039e-13 -0.999997615814209 -0.002184694167226553 
vn 3.097898456858039e-13 -0.999997615814209 -0.002184694167226553 
vn -0.38268253207206726 -0.9238772988319397 -0.002184694167226553 
vn 3.097898456858039e-13 -0.999997615814209 -0.002184694167226553 
vn -0.38268253207206726 -0.9238772988319397 -0.002184694167226553 
vn -0.7071051001548767 -0.7071051001548767 0.002184694167226553 
vn -0.7071051001548767 -0.7071051001548767 -0.002184694167226553 
vn -0.9238772988319397 -0.38268253207206726 -0.002184694167226553 
vn -0.9238772988319397 -0.38268253207206726 -0.002184694167226553 
vn -0.999997615814209 -2.0682260971124217e-13 -0.002184694167226553 
vn -0.999997615814209 -2.0682260971124217e-13 0.002184694167226553 
vn -2.0682311115474694e-13 0 -1 
vn -2.0682311115474694e-13 0 -1 
vn -2.0682311115474694e-13 0 -1 
vn -2.0682311115474694e-13 0 -1 
vn -2.0682311115474694e-13 0 -1 
vn -2.0682311115474694e-13 0 -1 
vn -2.0682311115474694e-13 0 -1 
vn -2.0682311115474694e-13 0 -1 
vn -2.0682311115474694e-13 0 -1 
vn -2.0682311115474694e-13 0 -1 
vn -2.0682311115474694e-13 0 -1 
vn -2.0682311115474694e-13 0 -1 
vn -2.0682311115474694e-13 0 -1 
vn -2.0682311115474694e-13 0 -1 
vn -2.0682311115474694e-13 0 -1 
vn -2.0682311115474694e-13 0 -1 
vn -0.8314676284790039 -0.5555689334869385 0.002184694167226553 
vn -0.8314676284790039 -0.5555689334869385 0.002184694167226553 
vn -0.9238772988319397 -0.38268253207206726 0.002184694167226553 
vn -0.9238772988319397 -0.38268253207206726 0.002184694167226553 
vn -0.999997615814209 -2.0682260971124217e-13 0.002184694167226553 
vn -0.999997615814209 -2.0682260971124217e-13 0.002184694167226553 
vn -0.9238772988319397 0.38268253207206726 0.002184694167226553 
vn -0.9238772988319397 0.38268253207206726 -0.002184694167226553 
vn -0.835639476776123 0.5492739677429199 -0.002184694167226553 
vn -0.835639476776123 0.5492739677429199 0.002184694167226553 
vn 0.5555689334869385 -0.8314676284790039 0.002184694167226553 
vn 0.5555689334869385 -0.8314676284790039 0.002184694167226553 
vn 0.2888535261154175 -0.6887153387069702 -0.6650074124336243 
vn 0.38268253207206726 -0.9238772988319397 0.002184694167226553 
vn 3.097898456858039e-13 -0.999997615814209 0.002184694167226553 
vn 0.001889093779027462 -0.746834397315979 -0.6650074124336243 
vn -0.28536567091941833 -0.6901677846908569 -0.6650074124336243 
vn -2.0682311115474694e-13 0 -1 
vn -2.0682311115474694e-13 0 -1 
vn -2.0682311115474694e-13 0 -1 
vn -2.0682311115474694e-13 0 -1 
vn -2.0682311115474694e-13 0 -1 
vn -2.0682311115474694e-13 0 -1 
vn -2.0682311115474694e-13 0 -1 
vn -2.0682311115474694e-13 0 -1 
vn -2.0682311115474694e-13 0 -1 
vn -2.0682311115474694e-13 0 -1 
vn -2.0682311115474694e-13 0 -1 
vn -2.0682311115474694e-13 0 -1 
vn -2.0682311115474694e-13 0 -1 
vn -2.0682311115474694e-13 0 -1 
vn -2.0682311115474694e-13 0 -1 
vn -2.0682311115474694e-13 0 -1 
vn -2.0682311115474694e-13 0 -1 
vn -2.0682311115474694e-13 0 -1 
vn -2.0682311115474694e-13 0 -1 
vn 2.0682311115474694e-13 4.2775797696334704e-26 -1 
vn 2.0682311115474694e-13 4.2775797696334704e-26 -1 
vn 2.0682311115474694e-13 4.2775797696334704e-26 -1 
vn 2.0682311115474694e-13 4.2775797696334704e-26 -1 
vn -2.0682311115474694e-13 0 -1 
vn 2.0682311115474694e-13 4.2775797696334704e-26 -1 
vn 2.0682311115474694e-13 4.2775797696334704e-26 -1 
vn 2.0682311115474694e-13 4.2775797696334704e-26 -1 
vn -2.0682311115474694e-13 0 -1 
vn -2.0682311115474694e-13 0 -1 
vn 0.5555689334869385 -0.8314676284790039 0.002184694167226553 
vn -0.38268253207206726 -0.9238772988319397 0.002184694167226553 
vn -0.5555689334869385 -0.8314676284790039 0.002184694167226553 
vn -0.5555689334869385 -0.8314676284790039 0.002184694167226553 
vn -0.5555689334869385 -0.8314676284790039 0.002184694167226553 
vn 0 0 1 
vn 0 0 1 
vn 0 0 1 
vn 0 0 1 
vn 0 0 1 
vn 0 0 1 
vn 0 0 1 
vn 0 0 1 
vn 0 0 1 
vn 0 0 1 
vn 0 0 1 
vn 0 0 1 
vn 0 0 1 
vn 0 0 1 
vn 0 0 1 
vn 0 0 1 
vn -1.0341130485562108e-13 0.999997615814209 -0.002184694167226553 
vn -1.0341130485562108e-13 0.999997615814209 -0.002184694167226553 
vn -1.0341130485562108e-13 0.999997615814209 -0.002184694167226553 
vn -1.0341130485562108e-13 0.999997615814209 -0.002184694167226553 
vn -2.0682311115474694e-13 0 -1 
vn -2.0682311115474694e-13 0 -1 
vn -2.0682311115474694e-13 0 -1 
vn -2.0682311115474694e-13 0 -1 
vn -2.0682311115474694e-13 0 -1 
vn -2.0682311115474694e-13 0 -1 
vn -2.0682311115474694e-13 0 -1 
vn -2.0682311115474694e-13 0 -1 
vn -2.0682311115474694e-13 0 -1 
vn -2.0682311115474694e-13 0 -1 
vn 0.8314676284790039 -0.5555689334869385 -0.002184694167226553 
vn 0.9238772988319397 -0.38268253207206726 0.002184694167226553 
vn 0.9238772988319397 -0.38268253207206726 -0.002184694167226553 
vn 0.999997615814209 0 -0.002184694167226553 
vn 0.999997615814209 0 -0.002184694167226553 
vn 0.9238772988319397 0.38268253207206726 -0.002184694167226553 
vn 0.9238772988319397 0.38268253207206726 -0.002184694167226553 
vn 0.835639476776123 0.5492739677429199 -0.002184694167226553 
vn 0.835639476776123 0.5492739677429199 -0.002184694167226553 
vn -1.0341130485562108e-13 0.999997615814209 -0.002184694167226553 
vn -1.0341130485562108e-13 0.999997615814209 -0.002184694167226553 
vn -1.0341130485562108e-13 0.999997615814209 -0.002184694167226553 
vn -1.0341130485562108e-13 0.999997615814209 -0.002184694167226553 
vn 3.097898456858039e-13 -0.999997615814209 0.002184694167226553 
vn 3.097898456858039e-13 -0.999997615814209 0.002184694167226553 
vn 3.097898456858039e-13 -0.999997615814209 0.002184694167226553 
vn 3.097898456858039e-13 -0.999997615814209 0.002184694167226553 
vn -2.0682311115474694e-13 0 -1 
vn -2.0682311115474694e-13 0 -1 
vn -2.0682311115474694e-13 0 -1 
vn -2.0682311115474694e-13 0 -1 
vn -2.0682311115474694e-13 0 -1 
vn -2.0682311115474694e-13 0 -1 
vn -2.0682311115474694e-13 0 -1 
vn -2.0682311115474694e-13 0 -1 
vn -2.0682311115474694e-13 0 -1 
vn -2.0682311115474694e-13 0 -1 
vn 3.097898456858039e-13 -0.999997615814209 0.002184694167226553 
vn 3.097898456858039e-13 -0.999997615814209 0.002184694167226553 
vn 3.097898456858039e-13 -0.999997615814209 0.002184694167226553 
vn 3.097898456858039e-13 -0.999997615814209 0.002184694167226553 
vn 3.097898456858039e-13 -0.999997615814209 0.002184694167226553 
vn 3.097898456858039e-13 -0.999997615814209 0.002184694167226553 
vn 3.097898456858039e-13 -0.999997615814209 0.002184694167226553 
vn 3.097898456858039e-13 -0.999997615814209 0.002184694167226553 
vn 3.097898456858039e-13 -0.999997615814209 0.002184694167226553 
vn 3.097898456858039e-13 -0.999997615814209 0.002184694167226553 
vn 3.097898456858039e-13 -0.999997615814209 0.002184694167226553 
vn 3.097898456858039e-13 -0.999997615814209 0.002184694167226553 
vn 3.097898456858039e-13 -0.999997615814209 0.002184694167226553 
vn 3.097898456858039e-13 -0.999997615814209 0.002184694167226553 
vn 3.097898456858039e-13 -0.999997615814209 0.002184694167226553 
vn 3.097898456858039e-13 -0.999997615814209 0.002184694167226553 
vn 3.097898456858039e-13 -0.999997615814209 0.002184694167226553 
vn 3.097898456858039e-13 -0.999997615814209 0.002184694167226553 
vn 3.097898456858039e-13 -0.999997615814209 0.002184694167226553 
vn 0.999997615814209 0 0.002184694167226553 
vn 0.999997615814209 0 0.002184694167226553 
vn 0.999997615814209 0 0.002184694167226553 
vn 0.999997615814209 0 0.002184694167226553 
vn 0 0 1 
vn 0 0 1 
vn 0 0 1 
vn 0 0 1 
vn -0.999997615814209 -2.0682260971124217e-13 0.002184694167226553 
vn -0.999997615814209 -2.0682260971124217e-13 0.002184694167226553 
vn -0.999997615814209 -2.0682260971124217e-13 0.002184694167226553 
vn -0.999997615814209 -2.0682260971124217e-13 0.002184694167226553 
vn -2.0682311115474694e-13 0 -1 
vn -2.0682311115474694e-13 0 -1 
vn -2.0682311115474694e-13 0 -1 
vn -2.0682311115474694e-13 0 -1 
vn -2.0682311115474694e-13 0 -1 
vn -2.0682311115474694e-13 0 -1 
vn -2.0682311115474694e-13 0 -1 
vn -2.0682311115474694e-13 0 -1 
vn -0.999997615814209 -2.0682260971124217e-13 0.002184694167226553 
vn -0.999997615814209 -2.0682260971124217e-13 0.002184694167226553 
vn -0.999997615814209 -2.0682260971124217e-13 0.002184694167226553 
vn -0.999997615814209 -2.0682260971124217e-13 0.002184694167226553 
vn 0 0 1 
vn 0 0 1 
vn 0 0 1 
vn 0 0 1 
vn 0.999997615814209 0 0.002184694167226553 
vn 0.999997615814209 0 0.002184694167226553 
vn 0.999997615814209 0 0.002184694167226553 
vn 0.999997615814209 0 0.002184694167226553 
vn -1.0341130485562108e-13 0.999997615814209 0.002184694167226553 
vn -1.0341130485562108e-13 0.999997615814209 0.002184694167226553 
vn -1.0341130485562108e-13 0.999997615814209 0.002184694167226553 
vn -1.0341130485562108e-13 0.999997615814209 0.002184694167226553 
vn -2.0682311115474694e-13 0 -1 
vn -2.0682311115474694e-13 0 -1 
vn -2.0682311115474694e-13 0 -1 
vn -2.0682311115474694e-13 0 -1 
vn -1.0341130485562108e-13 0.999997615814209 -0.002184694167226553 
vn -1.0341130485562108e-13 0.999997615814209 -0.002184694167226553 
vn -1.0341130485562108e-13 0.999997615814209 -0.002184694167226553 
vn -1.0341130485562108e-13 0.999997615814209 -0.002184694167226553 
vn 0 0 1 
vn 0 0 1 
vn 0 0 1 
vn 0 0 1 
vn -0.999997615814209 -2.0682260971124217e-13 -0.002184694167226553 
vn -0.9727190732955933 -0.23197589814662933 -0.002184694167226553 
vn -0.999997615814209 -2.0682260971124217e-13 -0.002184694167226553 
vn -1.0341130485562108e-13 0.999997615814209 0.002184694167226553 
vn -1.0341130485562108e-13 0.999997615814209 0.002184694167226553 
vn -1.0341130485562108e-13 0.999997615814209 0.002184694167226553 
vn -1.0341130485562108e-13 0.999997615814209 0.002184694167226553 
vn 0.999997615814209 0 0.002184694167226553 
vn 0.999997615814209 0 0.002184694167226553 
vn 0.9591029286384583 0.283049076795578 0.002184694167226553 
vn 0.9591029286384583 0.283049076795578 -0.002184694167226553 
vn 0.6285360455513 0.777777373790741 0.002184694167226553 
vn 0.999997615814209 0 0.002184694167226553 
vn 0.999997615814209 0 0.002184694167226553 
vn 0.9591029286384583 0.283049076795578 0.002184694167226553 
vn -0.999997615814209 -2.0682260971124217e-13 0.002184694167226553 
vn -0.9727190732955933 -0.23197589814662933 0.002184694167226553 
vn -0.999997615814209 -2.0682260971124217e-13 0.002184694167226553 
vn -0.9727190732955933 -0.23197589814662933 -0.002184694167226553 
vn -0.999997615814209 -2.0682260971124217e-13 0.002184694167226553 
vn -0.7633390426635742 -0.6459943652153015 0.002184694167226553 
vn 0 0 1 
vn 0 0 1 
vn 0 0 1 
vn 0 0 1 
vn -2.0682311115474694e-13 0 -1 
vn -2.0682311115474694e-13 0 -1 
vn -2.0682311115474694e-13 0 -1 
vn -2.0682311115474694e-13 0 -1 
vn -2.0682311115474694e-13 0 -1 
vn -2.0682311115474694e-13 0 -1 
vn -2.0682311115474694e-13 0 -1 
vn -2.0682311115474694e-13 0 -1 
vn -1.0341130485562108e-13 0.999997615814209 -0.002184694167226553 
vn -1.0341130485562108e-13 0.999997615814209 -0.002184694167226553 
vn -1.0341130485562108e-13 0.999997615814209 -0.002184694167226553 
vn -1.0341130485562108e-13 0.999997615814209 -0.002184694167226553 
vn 0 0 1 
vn 0 0 1 
vn 0 0 1 
vn 0 0 1 
vn 0.999997615814209 0 -0.002184694167226553 
vn 0.9727190732955933 -0.23197589814662933 -0.002184694167226553 
vn 0.999997615814209 0 -0.002184694167226553 
vn 0.9727190732955933 -0.23197589814662933 0.002184694167226553 
vn 0.999997615814209 0 0.002184694167226553 
vn 0.7633390426635742 -0.6459943652153015 0.002184694167226553 
vn 0.7633390426635742 -0.6459943652153015 0.002184694167226553 
vn -1.0341130485562108e-13 0.999997615814209 0.002184694167226553 
vn -1.0341130485562108e-13 0.999997615814209 0.002184694167226553 
vn -1.0341130485562108e-13 0.999997615814209 0.002184694167226553 
vn -1.0341130485562108e-13 0.999997615814209 0.002184694167226553 
vn -0.999997615814209 -2.0682260971124217e-13 -0.002184694167226553 
vn -0.999997615814209 -2.0682260971124217e-13 -0.002184694167226553 
vn -0.9591029286384583 0.283049076795578 -0.002184694167226553 
vn 0.999997615814209 0 0.002184694167226553 
vn 0.9727190732955933 -0.23197589814662933 -0.002184694167226553 
vn 0.999997615814209 0 0.002184694167226553 
vn 0 0 1 
vn 0 0 1 
vn 0 0 1 
vn 0 0 1 
vn -0.999997615814209 -2.0682260971124217e-13 0.002184694167226553 
vn -0.9591029286384583 0.283049076795578 -0.002184694167226553 
vn -0.999997615814209 -2.0682260971124217e-13 0.002184694167226553 
vn -0.9591029286384583 0.283049076795578 0.002184694167226553 
vn -0.999997615814209 -2.0682260971124217e-13 0.002184694167226553 
vn -0.6285360455513 0.777777373790741 0.002184694167226553 
vn -0.6285360455513 0.777777373790741 0.002184694167226553 
vn -2.0682311115474694e-13 0 -1 
vn -2.0682311115474694e-13 0 -1 
vn -2.0682311115474694e-13 0 -1 
vn -2.0682311115474694e-13 0 -1 
vn 0.999997615814209 0 0.002184694167226553 
vn 0.999997615814209 0 0.002184694167226553 
vn 0.999997615814209 0 0.002184694167226553 
vn 0.999997615814209 0 0.002184694167226553 
vn 0 0 1 
vn 0 0 1 
vn 0 0 1 
vn 0 0 1 
vn 3.097898456858039e-13 -0.999997615814209 0.002184694167226553 
vn 3.097898456858039e-13 -0.999997615814209 0.002184694167226553 
vn 3.097898456858039e-13 -0.999997615814209 0.002184694167226553 
vn 3.097898456858039e-13 -0.999997615814209 0.002184694167226553 
vn -1.0341130485562108e-13 0.999997615814209 0.002184694167226553 
vn -1.0341130485562108e-13 0.999997615814209 0.002184694167226553 
vn -1.0341130485562108e-13 0.999997615814209 0.002184694167226553 
vn -1.0341130485562108e-13 0.999997615814209 0.002184694167226553 
vn 0.22525852918624878 0 -0.9742990136146545 
vn 0.22525852918624878 0 -0.9742990136146545 
vn 0.7833857536315918 0 -0.6215357780456543 
vn 0.999997615814209 0 0.002184694167226553 
vn 0.999997615814209 0 0.002184694167226553 
vn 0.7833857536315918 0 -0.6215357780456543 
vn 0.7833857536315918 0 -0.6215357780456543 
vn 0.22525852918624878 0 -0.9742990136146545 
vn -1.0341130485562108e-13 0.999997615814209 0.002184694167226553 
vn -1.0341130485562108e-13 0.999997615814209 0.002184694167226553 
vn -1.0341130485562108e-13 0.999997615814209 0.002184694167226553 
vn 3.097898456858039e-13 -0.999997615814209 0.002184694167226553 
vn 3.097898456858039e-13 -0.999997615814209 0.002184694167226553 
vn 3.097898456858039e-13 -0.999997615814209 0.002184694167226553 
vn 3.097898456858039e-13 -0.999997615814209 0.002184694167226553 
vn 0 0 1 
vn 0 0 1 
vn 0 0 1 
vn 0 0 1 
vn -1.0341130485562108e-13 0.999997615814209 0.002184694167226553 
vn -1.0341130485562108e-13 0.999997615814209 0.002184694167226553 
vn -1.0341130485562108e-13 0.999997615814209 0.002184694167226553 
vn -1.0341130485562108e-13 0.999997615814209 0.002184694167226553 
vn 0 0 1 
vn 0 0 1 
vn 0 0 1 
vn 0 0 1 
vn 0.999997615814209 0 0.002184694167226553 
vn 0.999997615814209 0 0.002184694167226553 
vn 0.999997615814209 0 0.002184694167226553 
vn 0.999997615814209 0 0.002184694167226553 
vn -0.999997615814209 -2.0682260971124217e-13 0.002184694167226553 
vn -0.999997615814209 -2.0682260971124217e-13 0.002184694167226553 
vn -0.999997615814209 -2.0682260971124217e-13 0.002184694167226553 
vn -0.999997615814209 -2.0682260971124217e-13 0.002184694167226553 
vn -0.0018921449081972241 0.22525057196617126 -0.9742990136146545 
vn -8.101113909472074e-14 0.7833857536315918 -0.6215357780456543 
vn -0.0018921449081972241 0.22525057196617126 -0.9742990136146545 
vn -8.101113909472074e-14 0.7833857536315918 -0.6215357780456543 
vn -8.101113909472074e-14 0.7833857536315918 -0.6215357780456543 
vn -1.0341130485562108e-13 0.999997615814209 0.002184694167226553 
vn -1.0341130485562108e-13 0.999997615814209 0.002184694167226553 
vn -0.999997615814209 -2.0682260971124217e-13 0.002184694167226553 
vn -0.999997615814209 -2.0682260971124217e-13 0.002184694167226553 
vn -0.999997615814209 -2.0682260971124217e-13 0.002184694167226553 
vn -0.999997615814209 -2.0682260971124217e-13 0.002184694167226553 
vn 0.999997615814209 0 0.002184694167226553 
vn 0.999997615814209 0 0.002184694167226553 
vn 0.999997615814209 0 0.002184694167226553 
vn 0.999997615814209 0 0.002184694167226553 
vn 0 0 1 
vn 0 0 1 
vn 0 0 1 
vn 0 0 1 
vn -0.999997615814209 -2.0682260971124217e-13 0.002184694167226553 
vn -0.999997615814209 -2.0682260971124217e-13 0.002184694167226553 
vn -0.999997615814209 -2.0682260971124217e-13 0.002184694167226553 
vn -0.999997615814209 -2.0682260971124217e-13 0.002184694167226553 
vn 0 0 1 
vn 0 0 1 
vn 0 0 1 
vn 0 0 1 
vn -1.0341130485562108e-13 0.999997615814209 0.002184694167226553 
vn -1.0341130485562108e-13 0.999997615814209 0.002184694167226553 
vn -1.0341130485562108e-13 0.999997615814209 0.002184694167226553 
vn -1.0341130485562108e-13 0.999997615814209 0.002184694167226553 
vn 3.097898456858039e-13 -0.999997615814209 0.002184694167226553 
vn 3.097898456858039e-13 -0.999997615814209 0.002184694167226553 
vn 3.097898456858039e-13 -0.999997615814209 0.002184694167226553 
vn 3.097898456858039e-13 -0.999997615814209 0.002184694167226553 
vn -0.2252267301082611 0.0037841564044356346 -0.9742990136146545 
vn -0.7833857536315918 -1.6202227818944148e-13 -0.6215357780456543 
vn -0.2252267301082611 0.0037841564044356346 -0.9742990136146545 
vn -0.7833857536315918 -1.6202227818944148e-13 -0.6215357780456543 
vn -0.999997615814209 -2.0682260971124217e-13 0.002184694167226553 
vn -0.999997615814209 -2.0682260971124217e-13 0.002184694167226553 
vn 3.097898456858039e-13 -0.999997615814209 0.002184694167226553 
vn 3.097898456858039e-13 -0.999997615814209 0.002184694167226553 
vn 3.097898456858039e-13 -0.999997615814209 0.002184694167226553 
vn 3.097898456858039e-13 -0.999997615814209 0.002184694167226553 
vn -1.0341130485562108e-13 0.999997615814209 0.002184694167226553 
vn -1.0341130485562108e-13 0.999997615814209 0.002184694167226553 
vn -1.0341130485562108e-13 0.999997615814209 0.002184694167226553 
vn -1.0341130485562108e-13 0.999997615814209 0.002184694167226553 
vn 0 0 1 
vn 0 0 1 
vn 0 0 1 
vn 0 0 1 
vn 3.097898456858039e-13 -0.999997615814209 0.002184694167226553 
vn 3.097898456858039e-13 -0.999997615814209 0.002184694167226553 
vn 3.097898456858039e-13 -0.999997615814209 0.002184694167226553 
vn 3.097898456858039e-13 -0.999997615814209 0.002184694167226553 
vn 0 0 1 
vn 0 0 1 
vn 0 0 1 
vn 0 0 1 
vn -0.999997615814209 -2.0682260971124217e-13 0.002184694167226553 
vn -0.999997615814209 -2.0682260971124217e-13 0.002184694167226553 
vn -0.999997615814209 -2.0682260971124217e-13 0.002184694167226553 
vn -0.999997615814209 -2.0682260971124217e-13 0.002184694167226553 
vn 0.999997615814209 0 0.002184694167226553 
vn 0.999997615814209 0 0.002184694167226553 
vn 0.999997615814209 0 0.002184694167226553 
vn 0.999997615814209 0 0.002184694167226553 
vn -0.0018921449081972241 -0.22525057196617126 -0.9742990136146545 
vn 2.426855374645931e-13 -0.7833857536315918 -0.6215357780456543 
vn -0.0018921449081972241 -0.22525057196617126 -0.9742990136146545 
vn 3.097898456858039e-13 -0.999997615814209 0.002184694167226553 
vn 2.426855374645931e-13 -0.7833857536315918 -0.6215357780456543 
vn 3.097898456858039e-13 -0.999997615814209 0.002184694167226553 
vn 2.426855374645931e-13 -0.7833857536315918 -0.6215357780456543 
vn -0.0018921449081972241 -0.22525057196617126 -0.9742990136146545 
vn 0.999997615814209 0 0.002184694167226553 
vn 0.999997615814209 0 0.002184694167226553 
vn 0.999997615814209 0 0.002184694167226553 
vn 0.999997615814209 0 0.002184694167226553 
vn -0.999997615814209 -2.0682260971124217e-13 0.002184694167226553 
vn -0.999997615814209 -2.0682260971124217e-13 0.002184694167226553 
vn -0.999997615814209 -2.0682260971124217e-13 0.002184694167226553 
vn -0.999997615814209 -2.0682260971124217e-13 0.002184694167226553 
vn 0 0 1 
vn 0 0 1 
vn 0 0 1 
vn 0 0 1 
vn -0.9727190732955933 -0.23197589814662933 0.002184694167226553 
vn -0.7633390426635742 -0.6459943652153015 0.002184694167226553 
vn -0.7633390426635742 -0.6459943652153015 0.002184694167226553 
vn 0.9591029286384583 0.283049076795578 -0.002184694167226553 
vn 0.6285360455513 0.777777373790741 0.002184694167226553 
vn 0.6285360455513 0.777777373790741 0.002184694167226553 
vn -1.0341130485562108e-13 0.999997615814209 0.002184694167226553 
vn -1.0341130485562108e-13 0.999997615814209 0.002184694167226553 
vn -1.0341130485562108e-13 0.999997615814209 0.002184694167226553 
vn -0.0018418359104543924 0.07854640483856201 0.9969087839126587 
vn -0.0018418359104543924 0.07854640483856201 0.9969087839126587 
vn -0.0018418359104543924 0.07854640483856201 0.9969087839126587 
vn -0.0018418359104543924 0.07854640483856201 0.9969087839126587 
vn -0.0018418359104543924 0.07854640483856201 0.9969087839126587 
vn 0.9995414018630981 0.0302029550075531 0.002184694167226553 
vn 0.9995414018630981 0.0302029550075531 0.002184694167226553 
vn 0.9995414018630981 0.0302029550075531 0.002184694167226553 
vn 0.9995414018630981 0.0302029550075531 0.002184694167226553 
vn 0.001910788007080555 0.074186772108078 -0.9972425103187561 
vn 0.001910788007080555 0.074186772108078 -0.9972425103187561 
vn 0.001910788007080555 0.074186772108078 -0.9972425103187561 
vn 0.001910788007080555 0.074186772108078 -0.9972425103187561 
vn 0.001910788007080555 0.074186772108078 -0.9972425103187561 
vn -0.9997409582138062 0.022653724998235703 0.002184694167226553 
vn -0.9997409582138062 0.022653724998235703 0.002184694167226553 
vn -0.9997409582138062 0.022653724998235703 0.002184694167226553 
vn -0.9997409582138062 0.022653724998235703 0.002184694167226553 
vn 0.8314676284790039 -0.5555689334869385 0.002184694167226553 
vn 0.8314676284790039 -0.5555689334869385 0.002184694167226553 
vn 0.9238772988319397 -0.38268253207206726 -0.002184694167226553 
vn 3.097898456858039e-13 -0.999997615814209 0.002184694167226553 
vn 3.097898456858039e-13 -0.999997615814209 0.002184694167226553 
vn 3.097898456858039e-13 -0.999997615814209 0.002184694167226553 
vn -0.999997615814209 -2.0682260971124217e-13 0.002184694167226553 
vn -0.999997615814209 -2.0682260971124217e-13 0.002184694167226553 
vn -0.999997615814209 -2.0682260971124217e-13 0.002184694167226553 
vn 0.999997615814209 0 -0.002184694167226553 
vn 0.999997615814209 0 -0.002184694167226553 
vn 0.999997615814209 0 -0.002184694167226553 
vn -0.999997615814209 -2.0682260971124217e-13 -0.002184694167226553 
vn -0.999997615814209 -2.0682260971124217e-13 -0.002184694167226553 
vn -0.999997615814209 -2.0682260971124217e-13 -0.002184694167226553 
vn 0.999997615814209 0 0.002184694167226553 
vn 0.999997615814209 0 0.002184694167226553 
vn 0.999997615814209 0 0.002184694167226553 
vn -0.999997615814209 -2.0682260971124217e-13 -0.002184694167226553 
vn -0.999997615814209 -2.0682260971124217e-13 -0.002184694167226553 
vn -0.999997615814209 -2.0682260971124217e-13 -0.002184694167226553 
vn 0.999997615814209 0 -0.002184694167226553 
vn 0.999997615814209 0 -0.002184694167226553 
vn 0.999997615814209 0 -0.002184694167226553 
vn 0.0037671432364732027 -0.7170665264129639 0.6969945430755615 
vn 0.0037671432364732027 -0.7170665264129639 0.6969945430755615 
vn 0.0037671432364732027 -0.7170665264129639 0.6969945430755615 
vn 0.0037671432364732027 0.7170665264129639 0.6969945430755615 
vn 0.0037671432364732027 0.7170665264129639 0.6969945430755615 
vn 0.0037671432364732027 0.7170665264129639 0.6969945430755615 
vn -0.9992848038673401 0.03775046393275261 -0.002184694167226553 
vn -0.999997615814209 -2.0682260971124217e-13 0.002184694167226553 
vn -0.999997615814209 -2.0682260971124217e-13 0.002184694167226553 
vn -0.0430842787027359 -0.007189494092017412 0.9990455508232117 
vn -0.043680015951395035 -9.034036675204318e-15 0.9990455508232117 
vn -0.043680015951395035 -9.034036675204318e-15 0.9990455508232117 
vn -0.0018831010675057769 0.38721561431884766 0.9219872951507568 
vn -0.0018831010675057769 0.38721561431884766 0.9219872951507568 
vn -0.0018831010675057769 0.38721561431884766 0.9219872951507568 
vn -0.0018831010675057769 0.38721561431884766 0.9219872951507568 
vn -0.0018831010675057769 0.38721561431884766 0.9219872951507568 
vn -0.0018831010675057769 0.38721561431884766 0.9219872951507568 
vn 0.05283859372138977 0.9986006617546082 -0.002184694167226553 
vn 0.4309644401073456 0.9023662805557251 -0.002184694167226553 
vn 0.05283859372138977 0.9986006617546082 -0.002184694167226553 
vn 0.4309644401073456 0.9023662805557251 -0.002184694167226553 
vn 0.74347984790802 0.6687547564506531 0.002184694167226553 
vn 0.74347984790802 0.6687547564506531 -0.002184694167226553 
vn 0.9428071975708008 0.333331435918808 0.002184694167226553 
vn 0.9428071975708008 0.333331435918808 -0.002184694167226553 
vn 0.9986006617546082 -0.05283859372138977 0.002184694167226553 
vn 0.9986006617546082 -0.05283859372138977 -0.002184694167226553 
vn 0.9023662805557251 -0.4309644401073456 0.002184694167226553 
vn 0.9023662805557251 -0.4309644401073456 -0.002184694167226553 
vn 0.6687547564506531 -0.74347984790802 -0.002184694167226553 
vn 0.6687547564506531 -0.74347984790802 0.002184694167226553 
vn 0.333331435918808 -0.9428071975708008 0.002184694167226553 
vn 0.333331435918808 -0.9428071975708008 0.002184694167226553 
vn -0.05283859372138977 -0.9986006617546082 0.002184694167226553 
vn -0.05283859372138977 -0.9986006617546082 0.002184694167226553 
vn -0.4309644401073456 -0.9023662805557251 0.002184694167226553 
vn -0.4309644401073456 -0.9023662805557251 0.002184694167226553 
vn -0.5987265110015869 -0.8009505867958069 -0.002184694167226553 
vn -0.9428071975708008 -0.333331435918808 0.002184694167226553 
vn -0.8596616387367249 -0.5108591318130493 -0.002184694167226553 
vn -0.8596616387367249 -0.5108591318130493 -0.002184694167226553 
vn -0.333331435918808 0.9428071975708008 -0.002184694167226553 
vn -0.333331435918808 0.9428071975708008 -0.002184694167226553 
vn -0.6687547564506531 0.74347984790802 0.002184694167226553 
vn -0.6687547564506531 0.74347984790802 0.002184694167226553 
vn -0.9023662805557251 0.4309644401073456 0.002184694167226553 
vn -0.9023662805557251 0.4309644401073456 -0.002184694167226553 
vn -0.9986006617546082 0.05283859372138977 -0.002184694167226553 
vn -0.9986006617546082 0.05283859372138977 -0.002184694167226553 
vn -0.9428071975708008 -0.333331435918808 0.002184694167226553 
vn -0.9428071975708008 -0.333331435918808 -0.002184694167226553 
vn -0.8596616387367249 -0.5108591318130493 0.002184694167226553 
vn -0.5987265110015869 -0.8009505867958069 0.002184694167226553 
vn -0.5987265110015869 -0.8009505867958069 0.002184694167226553 
vn -0.4309644401073456 -0.9023662805557251 -0.002184694167226553 
vn -0.9986006617546082 -0.05283859372138977 0.002184694167226553 
vn -0.9986006617546082 -0.05283859372138977 -0.002184694167226553 
vn -0.9428071975708008 0.333331435918808 -0.002184694167226553 
vn -0.9428071975708008 0.333331435918808 -0.002184694167226553 
vn -0.74347984790802 0.6687547564506531 -0.002184694167226553 
vn -0.74347984790802 0.6687547564506531 -0.002184694167226553 
vn -0.4309644401073456 0.9023662805557251 -0.002184694167226553 
vn -0.4309644401073456 0.9023662805557251 -0.002184694167226553 
vn -0.05283859372138977 0.9986006617546082 -0.002184694167226553 
vn -0.05283859372138977 0.9986006617546082 -0.002184694167226553 
vn 0.333331435918808 0.9428071975708008 0.002184694167226553 
vn 0.333331435918808 0.9428071975708008 -0.002184694167226553 
vn 0.6687547564506531 0.74347984790802 -0.002184694167226553 
vn 0.6687547564506531 0.74347984790802 -0.002184694167226553 
vn 0.9023662805557251 0.4309644401073456 -0.002184694167226553 
vn 0.9023662805557251 0.4309644401073456 -0.002184694167226553 
vn 0.9986006617546082 0.05283859372138977 -0.002184694167226553 
vn 0.9986006617546082 0.05283859372138977 -0.002184694167226553 
vn 0.9428071975708008 -0.333331435918808 -0.002184694167226553 
vn 0.9428071975708008 -0.333331435918808 0.002184694167226553 
vn 0.8596616387367249 -0.5108591318130493 -0.002184694167226553 
vn 0.4309644401073456 -0.9023662805557251 0.002184694167226553 
vn 0.5987265110015869 -0.8009505867958069 0.002184694167226553 
vn 0.5987265110015869 -0.8009505867958069 0.002184694167226553 
vn -0.9023662805557251 -0.4309644401073456 0.002184694167226553 
vn -0.9023662805557251 -0.4309644401073456 0.002184694167226553 
vn -0.6687547564506531 -0.74347984790802 0.002184694167226553 
vn -0.6687547564506531 -0.74347984790802 -0.002184694167226553 
vn -0.333331435918808 -0.9428071975708008 0.002184694167226553 
vn -0.333331435918808 -0.9428071975708008 0.002184694167226553 
vn 0.05283859372138977 -0.9986006617546082 0.002184694167226553 
vn 0.05283859372138977 -0.9986006617546082 0.002184694167226553 
vn 0.4309644401073456 -0.9023662805557251 0.002184694167226553 
vn 0.4309644401073456 -0.9023662805557251 -0.002184694167226553 
vn 0.5987265110015869 -0.8009505867958069 0.002184694167226553 
vn 0.8596616387367249 -0.5108591318130493 0.002184694167226553 
vn 0.8596616387367249 -0.5108591318130493 0.002184694167226553 
vn 0.9428071975708008 -0.333331435918808 -0.002184694167226553 
vt 0.4424383342266083 0.5526580810546875 
vt 0.4609546661376953 0.5526580810546875 
vt 0.4424383342266083 0.8737586140632629 
vt 0.4609546661376953 0.8737586140632629 
vt 0.39870569109916687 0.8737586140632629 
vt 0.38018935918807983 0.8737586140632629 
vt 0.39870569109916687 0.5526580810546875 
vt 0.38018935918807983 0.5526580810546875 
vt 0.4194147288799286 0.8737586140632629 
vt 0.40089839696884155 0.8737586140632629 
vt 0.4194147288799286 0.5527792572975159 
vt 0.40089839696884155 0.5527792572975159 
vt 0.4816637337207794 0.8737586140632629 
vt 0.4631474018096924 0.8737586140632629 
vt 0.4816637337207794 0.5526580810546875 
vt 0.4631474018096924 0.5526580810546875 
vt 0.3346294164657593 0.9727544784545898 
vt 0.1689569354057312 0.9542154669761658 
vt 0.3346294164657593 0.9542154669761658 
vt 0.959190309047699 0.16673164069652557 
vt 0.959190309047699 0.0010922499932348728 
vt 0.9405521750450134 0.16673164069652557 
vt 0.9405521750450134 0.0010922499932348728 
vt 0.35095301270484924 0.9519132375717163 
vt 0.35095301270484924 0.9333742260932922 
vt 0.18528054654598236 0.9333742260932922 
vt 0.9798993468284607 0.5030995607376099 
vt 0.961383044719696 0.5030995607376099 
vt 0.9798993468284607 0.33746016025543213 
vt 0.961383044719696 0.33746016025543213 
vt 0.9405521750450134 0.5195786952972412 
vt 0.959190309047699 0.3538181185722351 
vt 0.959190309047699 0.5195786952972412 
vt 0.5046873688697815 0.9935957193374634 
vt 0.6703598499298096 0.9935957193374634 
vt 0.5046873688697815 0.9750567078590393 
vt 0.6703598499298096 0.9750567078590393 
vt 0.5046873688697815 0.9542154669761658 
vt 0.5046873688697815 0.9727544784545898 
vt 0.6703598499298096 0.9727544784545898 
vt 0.9405521750450134 0.522002100944519 
vt 0.959190309047699 0.522002100944519 
vt 0.9405521750450134 0.6877626180648804 
vt 0.959190309047699 0.6877626180648804 
vt 0.3531457483768463 0.9333742260932922 
vt 0.5188182592391968 0.9519132375717163 
vt 0.3531457483768463 0.9519132375717163 
vt 0.6725525259971619 0.9727544784545898 
vt 0.8382250070571899 0.9727544784545898 
vt 0.6725525259971619 0.9542154669761658 
vt 0.8382250070571899 0.9542154669761658 
vt 0.9798993468284607 0.5056441426277161 
vt 0.961383044719696 0.5056441426277161 
vt 0.961383044719696 0.6712835431098938 
vt 0.5210109353065491 0.9519132375717163 
vt 0.5210109353065491 0.9333742260932922 
vt 0.6866834163665771 0.9519132375717163 
vt 0.6866834163665771 0.9333742260932922 
vt 0.8294541239738464 0.24209937453269958 
vt 0.8479704856872559 0.24209937453269958 
vt 0.8294541239738464 0.26063838601112366 
vt 0.8479704856872559 0.26063838601112366 
vt 0.8060650825500488 0.6590453386306763 
vt 0.8060650825500488 0.8409215211868286 
vt 0.7874269485473633 0.6590453386306763 
vt 0.7874269485473633 0.8409215211868286 
vt 0.7704942226409912 0.6617110967636108 
vt 0.7704942226409912 0.8437084555625916 
vt 0.7519778609275818 0.6617110967636108 
vt 0.7519778609275818 0.8437084555625916 
vt 0.17005330324172974 0.6649826765060425 
vt 0.17005330324172974 0.8469800353050232 
vt 0.1515369564294815 0.6649826765060425 
vt 0.1515369564294815 0.8469800353050232 
vt 0.21159324049949646 0.6634074449539185 
vt 0.21159324049949646 0.8454048037528992 
vt 0.19307689368724823 0.6634074449539185 
vt 0.19307689368724823 0.8454048037528992 
vt 0.49433282017707825 0.7433796525001526 
vt 0.5128491520881653 0.7433796525001526 
vt 0.49433282017707825 0.7619186639785767 
vt 0.5128491520881653 0.7619186639785767 
vt 0.8746486306190491 0.9311931729316711 
vt 0.6926525235176086 0.9311931729316711 
vt 0.8746486306190491 0.9126541614532471 
vt 0.6926525235176086 0.9126541614532471 
vt 0.23230229318141937 0.6634074449539185 
vt 0.23230229318141937 0.8454048037528992 
vt 0.21378596127033234 0.6634074449539185 
vt 0.21378596127033234 0.8454048037528992 
vt 0.5062710046768188 0.9311931729316711 
vt 0.3242748975753784 0.9311931729316711 
vt 0.5062710046768188 0.9126541614532471 
vt 0.3242748975753784 0.9126541614532471 
vt 0.8991340398788452 0.7917265295982361 
vt 0.8991340398788452 0.6097291707992554 
vt 0.9176503419876099 0.7917265295982361 
vt 0.9176503419876099 0.6097291707992554 
vt 0.05822437256574631 0.3461844027042389 
vt 0.07674070447683334 0.3461844027042389 
vt 0.05822437256574631 0.36472341418266296 
vt 0.07674070447683334 0.36472341418266296 
vt 0.9163103699684143 0.5112179517745972 
vt 0.9163103699684143 0.32922062277793884 
vt 0.934826672077179 0.5112179517745972 
vt 0.934826672077179 0.32922062277793884 
vt 0.6132271885871887 0.8463741540908813 
vt 0.7952232956886292 0.8463741540908813 
vt 0.6132271885871887 0.8649131655693054 
vt 0.7952232956886292 0.8649131655693054 
vt 0.18308782577514648 0.9360399842262268 
vt 0.001091729965992272 0.9360399842262268 
vt 0.18308782577514648 0.9175009727478027 
vt 0.001091729965992272 0.9175009727478027 
vt 0.32208216190338135 0.8967809081077576 
vt 0.32208216190338135 0.9153199195861816 
vt 0.001091729965992272 0.8967809081077576 
vt 0.001091729965992272 0.9153199195861816 
vt 0.9176503419876099 0.3220715820789337 
vt 0.8991340398788452 0.3220715820789337 
vt 0.9176503419876099 0.0010922499932348728 
vt 0.8991340398788452 0.0010922499932348728 
vt 0.040317125618457794 0.760222315788269 
vt 0.040317125618457794 0.741683304309845 
vt 0.05883346125483513 0.760222315788269 
vt 0.05883346125483513 0.741683304309845 
vt 0.5668145418167114 0.8895106911659241 
vt 0.5668145418167114 0.8709716796875 
vt 0.8879267573356628 0.8895106911659241 
vt 0.8879267573356628 0.8709716796875 
vt 0.3180621564388275 0.5527792572975159 
vt 0.33657848834991455 0.5527792572975159 
vt 0.3180621564388275 0.8737586140632629 
vt 0.33657848834991455 0.8737586140632629 
vt 0.2677513360977173 0.4858934283256531 
vt 0.2862676680088043 0.4858934283256531 
vt 0.2677513360977173 0.5044324398040771 
vt 0.2862676680088043 0.5044324398040771 
vt 0.9384812116622925 0.0010922499932348728 
vt 0.9384812116622925 0.18308958411216736 
vt 0.9198430776596069 0.0010922499932348728 
vt 0.9198430776596069 0.18308958411216736 
vt 0.8328650593757629 0.6134854555130005 
vt 0.8328650593757629 0.7954827547073364 
vt 0.8142268657684326 0.6134854555130005 
vt 0.8142268657684326 0.7954827547073364 
vt 0.9198430776596069 0.6957598328590393 
vt 0.9198430776596069 0.5138837099075317 
vt 0.9383594393730164 0.6957598328590393 
vt 0.9383594393730164 0.5138837099075317 
vt 0.19088417291641235 0.6634074449539185 
vt 0.19088417291641235 0.8454048037528992 
vt 0.1722460240125656 0.6634074449539185 
vt 0.1722460240125656 0.8454048037528992 
vt 0.5150418877601624 0.7433796525001526 
vt 0.533558189868927 0.7433796525001526 
vt 0.5150418877601624 0.7619186639785767 
vt 0.533558189868927 0.7619186639785767 
vt 0.8927994966506958 0.0010922499932348728 
vt 0.8927994966506958 0.18308958411216736 
vt 0.8742831349372864 0.0010922499932348728 
vt 0.8742831349372864 0.18308958411216736 
vt 0.001091729965992272 0.849645733833313 
vt 0.18308782577514648 0.849645733833313 
vt 0.001091729965992272 0.8681847453117371 
vt 0.18308782577514648 0.8681847453117371 
vt 0.8768413066864014 0.821291983127594 
vt 0.8768413066864014 0.6392946243286133 
vt 0.8953576683998108 0.821291983127594 
vt 0.8953576683998108 0.6392946243286133 
vt 0.2944294810295105 0.7943922281265259 
vt 0.2944294810295105 0.6123949289321899 
vt 0.31294581294059753 0.7943922281265259 
vt 0.31294581294059753 0.6123949289321899 
vt 0.12680791318416595 0.7701582312583923 
vt 0.145324245095253 0.7701582312583923 
vt 0.12680791318416595 0.7886972427368164 
vt 0.145324245095253 0.7886972427368164 
vt 0.08538978546857834 0.822867214679718 
vt 0.08538978546857834 0.6408698558807373 
vt 0.10390612483024597 0.822867214679718 
vt 0.10390612483024597 0.6408698558807373 
vt 0.8557668328285217 0.8239577412605286 
vt 0.8557668328285217 0.6419603824615479 
vt 0.8742831349372864 0.8239577412605286 
vt 0.8742831349372864 0.6419603824615479 
vt 0.8350577354431152 0.821291983127594 
vt 0.8350577354431152 0.6392946243286133 
vt 0.8535740971565247 0.821291983127594 
vt 0.8535740971565247 0.6392946243286133 
vt 0.24704226851463318 0.7717334628105164 
vt 0.24704226851463318 0.7531944513320923 
vt 0.2655586004257202 0.7717334628105164 
vt 0.2655586004257202 0.7531944513320923 
vt 0.2862676680088043 0.7717334628105164 
vt 0.2677513360977173 0.7717334628105164 
vt 0.2862676680088043 0.7531944513320923 
vt 0.2677513360977173 0.7531944513320923 
vt 0.7495415210723877 0.761434018611908 
vt 0.7495415210723877 0.779973030090332 
vt 0.7310251593589783 0.761434018611908 
vt 0.7310251593589783 0.779973030090332 
vt 0.3242748975753784 0.8918129205703735 
vt 0.6452653408050537 0.8918129205703735 
vt 0.3242748975753784 0.9103519320487976 
vt 0.6452653408050537 0.9103519320487976 
vt 0.35728755593299866 0.5526580810546875 
vt 0.35728755593299866 0.8737586140632629 
vt 0.3387712240219116 0.5526580810546875 
vt 0.3387712240219116 0.8737586140632629 
vt 0.3594802916049957 0.8737586140632629 
vt 0.3594802916049957 0.5526580810546875 
vt 0.37799662351608276 0.8737586140632629 
vt 0.37799662351608276 0.5526580810546875 
vt 0.5646218061447144 0.5499923229217529 
vt 0.5646218061447144 0.8709716796875 
vt 0.5461054444313049 0.5499923229217529 
vt 0.5461054444313049 0.8709716796875 
vt 0.16676421463489532 0.9568812251091003 
vt 0.001091729965992272 0.9568812251091003 
vt 0.16676421463489532 0.9383422136306763 
vt 0.001091729965992272 0.9383422136306763 
vt 0.9086358547210693 0.8238365650177002 
vt 0.9086358547210693 0.9895970821380615 
vt 0.8901194930076599 0.8238365650177002 
vt 0.8901194930076599 0.9895970821380615 
vt 0.3346294164657593 0.9935957193374634 
vt 0.1689569354057312 0.9935957193374634 
vt 0.3346294164657593 0.9750567078590393 
vt 0.1689569354057312 0.9750567078590393 
vt 0.9577285051345825 0.3349156081676483 
vt 0.9577285051345825 0.16927620768547058 
vt 0.9762448072433472 0.3349156081676483 
vt 0.9762448072433472 0.16927620768547058 
vt 0.9798993468284607 0.0010922499932348728 
vt 0.9798993468284607 0.16673164069652557 
vt 0.961383044719696 0.0010922499932348728 
vt 0.961383044719696 0.16673164069652557 
vt 0.33682215213775635 0.9542154669761658 
vt 0.5024946331977844 0.9542154669761658 
vt 0.33682215213775635 0.9727544784545898 
vt 0.5024946331977844 0.9727544784545898 
vt 0.6888761520385742 0.9333742260932922 
vt 0.8545486330986023 0.9333742260932922 
vt 0.6888761520385742 0.9519132375717163 
vt 0.8545486330986023 0.9519132375717163 
vt 0.001091729965992272 0.9591834545135498 
vt 0.16676421463489532 0.9591834545135498 
vt 0.001091729965992272 0.9777224659919739 
vt 0.16676421463489532 0.9777224659919739 
vt 0.937019407749176 0.3513947129249573 
vt 0.937019407749176 0.18575532734394073 
vt 0.9555357694625854 0.3513947129249573 
vt 0.9555357694625854 0.18575532734394073 
vt 0.9798993468284607 0.6738280653953552 
vt 0.9798993468284607 0.839467465877533 
vt 0.961383044719696 0.6738280653953552 
vt 0.961383044719696 0.839467465877533 
vt 0.33682215213775635 0.9750567078590393 
vt 0.5024946331977844 0.9750567078590393 
vt 0.33682215213775635 0.9935957193374634 
vt 0.5024946331977844 0.9935957193374634 
vt 0.9405521750450134 0.8559466004371643 
vt 0.9405521750450134 0.6901860237121582 
vt 0.959190309047699 0.8559466004371643 
vt 0.959190309047699 0.6901860237121582 
vt 0.6712125539779663 0.5450243949890137 
vt 0.689728856086731 0.5450243949890137 
vt 0.6712125539779663 0.5635634064674377 
vt 0.689728856086731 0.5635634064674377 
vt 0.05676255747675896 0.7827599048614502 
vt 0.05676255747675896 0.7642208933830261 
vt 0.07527889311313629 0.7827599048614502 
vt 0.07527889311313629 0.7642208933830261 
vt 0.6760852932929993 0.5844046473503113 
vt 0.6760852932929993 0.5658656358718872 
vt 0.6946015954017639 0.5844046473503113 
vt 0.6946015954017639 0.5658656358718872 
vt 0.5925180912017822 0.8683059215545654 
vt 0.5925180912017822 0.5472054481506348 
vt 0.6110344529151917 0.8683059215545654 
vt 0.6110344529151917 0.5472054481506348 
vt 0.42160746455192566 0.8737586140632629 
vt 0.42160746455192566 0.5527792572975159 
vt 0.4402456283569336 0.8737586140632629 
vt 0.4402456283569336 0.5527792572975159 
vt 0.5127273201942444 0.7826387286186218 
vt 0.49421098828315735 0.7826387286186218 
vt 0.5127273201942444 0.7642208933830261 
vt 0.49421098828315735 0.7642208933830261 
vt 0.5668145418167114 0.8687906265258789 
vt 0.5668145418167114 0.5478112697601318 
vt 0.5853308439254761 0.8687906265258789 
vt 0.5853308439254761 0.5478112697601318 
vt 0.32208216190338135 0.8944786787033081 
vt 0.001091729965992272 0.8944786787033081 
vt 0.32208216190338135 0.875939667224884 
vt 0.001091729965992272 0.875939667224884 
vt 0.6809579730033875 0.6052458882331848 
vt 0.6809579730033875 0.5867068767547607 
vt 0.6994743347167969 0.6052458882331848 
vt 0.6994743347167969 0.5867068767547607 
vt 0.5149200558662415 0.7826387286186218 
vt 0.5149200558662415 0.7640997171401978 
vt 0.5334364175796509 0.7826387286186218 
vt 0.5334364175796509 0.7640997171401978 
vt 0.6858307123184204 0.6260871291160583 
vt 0.6858307123184204 0.6075481176376343 
vt 0.7043470144271851 0.6260871291160583 
vt 0.7043470144271851 0.6075481176376343 
vt 0.0813697949051857 0.7619186639785767 
vt 0.06285345554351807 0.7619186639785767 
vt 0.0813697949051857 0.7433796525001526 
vt 0.06285345554351807 0.7433796525001526 
vt 0.12461518496274948 0.7701582312583923 
vt 0.12461518496274948 0.7886972427368164 
vt 0.10609884560108185 0.7701582312583923 
vt 0.10609884560108185 0.7886972427368164 
vt 0.9384812116622925 0.716964602470398 
vt 0.9198430776596069 0.716964602470398 
vt 0.9384812116622925 0.6984255909919739 
vt 0.9198430776596069 0.6984255909919739 
vt 0.8294541239738464 0.9103519320487976 
vt 0.647458016872406 0.9103519320487976 
vt 0.8294541239738464 0.8918129205703735 
vt 0.647458016872406 0.8918129205703735 
vt 0.6904597878456116 0.9311931729316711 
vt 0.5084636807441711 0.9311931729316711 
vt 0.6904597878456116 0.9126541614532471 
vt 0.5084636807441711 0.9126541614532471 
vt 0.0200953371822834 0.0010922499932348728 
vt 0.2154914140701294 0.0010922499932348728 
vt 0.0200953371822834 0.004485010169446468 
vt 0.2154914140701294 0.004485010169446468 
vt 0.09367340803146362 0.1867246925830841 
vt 0.22072958946228027 0.17654640972614288 
vt 0.01363898441195488 0.18090853095054626 
vt 0.07174617052078247 0.302078515291214 
vt 0.001091729965992272 0.30183619260787964 
vt 0.001091729965992272 0.3041384220123291 
vt 0.07198980450630188 0.3041384220123291 
vt 0.07393889129161835 0.3028055429458618 
vt 0.09574431926012039 0.1892692595720291 
vt 0.22097322344779968 0.17921215295791626 
vt 0.22304412722587585 0.21495729684829712 
vt 0.22645503282546997 0.21495729684829712 
vt 0.22340957820415497 0.019510090351104736 
vt 0.22682048380374908 0.019510090351104736 
vt 0.4089384078979492 0.09342379122972488 
vt 0.39858385920524597 0.22040994465351105 
vt 0.4114965796470642 0.0954836830496788 
vt 0.40126386284828186 0.22065229713916779 
vt 0.5263709425926208 0.0010922499932348728 
vt 0.5243000388145447 0.0010922499932348728 
vt 0.5263709425926208 0.07197669893503189 
vt 0.5243000388145447 0.07161319255828857 
vt 0.5250309705734253 0.07379425317049026 
vt 0.40333476662635803 0.013330419547855854 
vt 0.011202624067664146 0.0050908601842820644 
vt 0.006817176006734371 0.002909800037741661 
vt 0.009618990123271942 0.0072719198651611805 
vt 0.005720814224332571 0.005333200097084045 
vt 0.009618990123271942 0.1769099235534668 
vt 0.005355359986424446 0.17896981537342072 
vt 0.006573540158569813 0.18127204477787018 
vt 0.0019444560166448355 0.18284724652767181 
vt 0.001091729965992272 0.1799391657114029 
vt 0.001091729965992272 0.0042426697909832 
vt 0.0020662739407271147 0.0013345900224521756 
vt 0.011080806143581867 0.1790909767150879 
vt 0.7730523943901062 0.8375287652015686 
vt 0.7774378657341003 0.8397098183631897 
vt 0.7746360301971436 0.8353477120399475 
vt 0.778412401676178 0.8372864127159119 
vt 0.7787778377532959 0.6636497974395752 
vt 0.78316330909729 0.8384981155395508 
vt 0.78316330909729 0.662680447101593 
vt 0.7823105454444885 0.6598935127258301 
vt 0.7776814699172974 0.6613475680351257 
vt 0.7746360301971436 0.6657096743583679 
vt 0.7730523943901062 0.6635286211967468 
vt 0.7821887731552124 0.8412850499153137 
vt 0.9820920825004578 0.7563448548316956 
vt 0.9820920825004578 0.5539909601211548 
vt 0.9922029972076416 0.7447125315666199 
vt 0.9922029972076416 0.5656232833862305 
vt 0.4142983853816986 0.008725959807634354 
vt 0.22231322526931763 0.008725959807634354 
vt 0.4178311228752136 0.005333200097084045 
vt 0.21768413484096527 0.005333200097084045 
vt 0.4178311228752136 0.0010922499932348728 
vt 0.21768413484096527 0.0010922499932348728 
vt 0.3446184992790222 0.4236120283603668 
vt 0.22304412722587585 0.4236120283603668 
vt 0.3446184992790222 0.22125813364982605 
vt 0.22304412722587585 0.22125813364982605 
vt 0.8691667914390564 0.9826903939247131 
vt 0.6770598292350769 0.9826903939247131 
vt 0.872699499130249 0.9792976379394531 
vt 0.6725525259971619 0.9792976379394531 
vt 0.872699499130249 0.9750567078590393 
vt 0.6725525259971619 0.9750567078590393 
vt 0.5000582337379456 0.8766666650772095 
vt 0.50895094871521 0.8870872855186462 
vt 0.4982309937477112 0.8784842491149902 
vt 0.5072455406188965 0.888904869556427 
vt 0.3262239694595337 0.888904869556427 
vt 0.3326803147792816 0.8784842491149902 
vt 0.32439669966697693 0.8869661092758179 
vt 0.33085304498672485 0.8766666650772095 
vt 0.9924466013908386 0.21107986569404602 
vt 0.9989029765129089 0.20065924525260925 
vt 0.9924466013908386 0.0013345900224521756 
vt 0.9989029765129089 0.0116340396925807 
vt 0.24679863452911377 0.8418908715248108 
vt 0.2448495477437973 0.8400733470916748 
vt 0.236322283744812 0.8483129143714905 
vt 0.23449501395225525 0.8466165065765381 
vt 0.2448495477437973 0.6744339466094971 
vt 0.23449501395225525 0.665467381477356 
vt 0.236322283744812 0.6637709736824036 
vt 0.24667681753635406 0.6727375388145447 
vt 0.7874269485473633 0.31710362434387207 
vt 0.7952232956886292 0.4879533052444458 
vt 0.8015577793121338 0.4883168339729309 
vt 0.7951014637947083 0.49025553464889526 
vt 0.8011923432350159 0.49074020981788635 
vt 0.8963322043418884 0.48225831985473633 
vt 0.8969413042068481 0.4794714152812958 
vt 0.7936396598815918 0.3157707452774048 
vt 0.8969413042068481 0.22416621446609497 
vt 0.7927868962287903 0.3132261633872986 
vt 0.8957231044769287 0.22198516130447388 
vt 0.7868178486824036 0.31468021869659424 
vt 0.9931775331497192 0.7467724084854126 
vt 0.9931775331497192 0.956760048866272 
vt 0.9842848181724548 0.7571930289268494 
vt 0.9842848181724548 0.9463394284248352 
vt 0.0018226379761472344 0.30692532658576965 
vt 0.09038432687520981 0.4031343162059784 
vt 0.001091729965992272 0.30946990847587585 
vt 0.08977523446083069 0.4058000445365906 
vt 0.001213548006489873 0.572893500328064 
vt 0.08392796665430069 0.5747110247612 
vt 0.001091729965992272 0.5753169059753418 
vt 0.08392796665430069 0.5771344304084778 
vt 0.0900188684463501 0.5749533772468567 
vt 0.0900188684463501 0.5773767828941345 
vt 0.09659704566001892 0.40410366654396057 
vt 0.09623158723115921 0.4066482484340668 
vt 0.19173690676689148 0.39986270666122437 
vt 0.18540236353874207 0.39986270666122437 
vt 0.19173690676689148 0.5890091061592102 
vt 0.18540236353874207 0.5890091061592102 
vt 0.0989115834236145 0.39986270666122437 
vt 0.0989115834236145 0.637719452381134 
vt 0.8720904588699341 0.050408441573381424 
vt 0.8720904588699341 0.2394336462020874 
vt 0.8657559156417847 0.050408441573381424 
vt 0.8657559156417847 0.2394336462020874 
vt 0.7330960631370544 0.2394336462020874 
vt 0.7330960631370544 0.0015769300516694784 
vt 0.9154576659202576 0.32534316182136536 
vt 0.9049813151359558 0.32619136571884155 
vt 0.9138740301132202 0.3281300663948059 
vt 0.9041285514831543 0.328493595123291 
vt 0.9141176342964172 0.5726511478424072 
vt 0.9036412835121155 0.5825870633125305 
vt 0.899621307849884 0.3276453912258148 
vt 0.899621307849884 0.5833141207695007 
vt 0.9005958437919617 0.5865857005119324 
vt 0.9049813151359558 0.5850104689598083 
vt 0.9160667061805725 0.5748322010040283 
vt 0.9005958437919617 0.3246161639690399 
vt 0.7680578827857971 0.2458556443452835 
vt 0.7791432738304138 0.24209937453269958 
vt 0.7680578827857971 0.4776538610458374 
vt 0.7791432738304138 0.4869839549064636 
vt 0.7834069132804871 0.4869839549064636 
vt 0.7834069132804871 0.24209937453269958 
vt 0.48519647121429443 0.5530216097831726 
vt 0.4899473786354065 0.554960310459137 
vt 0.4838564693927765 0.5564143657684326 
vt 0.48848554491996765 0.5577472448348999 
vt 0.4877546429634094 0.7940287590026855 
vt 0.4929928183555603 0.5696218609809875 
vt 0.49189645051956177 0.7928170561790466 
vt 0.48897281289100647 0.7964521050453186 
vt 0.4934800863265991 0.7951192855834961 
vt 0.4953073561191559 0.5673196315765381 
vt 0.4838564693927765 0.7948769330978394 
vt 0.4848310053348541 0.7979061603546143 
vt 0.8711158633232117 0.9915358424186707 
vt 0.6971597671508789 0.9917781949043274 
vt 0.8739176988601685 0.9883854389190674 
vt 0.6725525259971619 0.9883854389190674 
vt 0.6726743578910828 0.984871506690979 
vt 0.8739176988601685 0.984871506690979 
vt 0.347663938999176 0.4698989689350128 
vt 0.35192757844924927 0.465779185295105 
vt 0.3469330370426178 0.469050794839859 
vt 0.35107484459877014 0.46468865871429443 
vt 0.3469330370426178 0.3260701894760132 
vt 0.35070937871932983 0.3303111493587494 
vt 0.39870569109916687 0.3830201029777527 
vt 0.4029693007469177 0.45766082406044006 
vt 0.4459710717201233 0.3795061707496643 
vt 0.4521837830543518 0.45523741841316223 
vt 0.45620378851890564 0.37853679060935974 
vt 0.462903767824173 0.45596441626548767 
vt 0.4644874036312103 0.3778097927570343 
vt 0.40357840061187744 0.4587513506412506 
vt 0.4526710510253906 0.4563279449939728 
vt 0.4631474018096924 0.4571761190891266 
vt 0.4719183146953583 0.4554797410964966 
vt 0.4717964828014374 0.45681262016296387 
vt 0.48239463567733765 0.45511624217033386 
vt 0.48276010155677795 0.4537833631038666 
vt 0.5329490900039673 0.4518446624279022 
vt 0.533558189868927 0.4506329596042633 
vt 0.5398927330970764 0.4554797410964966 
vt 0.540623664855957 0.4545103907585144 
vt 0.5197927951812744 0.37029725313186646 
vt 0.5246654748916626 0.36314821243286133 
vt 0.47423285245895386 0.37671923637390137 
vt 0.5428164005279541 0.4236120283603668 
vt 0.5472018122673035 0.4276106357574463 
vt 0.5428164005279541 0.5493865013122559 
vt 0.5472018122673035 0.5455090403556824 
vt 0.5899599194526672 0.45438921451568604 
vt 0.5899599194526672 0.5455090403556824 
vt 0.6305253505706787 0.48177364468574524 
vt 0.6305253505706787 0.5329073667526245 
vt 0.6391744017601013 0.5263642072677612 
vt 0.6392962336540222 0.4874686300754547 
vt 0.6479452848434448 0.5262430310249329 
vt 0.6480671167373657 0.4874686300754547 
vt 0.6568379998207092 0.48177364468574524 
vt 0.6568379998207092 0.5323015451431274 
vt 0.6980125308036804 0.5450243949890137 
vt 0.6980125308036804 0.4554797410964966 
vt 0.3156258165836334 0.6082751154899597 
vt 0.18990963697433472 0.6082751154899597 
vt 0.3117276430130005 0.6039130091667175 
vt 0.19392962753772736 0.6039130091667175 
vt 0.2849276661872864 0.5342402458190918 
vt 0.19392962753772736 0.5342402458190918 
vt 0.25764045119285583 0.4936482906341553 
vt 0.20647688210010529 0.4936482906341553 
vt 0.2129332274198532 0.4850452244281769 
vt 0.25191497802734375 0.4849240481853485 
vt 0.21317686140537262 0.4763209819793701 
vt 0.25191497802734375 0.47607865929603577 
vt 0.25764045119285583 0.467354416847229 
vt 0.2070859670639038 0.467354416847229 
vt 0.19429507851600647 0.426156610250473 
vt 0.28395313024520874 0.426156610250473 
vt 0.7650123834609985 0.3105604350566864 
vt 0.7607488036155701 0.3144378662109375 
vt 0.7658651471138 0.3114086091518402 
vt 0.7614796757698059 0.3156495690345764 
vt 0.7658651471138 0.4643251597881317 
vt 0.7616015076637268 0.4602053761482239 
vt 0.7609924077987671 0.4614170789718628 
vt 0.7171379327774048 0.4501482844352722 
vt 0.7173815965652466 0.4489365816116333 
vt 0.6779125332832336 0.44796720147132874 
vt 0.6776689291000366 0.4490577280521393 
vt 0.6678016185760498 0.4501482844352722 
vt 0.6676798462867737 0.45135995745658875 
vt 0.659396231174469 0.45051178336143494 
vt 0.6595180034637451 0.45172348618507385 
vt 0.6489198803901672 0.4506329596042633 
vt 0.6485543847084045 0.4494212567806244 
vt 0.6089635491371155 0.4557220935821533 
vt 0.6082326173782349 0.4546315670013428 
vt 0.6031162738800049 0.4599630534648895 
vt 0.602385401725769 0.4592360258102417 
vt 0.6065272092819214 0.36872202157974243 
vt 0.5998271703720093 0.36302703619003296 
vt 0.6072580814361572 0.3675103187561035 
vt 0.6498944163322449 0.3745381832122803 
vt 0.6603707671165466 0.37332648038864136 
vt 0.7210361361503601 0.373084157705307 
vt 0.7215234041213989 0.3744170069694519 
vt 0.7650123834609985 0.4651733636856079 
vt 0.6502598524093628 0.3734476566314697 
vt 0.6606143712997437 0.37211477756500244 
vt 0.6687762141227722 0.3723571300506592 
vt 0.6688979864120483 0.3735688328742981 
vt 0.6797398328781128 0.3757498860359192 
vt 0.6793743371963501 0.3745381832122803 
vt 0.46217286586761475 0.19169266521930695 
vt 0.523690938949585 0.1914503127336502 
vt 0.4610764980316162 0.1906021237373352 
vt 0.4610764980316162 0.08930400758981705 
vt 0.523690938949585 0.08845581859350204 
vt 0.46192923188209534 0.0882134810090065 
vt 0.9934211373329163 0.3573320508003235 
vt 0.9934211373329163 0.5630787014961243 
vt 0.9833102822303772 0.37078192830085754 
vt 0.9833102822303772 0.5496288537979126 
vt 0.49652552604675293 0.5502346754074097 
vt 0.29369857907295227 0.5502346754074097 
vt 0.49652552604675293 0.47268590331077576 
vt 0.29369857907295227 0.47268590331077576 
vt 0.5285636782646179 0.0010922499932348728 
vt 0.7309033870697021 0.0010922499932348728 
vt 0.5285636782646179 0.2017497718334198 
vt 0.7309033870697021 0.2017497718334198 
vt 0.09708431363105774 0.39731815457344055 
vt 0.09708431363105774 0.1949642449617386 
vt 0.22085140645503998 0.39731815457344055 
vt 0.22085140645503998 0.1949642449617386 
vt 0.6877797842025757 0.700606644153595 
vt 0.6978906989097595 0.7199938893318176 
vt 0.6715779900550842 0.7133294939994812 
vt 0.6879016160964966 0.7277487516403198 
vt 0.6609798073768616 0.7308991551399231 
vt 0.6813234686851501 0.7386540174484253 
vt 0.6791307330131531 0.7511345744132996 
vt 0.657325267791748 0.7511345744132996 
vt 0.6813234686851501 0.763615071773529 
vt 0.6609798073768616 0.7713699340820312 
vt 0.6879016160964966 0.7745203375816345 
vt 0.6715779900550842 0.7889395952224731 
vt 0.6978906989097595 0.7823964357376099 
vt 0.6877797842025757 0.8016624450683594 
vt 0.04458075761795044 0.7023030519485474 
vt 0.028378961607813835 0.7150259017944336 
vt 0.05469164997339249 0.7215690612792969 
vt 0.044702574610710144 0.7294450998306274 
vt 0.017780795693397522 0.7325955629348755 
vt 0.03812440112233162 0.7403504252433777 
vt 0.03580985963344574 0.7528309226036072 
vt 0.014004438184201717 0.7528309226036072 
vt 0.017780795693397522 0.7730663418769836 
vt 0.03812440112233162 0.7653114199638367 
vt 0.028378961607813835 0.7906359434127808 
vt 0.044702574610710144 0.7762167453765869 
vt 0.05469164997339249 0.7839716076850891 
vt 0.04458075761795044 0.803358793258667 
vt 0.02557714842259884 0.7079980373382568 
vt 0.03788076713681221 0.7047264575958252 
vt 0.013395347632467747 0.7047264575958252 
vt 0.04689529910683632 0.6957598328590393 
vt 0.05018438398838043 0.6834005117416382 
vt 0.001091729965992272 0.6834005117416382 
vt 0.05018438398838043 0.6030648350715637 
vt 0.001091729965992272 0.6030648350715637 
vt 0.04689529910683632 0.5908266305923462 
vt 0.004380816128104925 0.5908266305923462 
vt 0.03788076713681221 0.5817388892173767 
vt 0.02557714842259884 0.5784673094749451 
vt 0.013395347632467747 0.5817388892173767 
vt 0.004380816128104925 0.6957598328590393 
vt 0.7285888195037842 0.24209937453269958 
vt 0.7285888195037842 0.3225562572479248 
vt 0.7503942251205444 0.3225562572479248 
vt 0.6525744199752808 0.7859103679656982 
vt 0.6307689547538757 0.705574631690979 
vt 0.6525744199752808 0.705574631690979 
vt 0.9924466013908386 0.3144378662109375 
vt 0.9989029765129089 0.3144378662109375 
vt 0.9924466013908386 0.21362443268299103 
vt 0.9989029765129089 0.21362443268299103 
vt 0.15190240740776062 0.6609840989112854 
vt 0.25264590978622437 0.6609840989112854 
vt 0.15190240740776062 0.6108196973800659 
vt 0.25264590978622437 0.6108196973800659 
vt 0.3971220552921295 0.3237679600715637 
vt 0.3971220552921295 0.22295452654361725 
vt 0.3469330370426178 0.3237679600715637 
vt 0.3469330370426178 0.22295452654361725 
vt 0.7497851848602295 0.6671637296676636 
vt 0.7433288097381592 0.6671637296676636 
vt 0.7497851848602295 0.7174493074417114 
vt 0.7002052068710327 0.7174493074417114 
vt 0.7497851848602295 0.46117472648620605 
vt 0.7433288097381592 0.5114603042602539 
vt 0.7497851848602295 0.5114603042602539 
vt 0.4056493043899536 0.19387371838092804 
vt 0.5065146088600159 0.19387371838092804 
vt 0.4056493043899536 0.20041689276695251 
vt 0.5065146088600159 0.20041689276695251 
vt 0.7002052068710327 0.5114603042602539 
vt 0.7002052068710327 0.46117472648620605 
vt 0.706661581993103 0.5114603042602539 
vt 0.7433288097381592 0.5114603042602539 
vt 0.706661581993103 0.5319380164146423 
vt 0.7433288097381592 0.5319380164146423 
vt 0.706661581993103 0.5556873679161072 
vt 0.7433288097381592 0.5556873679161072 
vt 0.7433288097381592 0.6229366660118103 
vt 0.706661581993103 0.6229366660118103 
vt 0.706661581993103 0.6466860175132751 
vt 0.7433288097381592 0.6466860175132751 
vt 0.706661581993103 0.6671637296676636 
vt 0.7433288097381592 0.6671637296676636 
vt 0.7002052068710327 0.7174493074417114 
vt 0.7002052068710327 0.6671637296676636 
vt 0.7497851848602295 0.46117472648620605 
vt 0.25483861565589905 0.7115119695663452 
vt 0.25483861565589905 0.6108196973800659 
vt 0.27530404925346375 0.7115119695663452 
vt 0.27530404925346375 0.6108196973800659 
vt 0.2922367453575134 0.6947904825210571 
vt 0.2922367453575134 0.6275411248207092 
vt 0.14934423565864563 0.6234213709831238 
vt 0.14934423565864563 0.7241136431694031 
vt 0.12887881696224213 0.6234213709831238 
vt 0.12887881696224213 0.7241136431694031 
vt 0.11206793040037155 0.6401428580284119 
vt 0.11206793040037155 0.707392156124115 
vt 0.49871826171875 0.7409562468528748 
vt 0.49871826171875 0.6739492416381836 
vt 0.5425727367401123 0.7409562468528748 
vt 0.5425727367401123 0.6739492416381836 
vt 0.5425727367401123 0.6615899205207825 
vt 0.49871826171875 0.6615899205207825 
vt 0.5425727367401123 0.6466860175132751 
vt 0.49871826171875 0.6466860175132751 
vt 0.5356290936470032 0.5119449496269226 
vt 0.49871826171875 0.5119449496269226 
vt 0.5356290936470032 0.49716222286224365 
vt 0.49871826171875 0.49716222286224365 
vt 0.5356290936470032 0.4823794960975647 
vt 0.49871826171875 0.4823794960975647 
vt 0.5356290936470032 0.4563279449939728 
vt 0.6138362884521484 0.540177583694458 
vt 0.6138362884521484 0.7032724022865295 
vt 0.639783501625061 0.540177583694458 
vt 0.6808361411094666 0.7032724022865295 
vt 0.6905816197395325 0.6956387162208557 
vt 0.6546453237533569 0.5411469340324402 
vt 0.6658525466918945 0.5508405566215515 
vt 0.6965506672859192 0.6820676326751709 
vt 0.7519778609275818 0.49413296580314636 
vt 0.7780469059944153 0.657470166683197 
vt 0.8190996050834656 0.49413296580314636 
vt 0.8288450241088867 0.5017666816711426 
vt 0.7927868962287903 0.6563795804977417 
vt 0.8041160106658936 0.6466860175132751 
vt 0.8346922993659973 0.5153377056121826 
vt 0.8377377390861511 0.01757136918604374 
vt 0.8371286392211914 0.016723180189728737 
vt 0.8530868291854858 0.010907020419836044 
vt 0.8432195782661438 0.0010922499932348728 
vt 0.8360323309898376 0.016602009534835815 
vt 0.8294541239738464 0.0012134199496358633 
vt 0.8350577354431152 0.017207859084010124 
vt 0.8195868730545044 0.010907020419836044 
vt 0.8349359631538391 0.01829838939011097 
vt 0.8194650411605835 0.024841569364070892 
vt 0.835545003414154 0.01914658024907112 
vt 0.8293322920799255 0.0346563383936882 
vt 0.8366413712501526 0.019267750903964043 
vt 0.8432195782661438 0.0346563383936882 
vt 0.8376159071922302 0.018661899492144585 
vt 0.8530868291854858 0.024841569364070892 
vt 0.8038723468780518 0.022781679406762123 
vt 0.8104504942893982 0.022781679406762123 
vt 0.7993651032447815 0.018177220597863197 
vt 0.8038723468780518 0.007150750141590834 
vt 0.7993651032447815 0.011755210347473621 
vt 0.8149577975273132 0.018177220597863197 
vt 0.8149577975273132 0.011755210347473621 
vt 0.8104504942893982 0.007150750141590834 
vt 0.43293654918670654 0.1627330332994461 
vt 0.44828560948371887 0.15606868267059326 
vt 0.4323274493217468 0.1618848443031311 
vt 0.43841835856437683 0.14625391364097595 
vt 0.4312310814857483 0.16176366806030273 
vt 0.42465290427207947 0.14637507498264313 
vt 0.43025654554367065 0.1623695194721222 
vt 0.4147856533527374 0.15606868267059326 
vt 0.43013471364974976 0.16346004605293274 
vt 0.4146638512611389 0.1700032353401184 
vt 0.4307438135147095 0.16430823504924774 
vt 0.42453110218048096 0.17981800436973572 
vt 0.431840181350708 0.1644294112920761 
vt 0.43841835856437683 0.17981800436973572 
vt 0.43269291520118713 0.16382355988025665 
vt 0.44828560948371887 0.1700032353401184 
vt 0.8011923432350159 0.29541417956352234 
vt 0.8011923432350159 0.28887099027633667 
vt 0.7966850996017456 0.2998974621295929 
vt 0.7855996489524841 0.29541417956352234 
vt 0.7902287244796753 0.2998974621295929 
vt 0.7966850996017456 0.28426653146743774 
vt 0.7902287244796753 0.28426653146743774 
vt 0.7855996489524841 0.28887099027633667 
vt 0.03678440302610397 0.3151648938655853 
vt 0.01595352590084076 0.3186788260936737 
vt 0.03678440302610397 0.32740306854248047 
vt 0.728832483291626 0.32485848665237427 
vt 0.7410142421722412 0.32485848665237427 
vt 0.7322433590888977 0.3456997275352478 
vt 0.4026038646697998 0.3440033495426178 
vt 0.3816511631011963 0.35272759199142456 
vt 0.4026038646697998 0.35624152421951294 
vt 0.011811713688075542 0.06870511174201965 
vt 0.014126256108283997 0.04604632034897804 
vt 0.014126256108283997 0.06870511174201965 
vt 0.3900566101074219 0.35878607630729675 
vt 0.3988274931907654 0.37974849343299866 
vt 0.4022383987903595 0.35878607630729675 
vt 0.2187805026769638 0.041320689022541046 
vt 0.2212168574333191 0.018661899492144585 
vt 0.2212168574333191 0.041320689022541046 
vt 0.6603707671165466 0.46069005131721497 
vt 0.6492853164672852 0.46541568636894226 
vt 0.6603707671165466 0.47062599658966064 
vt 0.6491634845733643 0.46626389026641846 
vt 0.6533052921295166 0.47777503728866577 
vt 0.6485543847084045 0.4666273891925812 
vt 0.6433162093162537 0.47777503728866577 
vt 0.6478235125541687 0.4666273891925812 
vt 0.6362507939338684 0.47062599658966064 
vt 0.6473362445831299 0.46590036153793335 
vt 0.6362507939338684 0.46069005131721497 
vt 0.647458016872406 0.46505218744277954 
vt 0.6433162093162537 0.4535410404205322 
vt 0.6480671167373657 0.46456751227378845 
vt 0.6533052921295166 0.4535410404205322 
vt 0.6487980484962463 0.46468865871429443 
vt 0.9485921263694763 0.16927620768547058 
vt 0.9438412189483643 0.16927620768547058 
vt 0.9518812298774719 0.17254780232906342 
vt 0.9405521750450134 0.17254780232906342 
vt 0.9405521750450134 0.17715226113796234 
vt 0.9438412189483643 0.18054501712322235 
vt 0.9485921263694763 0.18054501712322235 
vt 0.9518812298774719 0.17715226113796234 
vt 0.7528306245803833 0.3012303411960602 
vt 0.7616015076637268 0.3012303411960602 
vt 0.7552669644355774 0.3162554204463959 
vt 0.5263709425926208 0.1927831918001175 
vt 0.5113873481750488 0.19908402860164642 
vt 0.5263709425926208 0.20162859559059143 
vt 0.2210950404405594 0.06010204181075096 
vt 0.21938958764076233 0.06010204181075096 
vt 0.2210950404405594 0.04386525973677635 
vt 0.21938958764076233 0.04386525973677635 
vt 0.9340957999229431 0.7368364930152893 
vt 0.9339739680290222 0.7427738308906555 
vt 0.9327557682991028 0.7368364930152893 
vt 0.9326339960098267 0.7427738308906555 
vt 0.9160667061805725 0.81293123960495 
vt 0.914726734161377 0.81293123960495 
vt 0.9345830678939819 0.858006477355957 
vt 0.9359230399131775 0.858006477355957 
vt 0.9387248754501343 0.8677000999450684 
vt 0.9400648474693298 0.8677000999450684 
vt 0.9387248754501343 0.8765454888343811 
vt 0.9400648474693298 0.8765454888343811 
vt 0.9358012676239014 0.8861179351806641 
vt 0.934461236000061 0.8861179351806641 
vt 0.9163103699684143 0.9313143491744995 
vt 0.914970338344574 0.9313143491744995 
vt 0.914726734161377 0.9396750926971436 
vt 0.09489159286022186 0.22162164747714996 
vt 0.09489159286022186 0.3835047781467438 
vt 0.09196795523166656 0.22137930989265442 
vt 0.09196795523166656 0.3838682770729065 
vt 0.8656340837478638 0.49631404876708984 
vt 0.8813486099243164 0.5005549788475037 
vt 0.8497977256774902 0.5005549788475037 
vt 0.8929213285446167 0.512066125869751 
vt 0.8383468389511108 0.512066125869751 
vt 0.897428572177887 0.5289087891578674 
vt 0.8338395953178406 0.5289087891578674 
vt 0.897428572177887 0.6070634126663208 
vt 0.8338395953178406 0.6071845889091492 
vt 0.8918249607086182 0.6249966025352478 
vt 0.8383468389511108 0.6240271925926208 
vt 0.8497977256774902 0.6355383992195129 
vt 0.8656340837478638 0.6397793292999268 
vt 0.8813486099243164 0.6355383992195129 
vt 0.9902538657188416 0.0010922499932348728 
vt 0.9902538657188416 0.0792469009757042 
vt 0.9820920825004578 0.0010922499932348728 
vt 0.9820920825004578 0.0792469009757042 
vt 0.9902538657188416 0.09814941883087158 
vt 0.9820920825004578 0.09814941883087158 
vt 0.9902538657188416 0.11293216049671173 
vt 0.9820920825004578 0.11293216049671173 
vt 0.9902538657188416 0.12929010391235352 
vt 0.9820920825004578 0.12929010391235352 
vt 0.9902538657188416 0.14552688598632812 
vt 0.9820920825004578 0.14552688598632812 
vt 0.9902538657188416 0.1618848443031311 
vt 0.9820920825004578 0.1618848443031311 
vt 0.9902538657188416 0.17921215295791626 
vt 0.9820920825004578 0.17921215295791626 
vt 0.9902538657188416 0.25760912895202637 
vt 0.9820920825004578 0.25760912895202637 
vt 0.9902538657188416 0.2749364376068115 
vt 0.9820920825004578 0.2749364376068115 
vt 0.9902538657188416 0.2912943959236145 
vt 0.9820920825004578 0.2912943959236145 
vt 0.9902538657188416 0.3076523542404175 
vt 0.9820920825004578 0.3076523542404175 
vt 0.9902538657188416 0.3238891363143921 
vt 0.9820920825004578 0.3238891363143921 
vt 0.9820920825004578 0.34024709463119507 
vt 0.9902538657188416 0.34024709463119507 
vt 0.9902538657188416 0.3575744032859802 
vt 0.9820920825004578 0.3575744032859802 
vt 0.9198430776596069 0.2526411712169647 
vt 0.9282485246658325 0.2526411712169647 
vt 0.9198430776596069 0.24149352312088013 
vt 0.9282485246658325 0.24149352312088013 
vt 0.9198430776596069 0.23034588992595673 
vt 0.9282485246658325 0.23034588992595673 
vt 0.9198430776596069 0.21919825673103333 
vt 0.9282485246658325 0.21919825673103333 
vt 0.9198430776596069 0.20805060863494873 
vt 0.9282485246658325 0.20805060863494873 
vt 0.9198430776596069 0.19690297544002533 
vt 0.9282485246658325 0.19690297544002533 
vt 0.9198430776596069 0.18575532734394073 
vt 0.9282485246658325 0.18575532734394073 
vt 0.9282485246658325 0.2637888193130493 
vt 0.9198430776596069 0.2637888193130493 
vt 0.9282485246658325 0.2749364376068115 
vt 0.9198430776596069 0.2749364376068115 
vt 0.9282485246658325 0.2860840857028961 
vt 0.9198430776596069 0.2860840857028961 
vt 0.9282485246658325 0.2972317337989807 
vt 0.9198430776596069 0.2972317337989807 
vt 0.9282485246658325 0.3083793818950653 
vt 0.9198430776596069 0.3083793818950653 
vt 0.9282485246658325 0.3196481764316559 
vt 0.9198430776596069 0.3196481764316559 
vt 0.8216577768325806 0.27820804715156555 
vt 0.8272613883018494 0.2685144543647766 
vt 0.8120341300964355 0.28378185629844666 
vt 0.7855996489524841 0.257366806268692 
vt 0.800826907157898 0.28378185629844666 
vt 0.7912032604217529 0.27820804715156555 
vt 0.7855996489524841 0.2685144543647766 
vt 0.8272613883018494 0.257366806268692 
vt 0.8216577768325806 0.24767319858074188 
vt 0.8120341300964355 0.24209937453269958 
vt 0.800826907157898 0.24209937453269958 
vt 0.7912032604217529 0.24767319858074188 
vt 0.009497172199189663 0.7049687504768372 
vt 0.009497172199189663 0.7161164283752441 
vt 0.001091729965992272 0.7049687504768372 
vt 0.001091729965992272 0.7161164283752441 
vt 0.009497172199189663 0.7272640466690063 
vt 0.001091729965992272 0.7272640466690063 
vt 0.009497172199189663 0.7385328412055969 
vt 0.001091729965992272 0.7385328412055969 
vt 0.009497172199189663 0.7496805191040039 
vt 0.001091729965992272 0.7496805191040039 
vt 0.009497172199189663 0.7608281373977661 
vt 0.001091729965992272 0.7608281373977661 
vt 0.009497172199189663 0.7719758152961731 
vt 0.001091729965992272 0.7719758152961731 
vt 0.009497172199189663 0.7831234335899353 
vt 0.001091729965992272 0.7831234335899353 
vt 0.009497172199189663 0.7942710518836975 
vt 0.001091729965992272 0.7942710518836975 
vt 0.009497172199189663 0.8054187297821045 
vt 0.001091729965992272 0.8054187297821045 
vt 0.009497172199189663 0.8165663480758667 
vt 0.001091729965992272 0.8165663480758667 
vt 0.009497172199189663 0.8277139663696289 
vt 0.001091729965992272 0.8277139663696289 
vt 0.009497172199189663 0.8388616442680359 
vt 0.001091729965992272 0.8388616442680359 
vt 0.14776059985160828 0.7415621280670166 
vt 0.14215697348117828 0.7319896817207336 
vt 0.14776059985160828 0.7527097463607788 
vt 0.11170247197151184 0.7624033689498901 
vt 0.14215697348117828 0.7624033689498901 
vt 0.13253335654735565 0.7679771780967712 
vt 0.12132609635591507 0.7679771780967712 
vt 0.13253335654735565 0.7264158725738525 
vt 0.12132609635591507 0.7264158725738525 
vt 0.11170247197151184 0.7319896817207336 
vt 0.10609884560108185 0.7415621280670166 
vt 0.10609884560108185 0.7527097463607788 
vt 0.5528054237365723 0.41452428698539734 
vt 0.5625509023666382 0.4122220575809479 
vt 0.563038170337677 0.41452428698539734 
vt 0.5711999535560608 0.4087081253528595 
vt 0.5724181532859802 0.41064685583114624 
vt 0.5796054005622864 0.40337663888931274 
vt 0.577778160572052 0.40204378962516785 
vt 0.5813108682632446 0.39344072341918945 
vt 0.5835036039352417 0.39392539858818054 
vt 0.5835036039352417 0.3837471008300781 
vt 0.5813108682632446 0.3842317759990692 
vt 0.5796054005622864 0.3742958605289459 
vt 0.577778160572052 0.3756287097930908 
vt 0.5710781812667847 0.36896437406539917 
vt 0.5724181532859802 0.3671468198299408 
vt 0.5625509023666382 0.3654504418373108 
vt 0.563038170337677 0.36314821243286133 
vt 0.5528054237365723 0.36314821243286133 
vt 0.553170919418335 0.3654504418373108 
vt 0.06126982346177101 0.5791943073272705 
vt 0.08307524770498276 0.5840411186218262 
vt 0.05919891595840454 0.5892514586448669 
vt 0.0811261534690857 0.5934923887252808 
vt 0.05737164616584778 0.5993085503578186 
vt 0.07942070066928864 0.6029436588287354 
vt 0.07795888930559158 0.6123949289321899 
vt 0.05590983107686043 0.6093656420707703 
vt 0.05456983298063278 0.6195439100265503 
vt 0.07674070447683334 0.6219673156738281 
vt 0.05359528958797455 0.6296010613441467 
vt 0.07576616108417511 0.6315397620201111 
vt 0.05298619717359543 0.6397793292999268 
vt 0.07515707612037659 0.641112208366394 
vt 0.07479161769151688 0.6506845951080322 
vt 0.05249892547726631 0.6500787734985352 
vt 0.05237710848450661 0.6602570414543152 
vt 0.07466980069875717 0.6602570414543152 
vt 0.07479161769151688 0.6698294878005981 
vt 0.05249892547726631 0.6704353094100952 
vt 0.05298619717359543 0.68061363697052 
vt 0.07515707612037659 0.6794019341468811 
vt 0.07576616108417511 0.6889743208885193 
vt 0.05359528958797455 0.6907919049263 
vt 0.07674070447683334 0.6985467672348022 
vt 0.05456983298063278 0.7009701728820801 
vt 0.07795888930559158 0.7081192135810852 
vt 0.05590983107686043 0.7111484408378601 
vt 0.05737164616584778 0.7212055325508118 
vt 0.07942070066928864 0.7175704836845398 
vt 0.0811261534690857 0.7270216941833496 
vt 0.05919891595840454 0.7312626838684082 
vt 0.08307524770498276 0.7363517880439758 
vt 0.06126982346177101 0.7411985993385315 
vt 0.08453705906867981 0.3812025487422943 
vt 0.08453705906867981 0.3718724548816681 
vt 0.08270978927612305 0.3812025487422943 
vt 0.08270978927612305 0.3718724548816681 
vt 0.08453705906867981 0.36254236102104187 
vt 0.08270978927612305 0.36254236102104187 
vt 0.08453705906867981 0.353333443403244 
vt 0.08270978927612305 0.353333443403244 
vt 0.08453705906867981 0.3440033495426178 
vt 0.08270978927612305 0.3440033495426178 
vt 0.08453705906867981 0.3346732556819916 
vt 0.06577708572149277 0.3346732556819916 
vt 0.040317125618457794 0.3440033495426178 
vt 0.040317125618457794 0.3346732556819916 
vt 0.040317125618457794 0.32534316182136536 
vt 0.06589890271425247 0.32534316182136536 
vt 0.06577708572149277 0.31601306796073914 
vt 0.040317125618457794 0.31601306796073914 
vt 0.040317125618457794 0.3068041503429413 
vt 0.08270978927612305 0.3068041503429413 
vt 0.08453705906867981 0.31601306796073914 
vt 0.08453705906867981 0.3068041503429413 
vt 0.08270978927612305 0.29747405648231506 
vt 0.08453705906867981 0.29747405648231506 
vt 0.08270978927612305 0.28814399242401123 
vt 0.08453705906867981 0.28814399242401123 
vt 0.08270978927612305 0.278813898563385 
vt 0.08453705906867981 0.278813898563385 
vt 0.08270978927612305 0.2694838047027588 
vt 0.08453705906867981 0.2694838047027588 
vt 0.5528054237365723 0.36314821243286133 
vt 0.5433036684989929 0.3671468198299408 
vt 0.553170919418335 0.3654504418373108 
vt 0.5446436405181885 0.36896437406539917 
vt 0.536116361618042 0.3742958605289459 
vt 0.538065493106842 0.3756287097930908 
vt 0.5345327258110046 0.3842317759990692 
vt 0.5322182178497314 0.3837471008300781 
vt 0.5345327258110046 0.39356186985969543 
vt 0.5322182178497314 0.39392539858818054 
vt 0.538065493106842 0.40204378962516785 
vt 0.536116361618042 0.40337663888931274 
vt 0.5433036684989929 0.41064685583114624 
vt 0.5446436405181885 0.4087081253528595 
vt 0.5528054237365723 0.41452428698539734 
vt 0.5532927513122559 0.4122220575809479 
vt 0.5625509023666382 0.4122220575809479 
vt 0.6285762190818787 0.7717334628105164 
vt 0.6285762190818787 0.7634938955307007 
vt 0.6132271885871887 0.7717334628105164 
vt 0.6132271885871887 0.7634938955307007 
vt 0.6285762190818787 0.7551331520080566 
vt 0.6132271885871887 0.7551331520080566 
vt 0.6285762190818787 0.746893584728241 
vt 0.6132271885871887 0.746893584728241 
vt 0.6285762190818787 0.779973030090332 
vt 0.6132271885871887 0.779973030090332 
vt 0.6285762190818787 0.7882125973701477 
vt 0.6132271885871887 0.7882125973701477 
vt 0.6285762190818787 0.796573281288147 
vt 0.6132271885871887 0.796573281288147 
vt 0.6285762190818787 0.8048128485679626 
vt 0.6132271885871887 0.8048128485679626 
vt 0.6285762190818787 0.8130524158477783 
vt 0.6132271885871887 0.8130524158477783 
vt 0.6285762190818787 0.8214131593704224 
vt 0.6132271885871887 0.8214131593704224 
vt 0.6285762190818787 0.829652726650238 
vt 0.6132271885871887 0.829652726650238 
vt 0.6285762190818787 0.8378922939300537 
vt 0.6132271885871887 0.8378922939300537 
vt 0.6132271885871887 0.705574631690979 
vt 0.6132271885871887 0.7138141989707947 
vt 0.6285762190818787 0.705574631690979 
vt 0.6285762190818787 0.7138141989707947 
vt 0.6132271885871887 0.7220537662506104 
vt 0.6285762190818787 0.7220537662506104 
vt 0.6132271885871887 0.7304145097732544 
vt 0.6285762190818787 0.7304145097732544 
vt 0.6132271885871887 0.7386540174484253 
vt 0.6285762190818787 0.7386540174484253 
vt 0.5367254614830017 0.3847164809703827 
vt 0.5398927330970764 0.3770827651023865 
vt 0.5367254614830017 0.39307719469070435 
vt 0.5615763664245605 0.4096774756908417 
vt 0.545740008354187 0.4065270721912384 
vt 0.5532927513122559 0.4096774756908417 
vt 0.5398927330970764 0.40071091055870056 
vt 0.545740008354187 0.37126660346984863 
vt 0.5532927513122559 0.368116170167923 
vt 0.5615763664245605 0.368116170167923 
vt 0.5692508816719055 0.4065270721912384 
vt 0.5750981569290161 0.3770827651023865 
vt 0.5782654285430908 0.39307719469070435 
vt 0.5782654285430908 0.3847164809703827 
vt 0.5692508816719055 0.37126660346984863 
vt 0.5750981569290161 0.40071091055870056 
vt 0.28943493962287903 0.7510133981704712 
vt 0.24704226851463318 0.7510133981704712 
vt 0.28943493962287903 0.741683304309845 
vt 0.24704226851463318 0.741683304309845 
vt 0.28943493962287903 0.7323532104492188 
vt 0.24704226851463318 0.7323532104492188 
vt 0.28943493962287903 0.7230231165885925 
vt 0.24704226851463318 0.7230231165885925 
vt 0.28943493962287903 0.7138141989707947 
vt 0.24704226851463318 0.7138141989707947 
vt 0.4141765534877777 0.14116476476192474 
vt 0.4141765534877777 0.13946838676929474 
vt 0.4234347343444824 0.14116476476192474 
vt 0.4234347343444824 0.09754356741905212 
vt 0.43269291520118713 0.09754356741905212 
vt 0.4324492812156677 0.13983190059661865 
vt 0.44158563017845154 0.1412859410047531 
vt 0.440489262342453 0.14383050799369812 
vt 0.4324492812156677 0.14225530624389648 
vt 0.42440927028656006 0.14383050799369812 
vt 0.4172220230102539 0.14843496680259705 
vt 0.41539475321769714 0.1464962512254715 
vt 0.41003474593162537 0.15437230467796326 
vt 0.41247111558914185 0.15534165501594543 
vt 0.4080856740474701 0.1635812222957611 
vt 0.410765677690506 0.1635812222957611 
vt 0.40991294384002686 0.17291131615638733 
vt 0.41234928369522095 0.17194195091724396 
vt 0.4169783890247345 0.17896981537342072 
vt 0.41502928733825684 0.1807873547077179 
vt 0.42392200231552124 0.18369543552398682 
vt 0.4229474663734436 0.18611884117126465 
vt 0.4322056174278259 0.1880575567483902 
vt 0.4322056174278259 0.18527065217494965 
vt 0.440489262342453 0.18369543552398682 
vt 0.44146379828453064 0.18624001741409302 
vt 0.4493819773197174 0.18102970719337463 
vt 0.44743287563323975 0.1790909767150879 
vt 0.4547419548034668 0.17315365374088287 
vt 0.4521837830543518 0.1721842885017395 
vt 0.45388925075531006 0.16394473612308502 
vt 0.45656922459602356 0.16394473612308502 
vt 0.4523056149482727 0.15558399260044098 
vt 0.4547419548034668 0.1546146422624588 
vt 0.44755470752716064 0.14855614304542542 
vt 0.4495037794113159 0.14661741256713867 
vt 0.4141765534877777 0.09754356741905212 
vt 0.44182926416397095 0.09754356741905212 
vt 0.45072197914123535 0.1395895630121231 
vt 0.45108741521835327 0.0976647436618805 
vt 0.45072197914123535 0.1412859410047531 
vt 0.7243251800537109 0.7643420696258545 
vt 0.7311469912528992 0.7575565576553345 
vt 0.7155542969703674 0.7679771780967712 
vt 0.7348015308380127 0.7487111687660217 
vt 0.7348015308380127 0.7391387224197388 
vt 0.7059306502342224 0.7679771780967712 
vt 0.697037935256958 0.7643420696258545 
vt 0.686561644077301 0.7487111687660217 
vt 0.6902161836624146 0.7575565576553345 
vt 0.686561644077301 0.7391387224197388 
vt 0.7311469912528992 0.730293333530426 
vt 0.697037935256958 0.7235077619552612 
vt 0.7155542969703674 0.7197515368461609 
vt 0.7059306502342224 0.7197515368461609 
vt 0.6902161836624146 0.730293333530426 
vt 0.7243251800537109 0.7235077619552612 
vt 0.48312556743621826 0.0010922499932348728 
vt 0.48312556743621826 0.003152139950543642 
vt 0.4406110644340515 0.0010922499932348728 
vt 0.4406110644340515 0.003152139950543642 
vt 0.7616015076637268 0.24209937453269958 
vt 0.7564851641654968 0.24985426664352417 
vt 0.7595306038856506 0.24209937453269958 
vt 0.7544142603874207 0.24985426664352417 
vt 0.7546578645706177 0.25894200801849365 
vt 0.7525869607925415 0.25894200801849365 
vt 0.7544142603874207 0.2681509256362915 
vt 0.7564851641654968 0.2681509256362915 
vt 0.7595306038856506 0.2759058177471161 
vt 0.7616015076637268 0.2759058177471161 
vt 0.32866033911705017 0.46335580945014954 
vt 0.2862676680088043 0.4540257155895233 
vt 0.32866033911705017 0.4540257155895233 
vt 0.2862676680088043 0.4446956217288971 
vt 0.32866033911705017 0.4446956217288971 
vt 0.2862676680088043 0.43548670411109924 
vt 0.32866033911705017 0.43548670411109924 
vt 0.2862676680088043 0.426156610250473 
vt 0.32866033911705017 0.426156610250473 
vt 0.01595352590084076 0.0010922499932348728 
vt 0.013760802336037159 0.0010922499932348728 
vt 0.01595352590084076 0.04350174963474274 
vt 0.013760802336037159 0.04350174963474274 
vt 0.2388804703950882 0.010907020419836044 
vt 0.2388804703950882 0.012966910377144814 
vt 0.28127312660217285 0.010907020419836044 
vt 0.28127312660217285 0.012966910377144814 
vt 0.2185368537902832 0.1919350028038025 
vt 0.2185368537902832 0.18987511098384857 
vt 0.21074050664901733 0.18684585392475128 
vt 0.21074050664901733 0.18478597700595856 
vt 0.20160415768623352 0.1850283145904541 
vt 0.20160415768623352 0.18296842277050018 
vt 0.1924678087234497 0.18478597700595856 
vt 0.1924678087234497 0.18684585392475128 
vt 0.18479327857494354 0.18999628722667694 
vt 0.18479327857494354 0.1919350028038025 
vt 0.2834658622741699 0.010907020419836044 
vt 0.3258585035800934 0.012966910377144814 
vt 0.2834658622741699 0.012966910377144814 
vt 0.5770472288131714 0.4119797348976135 
vt 0.5759508609771729 0.4108891785144806 
vt 0.5770472288131714 0.43245744705200195 
vt 0.5759508609771729 0.4335479736328125 
vt 0.5975126624107361 0.43245744705200195 
vt 0.5986090302467346 0.4335479736328125 
vt 0.5975126624107361 0.4119797348976135 
vt 0.5986090302467346 0.4108891785144806 
vt 0.2827349603176117 0.48213714361190796 
vt 0.264827698469162 0.48213714361190796 
vt 0.26348769664764404 0.4833488464355469 
vt 0.264827698469162 0.46420398354530334 
vt 0.26348769664764404 0.46287113428115845 
vt 0.28395313024520874 0.46287113428115845 
vt 0.2827349603176117 0.46420398354530334 
vt 0.28395313024520874 0.4833488464355469 
vt 0.7592869400978088 0.29880693554878235 
vt 0.7592869400978088 0.2783292233943939 
vt 0.7525869607925415 0.29880693554878235 
vt 0.7525869607925415 0.2783292233943939 
vt 0.007791719865053892 0.20611189305782318 
vt 0.007791719865053892 0.18575532734394073 
vt 0.001091729965992272 0.20611189305782318 
vt 0.001091729965992272 0.18575532734394073 
vt 0.03191168233752251 0.3068041503429413 
vt 0.011324441991746426 0.3068041503429413 
vt 0.03191168233752251 0.31334733963012695 
vt 0.011324441991746426 0.31334733963012695 
vt 0.06809163093566895 0.32485848665237427 
vt 0.08855705708265305 0.32485848665237427 
vt 0.06809163093566895 0.3183152973651886 
vt 0.08855705708265305 0.3183152973651886 
vt 0.8968194723129272 0.07415775954723358 
vt 0.8968194723129272 0.05149896815419197 
vt 0.8949922323226929 0.07415775954723358 
vt 0.8949922323226929 0.05149896815419197 
vt 0.8968194723129272 0.02387220971286297 
vt 0.8968194723129272 0.0010922499932348728 
vt 0.8949922323226929 0.02387220971286297 
vt 0.8949922323226929 0.0010922499932348728 
vt 0.8968194723129272 0.048954401165246964 
vt 0.8968194723129272 0.026295609772205353 
vt 0.8949922323226929 0.048954401165246964 
vt 0.8949922323226929 0.026295609772205353 
vt 0.35083121061325073 0.010907020419836044 
vt 0.32805123925209045 0.010907020419836044 
vt 0.35083121061325073 0.012724569998681545 
vt 0.32805123925209045 0.012724569998681545 
vt 0.21658776700496674 0.39986270666122437 
vt 0.19392962753772736 0.39986270666122437 
vt 0.21658776700496674 0.42264267802238464 
vt 0.19392962753772736 0.42264267802238464 
vt 0.134116992354393 0.1919350028038025 
vt 0.14398424327373505 0.1919350028038025 
vt 0.134116992354393 0.1884210705757141 
vt 0.14398424327373505 0.1884210705757141 
vt 0.4281856417655945 0.37199363112449646 
vt 0.4381747245788574 0.37199363112449646 
vt 0.4281856417655945 0.36314821243286133 
vt 0.4381747245788574 0.36314821243286133 
vt 0.50383460521698 0.08215498179197311 
vt 0.49396735429763794 0.08215498179197311 
vt 0.50383460521698 0.0856689065694809 
vt 0.49396735429763794 0.0856689065694809 
vt 0.8059432506561279 0.0010922499932348728 
vt 0.7971723675727844 0.004606179893016815 
vt 0.8059432506561279 0.004606179893016815 
vt 0.8610050082206726 0.0449557900428772 
vt 0.8610050082206726 0.03611037880182266 
vt 0.8709940910339355 0.0449557900428772 
vt 0.8709940910339355 0.03611037880182266 
vt 0.3594802916049957 0.3294629454612732 
vt 0.3594802916049957 0.3259490132331848 
vt 0.36825117468833923 0.3294629454612732 
vt 0.39200568199157715 0.3294629454612732 
vt 0.36825117468833923 0.3460632264614105 
vt 0.40077659487724304 0.3259490132331848 
vt 0.40077659487724304 0.3294629454612732 
vt 0.39200568199157715 0.3294629454612732 
vt 0.7645251154899597 0.004606179893016815 
vt 0.773296058177948 0.004606179893016815 
vt 0.7645251154899597 0.0010922499932348728 
vt 0.7971723675727844 0.004606179893016815 
vt 0.8059432506561279 0.0010922499932348728 
vt 0.773296058177948 0.014178610406816006 
vt 0.45413288474082947 0.18987511098384857 
vt 0.45864012837409973 0.18939043581485748 
vt 0.4524274170398712 0.18042385578155518 
vt 0.45864012837409973 0.17279013991355896 
vt 0.1598205864429474 0.19205616414546967 
vt 0.17638783156871796 0.19205616414546967 
vt 0.16761693358421326 0.18575532734394073 
vt 0.17699691653251648 0.1875728815793991 
vt 0.9304412603378296 0.1956912726163864 
vt 0.9339739680290222 0.1956912726163864 
vt 0.9304412603378296 0.18575532734394073 
vt 0.9339739680290222 0.18575532734394073 
vt 0.4160038232803345 0.36314821243286133 
vt 0.4160038232803345 0.37199363112449646 
vt 0.4259929060935974 0.36314821243286133 
vt 0.4259929060935974 0.37199363112449646 
vt 0.20635506510734558 0.1919350028038025 
vt 0.20635506510734558 0.1884210705757141 
vt 0.19636598229408264 0.1919350028038025 
vt 0.19636598229408264 0.1884210705757141 
vt 0.8588122725486755 0.04241121932864189 
vt 0.8588122725486755 0.03368698060512543 
vt 0.8552795648574829 0.04241121932864189 
vt 0.8588122725486755 0.009816490113735199 
vt 0.8552795648574829 0.0010922499932348728 
vt 0.8684359192848206 0.009816490113735199 
vt 0.8684359192848206 0.03368698060512543 
vt 0.40394386649131775 0.36314821243286133 
vt 0.4138111174106598 0.36314821243286133 
vt 0.40394386649131775 0.37199363112449646 
vt 0.4138111174106598 0.37199363112449646 
vt 0.8742831349372864 0.18575532734394073 
vt 0.8778159022331238 0.18575532734394073 
vt 0.8778159022331238 0.1944795697927475 
vt 0.8552795648574829 0.0010922499932348728 
vt 0.8588122725486755 0.009816490113735199 
vt 0.8588122725486755 0.0010922499932348728 
vt 0.45888376235961914 0.15146422386169434 
vt 0.4525492489337921 0.14370934665203094 
vt 0.45888376235961914 0.1348639279603958 
vt 0.4543765187263489 0.13437925279140472 
vt 0.8742831349372864 0.18575532734394073 
vt 0.8778159022331238 0.1944795697927475 
vt 0.8742831349372864 0.2270742952823639 
vt 0.8778159022331238 0.21835005283355713 
vt 0.8778159022331238 0.2270742952823639 
vt 0.8943831324577332 0.1944795697927475 
vt 0.8943831324577332 0.21835005283355713 
vt 0.4235565662384033 0.19035978615283966 
vt 0.41588202118873596 0.1841801255941391 
vt 0.40698930621147156 0.19035978615283966 
vt 0.40638020634651184 0.1858765035867691 
vt 0.934217631816864 0.22198516130447388 
vt 0.934217631816864 0.21580548584461212 
vt 0.9304412603378296 0.22198516130447388 
vt 0.9304412603378296 0.21580548584461212 
vt 0.4490165114402771 0.09196975082159042 
vt 0.44231653213500977 0.09196975082159042 
vt 0.4490165114402771 0.09572602063417435 
vt 0.44231653213500977 0.09572602063417435 
vt 0.8889012932777405 0.19181382656097412 
vt 0.8956013321876526 0.19181382656097412 
vt 0.8889012932777405 0.18563416600227356 
vt 0.8956013321876526 0.18563416600227356 
vt 0.007182629778981209 0.2154419869184494 
vt 0.007182629778981209 0.2086564600467682 
vt 0.001091729965992272 0.2154419869184494 
vt 0.001091729965992272 0.2086564600467682 
vt 0.8702631592750549 0.006302560213953257 
vt 0.8702631592750549 0.0010922499932348728 
vt 0.8631977438926697 0.0010922499932348728 
vt 0.8610050082206726 0.006302560213953257 
vt 0.8610050082206726 0.0010922499932348728 
vt 0.8631977438926697 0.006302560213953257 
vt 0.8631977438926697 0.0010922499932348728 
vt 0.8702631592750549 0.006302560213953257 
vt 0.8171505331993103 0.027022629976272583 
vt 0.8171505331993103 0.02326636016368866 
vt 0.8103287220001221 0.024841569364070892 
vt 0.7855996489524841 0.24900606274604797 
vt 0.7855996489524841 0.24209937453269958 
vt 0.7876705527305603 0.24900606274604797 
vt 0.7892541885375977 0.24209937453269958 
vt 0.14776059985160828 0.18733054399490356 
vt 0.1547042280435562 0.18733054399490356 
vt 0.14776059985160828 0.19254085421562195 
vt 0.1547042280435562 0.19254085421562195 
vt 0.934217631816864 0.20441551506519318 
vt 0.9304412603378296 0.20441551506519318 
vt 0.934217631816864 0.1983570158481598 
vt 0.9304412603378296 0.1983570158481598 
vt 0.7711033225059509 0.010907020419836044 
vt 0.7644033432006836 0.010907020419836044 
vt 0.7711033225059509 0.007150750141590834 
vt 0.7644033432006836 0.007150750141590834 
vt 0.8800085783004761 0.19181382656097412 
vt 0.8800085783004761 0.18575532734394073 
vt 0.8867086172103882 0.19181382656097412 
vt 0.8867086172103882 0.18575532734394073 
vt 0.8033850789070129 0.28596290946006775 
vt 0.8095977902412415 0.28596290946006775 
vt 0.8033850789070129 0.2926272749900818 
vt 0.8095977902412415 0.2926272749900818 
vt 0.4583964943885803 0.11123578250408173 
vt 0.45315831899642944 0.11826363950967789 
vt 0.45315831899642944 0.11123578250408173 
vt 0.45315831899642944 0.11826363950967789 
vt 0.4583964943885803 0.11826363950967789 
vt 0.45315831899642944 0.12044470012187958 
vt 0.4583964943885803 0.12044470012187958 
vt 0.934217631816864 0.23143641650676727 
vt 0.9304412603378296 0.23143641650676727 
vt 0.9325121641159058 0.22465090453624725 
vt 0.9304412603378296 0.22465090453624725 
vt 0.17931146919727325 0.19205616414546967 
vt 0.17931146919727325 0.18514947593212128 
vt 0.18138237297534943 0.19205616414546967 
vt 0.18296600878238678 0.18514947593212128 
vt 0.8199523091316223 0.006302560213953257 
vt 0.8131304979324341 0.006302560213953257 
vt 0.8199523091316223 0.0010922499932348728 
vt 0.8131304979324341 0.0010922499932348728 
vt 0.934217631816864 0.21313974261283875 
vt 0.9304412603378296 0.21313974261283875 
vt 0.934217631816864 0.20708124339580536 
vt 0.9304412603378296 0.20708124339580536 
vt 0.44450923800468445 0.18733054399490356 
vt 0.45120924711227417 0.18733054399490356 
vt 0.44450923800468445 0.1910868138074875 
vt 0.45120924711227417 0.1910868138074875 
vt 0.7657433152198792 0.2565186023712158 
vt 0.7596524357795715 0.2565186023712158 
vt 0.7657433152198792 0.24985426664352417 
vt 0.7596524357795715 0.24985426664352417 
vt 0.8501631617546082 0.24827904999256134 
vt 0.8501631617546082 0.24209937453269958 
vt 0.8568632006645203 0.24827904999256134 
vt 0.8568632006645203 0.24209937453269958 
vt 0.7617233395576477 0.006302560213953257 
vt 0.7546578645706177 0.006302560213953257 
vt 0.7617233395576477 0.0010922499932348728 
vt 0.7546578645706177 0.0010922499932348728 
vt 0.7524651288986206 0.0010922499932348728 
vt 0.7524651288986206 0.006302560213953257 
vt 0.8742831349372864 0.23325397074222565 
vt 0.8742831349372864 0.22949770092964172 
vt 0.8812267780303955 0.23167875409126282 
vt 0.8812267780303955 0.22949770092964172 
vt 0.001091729965992272 0.24355341494083405 
vt 0.001091729965992272 0.23664672672748566 
vt 0.0031626359559595585 0.24355341494083405 
vt 0.004746269900351763 0.23664672672748566 
vt 0.001091729965992272 0.2248932421207428 
vt 0.001091729965992272 0.2179865539073944 
vt 0.006329903844743967 0.2248932421207428 
vt 0.006329903844743967 0.2179865539073944 
vt 0.8837849497795105 0.22683195769786835 
vt 0.8800085783004761 0.22683195769786835 
vt 0.8837849497795105 0.22077345848083496 
vt 0.8800085783004761 0.22077345848083496 
vt 0.7896196246147156 0.016480840742588043 
vt 0.7963196635246277 0.016480840742588043 
vt 0.7896196246147156 0.020115939900279045 
vt 0.7963196635246277 0.020115939900279045 
vt 0.8294541239738464 0.2691202759742737 
vt 0.8294541239738464 0.2629406154155731 
vt 0.8361541032791138 0.2691202759742737 
vt 0.8361541032791138 0.2629406154155731 
vt 0.7650123834609985 0.259063184261322 
vt 0.7650123834609985 0.2652428448200226 
vt 0.7583124041557312 0.259063184261322 
vt 0.7583124041557312 0.2652428448200226 
vt 0.4582746922969818 0.12274692952632904 
vt 0.45303651690483093 0.1297747939825058 
vt 0.45303651690483093 0.12274692952632904 
vt 0.4582746922969818 0.13183468580245972 
vt 0.4582746922969818 0.1297747939825058 
vt 0.45303651690483093 0.13183468580245972 
vt 0.45303651690483093 0.1297747939825058 
vt 0.4582746922969818 0.12274692952632904 
vt 0.004868087824434042 0.23422333598136902 
vt 0.0031626359559595585 0.22731663286685944 
vt 0.001091729965992272 0.23422333598136902 
vt 0.001091729965992272 0.22731663286685944 
vt 0.9304412603378296 0.2407665103673935 
vt 0.9325121641159058 0.2407665103673935 
vt 0.9304412603378296 0.2338598221540451 
vt 0.934217631816864 0.2338598221540451 
vt 0.8529649972915649 0.03392931818962097 
vt 0.8477268218994141 0.03392931818962097 
vt 0.8529649972915649 0.04083601012825966 
vt 0.8477268218994141 0.04083601012825966 
vt 0.7971723675727844 0.004606179893016815 
vt 0.773296058177948 0.014178610406816006 
vt 0.7971723675727844 0.014178610406816006 
vt 0.39200568199157715 0.3294629454612732 
vt 0.39200568199157715 0.3460632264614105 
vt 0.36825117468833923 0.3460632264614105 
vt 0.8171505331993103 0.027022629976272583 
vt 0.8103287220001221 0.024841569364070892 
vt 0.8103287220001221 0.027022629976272583 
vt 0.5080982446670532 0.08494188636541367 
vt 0.5082200765609741 0.07948923856019974 
vt 0.5172346234321594 0.08312433958053589 
vt 0.5262491106987 0.07948923856019974 
vt 0.5263709425926208 0.08494188636541367 
vt 0.4202674627304077 0.0010922499932348728 
vt 0.4200238287448883 0.006544900126755238 
vt 0.43829652667045593 0.0010922499932348728 
vt 0.43866199254989624 0.006544900126755238 
vt 0.45340195298194885 0.10869120806455612 
vt 0.45888376235961914 0.10844887048006058 
vt 0.4551074206829071 0.09960345923900604 
vt 0.45888376235961914 0.09051571041345596 
vt 0.45340195298194885 0.09039454162120819 
vt 0.23656591773033142 0.010907020419836044 
vt 0.2362004667520523 0.016480840742588043 
vt 0.21792776882648468 0.010907020419836044 
vt 0.2182932198047638 0.016480840742588043 
vt 0.32866033911705017 0.46335580945014954 
vt 0.2862676680088043 0.46335580945014954 
vt 0.2862676680088043 0.4540257155895233 
vt 0.2834658622741699 0.010907020419836044 
vt 0.3258585035800934 0.012966910377144814 
vt 0.3258585035800934 0.010907020419836044 
vt 0.3346294164657593 0.9727544784545898 
vt 0.1689569354057312 0.9727544784545898 
vt 0.1689569354057312 0.9542154669761658 
vt 0.35095301270484924 0.9519132375717163 
vt 0.18528054654598236 0.9333742260932922 
vt 0.18528054654598236 0.9519132375717163 
vt 0.9405521750450134 0.5195786952972412 
vt 0.9405521750450134 0.3538181185722351 
vt 0.959190309047699 0.3538181185722351 
vt 0.5046873688697815 0.9542154669761658 
vt 0.6703598499298096 0.9727544784545898 
vt 0.6703598499298096 0.9542154669761658 
vt 0.3531457483768463 0.9333742260932922 
vt 0.5188182592391968 0.9333742260932922 
vt 0.5188182592391968 0.9519132375717163 
vt 0.9798993468284607 0.5056441426277161 
vt 0.961383044719696 0.6712835431098938 
vt 0.9798993468284607 0.6712835431098938 
vt 0.7285888195037842 0.24209937453269958 
vt 0.7503942251205444 0.24209937453269958 
vt 0.7503942251205444 0.3225562572479248 
vt 0.6525744199752808 0.7859103679656982 
vt 0.6307689547538757 0.705574631690979 
vt 0.6307689547538757 0.7859103679656982 
vt 0.49871826171875 0.4823794960975647 
vt 0.49871826171875 0.4563279449939728 
vt 0.5356290936470032 0.4563279449939728 
vt 0.7780469059944153 0.657470166683197 
vt 0.7519778609275818 0.49413296580314636 
vt 0.7519778609275818 0.6573489904403687 
vt 0.011811713688075542 0.06870511174201965 
vt 0.011811713688075542 0.04604632034897804 
vt 0.014126256108283997 0.04604632034897804 
vt 0.2187805026769638 0.041320689022541046 
vt 0.2212168574333191 0.018661899492144585 
vt 0.2187805026769638 0.018661899492144585 
vt 0.5666927099227905 0.301957368850708 
vt 0.5666927099227905 0.2921425998210907 
vt 0.7263960838317871 0.301957368850708 
vt 0.7263960838317871 0.2921425998210907 
vt 0.5666927099227905 0.28244897723197937 
vt 0.7263960838317871 0.28244897723197937 
vt 0.5666927099227905 0.27263420820236206 
vt 0.7263960838317871 0.27263420820236206 
vt 0.5666927099227905 0.2629406154155731 
vt 0.7263960838317871 0.2629406154155731 
vt 0.5666927099227905 0.2531258463859558 
vt 0.7263960838317871 0.2531258463859558 
vt 0.5666927099227905 0.24343225359916687 
vt 0.7263960838317871 0.24343225359916687 
vt 0.5666927099227905 0.23361748456954956 
vt 0.7263960838317871 0.23361748456954956 
vt 0.5666927099227905 0.22380271553993225 
vt 0.7263960838317871 0.22380271553993225 
vt 0.5666927099227905 0.21410910785198212 
vt 0.7263960838317871 0.21410910785198212 
vt 0.5666927099227905 0.2042943388223648 
vt 0.5666927099227905 0.3507888615131378 
vt 0.7263960838317871 0.3606036305427551 
vt 0.5666927099227905 0.3606036305427551 
vt 0.7263960838317871 0.3117721378803253 
vt 0.5666927099227905 0.3117721378803253 
vt 0.7263960838317871 0.32146573066711426 
vt 0.5666927099227905 0.32146573066711426 
vt 0.7263960838317871 0.33128049969673157 
vt 0.5666927099227905 0.33128049969673157 
vt 0.7263960838317871 0.3409740924835205 
vt 0.5666927099227905 0.3409740924835205 
vt 0.7263960838317871 0.3507888615131378 
vt 0.5666927099227905 0.3507888615131378 
vt 0.7263960838317871 0.3606036305427551 
vt 0.5666927099227905 0.2042943388223648 
vt 0.7263960838317871 0.2042943388223648 
vt 0.7263960838317871 0.21410910785198212 
vt 0.4049184024333954 0.301957368850708 
vt 0.5644999742507935 0.301957368850708 
vt 0.4049184024333954 0.2921425998210907 
vt 0.5644999742507935 0.2921425998210907 
vt 0.4049184024333954 0.28244897723197937 
vt 0.5644999742507935 0.28244897723197937 
vt 0.4049184024333954 0.27263420820236206 
vt 0.5644999742507935 0.27263420820236206 
vt 0.4049184024333954 0.2629406154155731 
vt 0.5644999742507935 0.2629406154155731 
vt 0.4049184024333954 0.2531258463859558 
vt 0.5644999742507935 0.2531258463859558 
vt 0.4049184024333954 0.24343225359916687 
vt 0.5644999742507935 0.24343225359916687 
vt 0.4049184024333954 0.23361748456954956 
vt 0.5644999742507935 0.23361748456954956 
vt 0.4049184024333954 0.22380271553993225 
vt 0.5644999742507935 0.22380271553993225 
vt 0.4049184024333954 0.21410910785198212 
vt 0.5644999742507935 0.21410910785198212 
vt 0.4049184024333954 0.2042943388223648 
vt 0.4049184024333954 0.3507888615131378 
vt 0.5644999742507935 0.3606036305427551 
vt 0.4049184024333954 0.3606036305427551 
vt 0.5644999742507935 0.3117721378803253 
vt 0.4049184024333954 0.3117721378803253 
vt 0.5644999742507935 0.32146573066711426 
vt 0.4049184024333954 0.32146573066711426 
vt 0.5644999742507935 0.33128049969673157 
vt 0.4049184024333954 0.33128049969673157 
vt 0.5644999742507935 0.3409740924835205 
vt 0.4049184024333954 0.3409740924835205 
vt 0.5644999742507935 0.3507888615131378 
vt 0.4049184024333954 0.3507888615131378 
vt 0.5644999742507935 0.3606036305427551 
vt 0.4049184024333954 0.2042943388223648 
vt 0.5644999742507935 0.2042943388223648 
vt 0.5644999742507935 0.21410910785198212 
s on 
f 1/1/1 2/2/2 3/3/3 
f 2/2/2 4/4/4 3/3/3 
f 3/3/3 4/4/4 4/4/4 
f 4/4/4 5/5/5 4/4/4 
f 4/4/4 5/5/5 5/5/5 
f 5/5/5 6/6/6 5/5/5 
f 5/5/5 6/6/6 7/7/7 
f 6/6/6 8/8/8 7/7/7 
f 7/7/7 8/8/8 8/8/8 
f 8/8/8 9/9/9 8/8/8 
f 8/8/8 9/9/9 9/9/9 
f 9/9/9 10/10/10 9/9/9 
f 9/9/9 10/10/10 11/11/11 
f 10/10/10 12/12/12 11/11/11 
f 11/11/11 12/12/12 12/12/12 
f 12/12/12 13/13/13 12/12/12 
f 12/12/12 13/13/13 13/13/13 
f 13/13/13 14/14/14 13/13/13 
f 13/13/13 14/14/14 15/15/15 
f 14/14/14 16/16/16 15/15/15 
f 15/15/15 16/16/16 16/16/16 
f 16/16/16 17/17/17 16/16/16 
f 16/16/16 17/17/17 17/17/17 
f 17/17/17 18/18/18 17/17/17 
f 17/17/17 18/18/18 19/19/19 
f 18/18/18 19/19/19 19/19/19 
f 19/19/19 19/19/19 20/20/20 
f 19/19/19 20/20/20 20/20/20 
f 20/20/20 20/20/20 21/21/21 
f 20/20/20 22/22/22 21/21/21 
f 21/21/21 22/22/22 23/23/23 
f 22/22/22 23/23/23 23/23/23 
f 23/23/23 23/23/23 24/24/24 
f 23/23/23 24/24/24 24/24/24 
f 24/24/24 24/24/24 25/25/25 
f 24/24/24 26/26/26 25/25/25 
f 25/25/25 26/26/26 26/26/26 
f 26/26/26 27/27/27 26/26/26 
f 26/26/26 27/27/27 27/27/27 
f 27/27/27 28/28/28 27/27/27 
f 27/27/27 28/28/28 29/29/29 
f 28/28/28 30/30/30 29/29/29 
f 29/29/29 30/30/30 30/30/30 
f 30/30/30 31/31/31 30/30/30 
f 30/30/30 31/31/31 31/31/31 
f 31/31/31 32/32/32 31/31/31 
f 31/31/31 32/32/32 33/33/33 
f 32/32/32 33/33/33 33/33/33 
f 33/33/33 33/33/33 34/34/34 
f 33/33/33 34/34/34 34/34/34 
f 34/34/34 34/34/34 35/35/35 
f 34/34/34 36/36/36 35/35/35 
f 35/35/35 36/36/36 37/37/37 
f 36/36/36 37/37/37 37/37/37 
f 37/37/37 37/37/37 38/38/38 
f 37/37/37 38/38/38 38/38/38 
f 38/38/38 38/38/38 39/39/39 
f 38/38/38 40/40/40 39/39/39 
f 39/39/39 40/40/40 40/40/40 
f 40/40/40 41/41/41 40/40/40 
f 40/40/40 41/41/41 41/41/41 
f 41/41/41 42/42/42 41/41/41 
f 41/41/41 42/42/42 43/43/43 
f 42/42/42 44/44/44 43/43/43 
f 43/43/43 44/44/44 44/44/44 
f 44/44/44 45/45/45 44/44/44 
f 44/44/44 45/45/45 45/45/45 
f 45/45/45 46/46/46 45/45/45 
f 45/45/45 46/46/46 47/47/47 
f 46/46/46 47/47/47 47/47/47 
f 47/47/47 47/47/47 48/48/48 
f 47/47/47 48/48/48 48/48/48 
f 48/48/48 48/48/48 49/49/49 
f 48/48/48 50/50/50 49/49/49 
f 49/49/49 50/50/50 51/51/51 
f 50/50/50 51/51/51 51/51/51 
f 51/51/51 51/51/51 52/52/52 
f 51/51/51 52/52/52 52/52/52 
f 52/52/52 52/52/52 53/53/53 
f 52/52/52 54/54/54 53/53/53 
f 53/53/53 54/54/54 54/54/54 
f 54/54/54 55/55/55 54/54/54 
f 54/54/54 55/55/55 55/55/55 
f 55/55/55 56/56/56 55/55/55 
f 55/55/55 56/56/56 57/57/57 
f 56/56/56 58/58/58 57/57/57 
f 57/57/57 58/58/58 58/58/58 
f 58/58/58 59/59/59 58/58/58 
f 58/58/58 59/59/59 59/59/59 
f 59/59/59 60/60/60 59/59/59 
f 59/59/59 60/60/60 61/61/61 
f 60/60/60 62/62/62 61/61/61 
f 61/61/61 62/62/62 62/62/62 
f 62/62/62 63/63/63 62/62/62 
f 62/62/62 63/63/63 63/63/63 
f 63/63/63 64/64/64 63/63/63 
f 63/63/63 64/64/64 65/65/65 
f 64/64/64 66/66/66 65/65/65 
f 65/65/65 66/66/66 66/66/66 
f 66/66/66 67/67/67 66/66/66 
f 66/66/66 67/67/67 67/67/67 
f 67/67/67 68/68/68 67/67/67 
f 67/67/67 68/68/68 69/69/69 
f 68/68/68 70/70/70 69/69/69 
f 69/69/69 70/70/70 70/70/70 
f 70/70/70 71/71/71 70/70/70 
f 70/70/70 71/71/71 71/71/71 
f 71/71/71 72/72/72 71/71/71 
f 71/71/71 72/72/72 73/73/73 
f 72/72/72 74/74/74 73/73/73 
f 73/73/73 74/74/74 74/74/74 
f 74/74/74 75/75/75 74/74/74 
f 74/74/74 75/75/75 75/75/75 
f 75/75/75 76/76/76 75/75/75 
f 75/75/75 76/76/76 77/77/77 
f 76/76/76 78/78/78 77/77/77 
f 77/77/77 78/78/78 78/78/78 
f 78/78/78 79/79/79 78/78/78 
f 78/78/78 79/79/79 79/79/79 
f 79/79/79 80/80/80 79/79/79 
f 79/79/79 80/80/80 81/81/81 
f 80/80/80 82/82/82 81/81/81 
f 81/81/81 82/82/82 82/82/82 
f 82/82/82 83/83/83 82/82/82 
f 82/82/82 83/83/83 83/83/83 
f 83/83/83 84/84/84 83/83/83 
f 83/83/83 84/84/84 85/85/85 
f 84/84/84 86/86/86 85/85/85 
f 85/85/85 86/86/86 86/86/86 
f 86/86/86 87/87/87 86/86/86 
f 86/86/86 87/87/87 87/87/87 
f 87/87/87 88/88/88 87/87/87 
f 87/87/87 88/88/88 89/89/89 
f 88/88/88 90/90/90 89/89/89 
f 89/89/89 90/90/90 90/90/90 
f 90/90/90 91/91/91 90/90/90 
f 90/90/90 91/91/91 91/91/91 
f 91/91/91 92/92/92 91/91/91 
f 91/91/91 92/92/92 93/93/93 
f 92/92/92 94/94/94 93/93/93 
f 93/93/93 94/94/94 94/94/94 
f 94/94/94 95/95/95 94/94/94 
f 94/94/94 95/95/95 95/95/95 
f 95/95/95 96/96/96 95/95/95 
f 95/95/95 96/96/96 97/97/97 
f 96/96/96 98/98/98 97/97/97 
f 97/97/97 98/98/98 98/98/98 
f 98/98/98 99/99/99 98/98/98 
f 98/98/98 99/99/99 99/99/99 
f 99/99/99 100/100/100 99/99/99 
f 99/99/99 100/100/100 101/101/101 
f 100/100/100 102/102/102 101/101/101 
f 101/101/101 102/102/102 102/102/102 
f 102/102/102 103/103/103 102/102/102 
f 102/102/102 103/103/103 103/103/103 
f 103/103/103 104/104/104 103/103/103 
f 103/103/103 104/104/104 105/105/105 
f 104/104/104 106/106/106 105/105/105 
f 105/105/105 106/106/106 106/106/106 
f 106/106/106 107/107/107 106/106/106 
f 106/106/106 107/107/107 107/107/107 
f 107/107/107 108/108/108 107/107/107 
f 107/107/107 108/108/108 109/109/109 
f 108/108/108 110/110/110 109/109/109 
f 109/109/109 110/110/110 110/110/110 
f 110/110/110 111/111/111 110/110/110 
f 110/110/110 111/111/111 111/111/111 
f 111/111/111 112/112/112 111/111/111 
f 111/111/111 112/112/112 113/113/113 
f 112/112/112 114/114/114 113/113/113 
f 113/113/113 114/114/114 114/114/114 
f 114/114/114 115/115/115 114/114/114 
f 114/114/114 115/115/115 115/115/115 
f 115/115/115 116/116/116 115/115/115 
f 115/115/115 116/116/116 117/117/117 
f 116/116/116 118/118/118 117/117/117 
f 117/117/117 118/118/118 118/118/118 
f 118/118/118 119/119/119 118/118/118 
f 118/118/118 119/119/119 119/119/119 
f 119/119/119 120/120/120 119/119/119 
f 119/119/119 120/120/120 121/121/121 
f 120/120/120 122/122/122 121/121/121 
f 121/121/121 122/122/122 122/122/122 
f 122/122/122 123/123/123 122/122/122 
f 122/122/122 123/123/123 123/123/123 
f 123/123/123 124/124/124 123/123/123 
f 123/123/123 124/124/124 125/125/125 
f 124/124/124 126/126/126 125/125/125 
f 125/125/125 126/126/126 126/126/126 
f 126/126/126 127/127/127 126/126/126 
f 126/126/126 127/127/127 127/127/127 
f 127/127/127 128/128/128 127/127/127 
f 127/127/127 128/128/128 129/129/129 
f 128/128/128 130/130/130 129/129/129 
f 129/129/129 130/130/130 130/130/130 
f 130/130/130 131/131/131 130/130/130 
f 130/130/130 131/131/131 131/131/131 
f 131/131/131 132/132/132 131/131/131 
f 131/131/131 132/132/132 133/133/133 
f 132/132/132 134/134/134 133/133/133 
f 133/133/133 134/134/134 134/134/134 
f 134/134/134 135/135/135 134/134/134 
f 134/134/134 135/135/135 135/135/135 
f 135/135/135 136/136/136 135/135/135 
f 135/135/135 136/136/136 137/137/137 
f 136/136/136 138/138/138 137/137/137 
f 137/137/137 138/138/138 138/138/138 
f 138/138/138 139/139/139 138/138/138 
f 138/138/138 139/139/139 139/139/139 
f 139/139/139 140/140/140 139/139/139 
f 139/139/139 140/140/140 141/141/141 
f 140/140/140 142/142/142 141/141/141 
f 141/141/141 142/142/142 142/142/142 
f 142/142/142 143/143/143 142/142/142 
f 142/142/142 143/143/143 143/143/143 
f 143/143/143 144/144/144 143/143/143 
f 143/143/143 144/144/144 145/145/145 
f 144/144/144 146/146/146 145/145/145 
f 145/145/145 146/146/146 146/146/146 
f 146/146/146 147/147/147 146/146/146 
f 146/146/146 147/147/147 147/147/147 
f 147/147/147 148/148/148 147/147/147 
f 147/147/147 148/148/148 149/149/149 
f 148/148/148 150/150/150 149/149/149 
f 149/149/149 150/150/150 150/150/150 
f 150/150/150 151/151/151 150/150/150 
f 150/150/150 151/151/151 151/151/151 
f 151/151/151 152/152/152 151/151/151 
f 151/151/151 152/152/152 153/153/153 
f 152/152/152 154/154/154 153/153/153 
f 153/153/153 154/154/154 154/154/154 
f 154/154/154 155/155/155 154/154/154 
f 154/154/154 155/155/155 155/155/155 
f 155/155/155 156/156/156 155/155/155 
f 155/155/155 156/156/156 157/157/157 
f 156/156/156 158/158/158 157/157/157 
f 157/157/157 158/158/158 158/158/158 
f 158/158/158 159/159/159 158/158/158 
f 158/158/158 159/159/159 159/159/159 
f 159/159/159 160/160/160 159/159/159 
f 159/159/159 160/160/160 161/161/161 
f 160/160/160 162/162/162 161/161/161 
f 161/161/161 162/162/162 162/162/162 
f 162/162/162 163/163/163 162/162/162 
f 162/162/162 163/163/163 163/163/163 
f 163/163/163 164/164/164 163/163/163 
f 163/163/163 164/164/164 165/165/165 
f 164/164/164 166/166/166 165/165/165 
f 165/165/165 166/166/166 166/166/166 
f 166/166/166 167/167/167 166/166/166 
f 166/166/166 167/167/167 167/167/167 
f 167/167/167 168/168/168 167/167/167 
f 167/167/167 168/168/168 169/169/169 
f 168/168/168 170/170/170 169/169/169 
f 169/169/169 170/170/170 170/170/170 
f 170/170/170 171/171/171 170/170/170 
f 170/170/170 171/171/171 171/171/171 
f 171/171/171 172/172/172 171/171/171 
f 171/171/171 172/172/172 173/173/173 
f 172/172/172 174/174/174 173/173/173 
f 173/173/173 174/174/174 174/174/174 
f 174/174/174 175/175/175 174/174/174 
f 174/174/174 175/175/175 175/175/175 
f 175/175/175 176/176/176 175/175/175 
f 175/175/175 176/176/176 177/177/177 
f 176/176/176 178/178/178 177/177/177 
f 177/177/177 178/178/178 178/178/178 
f 178/178/178 179/179/179 178/178/178 
f 178/178/178 179/179/179 179/179/179 
f 179/179/179 180/180/180 179/179/179 
f 179/179/179 180/180/180 181/181/181 
f 180/180/180 182/182/182 181/181/181 
f 181/181/181 182/182/182 182/182/182 
f 182/182/182 183/183/183 182/182/182 
f 182/182/182 183/183/183 183/183/183 
f 183/183/183 184/184/184 183/183/183 
f 183/183/183 184/184/184 185/185/185 
f 184/184/184 186/186/186 185/185/185 
f 185/185/185 186/186/186 186/186/186 
f 186/186/186 187/187/187 186/186/186 
f 186/186/186 187/187/187 187/187/187 
f 187/187/187 188/188/188 187/187/187 
f 187/187/187 188/188/188 189/189/189 
f 188/188/188 190/190/190 189/189/189 
f 189/189/189 190/190/190 190/190/190 
f 190/190/190 191/191/191 190/190/190 
f 190/190/190 191/191/191 191/191/191 
f 191/191/191 192/192/192 191/191/191 
f 191/191/191 192/192/192 193/193/193 
f 192/192/192 194/194/194 193/193/193 
f 193/193/193 194/194/194 194/194/194 
f 194/194/194 195/195/195 194/194/194 
f 194/194/194 195/195/195 195/195/195 
f 195/195/195 196/196/196 195/195/195 
f 195/195/195 196/196/196 197/197/197 
f 196/196/196 198/198/198 197/197/197 
f 197/197/197 198/198/198 198/198/198 
f 198/198/198 199/199/199 198/198/198 
f 198/198/198 199/199/199 199/199/199 
f 199/199/199 200/200/200 199/199/199 
f 199/199/199 200/200/200 201/201/201 
f 200/200/200 202/202/202 201/201/201 
f 201/201/201 202/202/202 202/202/202 
f 202/202/202 203/203/203 202/202/202 
f 202/202/202 203/203/203 203/203/203 
f 203/203/203 204/204/204 203/203/203 
f 203/203/203 204/204/204 205/205/205 
f 204/204/204 206/206/206 205/205/205 
f 205/205/205 206/206/206 206/206/206 
f 206/206/206 207/207/207 206/206/206 
f 206/206/206 207/207/207 207/207/207 
f 207/207/207 208/208/208 207/207/207 
f 207/207/207 208/208/208 209/209/209 
f 208/208/208 210/210/210 209/209/209 
f 209/209/209 210/210/210 210/210/210 
f 210/210/210 211/211/211 210/210/210 
f 210/210/210 211/211/211 211/211/211 
f 211/211/211 212/212/212 211/211/211 
f 211/211/211 212/212/212 213/213/213 
f 212/212/212 214/214/214 213/213/213 
f 213/213/213 214/214/214 214/214/214 
f 214/214/214 215/215/215 214/214/214 
f 214/214/214 215/215/215 215/215/215 
f 215/215/215 216/216/216 215/215/215 
f 215/215/215 216/216/216 217/217/217 
f 216/216/216 218/218/218 217/217/217 
f 217/217/217 218/218/218 218/218/218 
f 218/218/218 219/219/219 218/218/218 
f 218/218/218 219/219/219 219/219/219 
f 219/219/219 220/220/220 219/219/219 
f 219/219/219 220/220/220 221/221/221 
f 220/220/220 222/222/222 221/221/221 
f 221/221/221 222/222/222 222/222/222 
f 222/222/222 223/223/223 222/222/222 
f 222/222/222 223/223/223 223/223/223 
f 223/223/223 224/224/224 223/223/223 
f 223/223/223 224/224/224 225/225/225 
f 224/224/224 226/226/226 225/225/225 
f 225/225/225 226/226/226 226/226/226 
f 226/226/226 227/227/227 226/226/226 
f 226/226/226 227/227/227 227/227/227 
f 227/227/227 228/228/228 227/227/227 
f 227/227/227 228/228/228 229/229/229 
f 228/228/228 230/230/230 229/229/229 
f 229/229/229 230/230/230 230/230/230 
f 230/230/230 231/231/231 230/230/230 
f 230/230/230 231/231/231 231/231/231 
f 231/231/231 232/232/232 231/231/231 
f 231/231/231 232/232/232 233/233/233 
f 232/232/232 234/234/234 233/233/233 
f 233/233/233 234/234/234 234/234/234 
f 234/234/234 235/235/235 234/234/234 
f 234/234/234 235/235/235 235/235/235 
f 235/235/235 236/236/236 235/235/235 
f 235/235/235 236/236/236 237/237/237 
f 236/236/236 238/238/238 237/237/237 
f 237/237/237 238/238/238 238/238/238 
f 238/238/238 239/239/239 238/238/238 
f 238/238/238 239/239/239 239/239/239 
f 239/239/239 240/240/240 239/239/239 
f 239/239/239 240/240/240 241/241/241 
f 240/240/240 242/242/242 241/241/241 
f 241/241/241 242/242/242 242/242/242 
f 242/242/242 243/243/243 242/242/242 
f 242/242/242 243/243/243 243/243/243 
f 243/243/243 244/244/244 243/243/243 
f 243/243/243 244/244/244 245/245/245 
f 244/244/244 246/246/246 245/245/245 
f 245/245/245 246/246/246 246/246/246 
f 246/246/246 247/247/247 246/246/246 
f 246/246/246 247/247/247 247/247/247 
f 247/247/247 248/248/248 247/247/247 
f 247/247/247 248/248/248 249/249/249 
f 248/248/248 250/250/250 249/249/249 
f 249/249/249 250/250/250 250/250/250 
f 250/250/250 251/251/251 250/250/250 
f 250/250/250 251/251/251 251/251/251 
f 251/251/251 252/252/252 251/251/251 
f 251/251/251 252/252/252 253/253/253 
f 252/252/252 254/254/254 253/253/253 
f 253/253/253 254/254/254 254/254/254 
f 254/254/254 255/255/255 254/254/254 
f 254/254/254 255/255/255 255/255/255 
f 255/255/255 256/256/256 255/255/255 
f 255/255/255 256/256/256 257/257/257 
f 256/256/256 258/258/258 257/257/257 
f 257/257/257 258/258/258 258/258/258 
f 258/258/258 259/259/259 258/258/258 
f 258/258/258 259/259/259 259/259/259 
f 259/259/259 260/260/260 259/259/259 
f 259/259/259 260/260/260 261/261/261 
f 260/260/260 262/262/262 261/261/261 
f 261/261/261 262/262/262 262/262/262 
f 262/262/262 263/263/263 262/262/262 
f 262/262/262 263/263/263 263/263/263 
f 263/263/263 264/264/264 263/263/263 
f 263/263/263 264/264/264 265/265/265 
f 264/264/264 266/266/266 265/265/265 
f 265/265/265 266/266/266 266/266/266 
f 266/266/266 267/267/267 266/266/266 
f 266/266/266 267/267/267 267/267/267 
f 267/267/267 268/268/268 267/267/267 
f 267/267/267 268/268/268 269/269/269 
f 268/268/268 270/270/270 269/269/269 
f 269/269/269 270/270/270 270/270/270 
f 270/270/270 271/271/271 270/270/270 
f 270/270/270 271/271/271 271/271/271 
f 271/271/271 272/272/272 271/271/271 
f 271/271/271 272/272/272 273/273/273 
f 272/272/272 274/274/274 273/273/273 
f 273/273/273 274/274/274 274/274/274 
f 274/274/274 275/275/275 274/274/274 
f 274/274/274 275/275/275 275/275/275 
f 275/275/275 276/276/276 275/275/275 
f 275/275/275 276/276/276 277/277/277 
f 276/276/276 278/278/278 277/277/277 
f 277/277/277 278/278/278 278/278/278 
f 278/278/278 279/279/279 278/278/278 
f 278/278/278 279/279/279 279/279/279 
f 279/279/279 280/280/280 279/279/279 
f 279/279/279 280/280/280 281/281/281 
f 280/280/280 282/282/282 281/281/281 
f 281/281/281 282/282/282 282/282/282 
f 282/282/282 283/283/283 282/282/282 
f 282/282/282 283/283/283 283/283/283 
f 283/283/283 284/284/284 283/283/283 
f 283/283/283 284/284/284 285/285/285 
f 284/284/284 286/286/286 285/285/285 
f 285/285/285 286/286/286 286/286/286 
f 286/286/286 287/287/287 286/286/286 
f 286/286/286 287/287/287 287/287/287 
f 287/287/287 288/288/288 287/287/287 
f 287/287/287 288/288/288 289/289/289 
f 288/288/288 290/290/290 289/289/289 
f 289/289/289 290/290/290 290/290/290 
f 290/290/290 291/291/291 290/290/290 
f 290/290/290 291/291/291 291/291/291 
f 291/291/291 292/292/292 291/291/291 
f 291/291/291 292/292/292 293/293/293 
f 292/292/292 294/294/294 293/293/293 
f 293/293/293 294/294/294 294/294/294 
f 294/294/294 295/295/295 294/294/294 
f 294/294/294 295/295/295 295/295/295 
f 295/295/295 296/296/296 295/295/295 
f 295/295/295 296/296/296 297/297/297 
f 296/296/296 298/298/298 297/297/297 
f 297/297/297 298/298/298 298/298/298 
f 298/298/298 299/299/299 298/298/298 
f 298/298/298 299/299/299 299/299/299 
f 299/299/299 300/300/300 299/299/299 
f 299/299/299 300/300/300 301/301/301 
f 300/300/300 302/302/302 301/301/301 
f 301/301/301 302/302/302 302/302/302 
f 302/302/302 303/303/303 302/302/302 
f 302/302/302 303/303/303 303/303/303 
f 303/303/303 304/304/304 303/303/303 
f 303/303/303 304/304/304 305/305/305 
f 304/304/304 306/306/306 305/305/305 
f 305/305/305 306/306/306 306/306/306 
f 306/306/306 307/307/307 306/306/306 
f 306/306/306 307/307/307 307/307/307 
f 307/307/307 308/308/308 307/307/307 
f 307/307/307 308/308/308 309/309/309 
f 308/308/308 310/310/310 309/309/309 
f 309/309/309 310/310/310 310/310/310 
f 310/310/310 311/311/311 310/310/310 
f 310/310/310 311/311/311 311/311/311 
f 311/311/311 312/312/312 311/311/311 
f 311/311/311 312/312/312 313/313/313 
f 312/312/312 314/314/314 313/313/313 
f 313/313/313 314/314/314 314/314/314 
f 314/314/314 315/315/315 314/314/314 
f 314/314/314 315/315/315 315/315/315 
f 315/315/315 316/316/316 315/315/315 
f 315/315/315 316/316/316 317/317/317 
f 316/316/316 318/318/318 317/317/317 
f 317/317/317 318/318/318 318/318/318 
f 318/318/318 319/319/319 318/318/318 
f 318/318/318 319/319/319 319/319/319 
f 319/319/319 320/320/320 319/319/319 
f 319/319/319 320/320/320 321/321/321 
f 320/320/320 322/322/322 321/321/321 
f 321/321/321 322/322/322 322/322/322 
f 322/322/322 323/323/323 322/322/322 
f 322/322/322 323/323/323 323/323/323 
f 323/323/323 324/324/324 323/323/323 
f 323/323/323 324/324/324 325/325/325 
f 324/324/324 326/326/326 325/325/325 
f 325/325/325 326/326/326 326/326/326 
f 326/326/326 327/327/327 326/326/326 
f 326/326/326 327/327/327 327/327/327 
f 327/327/327 328/328/328 327/327/327 
f 327/327/327 328/328/328 329/329/329 
f 328/328/328 330/330/330 329/329/329 
f 329/329/329 330/330/330 330/330/330 
f 330/330/330 331/331/331 330/330/330 
f 330/330/330 331/331/331 331/331/331 
f 331/331/331 332/332/332 331/331/331 
f 331/331/331 332/332/332 333/333/333 
f 332/332/332 334/334/334 333/333/333 
f 333/333/333 334/334/334 335/335/335 
f 334/334/334 336/336/336 335/335/335 
f 335/335/335 336/336/336 336/336/336 
f 336/336/336 333/333/333 336/336/336 
f 336/336/336 333/333/333 333/333/333 
f 333/333/333 335/335/335 333/333/333 
f 333/333/333 335/335/335 337/337/337 
f 335/335/335 338/338/338 337/337/337 
f 337/337/337 338/338/338 339/339/339 
f 338/338/338 338/338/338 339/339/339 
f 339/339/339 338/338/338 340/340/340 
f 338/338/338 338/338/338 340/340/340 
f 340/340/340 338/338/338 341/341/341 
f 338/338/338 338/338/338 341/341/341 
f 341/341/341 338/338/338 342/342/342 
f 338/338/338 338/338/338 342/342/342 
f 342/342/342 338/338/338 343/343/343 
f 338/338/338 335/335/335 343/343/343 
f 343/343/343 335/335/335 343/343/343 
f 335/335/335 336/336/336 343/343/343 
f 343/343/343 336/336/336 344/344/344 
f 336/336/336 344/344/344 344/344/344 
f 344/344/344 344/344/344 345/345/345 
f 344/344/344 345/345/345 345/345/345 
f 345/345/345 345/345/345 346/346/346 
f 345/345/345 347/347/347 346/346/346 
f 346/346/346 347/347/347 346/346/346 
f 347/347/347 348/348/348 346/346/346 
f 346/346/346 348/348/348 346/346/346 
f 348/348/348 349/349/349 346/346/346 
f 346/346/346 349/349/349 350/350/350 
f 349/349/349 351/351/351 350/350/350 
f 350/350/350 351/351/351 352/352/352 
f 351/351/351 352/352/352 352/352/352 
f 352/352/352 352/352/352 353/353/353 
f 352/352/352 353/353/353 353/353/353 
f 353/353/353 353/353/353 354/354/354 
f 353/353/353 355/355/355 354/354/354 
f 354/354/354 355/355/355 356/356/356 
f 355/355/355 357/357/357 356/356/356 
f 356/356/356 357/357/357 356/356/356 
f 357/357/357 351/351/351 356/356/356 
f 356/356/356 351/351/351 356/356/356 
f 351/351/351 349/349/349 356/356/356 
f 356/356/356 349/349/349 358/358/358 
f 349/349/349 348/348/348 358/358/358 
f 358/358/358 348/348/348 348/348/348 
f 348/348/348 358/358/358 348/348/348 
f 348/348/348 358/358/358 358/358/358 
f 358/358/358 354/354/354 358/358/358 
f 358/358/358 354/354/354 356/356/356 
f 354/354/354 356/356/356 356/356/356 
f 356/356/356 356/356/356 359/359/359 
f 356/356/356 359/359/359 359/359/359 
f 359/359/359 359/359/359 360/360/360 
f 359/359/359 361/361/361 360/360/360 
f 360/360/360 361/361/361 362/362/362 
f 361/361/361 363/363/363 362/362/362 
f 362/362/362 363/363/363 364/364/364 
f 363/363/363 365/365/365 364/364/364 
f 364/364/364 365/365/365 364/364/364 
f 365/365/365 366/366/366 364/364/364 
f 364/364/364 366/366/366 364/364/364 
f 366/366/366 367/367/367 364/364/364 
f 364/364/364 367/367/367 364/364/364 
f 367/367/367 368/368/368 364/364/364 
f 364/364/364 368/368/368 362/362/362 
f 368/368/368 368/368/368 362/362/362 
f 362/362/362 368/368/368 360/360/360 
f 368/368/368 369/369/369 360/360/360 
f 360/360/360 369/369/369 369/369/369 
f 369/369/369 363/363/363 369/369/369 
f 369/369/369 363/363/363 363/363/363 
f 363/363/363 370/370/370 363/363/363 
f 363/363/363 370/370/370 365/365/365 
f 370/370/370 365/365/365 365/365/365 
f 365/365/365 365/365/365 371/371/371 
f 365/365/365 371/371/371 371/371/371 
f 371/371/371 371/371/371 372/372/372 
f 371/371/371 373/373/373 372/372/372 
f 372/372/372 373/373/373 374/374/374 
f 373/373/373 375/375/375 374/374/374 
f 374/374/374 375/375/375 376/376/376 
f 375/375/375 375/375/375 376/376/376 
f 376/376/376 375/375/375 377/377/377 
f 375/375/375 375/375/375 377/377/377 
f 377/377/377 375/375/375 378/378/378 
f 375/375/375 375/375/375 378/378/378 
f 378/378/378 375/375/375 379/379/379 
f 375/375/375 380/380/380 379/379/379 
f 379/379/379 380/380/380 381/381/381 
f 380/380/380 381/381/381 381/381/381 
f 381/381/381 381/381/381 374/374/374 
f 381/381/381 374/374/374 374/374/374 
f 374/374/374 374/374/374 372/372/372 
f 374/374/374 376/376/376 372/372/372 
f 372/372/372 376/376/376 382/382/382 
f 376/376/376 382/382/382 382/382/382 
f 382/382/382 382/382/382 373/373/373 
f 382/382/382 373/373/373 373/373/373 
f 373/373/373 373/373/373 375/375/375 
f 373/373/373 380/380/380 375/375/375 
f 375/375/375 380/380/380 380/380/380 
f 380/380/380 383/383/383 380/380/380 
f 380/380/380 383/383/383 383/383/383 
f 383/383/383 384/384/384 383/383/383 
f 383/383/383 384/384/384 385/385/385 
f 384/384/384 386/386/386 385/385/385 
f 385/385/385 386/386/386 386/386/386 
f 386/386/386 387/387/387 386/386/386 
f 386/386/386 387/387/387 387/387/387 
f 387/387/387 388/388/388 387/387/387 
f 387/387/387 388/388/388 389/389/389 
f 388/388/388 390/390/390 389/389/389 
f 389/389/389 390/390/390 391/391/391 
f 390/390/390 392/392/392 391/391/391 
f 391/391/391 392/392/392 392/392/392 
f 392/392/392 393/393/393 392/392/392 
f 392/392/392 393/393/393 393/393/393 
f 393/393/393 394/394/394 393/393/393 
f 393/393/393 394/394/394 395/395/395 
f 394/394/394 396/396/396 395/395/395 
f 395/395/395 396/396/396 396/396/396 
f 396/396/396 397/397/397 396/396/396 
f 396/396/396 397/397/397 397/397/397 
f 397/397/397 398/398/398 397/397/397 
f 397/397/397 398/398/398 399/399/399 
f 398/398/398 400/400/400 399/399/399 
f 399/399/399 400/400/400 401/401/401 
f 400/400/400 402/402/402 401/401/401 
f 401/401/401 402/402/402 402/402/402 
f 402/402/402 403/403/403 402/402/402 
f 402/402/402 403/403/403 403/403/403 
f 403/403/403 404/404/404 403/403/403 
f 403/403/403 404/404/404 405/405/405 
f 404/404/404 406/406/406 405/405/405 
f 405/405/405 406/406/406 405/405/405 
f 406/406/406 407/407/407 405/405/405 
f 405/405/405 407/407/407 408/408/408 
f 407/407/407 409/409/409 408/408/408 
f 408/408/408 409/409/409 410/410/410 
f 409/409/409 410/410/410 410/410/410 
f 410/410/410 410/410/410 411/411/411 
f 410/410/410 411/411/411 411/411/411 
f 411/411/411 411/411/411 412/412/412 
f 411/411/411 413/413/413 412/412/412 
f 412/412/412 413/413/413 414/414/414 
f 413/413/413 414/414/414 414/414/414 
f 414/414/414 414/414/414 415/415/415 
f 414/414/414 415/415/415 415/415/415 
f 415/415/415 415/415/415 416/416/416 
f 415/415/415 417/417/417 416/416/416 
f 416/416/416 417/417/417 416/416/416 
f 417/417/417 418/418/418 416/416/416 
f 416/416/416 418/418/418 419/419/419 
f 418/418/418 420/420/420 419/419/419 
f 419/419/419 420/420/420 419/419/419 
f 420/420/420 421/421/421 419/419/419 
f 419/419/419 421/421/421 422/422/422 
f 421/421/421 422/422/422 422/422/422 
f 422/422/422 422/422/422 423/423/423 
f 422/422/422 423/423/423 423/423/423 
f 423/423/423 423/423/423 424/424/424 
f 423/423/423 425/425/425 424/424/424 
f 424/424/424 425/425/425 426/426/426 
f 425/425/425 425/425/425 426/426/426 
f 426/426/426 425/425/425 427/427/427 
f 425/425/425 425/425/425 427/427/427 
f 427/427/427 425/425/425 428/428/428 
f 425/425/425 425/425/425 428/428/428 
f 428/428/428 425/425/425 429/429/429 
f 425/425/425 430/430/430 429/429/429 
f 429/429/429 430/430/430 431/431/431 
f 430/430/430 432/432/432 431/431/431 
f 431/431/431 432/432/432 433/433/433 
f 432/432/432 433/433/433 433/433/433 
f 433/433/433 433/433/433 425/425/425 
f 433/433/433 425/425/425 425/425/425 
f 425/425/425 425/425/425 430/430/430 
f 425/425/425 423/423/423 430/430/430 
f 430/430/430 423/423/423 432/432/432 
f 423/423/423 434/434/434 432/432/432 
f 432/432/432 434/434/434 434/434/434 
f 434/434/434 435/435/435 434/434/434 
f 434/434/434 435/435/435 435/435/435 
f 435/435/435 436/436/436 435/435/435 
f 435/435/435 436/436/436 437/437/437 
f 436/436/436 438/438/438 437/437/437 
f 437/437/437 438/438/438 438/438/438 
f 438/438/438 439/439/439 438/438/438 
f 438/438/438 439/439/439 439/439/439 
f 439/439/439 440/440/440 439/439/439 
f 439/439/439 440/440/440 441/441/441 
f 440/440/440 442/442/442 441/441/441 
f 441/441/441 442/442/442 443/443/443 
f 442/442/442 444/444/444 443/443/443 
f 443/443/443 444/444/444 445/445/445 
f 444/444/444 444/444/444 445/445/445 
f 445/445/445 444/444/444 446/446/446 
f 444/444/444 447/447/447 446/446/446 
f 446/446/446 447/447/447 448/448/448 
f 447/447/447 448/448/448 448/448/448 
f 448/448/448 448/448/448 440/440/440 
f 448/448/448 440/440/440 440/440/440 
f 440/440/440 440/440/440 442/442/442 
f 440/440/440 449/449/449 442/442/442 
f 442/442/442 449/449/449 442/442/442 
f 449/449/449 450/450/450 442/442/442 
f 442/442/442 450/450/450 442/442/442 
f 450/450/450 447/447/447 442/442/442 
f 442/442/442 447/447/447 444/444/444 
f 447/447/447 444/444/444 444/444/444 
f 444/444/444 444/444/444 451/451/451 
f 444/444/444 451/451/451 451/451/451 
f 451/451/451 451/451/451 452/452/452 
f 451/451/451 453/453/453 452/452/452 
f 452/452/452 453/453/453 452/452/452 
f 453/453/453 454/454/454 452/452/452 
f 452/452/452 454/454/454 455/455/455 
f 454/454/454 456/456/456 455/455/455 
f 455/455/455 456/456/456 456/456/456 
f 456/456/456 457/457/457 456/456/456 
f 456/456/456 457/457/457 457/457/457 
f 457/457/457 458/458/458 457/457/457 
f 457/457/457 458/458/458 459/459/459 
f 458/458/458 460/460/460 459/459/459 
f 459/459/459 460/460/460 459/459/459 
f 460/460/460 461/461/461 459/459/459 
f 459/459/459 461/461/461 462/462/462 
f 461/461/461 462/462/462 462/462/462 
f 462/462/462 462/462/462 463/463/463 
f 462/462/462 463/463/463 463/463/463 
f 463/463/463 463/463/463 464/464/464 
f 463/463/463 465/465/465 464/464/464 
f 464/464/464 465/465/465 466/466/466 
f 465/465/465 467/467/467 466/466/466 
f 466/466/466 467/467/467 466/466/466 
f 467/467/467 468/468/468 466/466/466 
f 466/466/466 468/468/468 469/469/469 
f 468/468/468 468/468/468 469/469/469 
f 469/469/469 468/468/468 470/470/470 
f 468/468/468 468/468/468 470/470/470 
f 470/470/470 468/468/468 471/471/471 
f 468/468/468 468/468/468 471/471/471 
f 471/471/471 468/468/468 472/472/472 
f 468/468/468 468/468/468 472/472/472 
f 472/472/472 468/468/468 473/473/473 
f 468/468/468 467/467/467 473/473/473 
f 473/473/473 467/467/467 467/467/467 
f 467/467/467 466/466/466 467/467/467 
f 467/467/467 466/466/466 466/466/466 
f 466/466/466 469/469/469 466/466/466 
f 466/466/466 469/469/469 464/464/464 
f 469/469/469 474/474/474 464/464/464 
f 464/464/464 474/474/474 474/474/474 
f 474/474/474 475/475/475 474/474/474 
f 474/474/474 475/475/475 475/475/475 
f 475/475/475 476/476/476 475/475/475 
f 475/475/475 476/476/476 477/477/477 
f 476/476/476 476/476/476 477/477/477 
f 477/477/477 476/476/476 478/478/478 
f 476/476/476 476/476/476 478/478/478 
f 478/478/478 476/476/476 479/479/479 
f 476/476/476 480/480/480 479/479/479 
f 479/479/479 480/480/480 480/480/480 
f 480/480/480 481/481/481 480/480/480 
f 480/480/480 481/481/481 481/481/481 
f 481/481/481 482/482/482 481/481/481 
f 481/481/481 482/482/482 483/483/483 
f 482/482/482 484/484/484 483/483/483 
f 483/483/483 484/484/484 485/485/485 
f 484/484/484 486/486/486 485/485/485 
f 485/485/485 486/486/486 485/485/485 
f 486/486/486 487/487/487 485/485/485 
f 485/485/485 487/487/487 488/488/488 
f 487/487/487 489/489/489 488/488/488 
f 488/488/488 489/489/489 489/489/489 
f 489/489/489 486/486/486 489/489/489 
f 489/489/489 486/486/486 486/486/486 
f 486/486/486 484/484/484 486/486/486 
f 486/486/486 484/484/484 490/490/490 
f 484/484/484 482/482/482 490/490/490 
f 490/490/490 482/482/482 482/482/482 
f 482/482/482 483/483/483 482/482/482 
f 482/482/482 483/483/483 483/483/483 
f 483/483/483 485/485/485 483/483/483 
f 483/483/483 485/485/485 491/491/491 
f 485/485/485 485/485/485 491/491/491 
f 491/491/491 485/485/485 492/492/492 
f 485/485/485 488/488/488 492/492/492 
f 492/492/492 488/488/488 488/488/488 
f 488/488/488 493/493/493 488/488/488 
f 488/488/488 493/493/493 493/493/493 
f 493/493/493 494/494/494 493/493/493 
f 493/493/493 494/494/494 495/495/495 
f 494/494/494 496/496/496 495/495/495 
f 495/495/495 496/496/496 495/495/495 
f 496/496/496 497/497/497 495/495/495 
f 495/495/495 497/497/497 498/498/498 
f 497/497/497 498/498/498 498/498/498 
f 498/498/498 498/498/498 499/499/499 
f 498/498/498 499/499/499 499/499/499 
f 499/499/499 499/499/499 500/500/500 
f 499/499/499 501/501/501 500/500/500 
f 500/500/500 501/501/501 502/502/502 
f 501/501/501 503/503/503 502/502/502 
f 502/502/502 503/503/503 502/502/502 
f 503/503/503 504/504/504 502/502/502 
f 502/502/502 504/504/504 502/502/502 
f 504/504/504 505/505/505 502/502/502 
f 502/502/502 505/505/505 506/506/506 
f 505/505/505 507/507/507 506/506/506 
f 506/506/506 507/507/507 508/508/508 
f 507/507/507 509/509/509 508/508/508 
f 508/508/508 509/509/509 510/510/510 
f 509/509/509 511/511/511 510/510/510 
f 510/510/510 511/511/511 511/511/511 
f 511/511/511 502/502/502 511/511/511 
f 511/511/511 502/502/502 502/502/502 
f 502/502/502 506/506/506 502/502/502 
f 502/502/502 506/506/506 500/500/500 
f 506/506/506 506/506/506 500/500/500 
f 500/500/500 506/506/506 512/512/512 
f 506/506/506 508/508/508 512/512/512 
f 512/512/512 508/508/508 513/513/513 
f 508/508/508 510/510/510 513/513/513 
f 513/513/513 510/510/510 514/514/514 
f 510/510/510 515/515/515 514/514/514 
f 514/514/514 515/515/515 516/516/516 
f 515/515/515 515/515/515 516/516/516 
f 516/516/516 515/515/515 517/517/517 
f 515/515/515 518/518/518 517/517/517 
f 517/517/517 518/518/518 519/519/519 
f 518/518/518 520/520/520 519/519/519 
f 519/519/519 520/520/520 521/521/521 
f 520/520/520 520/520/520 521/521/521 
f 521/521/521 520/520/520 522/522/522 
f 520/520/520 523/523/523 522/522/522 
f 522/522/522 523/523/523 524/524/524 
f 523/523/523 524/524/524 524/524/524 
f 524/524/524 524/524/524 510/510/510 
f 524/524/524 510/510/510 510/510/510 
f 510/510/510 510/510/510 515/515/515 
f 510/510/510 511/511/511 515/515/515 
f 515/515/515 511/511/511 515/515/515 
f 511/511/511 525/525/525 515/515/515 
f 515/515/515 525/525/525 518/518/518 
f 525/525/525 525/525/525 518/518/518 
f 518/518/518 525/525/525 520/520/520 
f 525/525/525 523/523/523 520/520/520 
f 520/520/520 523/523/523 523/523/523 
f 523/523/523 526/526/526 523/523/523 
f 523/523/523 526/526/526 526/526/526 
f 526/526/526 527/527/527 526/526/526 
f 526/526/526 527/527/527 528/528/528 
f 527/527/527 527/527/527 528/528/528 
f 528/528/528 527/527/527 529/529/529 
f 527/527/527 530/530/530 529/529/529 
f 529/529/529 530/530/530 531/531/531 
f 530/530/530 532/532/532 531/531/531 
f 531/531/531 532/532/532 533/533/533 
f 532/532/532 532/532/532 533/533/533 
f 533/533/533 532/532/532 534/534/534 
f 532/532/532 535/535/535 534/534/534 
f 534/534/534 535/535/535 536/536/536 
f 535/535/535 537/537/537 536/536/536 
f 536/536/536 537/537/537 536/536/536 
f 537/537/537 538/538/538 536/536/536 
f 536/536/536 538/538/538 539/539/539 
f 538/538/538 538/538/538 539/539/539 
f 539/539/539 538/538/538 540/540/540 
f 538/538/538 541/541/541 540/540/540 
f 540/540/540 541/541/541 541/541/541 
f 541/541/541 542/542/542 541/541/541 
f 541/541/541 542/542/542 542/542/542 
f 542/542/542 543/543/543 542/542/542 
f 542/542/542 543/543/543 544/544/544 
f 543/543/543 545/545/545 544/544/544 
f 544/544/544 545/545/545 546/546/546 
f 545/545/545 547/547/547 546/546/546 
f 546/546/546 547/547/547 548/548/548 
f 547/547/547 549/549/549 548/548/548 
f 548/548/548 549/549/549 548/548/548 
f 549/549/549 550/550/550 548/548/548 
f 548/548/548 550/550/550 551/551/551 
f 550/550/550 552/552/552 551/551/551 
f 551/551/551 552/552/552 553/553/553 
f 552/552/552 552/552/552 553/553/553 
f 553/553/553 552/552/552 554/554/554 
f 552/552/552 555/555/555 554/554/554 
f 554/554/554 555/555/555 554/554/554 
f 555/555/555 556/556/556 554/554/554 
f 554/554/554 556/556/556 557/557/557 
f 556/556/556 557/557/557 557/557/557 
f 557/557/557 557/557/557 558/558/558 
f 557/557/557 558/558/558 558/558/558 
f 558/558/558 558/558/558 559/559/559 
f 558/558/558 560/560/560 559/559/559 
f 559/559/559 560/560/560 561/561/561 
f 560/560/560 562/562/562 561/561/561 
f 561/561/561 562/562/562 563/563/563 
f 562/562/562 564/564/564 563/563/563 
f 563/563/563 564/564/564 563/563/563 
f 564/564/564 565/565/565 563/563/563 
f 563/563/563 565/565/565 566/566/566 
f 565/565/565 565/565/565 566/566/566 
f 566/566/566 565/565/565 567/567/567 
f 565/565/565 568/568/568 567/567/567 
f 567/567/567 568/568/568 569/569/569 
f 568/568/568 570/570/570 569/569/569 
f 569/569/569 570/570/570 571/571/571 
f 570/570/570 572/572/572 571/571/571 
f 571/571/571 572/572/572 571/571/571 
f 572/572/572 573/573/573 571/571/571 
f 571/571/571 573/573/573 574/574/574 
f 573/573/573 575/575/575 574/574/574 
f 574/574/574 575/575/575 576/576/576 
f 575/575/575 577/577/577 576/576/576 
f 576/576/576 577/577/577 576/576/576 
f 577/577/577 578/578/578 576/576/576 
f 576/576/576 578/578/578 579/579/579 
f 578/578/578 580/580/580 579/579/579 
f 579/579/579 580/580/580 579/579/579 
f 580/580/580 581/581/581 579/579/579 
f 579/579/579 581/581/581 579/579/579 
f 581/581/581 582/582/582 579/579/579 
f 579/579/579 582/582/582 576/576/576 
f 582/582/582 582/582/582 576/576/576 
f 576/576/576 582/582/582 574/574/574 
f 582/582/582 582/582/582 574/574/574 
f 574/574/574 582/582/582 571/571/571 
f 582/582/582 583/583/583 571/571/571 
f 571/571/571 583/583/583 569/569/569 
f 583/583/583 569/569/569 569/569/569 
f 569/569/569 569/569/569 559/559/559 
f 569/569/569 559/559/559 559/559/559 
f 559/559/559 559/559/559 584/584/584 
f 559/559/559 561/561/561 584/584/584 
f 584/584/584 561/561/561 585/585/585 
f 561/561/561 563/563/563 585/585/585 
f 585/585/585 563/563/563 566/566/566 
f 563/563/563 566/566/566 566/566/566 
f 566/566/566 566/566/566 564/564/564 
f 566/566/566 564/564/564 564/564/564 
f 564/564/564 564/564/564 586/586/586 
f 564/564/564 562/562/562 586/586/586 
f 586/586/586 562/562/562 562/562/562 
f 562/562/562 581/581/581 562/562/562 
f 562/562/562 581/581/581 581/581/581 
f 581/581/581 587/587/587 581/581/581 
f 581/581/581 587/587/587 582/582/582 
f 587/587/587 587/587/587 582/582/582 
f 582/582/582 587/587/587 583/583/583 
f 587/587/587 588/588/588 583/583/583 
f 583/583/583 588/588/588 583/583/583 
f 588/588/588 589/589/589 583/583/583 
f 583/583/583 589/589/589 583/583/583 
f 589/589/589 590/590/590 583/583/583 
f 583/583/583 590/590/590 569/569/569 
f 590/590/590 590/590/590 569/569/569 
f 569/569/569 590/590/590 567/567/567 
f 590/590/590 591/591/591 567/567/567 
f 567/567/567 591/591/591 566/566/566 
f 591/591/591 591/591/591 566/566/566 
f 566/566/566 591/591/591 585/585/585 
f 591/591/591 591/591/591 585/585/585 
f 585/585/585 591/591/591 584/584/584 
f 591/591/591 591/591/591 584/584/584 
f 584/584/584 591/591/591 592/592/592 
f 591/591/591 590/590/590 592/592/592 
f 592/592/592 590/590/590 589/589/589 
f 590/590/590 589/589/589 589/589/589 
f 589/589/589 589/589/589 593/593/593 
f 589/589/589 593/593/593 593/593/593 
f 593/593/593 593/593/593 594/594/594 
f 593/593/593 595/595/595 594/594/594 
f 594/594/594 595/595/595 594/594/594 
f 595/595/595 596/596/596 594/594/594 
f 594/594/594 596/596/596 597/597/597 
f 596/596/596 598/598/598 597/597/597 
f 597/597/597 598/598/598 598/598/598 
f 598/598/598 599/599/599 598/598/598 
f 598/598/598 599/599/599 599/599/599 
f 599/599/599 600/600/600 599/599/599 
f 599/599/599 600/600/600 601/601/601 
f 600/600/600 602/602/602 601/601/601 
f 601/601/601 602/602/602 602/602/602 
f 602/602/602 603/603/603 602/602/602 
f 602/602/602 603/603/603 603/603/603 
f 603/603/603 604/604/604 603/603/603 
f 603/603/603 604/604/604 605/605/605 
f 604/604/604 606/606/606 605/605/605 
f 605/605/605 606/606/606 606/606/606 
f 606/606/606 607/607/607 606/606/606 
f 606/606/606 607/607/607 607/607/607 
f 607/607/607 608/608/608 607/607/607 
f 607/607/607 608/608/608 609/609/609 
f 608/608/608 610/610/610 609/609/609 
f 609/609/609 610/610/610 610/610/610 
f 610/610/610 611/611/611 610/610/610 
f 610/610/610 611/611/611 611/611/611 
f 611/611/611 612/612/612 611/611/611 
f 611/611/611 612/612/612 613/613/613 
f 612/612/612 614/614/614 613/613/613 
f 613/613/613 614/614/614 614/614/614 
f 614/614/614 615/615/615 614/614/614 
f 614/614/614 615/615/615 615/615/615 
f 615/615/615 616/616/616 615/615/615 
f 615/615/615 616/616/616 617/617/617 
f 616/616/616 618/618/618 617/617/617 
f 617/617/617 618/618/618 619/619/619 
f 618/618/618 620/620/620 619/619/619 
f 619/619/619 620/620/620 619/619/619 
f 620/620/620 621/621/621 619/619/619 
f 619/619/619 621/621/621 622/622/622 
f 621/621/621 623/623/623 622/622/622 
f 622/622/622 623/623/623 624/624/624 
f 623/623/623 625/625/625 624/624/624 
f 624/624/624 625/625/625 626/626/626 
f 625/625/625 627/627/627 626/626/626 
f 626/626/626 627/627/627 628/628/628 
f 627/627/627 628/628/628 628/628/628 
f 628/628/628 628/628/628 629/629/629 
f 628/628/628 629/629/629 629/629/629 
f 629/629/629 629/629/629 630/630/630 
f 629/629/629 631/631/631 630/630/630 
f 630/630/630 631/631/631 630/630/630 
f 631/631/631 632/632/632 630/630/630 
f 630/630/630 632/632/632 633/633/633 
f 632/632/632 634/634/634 633/633/633 
f 633/633/633 634/634/634 633/633/633 
f 634/634/634 635/635/635 633/633/633 
f 633/633/633 635/635/635 636/636/636 
f 635/635/635 635/635/635 636/636/636 
f 636/636/636 635/635/635 637/637/637 
f 635/635/635 638/638/638 637/637/637 
f 637/637/637 638/638/638 639/639/639 
f 638/638/638 640/640/640 639/639/639 
f 639/639/639 640/640/640 639/639/639 
f 640/640/640 641/641/641 639/639/639 
f 639/639/639 641/641/641 642/642/642 
f 641/641/641 642/642/642 642/642/642 
f 642/642/642 642/642/642 643/643/643 
f 642/642/642 643/643/643 643/643/643 
f 643/643/643 643/643/643 644/644/644 
f 643/643/643 645/645/645 644/644/644 
f 644/644/644 645/645/645 646/646/646 
f 645/645/645 645/645/645 646/646/646 
f 646/646/646 645/645/645 647/647/647 
f 645/645/645 648/648/648 647/647/647 
f 647/647/647 648/648/648 649/649/649 
f 648/648/648 650/650/650 649/649/649 
f 649/649/649 650/650/650 651/651/651 
f 650/650/650 652/652/652 651/651/651 
f 651/651/651 652/652/652 653/653/653 
f 652/652/652 652/652/652 653/653/653 
f 653/653/653 652/652/652 654/654/654 
f 652/652/652 655/655/655 654/654/654 
f 654/654/654 655/655/655 655/655/655 
f 655/655/655 645/645/645 655/655/655 
f 655/655/655 645/645/645 645/645/645 
f 645/645/645 656/656/656 645/645/645 
f 645/645/645 656/656/656 648/648/648 
f 656/656/656 648/648/648 648/648/648 
f 648/648/648 648/648/648 657/657/657 
f 648/648/648 657/657/657 657/657/657 
f 657/657/657 657/657/657 658/658/658 
f 657/657/657 659/659/659 658/658/658 
f 658/658/658 659/659/659 659/659/659 
f 659/659/659 660/660/660 659/659/659 
f 659/659/659 660/660/660 660/660/660 
f 660/660/660 661/661/661 660/660/660 
f 660/660/660 661/661/661 662/662/662 
f 661/661/661 662/662/662 662/662/662 
f 662/662/662 662/662/662 663/663/663 
f 662/662/662 663/663/663 663/663/663 
f 663/663/663 663/663/663 664/664/664 
f 663/663/663 665/665/665 664/664/664 
f 664/664/664 665/665/665 666/666/666 
f 665/665/665 666/666/666 666/666/666 
f 666/666/666 666/666/666 667/667/667 
f 666/666/666 667/667/667 667/667/667 
f 667/667/667 667/667/667 668/668/668 
f 667/667/667 669/669/669 668/668/668 
f 668/668/668 669/669/669 670/670/670 
f 669/669/669 670/670/670 670/670/670 
f 670/670/670 670/670/670 671/671/671 
f 670/670/670 671/671/671 671/671/671 
f 671/671/671 671/671/671 672/672/672 
f 671/671/671 673/673/673 672/672/672 
f 672/672/672 673/673/673 674/674/674 
f 673/673/673 674/674/674 674/674/674 
f 674/674/674 674/674/674 675/675/675 
f 674/674/674 675/675/675 675/675/675 
f 675/675/675 675/675/675 676/676/676 
f 675/675/675 677/677/677 676/676/676 
f 676/676/676 677/677/677 678/678/678 
f 677/677/677 678/678/678 678/678/678 
f 678/678/678 678/678/678 679/679/679 
f 678/678/678 679/679/679 679/679/679 
f 679/679/679 679/679/679 680/680/680 
f 679/679/679 681/681/681 680/680/680 
f 680/680/680 681/681/681 681/681/681 
f 681/681/681 682/682/682 681/681/681 
f 681/681/681 682/682/682 682/682/682 
f 682/682/682 683/683/683 682/682/682 
f 682/682/682 683/683/683 684/684/684 
f 683/683/683 685/685/685 684/684/684 
f 684/684/684 685/685/685 685/685/685 
f 685/685/685 686/686/686 685/685/685 
f 685/685/685 686/686/686 686/686/686 
f 686/686/686 687/687/687 686/686/686 
f 686/686/686 687/687/687 688/688/688 
f 687/687/687 689/689/689 688/688/688 
f 688/688/688 689/689/689 690/690/690 
f 689/689/689 691/691/691 690/690/690 
f 690/690/690 691/691/691 692/692/692 
f 691/691/691 693/693/693 692/692/692 
f 692/692/692 693/693/693 692/692/692 
f 693/693/693 694/694/694 692/692/692 
f 692/692/692 694/694/694 695/695/695 
f 694/694/694 694/694/694 695/695/695 
f 695/695/695 694/694/694 696/696/696 
f 694/694/694 697/697/697 696/696/696 
f 696/696/696 697/697/697 698/698/698 
f 697/697/697 699/699/699 698/698/698 
f 698/698/698 699/699/699 698/698/698 
f 699/699/699 700/700/700 698/698/698 
f 698/698/698 700/700/700 701/701/701 
f 700/700/700 701/701/701 701/701/701 
f 701/701/701 701/701/701 687/687/687 
f 701/701/701 687/687/687 687/687/687 
f 687/687/687 687/687/687 689/689/689 
f 687/687/687 702/702/702 689/689/689 
f 689/689/689 702/702/702 702/702/702 
f 702/702/702 703/703/703 702/702/702 
f 702/702/702 703/703/703 703/703/703 
f 703/703/703 704/704/704 703/703/703 
f 703/703/703 704/704/704 705/705/705 
f 704/704/704 706/706/706 705/705/705 
f 705/705/705 706/706/706 707/707/707 
f 706/706/706 708/708/708 707/707/707 
f 707/707/707 708/708/708 708/708/708 
f 708/708/708 709/709/709 708/708/708 
f 708/708/708 709/709/709 709/709/709 
f 709/709/709 710/710/710 709/709/709 
f 709/709/709 710/710/710 711/711/711 
f 710/710/710 712/712/712 711/711/711 
f 711/711/711 712/712/712 713/713/713 
f 712/712/712 714/714/714 713/713/713 
f 713/713/713 714/714/714 714/714/714 
f 714/714/714 715/715/715 714/714/714 
f 714/714/714 715/715/715 715/715/715 
f 715/715/715 716/716/716 715/715/715 
f 715/715/715 716/716/716 717/717/717 
f 716/716/716 716/716/716 717/717/717 
f 717/717/717 716/716/716 718/718/718 
f 716/716/716 716/716/716 718/718/718 
f 718/718/718 716/716/716 719/719/719 
f 716/716/716 720/720/720 719/719/719 
f 719/719/719 720/720/720 721/721/721 
f 720/720/720 722/722/722 721/721/721 
f 721/721/721 722/722/722 723/723/723 
f 722/722/722 724/724/724 723/723/723 
f 723/723/723 724/724/724 725/725/725 
f 724/724/724 726/726/726 725/725/725 
f 725/725/725 726/726/726 727/727/727 
f 726/726/726 728/728/728 727/727/727 
f 727/727/727 728/728/728 729/729/729 
f 728/728/728 729/729/729 729/729/729 
f 729/729/729 729/729/729 730/730/730 
f 729/729/729 730/730/730 730/730/730 
f 730/730/730 730/730/730 731/731/731 
f 730/730/730 732/732/732 731/731/731 
f 731/731/731 732/732/732 733/733/733 
f 732/732/732 732/732/732 733/733/733 
f 733/733/733 732/732/732 734/734/734 
f 732/732/732 735/735/735 734/734/734 
f 734/734/734 735/735/735 734/734/734 
f 735/735/735 736/736/736 734/734/734 
f 734/734/734 736/736/736 737/737/737 
f 736/736/736 737/737/737 737/737/737 
f 737/737/737 737/737/737 738/738/738 
f 737/737/737 738/738/738 738/738/738 
f 738/738/738 738/738/738 739/739/739 
f 738/738/738 740/740/740 739/739/739 
f 739/739/739 740/740/740 739/739/739 
f 740/740/740 741/741/741 739/739/739 
f 739/739/739 741/741/741 742/742/742 
f 741/741/741 741/741/741 742/742/742 
f 742/742/742 741/741/741 743/743/743 
f 741/741/741 744/744/744 743/743/743 
f 743/743/743 744/744/744 744/744/744 
f 744/744/744 745/745/745 744/744/744 
f 744/744/744 745/745/745 745/745/745 
f 745/745/745 746/746/746 745/745/745 
f 745/745/745 746/746/746 747/747/747 
f 746/746/746 746/746/746 747/747/747 
f 747/747/747 746/746/746 748/748/748 
f 746/746/746 749/749/749 748/748/748 
f 748/748/748 749/749/749 750/750/750 
f 749/749/749 751/751/751 750/750/750 
f 750/750/750 751/751/751 752/752/752 
f 751/751/751 753/753/753 752/752/752 
f 752/752/752 753/753/753 754/754/754 
f 753/753/753 755/755/755 754/754/754 
f 754/754/754 755/755/755 756/756/756 
f 755/755/755 757/757/757 756/756/756 
f 756/756/756 757/757/757 758/758/758 
f 757/757/757 759/759/759 758/758/758 
f 758/758/758 759/759/759 760/760/760 
f 759/759/759 745/745/745 760/760/760 
f 760/760/760 745/745/745 747/747/747 
f 745/745/745 747/747/747 747/747/747 
f 747/747/747 747/747/747 761/761/761 
f 747/747/747 761/761/761 761/761/761 
f 761/761/761 761/761/761 762/762/762 
f 761/761/761 763/763/763 762/762/762 
f 762/762/762 763/763/763 764/764/764 
f 763/763/763 765/765/765 764/764/764 
f 764/764/764 765/765/765 765/765/765 
f 765/765/765 766/766/766 765/765/765 
f 765/765/765 766/766/766 766/766/766 
f 766/766/766 762/762/762 766/766/766 
f 766/766/766 762/762/762 767/767/767 
f 762/762/762 764/764/764 767/767/767 
f 767/767/767 764/764/764 768/768/768 
f 764/764/764 768/768/768 768/768/768 
f 768/768/768 768/768/768 769/769/769 
f 768/768/768 769/769/769 769/769/769 
f 769/769/769 769/769/769 770/770/770 
f 769/769/769 771/771/771 770/770/770 
f 770/770/770 771/771/771 772/772/772 
f 771/771/771 773/773/773 772/772/772 
f 772/772/772 773/773/773 774/774/774 
f 773/773/773 775/775/775 774/774/774 
f 774/774/774 775/775/775 776/776/776 
f 775/775/775 777/777/777 776/776/776 
f 776/776/776 777/777/777 778/778/778 
f 777/777/777 779/779/779 778/778/778 
f 778/778/778 779/779/779 780/780/780 
f 779/779/779 781/781/781 780/780/780 
f 780/780/780 781/781/781 782/782/782 
f 781/781/781 783/783/783 782/782/782 
f 782/782/782 783/783/783 784/784/784 
f 783/783/783 769/769/769 784/784/784 
f 784/784/784 769/769/769 770/770/770 
f 769/769/769 770/770/770 770/770/770 
f 770/770/770 770/770/770 785/785/785 
f 770/770/770 785/785/785 785/785/785 
f 785/785/785 785/785/785 786/786/786 
f 785/785/785 787/787/787 786/786/786 
f 786/786/786 787/787/787 788/788/788 
f 787/787/787 789/789/789 788/788/788 
f 788/788/788 789/789/789 789/789/789 
f 789/789/789 790/790/790 789/789/789 
f 789/789/789 790/790/790 790/790/790 
f 790/790/790 786/786/786 790/790/790 
f 790/790/790 786/786/786 791/791/791 
f 786/786/786 788/788/788 791/791/791 
f 791/791/791 788/788/788 792/792/792 
f 788/788/788 792/792/792 792/792/792 
f 792/792/792 792/792/792 793/793/793 
f 792/792/792 793/793/793 793/793/793 
f 793/793/793 793/793/793 794/794/794 
f 793/793/793 795/795/795 794/794/794 
f 794/794/794 795/795/795 795/795/795 
f 795/795/795 796/796/796 795/795/795 
f 795/795/795 796/796/796 796/796/796 
f 796/796/796 797/797/797 796/796/796 
f 796/796/796 797/797/797 798/798/798 
f 797/797/797 798/798/798 798/798/798 
f 798/798/798 798/798/798 799/799/799 
f 798/798/798 799/799/799 799/799/799 
f 799/799/799 799/799/799 800/800/800 
f 799/799/799 801/801/801 800/800/800 
f 800/800/800 801/801/801 801/801/801 
f 801/801/801 802/802/802 801/801/801 
f 801/801/801 802/802/802 802/802/802 
f 802/802/802 803/803/803 802/802/802 
f 802/802/802 803/803/803 804/804/804 
f 803/803/803 804/804/804 804/804/804 
f 804/804/804 804/804/804 805/805/805 
f 804/804/804 805/805/805 805/805/805 
f 805/805/805 805/805/805 806/806/806 
f 805/805/805 807/807/807 806/806/806 
f 806/806/806 807/807/807 807/807/807 
f 807/807/807 808/808/808 807/807/807 
f 807/807/807 808/808/808 808/808/808 
f 808/808/808 809/809/809 808/808/808 
f 808/808/808 809/809/809 810/810/810 
f 809/809/809 810/810/810 810/810/810 
f 810/810/810 810/810/810 811/811/811 
f 810/810/810 811/811/811 811/811/811 
f 811/811/811 811/811/811 812/812/812 
f 811/811/811 813/813/813 812/812/812 
f 812/812/812 813/813/813 814/814/814 
f 813/813/813 815/815/815 814/814/814 
f 814/814/814 815/815/815 816/816/816 
f 815/815/815 817/817/817 816/816/816 
f 816/816/816 817/817/817 818/818/818 
f 817/817/817 819/819/819 818/818/818 
f 818/818/818 819/819/819 820/820/820 
f 819/819/819 821/821/821 820/820/820 
f 820/820/820 821/821/821 822/822/822 
f 821/821/821 823/823/823 822/822/822 
f 822/822/822 823/823/823 824/824/824 
f 823/823/823 825/825/825 824/824/824 
f 824/824/824 825/825/825 826/826/826 
f 825/825/825 811/811/811 826/826/826 
f 826/826/826 811/811/811 812/812/812 
f 811/811/811 812/812/812 812/812/812 
f 812/812/812 812/812/812 827/827/827 
f 812/812/812 827/827/827 827/827/827 
f 827/827/827 827/827/827 828/828/828 
f 827/827/827 829/829/829 828/828/828 
f 828/828/828 829/829/829 830/830/830 
f 829/829/829 829/829/829 830/830/830 
f 830/830/830 829/829/829 831/831/831 
f 829/829/829 829/829/829 831/831/831 
f 831/831/831 829/829/829 832/832/832 
f 829/829/829 829/829/829 832/832/832 
f 832/832/832 829/829/829 833/833/833 
f 829/829/829 834/834/834 833/833/833 
f 833/833/833 834/834/834 834/834/834 
f 834/834/834 835/835/835 834/834/834 
f 834/834/834 835/835/835 835/835/835 
f 835/835/835 836/836/836 835/835/835 
f 835/835/835 836/836/836 837/837/837 
f 836/836/836 837/837/837 837/837/837 
f 837/837/837 837/837/837 838/838/838 
f 837/837/837 838/838/838 838/838/838 
f 838/838/838 838/838/838 839/839/839 
f 838/838/838 840/840/840 839/839/839 
f 839/839/839 840/840/840 840/840/840 
f 840/840/840 841/841/841 840/840/840 
f 840/840/840 841/841/841 841/841/841 
f 841/841/841 842/842/842 841/841/841 
f 841/841/841 842/842/842 843/843/843 
f 842/842/842 844/844/844 843/843/843 
f 843/843/843 844/844/844 844/844/844 
f 844/844/844 845/845/845 844/844/844 
f 844/844/844 845/845/845 845/845/845 
f 845/845/845 846/846/846 845/845/845 
f 845/845/845 846/846/846 847/847/847 
f 846/846/846 846/846/846 847/847/847 
f 847/847/847 846/846/846 848/848/848 
f 846/846/846 849/849/849 848/848/848 
f 848/848/848 849/849/849 850/850/850 
f 849/849/849 849/849/849 850/850/850 
f 850/850/850 849/849/849 851/851/851 
f 849/849/849 852/852/852 851/851/851 
f 851/851/851 852/852/852 853/853/853 
f 852/852/852 854/854/854 853/853/853 
f 853/853/853 854/854/854 855/855/855 
f 854/854/854 856/856/856 855/855/855 
f 855/855/855 856/856/856 855/855/855 
f 856/856/856 857/857/857 855/855/855 
f 855/855/855 857/857/857 858/858/858 
f 857/857/857 859/859/859 858/858/858 
f 858/858/858 859/859/859 860/860/860 
f 859/859/859 861/861/861 860/860/860 
f 860/860/860 861/861/861 861/861/861 
f 861/861/861 862/862/862 861/861/861 
f 861/861/861 862/862/862 862/862/862 
f 862/862/862 863/863/863 862/862/862 
f 862/862/862 863/863/863 864/864/864 
f 863/863/863 865/865/865 864/864/864 
f 864/864/864 865/865/865 865/865/865 
f 865/865/865 866/866/866 865/865/865 
f 865/865/865 866/866/866 866/866/866 
f 866/866/866 867/867/867 866/866/866 
f 866/866/866 867/867/867 868/868/868 
f 867/867/867 869/869/869 868/868/868 
f 868/868/868 869/869/869 870/870/870 
f 869/869/869 871/871/871 870/870/870 
f 870/870/870 871/871/871 872/872/872 
f 871/871/871 873/873/873 872/872/872 
f 872/872/872 873/873/873 874/874/874 
f 873/873/873 875/875/875 874/874/874 
f 874/874/874 875/875/875 876/876/876 
f 875/875/875 875/875/875 876/876/876 
f 876/876/876 875/875/875 877/877/877 
f 875/875/875 875/875/875 877/877/877 
f 877/877/877 875/875/875 878/878/878 
f 875/875/875 879/879/879 878/878/878 
f 878/878/878 879/879/879 879/879/879 
f 879/879/879 880/880/880 879/879/879 
f 879/879/879 880/880/880 880/880/880 
f 880/880/880 881/881/881 880/880/880 
f 880/880/880 881/881/881 882/882/882 
f 881/881/881 881/881/881 882/882/882 
f 882/882/882 881/881/881 883/883/883 
f 881/881/881 884/884/884 883/883/883 
f 883/883/883 884/884/884 885/885/885 
f 884/884/884 886/886/886 885/885/885 
f 885/885/885 886/886/886 887/887/887 
f 886/886/886 888/888/888 887/887/887 
f 887/887/887 888/888/888 889/889/889 
f 888/888/888 890/890/890 889/889/889 
f 889/889/889 890/890/890 891/891/891 
f 890/890/890 892/892/892 891/891/891 
f 891/891/891 892/892/892 893/893/893 
f 892/892/892 894/894/894 893/893/893 
f 893/893/893 894/894/894 895/895/895 
f 894/894/894 896/896/896 895/895/895 
f 895/895/895 896/896/896 897/897/897 
f 896/896/896 898/898/898 897/897/897 
f 897/897/897 898/898/898 899/899/899 
f 898/898/898 900/900/900 899/899/899 
f 899/899/899 900/900/900 901/901/901 
f 900/900/900 902/902/902 901/901/901 
f 901/901/901 902/902/902 903/903/903 
f 902/902/902 904/904/904 903/903/903 
f 903/903/903 904/904/904 905/905/905 
f 904/904/904 904/904/904 905/905/905 
f 905/905/905 904/904/904 906/906/906 
f 904/904/904 907/907/907 906/906/906 
f 906/906/906 907/907/907 906/906/906 
f 907/907/907 908/908/908 906/906/906 
f 906/906/906 908/908/908 909/909/909 
f 908/908/908 909/909/909 909/909/909 
f 909/909/909 909/909/909 910/910/910 
f 909/909/909 910/910/910 910/910/910 
f 910/910/910 910/910/910 911/911/911 
f 910/910/910 912/912/912 911/911/911 
f 911/911/911 912/912/912 913/913/913 
f 912/912/912 914/914/914 913/913/913 
f 913/913/913 914/914/914 915/915/915 
f 914/914/914 916/916/916 915/915/915 
f 915/915/915 916/916/916 917/917/917 
f 916/916/916 918/918/918 917/917/917 
f 917/917/917 918/918/918 919/919/919 
f 918/918/918 920/920/920 919/919/919 
f 919/919/919 920/920/920 921/921/921 
f 920/920/920 922/922/922 921/921/921 
f 921/921/921 922/922/922 923/923/923 
f 922/922/922 923/923/923 923/923/923 
f 923/923/923 923/923/923 911/911/911 
f 923/923/923 911/911/911 911/911/911 
f 911/911/911 911/911/911 910/910/910 
f 911/911/911 924/924/924 910/910/910 
f 910/910/910 924/924/924 925/925/925 
f 924/924/924 926/926/926 925/925/925 
f 925/925/925 926/926/926 927/927/927 
f 926/926/926 928/928/928 927/927/927 
f 927/927/927 928/928/928 929/929/929 
f 928/928/928 930/930/930 929/929/929 
f 929/929/929 930/930/930 931/931/931 
f 930/930/930 932/932/932 931/931/931 
f 931/931/931 932/932/932 933/933/933 
f 932/932/932 934/934/934 933/933/933 
f 933/933/933 934/934/934 935/935/935 
f 934/934/934 935/935/935 935/935/935 
f 935/935/935 935/935/935 936/936/936 
f 935/935/935 936/936/936 936/936/936 
f 936/936/936 936/936/936 937/937/937 
f 936/936/936 938/938/938 937/937/937 
f 937/937/937 938/938/938 939/939/939 
f 938/938/938 940/940/940 939/939/939 
f 939/939/939 940/940/940 939/939/939 
f 940/940/940 941/941/941 939/939/939 
f 939/939/939 941/941/941 942/942/942 
f 941/941/941 942/942/942 942/942/942 
f 942/942/942 942/942/942 943/943/943 
f 942/942/942 943/943/943 943/943/943 
f 943/943/943 943/943/943 944/944/944 
f 943/943/943 937/937/937 944/944/944 
f 944/944/944 937/937/937 944/944/944 
f 937/937/937 939/939/939 944/944/944 
f 944/944/944 939/939/939 945/945/945 
f 939/939/939 939/939/939 945/945/945 
f 945/945/945 939/939/939 946/946/946 
f 939/939/939 947/947/947 946/946/946 
f 946/946/946 947/947/947 947/947/947 
f 947/947/947 948/948/948 947/947/947 
f 947/947/947 948/948/948 948/948/948 
f 948/948/948 949/949/949 948/948/948 
f 948/948/948 949/949/949 950/950/950 
f 949/949/949 949/949/949 950/950/950 
f 950/950/950 949/949/949 951/951/951 
f 949/949/949 952/952/952 951/951/951 
f 951/951/951 952/952/952 953/953/953 
f 952/952/952 954/954/954 953/953/953 
f 953/953/953 954/954/954 955/955/955 
f 954/954/954 956/956/956 955/955/955 
f 955/955/955 956/956/956 957/957/957 
f 956/956/956 958/958/958 957/957/957 
f 957/957/957 958/958/958 959/959/959 
f 958/958/958 960/960/960 959/959/959 
f 959/959/959 960/960/960 961/961/961 
f 960/960/960 962/962/962 961/961/961 
f 961/961/961 962/962/962 963/963/963 
f 962/962/962 964/964/964 963/963/963 
f 963/963/963 964/964/964 965/965/965 
f 964/964/964 966/966/966 965/965/965 
f 965/965/965 966/966/966 967/967/967 
f 966/966/966 968/968/968 967/967/967 
f 967/967/967 968/968/968 969/969/969 
f 968/968/968 970/970/970 969/969/969 
f 969/969/969 970/970/970 971/971/971 
f 970/970/970 972/972/972 971/971/971 
f 971/971/971 972/972/972 973/973/973 
f 972/972/972 973/973/973 973/973/973 
f 973/973/973 973/973/973 974/974/974 
f 973/973/973 974/974/974 974/974/974 
f 974/974/974 974/974/974 975/975/975 
f 974/974/974 976/976/976 975/975/975 
f 975/975/975 976/976/976 977/977/977 
f 976/976/976 978/978/978 977/977/977 
f 977/977/977 978/978/978 977/977/977 
f 978/978/978 979/979/979 977/977/977 
f 977/977/977 979/979/979 980/980/980 
f 979/979/979 980/980/980 980/980/980 
f 980/980/980 980/980/980 981/981/981 
f 980/980/980 981/981/981 981/981/981 
f 981/981/981 981/981/981 982/982/982 
f 981/981/981 975/975/975 982/982/982 
f 982/982/982 975/975/975 982/982/982 
f 975/975/975 977/977/977 982/982/982 
f 982/982/982 977/977/977 983/983/983 
f 977/977/977 977/977/977 983/983/983 
f 983/983/983 977/977/977 984/984/984 
f 977/977/977 985/985/985 984/984/984 
f 984/984/984 985/985/985 985/985/985 
f 985/985/985 986/986/986 985/985/985 
f 985/985/985 986/986/986 986/986/986 
f 986/986/986 987/987/987 986/986/986 
f 986/986/986 987/987/987 988/988/988 
f 987/987/987 989/989/989 988/988/988 
f 988/988/988 989/989/989 990/990/990 
f 989/989/989 989/989/989 990/990/990 
f 990/990/990 989/989/989 991/991/991 
f 989/989/989 992/992/992 991/991/991 
f 991/991/991 992/992/992 991/991/991 
f 992/992/992 993/993/993 991/991/991 
f 991/991/991 993/993/993 994/994/994 
f 993/993/993 993/993/993 994/994/994 
f 994/994/994 993/993/993 995/995/995 
f 993/993/993 996/996/996 995/995/995 
f 995/995/995 996/996/996 997/997/997 
f 996/996/996 998/998/998 997/997/997 
f 997/997/997 998/998/998 997/997/997 
f 998/998/998 999/999/999 997/997/997 
f 997/997/997 999/999/999 1000/1000/1000 
f 999/999/999 1001/1001/1001 1000/1000/1000 
f 1000/1000/1000 1001/1001/1001 1002/1002/1002 
f 1001/1001/1001 1001/1001/1001 1002/1002/1002 
f 1002/1002/1002 1001/1001/1001 1003/1003/1003 
f 1001/1001/1001 1004/1004/1004 1003/1003/1003 
f 1003/1003/1003 1004/1004/1004 1004/1004/1004 
f 1004/1004/1004 1005/1005/1005 1004/1004/1004 
f 1004/1004/1004 1005/1005/1005 1005/1005/1005 
f 1005/1005/1005 1006/1006/1006 1005/1005/1005 
f 1005/1005/1005 1006/1006/1006 1007/1007/1007 
f 1006/1006/1006 1008/1008/1008 1007/1007/1007 
f 1007/1007/1007 1008/1008/1008 1009/1009/1009 
f 1008/1008/1008 1010/1010/1010 1009/1009/1009 
f 1009/1009/1009 1010/1010/1010 1009/1009/1009 
f 1010/1010/1010 1011/1011/1011 1009/1009/1009 
f 1009/1009/1009 1011/1011/1011 1012/1012/1012 
f 1011/1011/1011 1011/1011/1011 1012/1012/1012 
f 1012/1012/1012 1011/1011/1011 1013/1013/1013 
f 1011/1011/1011 1014/1014/1014 1013/1013/1013 
f 1013/1013/1013 1014/1014/1014 1015/1015/1015 
f 1014/1014/1014 1016/1016/1016 1015/1015/1015 
f 1015/1015/1015 1016/1016/1016 1017/1017/1017 
f 1016/1016/1016 1018/1018/1018 1017/1017/1017 
f 1017/1017/1017 1018/1018/1018 1017/1017/1017 
f 1018/1018/1018 1019/1019/1019 1017/1017/1017 
f 1017/1017/1017 1019/1019/1019 1020/1020/1020 
f 1019/1019/1019 1019/1019/1019 1020/1020/1020 
f 1020/1020/1020 1019/1019/1019 1021/1021/1021 
f 1019/1019/1019 1022/1022/1022 1021/1021/1021 
f 1021/1021/1021 1022/1022/1022 1021/1021/1021 
f 1022/1022/1022 1023/1023/1023 1021/1021/1021 
f 1021/1021/1021 1023/1023/1023 1024/1024/1024 
f 1023/1023/1023 1023/1023/1023 1024/1024/1024 
f 1024/1024/1024 1023/1023/1023 1025/1025/1025 
f 1023/1023/1023 1026/1026/1026 1025/1025/1025 
f 1025/1025/1025 1026/1026/1026 1025/1025/1025 
f 1026/1026/1026 1027/1027/1027 1025/1025/1025 
f 1025/1025/1025 1027/1027/1027 1028/1028/1028 
f 1027/1027/1027 1029/1029/1029 1028/1028/1028 
f 1028/1028/1028 1029/1029/1029 1030/1030/1030 
f 1029/1029/1029 1031/1031/1031 1030/1030/1030 
f 1030/1030/1030 1031/1031/1031 1032/1032/1032 
f 1031/1031/1031 1031/1031/1031 1032/1032/1032 
f 1032/1032/1032 1031/1031/1031 1033/1033/1033 
f 1031/1031/1031 1034/1034/1034 1033/1033/1033 
f 1033/1033/1033 1034/1034/1034 1033/1033/1033 
f 1034/1034/1034 1035/1035/1035 1033/1033/1033 
f 1033/1033/1033 1035/1035/1035 1036/1036/1036 
f 1035/1035/1035 1037/1037/1037 1036/1036/1036 
f 1036/1036/1036 1037/1037/1037 1038/1038/1038 
f 1037/1037/1037 1038/1038/1038 1038/1038/1038 
f 1038/1038/1038 1038/1038/1038 1039/1039/1039 
f 1038/1038/1038 1039/1039/1039 1039/1039/1039 
f 1039/1039/1039 1039/1039/1039 1040/1040/1040 
f 1039/1039/1039 1041/1041/1041 1040/1040/1040 
f 1040/1040/1040 1041/1041/1041 1040/1040/1040 
f 1041/1041/1041 1042/1042/1042 1040/1040/1040 
f 1040/1040/1040 1042/1042/1042 1043/1043/1043 
f 1042/1042/1042 1044/1044/1044 1043/1043/1043 
f 1043/1043/1043 1044/1044/1044 1045/1045/1045 
f 1044/1044/1044 1046/1046/1046 1045/1045/1045 
f 1045/1045/1045 1046/1046/1046 1047/1047/1047 
f 1046/1046/1046 1048/1048/1048 1047/1047/1047 
f 1047/1047/1047 1048/1048/1048 1049/1049/1049 
f 1048/1048/1048 1048/1048/1048 1049/1049/1049 
f 1049/1049/1049 1048/1048/1048 1050/1050/1050 
f 1048/1048/1048 1051/1051/1051 1050/1050/1050 
f 1050/1050/1050 1051/1051/1051 1050/1050/1050 
f 1051/1051/1051 1052/1052/1052 1050/1050/1050 
f 1050/1050/1050 1052/1052/1052 1050/1050/1050 
f 1052/1052/1052 1053/1053/1053 1050/1050/1050 
f 1050/1050/1050 1053/1053/1053 1054/1054/1054 
f 1053/1053/1053 1053/1053/1053 1054/1054/1054 
f 1054/1054/1054 1053/1053/1053 1055/1055/1055 
f 1053/1053/1053 1056/1056/1056 1055/1055/1055 
f 1055/1055/1055 1056/1056/1056 1055/1055/1055 
f 1056/1056/1056 1057/1057/1057 1055/1055/1055 
f 1055/1055/1055 1057/1057/1057 1055/1055/1055 
f 1057/1057/1057 1058/1058/1058 1055/1055/1055 
f 1055/1055/1055 1058/1058/1058 1059/1059/1059 
f 1058/1058/1058 1058/1058/1058 1059/1059/1059 
f 1059/1059/1059 1058/1058/1058 1060/1060/1060 
f 1058/1058/1058 1061/1061/1061 1060/1060/1060 
f 1060/1060/1060 1061/1061/1061 1062/1062/1062 
f 1061/1061/1061 1063/1063/1063 1062/1062/1062 
f 1062/1062/1062 1063/1063/1063 1064/1064/1064 
f 1063/1063/1063 1065/1065/1065 1064/1064/1064 
f 1064/1064/1064 1065/1065/1065 1066/1066/1066 
f 1065/1065/1065 1067/1067/1067 1066/1066/1066 
f 1066/1066/1066 1067/1067/1067 1068/1068/1068 
f 1067/1067/1067 1068/1068/1068 1068/1068/1068 
f 1068/1068/1068 1068/1068/1068 1069/1069/1069 
f 1068/1068/1068 1069/1069/1069 1069/1069/1069 
f 1069/1069/1069 1069/1069/1069 1070/1070/1070 
f 1069/1069/1069 1071/1071/1071 1070/1070/1070 
f 1070/1070/1070 1071/1071/1071 1070/1070/1070 
f 1071/1071/1071 1072/1072/1072 1070/1070/1070 
f 1070/1070/1070 1072/1072/1072 1073/1073/1073 
f 1072/1072/1072 1074/1074/1074 1073/1073/1073 
f 1073/1073/1073 1074/1074/1074 1073/1073/1073 
f 1074/1074/1074 1075/1075/1075 1073/1073/1073 
f 1073/1073/1073 1075/1075/1075 1076/1076/1076 
f 1075/1075/1075 1077/1077/1077 1076/1076/1076 
f 1076/1076/1076 1077/1077/1077 1078/1078/1078 
f 1077/1077/1077 1079/1079/1079 1078/1078/1078 
f 1078/1078/1078 1079/1079/1079 1080/1080/1080 
f 1079/1079/1079 1079/1079/1079 1080/1080/1080 
f 1080/1080/1080 1079/1079/1079 1081/1081/1081 
f 1079/1079/1079 1082/1082/1082 1081/1081/1081 
f 1081/1081/1081 1082/1082/1082 1083/1083/1083 
f 1082/1082/1082 1084/1084/1084 1083/1083/1083 
f 1083/1083/1083 1084/1084/1084 1085/1085/1085 
f 1084/1084/1084 1085/1085/1085 1085/1085/1085 
f 1085/1085/1085 1085/1085/1085 1086/1086/1086 
f 1085/1085/1085 1086/1086/1086 1086/1086/1086 
f 1086/1086/1086 1086/1086/1086 1087/1087/1087 
f 1086/1086/1086 1088/1088/1088 1087/1087/1087 
f 1087/1087/1087 1088/1088/1088 1087/1087/1087 
f 1088/1088/1088 1089/1089/1089 1087/1087/1087 
f 1087/1087/1087 1089/1089/1089 1090/1090/1090 
f 1089/1089/1089 1091/1091/1091 1090/1090/1090 
f 1090/1090/1090 1091/1091/1091 1092/1092/1092 
f 1091/1091/1091 1093/1093/1093 1092/1092/1092 
f 1092/1092/1092 1093/1093/1093 1093/1093/1093 
f 1093/1093/1093 1086/1086/1086 1093/1093/1093 
f 1093/1093/1093 1086/1086/1086 1086/1086/1086 
f 1086/1086/1086 1094/1094/1094 1086/1086/1086 
f 1086/1086/1086 1094/1094/1094 1088/1088/1088 
f 1094/1094/1094 1094/1094/1094 1088/1088/1088 
f 1088/1088/1088 1094/1094/1094 1095/1095/1095 
f 1094/1094/1094 1096/1096/1096 1095/1095/1095 
f 1095/1095/1095 1096/1096/1096 1097/1097/1097 
f 1096/1096/1096 1098/1098/1098 1097/1097/1097 
f 1097/1097/1097 1098/1098/1098 1099/1099/1099 
f 1098/1098/1098 1100/1100/1100 1099/1099/1099 
f 1099/1099/1099 1100/1100/1100 1101/1101/1101 
f 1100/1100/1100 1102/1102/1102 1101/1101/1101 
f 1101/1101/1101 1102/1102/1102 1103/1103/1103 
f 1102/1102/1102 1104/1104/1104 1103/1103/1103 
f 1103/1103/1103 1104/1104/1104 1105/1105/1105 
f 1104/1104/1104 1106/1106/1106 1105/1105/1105 
f 1105/1105/1105 1106/1106/1106 1107/1107/1107 
f 1106/1106/1106 1108/1108/1108 1107/1107/1107 
f 1107/1107/1107 1108/1108/1108 1109/1109/1109 
f 1108/1108/1108 1109/1109/1109 1109/1109/1109 
f 1109/1109/1109 1109/1109/1109 1110/1110/1110 
f 1109/1109/1109 1110/1110/1110 1110/1110/1110 
f 1110/1110/1110 1110/1110/1110 1111/1111/1111 
f 1110/1110/1110 1112/1112/1112 1111/1111/1111 
f 1111/1111/1111 1112/1112/1112 1111/1111/1111 
f 1112/1112/1112 1113/1113/1113 1111/1111/1111 
f 1111/1111/1111 1113/1113/1113 1114/1114/1114 
f 1113/1113/1113 1115/1115/1115 1114/1114/1114 
f 1114/1114/1114 1115/1115/1115 1116/1116/1116 
f 1115/1115/1115 1117/1117/1117 1116/1116/1116 
f 1116/1116/1116 1117/1117/1117 1118/1118/1118 
f 1117/1117/1117 1119/1119/1119 1118/1118/1118 
f 1118/1118/1118 1119/1119/1119 1093/1093/1093 
f 1119/1119/1119 1092/1092/1092 1093/1093/1093 
f 1093/1093/1093 1092/1092/1092 1092/1092/1092 
f 1092/1092/1092 1120/1120/1120 1092/1092/1092 
f 1092/1092/1092 1120/1120/1120 1120/1120/1120 
f 1120/1120/1120 1121/1121/1121 1120/1120/1120 
f 1120/1120/1120 1121/1121/1121 1122/1122/1122 
f 1121/1121/1121 1123/1123/1123 1122/1122/1122 
f 1122/1122/1122 1123/1123/1123 1124/1124/1124 
f 1123/1123/1123 1125/1125/1125 1124/1124/1124 
f 1124/1124/1124 1125/1125/1125 1125/1125/1125 
f 1125/1125/1125 1124/1124/1124 1125/1125/1125 
f 1125/1125/1125 1124/1124/1124 1124/1124/1124 
f 1124/1124/1124 1126/1126/1126 1124/1124/1124 
f 1124/1124/1124 1126/1126/1126 1122/1122/1122 
f 1126/1126/1126 1122/1122/1122 1122/1122/1122 
f 1122/1122/1122 1122/1122/1122 1127/1127/1127 
f 1122/1122/1122 1127/1127/1127 1127/1127/1127 
f 1127/1127/1127 1127/1127/1127 1121/1121/1121 
f 1127/1127/1127 1128/1128/1128 1121/1121/1121 
f 1121/1121/1121 1128/1128/1128 1123/1123/1123 
f 1128/1128/1128 1129/1129/1129 1123/1123/1123 
f 1123/1123/1123 1129/1129/1129 1130/1130/1130 
f 1129/1129/1129 1131/1131/1131 1130/1130/1130 
f 1130/1130/1130 1131/1131/1131 1132/1132/1132 
f 1131/1131/1131 1133/1133/1133 1132/1132/1132 
f 1132/1132/1132 1133/1133/1133 1133/1133/1133 
f 1133/1133/1133 1129/1129/1129 1133/1133/1133 
f 1133/1133/1133 1129/1129/1129 1129/1129/1129 
f 1129/1129/1129 1134/1134/1134 1129/1129/1129 
f 1129/1129/1129 1134/1134/1134 1131/1131/1131 
f 1134/1134/1134 1131/1131/1131 1131/1131/1131 
f 1131/1131/1131 1131/1131/1131 1132/1132/1132 
f 1131/1131/1131 1132/1132/1132 1132/1132/1132 
f 1132/1132/1132 1132/1132/1132 1130/1130/1130 
f 1132/1132/1132 1135/1135/1135 1130/1130/1130 
f 1130/1130/1130 1135/1135/1135 1135/1135/1135 
f 1135/1135/1135 1136/1136/1136 1135/1135/1135 
f 1135/1135/1135 1136/1136/1136 1136/1136/1136 
f 1136/1136/1136 1137/1137/1137 1136/1136/1136 
f 1136/1136/1136 1137/1137/1137 1138/1138/1138 
f 1137/1137/1137 1139/1139/1139 1138/1138/1138 
f 1138/1138/1138 1139/1139/1139 1140/1140/1140 
f 1139/1139/1139 1141/1141/1141 1140/1140/1140 
f 1140/1140/1140 1141/1141/1141 1142/1142/1142 
f 1141/1141/1141 1143/1143/1143 1142/1142/1142 
f 1142/1142/1142 1143/1143/1143 1144/1144/1144 
f 1143/1143/1143 1145/1145/1145 1144/1144/1144 
f 1144/1144/1144 1145/1145/1145 1145/1145/1145 
f 1145/1145/1145 1146/1146/1146 1145/1145/1145 
f 1145/1145/1145 1146/1146/1146 1146/1146/1146 
f 1146/1146/1146 1147/1147/1147 1146/1146/1146 
f 1146/1146/1146 1147/1147/1147 1148/1148/1148 
f 1147/1147/1147 1149/1149/1149 1148/1148/1148 
f 1148/1148/1148 1149/1149/1149 1148/1148/1148 
f 1149/1149/1149 1150/1150/1150 1148/1148/1148 
f 1148/1148/1148 1150/1150/1150 1151/1151/1151 
f 1150/1150/1150 1152/1152/1152 1151/1151/1151 
f 1151/1151/1151 1152/1152/1152 1151/1151/1151 
f 1152/1152/1152 1153/1153/1153 1151/1151/1151 
f 1151/1151/1151 1153/1153/1153 1151/1151/1151 
f 1153/1153/1153 1154/1154/1154 1151/1151/1151 
f 1151/1151/1151 1154/1154/1154 1151/1151/1151 
f 1154/1154/1154 1155/1155/1155 1151/1151/1151 
f 1151/1151/1151 1155/1155/1155 1148/1148/1148 
f 1155/1155/1155 1156/1156/1156 1148/1148/1148 
f 1148/1148/1148 1156/1156/1156 1157/1157/1157 
f 1156/1156/1156 1156/1156/1156 1157/1157/1157 
f 1157/1157/1157 1156/1156/1156 1158/1158/1158 
f 1156/1156/1156 1159/1159/1159 1158/1158/1158 
f 1158/1158/1158 1159/1159/1159 1160/1160/1160 
f 1159/1159/1159 1161/1161/1161 1160/1160/1160 
f 1160/1160/1160 1161/1161/1161 1162/1162/1162 
f 1161/1161/1161 1163/1163/1163 1162/1162/1162 
f 1162/1162/1162 1163/1163/1163 1162/1162/1162 
f 1163/1163/1163 1164/1164/1164 1162/1162/1162 
f 1162/1162/1162 1164/1164/1164 1165/1165/1165 
f 1164/1164/1164 1166/1166/1166 1165/1165/1165 
f 1165/1165/1165 1166/1166/1166 1167/1167/1167 
f 1166/1166/1166 1166/1166/1166 1167/1167/1167 
f 1167/1167/1167 1166/1166/1166 1168/1168/1168 
f 1166/1166/1166 1169/1169/1169 1168/1168/1168 
f 1168/1168/1168 1169/1169/1169 1168/1168/1168 
f 1169/1169/1169 1170/1170/1170 1168/1168/1168 
f 1168/1168/1168 1170/1170/1170 1171/1171/1171 
f 1170/1170/1170 1170/1170/1170 1171/1171/1171 
f 1171/1171/1171 1170/1170/1170 1172/1172/1172 
f 1170/1170/1170 1173/1173/1173 1172/1172/1172 
f 1172/1172/1172 1173/1173/1173 1174/1174/1174 
f 1173/1173/1173 1175/1175/1175 1174/1174/1174 
f 1174/1174/1174 1175/1175/1175 1174/1174/1174 
f 1175/1175/1175 1176/1176/1176 1174/1174/1174 
f 1174/1174/1174 1176/1176/1176 1177/1177/1177 
f 1176/1176/1176 1178/1178/1178 1177/1177/1177 
f 1177/1177/1177 1178/1178/1178 1179/1179/1179 
f 1178/1178/1178 1180/1180/1180 1179/1179/1179 
f 1179/1179/1179 1180/1180/1180 1181/1181/1181 
f 1180/1180/1180 1180/1180/1180 1181/1181/1181 
f 1181/1181/1181 1180/1180/1180 1152/1152/1152 
f 1180/1180/1180 1153/1153/1153 1152/1152/1152 
f 1152/1152/1152 1153/1153/1153 1153/1153/1153 
f 1153/1153/1153 1149/1149/1149 1153/1153/1153 
f 1153/1153/1153 1149/1149/1149 1149/1149/1149 
f 1149/1149/1149 1147/1147/1147 1149/1149/1149 
f 1149/1149/1149 1147/1147/1147 1182/1182/1182 
f 1147/1147/1147 1182/1182/1182 1182/1182/1182 
f 1182/1182/1182 1182/1182/1182 1150/1150/1150 
f 1182/1182/1182 1150/1150/1150 1150/1150/1150 
f 1150/1150/1150 1150/1150/1150 1152/1152/1152 
f 1150/1150/1150 1183/1183/1183 1152/1152/1152 
f 1152/1152/1152 1183/1183/1183 1184/1184/1184 
f 1183/1183/1183 1185/1185/1185 1184/1184/1184 
f 1184/1184/1184 1185/1185/1185 1185/1185/1185 
f 1185/1185/1185 1184/1184/1184 1185/1185/1185 
f 1185/1185/1185 1184/1184/1184 1184/1184/1184 
f 1184/1184/1184 1186/1186/1186 1184/1184/1184 
f 1184/1184/1184 1186/1186/1186 1152/1152/1152 
f 1186/1186/1186 1152/1152/1152 1152/1152/1152 
f 1152/1152/1152 1152/1152/1152 1187/1187/1187 
f 1152/1152/1152 1187/1187/1187 1187/1187/1187 
f 1187/1187/1187 1187/1187/1187 1188/1188/1188 
f 1187/1187/1187 1189/1189/1189 1188/1188/1188 
f 1188/1188/1188 1189/1189/1189 1190/1190/1190 
f 1189/1189/1189 1189/1189/1189 1190/1190/1190 
f 1190/1190/1190 1189/1189/1189 1191/1191/1191 
f 1189/1189/1189 1192/1192/1192 1191/1191/1191 
f 1191/1191/1191 1192/1192/1192 1191/1191/1191 
f 1192/1192/1192 1193/1193/1193 1191/1191/1191 
f 1191/1191/1191 1193/1193/1193 1194/1194/1194 
f 1193/1193/1193 1195/1195/1195 1194/1194/1194 
f 1194/1194/1194 1195/1195/1195 1195/1195/1195 
f 1195/1195/1195 1194/1194/1194 1195/1195/1195 
f 1195/1195/1195 1194/1194/1194 1194/1194/1194 
f 1194/1194/1194 1196/1196/1196 1194/1194/1194 
f 1194/1194/1194 1196/1196/1196 1191/1191/1191 
f 1196/1196/1196 1196/1196/1196 1191/1191/1191 
f 1191/1191/1191 1196/1196/1196 1197/1197/1197 
f 1196/1196/1196 1198/1198/1198 1197/1197/1197 
f 1197/1197/1197 1198/1198/1198 1199/1199/1199 
f 1198/1198/1198 1200/1200/1200 1199/1199/1199 
f 1199/1199/1199 1200/1200/1200 1200/1200/1200 
f 1200/1200/1200 1196/1196/1196 1200/1200/1200 
f 1200/1200/1200 1196/1196/1196 1196/1196/1196 
f 1196/1196/1196 1201/1201/1201 1196/1196/1196 
f 1196/1196/1196 1201/1201/1201 1198/1198/1198 
f 1201/1201/1201 1198/1198/1198 1198/1198/1198 
f 1198/1198/1198 1198/1198/1198 1199/1199/1199 
f 1198/1198/1198 1199/1199/1199 1199/1199/1199 
f 1199/1199/1199 1199/1199/1199 1197/1197/1197 
f 1199/1199/1199 1202/1202/1202 1197/1197/1197 
f 1197/1197/1197 1202/1202/1202 1202/1202/1202 
f 1202/1202/1202 1203/1203/1203 1202/1202/1202 
f 1202/1202/1202 1203/1203/1203 1203/1203/1203 
f 1203/1203/1203 1204/1204/1204 1203/1203/1203 
f 1203/1203/1203 1204/1204/1204 1205/1205/1205 
f 1204/1204/1204 1206/1206/1206 1205/1205/1205 
f 1205/1205/1205 1206/1206/1206 1206/1206/1206 
f 1206/1206/1206 1207/1207/1207 1206/1206/1206 
f 1206/1206/1206 1207/1207/1207 1207/1207/1207 
f 1207/1207/1207 1208/1208/1208 1207/1207/1207 
f 1207/1207/1207 1208/1208/1208 1209/1209/1209 
f 1208/1208/1208 1208/1208/1208 1209/1209/1209 
f 1209/1209/1209 1208/1208/1208 1210/1210/1210 
f 1208/1208/1208 1211/1211/1211 1210/1210/1210 
f 1210/1210/1210 1211/1211/1211 1212/1212/1212 
f 1211/1211/1211 1211/1211/1211 1212/1212/1212 
f 1212/1212/1212 1211/1211/1211 1213/1213/1213 
f 1211/1211/1211 1214/1214/1214 1213/1213/1213 
f 1213/1213/1213 1214/1214/1214 1215/1215/1215 
f 1214/1214/1214 1216/1216/1216 1215/1215/1215 
f 1215/1215/1215 1216/1216/1216 1216/1216/1216 
f 1216/1216/1216 1217/1217/1217 1216/1216/1216 
f 1216/1216/1216 1217/1217/1217 1217/1217/1217 
f 1217/1217/1217 1218/1218/1218 1217/1217/1217 
f 1217/1217/1217 1218/1218/1218 1219/1219/1219 
f 1218/1218/1218 1220/1220/1220 1219/1219/1219 
f 1219/1219/1219 1220/1220/1220 1221/1221/1221 
f 1220/1220/1220 1222/1222/1222 1221/1221/1221 
f 1221/1221/1221 1222/1222/1222 1223/1223/1223 
f 1222/1222/1222 1224/1224/1224 1223/1223/1223 
f 1223/1223/1223 1224/1224/1224 1225/1225/1225 
f 1224/1224/1224 1225/1225/1225 1225/1225/1225 
f 1225/1225/1225 1225/1225/1225 1226/1226/1226 
f 1225/1225/1225 1226/1226/1226 1226/1226/1226 
f 1226/1226/1226 1226/1226/1226 1227/1227/1227 
f 1226/1226/1226 1228/1228/1228 1227/1227/1227 
f 1227/1227/1227 1228/1228/1228 1229/1229/1229 
f 1228/1228/1228 1229/1229/1229 1229/1229/1229 
f 1229/1229/1229 1229/1229/1229 1230/1230/1230 
f 1229/1229/1229 1230/1230/1230 1230/1230/1230 
f 1230/1230/1230 1230/1230/1230 1231/1231/1231 
f 1230/1230/1230 1232/1232/1232 1231/1231/1231 
f 1231/1231/1231 1232/1232/1232 1233/1233/1233 
f 1232/1232/1232 1233/1233/1233 1233/1233/1233 
f 1233/1233/1233 1233/1233/1233 1234/1234/1234 
f 1233/1233/1233 1234/1234/1234 1234/1234/1234 
f 1234/1234/1234 1234/1234/1234 1235/1235/1235 
f 1234/1234/1234 1236/1236/1236 1235/1235/1235 
f 1235/1235/1235 1236/1236/1236 1237/1237/1237 
f 1236/1236/1236 1238/1238/1238 1237/1237/1237 
f 1237/1237/1237 1238/1238/1238 1239/1239/1239 
f 1238/1238/1238 1238/1238/1238 1239/1239/1239 
f 1239/1239/1239 1238/1238/1238 1240/1240/1240 
f 1238/1238/1238 1241/1241/1241 1240/1240/1240 
f 1240/1240/1240 1241/1241/1241 1242/1242/1242 
f 1241/1241/1241 1243/1243/1243 1242/1242/1242 
f 1242/1242/1242 1243/1243/1243 1243/1243/1243 
f 1243/1243/1243 1244/1244/1244 1243/1243/1243 
f 1243/1243/1243 1244/1244/1244 1244/1244/1244 
f 1244/1244/1244 1245/1245/1245 1244/1244/1244 
f 1244/1244/1244 1245/1245/1245 1246/1246/1246 
f 1245/1245/1245 1246/1246/1246 1246/1246/1246 
f 1246/1246/1246 1246/1246/1246 1247/1247/1247 
f 1246/1246/1246 1247/1247/1247 1247/1247/1247 
f 1247/1247/1247 1247/1247/1247 1248/1248/1248 
f 1247/1247/1247 1249/1249/1249 1248/1248/1248 
f 1248/1248/1248 1249/1249/1249 1250/1250/1250 
f 1249/1249/1249 1251/1251/1251 1250/1250/1250 
f 1250/1250/1250 1251/1251/1251 1252/1252/1252 
f 1251/1251/1251 1253/1253/1253 1252/1252/1252 
f 1252/1252/1252 1253/1253/1253 1254/1254/1254 
f 1253/1253/1253 1247/1247/1247 1254/1254/1254 
f 1254/1254/1254 1247/1247/1247 1248/1248/1248 
f 1247/1247/1247 1248/1248/1248 1248/1248/1248 
f 1248/1248/1248 1248/1248/1248 1255/1255/1255 
f 1248/1248/1248 1255/1255/1255 1255/1255/1255 
f 1255/1255/1255 1255/1255/1255 1256/1256/1256 
f 1255/1255/1255 1257/1257/1257 1256/1256/1256 
f 1256/1256/1256 1257/1257/1257 1258/1258/1258 
f 1257/1257/1257 1259/1259/1259 1258/1258/1258 
f 1258/1258/1258 1259/1259/1259 1258/1258/1258 
f 1259/1259/1259 1260/1260/1260 1258/1258/1258 
f 1258/1258/1258 1260/1260/1260 1261/1261/1261 
f 1260/1260/1260 1260/1260/1260 1261/1261/1261 
f 1261/1261/1261 1260/1260/1260 1255/1255/1255 
f 1260/1260/1260 1262/1262/1262 1255/1255/1255 
f 1255/1255/1255 1262/1262/1262 1257/1257/1257 
f 1262/1262/1262 1257/1257/1257 1257/1257/1257 
f 1257/1257/1257 1257/1257/1257 1263/1263/1263 
f 1257/1257/1257 1263/1263/1263 1263/1263/1263 
f 1263/1263/1263 1263/1263/1263 1264/1264/1264 
f 1263/1263/1263 1265/1265/1265 1264/1264/1264 
f 1264/1264/1264 1265/1265/1265 1266/1266/1266 
f 1265/1265/1265 1266/1266/1266 1266/1266/1266 
f 1266/1266/1266 1266/1266/1266 1267/1267/1267 
f 1266/1266/1266 1267/1267/1267 1267/1267/1267 
f 1267/1267/1267 1267/1267/1267 1268/1268/1268 
f 1267/1267/1267 1269/1269/1269 1268/1268/1268 
f 1268/1268/1268 1269/1269/1269 1270/1270/1270 
f 1269/1269/1269 1270/1270/1270 1270/1270/1270 
f 1270/1270/1270 1270/1270/1270 1271/1271/1271 
f 1270/1270/1270 1271/1271/1271 1271/1271/1271 
f 1271/1271/1271 1271/1271/1271 1272/1272/1272 
f 1271/1271/1271 1273/1273/1273 1272/1272/1272 
f 1272/1272/1272 1273/1273/1273 1274/1274/1274 
f 1273/1273/1273 1274/1274/1274 1274/1274/1274 
f 1274/1274/1274 1274/1274/1274 1275/1275/1275 
f 1274/1274/1274 1275/1275/1275 1275/1275/1275 
f 1275/1275/1275 1275/1275/1275 1276/1276/1276 
f 1275/1275/1275 1277/1277/1277 1276/1276/1276 
f 1276/1276/1276 1277/1277/1277 1278/1278/1278 
f 1277/1277/1277 1278/1278/1278 1278/1278/1278 
f 1278/1278/1278 1278/1278/1278 1279/1279/1279 
f 1278/1278/1278 1279/1279/1279 1279/1279/1279 
f 1279/1279/1279 1279/1279/1279 1280/1280/1280 
f 1279/1279/1279 1281/1281/1281 1280/1280/1280 
f 1280/1280/1280 1281/1281/1281 1282/1282/1282 
f 1281/1281/1281 1282/1282/1282 1282/1282/1282 
f 1282/1282/1282 1282/1282/1282 1283/1283/1283 
f 1282/1282/1282 1283/1283/1283 1283/1283/1283 
f 1283/1283/1283 1283/1283/1283 1284/1284/1284 
f 1283/1283/1283 1285/1285/1285 1284/1284/1284 
f 1284/1284/1284 1285/1285/1285 1286/1286/1286 
f 1285/1285/1285 1286/1286/1286 1286/1286/1286 
f 1286/1286/1286 1286/1286/1286 1287/1287/1287 
f 1286/1286/1286 1287/1287/1287 1287/1287/1287 
f 1287/1287/1287 1287/1287/1287 1288/1288/1288 
f 1287/1287/1287 1289/1289/1289 1288/1288/1288 
f 1288/1288/1288 1289/1289/1289 1290/1290/1290 
f 1289/1289/1289 1290/1290/1290 1290/1290/1290 
f 1290/1290/1290 1290/1290/1290 1291/1291/1291 
f 1290/1290/1290 1291/1291/1291 1291/1291/1291 
f 1291/1291/1291 1291/1291/1291 1292/1292/1292 
f 1291/1291/1291 1293/1293/1293 1292/1292/1292 
f 1292/1292/1292 1293/1293/1293 1294/1294/1294 
f 1293/1293/1293 1294/1294/1294 1294/1294/1294 
f 1294/1294/1294 1294/1294/1294 1295/1295/1295 
f 1294/1294/1294 1295/1295/1295 1295/1295/1295 
f 1295/1295/1295 1295/1295/1295 1296/1296/1296 
f 1295/1295/1295 1297/1297/1297 1296/1296/1296 
f 1296/1296/1296 1297/1297/1297 1298/1298/1298 
f 1297/1297/1297 1298/1298/1298 1298/1298/1298 
f 1298/1298/1298 1298/1298/1298 1299/1299/1299 
f 1298/1298/1298 1299/1299/1299 1299/1299/1299 
f 1299/1299/1299 1299/1299/1299 1300/1300/1300 
f 1299/1299/1299 1301/1301/1301 1300/1300/1300 
f 1300/1300/1300 1301/1301/1301 1302/1302/1302 
f 1301/1301/1301 1302/1302/1302 1302/1302/1302 
f 1302/1302/1302 1302/1302/1302 1303/1303/1303 
f 1302/1302/1302 1303/1303/1303 1303/1303/1303 
f 1303/1303/1303 1303/1303/1303 1304/1304/1304 
f 1303/1303/1303 1305/1305/1305 1304/1304/1304 
f 1304/1304/1304 1305/1305/1305 1306/1306/1306 
f 1305/1305/1305 1306/1306/1306 1306/1306/1306 
f 1306/1306/1306 1306/1306/1306 1307/1307/1307 
f 1306/1306/1306 1307/1307/1307 1307/1307/1307 
f 1307/1307/1307 1307/1307/1307 1308/1308/1308 
f 1307/1307/1307 1309/1309/1309 1308/1308/1308 
f 1308/1308/1308 1309/1309/1309 1310/1310/1310 
f 1309/1309/1309 1310/1310/1310 1310/1310/1310 
f 1310/1310/1310 1310/1310/1310 1311/1311/1311 
f 1310/1310/1310 1311/1311/1311 1311/1311/1311 
f 1311/1311/1311 1311/1311/1311 1312/1312/1312 
f 1311/1311/1311 1313/1313/1313 1312/1312/1312 
f 1312/1312/1312 1313/1313/1313 1313/1313/1313 
f 1313/1313/1313 1314/1314/1314 1313/1313/1313 
f 1313/1313/1313 1314/1314/1314 1314/1314/1314 
f 1314/1314/1314 1315/1315/1315 1314/1314/1314 
f 1314/1314/1314 1315/1315/1315 1316/1316/1316 
f 1315/1315/1315 1317/1317/1317 1316/1316/1316 
f 1316/1316/1316 1317/1317/1317 1317/1317/1317 
f 1317/1317/1317 1318/1318/1318 1317/1317/1317 
f 1317/1317/1317 1318/1318/1318 1318/1318/1318 
f 1318/1318/1318 1319/1319/1319 1318/1318/1318 
f 1318/1318/1318 1319/1319/1319 1320/1320/1320 
f 1319/1319/1319 1321/1321/1321 1320/1320/1320 
f 1320/1320/1320 1321/1321/1321 1322/1322/1322 
f 1321/1321/1321 1322/1322/1322 1322/1322/1322 
f 1322/1322/1322 1322/1322/1322 1319/1319/1319 
f 1322/1322/1322 1319/1319/1319 1319/1319/1319 
f 1319/1319/1319 1319/1319/1319 1321/1321/1321 
f 1319/1319/1319 1323/1323/1323 1321/1321/1321 
f 1321/1321/1321 1323/1323/1323 1323/1323/1323 
f 1323/1323/1323 1323/1323/1323 1323/1323/1323 
f 1323/1323/1323 1323/1323/1323 1323/1323/1323 
f 1323/1323/1323 1324/1324/1324 1323/1323/1323 
f 1323/1323/1323 1324/1324/1324 1325/1325/1325 
f 1324/1324/1324 1325/1325/1325 1325/1325/1325 
f 1325/1325/1325 1325/1325/1325 1326/1326/1326 
f 1325/1325/1325 1326/1326/1326 1326/1326/1326 
f 1326/1326/1326 1326/1326/1326 1327/1327/1327 
f 1326/1326/1326 1328/1328/1328 1327/1327/1327 
f 1327/1327/1327 1328/1328/1328 1329/1329/1329 
f 1328/1328/1328 1330/1330/1330 1329/1329/1329 
f 1329/1329/1329 1330/1330/1330 1330/1330/1330 
f 1330/1330/1330 1329/1329/1329 1330/1330/1330 
f 1330/1330/1330 1329/1329/1329 1329/1329/1329 
f 1329/1329/1329 1331/1331/1331 1329/1329/1329 
f 1329/1329/1329 1331/1331/1331 1327/1327/1327 
f 1331/1331/1331 1327/1327/1327 1327/1327/1327 
f 1327/1327/1327 1327/1327/1327 1332/1332/1332 
f 1327/1327/1327 1332/1332/1332 1332/1332/1332 
f 1332/1332/1332 1332/1332/1332 1333/1333/1333 
f 1332/1332/1332 1334/1334/1334 1333/1333/1333 
f 1333/1333/1333 1334/1334/1334 1335/1335/1335 
f 1334/1334/1334 1335/1335/1335 1335/1335/1335 
f 1335/1335/1335 1335/1335/1335 1336/1336/1336 
f 1335/1335/1335 1336/1336/1336 1336/1336/1336 
f 1336/1336/1336 1336/1336/1336 1337/1337/1337 
f 1336/1336/1336 1338/1338/1338 1337/1337/1337 
f 1337/1337/1337 1338/1338/1338 1339/1339/1339 
f 1338/1338/1338 1339/1339/1339 1339/1339/1339 
f 1339/1339/1339 1339/1339/1339 1340/1340/1340 
f 1339/1339/1339 1340/1340/1340 1340/1340/1340 
f 1340/1340/1340 1340/1340/1340 1341/1341/1341 
f 1340/1340/1340 1342/1342/1342 1341/1341/1341 
f 1341/1341/1341 1342/1342/1342 1343/1343/1343 
f 1342/1342/1342 1343/1343/1343 1343/1343/1343 
f 1343/1343/1343 1343/1343/1343 1344/1344/1344 
f 1343/1343/1343 1344/1344/1344 1344/1344/1344 
f 1344/1344/1344 1344/1344/1344 1345/1345/1345 
f 1344/1344/1344 1346/1346/1346 1345/1345/1345 
f 1345/1345/1345 1346/1346/1346 1347/1347/1347 
f 1346/1346/1346 1347/1347/1347 1347/1347/1347 
f 1347/1347/1347 1347/1347/1347 1348/1348/1348 
f 1347/1347/1347 1348/1348/1348 1348/1348/1348 
f 1348/1348/1348 1348/1348/1348 1349/1349/1349 
f 1348/1348/1348 1350/1350/1350 1349/1349/1349 
f 1349/1349/1349 1350/1350/1350 1351/1351/1351 
f 1350/1350/1350 1351/1351/1351 1351/1351/1351 
f 1351/1351/1351 1351/1351/1351 1352/1352/1352 
f 1351/1351/1351 1352/1352/1352 1352/1352/1352 
f 1352/1352/1352 1352/1352/1352 1353/1353/1353 
f 1352/1352/1352 1354/1354/1354 1353/1353/1353 
f 1353/1353/1353 1354/1354/1354 1355/1355/1355 
f 1354/1354/1354 1356/1356/1356 1355/1355/1355 
f 1355/1355/1355 1356/1356/1356 1356/1356/1356 
f 1356/1356/1356 1355/1355/1355 1356/1356/1356 
f 1356/1356/1356 1355/1355/1355 1355/1355/1355 
f 1355/1355/1355 1357/1357/1357 1355/1355/1355 
f 1355/1355/1355 1357/1357/1357 1353/1353/1353 
f 1357/1357/1357 1358/1358/1358 1353/1353/1353 
f 1353/1353/1353 1358/1358/1358 1358/1358/1358 
f 1358/1358/1358 1359/1359/1359 1358/1358/1358 
f 1358/1358/1358 1359/1359/1359 1359/1359/1359 
f 1359/1359/1359 1360/1360/1360 1359/1359/1359 
f 1359/1359/1359 1360/1360/1360 1361/1361/1361 
f 1360/1360/1360 1362/1362/1362 1361/1361/1361 
f 1361/1361/1361 1362/1362/1362 1362/1362/1362 
f 1362/1362/1362 1363/1363/1363 1362/1362/1362 
f 1362/1362/1362 1363/1363/1363 1363/1363/1363 
f 1363/1363/1363 1364/1364/1364 1363/1363/1363 
f 1363/1363/1363 1364/1364/1364 1365/1365/1365 
f 1364/1364/1364 1365/1365/1365 1365/1365/1365 
f 1365/1365/1365 1365/1365/1365 1366/1366/1366 
f 1365/1365/1365 1366/1366/1366 1366/1366/1366 
f 1366/1366/1366 1366/1366/1366 1367/1367/1367 
f 1366/1366/1366 1368/1368/1368 1367/1367/1367 
f 1367/1367/1367 1368/1368/1368 1368/1368/1368 
f 1368/1368/1368 1369/1369/1369 1368/1368/1368 
f 1368/1368/1368 1369/1369/1369 1369/1369/1369 
f 1369/1369/1369 1370/1370/1370 1369/1369/1369 
f 1369/1369/1369 1370/1370/1370 1371/1371/1371 
f 1370/1370/1370 1372/1372/1372 1371/1371/1371 
f 1371/1371/1371 1372/1372/1372 1372/1372/1372 
f 1372/1372/1372 1373/1373/1373 1372/1372/1372 
f 1372/1372/1372 1373/1373/1373 1373/1373/1373 
f 1373/1373/1373 1374/1374/1374 1373/1373/1373 
f 1373/1373/1373 1374/1374/1374 1375/1375/1375 
f 1374/1374/1374 1376/1376/1376 1375/1375/1375 
f 1375/1375/1375 1376/1376/1376 1377/1377/1377 
f 1376/1376/1376 1377/1377/1377 1377/1377/1377 
f 1377/1377/1377 1377/1377/1377 1374/1374/1374 
f 1377/1377/1377 1374/1374/1374 1374/1374/1374 
f 1374/1374/1374 1374/1374/1374 1376/1376/1376 
f 1374/1374/1374 1378/1378/1378 1376/1376/1376 
f 1376/1376/1376 1378/1378/1378 1379/1379/1379 
f 1378/1378/1378 1379/1379/1379 1379/1379/1379 
f 1379/1379/1379 1379/1379/1379 1380/1380/1380 
f 1379/1379/1379 1380/1380/1380 1380/1380/1380 
f 1380/1380/1380 1380/1380/1380 1381/1381/1381 
f 1380/1380/1380 1382/1382/1382 1381/1381/1381 
f 1381/1381/1381 1382/1382/1382 1383/1383/1383 
f 1382/1382/1382 1383/1383/1383 1383/1383/1383 
f 1383/1383/1383 1383/1383/1383 1384/1384/1384 
f 1383/1383/1383 1384/1384/1384 1384/1384/1384 
f 1384/1384/1384 1384/1384/1384 1385/1385/1385 
f 1384/1384/1384 1386/1386/1386 1385/1385/1385 
f 1385/1385/1385 1386/1386/1386 1387/1387/1387 
f 1386/1386/1386 1387/1387/1387 1387/1387/1387 
f 1387/1387/1387 1387/1387/1387 1388/1388/1388 
f 1387/1387/1387 1388/1388/1388 1388/1388/1388 
f 1388/1388/1388 1388/1388/1388 1389/1389/1389 
f 1388/1388/1388 1390/1390/1390 1389/1389/1389 
f 1389/1389/1389 1390/1390/1390 1391/1391/1391 
f 1390/1390/1390 1391/1391/1391 1391/1391/1391 
f 1391/1391/1391 1391/1391/1391 1392/1392/1392 
f 1391/1391/1391 1392/1392/1392 1392/1392/1392 
f 1392/1392/1392 1392/1392/1392 1393/1393/1393 
f 1392/1392/1392 1394/1394/1394 1393/1393/1393 
f 1393/1393/1393 1394/1394/1394 1395/1395/1395 
f 1394/1394/1394 1395/1395/1395 1395/1395/1395 
f 1395/1395/1395 1395/1395/1395 1396/1396/1396 
f 1395/1395/1395 1396/1396/1396 1396/1396/1396 
f 1396/1396/1396 1396/1396/1396 1397/1397/1397 
f 1396/1396/1396 1398/1398/1398 1397/1397/1397 
f 1397/1397/1397 1398/1398/1398 1399/1399/1399 
f 1398/1398/1398 1399/1399/1399 1399/1399/1399 
f 1399/1399/1399 1399/1399/1399 1400/1400/1400 
f 1399/1399/1399 1400/1400/1400 1400/1400/1400 
f 1400/1400/1400 1400/1400/1400 1401/1401/1401 
f 1400/1400/1400 1402/1402/1402 1401/1401/1401 
f 1401/1401/1401 1402/1402/1402 1402/1402/1402 
f 1402/1402/1402 1403/1403/1403 1402/1402/1402 
f 1402/1402/1402 1403/1403/1403 1403/1403/1403 
f 1403/1403/1403 1404/1404/1404 1403/1403/1403 
f 1403/1403/1403 1404/1404/1404 1405/1405/1405 
f 1404/1404/1404 1406/1406/1406 1405/1405/1405 
f 1405/1405/1405 1406/1406/1406 1407/1407/1407 
f 1406/1406/1406 1407/1407/1407 1407/1407/1407 
f 1407/1407/1407 1407/1407/1407 1408/1408/1408 
f 1407/1407/1407 1408/1408/1408 1408/1408/1408 
f 1408/1408/1408 1408/1408/1408 1409/1409/1409 
f 1408/1408/1408 1410/1410/1410 1409/1409/1409 
f 1409/1409/1409 1410/1410/1410 1410/1410/1410 
f 1410/1410/1410 1411/1411/1411 1410/1410/1410 
f 1410/1410/1410 1411/1411/1411 1411/1411/1411 
f 1411/1411/1411 1412/1412/1412 1411/1411/1411 
f 1411/1411/1411 1412/1412/1412 1413/1413/1413 
f 1412/1412/1412 1414/1414/1414 1413/1413/1413 
f 1413/1413/1413 1414/1414/1414 1414/1414/1414 
f 1414/1414/1414 1415/1415/1415 1414/1414/1414 
f 1414/1414/1414 1415/1415/1415 1415/1415/1415 
f 1415/1415/1415 1416/1416/1416 1415/1415/1415 
f 1415/1415/1415 1416/1416/1416 1417/1417/1417 
f 1416/1416/1416 1418/1418/1418 1417/1417/1417 
f 1417/1417/1417 1418/1418/1418 1418/1418/1418 
f 1418/1418/1418 1419/1419/1419 1418/1418/1418 
f 1418/1418/1418 1419/1419/1419 1419/1419/1419 
f 1419/1419/1419 1420/1420/1420 1419/1419/1419 
f 1419/1419/1419 1420/1420/1420 1421/1421/1421 
f 1420/1420/1420 1422/1422/1422 1421/1421/1421 
f 1421/1421/1421 1422/1422/1422 1422/1422/1422 
f 1422/1422/1422 1423/1423/1423 1422/1422/1422 
f 1422/1422/1422 1423/1423/1423 1423/1423/1423 
f 1423/1423/1423 1424/1424/1424 1423/1423/1423 
f 1423/1423/1423 1424/1424/1424 1425/1425/1425 
f 1424/1424/1424 1426/1426/1426 1425/1425/1425 
f 1425/1425/1425 1426/1426/1426 1426/1426/1426 
f 1426/1426/1426 1427/1427/1427 1426/1426/1426 
f 1426/1426/1426 1427/1427/1427 1427/1427/1427 
f 1427/1427/1427 1428/1428/1428 1427/1427/1427 
f 1427/1427/1427 1428/1428/1428 1429/1429/1429 
f 1428/1428/1428 1430/1430/1430 1429/1429/1429 
f 1429/1429/1429 1430/1430/1430 1430/1430/1430 
f 1430/1430/1430 1431/1431/1431 1430/1430/1430 
f 1430/1430/1430 1431/1431/1431 1431/1431/1431 
f 1431/1431/1431 1432/1432/1432 1431/1431/1431 
f 1431/1431/1431 1432/1432/1432 1433/1433/1433 
f 1432/1432/1432 1434/1434/1434 1433/1433/1433 
f 1433/1433/1433 1434/1434/1434 1434/1434/1434 
f 1434/1434/1434 1435/1435/1435 1434/1434/1434 
f 1434/1434/1434 1435/1435/1435 1435/1435/1435 
f 1435/1435/1435 1436/1436/1436 1435/1435/1435 
f 1435/1435/1435 1436/1436/1436 1437/1437/1437 
f 1436/1436/1436 1437/1437/1437 1437/1437/1437 
f 1437/1437/1437 1437/1437/1437 1435/1435/1435 
f 1437/1437/1437 1435/1435/1435 1435/1435/1435 
f 1435/1435/1435 1435/1435/1435 1438/1438/1438 
f 1435/1435/1435 1439/1439/1439 1438/1438/1438 
f 1438/1438/1438 1439/1439/1439 1440/1440/1440 
f 1439/1439/1439 1441/1441/1441 1440/1440/1440 
f 1440/1440/1440 1441/1441/1441 1441/1441/1441 
f 1441/1441/1441 1442/1442/1442 1441/1441/1441 
f 1441/1441/1441 1442/1442/1442 1442/1442/1442 
f 1442/1442/1442 1443/1443/1443 1442/1442/1442 
f 1442/1442/1442 1443/1443/1443 1444/1444/1444 
f 1443/1443/1443 1445/1445/1445 1444/1444/1444 
f 1444/1444/1444 1445/1445/1445 1445/1445/1445 
f 1445/1445/1445 1446/1446/1446 1445/1445/1445 
f 1445/1445/1445 1446/1446/1446 1446/1446/1446 
f 1446/1446/1446 1447/1447/1447 1446/1446/1446 
f 1446/1446/1446 1447/1447/1447 1448/1448/1448 
f 1447/1447/1447 1449/1449/1449 1448/1448/1448 
f 1448/1448/1448 1449/1449/1449 1449/1449/1449 
f 1449/1449/1449 1450/1450/1450 1449/1449/1449 
f 1449/1449/1449 1450/1450/1450 1450/1450/1450 
f 1450/1450/1450 1451/1451/1451 1450/1450/1450 
f 1450/1450/1450 1451/1451/1451 1452/1452/1452 
f 1451/1451/1451 1453/1453/1453 1452/1452/1452 
f 1452/1452/1452 1453/1453/1453 1453/1453/1453 
f 1453/1453/1453 1454/1454/1454 1453/1453/1453 
f 1453/1453/1453 1454/1454/1454 1454/1454/1454 
f 1454/1454/1454 1455/1455/1455 1454/1454/1454 
f 1454/1454/1454 1455/1455/1455 1456/1456/1456 
f 1455/1455/1455 1457/1457/1457 1456/1456/1456 
f 1456/1456/1456 1457/1457/1457 1457/1457/1457 
f 1457/1457/1457 1458/1458/1458 1457/1457/1457 
f 1457/1457/1457 1458/1458/1458 1458/1458/1458 
f 1458/1458/1458 1459/1459/1459 1458/1458/1458 
f 1458/1458/1458 1459/1459/1459 1460/1460/1460 
f 1459/1459/1459 1461/1461/1461 1460/1460/1460 
f 1460/1460/1460 1461/1461/1461 1461/1461/1461 
f 1461/1461/1461 1462/1462/1462 1461/1461/1461 
f 1461/1461/1461 1462/1462/1462 1462/1462/1462 
f 1462/1462/1462 1463/1463/1463 1462/1462/1462 
f 1462/1462/1462 1463/1463/1463 1464/1464/1464 
f 1463/1463/1463 1465/1465/1465 1464/1464/1464 
f 1464/1464/1464 1465/1465/1465 1465/1465/1465 
f 1465/1465/1465 1466/1466/1466 1465/1465/1465 
f 1465/1465/1465 1466/1466/1466 1466/1466/1466 
f 1466/1466/1466 1467/1467/1467 1466/1466/1466 
f 1466/1466/1466 1467/1467/1467 1468/1468/1468 
f 1467/1467/1467 1469/1469/1469 1468/1468/1468 
f 1468/1468/1468 1469/1469/1469 1469/1469/1469 
f 1469/1469/1469 1470/1470/1470 1469/1469/1469 
f 1469/1469/1469 1470/1470/1470 1470/1470/1470 
f 1470/1470/1470 1471/1471/1471 1470/1470/1470 
f 1470/1470/1470 1471/1471/1471 1472/1472/1472 
f 1471/1471/1471 1471/1471/1471 1472/1472/1472 
f 1472/1472/1472 1471/1471/1471 1473/1473/1473 
f 1471/1471/1471 1471/1471/1471 1473/1473/1473 
f 1473/1473/1473 1471/1471/1471 1474/1474/1474 
f 1471/1471/1471 1475/1475/1475 1474/1474/1474 
f 1474/1474/1474 1475/1475/1475 1475/1475/1475 
f 1475/1475/1475 1476/1476/1476 1475/1475/1475 
f 1475/1475/1475 1476/1476/1476 1476/1476/1476 
f 1476/1476/1476 1477/1477/1477 1476/1476/1476 
f 1476/1476/1476 1477/1477/1477 1478/1478/1478 
f 1477/1477/1477 1479/1479/1479 1478/1478/1478 
f 1478/1478/1478 1479/1479/1479 1479/1479/1479 
f 1479/1479/1479 1480/1480/1480 1479/1479/1479 
f 1479/1479/1479 1480/1480/1480 1480/1480/1480 
f 1480/1480/1480 1481/1481/1481 1480/1480/1480 
f 1480/1480/1480 1481/1481/1481 1482/1482/1482 
f 1481/1481/1481 1483/1483/1483 1482/1482/1482 
f 1482/1482/1482 1483/1483/1483 1483/1483/1483 
f 1483/1483/1483 1484/1484/1484 1483/1483/1483 
f 1483/1483/1483 1484/1484/1484 1484/1484/1484 
f 1484/1484/1484 1485/1485/1485 1484/1484/1484 
f 1484/1484/1484 1485/1485/1485 1486/1486/1486 
f 1485/1485/1485 1487/1487/1487 1486/1486/1486 
f 1486/1486/1486 1487/1487/1487 1487/1487/1487 
f 1487/1487/1487 1488/1488/1488 1487/1487/1487 
f 1487/1487/1487 1488/1488/1488 1488/1488/1488 
f 1488/1488/1488 1489/1489/1489 1488/1488/1488 
f 1488/1488/1488 1489/1489/1489 1490/1490/1490 
f 1489/1489/1489 1491/1491/1491 1490/1490/1490 
f 1490/1490/1490 1491/1491/1491 1491/1491/1491 
f 1491/1491/1491 1492/1492/1492 1491/1491/1491 
f 1491/1491/1491 1492/1492/1492 1492/1492/1492 
f 1492/1492/1492 1493/1493/1493 1492/1492/1492 
f 1492/1492/1492 1493/1493/1493 1494/1494/1494 
f 1493/1493/1493 1495/1495/1495 1494/1494/1494 
f 1494/1494/1494 1495/1495/1495 1495/1495/1495 
f 1495/1495/1495 1496/1496/1496 1495/1495/1495 
f 1495/1495/1495 1496/1496/1496 1496/1496/1496 
f 1496/1496/1496 1497/1497/1497 1496/1496/1496 
f 1496/1496/1496 1497/1497/1497 1498/1498/1498 
f 1497/1497/1497 1499/1499/1499 1498/1498/1498 
f 1498/1498/1498 1499/1499/1499 1499/1499/1499 
f 1499/1499/1499 1500/1500/1500 1499/1499/1499 
f 1499/1499/1499 1500/1500/1500 1500/1500/1500 
f 1500/1500/1500 1501/1501/1501 1500/1500/1500 
f 1500/1500/1500 1501/1501/1501 1502/1502/1502 
f 1501/1501/1501 1503/1503/1503 1502/1502/1502 
f 1502/1502/1502 1503/1503/1503 1503/1503/1503 
f 1503/1503/1503 1504/1504/1504 1503/1503/1503 
f 1503/1503/1503 1504/1504/1504 1504/1504/1504 
f 1504/1504/1504 1505/1505/1505 1504/1504/1504 
f 1504/1504/1504 1505/1505/1505 1506/1506/1506 
f 1505/1505/1505 1506/1506/1506 1506/1506/1506 
f 1506/1506/1506 1506/1506/1506 1507/1507/1507 
f 1506/1506/1506 1507/1507/1507 1507/1507/1507 
f 1507/1507/1507 1507/1507/1507 1508/1508/1508 
f 1507/1507/1507 1509/1509/1509 1508/1508/1508 
f 1508/1508/1508 1509/1509/1509 1508/1508/1508 
f 1509/1509/1509 1510/1510/1510 1508/1508/1508 
f 1508/1508/1508 1510/1510/1510 1511/1511/1511 
f 1510/1510/1510 1511/1511/1511 1511/1511/1511 
f 1511/1511/1511 1511/1511/1511 1512/1512/1512 
f 1511/1511/1511 1512/1512/1512 1512/1512/1512 
f 1512/1512/1512 1512/1512/1512 1513/1513/1513 
f 1512/1512/1512 1514/1514/1514 1513/1513/1513 
f 1513/1513/1513 1514/1514/1514 1515/1515/1515 
f 1514/1514/1514 1515/1515/1515 1515/1515/1515 
f 1515/1515/1515 1515/1515/1515 1516/1516/1516 
f 1515/1515/1515 1516/1516/1516 1516/1516/1516 
f 1516/1516/1516 1516/1516/1516 1517/1517/1517 
f 1516/1516/1516 1518/1518/1518 1517/1517/1517 
f 1517/1517/1517 1518/1518/1518 1519/1519/1519 
f 1518/1518/1518 1519/1519/1519 1519/1519/1519 
f 1519/1519/1519 1519/1519/1519 1520/1520/1520 
f 1519/1519/1519 1520/1520/1520 1520/1520/1520 
f 1520/1520/1520 1520/1520/1520 1521/1521/1521 
f 1520/1520/1520 1522/1522/1522 1521/1521/1521 
f 1521/1521/1521 1522/1522/1522 1523/1523/1523 
f 1522/1522/1522 1523/1523/1523 1523/1523/1523 
f 1523/1523/1523 1523/1523/1523 1524/1524/1524 
f 1523/1523/1523 1524/1524/1524 1524/1524/1524 
f 1524/1524/1524 1524/1524/1524 1525/1525/1525 
f 1524/1524/1524 1526/1526/1526 1525/1525/1525 
f 1525/1525/1525 1526/1526/1526 1526/1526/1526 
f 1526/1526/1526 1527/1527/1527 1526/1526/1526 
f 1526/1526/1526 1527/1527/1527 1527/1527/1527 
f 1527/1527/1527 1528/1528/1528 1527/1527/1527 
f 1527/1527/1527 1528/1528/1528 1529/1529/1529 
f 1528/1528/1528 1529/1529/1529 1529/1529/1529 
f 1529/1529/1529 1529/1529/1529 1530/1530/1530 
f 1529/1529/1529 1530/1530/1530 1530/1530/1530 
f 1530/1530/1530 1530/1530/1530 1531/1531/1531 
f 1530/1530/1530 1532/1532/1532 1531/1531/1531 
f 1531/1531/1531 1532/1532/1532 1532/1532/1532 
f 1532/1532/1532 1533/1533/1533 1532/1532/1532 
f 1532/1532/1532 1533/1533/1533 1533/1533/1533 
f 1533/1533/1533 1534/1534/1534 1533/1533/1533 
f 1533/1533/1533 1534/1534/1534 1535/1535/1535 
f 1534/1534/1534 1536/1536/1536 1535/1535/1535 
f 1535/1535/1535 1536/1536/1536 1537/1537/1537 
f 1536/1536/1536 1537/1537/1537 1537/1537/1537 
f 1537/1537/1537 1537/1537/1537 1538/1538/1538 
f 1537/1537/1537 1538/1538/1538 1538/1538/1538 
f 1538/1538/1538 1538/1538/1538 1539/1539/1539 
f 1538/1538/1538 1540/1540/1540 1539/1539/1539 
f 1539/1539/1539 1540/1540/1540 1541/1541/1541 
f 1540/1540/1540 1541/1541/1541 1541/1541/1541 
f 1541/1541/1541 1541/1541/1541 1542/1542/1542 
f 1541/1541/1541 1542/1542/1542 1542/1542/1542 
f 1542/1542/1542 1542/1542/1542 1543/1543/1543 
f 1542/1542/1542 1544/1544/1544 1543/1543/1543 
f 1543/1543/1543 1544/1544/1544 1545/1545/1545 
f 1544/1544/1544 1546/1546/1546 1545/1545/1545 
f 1545/1545/1545 1546/1546/1546 1546/1546/1546 
f 1546/1546/1546 1547/1547/1547 1546/1546/1546 
f 1546/1546/1546 1547/1547/1547 1547/1547/1547 
f 1547/1547/1547 1548/1548/1548 1547/1547/1547 
f 1547/1547/1547 1548/1548/1548 1549/1549/1549 
f 1548/1548/1548 1550/1550/1550 1549/1549/1549 
f 1549/1549/1549 1550/1550/1550 1550/1550/1550 
f 1550/1550/1550 1551/1551/1551 1550/1550/1550 
f 1550/1550/1550 1551/1551/1551 1551/1551/1551 
f 1551/1551/1551 1552/1552/1552 1551/1551/1551 
f 1551/1551/1551 1552/1552/1552 1553/1553/1553 
f 1552/1552/1552 1553/1553/1553 1553/1553/1553 
f 1553/1553/1553 1553/1553/1553 1554/1554/1554 
f 1553/1553/1553 1554/1554/1554 1554/1554/1554 
f 1554/1554/1554 1554/1554/1554 1555/1555/1555 
f 1554/1554/1554 1556/1556/1556 1555/1555/1555 
f 1555/1555/1555 1556/1556/1556 1556/1556/1556 
f 1556/1556/1556 1557/1557/1557 1556/1556/1556 
f 1556/1556/1556 1557/1557/1557 1557/1557/1557 
f 1557/1557/1557 1558/1558/1558 1557/1557/1557 
f 1557/1557/1557 1558/1558/1558 1559/1559/1559 
f 1558/1558/1558 1559/1559/1559 1559/1559/1559 
f 1559/1559/1559 1559/1559/1559 1560/1560/1560 
f 1559/1559/1559 1560/1560/1560 1560/1560/1560 
f 1560/1560/1560 1560/1560/1560 1561/1561/1561 
f 1560/1560/1560 1562/1562/1562 1561/1561/1561 
f 1561/1561/1561 1562/1562/1562 1562/1562/1562 
f 1562/1562/1562 1563/1563/1563 1562/1562/1562 
f 1562/1562/1562 1563/1563/1563 1563/1563/1563 
f 1563/1563/1563 1564/1564/1564 1563/1563/1563 
f 1563/1563/1563 1564/1564/1564 1565/1565/1565 
f 1564/1564/1564 1565/1565/1565 1565/1565/1565 
f 1565/1565/1565 1565/1565/1565 1566/1566/1566 
f 1565/1565/1565 1566/1566/1566 1566/1566/1566 
f 1566/1566/1566 1566/1566/1566 1567/1567/1567 
f 1566/1566/1566 1568/1568/1568 1567/1567/1567 
f 1567/1567/1567 1568/1568/1568 1568/1568/1568 
f 1568/1568/1568 1569/1569/1569 1568/1568/1568 
f 1568/1568/1568 1569/1569/1569 1569/1569/1569 
f 1569/1569/1569 1570/1570/1570 1569/1569/1569 
f 1569/1569/1569 1570/1570/1570 1571/1571/1571 
f 1570/1570/1570 1571/1571/1571 1571/1571/1571 
f 1571/1571/1571 1571/1571/1571 1572/1572/1572 
f 1571/1571/1571 1572/1572/1572 1572/1572/1572 
f 1572/1572/1572 1572/1572/1572 1573/1573/1573 
f 1572/1572/1572 1574/1574/1574 1573/1573/1573 
f 1573/1573/1573 1574/1574/1574 1574/1574/1574 
f 1574/1574/1574 1575/1575/1575 1574/1574/1574 
f 1574/1574/1574 1575/1575/1575 1575/1575/1575 
f 1575/1575/1575 1576/1576/1576 1575/1575/1575 
f 1575/1575/1575 1576/1576/1576 1577/1577/1577 
f 1576/1576/1576 1577/1577/1577 1577/1577/1577 
f 1577/1577/1577 1577/1577/1577 1578/1578/1578 
f 1577/1577/1577 1578/1578/1578 1578/1578/1578 
f 1578/1578/1578 1578/1578/1578 1579/1579/1579 
f 1578/1578/1578 1580/1580/1580 1579/1579/1579 
f 1579/1579/1579 1580/1580/1580 1580/1580/1580 
f 1580/1580/1580 1581/1581/1581 1580/1580/1580 
f 1580/1580/1580 1581/1581/1581 1581/1581/1581 
f 1581/1581/1581 1582/1582/1582 1581/1581/1581 
f 1581/1581/1581 1582/1582/1582 1583/1583/1583 
f 1582/1582/1582 1583/1583/1583 1583/1583/1583 
f 1583/1583/1583 1583/1583/1583 1584/1584/1584 
f 1583/1583/1583 1584/1584/1584 1584/1584/1584 
f 1584/1584/1584 1584/1584/1584 1585/1585/1585 
f 1584/1584/1584 1586/1586/1586 1585/1585/1585 
f 1585/1585/1585 1586/1586/1586 1586/1586/1586 
f 1586/1586/1586 1587/1587/1587 1586/1586/1586 
f 1586/1586/1586 1587/1587/1587 1587/1587/1587 
f 1587/1587/1587 1588/1588/1588 1587/1587/1587 
f 1587/1587/1587 1588/1588/1588 1589/1589/1589 
f 1588/1588/1588 1589/1589/1589 1589/1589/1589 
f 1589/1589/1589 1589/1589/1589 1590/1590/1590 
f 1589/1589/1589 1590/1590/1590 1590/1590/1590 
f 1590/1590/1590 1590/1590/1590 1591/1591/1591 
f 1590/1590/1590 1592/1592/1592 1591/1591/1591 
f 1591/1591/1591 1592/1592/1592 1592/1592/1592 
f 1592/1592/1592 1593/1593/1593 1592/1592/1592 
f 1592/1592/1592 1593/1593/1593 1593/1593/1593 
f 1593/1593/1593 1594/1594/1594 1593/1593/1593 
f 1593/1593/1593 1594/1594/1594 1595/1595/1595 
f 1594/1594/1594 1594/1594/1594 1595/1595/1595 
f 1595/1595/1595 1594/1594/1594 1596/1596/1596 
f 1594/1594/1594 1597/1597/1597 1596/1596/1596 
f 1596/1596/1596 1597/1597/1597 1598/1598/1598 
f 1597/1597/1597 1599/1599/1599 1598/1598/1598 
f 1598/1598/1598 1599/1599/1599 1600/1600/1600 
f 1599/1599/1599 1601/1601/1601 1600/1600/1600 
f 1600/1600/1600 1601/1601/1601 1602/1602/1602 
f 1601/1601/1601 1603/1603/1603 1602/1602/1602 
f 1602/1602/1602 1603/1603/1603 1604/1604/1604 
f 1603/1603/1603 1605/1605/1605 1604/1604/1604 
f 1604/1604/1604 1605/1605/1605 1606/1606/1606 
f 1605/1605/1605 1607/1607/1607 1606/1606/1606 
f 1606/1606/1606 1607/1607/1607 1608/1608/1608 
f 1607/1607/1607 1609/1609/1609 1608/1608/1608 
f 1608/1608/1608 1609/1609/1609 1610/1610/1610 
f 1609/1609/1609 1611/1611/1611 1610/1610/1610 
f 1610/1610/1610 1611/1611/1611 1612/1612/1612 
f 1611/1611/1611 1613/1613/1613 1612/1612/1612 
f 1612/1612/1612 1613/1613/1613 1613/1613/1613 
f 1613/1613/1613 1614/1614/1614 1613/1613/1613 
f 1613/1613/1613 1614/1614/1614 1614/1614/1614 
f 1614/1614/1614 1615/1615/1615 1614/1614/1614 
f 1614/1614/1614 1615/1615/1615 1616/1616/1616 
f 1615/1615/1615 1616/1616/1616 1616/1616/1616 
f 1616/1616/1616 1616/1616/1616 1595/1595/1595 
f 1616/1616/1616 1595/1595/1595 1595/1595/1595 
f 1595/1595/1595 1595/1595/1595 1593/1593/1593 
f 1595/1595/1595 1617/1617/1617 1593/1593/1593 
f 1593/1593/1593 1617/1617/1617 1618/1618/1618 
f 1617/1617/1617 1619/1619/1619 1618/1618/1618 
f 1618/1618/1618 1619/1619/1619 1620/1620/1620 
f 1619/1619/1619 1621/1621/1621 1620/1620/1620 
f 1620/1620/1620 1621/1621/1621 1622/1622/1622 
f 1621/1621/1621 1623/1623/1623 1622/1622/1622 
f 1622/1622/1622 1623/1623/1623 1624/1624/1624 
f 1623/1623/1623 1625/1625/1625 1624/1624/1624 
f 1624/1624/1624 1625/1625/1625 1626/1626/1626 
f 1625/1625/1625 1627/1627/1627 1626/1626/1626 
f 1626/1626/1626 1627/1627/1627 1627/1627/1627 
f 1627/1627/1627 1628/1628/1628 1627/1627/1627 
f 1627/1627/1627 1628/1628/1628 1628/1628/1628 
f 1628/1628/1628 1629/1629/1629 1628/1628/1628 
f 1628/1628/1628 1629/1629/1629 1630/1630/1630 
f 1629/1629/1629 1630/1630/1630 1630/1630/1630 
f 1630/1630/1630 1630/1630/1630 1631/1631/1631 
f 1630/1630/1630 1631/1631/1631 1631/1631/1631 
f 1631/1631/1631 1631/1631/1631 1632/1632/1632 
f 1631/1631/1631 1633/1633/1633 1632/1632/1632 
f 1632/1632/1632 1633/1633/1633 1634/1634/1634 
f 1633/1633/1633 1635/1635/1635 1634/1634/1634 
f 1634/1634/1634 1635/1635/1635 1636/1636/1636 
f 1635/1635/1635 1637/1637/1637 1636/1636/1636 
f 1636/1636/1636 1637/1637/1637 1638/1638/1638 
f 1637/1637/1637 1639/1639/1639 1638/1638/1638 
f 1638/1638/1638 1639/1639/1639 1640/1640/1640 
f 1639/1639/1639 1641/1641/1641 1640/1640/1640 
f 1640/1640/1640 1641/1641/1641 1642/1642/1642 
f 1641/1641/1641 1643/1643/1643 1642/1642/1642 
f 1642/1642/1642 1643/1643/1643 1644/1644/1644 
f 1643/1643/1643 1645/1645/1645 1644/1644/1644 
f 1644/1644/1644 1645/1645/1645 1646/1646/1646 
f 1645/1645/1645 1647/1647/1647 1646/1646/1646 
f 1646/1646/1646 1647/1647/1647 1648/1648/1648 
f 1647/1647/1647 1649/1649/1649 1648/1648/1648 
f 1648/1648/1648 1649/1649/1649 1650/1650/1650 
f 1649/1649/1649 1651/1651/1651 1650/1650/1650 
f 1650/1650/1650 1651/1651/1651 1651/1651/1651 
f 1651/1651/1651 1652/1652/1652 1651/1651/1651 
f 1651/1651/1651 1652/1652/1652 1652/1652/1652 
f 1652/1652/1652 1653/1653/1653 1652/1652/1652 
f 1652/1652/1652 1653/1653/1653 1654/1654/1654 
f 1653/1653/1653 1654/1654/1654 1654/1654/1654 
f 1654/1654/1654 1654/1654/1654 1632/1632/1632 
f 1654/1654/1654 1632/1632/1632 1632/1632/1632 
f 1632/1632/1632 1632/1632/1632 1631/1631/1631 
f 1632/1632/1632 1655/1655/1655 1631/1631/1631 
f 1631/1631/1631 1655/1655/1655 1656/1656/1656 
f 1655/1655/1655 1657/1657/1657 1656/1656/1656 
f 1656/1656/1656 1657/1657/1657 1658/1658/1658 
f 1657/1657/1657 1659/1659/1659 1658/1658/1658 
f 1658/1658/1658 1659/1659/1659 1660/1660/1660 
f 1659/1659/1659 1661/1661/1661 1660/1660/1660 
f 1660/1660/1660 1661/1661/1661 1662/1662/1662 
f 1661/1661/1661 1663/1663/1663 1662/1662/1662 
f 1662/1662/1662 1663/1663/1663 1664/1664/1664 
f 1663/1663/1663 1665/1665/1665 1664/1664/1664 
f 1664/1664/1664 1665/1665/1665 1665/1665/1665 
f 1665/1665/1665 1666/1666/1666 1665/1665/1665 
f 1665/1665/1665 1666/1666/1666 1666/1666/1666 
f 1666/1666/1666 1667/1667/1667 1666/1666/1666 
f 1666/1666/1666 1667/1667/1667 1668/1668/1668 

