mtllib model_4.mtl
o model_4
v 1383.2025146484375 102.1208267211914 -894.8060913085938 
v 1522.5911865234375 102.1208267211914 -926.6175537109375 
v 1383.2025146484375 75.7307357788086 -894.8060913085938 
v 1522.5911865234375 75.7307357788086 -926.6175537109375 
v 1383.2025146484375 75.7307357788086 -894.8060913085938 
v 1522.5911865234375 75.7307357788086 -926.6175537109375 
v 1383.2025146484375 75.73072814941406 -752.6270141601562 
v 1661.918212890625 75.73072814941406 -752.6270751953125 
v 1661.9180908203125 75.7307357788086 -1092.6611328125 
v 1522.591064453125 75.7307357788086 -1017.8798828125 
v 1383.202392578125 75.7307357788086 -1092.6611328125 
v 1383.202392578125 75.7307357788086 -1049.691162109375 
v 1383.2025146484375 102.1208267211914 -894.8060913085938 
v 1383.2025146484375 102.1208267211914 -752.6270141601562 
v 1522.5911865234375 102.1208267211914 -926.6175537109375 
v 1661.918212890625 102.1208267211914 -752.6271362304688 
v 1661.9180908203125 102.1208267211914 -1092.6611328125 
v 1522.591064453125 102.1208267211914 -1017.8798828125 
v 1383.202392578125 102.1208267211914 -1092.6611328125 
v 1383.202392578125 102.1208267211914 -1049.691162109375 
v 1429.9146728515625 102.1208267211914 -874.6317749023438 
v 1429.9146728515625 240.0503387451172 -874.6317749023438 
v 1429.9146728515625 102.1208267211914 -861.2088012695312 
v 1429.9146728515625 240.0503387451172 -861.2088012695312 
v 1425.01611328125 248.3219451904297 -874.6317749023438 
v 1425.01611328125 248.3219451904297 -861.2088012695312 
v 1425.01611328125 263.98162841796875 -874.6317749023438 
v 1425.01611328125 263.98162841796875 -861.2088012695312 
v 1463.27587890625 263.98162841796875 -874.6317749023438 
v 1463.27587890625 263.98162841796875 -861.2088012695312 
v 1463.27587890625 240.0503387451172 -874.6318969726562 
v 1463.27587890625 240.0503387451172 -861.2089233398438 
v 1484.6812744140625 102.1208267211914 -874.6318969726562 
v 1484.6812744140625 102.1208267211914 -861.2089233398438 
v 1484.6812744140625 102.1208267211914 -874.6318969726562 
v 1429.9146728515625 102.1208267211914 -874.6317749023438 
v 1463.27587890625 240.0503387451172 -874.6318969726562 
v 1429.9146728515625 240.0503387451172 -874.6317749023438 
v 1425.01611328125 248.3219451904297 -874.6317749023438 
v 1463.27587890625 263.98162841796875 -874.6317749023438 
v 1425.01611328125 263.98162841796875 -874.6317749023438 
v 1455.920654296875 102.1208267211914 -911.4019165039062 
v 1449.873046875 102.1208267211914 -910.0217895507812 
v 1455.920654296875 172.5452880859375 -874.6318969726562 
v 1449.873046875 172.5452880859375 -874.6318969726562 
v 1425.01611328125 263.98162841796875 -861.2088012695312 
v 1425.01611328125 248.3219451904297 -861.2088012695312 
v 1463.27587890625 263.98162841796875 -861.2088012695312 
v 1463.27587890625 240.0503387451172 -861.2089233398438 
v 1429.9146728515625 240.0503387451172 -861.2088012695312 
v 1429.9146728515625 102.1208267211914 -861.2088012695312 
v 1484.6812744140625 102.1208267211914 -861.2089233398438 
v 1463.27587890625 263.98162841796875 -874.6317749023438 
v 1463.27587890625 263.98162841796875 -861.2088012695312 
v 1425.01611328125 263.98162841796875 -874.6317749023438 
v 1425.01611328125 263.98162841796875 -861.2088012695312 
v 1455.920654296875 102.1208267211914 -911.4019165039062 
v 1455.920654296875 102.1208267211914 -874.6318969726562 
v 1455.920654296875 172.5452880859375 -874.6318969726562 
v 1444.2593994140625 260.83465576171875 -860.9973754882812 
v 1450.459716796875 265.37884521484375 -879.3458251953125 
v 1451.85693359375 263.98162841796875 -860.9973754882812 
v 1455.00390625 271.5791015625 -860.9973754882812 
v 1444.2593994140625 262.8105773925781 -879.3458251953125 
v 1436.661865234375 263.98162841796875 -860.9973754882812 
v 1438.05908203125 265.37884521484375 -879.3458251953125 
v 1433.5150146484375 271.5791015625 -860.9973754882812 
v 1435.4908447265625 271.5791015625 -879.3458251953125 
v 1438.05908203125 277.7794189453125 -879.3458251953125 
v 1436.661865234375 279.1766052246094 -860.9973754882812 
v 1444.2593994140625 280.34765625 -879.3458251953125 
v 1444.2593994140625 282.3235778808594 -860.9973754882812 
v 1450.459716796875 277.7794189453125 -879.3458251953125 
v 1451.85693359375 279.1766052246094 -860.9973754882812 
v 1453.0279541015625 271.5791015625 -879.3458251953125 
v 1449.82666015625 266.0118713378906 -863.7481689453125 
v 1444.2593994140625 263.70587158203125 -863.7481689453125 
v 1452.132568359375 271.5791015625 -863.7481689453125 
v 1436.38623046875 271.5791015625 -863.7481689453125 
v 1444.2593994140625 279.4523620605469 -863.7481689453125 
v 1438.692138671875 277.14630126953125 -863.7481689453125 
v 1438.692138671875 266.0118713378906 -863.7481689453125 
v 1449.82666015625 277.14630126953125 -863.7481689453125 
v 1661.9180908203125 75.7307357788086 -1092.6611328125 
v 1383.202392578125 75.7307357788086 -1092.6611328125 
v 1661.9180908203125 102.1208267211914 -1092.6611328125 
v 1383.202392578125 102.1208267211914 -1092.6611328125 
v 1522.591064453125 102.1208267211914 -1017.8798828125 
v 1383.202392578125 102.1208267211914 -1049.691162109375 
v 1522.591064453125 75.7307357788086 -1017.8798828125 
v 1383.202392578125 75.7307357788086 -1049.691162109375 
v 1429.91455078125 102.12084197998047 -1069.865478515625 
v 1429.91455078125 240.05032348632812 -1069.865478515625 
v 1429.91455078125 102.1208267211914 -1083.28857421875 
v 1429.91455078125 240.0503387451172 -1083.28857421875 
v 1425.0159912109375 248.3219451904297 -1069.865478515625 
v 1425.0159912109375 248.32196044921875 -1083.28857421875 
v 1425.0159912109375 263.98162841796875 -1083.28857421875 
v 1425.0159912109375 263.98162841796875 -1069.8656005859375 
v 1425.0159912109375 263.98162841796875 -1083.28857421875 
v 1463.2757568359375 263.98162841796875 -1083.28857421875 
v 1425.0159912109375 248.32196044921875 -1083.28857421875 
v 1463.2757568359375 240.0503387451172 -1083.28857421875 
v 1429.91455078125 240.0503387451172 -1083.28857421875 
v 1429.91455078125 102.1208267211914 -1083.28857421875 
v 1484.68115234375 102.1208267211914 -1083.28857421875 
v 1425.0159912109375 263.98162841796875 -1069.8656005859375 
v 1425.0159912109375 248.3219451904297 -1069.865478515625 
v 1463.2757568359375 263.98162841796875 -1069.8656005859375 
v 1463.2757568359375 240.05032348632812 -1069.8656005859375 
v 1429.91455078125 240.05032348632812 -1069.865478515625 
v 1455.9205322265625 102.12084197998047 -1069.8656005859375 
v 1429.91455078125 102.12084197998047 -1069.865478515625 
v 1484.68115234375 102.12084197998047 -1069.8656005859375 
v 1383.202392578125 102.1208267211914 -1092.6611328125 
v 1383.202392578125 102.1208267211914 -1049.691162109375 
v 1383.202392578125 75.7307357788086 -1092.6611328125 
v 1383.202392578125 75.7307357788086 -1049.691162109375 
v 1451.85693359375 263.98162841796875 -1083.2886962890625 
v 1455.0037841796875 271.5791320800781 -1083.2886962890625 
v 1444.2593994140625 260.83465576171875 -1083.2886962890625 
v 1444.2593994140625 282.3236083984375 -1083.2886962890625 
v 1436.661865234375 263.98162841796875 -1083.2886962890625 
v 1433.514892578125 271.5791320800781 -1083.2886962890625 
v 1436.661865234375 279.1766052246094 -1083.2886962890625 
v 1451.85693359375 279.1766052246094 -1083.2886962890625 
v 1433.514892578125 271.5791320800781 -1083.2886962890625 
v 1438.05908203125 277.7793884277344 -1064.9403076171875 
v 1436.661865234375 279.1766052246094 -1083.2886962890625 
v 1444.2593994140625 282.3236083984375 -1083.2886962890625 
v 1435.4908447265625 271.5791015625 -1064.9403076171875 
v 1438.05908203125 265.3788146972656 -1064.9403076171875 
v 1436.661865234375 263.98162841796875 -1083.2886962890625 
v 1444.2593994140625 262.8105773925781 -1064.9403076171875 
v 1444.2593994140625 260.83465576171875 -1083.2886962890625 
v 1451.85693359375 263.98162841796875 -1083.2886962890625 
v 1450.459716796875 265.3788146972656 -1064.9403076171875 
v 1453.0279541015625 271.5791015625 -1064.9403076171875 
v 1455.0037841796875 271.5791320800781 -1083.2886962890625 
v 1450.459716796875 277.7793884277344 -1064.9403076171875 
v 1451.85693359375 279.1766052246094 -1083.2886962890625 
v 1444.2593994140625 280.3476257324219 -1064.9403076171875 
v 1484.68115234375 102.1208267211914 -1083.28857421875 
v 1484.68115234375 102.12084197998047 -1069.8656005859375 
v 1463.2757568359375 240.0503387451172 -1083.28857421875 
v 1463.2757568359375 240.05032348632812 -1069.8656005859375 
v 1463.2757568359375 263.98162841796875 -1083.28857421875 
v 1463.2757568359375 263.98162841796875 -1069.8656005859375 
v 1661.9180908203125 102.1208267211914 -1092.6611328125 
v 1661.9180908203125 75.7307357788086 -1092.6611328125 
v 1661.918212890625 102.1208267211914 -752.6271362304688 
v 1661.918212890625 75.73072814941406 -752.6270751953125 
v 1383.2025146484375 102.1208267211914 -752.6270141601562 
v 1383.2025146484375 75.73072814941406 -752.6270141601562 
v 1383.2025146484375 102.1208267211914 -894.8060913085938 
v 1383.2025146484375 75.7307357788086 -894.8060913085938 
v 1522.591064453125 75.7307357788086 -1017.8798828125 
v 1522.591064453125 102.1208267211914 -1017.8798828125 
v 1522.5911865234375 75.7307357788086 -926.6175537109375 
v 1522.5911865234375 102.1208267211914 -926.6175537109375 
v 1597.1185302734375 102.1208267211914 -1090.08544921875 
v 1598.446044921875 107.09319305419922 -1088.56884765625 
v 1597.1185302734375 102.1208267211914 -1062.8929443359375 
v 1598.446044921875 107.09320068359375 -1064.409423828125 
v 1629.516357421875 102.1208267211914 -1090.08544921875 
v 1629.516357421875 102.1208267211914 -1062.8929443359375 
v 1628.188720703125 107.09319305419922 -1088.56884765625 
v 1628.188720703125 107.09320068359375 -1064.409423828125 
v 1597.1185302734375 102.1208267211914 -1062.8929443359375 
v 1598.446044921875 107.09320068359375 -1064.409423828125 
v 1629.516357421875 102.1208267211914 -1062.8929443359375 
v 1628.188720703125 107.09320068359375 -1064.409423828125 
v 1598.6544189453125 107.09320068359375 -1069.6170654296875 
v 1606.757568359375 123.3735580444336 -1069.6170654296875 
v 1598.6544189453125 107.09320068359375 -1066.6781005859375 
v 1606.757568359375 123.3735580444336 -1066.6781005859375 
v 1619.87744140625 123.3735580444336 -1066.6781005859375 
v 1619.87744140625 123.3735580444336 -1069.6170654296875 
v 1627.98046875 107.09320068359375 -1069.6170654296875 
v 1627.98046875 107.09320068359375 -1066.6781005859375 
v 1627.98046875 107.09319305419922 -1083.361328125 
v 1627.98046875 107.09319305419922 -1085.8638916015625 
v 1619.87744140625 123.3735580444336 -1083.361328125 
v 1619.87744140625 123.3735580444336 -1085.864013671875 
v 1606.757568359375 123.3735580444336 -1085.8638916015625 
v 1606.757568359375 123.3735580444336 -1083.361328125 
v 1598.6544189453125 107.09319305419922 -1083.3612060546875 
v 1598.6544189453125 107.09319305419922 -1085.8638916015625 
v 1627.98046875 107.09320068359375 -1069.6170654296875 
v 1598.6544189453125 107.09320068359375 -1069.6170654296875 
v 1619.87744140625 123.3735580444336 -1069.6170654296875 
v 1606.757568359375 123.3735580444336 -1069.6170654296875 
v 1627.98046875 107.09319305419922 -1085.8638916015625 
v 1598.6544189453125 107.09319305419922 -1085.8638916015625 
v 1619.87744140625 123.3735580444336 -1085.864013671875 
v 1606.757568359375 123.3735580444336 -1085.8638916015625 
v 1606.757568359375 123.3735580444336 -1066.6781005859375 
v 1598.6544189453125 107.09320068359375 -1066.6781005859375 
v 1619.87744140625 123.3735580444336 -1066.6781005859375 
v 1627.98046875 107.09320068359375 -1066.6781005859375 
v 1623.528076171875 117.43037414550781 -992.2611083984375 
v 1623.528076171875 101.27737426757812 -992.2611083984375 
v 1584.8876953125 117.43037414550781 -992.2611083984375 
v 1584.8876953125 101.27737426757812 -992.2611083984375 
v 1623.5283203125 117.43036651611328 -792.2345581054688 
v 1623.5283203125 101.2773666381836 -792.234619140625 
v 1528.9638671875 117.43036651611328 -792.2344970703125 
v 1528.9638671875 101.2773666381836 -792.2344970703125 
v 1661.918212890625 75.73072814941406 -752.6270751953125 
v 1661.918212890625 102.1208267211914 -752.6271362304688 
v 1383.2025146484375 75.73072814941406 -752.6270141601562 
v 1383.2025146484375 102.1208267211914 -752.6270141601562 
v 1603.190673828125 318.3668518066406 -676.2759399414062 
v 1603.190673828125 178.45339965820312 -676.2759399414062 
v 1613.064208984375 318.3668518066406 -673.6303100585938 
v 1613.064208984375 178.45339965820312 -673.6303100585938 
v 1595.9625244140625 178.45339965820312 -683.50390625 
v 1595.9625244140625 318.3668518066406 -683.50390625 
v 1593.31689453125 178.45339965820312 -693.3776245117188 
v 1593.31689453125 318.36688232421875 -693.3776245117188 
v 1595.9625244140625 178.45339965820312 -703.2513427734375 
v 1595.9625244140625 318.36688232421875 -703.2513427734375 
v 1603.190673828125 178.45339965820312 -710.4793090820312 
v 1603.190673828125 318.36688232421875 -710.4793090820312 
v 1613.064208984375 178.45339965820312 -713.125 
v 1613.064208984375 318.36688232421875 -713.125 
v 1622.93798828125 318.3668518066406 -676.2759399414062 
v 1622.93798828125 178.45339965820312 -676.2759399414062 
v 1630.1658935546875 318.3668518066406 -683.50390625 
v 1630.1658935546875 178.45339965820312 -683.50390625 
v 1632.8115234375 318.36688232421875 -693.3776245117188 
v 1632.8115234375 178.45339965820312 -693.3776245117188 
v 1630.1658935546875 318.36688232421875 -703.2513427734375 
v 1630.1658935546875 178.45339965820312 -703.2513427734375 
v 1622.93798828125 318.36688232421875 -710.4793090820312 
v 1622.93798828125 178.45339965820312 -710.4793090820312 
v 1613.064208984375 318.36688232421875 -713.125 
v 1613.064208984375 178.45339965820312 -713.125 
v 1482.37646484375 189.14222717285156 -767.24365234375 
v 1482.37646484375 102.12100982666016 -767.24365234375 
v 1486.2586669921875 189.14222717285156 -771.1258544921875 
v 1486.2586669921875 102.12100982666016 -771.1258544921875 
v 1486.2586669921875 189.1422119140625 -844.301513671875 
v 1486.2586669921875 102.12100982666016 -844.3016357421875 
v 1482.37646484375 189.1422119140625 -848.183837890625 
v 1482.37646484375 102.12100982666016 -848.183837890625 
v 1623.528076171875 117.43036651611328 -962.9794311523438 
v 1623.528076171875 101.2773666381836 -962.9794311523438 
v 1623.5283203125 117.43036651611328 -792.2345581054688 
v 1623.5283203125 101.2773666381836 -792.234619140625 
v 1584.8876953125 117.43037414550781 -992.2611083984375 
v 1584.8876953125 101.27737426757812 -992.2611083984375 
v 1584.8876953125 117.43036651611328 -962.9794311523438 
v 1584.8876953125 101.2773666381836 -962.9794311523438 
v 1649.514404296875 117.43036651611328 -764.7625122070312 
v 1649.514404296875 101.2773666381836 -764.7625122070312 
v 1649.514404296875 117.43036651611328 -1044.2711181640625 
v 1649.514404296875 101.2773666381836 -1044.2711181640625 
v 1623.528076171875 117.43036651611328 -1044.2711181640625 
v 1623.528076171875 117.43037414550781 -992.2611083984375 
v 1649.514404296875 117.43036651611328 -1044.2711181640625 
v 1623.528076171875 117.43036651611328 -962.9794311523438 
v 1649.514404296875 117.43036651611328 -764.7625122070312 
v 1623.5283203125 117.43036651611328 -792.2345581054688 
v 1528.9638671875 117.43036651611328 -764.762451171875 
v 1528.9638671875 117.43036651611328 -792.2344970703125 
v 1584.8876953125 117.43036651611328 -962.9794311523438 
v 1584.8876953125 117.43037414550781 -992.2611083984375 
v 1412.004150390625 189.14222717285156 -771.1257934570312 
v 1416.2200927734375 193.35821533203125 -840.0855102539062 
v 1412.004150390625 189.1422119140625 -844.301513671875 
v 1415.8863525390625 189.1422119140625 -848.1837158203125 
v 1416.22021484375 193.35821533203125 -775.3417358398438 
v 1415.8863525390625 189.14224243164062 -767.2435302734375 
v 1420.1024169921875 193.35821533203125 -771.4595336914062 
v 1482.37646484375 189.14222717285156 -767.24365234375 
v 1478.1605224609375 193.35821533203125 -771.4595947265625 
v 1486.2586669921875 189.14222717285156 -771.1258544921875 
v 1482.0428466796875 193.35821533203125 -775.3418579101562 
v 1486.2586669921875 189.1422119140625 -844.301513671875 
v 1482.042724609375 193.35821533203125 -840.0855712890625 
v 1478.1605224609375 193.35821533203125 -843.9678344726562 
v 1482.37646484375 189.1422119140625 -848.183837890625 
v 1420.1024169921875 193.35821533203125 -843.9677124023438 
v 1415.8863525390625 189.1422119140625 -848.1837158203125 
v 1412.004150390625 189.1422119140625 -844.301513671875 
v 1415.8863525390625 102.12100982666016 -848.1837158203125 
v 1412.004150390625 102.12100982666016 -844.301513671875 
v 1412.004150390625 102.12100982666016 -771.1258544921875 
v 1412.004150390625 189.14222717285156 -771.1257934570312 
v 1415.8863525390625 102.12100982666016 -767.2435913085938 
v 1415.8863525390625 189.14224243164062 -767.2435302734375 
v 1482.37646484375 102.12100982666016 -767.24365234375 
v 1415.8863525390625 102.12100982666016 -767.2435913085938 
v 1482.37646484375 189.14222717285156 -767.24365234375 
v 1415.8863525390625 189.14224243164062 -767.2435302734375 
v 1606.757568359375 123.3735580444336 -1083.361328125 
v 1619.87744140625 123.3735580444336 -1083.361328125 
v 1598.6544189453125 107.09319305419922 -1083.3612060546875 
v 1627.98046875 107.09319305419922 -1083.361328125 
v 1425.0159912109375 263.98162841796875 -1069.8656005859375 
v 1425.0159912109375 263.98162841796875 -1083.28857421875 
v 1463.2757568359375 263.98162841796875 -1069.8656005859375 
v 1463.2757568359375 263.98162841796875 -1083.28857421875 
v 1528.9638671875 117.43036651611328 -764.762451171875 
v 1649.514404296875 117.43036651611328 -764.7625122070312 
v 1528.9638671875 101.2773666381836 -764.762451171875 
v 1649.514404296875 101.2773666381836 -764.7625122070312 
v 1623.528076171875 117.43036651611328 -1044.2711181640625 
v 1623.528076171875 117.43037414550781 -992.2611083984375 
v 1623.528076171875 101.2773666381836 -1044.2711181640625 
v 1623.528076171875 101.27737426757812 -992.2611083984375 
v 1584.8876953125 117.43036651611328 -962.9794311523438 
v 1623.528076171875 117.43036651611328 -962.9794311523438 
v 1584.8876953125 101.2773666381836 -962.9794311523438 
v 1623.528076171875 101.2773666381836 -962.9794311523438 
v 1649.514404296875 117.43036651611328 -1044.2711181640625 
v 1623.528076171875 117.43036651611328 -1044.2711181640625 
v 1649.514404296875 101.2773666381836 -1044.2711181640625 
v 1623.528076171875 101.2773666381836 -1044.2711181640625 
v 1630.1658935546875 178.45339965820312 -683.50390625 
v 1632.8115234375 178.45339965820312 -693.3776245117188 
v 1622.93798828125 178.45339965820312 -676.2759399414062 
v 1613.064208984375 178.45339965820312 -673.6303100585938 
v 1603.190673828125 178.45339965820312 -676.2759399414062 
v 1603.190673828125 178.45339965820312 -710.4793090820312 
v 1593.31689453125 178.45339965820312 -693.3776245117188 
v 1595.9625244140625 178.45339965820312 -703.2513427734375 
v 1630.1658935546875 178.45339965820312 -703.2513427734375 
v 1622.93798828125 178.45339965820312 -710.4793090820312 
v 1613.064208984375 178.45339965820312 -713.125 
v 1595.9625244140625 178.45339965820312 -683.50390625 
v 1449.873046875 102.1208267211914 -874.6318969726562 
v 1449.873046875 172.5452880859375 -874.6318969726562 
v 1449.873046875 102.1208267211914 -910.0217895507812 
v 1595.6903076171875 75.7307357788086 -681.7111206054688 
v 1595.6903076171875 178.27151489257812 -681.7111206054688 
v 1630.945068359375 75.7307357788086 -681.7111206054688 
v 1630.945068359375 178.27151489257812 -681.7111206054688 
v 1630.945068359375 102.1208267211914 -698.4933471679688 
v 1595.6903076171875 102.1208267211914 -698.4933471679688 
v 1630.945068359375 102.1208267211914 -752.6271362304688 
v 1595.690185546875 102.1208267211914 -752.6271362304688 
v 1630.945068359375 178.27151489257812 -698.4933471679688 
v 1630.945068359375 102.1208267211914 -698.4933471679688 
v 1630.945068359375 178.27151489257812 -681.7111206054688 
v 1630.945068359375 75.7307357788086 -681.7111206054688 
v 1630.945068359375 75.73072814941406 -752.6270751953125 
v 1630.945068359375 102.1208267211914 -752.6271362304688 
v 1630.945068359375 75.7307357788086 -681.7111206054688 
v 1630.945068359375 75.73072814941406 -752.6270751953125 
v 1595.6903076171875 75.7307357788086 -681.7111206054688 
v 1595.690185546875 75.73072814941406 -752.6270751953125 
v 1595.6903076171875 178.27151489257812 -698.4933471679688 
v 1630.945068359375 178.27151489257812 -698.4933471679688 
v 1595.6903076171875 178.27151489257812 -681.7111206054688 
v 1630.945068359375 178.27151489257812 -681.7111206054688 
v 1595.6903076171875 178.27151489257812 -698.4933471679688 
v 1595.6903076171875 178.27151489257812 -681.7111206054688 
v 1595.6903076171875 102.1208267211914 -698.4933471679688 
v 1595.6903076171875 75.7307357788086 -681.7111206054688 
v 1595.690185546875 75.73072814941406 -752.6270751953125 
v 1595.690185546875 102.1208267211914 -752.6271362304688 
v 1595.6903076171875 102.1208267211914 -698.4933471679688 
v 1595.6903076171875 178.27151489257812 -698.4933471679688 
v 1630.945068359375 102.1208267211914 -698.4933471679688 
v 1630.945068359375 178.27151489257812 -698.4933471679688 
v 1629.516357421875 102.1208267211914 -1090.08544921875 
v 1597.1185302734375 102.1208267211914 -1090.08544921875 
v 1628.188720703125 107.09319305419922 -1088.56884765625 
v 1598.446044921875 107.09319305419922 -1088.56884765625 
v 1628.188720703125 107.09319305419922 -1088.56884765625 
v 1598.446044921875 107.09319305419922 -1088.56884765625 
v 1628.188720703125 107.09320068359375 -1064.409423828125 
v 1598.446044921875 107.09320068359375 -1064.409423828125 
v 1486.2586669921875 177.5014190673828 -843.89208984375 
v 1486.2586669921875 177.5014190673828 -828.884033203125 
v 1502.0880126953125 177.5014190673828 -843.89208984375 
v 1502.0880126953125 177.5014190673828 -828.884033203125 
v 1502.0880126953125 152.61605834960938 -828.884033203125 
v 1486.2586669921875 152.61605834960938 -828.884033203125 
v 1502.0880126953125 152.61605834960938 -843.89208984375 
v 1486.2586669921875 152.61605834960938 -843.89208984375 
v 1486.2586669921875 152.61605834960938 -843.89208984375 
v 1486.2586669921875 177.5014190673828 -843.89208984375 
v 1502.0880126953125 152.61605834960938 -843.89208984375 
v 1502.0880126953125 177.5014190673828 -843.89208984375 
v 1502.0880126953125 152.61605834960938 -843.89208984375 
v 1502.0880126953125 177.5014190673828 -843.89208984375 
v 1502.0880126953125 152.61605834960938 -828.884033203125 
v 1502.0880126953125 177.5014190673828 -828.884033203125 
v 1486.2586669921875 177.5014190673828 -828.884033203125 
v 1486.2586669921875 152.61605834960938 -828.884033203125 
v 1502.0880126953125 177.5014190673828 -828.884033203125 
v 1502.0880126953125 152.61605834960938 -828.884033203125 
v 1436.661865234375 263.98162841796875 -860.9973754882812 
v 1444.2593994140625 260.83465576171875 -860.9973754882812 
v 1433.5150146484375 271.5791015625 -860.9973754882812 
v 1451.85693359375 263.98162841796875 -860.9973754882812 
v 1455.00390625 271.5791015625 -860.9973754882812 
v 1436.661865234375 279.1766052246094 -860.9973754882812 
v 1444.2593994140625 282.3235778808594 -860.9973754882812 
v 1451.85693359375 279.1766052246094 -860.9973754882812 
v 1610.8853759765625 336.2577819824219 -700.341552734375 
v 1619.685546875 336.2577819824219 -697.482177734375 
v 1610.8853759765625 316.3935852050781 -700.341552734375 
v 1619.685546875 316.3935852050781 -697.4822387695312 
v 1619.685546875 336.2577819824219 -688.2291870117188 
v 1619.685546875 316.3935852050781 -688.2291870117188 
v 1610.8853759765625 336.2577819824219 -685.3698120117188 
v 1610.8853759765625 316.39361572265625 -685.3698120117188 
v 1605.4466552734375 336.2577819824219 -692.855712890625 
v 1605.4466552734375 316.3935852050781 -692.855712890625 
v 1610.8853759765625 336.2577819824219 -700.341552734375 
v 1610.8853759765625 316.3935852050781 -700.341552734375 
v 1619.685546875 336.2577819824219 -697.482177734375 
v 1619.685546875 336.2577819824219 -688.2291870117188 
v 1610.8853759765625 336.2577819824219 -700.341552734375 
v 1610.8853759765625 336.2577819824219 -685.3698120117188 
v 1605.4466552734375 336.2577819824219 -692.855712890625 
v 1609.50390625 261.5342712402344 -711.5213623046875 
v 1609.50390625 270.00213623046875 -711.5213623046875 
v 1609.50390625 261.5342712402344 -727.166015625 
v 1609.50390625 270.00213623046875 -727.166015625 
v 1617.9718017578125 270.00213623046875 -711.5213623046875 
v 1617.9718017578125 270.00213623046875 -727.1660766601562 
v 1617.9718017578125 261.5342712402344 -711.5213623046875 
v 1617.9718017578125 261.5342712402344 -727.1660766601562 
v 1609.50390625 261.5342712402344 -727.166015625 
v 1609.50390625 261.5342712402344 -711.5213623046875 
v 1609.50390625 296.6923522949219 -711.5214233398438 
v 1609.50390625 305.16015625 -711.5214233398438 
v 1609.50390625 296.6923522949219 -727.1660766601562 
v 1609.50390625 305.16015625 -727.1660766601562 
v 1617.9718017578125 305.16015625 -711.5214233398438 
v 1617.9718017578125 305.16015625 -727.1660766601562 
v 1617.9718017578125 296.6923522949219 -711.5214233398438 
v 1617.9718017578125 296.6923522949219 -727.1660766601562 
v 1609.50390625 296.6923522949219 -727.1660766601562 
v 1609.50390625 296.6923522949219 -711.5214233398438 
v 1609.50390625 296.6923522949219 -727.1660766601562 
v 1609.50390625 305.16015625 -727.1660766601562 
v 1617.9718017578125 296.6923522949219 -727.1660766601562 
v 1617.9718017578125 305.16015625 -727.1660766601562 
v 1609.50390625 261.5342712402344 -727.166015625 
v 1609.50390625 270.00213623046875 -727.166015625 
v 1617.9718017578125 261.5342712402344 -727.1660766601562 
v 1617.9718017578125 270.00213623046875 -727.1660766601562 
v 1609.50390625 226.6664276123047 -711.5214233398438 
v 1609.50390625 235.13429260253906 -711.5214233398438 
v 1609.50390625 226.6664276123047 -727.1660766601562 
v 1609.50390625 235.13429260253906 -727.1660766601562 
v 1617.9718017578125 235.13429260253906 -711.5214233398438 
v 1617.9718017578125 235.13429260253906 -727.1660766601562 
v 1617.9718017578125 226.6664276123047 -711.5214233398438 
v 1617.9718017578125 226.6664276123047 -727.1660766601562 
v 1609.50390625 226.6664276123047 -727.1660766601562 
v 1609.50390625 226.6664276123047 -711.5214233398438 
v 1609.50390625 226.6664276123047 -727.1660766601562 
v 1609.50390625 235.13429260253906 -727.1660766601562 
v 1617.9718017578125 226.6664276123047 -727.1660766601562 
v 1617.9718017578125 235.13429260253906 -727.1660766601562 
v 1609.50390625 191.6085205078125 -711.5213623046875 
v 1609.50390625 200.0763702392578 -711.5213623046875 
v 1609.50390625 191.6085205078125 -727.166015625 
v 1609.50390625 200.0763702392578 -727.166015625 
v 1617.9718017578125 200.0763702392578 -711.5213623046875 
v 1617.9718017578125 200.0763702392578 -727.1660766601562 
v 1617.9718017578125 191.6085205078125 -711.5213623046875 
v 1617.9718017578125 191.6085205078125 -727.1660766601562 
v 1609.50390625 191.6085205078125 -727.166015625 
v 1609.50390625 191.6085205078125 -711.5213623046875 
v 1609.50390625 191.6085205078125 -727.166015625 
v 1609.50390625 200.0763702392578 -727.166015625 
v 1617.9718017578125 191.6085205078125 -727.1660766601562 
v 1617.9718017578125 200.0763702392578 -727.1660766601562 
v 1528.9638671875 117.43036651611328 -764.762451171875 
v 1528.9638671875 117.43036651611328 -792.2344970703125 
v 1528.9638671875 101.2773666381836 -764.762451171875 
v 1528.9638671875 101.2773666381836 -792.2344970703125 
v 1415.8863525390625 189.1422119140625 -848.1837158203125 
v 1482.37646484375 189.1422119140625 -848.183837890625 
v 1415.8863525390625 102.12100982666016 -848.1837158203125 
v 1482.37646484375 102.12100982666016 -848.183837890625 
v 1595.9625244140625 318.36688232421875 -703.2513427734375 
v 1593.31689453125 318.36688232421875 -693.3776245117188 
v 1603.190673828125 318.36688232421875 -710.4793090820312 
v 1622.93798828125 318.3668518066406 -676.2759399414062 
v 1622.93798828125 318.36688232421875 -710.4793090820312 
v 1632.8115234375 318.36688232421875 -693.3776245117188 
v 1630.1658935546875 318.36688232421875 -703.2513427734375 
v 1595.9625244140625 318.3668518066406 -683.50390625 
v 1603.190673828125 318.3668518066406 -676.2759399414062 
v 1613.064208984375 318.3668518066406 -673.6303100585938 
v 1613.064208984375 318.36688232421875 -713.125 
v 1630.1658935546875 318.3668518066406 -683.50390625 
v 1529.7657470703125 101.33700561523438 -789.2971801757812 
v 1529.7657470703125 110.93983459472656 -789.2971801757812 
v 1483.3555908203125 101.33700561523438 -789.2971801757812 
v 1483.3555908203125 110.93983459472656 -789.2971801757812 
v 1483.3555908203125 113.74240112304688 -781.9739990234375 
v 1529.7657470703125 113.74240112304688 -781.9739990234375 
v 1483.3555908203125 110.93984985351562 -774.65087890625 
v 1529.7657470703125 110.93984985351562 -774.65087890625 
v 1529.7657470703125 101.3370132446289 -774.65087890625 
v 1483.3555908203125 101.3370132446289 -774.65087890625 
v 1614.653076171875 107.07711029052734 -766.0372314453125 
v 1613.7498779296875 105.24803161621094 -760.4317626953125 
v 1610.2305908203125 102.9656753540039 -768.4583129882812 
v 1609.211181640625 100.94068908691406 -762.1746215820312 
v 1605.05224609375 105.9676284790039 -762.3843383789062 
v 1605.8082275390625 107.54886627197266 -767.1316528320312 
v 1609.5906982421875 110.27499389648438 -760.6414794921875 
v 1610.2305908203125 111.6602783203125 -764.7105712890625 
v 1614.653076171875 107.07711029052734 -766.0372314453125 
v 1613.7498779296875 105.24803161621094 -760.4317626953125 
v 1609.3028564453125 110.10950469970703 -759.3422241210938 
v 1612.6295166015625 105.38317108154297 -756.1793823242188 
v 1612.6295166015625 105.38317108154297 -756.1793823242188 
v 1607.71240234375 101.21251678466797 -756.57958984375 
v 1605.7613525390625 104.68984985351562 -752.6607666015625 
v 1611.3192138671875 107.72052764892578 -753.5556030273438 
v 1604.135498046875 109.84522247314453 -751.7125854492188 
v 1610.11328125 111.59990692138672 -752.9136352539062 
v 1602.9090576171875 115.40306854248047 -752.6072387695312 
v 1609.040771484375 116.48725128173828 -753.7235107421875 
v 1601.8218994140625 121.68549346923828 -754.6014404296875 
v 1608.0145263671875 122.42662048339844 -755.6146850585938 
v 1600.7923583984375 128.85821533203125 -757.4706420898438 
v 1607.0142822265625 129.3966522216797 -758.4046630859375 
v 1599.8062744140625 136.9049530029297 -761.060302734375 
v 1606.045166015625 137.3084259033203 -761.9348754882812 
v 1598.8687744140625 145.74388122558594 -765.2183837890625 
v 1605.1180419921875 146.04908752441406 -766.0469970703125 
v 1597.9898681640625 155.26806640625 -769.7892456054688 
v 1604.24609375 155.49642944335938 -770.581298828125 
v 1597.18212890625 165.35931396484375 -774.6151123046875 
v 1603.4437255859375 165.52398681640625 -775.3767700195312 
v 1596.45947265625 175.89382934570312 -779.5363159179688 
v 1602.724853515625 176.00271606445312 -780.2721557617188 
v 1595.83544921875 186.7442169189453 -784.3923950195312 
v 1602.103759765625 186.80186462402344 -785.1053466796875 
v 1595.324462890625 197.78048706054688 -789.022216796875 
v 1601.5950927734375 197.78875732421875 -789.714599609375 
v 1594.940673828125 208.8702850341797 -793.2645263671875 
v 1601.212890625 208.82870483398438 -793.93798828125 
v 1594.69775390625 219.87847900390625 -796.9585571289062 
v 1600.97119140625 219.7843017578125 -797.614501953125 
v 1594.609619140625 230.66661071777344 -799.9448852539062 
v 1600.883544921875 230.5144805908203 -800.5850830078125 
v 1600.96240234375 240.8739013671875 -802.6943359375 
v 1594.6890869140625 241.0922088623047 -802.0672607421875 
v 1601.2186279296875 250.71258544921875 -803.7947387695312 
v 1594.9473876953125 251.0087890625 -803.1759033203125 
v 1601.660888671875 259.8801574707031 -803.7528076171875 
v 1595.394287109375 260.2690124511719 -803.1327514648438 
v 1602.294921875 268.23876953125 -802.454345703125 
v 1596.0367431640625 268.7357482910156 -801.8163452148438 
v 1603.1263427734375 275.6898498535156 -799.7980346679688 
v 1596.8814697265625 276.3046875 -799.1167602539062 
v 1604.168701171875 282.1947021484375 -795.6580810546875 
v 1597.9420166015625 282.9225158691406 -794.9041137695312 
v 1605.449462890625 287.7436218261719 -789.8340454101562 
v 1599.2435302734375 288.561767578125 -788.98583984375 
v 1607.0057373046875 292.2776184082031 -782.057861328125 
v 1600.8193359375 293.1544189453125 -781.1109619140625 
v 1608.868408203125 295.6549987792969 -772.0665283203125 
v 1602.6988525390625 296.56256103515625 -771.0316772460938 
v 1611.057861328125 297.6914978027344 -759.650634765625 
v 1604.9007568359375 298.6114196777344 -758.5447387695312 
v 1613.585693359375 298.2055358886719 -744.6455688476562 
v 1607.437744140625 299.1276550292969 -743.4849243164062 
v 1616.4608154296875 297.0340576171875 -726.9127807617188 
v 1610.3197021484375 297.9535827636719 -725.7095947265625 
v 1611.2884521484375 304.5471496582031 -725.1728515625 
v 1608.3099365234375 305.75787353515625 -743.5430297851562 
v 1617.4295654296875 303.62762451171875 -726.3760986328125 
v 1604.3857421875 105.93882751464844 -759.742431640625 
v 1605.6478271484375 305.2109375 -759.3430786132812 
v 1603.28173828125 303.0011291503906 -772.7587280273438 
v 1601.194580078125 299.20452880859375 -783.9496459960938 
v 1599.376708984375 293.8946838378906 -793.03076171875 
v 1597.830078125 287.1876220703125 -800.063232421875 
v 1596.562255859375 279.2821350097656 -805.103515625 
v 1595.57177734375 270.42633056640625 -808.275390625 
v 1594.8426513671875 260.8392639160156 -809.7774658203125 
v 1594.3511962890625 250.68016052246094 -809.8326416015625 
v 1594.0738525390625 240.06890869140625 -808.6511840820312 
v 1593.989990234375 229.11288452148438 -806.4236450195312 
v 1594.081298828125 217.91995239257812 -803.3269653320312 
v 1594.330810546875 206.60243225097656 -799.5301513671875 
v 1594.7227783203125 195.277099609375 -795.1984252929688 
v 1595.2418212890625 184.06434631347656 -790.4950561523438 
v 1595.873046875 173.08721923828125 -785.58251953125 
v 1596.6014404296875 162.47079467773438 -780.6231689453125 
v 1597.412109375 152.3421173095703 -775.779541015625 
v 1598.2899169921875 142.8299102783203 -771.2142944335938 
v 1599.219482421875 134.06549072265625 -767.091064453125 
v 1600.18505859375 126.18437957763672 -763.5744018554688 
v 1601.1680908203125 119.33151245117188 -760.8302001953125 
v 1602.14404296875 113.67577362060547 -759.0242309570312 
v 1603.064208984375 109.45354461669922 -758.2984008789062 
v 1603.8114013671875 106.9666976928711 -758.6062622070312 
v 1609.3692626953125 109.99735260009766 -759.501220703125 
v 1611.3192138671875 107.72052764892578 -753.5556030273438 
v 1610.11328125 111.59990692138672 -752.9136352539062 
v 1609.0419921875 111.20825958251953 -759.4994506835938 
v 1608.2757568359375 114.75995635986328 -760.1404418945312 
v 1607.3604736328125 120.07263946533203 -761.8434448242188 
v 1606.406982421875 126.72282409667969 -764.5084228515625 
v 1605.458251953125 134.4689483642578 -767.9656372070312 
v 1604.5390625 143.13510131835938 -772.0430297851562 
v 1603.66845703125 152.5704803466797 -776.571533203125 
v 1602.8629150390625 162.6354522705078 -781.3848876953125 
v 1602.1385498046875 173.19607543945312 -786.3182983398438 
v 1601.51025390625 184.12200927734375 -791.2080078125 
v 1600.993408203125 195.28538513183594 -795.8908081054688 
v 1600.6031494140625 206.56085205078125 -800.20361328125 
v 1600.354736328125 217.82574462890625 -803.98291015625 
v 1600.263916015625 228.96075439453125 -807.0637817382812 
v 1600.34716796875 239.85061645507812 -809.2781982421875 
v 1600.622314453125 250.38394165039062 -810.4515380859375 
v 1601.109375 260.4504699707031 -810.3975219726562 
v 1601.8299560546875 269.9294128417969 -808.9134521484375 
v 1602.8072509765625 278.6673583984375 -805.7847900390625 
v 1604.0567626953125 286.4598388671875 -800.817138671875 
v 1605.5826416015625 293.0765075683594 -793.87890625 
v 1607.380615234375 298.3277282714844 -784.8965454101562 
v 1609.4515380859375 302.0935974121094 -773.7935791015625 
v 1611.804931640625 304.2910461425781 -760.448974609375 
v 1614.457763671875 304.8357238769531 -744.70361328125 
v 1613.585693359375 298.2055358886719 -744.6455688476562 
v 1616.4608154296875 297.0340576171875 -726.9127807617188 
v 1611.057861328125 297.6914978027344 -759.650634765625 
v 1608.868408203125 295.6549987792969 -772.0665283203125 
v 1607.0057373046875 292.2776184082031 -782.057861328125 
v 1605.449462890625 287.7436218261719 -789.8340454101562 
v 1604.168701171875 282.1947021484375 -795.6580810546875 
v 1603.1263427734375 275.6898498535156 -799.7980346679688 
v 1602.294921875 268.23876953125 -802.454345703125 
v 1601.660888671875 259.8801574707031 -803.7528076171875 
v 1601.2186279296875 250.71258544921875 -803.7947387695312 
v 1600.96240234375 240.8739013671875 -802.6943359375 
v 1600.883544921875 230.5144805908203 -800.5850830078125 
v 1600.97119140625 219.7843017578125 -797.614501953125 
v 1601.212890625 208.82870483398438 -793.93798828125 
v 1601.5950927734375 197.78875732421875 -789.714599609375 
v 1602.103759765625 186.80186462402344 -785.1053466796875 
v 1602.724853515625 176.00271606445312 -780.2721557617188 
v 1603.4437255859375 165.52398681640625 -775.3767700195312 
v 1604.24609375 155.49642944335938 -770.581298828125 
v 1605.1180419921875 146.04908752441406 -766.0469970703125 
v 1606.045166015625 137.3084259033203 -761.9348754882812 
v 1607.0142822265625 129.3966522216797 -758.4046630859375 
v 1608.0145263671875 122.42662048339844 -755.6146850585938 
v 1609.040771484375 116.48725128173828 -753.7235107421875 
v 1622.5762939453125 104.38333892822266 -767.9507446289062 
v 1626.9342041015625 109.02835083007812 -766.5989379882812 
v 1620.710693359375 104.864013671875 -760.0635986328125 
v 1625.3323974609375 109.40941619873047 -759.7932739257812 
v 1618.672607421875 107.97311401367188 -754.1762084960938 
v 1623.7745361328125 111.75240325927734 -755.2636108398438 
v 1616.72021484375 113.46238708496094 -751.0543823242188 
v 1622.329345703125 115.83737182617188 -752.978515625 
v 1615.179443359375 119.9703369140625 -750.636962890625 
v 1621.07470703125 121.17701721191406 -752.6798706054688 
v 1613.970947265625 126.97726440429688 -751.961669921875 
v 1619.9862060546875 127.5109634399414 -753.8938598632812 
v 1612.9627685546875 134.56683349609375 -754.4325561523438 
v 1619.029296875 134.7238006591797 -756.2470703125 
v 1612.0992431640625 142.73886108398438 -757.7000732421875 
v 1618.18994140625 142.6739044189453 -759.4271850585938 
v 1611.3597412109375 151.39120483398438 -761.4640502929688 
v 1617.46240234375 151.19248962402344 -763.1329956054688 
v 1610.7357177734375 160.37188720703125 -765.4291381835938 
v 1616.84375 160.0970458984375 -767.0640869140625 
v 1610.22265625 169.50347900390625 -769.2984008789062 
v 1616.3326416015625 169.19700622558594 -770.9192504882812 
v 1609.8177490234375 178.59103393554688 -772.7738647460938 
v 1615.927490234375 178.29452514648438 -774.3975830078125 
v 1609.5191650390625 187.42210388183594 -775.5601196289062 
v 1615.6270751953125 187.18264770507812 -777.2005615234375 
v 1609.324462890625 195.76300048828125 -777.374267578125 
v 1615.4300537109375 195.6421661376953 -779.0381469726562 
v 1609.2298583984375 203.36032104492188 -777.9679565429688 
v 1615.3331298828125 203.442626953125 -779.6433715820312 
v 1609.228271484375 209.98182678222656 -777.1636352539062 
v 1615.33203125 210.36924743652344 -778.7945556640625 
v 1609.3109130859375 215.54098510742188 -774.8338012695312 
v 1615.420166015625 216.30279541015625 -776.2996826171875 
v 1615.596923828125 221.2535858154297 -771.8668823242188 
v 1609.4757080078125 220.1559600830078 -770.7006225585938 
v 1615.868896484375 225.18357849121094 -765.02783203125 
v 1609.7337646484375 223.87831115722656 -764.2098388671875 
v 1616.2425537109375 227.87315368652344 -755.3134765625 
v 1610.0955810546875 226.47879028320312 -754.798095703125 
v 1616.718505859375 229.03382873535156 -742.3800659179688 
v 1610.5628662109375 227.6165313720703 -742.0936279296875 
v 1617.2939453125 228.41046142578125 -725.9606323242188 
v 1611.1322021484375 226.9991912841797 -725.845703125 
v 1609.8184814453125 233.51780700683594 -725.2274169921875 
v 1609.2227783203125 234.1573028564453 -742.2098999023438 
v 1615.9801025390625 234.9290771484375 -725.3423461914062 
v 1608.7178955078125 232.91571044921875 -755.9144287109375 
v 1608.303466796875 229.9133758544922 -766.677978515625 
v 1607.981689453125 225.23745727539062 -774.7604370117188 
v 1607.76123046875 219.0438232421875 -780.296630859375 
v 1607.6505126953125 211.669921875 -783.4218139648438 
v 1607.6507568359375 203.5015106201172 -784.4478149414062 
v 1607.7579345703125 194.79495239257812 -783.7864990234375 
v 1607.9688720703125 185.7109375 -781.8197631835938 
v 1608.283203125 176.39447021484375 -778.8845825195312 
v 1608.700927734375 167.001953125 -775.2943725585938 
v 1609.2227783203125 157.7018585205078 -771.3545532226562 
v 1609.849609375 148.671875 -767.3677368164062 
v 1610.58154296875 140.096923828125 -763.6366577148438 
v 1611.41796875 132.1700439453125 -760.464599609375 
v 1612.35498046875 125.09793090820312 -758.1539916992188 
v 1613.380615234375 119.1144790649414 -756.9962158203125 
v 1614.4622802734375 114.47978973388672 -757.2216796875 
v 1615.5771484375 111.30896759033203 -758.9603271484375 
v 1616.8056640625 109.49024200439453 -762.5576782226562 
v 1618.21826171875 109.17915344238281 -768.5861206054688 
v 1621.4271240234375 114.0356216430664 -762.287353515625 
v 1622.5762939453125 113.82414245605469 -767.2342529296875 
v 1626.9342041015625 109.02835083007812 -766.5989379882812 
v 1625.3323974609375 109.40941619873047 -759.7932739257812 
v 1620.6790771484375 115.0882568359375 -760.0477905273438 
v 1623.7745361328125 111.75240325927734 -755.2636108398438 
v 1620.071044921875 116.85475158691406 -759.1458129882812 
v 1619.27587890625 120.3211669921875 -759.0391235351562 
v 1618.3702392578125 125.63160705566406 -760.0861206054688 
v 1617.4844970703125 132.32701110839844 -762.279052734375 
v 1616.672119140625 140.03196716308594 -765.36376953125 
v 1615.9521484375 148.47317504882812 -769.0367431640625 
v 1615.3309326171875 157.42703247070312 -772.989501953125 
v 1614.8109130859375 166.6954803466797 -776.915283203125 
v 1614.392822265625 176.0979766845703 -780.50830078125 
v 1614.0770263671875 185.4714813232422 -783.460205078125 
v 1613.8634033203125 194.67410278320312 -785.4503784179688 
v 1613.7540283203125 203.5838165283203 -786.123291015625 
v 1613.7540283203125 212.05735778808594 -785.0526733398438 
v 1613.87060546875 219.8056640625 -781.7625122070312 
v 1614.1029052734375 226.33509826660156 -775.9267578125 
v 1614.4385986328125 231.2186737060547 -767.4960327148438 
v 1614.8648681640625 234.3101043701172 -756.4298095703125 
v 1615.37841796875 235.57460021972656 -742.496337890625 
v 1616.718505859375 229.03382873535156 -742.3800659179688 
v 1617.2939453125 228.41046142578125 -725.9606323242188 
v 1616.2425537109375 227.87315368652344 -755.3134765625 
v 1615.868896484375 225.18357849121094 -765.02783203125 
v 1615.596923828125 221.2535858154297 -771.8668823242188 
v 1615.420166015625 216.30279541015625 -776.2996826171875 
v 1615.33203125 210.36924743652344 -778.7945556640625 
v 1615.3331298828125 203.442626953125 -779.6433715820312 
v 1615.4300537109375 195.6421661376953 -779.0381469726562 
v 1615.6270751953125 187.18264770507812 -777.2005615234375 
v 1615.927490234375 178.29452514648438 -774.3975830078125 
v 1616.3326416015625 169.19700622558594 -770.9192504882812 
v 1616.84375 160.0970458984375 -767.0640869140625 
v 1617.46240234375 151.19248962402344 -763.1329956054688 
v 1618.18994140625 142.6739044189453 -759.4271850585938 
v 1619.029296875 134.7238006591797 -756.2470703125 
v 1619.9862060546875 127.5109634399414 -753.8938598632812 
v 1621.07470703125 121.17701721191406 -752.6798706054688 
v 1622.329345703125 115.83737182617188 -752.978515625 
v 1628.59765625 100.26355743408203 -775.5202026367188 
v 1631.0367431640625 105.32127380371094 -766.0740356445312 
v 1624.2574462890625 96.20268249511719 -772.8578491210938 
v 1627.0169677734375 101.94608306884766 -762.1741943359375 
v 1633.0177001953125 111.88975524902344 -759.9537353515625 
v 1629.33447265625 109.64874267578125 -755.0039672851562 
v 1631.0966796875 118.71734619140625 -751.015625 
v 1634.5343017578125 119.69839477539062 -756.5411376953125 
v 1632.248291015625 128.43731689453125 -749.5571899414062 
v 1635.5701904296875 128.45545959472656 -755.2471923828125 
v 1632.8153076171875 138.35943603515625 -749.7890625 
v 1636.1060791015625 137.84542846679688 -755.4762573242188 
v 1632.8336181640625 148.2130126953125 -750.944091796875 
v 1636.124267578125 147.5559844970703 -756.6167602539062 
v 1632.32666015625 157.73316955566406 -752.3470458984375 
v 1635.6055908203125 157.2919464111328 -758.0482177734375 
v 1631.317138671875 166.60028076171875 -753.3768920898438 
v 1634.523193359375 166.77969360351562 -759.1386108398438 
v 1629.8492431640625 174.43687438964844 -753.4765014648438 
v 1632.8338623046875 175.76339721679688 -759.2225341796875 
v 1628.0001220703125 180.8937225341797 -752.21484375 
v 1630.4765625 183.9458465576172 -757.5617065429688 
v 1625.7911376953125 185.90792846679688 -749.2241821289062 
v 1627.436279296875 190.8372802734375 -753.4038696289062 
v 1623.8170166015625 195.83309936523438 -746.2373657226562 
v 1623.0499267578125 189.65545654296875 -743.7891235351562 
v 1619.718505859375 198.58815002441406 -735.72705078125 
v 1619.5760498046875 191.95167541503906 -734.8579711914062 
v 1615.83935546875 198.95135498046875 -720.6031494140625 
v 1616.0703125 192.26707458496094 -720.8883666992188 
v 1624.2574462890625 105.0774917602539 -776.1563720703125 
v 1626.4105224609375 109.52330780029297 -767.8145141601562 
v 1619.917236328125 101.01663208007812 -773.4940795898438 
v 1609.825927734375 198.802490234375 -722.6077880859375 
v 1613.8116455078125 198.42564392089844 -738.0607299804688 
v 1616.0703125 192.26707458496094 -720.8883666992188 
v 1610.056884765625 192.1182098388672 -722.8929443359375 
v 1619.5760498046875 191.95167541503906 -734.8579711914062 
v 1613.6690673828125 191.78916931152344 -737.191650390625 
v 1623.0499267578125 189.65545654296875 -743.7891235351562 
v 1617.302490234375 189.37571716308594 -746.5263061523438 
v 1625.7911376953125 185.90792846679688 -749.2241821289062 
v 1618.06982421875 195.5533447265625 -748.9745483398438 
v 1621.8837890625 190.2804718017578 -756.5253295898438 
v 1625.07568359375 183.0465850830078 -760.8960571289062 
v 1627.495361328125 174.65196228027344 -762.6060180664062 
v 1629.186767578125 165.65802001953125 -762.522216796875 
v 1630.249267578125 156.33975219726562 -761.4483642578125 
v 1630.74951171875 146.94398498535156 -760.0618286132812 
v 1630.7322998046875 137.77540588378906 -758.9764404296875 
v 1630.24365234375 129.19338989257812 -758.751708984375 
v 1629.3419189453125 121.55157470703125 -759.8551025390625 
v 1628.0751953125 115.02496337890625 -762.681884765625 
v 1622.3909912109375 106.14810943603516 -763.9147338867188 
v 1627.0169677734375 101.94608306884766 -762.1741943359375 
v 1624.2574462890625 96.20268249511719 -772.8578491210938 
v 1629.33447265625 109.64874267578125 -755.0039672851562 
v 1624.3919677734375 112.78394317626953 -757.7320556640625 
v 1625.904296875 120.57050323486328 -754.32958984375 
v 1626.921875 129.1752471923828 -753.0616455078125 
v 1627.441650390625 138.28939819335938 -753.2892456054688 
v 1632.8153076171875 138.35943603515625 -749.7890625 
v 1632.8336181640625 148.2130126953125 -750.944091796875 
v 1627.458984375 147.60101318359375 -754.38916015625 
v 1626.970458984375 156.78097534179688 -755.7471923828125 
v 1631.0966796875 118.71734619140625 -751.015625 
v 1632.248291015625 128.43731689453125 -749.5571899414062 
v 1632.32666015625 157.73316955566406 -752.3470458984375 
v 1625.980712890625 165.47860717773438 -756.760498046875 
v 1624.510986328125 173.32546997070312 -756.8599853515625 
v 1622.5992431640625 179.99444580078125 -755.5492553710938 
v 1620.238525390625 185.35110473632812 -752.3456420898438 
v 1628.0001220703125 180.8937225341797 -752.21484375 
v 1629.8492431640625 174.43687438964844 -753.4765014648438 
v 1631.317138671875 166.60028076171875 -753.3768920898438 
v 1612.2181396484375 131.81326293945312 -1076.4891357421875 
v 1610.8914794921875 131.1775665283203 -1072.9390869140625 
v 1569.18701171875 211.68246459960938 -1076.685791015625 
v 1567.8603515625 211.04673767089844 -1073.1357421875 
v 1607.6962890625 129.62940979003906 -1071.4688720703125 
v 1564.665283203125 209.49859619140625 -1071.66552734375 
v 1604.504150390625 128.07568359375 -1072.9398193359375 
v 1561.47314453125 207.9448699951172 -1073.136474609375 
v 1603.18505859375 127.42652893066406 -1076.4903564453125 
v 1560.154052734375 207.29574584960938 -1076.68701171875 
v 1561.4805908203125 207.93142700195312 -1080.237060546875 
v 1604.5115966796875 128.06222534179688 -1080.0404052734375 
v 1564.67578125 209.4795684814453 -1081.707275390625 
v 1607.706787109375 129.61036682128906 -1081.5106201171875 
v 1567.8677978515625 211.03329467773438 -1080.2362060546875 
v 1610.89892578125 131.1641082763672 -1080.03955078125 
v 1569.18701171875 211.68246459960938 -1076.685791015625 
v 1612.2181396484375 131.81326293945312 -1076.4891357421875 
v 1610.1884765625 113.0959243774414 -1083.21826171875 
v 1614.2265625 112.2160415649414 -1083.21240234375 
v 1603.10595703125 127.67986297607422 -1083.25341796875 
v 1617.7396240234375 113.9221420288086 -1083.2119140625 
v 1612.46240234375 132.2236785888672 -1083.252197265625 
v 1619.544921875 117.6397476196289 -1083.217041015625 
v 1603.10595703125 127.67986297607422 -1083.25341796875 
v 1603.091796875 127.70550537109375 -1069.7281494140625 
v 1610.1884765625 113.0959243774414 -1083.21826171875 
v 1610.1741943359375 113.12156677246094 -1069.693115234375 
v 1614.2122802734375 112.24168395996094 -1069.6871337890625 
v 1614.2265625 112.2160415649414 -1083.21240234375 
v 1617.725341796875 113.94776916503906 -1069.6866455078125 
v 1617.7396240234375 113.9221420288086 -1083.2119140625 
v 1619.5306396484375 117.66539001464844 -1069.69189453125 
v 1619.544921875 117.6397476196289 -1083.217041015625 
v 1612.46240234375 132.2236785888672 -1083.252197265625 
v 1612.4481201171875 132.2493133544922 -1069.7269287109375 
v 1534.470703125 286.3883361816406 -1069.7005615234375 
v 1540.078125 275.8963623046875 -1069.7005615234375 
v 1530.501220703125 287.1383056640625 -1069.7005615234375 
v 1529.8406982421875 270.9498291015625 -1069.7005615234375 
v 1526.984619140625 285.4392395019531 -1069.7005615234375 
v 1525.1053466796875 281.8631286621094 -1069.7005615234375 
v 1610.1741943359375 113.12156677246094 -1069.693115234375 
v 1603.091796875 127.70550537109375 -1069.7281494140625 
v 1614.2122802734375 112.24168395996094 -1069.6871337890625 
v 1617.725341796875 113.94776916503906 -1069.6866455078125 
v 1612.4481201171875 132.2493133544922 -1069.7269287109375 
v 1619.5306396484375 117.66539001464844 -1069.69189453125 
v 1603.10595703125 127.67986297607422 -1083.25341796875 
v 1603.091796875 127.70550537109375 -1069.7281494140625 
v 1612.46240234375 132.2236785888672 -1083.252197265625 
v 1612.4481201171875 132.2493133544922 -1069.7269287109375 
v 1529.8406982421875 270.9498291015625 -1083.225830078125 
v 1529.8406982421875 270.9498291015625 -1069.7005615234375 
v 1525.1053466796875 281.8631286621094 -1083.225830078125 
v 1525.1053466796875 281.8631286621094 -1069.7005615234375 
v 1526.984619140625 285.4392395019531 -1069.7005615234375 
v 1526.984619140625 285.4392395019531 -1083.225830078125 
v 1530.501220703125 287.1383056640625 -1083.225830078125 
v 1530.501220703125 287.1383056640625 -1069.7005615234375 
v 1534.470703125 286.3883361816406 -1069.7005615234375 
v 1534.470703125 286.3883361816406 -1083.225830078125 
v 1540.078125 275.8963623046875 -1083.225830078125 
v 1540.078125 275.8963623046875 -1069.7005615234375 
v 1525.1053466796875 281.8631286621094 -1083.225830078125 
v 1526.984619140625 285.4392395019531 -1083.225830078125 
v 1529.8406982421875 270.9498291015625 -1083.225830078125 
v 1530.501220703125 287.1383056640625 -1083.225830078125 
v 1540.078125 275.8963623046875 -1083.225830078125 
v 1534.470703125 286.3883361816406 -1083.225830078125 
v 1556.7401123046875 204.21505737304688 -1065.965087890625 
v 1561.9049072265625 193.52610778808594 -1065.965087890625 
v 1575.6455078125 213.34982299804688 -1065.965087890625 
v 1583.3438720703125 197.41709899902344 -1065.965087890625 
v 1564.4385986328125 188.28233337402344 -1065.965087890625 
v 1560.0654296875 186.16932678222656 -1070.3446044921875 
v 1557.53173828125 191.41311645507812 -1070.3446044921875 
v 1561.9049072265625 193.52610778808594 -1065.965087890625 
v 1556.7401123046875 204.21505737304688 -1065.965087890625 
v 1561.9049072265625 193.52610778808594 -1086.961669921875 
v 1556.7401123046875 204.21507263183594 -1086.961669921875 
v 1556.7401123046875 204.21507263183594 -1086.961669921875 
v 1575.6455078125 213.34982299804688 -1086.961669921875 
v 1561.9049072265625 193.52610778808594 -1086.961669921875 
v 1583.3438720703125 197.41709899902344 -1086.961669921875 
v 1564.4384765625 188.28233337402344 -1086.961669921875 
v 1560.0654296875 186.16932678222656 -1082.58203125 
v 1557.53173828125 191.41310119628906 -1082.58203125 
v 1583.3438720703125 197.41709899902344 -1086.961669921875 
v 1564.4384765625 188.28233337402344 -1086.961669921875 
v 1583.3438720703125 197.41709899902344 -1065.965087890625 
v 1564.4385986328125 188.28233337402344 -1065.965087890625 
v 1560.0654296875 186.16932678222656 -1082.58203125 
v 1560.0654296875 186.16932678222656 -1070.3446044921875 
v 1556.7401123046875 204.21507263183594 -1086.961669921875 
v 1556.7401123046875 204.21505737304688 -1065.965087890625 
v 1575.6455078125 213.34982299804688 -1086.961669921875 
v 1575.6455078125 213.34982299804688 -1065.965087890625 
v 1583.3438720703125 197.41709899902344 -1086.961669921875 
v 1575.6455078125 213.34982299804688 -1086.961669921875 
v 1583.3438720703125 197.41709899902344 -1065.965087890625 
v 1575.6455078125 213.34982299804688 -1065.965087890625 
v 1560.0654296875 186.16932678222656 -1070.3446044921875 
v 1557.53173828125 191.41311645507812 -1070.3446044921875 
v 1560.0654296875 186.16932678222656 -1082.58203125 
v 1557.53173828125 191.41310119628906 -1082.58203125 
v 1561.9049072265625 193.52610778808594 -1065.965087890625 
v 1561.9049072265625 193.52610778808594 -1086.961669921875 
v 1557.53173828125 191.41311645507812 -1070.3446044921875 
v 1557.53173828125 191.41310119628906 -1082.58203125 
v 1537.409912109375 275.34637451171875 -1067.0972900390625 
v 1541.8433837890625 277.4886169433594 -1070.6746826171875 
v 1531.9298095703125 272.6984558105469 -1067.0972900390625 
v 1525.802734375 269.73797607421875 -1076.4632568359375 
v 1527.49609375 270.55621337890625 -1070.6746826171875 
v 1522.4931640625 268.1388244628906 -1073.5087890625 
v 1521.2591552734375 267.5426025390625 -1076.463134765625 
v 1522.4931640625 268.1388244628906 -1079.41748046875 
v 1527.49609375 270.5562438964844 -1082.2515869140625 
v 1531.9298095703125 272.6984558105469 -1085.8291015625 
v 1541.8433837890625 277.4886169433594 -1082.2515869140625 
v 1537.409912109375 275.3464050292969 -1085.8291015625 
v 1543.5369873046875 278.3068542480469 -1076.4632568359375 
v 1529.293212890625 266.8369140625 -1070.6746826171875 
v 1524.290283203125 264.4195251464844 -1073.5087890625 
v 1527.49609375 270.55621337890625 -1070.6746826171875 
v 1522.4931640625 268.1388244628906 -1073.5087890625 
v 1523.0562744140625 263.82330322265625 -1076.463134765625 
v 1521.2591552734375 267.5426025390625 -1076.463134765625 
v 1522.4931640625 268.1388244628906 -1079.41748046875 
v 1524.290283203125 264.4195556640625 -1079.41748046875 
v 1527.49609375 270.5562438964844 -1082.2515869140625 
v 1529.293212890625 266.8369140625 -1082.2515869140625 
v 1529.293212890625 266.8369140625 -1070.6746826171875 
v 1527.599853515625 266.0187072753906 -1076.4632568359375 
v 1524.290283203125 264.4195251464844 -1073.5087890625 
v 1523.0562744140625 263.82330322265625 -1076.463134765625 
v 1524.290283203125 264.4195556640625 -1079.41748046875 
v 1529.293212890625 266.8369140625 -1082.2515869140625 
v 1527.49609375 270.55621337890625 -1070.6746826171875 
v 1531.9298095703125 272.6984558105469 -1067.0972900390625 
v 1529.293212890625 266.8369140625 -1070.6746826171875 
v 1563.4527587890625 207.4584503173828 -1067.0972900390625 
v 1537.409912109375 275.34637451171875 -1067.0972900390625 
v 1568.932861328125 210.1063690185547 -1067.0972900390625 
v 1541.8433837890625 277.4886169433594 -1070.6746826171875 
v 1573.366455078125 212.2486114501953 -1070.6746826171875 
v 1575.0599365234375 213.06689453125 -1076.4632568359375 
v 1543.5369873046875 278.3068542480469 -1076.4632568359375 
v 1541.8433837890625 277.4886169433594 -1082.2515869140625 
v 1573.3663330078125 212.2486114501953 -1082.2515869140625 
v 1568.932861328125 210.1063995361328 -1085.8291015625 
v 1537.409912109375 275.3464050292969 -1085.8291015625 
v 1563.4527587890625 207.45846557617188 -1085.8291015625 
v 1531.9298095703125 272.6984558105469 -1085.8291015625 
v 1529.293212890625 266.8369140625 -1082.2515869140625 
v 1527.49609375 270.5562438964844 -1082.2515869140625 
v 1559.01904296875 205.31625366210938 -1082.2515869140625 
v 1557.32568359375 204.4980010986328 -1076.4632568359375 
v 1527.599853515625 266.0187072753906 -1076.4632568359375 
v 1559.01904296875 205.31625366210938 -1070.6746826171875 
v 1557.32568359375 204.4980010986328 -1076.4632568359375 
v 1527.599853515625 266.0187072753906 -1076.4632568359375 
v 1526.6873779296875 265.85894775390625 -1078.08154296875 
v 1561.90380859375 192.9751434326172 -1078.08154296875 
v 1523.77392578125 264.45123291015625 -1078.08154296875 
v 1558.990234375 191.5674285888672 -1078.08154296875 
v 1523.77392578125 264.45123291015625 -1074.845947265625 
v 1558.990234375 191.5674285888672 -1074.845947265625 
v 1526.6873779296875 265.85894775390625 -1074.845947265625 
v 1561.90380859375 192.9751434326172 -1074.845947265625 
v 1526.6873779296875 265.85894775390625 -1078.08154296875 
v 1561.90380859375 192.9751434326172 -1078.08154296875 
v 1455.920654296875 102.12084197998047 -1033.6580810546875 
v 1455.920654296875 172.54530334472656 -1070.42822265625 
v 1449.873046875 102.1208267211914 -1035.038330078125 
v 1449.873046875 172.54530334472656 -1070.42822265625 
v 1455.920654296875 102.12084197998047 -1033.6580810546875 
v 1455.920654296875 102.12084197998047 -1070.42822265625 
v 1455.920654296875 172.54530334472656 -1070.42822265625 
v 1449.873046875 102.12084197998047 -1070.42822265625 
v 1449.873046875 172.54530334472656 -1070.42822265625 
v 1449.873046875 102.1208267211914 -1035.038330078125 
v 1487.1282958984375 269.9258117675781 -879.3458251953125 
v 1436.4229736328125 259.6876525878906 -879.345703125 
v 1487.1387939453125 269.92791748046875 -890.9715576171875 
v 1436.4229736328125 259.6876220703125 -910.4180297851562 
v 1436.4229736328125 259.6876220703125 -910.4180297851562 
v 1432.4207763671875 279.5093078613281 -910.4180297851562 
v 1487.1387939453125 269.92791748046875 -890.9715576171875 
v 1483.1365966796875 289.7496032714844 -890.9715576171875 
v 1487.1282958984375 269.9258117675781 -879.3458251953125 
v 1483.1260986328125 289.74749755859375 -879.3458251953125 
v 1436.4229736328125 259.6876525878906 -879.345703125 
v 1432.4207763671875 279.50933837890625 -879.345703125 
v 1526.081787109375 183.81390380859375 -977.1347045898438 
v 1530.819091796875 160.35267639160156 -967.36279296875 
v 1526.0819091796875 183.81390380859375 -967.36279296875 
v 1532.8779296875 185.18612670898438 -960.4295654296875 
v 1530.819091796875 160.35267639160156 -977.1347045898438 
v 1532.8779296875 185.18612670898438 -984.0678100585938 
v 1537.6151123046875 161.7248992919922 -984.0678100585938 
v 1542.489013671875 187.12673950195312 -984.0678100585938 
v 1547.2261962890625 163.66551208496094 -984.0678100585938 
v 1549.284912109375 188.4989471435547 -977.1347045898438 
v 1554.0220947265625 165.0377197265625 -977.1347045898438 
v 1549.284912109375 188.4989471435547 -967.36279296875 
v 1554.0220947265625 165.0377197265625 -967.36279296875 
v 1537.6151123046875 161.7248992919922 -960.4295654296875 
v 1542.489013671875 187.12673950195312 -960.4296875 
v 1547.2261962890625 163.66551208496094 -960.4295654296875 
v 1549.284912109375 188.4989471435547 -967.36279296875 
v 1554.0220947265625 165.0377197265625 -967.36279296875 
v 1529.3865966796875 154.22775268554688 -938.701416015625 
v 1557.718994140625 159.948486328125 -938.7015380859375 
v 1528.1951904296875 160.1284942626953 -938.701416015625 
v 1556.5274658203125 165.84922790527344 -938.7015380859375 
v 1556.5274658203125 165.84921264648438 -1005.7959594726562 
v 1528.1951904296875 160.12847900390625 -1005.7959594726562 
v 1556.5274658203125 165.84922790527344 -938.7015380859375 
v 1528.1951904296875 160.1284942626953 -938.701416015625 
v 1557.7188720703125 159.94847106933594 -1005.7959594726562 
v 1556.5274658203125 165.84921264648438 -1005.7959594726562 
v 1557.718994140625 159.948486328125 -938.7015380859375 
v 1556.5274658203125 165.84922790527344 -938.7015380859375 
v 1528.1951904296875 160.12847900390625 -1005.7959594726562 
v 1529.3865966796875 154.22775268554688 -1005.7959594726562 
v 1528.1951904296875 160.1284942626953 -938.701416015625 
v 1529.3865966796875 154.22775268554688 -938.701416015625 
v 1432.4207763671875 279.5093078613281 -1064.9403076171875 
v 1483.1260986328125 289.7474670410156 -1064.9403076171875 
v 1436.4229736328125 259.6876220703125 -1064.9403076171875 
v 1487.1282958984375 269.92578125 -1064.9403076171875 
v 1483.6163330078125 289.84649658203125 -1054.525390625 
v 1487.61865234375 270.0248107910156 -1054.525390625 
v 1432.4207763671875 279.50927734375 -1033.7083740234375 
v 1436.4229736328125 259.6876220703125 -1033.7083740234375 
v 1432.4207763671875 279.50927734375 -1033.7083740234375 
v 1432.4207763671875 279.5093078613281 -1064.9403076171875 
v 1483.6163330078125 289.84649658203125 -1054.525390625 
v 1483.1260986328125 289.7474670410156 -1064.9403076171875 
v 1432.4207763671875 279.50927734375 -1033.7083740234375 
v 1436.4229736328125 259.6876220703125 -1033.7083740234375 
v 1432.4207763671875 279.5093078613281 -1064.9403076171875 
v 1436.4229736328125 259.6876220703125 -1064.9403076171875 
v 1487.1282958984375 269.92578125 -1064.9403076171875 
v 1436.4229736328125 259.6876220703125 -1064.9403076171875 
v 1487.61865234375 270.0248107910156 -1054.525390625 
v 1436.4229736328125 259.6876220703125 -1033.7083740234375 
v 1529.3865966796875 154.22775268554688 -938.701416015625 
v 1557.718994140625 159.948486328125 -938.7015380859375 
v 1529.3865966796875 154.22775268554688 -1005.7959594726562 
v 1557.7188720703125 159.94847106933594 -1005.7959594726562 
v 1529.3865966796875 154.22775268554688 -1005.7959594726562 
v 1557.7188720703125 159.94847106933594 -1005.7959594726562 
v 1528.1951904296875 160.12847900390625 -1005.7959594726562 
v 1556.5274658203125 165.84921264648438 -1005.7959594726562 
v 1538.10107421875 298.20684814453125 -1086.83447265625 
v 1531.8111572265625 329.3587341308594 -1061.7457275390625 
v 1535.3468017578125 297.6507263183594 -1086.83447265625 
v 1529.0567626953125 328.8025817871094 -1061.7457275390625 
v 1513.7022705078125 293.2803649902344 -1086.83447265625 
v 1507.412353515625 324.4322204589844 -1061.7457275390625 
v 1510.9481201171875 292.7242431640625 -1086.83447265625 
v 1504.6580810546875 323.8760986328125 -1061.7457275390625 
v 1544.16162109375 299.4305114746094 -1089.694580078125 
v 1504.8875732421875 291.5005187988281 -1089.694580078125 
v 1544.7381591796875 296.57489013671875 -1089.694580078125 
v 1505.4642333984375 288.6448974609375 -1089.694580078125 
v 1504.8875732421875 291.5005187988281 -1062.870361328125 
v 1544.16162109375 299.4305114746094 -1062.8704833984375 
v 1505.4642333984375 288.6448974609375 -1062.8704833984375 
v 1544.7381591796875 296.57489013671875 -1062.8704833984375 
v 1504.8875732421875 291.5005187988281 -1089.694580078125 
v 1504.8875732421875 291.5005187988281 -1062.870361328125 
v 1505.4642333984375 288.6448974609375 -1089.694580078125 
v 1505.4642333984375 288.6448974609375 -1062.8704833984375 
v 1544.16162109375 299.4305114746094 -1062.8704833984375 
v 1544.16162109375 299.4305114746094 -1089.694580078125 
v 1544.7381591796875 296.57489013671875 -1062.8704833984375 
v 1544.7381591796875 296.57489013671875 -1089.694580078125 
v 1544.7381591796875 296.57489013671875 -1062.8704833984375 
v 1544.7381591796875 296.57489013671875 -1089.694580078125 
v 1505.4642333984375 288.6448974609375 -1062.8704833984375 
v 1505.4642333984375 288.6448974609375 -1089.694580078125 
v 1544.16162109375 299.4305114746094 -1062.8704833984375 
v 1504.8875732421875 291.5005187988281 -1062.870361328125 
v 1544.16162109375 299.4305114746094 -1089.694580078125 
v 1504.8875732421875 291.5005187988281 -1089.694580078125 
v 1519.9969482421875 345.07928466796875 -786.7516479492188 
v 1492.3206787109375 339.49102783203125 -786.7516479492188 
v 1514.2159423828125 373.7098693847656 -786.7516479492188 
v 1486.539794921875 368.1216125488281 -786.7516479492188 
v 1519.996826171875 345.0792541503906 -864.8312377929688 
v 1519.9969482421875 345.07928466796875 -786.7516479492188 
v 1514.2159423828125 373.7098388671875 -864.8313598632812 
v 1514.2159423828125 373.7098693847656 -786.7516479492188 
v 1492.3206787109375 339.49102783203125 -786.7516479492188 
v 1492.3206787109375 339.4909973144531 -864.8312377929688 
v 1486.539794921875 368.1216125488281 -786.7516479492188 
v 1486.5396728515625 368.1216125488281 -864.8312377929688 
v 1519.996826171875 345.0792541503906 -864.8312377929688 
v 1492.3206787109375 339.4909973144531 -864.8312377929688 
v 1519.9969482421875 345.07928466796875 -786.7516479492188 
v 1492.3206787109375 339.49102783203125 -786.7516479492188 
v 1519.9969482421875 345.07928466796875 -826.5968017578125 
v 1492.3206787109375 339.49102783203125 -826.5968017578125 
v 1519.996826171875 345.0792541503906 -849.3973999023438 
v 1492.3206787109375 339.4909973144531 -849.3973999023438 
v 1529.467529296875 155.5180206298828 -849.3974609375 
v 1529.467529296875 155.5180206298828 -826.5968017578125 
v 1557.143798828125 161.10629272460938 -849.3974609375 
v 1557.143798828125 161.10626220703125 -826.5968017578125 
v 1492.3206787109375 339.49102783203125 -826.5968017578125 
v 1529.467529296875 155.5180206298828 -826.5968017578125 
v 1492.3206787109375 339.4909973144531 -849.3973999023438 
v 1529.467529296875 155.5180206298828 -849.3974609375 
v 1519.996826171875 345.0792541503906 -849.3973999023438 
v 1557.143798828125 161.10629272460938 -849.3974609375 
v 1519.9969482421875 345.07928466796875 -826.5968017578125 
v 1557.143798828125 161.10626220703125 -826.5968017578125 
v 1519.9969482421875 345.07928466796875 -826.5968017578125 
v 1557.143798828125 161.10626220703125 -826.5968017578125 
v 1492.3206787109375 339.49102783203125 -826.5968017578125 
v 1529.467529296875 155.5180206298828 -826.5968017578125 
v 1514.689208984375 383.6005859375 -729.8301391601562 
v 1514.689208984375 383.6005859375 -753.8034057617188 
v 1521.4544677734375 350.0956726074219 -729.8301391601562 
v 1517.4305419921875 370.0240478515625 -768.0609130859375 
v 1521.4544677734375 350.095703125 -790.023193359375 
v 1517.4305419921875 370.0240478515625 -790.023193359375 
v 1516.37109375 375.2716979980469 -768.0609130859375 
v 1491.4122314453125 344.0297546386719 -790.023193359375 
v 1487.843017578125 343.30908203125 -790.023193359375 
v 1487.388427734375 363.9581298828125 -790.023193359375 
v 1483.8192138671875 363.2374267578125 -790.023193359375 
v 1487.388427734375 363.9581298828125 -790.023193359375 
v 1487.388427734375 363.9581298828125 -768.0609130859375 
v 1491.4122314453125 344.0297546386719 -790.023193359375 
v 1491.412353515625 344.02972412109375 -729.8301391601562 
v 1487.388427734375 363.9580993652344 -753.8034057617188 
v 1486.328857421875 369.20574951171875 -768.0609130859375 
v 1484.647216796875 377.5346374511719 -753.8034057617188 
v 1517.4305419921875 370.0240478515625 -790.023193359375 
v 1517.4305419921875 370.0240478515625 -768.0609130859375 
v 1513.861328125 369.30340576171875 -790.023193359375 
v 1513.861328125 369.30340576171875 -768.0609130859375 
v 1521.4544677734375 350.095703125 -790.023193359375 
v 1517.4305419921875 370.0240478515625 -790.023193359375 
v 1517.88525390625 349.37506103515625 -790.023193359375 
v 1513.861328125 369.30340576171875 -790.023193359375 
v 1487.843017578125 343.30908203125 -790.023193359375 
v 1487.843017578125 343.3090515136719 -729.8301391601562 
v 1491.4122314453125 344.0297546386719 -790.023193359375 
v 1491.412353515625 344.02972412109375 -729.8301391601562 
v 1483.8192138671875 363.2374267578125 -790.023193359375 
v 1483.8192138671875 363.2374267578125 -768.0609130859375 
v 1487.843017578125 343.30908203125 -790.023193359375 
v 1487.843017578125 343.3090515136719 -729.8301391601562 
v 1481.0780029296875 376.81396484375 -753.8034057617188 
v 1481.0780029296875 376.81396484375 -729.8301391601562 
v 1482.759521484375 368.4850769042969 -768.0609130859375 
v 1513.861328125 369.30340576171875 -790.023193359375 
v 1513.861328125 369.30340576171875 -768.0609130859375 
v 1517.88525390625 349.37506103515625 -790.023193359375 
v 1517.88525390625 349.3750305175781 -729.8301391601562 
v 1513.861328125 369.30340576171875 -753.8034057617188 
v 1512.8017578125 374.551025390625 -768.0609130859375 
v 1511.1199951171875 382.8799133300781 -753.8034057617188 
v 1487.388427734375 363.9581298828125 -790.023193359375 
v 1483.8192138671875 363.2374267578125 -790.023193359375 
v 1487.388427734375 363.9581298828125 -768.0609130859375 
v 1483.8192138671875 363.2374267578125 -768.0609130859375 
v 1517.88525390625 349.37506103515625 -790.023193359375 
v 1521.4544677734375 350.095703125 -790.023193359375 
v 1517.88525390625 349.3750305175781 -729.8301391601562 
v 1521.4544677734375 350.0956726074219 -729.8301391601562 
v 1517.4305419921875 370.0240478515625 -768.0609130859375 
v 1513.861328125 369.30340576171875 -768.0609130859375 
v 1516.37109375 375.2716979980469 -768.0609130859375 
v 1512.8017578125 374.551025390625 -768.0609130859375 
v 1514.689208984375 383.6005859375 -753.8034057617188 
v 1511.1199951171875 382.8799133300781 -753.8034057617188 
v 1511.1199951171875 382.8799133300781 -729.8301391601562 
v 1514.689208984375 383.6005859375 -729.8301391601562 
v 1487.388427734375 363.9581298828125 -768.0609130859375 
v 1486.328857421875 369.20574951171875 -768.0609130859375 
v 1483.8192138671875 363.2374267578125 -768.0609130859375 
v 1482.759521484375 368.4850769042969 -768.0609130859375 
v 1484.647216796875 377.5346374511719 -753.8034057617188 
v 1481.0780029296875 376.81396484375 -753.8034057617188 
v 1484.647216796875 377.5346374511719 -729.8301391601562 
v 1481.0780029296875 376.81396484375 -729.8301391601562 
v 1517.88525390625 349.3750305175781 -729.8301391601562 
v 1521.4544677734375 350.0956726074219 -729.8301391601562 
v 1511.1199951171875 382.8799133300781 -729.8301391601562 
v 1514.689208984375 383.6005859375 -729.8301391601562 
v 1487.843017578125 343.3090515136719 -729.8301391601562 
v 1491.412353515625 344.02972412109375 -729.8301391601562 
v 1481.0780029296875 376.81396484375 -729.8301391601562 
v 1484.647216796875 377.5346374511719 -729.8301391601562 
v 1521.8526611328125 220.79296875 -753.8034057617188 
v 1518.8272705078125 220.1820831298828 -753.8034057617188 
v 1521.8525390625 220.79296875 -782.3463134765625 
v 1518.8271484375 220.1820831298828 -782.3463134765625 
v 1534.5186767578125 239.4747772216797 -782.3463134765625 
v 1534.5186767578125 239.47479248046875 -753.8034057617188 
v 1537.544189453125 240.0856475830078 -782.3463134765625 
v 1537.544189453125 240.08567810058594 -753.8034057617188 
v 1515.698974609375 235.6747589111328 -782.3463134765625 
v 1515.698974609375 235.67478942871094 -753.8034057617188 
v 1518.7244873046875 236.28564453125 -782.3463134765625 
v 1518.7244873046875 236.28565979003906 -753.8034057617188 
v 1540.67236328125 224.5929412841797 -782.3463134765625 
v 1537.64697265625 223.9820556640625 -782.3463134765625 
v 1537.544189453125 240.0856475830078 -782.3463134765625 
v 1534.5186767578125 239.4747772216797 -782.3463134765625 
v 1518.7244873046875 236.28565979003906 -753.8034057617188 
v 1521.8526611328125 220.79296875 -753.8034057617188 
v 1518.7244873046875 236.28564453125 -782.3463134765625 
v 1521.8525390625 220.79296875 -782.3463134765625 
v 1537.544189453125 240.08567810058594 -753.8034057617188 
v 1540.67236328125 224.5929412841797 -753.8034057617188 
v 1537.544189453125 240.0856475830078 -782.3463134765625 
v 1540.67236328125 224.5929412841797 -782.3463134765625 
v 1540.67236328125 224.5929412841797 -753.8034057617188 
v 1537.64697265625 223.98207092285156 -753.8034057617188 
v 1540.67236328125 224.5929412841797 -782.3463134765625 
v 1537.64697265625 223.9820556640625 -782.3463134765625 
v 1537.64697265625 223.98207092285156 -753.8034057617188 
v 1534.5186767578125 239.47479248046875 -753.8034057617188 
v 1537.64697265625 223.9820556640625 -782.3463134765625 
v 1534.5186767578125 239.4747772216797 -782.3463134765625 
v 1550.5968017578125 166.0745849609375 -749.7551879882812 
v 1532.3861083984375 162.3975830078125 -749.7551879882812 
v 1537.3682861328125 231.58941650390625 -749.7551879882812 
v 1519.15771484375 227.9123992919922 -749.7551879882812 
v 1532.3861083984375 162.3975830078125 -749.7551879882812 
v 1532.3861083984375 162.3975830078125 -733.8782958984375 
v 1519.15771484375 227.9123992919922 -749.7551879882812 
v 1519.15771484375 227.9123992919922 -733.8782958984375 
v 1532.3861083984375 162.3975830078125 -733.8782958984375 
v 1550.5968017578125 166.0745849609375 -733.8782958984375 
v 1519.15771484375 227.9123992919922 -733.8782958984375 
v 1537.3682861328125 231.58938598632812 -733.8782958984375 
v 1550.5968017578125 166.0745849609375 -749.7551879882812 
v 1537.3682861328125 231.58941650390625 -749.7551879882812 
v 1550.5968017578125 166.0745849609375 -733.8782958984375 
v 1537.3682861328125 231.58938598632812 -733.8782958984375 
v 1532.3861083984375 162.3975830078125 -749.7551879882812 
v 1550.5968017578125 166.0745849609375 -749.7551879882812 
v 1532.3861083984375 162.3975830078125 -733.8782958984375 
v 1550.5968017578125 166.0745849609375 -733.8782958984375 
v 1492.3206787109375 339.4909973144531 -849.3973999023438 
v 1519.996826171875 345.0792541503906 -849.3973999023438 
v 1529.467529296875 155.5180206298828 -849.3974609375 
v 1557.143798828125 161.10629272460938 -849.3974609375 
v 1507.4971923828125 188.8859100341797 -972.2487182617188 
v 1509.6646728515625 189.3235321044922 -961.13623046875 
v 1509.6646728515625 189.32354736328125 -983.3612670898438 
v 1515.837158203125 190.56985473632812 -951.7120361328125 
v 1515.837158203125 190.56985473632812 -992.7853393554688 
v 1525.07470703125 192.43507385253906 -999.0823974609375 
v 1535.971435546875 194.63528442382812 -1001.2935791015625 
v 1525.07470703125 192.43508911132812 -945.4151000976562 
v 1535.971435546875 194.63528442382812 -943.203857421875 
v 1546.8680419921875 196.83546447753906 -999.0823974609375 
v 1556.1058349609375 198.70071411132812 -992.7854614257812 
v 1546.8680419921875 196.83547973632812 -945.4151000976562 
v 1556.1058349609375 198.70071411132812 -951.712158203125 
v 1562.2781982421875 199.94700622558594 -961.13623046875 
v 1562.2781982421875 199.947021484375 -983.3612670898438 
v 1564.4456787109375 200.38465881347656 -972.2487182617188 
v 1483.1260986328125 289.74749755859375 -879.3458251953125 
v 1483.1365966796875 289.7496032714844 -890.9715576171875 
v 1432.4207763671875 279.50933837890625 -879.345703125 
v 1432.4207763671875 279.5093078613281 -910.4180297851562 
v 1518.8272705078125 220.1820831298828 -753.8034057617188 
v 1515.698974609375 235.67478942871094 -753.8034057617188 
v 1518.8271484375 220.1820831298828 -782.3463134765625 
v 1515.698974609375 235.6747589111328 -782.3463134765625 
v 1486.539794921875 368.1216125488281 -786.7516479492188 
v 1514.2159423828125 373.7098693847656 -786.7516479492188 
v 1486.5396728515625 368.1216125488281 -864.8312377929688 
v 1514.2159423828125 373.7098388671875 -864.8313598632812 
v 1515.698974609375 235.6747589111328 -782.3463134765625 
v 1518.7244873046875 236.28564453125 -782.3463134765625 
v 1518.8271484375 220.1820831298828 -782.3463134765625 
v 1521.8525390625 220.79296875 -782.3463134765625 
v 1432.4207763671875 279.5093078613281 -910.4180297851562 
v 1436.4229736328125 259.6876220703125 -910.4180297851562 
v 1432.4207763671875 279.50933837890625 -879.345703125 
v 1436.4229736328125 259.6876525878906 -879.345703125 
v 1517.644287109375 275.8063659667969 -1083.80126953125 
v 1520.2840576171875 273.6336975097656 -1083.80126953125 
v 1514.676513671875 290.5049743652344 -1083.80126953125 
v 1535.52587890625 294.71478271484375 -1083.80126953125 
v 1536.90380859375 276.9894714355469 -1083.80126953125 
v 1538.4937744140625 280.01617431640625 -1083.80126953125 
v 1535.52587890625 294.71478271484375 -1066.112548828125 
v 1535.52587890625 294.71478271484375 -1069.051513671875 
v 1538.4937744140625 280.01617431640625 -1066.112548828125 
v 1538.4937744140625 280.01617431640625 -1069.051513671875 
v 1536.90380859375 276.9894714355469 -1069.051513671875 
v 1536.90380859375 276.9894714355469 -1066.112548828125 
v 1520.2840576171875 273.6336669921875 -1069.051513671875 
v 1520.2840576171875 273.6336669921875 -1066.112548828125 
v 1517.644287109375 275.8063659667969 -1069.051513671875 
v 1517.644287109375 275.8063659667969 -1066.112548828125 
v 1514.676513671875 290.5049743652344 -1066.112548828125 
v 1514.676513671875 290.5049743652344 -1069.051513671875 
v 1517.644287109375 275.8063659667969 -1086.2626953125 
v 1520.2840576171875 273.6336975097656 -1086.2626953125 
v 1514.676513671875 290.5049743652344 -1086.2626953125 
v 1535.52587890625 294.71478271484375 -1086.2626953125 
v 1536.90380859375 276.9894714355469 -1086.2626953125 
v 1538.4937744140625 280.01617431640625 -1086.2626953125 
v 1538.4937744140625 280.01617431640625 -1069.051513671875 
v 1536.90380859375 276.9894714355469 -1069.051513671875 
v 1535.52587890625 294.71478271484375 -1069.051513671875 
v 1520.2840576171875 273.6336669921875 -1069.051513671875 
v 1514.676513671875 290.5049743652344 -1069.051513671875 
v 1517.644287109375 275.8063659667969 -1069.051513671875 
v 1514.676513671875 290.5049743652344 -1086.2626953125 
v 1517.644287109375 275.8063659667969 -1086.2626953125 
v 1514.676513671875 290.5049743652344 -1083.80126953125 
v 1517.644287109375 275.8063659667969 -1083.80126953125 
v 1520.2840576171875 273.6336975097656 -1083.80126953125 
v 1520.2840576171875 273.6336975097656 -1086.2626953125 
v 1536.90380859375 276.9894714355469 -1083.80126953125 
v 1536.90380859375 276.9894714355469 -1086.2626953125 
v 1538.4937744140625 280.01617431640625 -1083.80126953125 
v 1538.4937744140625 280.01617431640625 -1086.2626953125 
v 1535.52587890625 294.71478271484375 -1086.2626953125 
v 1535.52587890625 294.71478271484375 -1083.80126953125 
v 1538.4937744140625 280.01617431640625 -1066.112548828125 
v 1536.90380859375 276.9894714355469 -1066.112548828125 
v 1535.52587890625 294.71478271484375 -1066.112548828125 
v 1520.2840576171875 273.6336669921875 -1066.112548828125 
v 1514.676513671875 290.5049743652344 -1066.112548828125 
v 1517.644287109375 275.8063659667969 -1066.112548828125 
v 1531.8111572265625 329.3587341308594 -1061.7457275390625 
v 1538.10107421875 298.20684814453125 -1086.83447265625 
v 1538.10107421875 298.20684814453125 -1061.7457275390625 
v 1529.0567626953125 328.8025817871094 -1061.7457275390625 
v 1535.3468017578125 297.6507263183594 -1086.83447265625 
v 1535.3468017578125 297.6507263183594 -1061.7457275390625 
v 1507.412353515625 324.4322204589844 -1061.7457275390625 
v 1513.7022705078125 293.2803649902344 -1086.83447265625 
v 1513.702392578125 293.2803649902344 -1061.7457275390625 
v 1504.6580810546875 323.8760986328125 -1061.7457275390625 
v 1510.9481201171875 292.7242431640625 -1086.83447265625 
v 1510.9481201171875 292.7242431640625 -1061.7457275390625 
v 1509.5347900390625 253.4578094482422 -733.8923950195312 
v 1503.2806396484375 252.1950225830078 -733.8923950195312 
v 1505.2470703125 274.6931457519531 -733.8923950195312 
v 1498.992919921875 273.43035888671875 -733.8923950195312 
v 1503.2806396484375 252.1950225830078 -733.8923950195312 
v 1503.2806396484375 252.19505310058594 -749.7412719726562 
v 1498.992919921875 273.43035888671875 -733.8923950195312 
v 1498.992919921875 273.43035888671875 -749.7412109375 
v 1503.2806396484375 252.19505310058594 -749.7412719726562 
v 1509.5347900390625 253.4578094482422 -749.7412719726562 
v 1498.992919921875 273.43035888671875 -749.7412109375 
v 1505.2470703125 274.6931457519531 -749.7412719726562 
v 1535.953125 258.7920837402344 -749.7412109375 
v 1542.2071533203125 260.0549011230469 -749.7411499023438 
v 1531.6654052734375 280.02740478515625 -749.7412109375 
v 1537.91943359375 281.29022216796875 -749.7411499023438 
v 1503.2806396484375 252.1950225830078 -733.8923950195312 
v 1509.5347900390625 253.4578094482422 -733.8923950195312 
v 1503.2806396484375 252.19505310058594 -749.7412719726562 
v 1509.5347900390625 253.4578094482422 -749.7412719726562 
v 1505.2470703125 274.6931457519531 -749.7412719726562 
v 1505.2470703125 274.6931457519531 -733.8923950195312 
v 1498.992919921875 273.43035888671875 -749.7412109375 
v 1498.992919921875 273.43035888671875 -733.8923950195312 
v 1542.2071533203125 260.0549011230469 -749.7411499023438 
v 1542.2071533203125 260.05487060546875 -733.892333984375 
v 1537.91943359375 281.29022216796875 -749.7411499023438 
v 1537.91943359375 281.29022216796875 -733.892333984375 
v 1542.2071533203125 260.05487060546875 -733.892333984375 
v 1535.953125 258.7920837402344 -733.892333984375 
v 1537.91943359375 281.29022216796875 -733.892333984375 
v 1531.6654052734375 280.02740478515625 -733.892333984375 
v 1535.953125 258.7920837402344 -749.7412109375 
v 1535.953125 258.7920837402344 -733.892333984375 
v 1542.2071533203125 260.0549011230469 -749.7411499023438 
v 1542.2071533203125 260.05487060546875 -733.892333984375 
v 1537.91943359375 281.29022216796875 -733.892333984375 
v 1531.6654052734375 280.02740478515625 -733.892333984375 
v 1537.91943359375 281.29022216796875 -749.7411499023438 
v 1531.6654052734375 280.02740478515625 -749.7412109375 
v 1516.068115234375 254.7770233154297 -730.45947265625 
v 1511.7803955078125 276.0123596191406 -730.45947265625 
v 1516.068115234375 254.7770233154297 -724.0792236328125 
v 1511.7803955078125 276.0123596191406 -724.0792236328125 
v 1516.068115234375 254.7770233154297 -724.0792236328125 
v 1511.7803955078125 276.0123596191406 -724.0792236328125 
v 1531.603515625 257.913818359375 -724.0792236328125 
v 1527.3157958984375 279.149169921875 -724.0792236328125 
v 1531.603515625 257.913818359375 -724.0792236328125 
v 1527.3157958984375 279.149169921875 -724.0792236328125 
v 1531.603515625 257.913818359375 -730.45947265625 
v 1527.3157958984375 279.149169921875 -730.45947265625 
v 1516.068115234375 254.7770233154297 -724.0792236328125 
v 1531.603515625 257.913818359375 -724.0792236328125 
v 1516.068115234375 254.7770233154297 -730.45947265625 
v 1531.603515625 257.913818359375 -730.45947265625 
v 1527.3157958984375 279.149169921875 -724.0792236328125 
v 1511.7803955078125 276.0123596191406 -724.0792236328125 
v 1527.3157958984375 279.149169921875 -730.45947265625 
v 1511.7803955078125 276.0123596191406 -730.45947265625 
v 1516.068115234375 254.7770233154297 -753.3766479492188 
v 1516.068115234375 254.7770233154297 -759.7568969726562 
v 1511.7803955078125 276.0123596191406 -753.3766479492188 
v 1511.7803955078125 276.0123596191406 -759.7568969726562 
v 1516.068115234375 254.7770233154297 -759.7568969726562 
v 1531.603515625 257.9138488769531 -759.7568969726562 
v 1511.7803955078125 276.0123596191406 -759.7568969726562 
v 1527.3157958984375 279.149169921875 -759.7568969726562 
v 1531.603515625 257.9138488769531 -759.7568969726562 
v 1531.603515625 257.9138488769531 -753.3766479492188 
v 1527.3157958984375 279.149169921875 -759.7568969726562 
v 1527.3157958984375 279.149169921875 -753.3766479492188 
v 1516.068115234375 254.7770233154297 -759.7568969726562 
v 1516.068115234375 254.7770233154297 -753.3766479492188 
v 1531.603515625 257.9138488769531 -759.7568969726562 
v 1531.603515625 257.9138488769531 -753.3766479492188 
v 1527.3157958984375 279.149169921875 -759.7568969726562 
v 1527.3157958984375 279.149169921875 -753.3766479492188 
v 1511.7803955078125 276.0123596191406 -759.7568969726562 
v 1511.7803955078125 276.0123596191406 -753.3766479492188 
v 1495.643310546875 322.25616455078125 -733.8923950195312 
v 1489.3892822265625 320.993408203125 -733.8923950195312 
v 1491.35546875 343.49151611328125 -733.8923950195312 
v 1485.1015625 342.228759765625 -733.8923950195312 
v 1489.3892822265625 320.993408203125 -733.8923950195312 
v 1489.3892822265625 320.993408203125 -749.7412719726562 
v 1485.1015625 342.228759765625 -733.8923950195312 
v 1485.1015625 342.228759765625 -749.7412109375 
v 1489.3892822265625 320.993408203125 -749.7412719726562 
v 1495.643310546875 322.25616455078125 -749.7412719726562 
v 1485.1015625 342.228759765625 -749.7412109375 
v 1491.35546875 343.49151611328125 -749.7412719726562 
v 1522.061767578125 327.5904541015625 -749.7412109375 
v 1528.315673828125 328.8532409667969 -749.7411499023438 
v 1517.7740478515625 348.8258056640625 -749.7412109375 
v 1524.028076171875 350.088623046875 -749.7411499023438 
v 1489.3892822265625 320.993408203125 -733.8923950195312 
v 1495.643310546875 322.25616455078125 -733.8923950195312 
v 1489.3892822265625 320.993408203125 -749.7412719726562 
v 1495.643310546875 322.25616455078125 -749.7412719726562 
v 1491.35546875 343.49151611328125 -749.7412719726562 
v 1491.35546875 343.49151611328125 -733.8923950195312 
v 1485.1015625 342.228759765625 -749.7412109375 
v 1485.1015625 342.228759765625 -733.8923950195312 
v 1528.315673828125 328.8532409667969 -749.7411499023438 
v 1528.315673828125 328.8532409667969 -733.892333984375 
v 1524.028076171875 350.088623046875 -749.7411499023438 
v 1524.028076171875 350.088623046875 -733.892333984375 
v 1528.315673828125 328.8532409667969 -733.892333984375 
v 1522.061767578125 327.5904541015625 -733.892333984375 
v 1524.028076171875 350.088623046875 -733.892333984375 
v 1517.7740478515625 348.8258056640625 -733.892333984375 
v 1522.061767578125 327.5904541015625 -749.7412109375 
v 1522.061767578125 327.5904541015625 -733.892333984375 
v 1528.315673828125 328.8532409667969 -749.7411499023438 
v 1528.315673828125 328.8532409667969 -733.892333984375 
v 1524.028076171875 350.088623046875 -733.892333984375 
v 1517.7740478515625 348.8258056640625 -733.892333984375 
v 1524.028076171875 350.088623046875 -749.7411499023438 
v 1517.7740478515625 348.8258056640625 -749.7412109375 
v 1495.29833984375 357.64105224609375 -730.45947265625 
v 1491.0106201171875 378.8764343261719 -730.45947265625 
v 1495.29833984375 357.64105224609375 -724.0792236328125 
v 1491.0106201171875 378.8764343261719 -724.0792236328125 
v 1495.29833984375 357.64105224609375 -724.0792236328125 
v 1491.0106201171875 378.8764343261719 -724.0792236328125 
v 1510.833740234375 360.77789306640625 -724.0792236328125 
v 1506.5460205078125 382.01324462890625 -724.0792236328125 
v 1510.833740234375 360.77789306640625 -724.0792236328125 
v 1506.5460205078125 382.01324462890625 -724.0792236328125 
v 1510.833740234375 360.77789306640625 -730.45947265625 
v 1506.5460205078125 382.01324462890625 -730.45947265625 
v 1495.29833984375 357.64105224609375 -724.0792236328125 
v 1510.833740234375 360.77789306640625 -724.0792236328125 
v 1495.29833984375 357.64105224609375 -730.45947265625 
v 1510.833740234375 360.77789306640625 -730.45947265625 
v 1506.5460205078125 382.01324462890625 -724.0792236328125 
v 1491.0106201171875 378.8764343261719 -724.0792236328125 
v 1506.5460205078125 382.01324462890625 -730.45947265625 
v 1491.0106201171875 378.8764343261719 -730.45947265625 
v 1495.29833984375 357.64105224609375 -753.3766479492188 
v 1495.29833984375 357.64105224609375 -759.7568969726562 
v 1491.0106201171875 378.8764343261719 -753.3766479492188 
v 1491.0106201171875 378.8764343261719 -759.7568969726562 
v 1495.29833984375 357.64105224609375 -759.7568969726562 
v 1510.833740234375 360.77789306640625 -759.7568969726562 
v 1491.0106201171875 378.8764343261719 -759.7568969726562 
v 1506.5460205078125 382.01324462890625 -759.7568969726562 
v 1510.833740234375 360.77789306640625 -759.7568969726562 
v 1510.833740234375 360.77789306640625 -753.3766479492188 
v 1506.5460205078125 382.01324462890625 -759.7568969726562 
v 1506.5460205078125 382.01324462890625 -753.3766479492188 
v 1495.29833984375 357.64105224609375 -759.7568969726562 
v 1495.29833984375 357.64105224609375 -753.3766479492188 
v 1510.833740234375 360.77789306640625 -759.7568969726562 
v 1510.833740234375 360.77789306640625 -753.3766479492188 
v 1506.5460205078125 382.01324462890625 -759.7568969726562 
v 1506.5460205078125 382.01324462890625 -753.3766479492188 
v 1491.0106201171875 378.8764343261719 -759.7568969726562 
v 1491.0106201171875 378.8764343261719 -753.3766479492188 
v 1424.95068359375 272.43353271484375 -990.831787109375 
v 1438.620361328125 218.22225952148438 -990.30078125 
v 1443.781982421875 219.2644805908203 -1007.6597290039062 
v 1443.0574951171875 208.9831085205078 -989.7993774414062 
v 1448.07568359375 209.996337890625 -1006.6762084960938 
v 1450.80078125 200.69834899902344 -988.6159057617188 
v 1430.2640380859375 273.50640869140625 -1008.7012939453125 
v 1452.1639404296875 220.95692443847656 -1023.6577758789062 
v 1423.156494140625 272.0713195800781 -972.248046875 
v 1436.8775634765625 217.8704071044922 -972.248046875 
v 1441.3629150390625 208.64097595214844 -972.248046875 
v 1438.620361328125 218.2222900390625 -954.1954345703125 
v 1443.0574951171875 208.9831085205078 -954.69677734375 
v 1443.781982421875 219.2644805908203 -936.83642578125 
v 1424.95068359375 272.43353271484375 -953.6644287109375 
v 1430.2640380859375 273.50640869140625 -935.7947998046875 
v 1452.1639404296875 220.95692443847656 -920.83837890625 
v 1427.199462890625 322.6805114746094 -917.9402465820312 
v 1418.344970703125 320.8926696777344 -934.8402099609375 
v 1449.220703125 200.3793182373047 -972.248046875 
v 1463.444091796875 223.23455810546875 -906.81591796875 
v 1439.1156005859375 325.0865173339844 -903.1270751953125 
v 1448.07568359375 209.99636840820312 -937.8199462890625 
v 1456.224853515625 211.64178466796875 -922.2661743164062 
v 1455.4805908203125 201.64328002929688 -940.1416015625 
v 1450.80078125 200.69837951660156 -955.8802490234375 
v 1460.306396484375 194.56285095214844 -957.4920654296875 
v 1458.8818359375 194.27520751953125 -972.248046875 
v 1460.306396484375 194.56285095214844 -987.0040893554688 
v 1455.4805908203125 201.64324951171875 -1004.3545532226562 
v 1456.224853515625 211.64181518554688 -1022.22998046875 
v 1463.444091796875 223.23458862304688 -1037.6802978515625 
v 1427.199462890625 322.6805114746094 -1026.5557861328125 
v 1439.1156005859375 325.0865173339844 -1041.3690185546875 
v 1477.189208984375 226.00991821289062 -1049.1881103515625 
v 1453.1666259765625 330.3402404785156 -1053.5255126953125 
v 1438.6468505859375 327.4084777832031 -1041.368896484375 
v 1418.344970703125 320.89263916015625 -1009.6559448242188 
v 1469.732177734375 333.68511962890625 -1062.5587158203125 
v 1492.8707275390625 229.17623901367188 -1057.7392578125 
v 1487.7069091796875 337.31451416015625 -1068.121337890625 
v 1509.88623046875 232.6119384765625 -1063.005126953125 
v 1506.400146484375 341.08892822265625 -1069.999755859375 
v 1527.581787109375 236.1849365234375 -1064.783203125 
v 1525.09326171875 344.8633117675781 -1068.1214599609375 
v 1545.27734375 239.75791931152344 -1063.005126953125 
v 1543.06787109375 348.4927062988281 -1062.558837890625 
v 1562.2928466796875 243.19363403320312 -1057.7393798828125 
v 1559.6336669921875 351.8374938964844 -1053.525634765625 
v 1577.9744873046875 246.3599853515625 -1049.188232421875 
v 1574.153564453125 354.769287109375 -1041.3690185546875 
v 1591.719482421875 249.1353302001953 -1037.6802978515625 
v 1586.0697021484375 357.1753845214844 -1026.55615234375 
v 1602.9998779296875 251.41299438476562 -1023.6578979492188 
v 1594.9241943359375 358.9632263183594 -1009.6561279296875 
v 1611.3819580078125 253.1054229736328 -1007.659912109375 
v 1600.376953125 360.064208984375 -991.3187255859375 
v 1616.5433349609375 254.1476287841797 -990.3009643554688 
v 1602.2178955078125 360.43597412109375 -972.248046875 
v 1618.286376953125 254.4995574951172 -972.248046875 
v 1617.7333984375 244.25282287597656 -972.248046875 
v 1616.0389404296875 243.91067504882812 -989.7996215820312 
v 1613.697021484375 233.5895538330078 -972.248046875 
v 1612.1168212890625 233.27044677734375 -988.6160888671875 
v 1605.736572265625 223.92738342285156 -987.0042114257812 
v 1607.1611328125 224.21502685546875 -972.248046875 
v 1592.5262451171875 212.9149932861328 -983.9949340820312 
v 1593.660400390625 213.1439971923828 -972.248046875 
v 1581.5906982421875 205.44187927246094 -981.5685424804688 
v 1582.490478515625 205.6235809326172 -972.248046875 
v 1611.0206298828125 242.8973846435547 -1006.6763916015625 
v 1578.9259033203125 204.90382385253906 -990.5305786132812 
v 1589.167724609375 212.23683166503906 -995.2901611328125 
v 1601.5174560546875 223.0755157470703 -1001.1930541992188 
v 1607.4368896484375 232.32553100585938 -1004.3546752929688 
v 1602.8714599609375 241.25196838378906 -1022.2301635742188 
v 1591.9044189453125 239.03756713867188 -1035.8631591796875 
v 1574.598388671875 204.03001403808594 -998.7899780273438 
v 1583.713623046875 211.13560485839844 -1005.6998291015625 
v 1568.774658203125 202.8541259765625 -1006.0294189453125 
v 1576.373779296875 209.653564453125 -1014.8240356445312 
v 1561.678466796875 201.42127990722656 -1011.970703125 
v 1599.8372802734375 230.7910614013672 -1018.8595581054688 
v 1594.666259765625 221.69215393066406 -1014.2694702148438 
v 1585.446044921875 219.8304443359375 -1025.7310791015625 
v 1589.60986328125 228.72598266601562 -1031.5731201171875 
v 1578.5411376953125 236.3393096923828 -1047.0513916015625 
v 1563.295166015625 233.26089477539062 -1055.364990234375 
v 1546.752197265625 229.92062377929688 -1060.4844970703125 
v 1529.548095703125 226.44686889648438 -1062.213134765625 
v 1512.343994140625 222.97311401367188 -1060.4844970703125 
v 1495.801025390625 219.6328125 -1055.364990234375 
v 1480.5550537109375 216.554443359375 -1047.05126953125 
v 1467.191650390625 213.856201171875 -1035.8629150390625 
v 1463.0802001953125 203.177734375 -1018.859375 
v 1473.3076171875 205.2427978515625 -1031.572998046875 
v 1485.7696533203125 207.75909423828125 -1042.0068359375 
v 1499.987548828125 210.62989807128906 -1049.7598876953125 
v 1515.414794921875 213.744873046875 -1054.5341796875 
v 1531.4586181640625 216.984375 -1056.146240234375 
v 1547.5025634765625 220.223876953125 -1054.5341796875 
v 1562.929931640625 223.3389129638672 -1049.7598876953125 
v 1577.1478271484375 226.209716796875 -1042.0068359375 
v 1574.211181640625 217.5619354248047 -1035.1373291015625 
v 1567.43017578125 207.84771728515625 -1022.3119506835938 
v 1553.5823974609375 199.7865753173828 -1016.3854370117188 
v 1557.226318359375 205.7873992919922 -1027.8760986328125 
v 1544.7977294921875 198.0128173828125 -1019.10400390625 
v 1546.154541015625 203.55186462402344 -1031.3023681640625 
v 1535.661865234375 196.1681671142578 -1020.0220336914062 
v 1534.640380859375 201.2269744873047 -1032.4593505859375 
v 1523.126220703125 198.90208435058594 -1031.3023681640625 
v 1526.526123046875 194.32350158691406 -1019.10400390625 
v 1517.741455078125 192.54974365234375 -1016.3854370117188 
v 1512.054443359375 196.66653442382812 -1027.8759765625 
v 1501.8507080078125 194.6062469482422 -1022.3118896484375 
v 1509.645263671875 190.9150390625 -1011.9706420898438 
v 1492.9071044921875 192.80038452148438 -1014.8239135742188 
v 1502.549072265625 189.48219299316406 -1006.029296875 
v 1485.5672607421875 191.31837463378906 -1005.69970703125 
v 1496.725341796875 188.30628967285156 -998.7898559570312 
v 1480.11328125 190.21713256835938 -995.2899780273438 
v 1492.39794921875 187.43252563476562 -990.530517578125 
v 1476.754638671875 189.53897094726562 -983.994873046875 
v 1489.733154296875 186.89447021484375 -981.5684204101562 
v 1475.62060546875 189.30999755859375 -972.248046875 
v 1488.8333740234375 186.71278381347656 -972.248046875 
v 1489.733154296875 186.8944549560547 -962.927734375 
v 1476.754638671875 189.53897094726562 -960.5012817382812 
v 1492.39794921875 187.43252563476562 -953.9657592773438 
v 1464.5252685546875 195.41470336914062 -1001.19287109375 
v 1471.3765869140625 196.79808044433594 -1014.269287109375 
v 1480.5966796875 198.6597900390625 -1025.73095703125 
v 1491.83154296875 200.92828369140625 -1035.1373291015625 
v 1504.6494140625 203.51638793945312 -1042.126708984375 
v 1518.5574951171875 206.32464599609375 -1046.430908203125 
v 1533.0213623046875 209.24513244628906 -1047.88427734375 
v 1547.4853515625 212.16561889648438 -1046.430908203125 
v 1561.3934326171875 214.97386169433594 -1042.1268310546875 
v 1499.9210205078125 373.1768493652344 -1089.071044921875 
v 1522.26123046875 377.68768310546875 -1086.826416015625 
v 1506.400146484375 341.08892822265625 -1089.071044921875 
v 1528.7403564453125 345.5997314453125 -1086.826416015625 
v 1543.742919921875 382.025146484375 -1080.1785888671875 
v 1550.221923828125 349.93719482421875 -1080.1785888671875 
v 1563.5404052734375 386.0225830078125 -1069.3829345703125 
v 1570.01953125 353.93463134765625 -1069.3829345703125 
v 1580.8931884765625 389.52630615234375 -1054.8546142578125 
v 1587.372314453125 357.4383850097656 -1054.8546142578125 
v 1595.13427734375 392.4018249511719 -1037.151611328125 
v 1601.61328125 360.3138732910156 -1037.151611328125 
v 1605.71630859375 394.5384826660156 -1016.9544067382812 
v 1612.1954345703125 362.4505310058594 -1016.9545288085938 
v 1612.2327880859375 395.854248046875 -995.0392456054688 
v 1618.7119140625 363.7663269042969 -995.0393676757812 
v 1614.43310546875 396.2985534667969 -972.248046875 
v 1620.912109375 364.2106018066406 -972.248046875 
v 1484.0599365234375 336.5780944824219 -1086.8262939453125 
v 1477.5809326171875 368.666015625 -1086.8262939453125 
v 1462.5782470703125 332.2406311035156 -1080.178466796875 
v 1456.0992431640625 364.3285827636719 -1080.178466796875 
v 1442.7806396484375 328.2431945800781 -1069.3828125 
v 1436.3016357421875 360.3311462402344 -1069.3828125 
v 1425.427978515625 324.7393493652344 -1054.8543701171875 
v 1418.948974609375 356.8273010253906 -1054.8543701171875 
v 1404.7078857421875 353.9518737792969 -1037.1514892578125 
v 1411.65576171875 319.5419921875 -1037.1513671875 
v 1401.0738525390625 317.40533447265625 -1016.9542236328125 
v 1394.1259765625 351.815185546875 -1016.9542236328125 
v 1395.265869140625 316.22216796875 -998.1881103515625 
v 1387.609619140625 350.49945068359375 -995.0390625 
v 1392.357177734375 315.64532470703125 -972.248046875 
v 1385.4093017578125 350.0552062988281 -972.248046875 
v 1387.609619140625 350.4994812011719 -949.4570922851562 
v 1395.265869140625 316.2221984863281 -946.3079223632812 
v 1394.1259765625 351.8152160644531 -927.5419311523438 
v 1401.0738525390625 317.4053649902344 -927.5419311523438 
v 1404.7078857421875 353.95184326171875 -907.3447265625 
v 1411.65576171875 319.5419921875 -907.3447265625 
v 1425.427978515625 324.73944091796875 -889.6417846679688 
v 1425.8968505859375 322.41748046875 -889.6417846679688 
v 1425.8968505859375 322.4174499511719 -1054.8543701171875 
v 1418.948974609375 356.827392578125 -889.6417846679688 
v 1436.3017578125 360.33111572265625 -875.11328125 
v 1442.7806396484375 328.2431945800781 -875.1134033203125 
v 1456.099365234375 364.32855224609375 -864.3176879882812 
v 1462.5782470703125 332.2406005859375 -864.3176879882812 
v 1477.5809326171875 368.666015625 -857.6697998046875 
v 1484.06005859375 336.57806396484375 -857.6697998046875 
v 1499.9210205078125 373.1768493652344 -855.425048828125 
v 1506.400146484375 341.0888977050781 -855.425048828125 
v 1522.26123046875 377.68768310546875 -857.6697387695312 
v 1528.7403564453125 345.5997314453125 -857.6697387695312 
v 1543.742919921875 382.0251159667969 -864.317626953125 
v 1550.2220458984375 349.9371643066406 -864.317626953125 
v 1563.5404052734375 386.0225524902344 -875.1132202148438 
v 1570.01953125 353.9346008300781 -875.1132202148438 
v 1580.8931884765625 389.5263366699219 -889.6416625976562 
v 1587.372314453125 357.4383850097656 -889.6416015625 
v 1595.1343994140625 392.40179443359375 -907.3445434570312 
v 1601.61328125 360.3138427734375 -907.3445434570312 
v 1605.71630859375 394.53851318359375 -927.541748046875 
v 1612.1954345703125 362.4505615234375 -927.541748046875 
v 1612.2327880859375 395.8542785644531 -949.4569091796875 
v 1618.7119140625 363.7663269042969 -949.4569091796875 
v 1614.43310546875 396.2985534667969 -972.248046875 
v 1620.912109375 364.2106018066406 -972.248046875 
v 1578.9259033203125 204.90382385253906 -953.9656372070312 
v 1592.5262451171875 212.9149932861328 -960.501220703125 
v 1589.167724609375 212.23683166503906 -949.2060546875 
v 1601.5174560546875 223.0755157470703 -943.30322265625 
v 1594.666259765625 221.692138671875 -930.2266845703125 
v 1607.4368896484375 232.32553100585938 -940.1414794921875 
v 1599.8372802734375 230.79104614257812 -925.6366577148438 
v 1605.736572265625 223.92739868164062 -957.491943359375 
v 1581.5906982421875 205.44190979003906 -962.9276123046875 
v 1574.598388671875 204.030029296875 -945.7061767578125 
v 1583.7137451171875 211.13560485839844 -938.7963256835938 
v 1568.774658203125 202.85415649414062 -938.4667358398438 
v 1576.373779296875 209.653564453125 -929.6722412109375 
v 1561.678466796875 201.4213104248047 -932.5255126953125 
v 1585.4461669921875 219.83041381835938 -918.76513671875 
v 1589.60986328125 228.72598266601562 -912.9230346679688 
v 1574.211181640625 217.5619354248047 -909.35888671875 
v 1567.43017578125 207.84768676757812 -922.1842041015625 
v 1553.5823974609375 199.78659057617188 -928.1107177734375 
v 1557.226318359375 205.7873992919922 -916.6201782226562 
v 1561.3934326171875 214.97386169433594 -902.3693237304688 
v 1577.1478271484375 226.209716796875 -902.4892578125 
v 1578.5411376953125 236.3393096923828 -897.44482421875 
v 1591.9044189453125 239.03756713867188 -908.633056640625 
v 1602.8714599609375 241.251953125 -922.2659912109375 
v 1611.0206298828125 242.8974151611328 -937.8197631835938 
v 1612.1168212890625 233.27044677734375 -955.8801879882812 
v 1613.697021484375 233.5895538330078 -972.248046875 
v 1607.1611328125 224.21502685546875 -972.248046875 
v 1593.660400390625 213.1439971923828 -972.248046875 
v 1582.490478515625 205.6235809326172 -972.248046875 
v 1616.0389404296875 243.91067504882812 -954.696533203125 
v 1617.7333984375 244.25282287597656 -972.248046875 
v 1616.5433349609375 254.1476287841797 -954.1951904296875 
v 1618.286376953125 254.4995574951172 -972.248046875 
v 1602.2178955078125 360.43597412109375 -972.248046875 
v 1600.376953125 360.064208984375 -953.1775512695312 
v 1611.3819580078125 253.1054229736328 -936.8363647460938 
v 1594.9241943359375 358.9632568359375 -934.8400268554688 
v 1602.9998779296875 251.4129638671875 -920.8382568359375 
v 1591.7196044921875 249.1352996826172 -906.8157958984375 
v 1577.9744873046875 246.3599853515625 -895.3079223632812 
v 1574.153564453125 354.769287109375 -903.127197265625 
v 1559.6336669921875 351.8375244140625 -890.9705200195312 
v 1543.0679931640625 348.4927062988281 -881.9373779296875 
v 1586.0697021484375 357.1753845214844 -917.9401245117188 
v 1562.2928466796875 243.1936492919922 -886.7567749023438 
v 1563.295166015625 233.26089477539062 -889.1311645507812 
v 1562.929931640625 223.3389129638672 -894.7362670898438 
v 1547.4853515625 212.16561889648438 -898.065185546875 
v 1546.154541015625 203.55186462402344 -913.1937866210938 
v 1544.7977294921875 198.01280212402344 -925.3921508789062 
v 1535.661865234375 196.1681671142578 -924.4742431640625 
v 1534.640380859375 201.22694396972656 -912.0368041992188 
v 1523.126220703125 198.90208435058594 -913.1937866210938 
v 1526.526123046875 194.323486328125 -925.3921508789062 
v 1512.0545654296875 196.66653442382812 -916.6201782226562 
v 1517.741455078125 192.54974365234375 -928.1107788085938 
v 1501.850830078125 194.6062469482422 -922.1842651367188 
v 1509.6453857421875 190.9150390625 -932.5255126953125 
v 1492.9071044921875 192.80038452148438 -929.6722412109375 
v 1502.549072265625 189.48219299316406 -938.4668579101562 
v 1485.5672607421875 191.31837463378906 -938.7964477539062 
v 1496.725341796875 188.30628967285156 -945.706298828125 
v 1480.11328125 190.21713256835938 -949.2061767578125 
v 1464.5252685546875 195.4147186279297 -943.3032836914062 
v 1471.3765869140625 196.79808044433594 -930.2269287109375 
v 1480.5966796875 198.6597900390625 -918.7652587890625 
v 1491.83154296875 200.92825317382812 -909.35888671875 
v 1504.6494140625 203.51638793945312 -902.369384765625 
v 1518.5574951171875 206.32464599609375 -898.0653076171875 
v 1533.021484375 209.24513244628906 -896.6118774414062 
v 1547.5025634765625 220.223876953125 -889.9620361328125 
v 1531.458740234375 216.98439025878906 -888.3499145507812 
v 1515.414794921875 213.74490356445312 -889.9620361328125 
v 1499.987548828125 210.62989807128906 -894.7362670898438 
v 1485.7696533203125 207.75909423828125 -902.4893798828125 
v 1473.3076171875 205.24278259277344 -912.9231567382812 
v 1463.0802001953125 203.177734375 -925.6367797851562 
v 1467.1917724609375 213.85617065429688 -908.6331176757812 
v 1480.5550537109375 216.554443359375 -897.4449462890625 
v 1495.801025390625 219.63284301757812 -889.1311645507812 
v 1512.343994140625 222.97311401367188 -884.0116577148438 
v 1529.548095703125 226.44686889648438 -882.2830200195312 
v 1546.752197265625 229.920654296875 -884.0116577148438 
v 1545.27734375 239.75794982910156 -881.490966796875 
v 1525.09326171875 344.86328125 -876.3746948242188 
v 1527.581787109375 236.18495178222656 -879.7129516601562 
v 1509.88623046875 232.61196899414062 -881.4910888671875 
v 1492.8707275390625 229.17625427246094 -886.7568969726562 
v 1477.189208984375 226.00991821289062 -895.3080444335938 
v 1453.1666259765625 330.34027099609375 -890.970703125 
v 1438.6468505859375 327.4084777832031 -903.1273193359375 
v 1469.7322998046875 333.6850891113281 -881.9373779296875 
v 1487.70703125 337.3144836425781 -876.3748168945312 
v 1506.400146484375 341.0888977050781 -874.4964599609375 
v 1574.153564453125 354.769287109375 -903.127197265625 
v 1601.61328125 360.3138427734375 -907.3445434570312 
v 1586.0697021484375 357.1753845214844 -917.9401245117188 
v 1594.9241943359375 358.9632568359375 -934.8400268554688 
v 1612.1954345703125 362.4505615234375 -927.541748046875 
v 1618.7119140625 363.7663269042969 -949.4569091796875 
v 1600.376953125 360.064208984375 -953.1775512695312 
v 1620.912109375 364.2106018066406 -972.248046875 
v 1602.2178955078125 360.43597412109375 -972.248046875 
v 1600.376953125 360.064208984375 -991.3187255859375 
v 1618.7119140625 363.7663269042969 -995.0393676757812 
v 1594.9241943359375 358.9632263183594 -1009.6561279296875 
v 1612.1954345703125 362.4505310058594 -1016.9545288085938 
v 1601.61328125 360.3138732910156 -1037.151611328125 
v 1586.0697021484375 357.1753845214844 -1026.55615234375 
v 1574.153564453125 354.769287109375 -1041.3690185546875 
v 1587.372314453125 357.4383850097656 -1054.8546142578125 
v 1570.01953125 353.93463134765625 -1069.3829345703125 
v 1559.6336669921875 351.8374938964844 -1053.525634765625 
v 1543.06787109375 348.4927062988281 -1062.558837890625 
v 1550.221923828125 349.93719482421875 -1080.1785888671875 
v 1528.7403564453125 345.5997314453125 -1086.826416015625 
v 1525.09326171875 344.8633117675781 -1068.1214599609375 
v 1506.400146484375 341.08892822265625 -1069.999755859375 
v 1506.400146484375 341.08892822265625 -1089.071044921875 
v 1484.0599365234375 336.5780944824219 -1086.8262939453125 
v 1487.7069091796875 337.31451416015625 -1068.121337890625 
v 1469.732177734375 333.68511962890625 -1062.5587158203125 
v 1462.5782470703125 332.2406311035156 -1080.178466796875 
v 1442.7806396484375 328.2431945800781 -1069.3828125 
v 1453.1666259765625 330.3402404785156 -1053.5255126953125 
v 1425.427978515625 324.7393493652344 -1054.8543701171875 
v 1438.6468505859375 327.4084777832031 -1041.368896484375 
v 1425.8968505859375 322.4174499511719 -1054.8543701171875 
v 1425.427978515625 324.7393493652344 -1054.8543701171875 
v 1439.1156005859375 325.0865173339844 -1041.3690185546875 
v 1438.6468505859375 327.4084777832031 -1041.368896484375 
v 1587.372314453125 357.4383850097656 -889.6416015625 
v 1570.01953125 353.9346008300781 -875.1132202148438 
v 1559.6336669921875 351.8375244140625 -890.9705200195312 
v 1543.0679931640625 348.4927062988281 -881.9373779296875 
v 1550.2220458984375 349.9371643066406 -864.317626953125 
v 1525.09326171875 344.86328125 -876.3746948242188 
v 1528.7403564453125 345.5997314453125 -857.6697387695312 
v 1506.400146484375 341.0888977050781 -874.4964599609375 
v 1506.400146484375 341.0888977050781 -855.425048828125 
v 1484.06005859375 336.57806396484375 -857.6697998046875 
v 1487.70703125 337.3144836425781 -876.3748168945312 
v 1469.7322998046875 333.6850891113281 -881.9373779296875 
v 1462.5782470703125 332.2406005859375 -864.3176879882812 
v 1442.7806396484375 328.2431945800781 -875.1134033203125 
v 1453.1666259765625 330.34027099609375 -890.970703125 
v 1425.427978515625 324.73944091796875 -889.6417846679688 
v 1438.6468505859375 327.4084777832031 -903.1273193359375 
v 1499.3619384765625 175.248291015625 -945.706298828125 
v 1505.1856689453125 176.42417907714844 -938.4668579101562 
v 1585.1270751953125 192.5655517578125 -972.248046875 
v 1538.2984619140625 183.1101531982422 -924.47412109375 
v 1495.0345458984375 174.37451171875 -953.9656372070312 
v 1492.3697509765625 173.83645629882812 -962.927734375 
v 1491.469970703125 173.65475463867188 -972.248046875 
v 1492.3697509765625 173.83645629882812 -981.5684204101562 
v 1584.227294921875 192.38388061523438 -981.5685424804688 
v 1581.5623779296875 191.84579467773438 -990.5305786132812 
v 1577.2349853515625 190.97201538085938 -998.7899780273438 
v 1512.2818603515625 177.85702514648438 -1011.9706420898438 
v 1547.4342041015625 184.95480346679688 -1019.10400390625 
v 1529.1627197265625 181.2655029296875 -1019.10400390625 
v 1538.2984619140625 183.1101531982422 -1020.0220336914062 
v 1495.0345458984375 174.37452697753906 -990.5303955078125 
v 1499.3619384765625 175.248291015625 -998.7898559570312 
v 1505.1856689453125 176.42417907714844 -1006.029296875 
v 1520.3779296875 179.49172973632812 -1016.3853759765625 
v 1556.218994140625 186.72857666015625 -1016.3854370117188 
v 1564.3150634765625 188.36329650878906 -1011.970703125 
v 1571.411376953125 189.79612731933594 -1006.0294189453125 
v 1584.227294921875 192.3838653564453 -962.9276123046875 
v 1581.5623779296875 191.84579467773438 -953.9656372070312 
v 1571.411376953125 189.79612731933594 -938.4667358398438 
v 1564.3150634765625 188.36329650878906 -932.5255126953125 
v 1556.218994140625 186.72857666015625 -928.1107177734375 
v 1547.4342041015625 184.95480346679688 -925.3921508789062 
v 1577.2349853515625 190.97203063964844 -945.7061767578125 
v 1512.281982421875 177.85702514648438 -932.5255126953125 
v 1520.3779296875 179.49172973632812 -928.1107177734375 
v 1529.1627197265625 181.26548767089844 -925.3921508789062 
v 1439.1156005859375 325.0865173339844 -903.1270751953125 
v 1425.8968505859375 322.41748046875 -889.6417846679688 
v 1427.199462890625 322.6805114746094 -917.9402465820312 
v 1411.65576171875 319.5419921875 -907.3447265625 
v 1401.0738525390625 317.4053649902344 -927.5419311523438 
v 1418.344970703125 320.8926696777344 -934.8402099609375 
v 1395.265869140625 316.2221984863281 -946.3079223632812 
v 1544.7977294921875 198.01280212402344 -925.3921508789062 
v 1547.4342041015625 184.95480346679688 -925.3921508789062 
v 1553.5823974609375 199.78659057617188 -928.1107177734375 
v 1556.218994140625 186.72857666015625 -928.1107177734375 
v 1538.2984619140625 183.1101531982422 -924.47412109375 
v 1535.661865234375 196.1681671142578 -924.4742431640625 
v 1529.1627197265625 181.26548767089844 -925.3921508789062 
v 1526.526123046875 194.323486328125 -925.3921508789062 
v 1520.3779296875 179.49172973632812 -928.1107177734375 
v 1517.741455078125 192.54974365234375 -928.1107788085938 
v 1512.281982421875 177.85702514648438 -932.5255126953125 
v 1509.6453857421875 190.9150390625 -932.5255126953125 
v 1505.1856689453125 176.42417907714844 -938.4668579101562 
v 1502.549072265625 189.48219299316406 -938.4668579101562 
v 1499.3619384765625 175.248291015625 -945.706298828125 
v 1496.725341796875 188.30628967285156 -945.706298828125 
v 1495.0345458984375 174.37451171875 -953.9656372070312 
v 1492.39794921875 187.43252563476562 -953.9657592773438 
v 1492.3697509765625 173.83645629882812 -962.927734375 
v 1489.733154296875 186.8944549560547 -962.927734375 
v 1491.469970703125 173.65475463867188 -972.248046875 
v 1488.8333740234375 186.71278381347656 -972.248046875 
v 1489.733154296875 186.89447021484375 -981.5684204101562 
v 1492.3697509765625 173.83645629882812 -981.5684204101562 
v 1492.39794921875 187.43252563476562 -990.530517578125 
v 1495.0345458984375 174.37452697753906 -990.5303955078125 
v 1496.725341796875 188.30628967285156 -998.7898559570312 
v 1499.3619384765625 175.248291015625 -998.7898559570312 
v 1502.549072265625 189.48219299316406 -1006.029296875 
v 1505.1856689453125 176.42417907714844 -1006.029296875 
v 1509.645263671875 190.9150390625 -1011.9706420898438 
v 1512.2818603515625 177.85702514648438 -1011.9706420898438 
v 1517.741455078125 192.54974365234375 -1016.3854370117188 
v 1520.3779296875 179.49172973632812 -1016.3853759765625 
v 1526.526123046875 194.32350158691406 -1019.10400390625 
v 1529.1627197265625 181.2655029296875 -1019.10400390625 
v 1535.661865234375 196.1681671142578 -1020.0220336914062 
v 1538.2984619140625 183.1101531982422 -1020.0220336914062 
v 1544.7977294921875 198.0128173828125 -1019.10400390625 
v 1547.4342041015625 184.95480346679688 -1019.10400390625 
v 1553.5823974609375 199.7865753173828 -1016.3854370117188 
v 1556.218994140625 186.72857666015625 -1016.3854370117188 
v 1561.678466796875 201.42127990722656 -1011.970703125 
v 1564.3150634765625 188.36329650878906 -1011.970703125 
v 1568.774658203125 202.8541259765625 -1006.0294189453125 
v 1571.411376953125 189.79612731933594 -1006.0294189453125 
v 1574.598388671875 204.03001403808594 -998.7899780273438 
v 1577.2349853515625 190.97201538085938 -998.7899780273438 
v 1578.9259033203125 204.90382385253906 -990.5305786132812 
v 1581.5623779296875 191.84579467773438 -990.5305786132812 
v 1581.5906982421875 205.44187927246094 -981.5685424804688 
v 1584.227294921875 192.38388061523438 -981.5685424804688 
v 1582.490478515625 205.6235809326172 -972.248046875 
v 1585.1270751953125 192.5655517578125 -972.248046875 
v 1395.265869140625 316.22216796875 -998.1881103515625 
v 1392.357177734375 315.64532470703125 -972.248046875 
v 1389.73876953125 316.2630920410156 -995.3972778320312 
v 1389.72216796875 316.3281555175781 -972.248046875 
v 1381.177734375 314.1068115234375 -994.8014526367188 
v 1381.177734375 314.1068420410156 -949.6946411132812 
v 1389.73876953125 316.2630920410156 -949.0987548828125 
v 1395.265869140625 316.2221984863281 -946.3079223632812 
v 1561.678466796875 201.4213104248047 -932.5255126953125 
v 1564.3150634765625 188.36329650878906 -932.5255126953125 
v 1568.774658203125 202.85415649414062 -938.4667358398438 
v 1571.411376953125 189.79612731933594 -938.4667358398438 
v 1574.598388671875 204.030029296875 -945.7061767578125 
v 1577.2349853515625 190.97203063964844 -945.7061767578125 
v 1578.9259033203125 204.90382385253906 -953.9656372070312 
v 1581.5623779296875 191.84579467773438 -953.9656372070312 
v 1581.5906982421875 205.44190979003906 -962.9276123046875 
v 1584.227294921875 192.3838653564453 -962.9276123046875 
v 1582.490478515625 205.6235809326172 -972.248046875 
v 1585.1270751953125 192.5655517578125 -972.248046875 
v 1438.6468505859375 327.4084777832031 -903.1273193359375 
v 1425.427978515625 324.73944091796875 -889.6417846679688 
v 1439.1156005859375 325.0865173339844 -903.1270751953125 
v 1425.8968505859375 322.41748046875 -889.6417846679688 
v 1387.255859375 284.0044860839844 -950.2748413085938 
v 1380.770263671875 313.54193115234375 -950.41845703125 
v 1386.6585693359375 284.3797302246094 -950.9815063476562 
v 1381.9229736328125 307.8330993652344 -959.3614501953125 
v 1385.585205078125 289.69580078125 -959.5335083007812 
v 1386.6556396484375 284.394775390625 -960.2359619140625 
v 1386.24951171875 286.4054260253906 -969.0147705078125 
v 1387.5511474609375 279.95947265625 -969.0147705078125 
v 1387.5511474609375 279.95947265625 -975.4813232421875 
v 1388.0743408203125 279.8148498535156 -969.0587768554688 
v 1388.0743408203125 279.8148498535156 -975.437255859375 
v 1387.255615234375 284.0044860839844 -984.2667846679688 
v 1386.6556396484375 284.394775390625 -984.2601928710938 
v 1386.24951171875 286.4054260253906 -975.4813232421875 
v 1386.7830810546875 287.2428894042969 -975.4813232421875 
v 1386.7830810546875 287.2428894042969 -969.0147705078125 
v 1386.1666259765625 290.29632568359375 -960.2177734375 
v 1382.734375 307.29437255859375 -960.0567016601562 
v 1381.9229736328125 307.83306884765625 -985.1345825195312 
v 1382.734375 307.2943420410156 -984.439453125 
v 1385.585205078125 289.6957702636719 -984.962646484375 
v 1386.1666259765625 290.2962951660156 -984.2783203125 
v 1387.255615234375 284.0044860839844 -960.2293701171875 
v 1386.6585693359375 284.37969970703125 -993.5146484375 
v 1387.255859375 284.0045166015625 -994.2213134765625 
v 1380.770263671875 313.5419006347656 -994.0776977539062 
v 1381.177734375 314.1068420410156 -949.6946411132812 
v 1381.177734375 314.1068115234375 -994.8014526367188 
v 1439.1156005859375 325.0865173339844 -1041.3690185546875 
v 1425.8968505859375 322.4174499511719 -1054.8543701171875 
v 1427.199462890625 322.6805114746094 -1026.5557861328125 
v 1411.65576171875 319.5419921875 -1037.1513671875 
v 1401.0738525390625 317.40533447265625 -1016.9542236328125 
v 1418.344970703125 320.89263916015625 -1009.6559448242188 
v 1395.265869140625 316.22216796875 -998.1881103515625 
v 1387.255859375 284.0045166015625 -994.2213134765625 
v 1387.255615234375 284.0044860839844 -984.2667846679688 
v 1396.091796875 284.7989196777344 -985.3778686523438 
v 1396.091796875 284.7989501953125 -974.6321411132812 
v 1388.0743408203125 279.8148498535156 -975.437255859375 
v 1396.091796875 284.7989501953125 -969.864013671875 
v 1388.0743408203125 279.8148498535156 -969.0587768554688 
v 1387.255615234375 284.0044860839844 -960.2293701171875 
v 1396.091796875 284.7989501953125 -959.1182861328125 
v 1387.255859375 284.0044860839844 -950.2748413085938 
v 1396.091796875 284.7989501953125 -949.7733154296875 
v 1424.95068359375 272.43353271484375 -953.6644287109375 
v 1430.2640380859375 273.50640869140625 -935.7947998046875 
v 1423.156494140625 272.0713195800781 -972.248046875 
v 1424.95068359375 272.43353271484375 -990.831787109375 
v 1396.091796875 284.7989196777344 -994.7228393554688 
v 1430.2640380859375 273.50640869140625 -1008.7012939453125 
v 1418.344970703125 320.8926696777344 -934.8402099609375 
v 1395.265869140625 316.2221984863281 -946.3079223632812 
v 1430.2640380859375 273.50640869140625 -935.7947998046875 
v 1396.091796875 284.7989501953125 -949.7733154296875 
v 1389.73876953125 316.2630920410156 -949.0987548828125 
v 1387.255859375 284.0044860839844 -950.2748413085938 
v 1381.177734375 314.1068420410156 -949.6946411132812 
v 1437.0740966796875 275.2707214355469 -938.9324340820312 
v 1432.273681640625 274.2947692871094 -955.1654663085938 
v 1394.636474609375 292.00653076171875 -960.2177734375 
v 1395.2530517578125 288.953125 -969.0147705078125 
v 1386.1666259765625 290.29632568359375 -960.2177734375 
v 1386.7830810546875 287.2428894042969 -969.0147705078125 
v 1395.2530517578125 288.953125 -975.4813232421875 
v 1386.7830810546875 287.2428894042969 -975.4813232421875 
v 1394.636474609375 292.00653076171875 -984.2783203125 
v 1386.1666259765625 290.2962951660156 -984.2783203125 
v 1430.62451171875 273.9617919921875 -972.248046875 
v 1432.273681640625 274.2947692871094 -989.3306884765625 
v 1437.0740966796875 275.2707214355469 -1005.5636596679688 
v 1418.344970703125 320.89263916015625 -1009.6559448242188 
v 1430.2640380859375 273.50640869140625 -1008.7012939453125 
v 1395.265869140625 316.22216796875 -998.1881103515625 
v 1396.091796875 284.7989196777344 -994.7228393554688 
v 1389.73876953125 316.2630920410156 -995.3972778320312 
v 1387.255859375 284.0045166015625 -994.2213134765625 
v 1381.177734375 314.1068115234375 -994.8014526367188 
v 1386.1666259765625 290.29632568359375 -960.2177734375 
v 1394.636474609375 292.00653076171875 -960.2177734375 
v 1382.734375 307.29437255859375 -960.0567016601562 
v 1391.204345703125 309.00457763671875 -960.0567016601562 
v 1424.9237060546875 322.6132507324219 -938.4496459960938 
v 1437.0740966796875 275.2707214355469 -938.9324340820312 
v 1382.734375 307.29437255859375 -960.0567016601562 
v 1391.204345703125 309.00457763671875 -960.0567016601562 
v 1382.734375 307.2943420410156 -984.439453125 
v 1391.204345703125 309.00457763671875 -984.439453125 
v 1418.290283203125 320.881591796875 -972.2479858398438 
v 1419.9923095703125 321.2252502441406 -989.8776245117188 
v 1424.9237060546875 322.61322021484375 -1006.0465087890625 
v 1419.9923095703125 321.2252502441406 -954.6183471679688 
v 1424.9237060546875 322.6132507324219 -938.4496459960938 
v 1418.0518798828125 356.646240234375 -1006.0465087890625 
v 1424.9237060546875 322.61322021484375 -1006.0465087890625 
v 1426.517822265625 358.35565185546875 -1022.27392578125 
v 1437.0740966796875 275.2707214355469 -1005.5636596679688 
v 1458.14404296875 223.33987426757812 -1019.4169921875 
v 1450.4564208984375 221.787353515625 -1004.742919921875 
v 1437.59228515625 360.59173583984375 -1035.7835693359375 
v 1413.5736083984375 355.741943359375 -989.7701416015625 
v 1419.9923095703125 321.2252502441406 -989.8776245117188 
v 1418.290283203125 320.881591796875 -972.2479858398438 
v 1411.8819580078125 355.4004211425781 -972.2478637695312 
v 1419.9923095703125 321.2252502441406 -954.6183471679688 
v 1413.5736083984375 355.7419738769531 -954.7256469726562 
v 1424.9237060546875 322.6132507324219 -938.4496459960938 
v 1418.0518798828125 356.646240234375 -938.4496459960938 
v 1450.8599853515625 363.2706298828125 -1047.11572265625 
v 1481.1143798828125 227.97706604003906 -1042.8521728515625 
v 1468.49462890625 225.43017578125 -1032.2864990234375 
v 1466.139404296875 366.3558044433594 -1055.4501953125 
v 1495.5018310546875 230.88272094726562 -1050.697509765625 
v 1482.6993408203125 369.69952392578125 -1060.574951171875 
v 1511.1158447265625 234.03536987304688 -1055.529541015625 
v 1501.4471435546875 215.5141143798828 -1043.9716796875 
v 1488.291015625 212.85769653320312 -1036.7977294921875 
v 1476.759521484375 210.529296875 -1027.1429443359375 
v 1467.2958984375 208.61846923828125 -1015.3787841796875 
v 1460.2637939453125 207.19854736328125 -1001.95703125 
v 1472.38916015625 193.73553466796875 -998.1377563476562 
v 1478.517333984375 194.97288513183594 -1009.8339233398438 
v 1486.7642822265625 196.63807678222656 -1020.085693359375 
v 1496.813232421875 198.66712951660156 -1028.4991455078125 
v 1508.278076171875 200.98202514648438 -1034.7509765625 
v 1515.722412109375 218.39649963378906 -1048.3895263671875 
v 1520.718017578125 203.4938507080078 -1038.6007080078125 
v 1530.568359375 221.39410400390625 -1049.8812255859375 
v 1533.6552734375 206.10606384277344 -1039.900634765625 
v 1545.4141845703125 224.3917236328125 -1048.3896484375 
v 1546.592529296875 208.71827697753906 -1038.6007080078125 
v 1559.032470703125 211.23011779785156 -1034.7509765625 
v 1559.6895751953125 227.27410888671875 -1043.9718017578125 
v 1570.497314453125 213.54501342773438 -1028.499267578125 
v 1572.845703125 229.93052673339844 -1036.7978515625 
v 1580.5462646484375 215.5740509033203 -1020.0859375 
v 1584.377197265625 232.2589111328125 -1027.14306640625 
v 1588.7933349609375 217.2392578125 -1009.8341064453125 
v 1593.8409423828125 234.1697998046875 -1015.3789672851562 
v 1594.9212646484375 218.4766082763672 -998.1378784179688 
v 1600.873046875 235.58969116210938 -1001.9572143554688 
v 1598.6949462890625 219.2385711669922 -985.4468383789062 
v 1605.2034912109375 236.46405029296875 -987.3938598632812 
v 1599.96923828125 219.49586486816406 -972.248046875 
v 1606.6656494140625 236.7593231201172 -972.248046875 
v 1605.2034912109375 236.4640655517578 -957.1024169921875 
v 1598.6949462890625 219.2385711669922 -959.04931640625 
v 1600.873046875 235.58969116210938 -942.5389404296875 
v 1594.9212646484375 218.47662353515625 -946.3582763671875 
v 1593.8409423828125 234.1697998046875 -929.1171875 
v 1588.7933349609375 217.23928833007812 -934.6621704101562 
v 1584.377197265625 232.25889587402344 -917.35302734375 
v 1580.5462646484375 215.5740203857422 -924.4103393554688 
v 1572.845703125 229.93052673339844 -907.6984252929688 
v 1570.497314453125 213.54498291015625 -915.9969482421875 
v 1559.6895751953125 227.27410888671875 -900.5243530273438 
v 1559.0325927734375 211.23008728027344 -909.7452392578125 
v 1545.4141845703125 224.3917236328125 -896.1066284179688 
v 1546.592529296875 208.71827697753906 -905.8954467773438 
v 1533.6552734375 206.10606384277344 -904.595458984375 
v 1530.568359375 221.39410400390625 -894.6148681640625 
v 1520.7181396484375 203.4938507080078 -905.8954467773438 
v 1515.7225341796875 218.39651489257812 -896.1066284179688 
v 1508.278076171875 200.98199462890625 -909.7452392578125 
v 1501.4471435546875 215.5141143798828 -900.5244140625 
v 1496.813232421875 198.66712951660156 -915.9970092773438 
v 1488.291015625 212.85768127441406 -907.6984252929688 
v 1486.7642822265625 196.63807678222656 -924.4104614257812 
v 1476.759521484375 210.529296875 -917.3531494140625 
v 1478.517333984375 194.97288513183594 -934.6622314453125 
v 1467.2958984375 208.6184539794922 -929.1173706054688 
v 1472.38916015625 193.73553466796875 -946.3583984375 
v 1460.2637939453125 207.19857788085938 -942.5390014648438 
v 1458.14404296875 223.33984375 -925.0790405273438 
v 1450.4564208984375 221.787353515625 -939.7532348632812 
v 1437.0740966796875 275.2707214355469 -938.9324340820312 
v 1426.517822265625 358.35565185546875 -922.22216796875 
v 1424.9237060546875 322.6132507324219 -938.4496459960938 
v 1418.0518798828125 356.646240234375 -938.4496459960938 
v 1437.59228515625 360.5917053222656 -908.7124633789062 
v 1468.49462890625 225.43020629882812 -912.2095947265625 
v 1481.114501953125 227.97706604003906 -901.6439208984375 
v 1495.501953125 230.88272094726562 -893.7986450195312 
v 1511.1158447265625 234.035400390625 -888.966552734375 
v 1482.6993408203125 369.6994934082031 -883.9212646484375 
v 1466.1395263671875 366.3558349609375 -889.0460205078125 
v 1450.8599853515625 363.2706298828125 -897.3804321289062 
v 1527.3538818359375 237.3140869140625 -887.3350219726562 
v 1543.5919189453125 240.59278869628906 -888.966552734375 
v 1559.205810546875 243.74549865722656 -893.7986450195312 
v 1499.921142578125 373.1768493652344 -882.1907958984375 
v 1517.142822265625 376.6541748046875 -883.9212646484375 
v 1533.7027587890625 379.99786376953125 -889.0458984375 
v 1573.595703125 246.65103149414062 -901.6453857421875 
v 1586.2086181640625 249.19776916503906 -912.2053833007812 
v 1548.9644775390625 383.07940673828125 -897.3681640625 
v 1562.341552734375 385.7804260253906 -908.5679321289062 
v 1573.319580078125 387.9971618652344 -922.2147827148438 
v 1596.5596923828125 251.2877960205078 -925.07275390625 
v 1581.4771728515625 389.644287109375 -937.7844848632812 
v 1604.2513427734375 252.84085083007812 -939.753173828125 
v 1586.50048828125 390.6585693359375 -954.6786499023438 
v 1608.98779296875 253.79722595214844 -955.6821899414062 
v 1588.19677734375 391.00103759765625 -972.248046875 
v 1610.587158203125 254.1201629638672 -972.248046875 
v 1608.98779296875 253.79722595214844 -988.81396484375 
v 1586.50048828125 390.6585388183594 -989.8175048828125 
v 1604.2513427734375 252.84088134765625 -1004.7429809570312 
v 1581.4771728515625 389.6442565917969 -1006.711669921875 
v 1596.5596923828125 251.28781127929688 -1019.4234008789062 
v 1573.319580078125 387.99713134765625 -1022.2813720703125 
v 1586.2086181640625 249.19773864746094 -1032.2908935546875 
v 1562.3414306640625 385.78045654296875 -1035.9283447265625 
v 1548.96435546875 383.07940673828125 -1047.1280517578125 
v 1573.595703125 246.65103149414062 -1042.850830078125 
v 1533.70263671875 379.9978332519531 -1055.4501953125 
v 1559.205810546875 243.74549865722656 -1050.6976318359375 
v 1543.5919189453125 240.5927734375 -1055.529541015625 
v 1517.142822265625 376.6542053222656 -1060.574951171875 
v 1527.3538818359375 237.3140869140625 -1057.1611328125 
v 1499.9210205078125 373.1768493652344 -1062.3052978515625 
v 1468.615478515625 192.97361755371094 -985.4466552734375 
v 1455.933349609375 206.32421875 -987.3936767578125 
v 1467.3414306640625 192.7163543701172 -972.248046875 
v 1454.47119140625 206.02903747558594 -972.248046875 
v 1445.719970703125 220.83099365234375 -988.8137817382812 
v 1444.1207275390625 220.5081024169922 -972.248046875 
v 1430.62451171875 273.9617919921875 -972.248046875 
v 1445.719970703125 220.8310089111328 -955.682373046875 
v 1432.273681640625 274.2947692871094 -955.1654663085938 
v 1437.0740966796875 275.2707214355469 -938.9324340820312 
v 1450.4564208984375 221.787353515625 -939.7532348632812 
v 1455.933349609375 206.32424926757812 -957.1024780273438 
v 1468.6156005859375 192.97361755371094 -959.0494995117188 
v 1460.2637939453125 207.19857788085938 -942.5390014648438 
v 1432.273681640625 274.2947692871094 -989.3306884765625 
v 1472.38916015625 193.73553466796875 -946.3583984375 
v 1437.0740966796875 275.2707214355469 -1005.5636596679688 
v 1394.636474609375 292.00653076171875 -984.2783203125 
v 1424.9237060546875 322.61322021484375 -1006.0465087890625 
v 1391.204345703125 309.00457763671875 -984.439453125 
v 1386.1666259765625 290.2962951660156 -984.2783203125 
v 1382.734375 307.2943420410156 -984.439453125 
v 1404.7078857421875 353.9518737792969 -1037.1514892578125 
v 1394.1259765625 351.815185546875 -1016.9542236328125 
v 1426.517822265625 358.35565185546875 -1022.27392578125 
v 1418.0518798828125 356.646240234375 -1006.0465087890625 
v 1387.609619140625 350.49945068359375 -995.0390625 
v 1413.5736083984375 355.741943359375 -989.7701416015625 
v 1385.4093017578125 350.0552062988281 -972.248046875 
v 1411.8819580078125 355.4004211425781 -972.2478637695312 
v 1418.948974609375 356.8273010253906 -1054.8543701171875 
v 1437.59228515625 360.59173583984375 -1035.7835693359375 
v 1450.8599853515625 363.2706298828125 -1047.11572265625 
v 1436.3016357421875 360.3311462402344 -1069.3828125 
v 1466.139404296875 366.3558044433594 -1055.4501953125 
v 1456.0992431640625 364.3285827636719 -1080.178466796875 
v 1477.5809326171875 368.666015625 -1086.8262939453125 
v 1482.6993408203125 369.69952392578125 -1060.574951171875 
v 1499.9210205078125 373.1768493652344 -1062.3052978515625 
v 1499.9210205078125 373.1768493652344 -1089.071044921875 
v 1522.26123046875 377.68768310546875 -1086.826416015625 
v 1517.142822265625 376.6542053222656 -1060.574951171875 
v 1533.70263671875 379.9978332519531 -1055.4501953125 
v 1543.742919921875 382.025146484375 -1080.1785888671875 
v 1563.5404052734375 386.0225830078125 -1069.3829345703125 
v 1548.96435546875 383.07940673828125 -1047.1280517578125 
v 1562.3414306640625 385.78045654296875 -1035.9283447265625 
v 1580.8931884765625 389.52630615234375 -1054.8546142578125 
v 1595.13427734375 392.4018249511719 -1037.151611328125 
v 1573.319580078125 387.99713134765625 -1022.2813720703125 
v 1581.4771728515625 389.6442565917969 -1006.711669921875 
v 1605.71630859375 394.5384826660156 -1016.9544067382812 
v 1612.2327880859375 395.854248046875 -995.0392456054688 
v 1586.50048828125 390.6585388183594 -989.8175048828125 
v 1614.43310546875 396.2985534667969 -972.248046875 
v 1588.19677734375 391.00103759765625 -972.248046875 
v 1586.50048828125 390.6585693359375 -954.6786499023438 
v 1612.2327880859375 395.8542785644531 -949.4569091796875 
v 1581.4771728515625 389.644287109375 -937.7844848632812 
v 1605.71630859375 394.53851318359375 -927.541748046875 
v 1595.1343994140625 392.40179443359375 -907.3445434570312 
v 1573.319580078125 387.9971618652344 -922.2147827148438 
v 1562.341552734375 385.7804260253906 -908.5679321289062 
v 1580.8931884765625 389.5263366699219 -889.6416625976562 
v 1563.5404052734375 386.0225524902344 -875.1132202148438 
v 1548.9644775390625 383.07940673828125 -897.3681640625 
v 1533.7027587890625 379.99786376953125 -889.0458984375 
v 1543.742919921875 382.0251159667969 -864.317626953125 
v 1522.26123046875 377.68768310546875 -857.6697387695312 
v 1517.142822265625 376.6541748046875 -883.9212646484375 
v 1499.921142578125 373.1768493652344 -882.1907958984375 
v 1499.9210205078125 373.1768493652344 -855.425048828125 
v 1477.5809326171875 368.666015625 -857.6697998046875 
v 1482.6993408203125 369.6994934082031 -883.9212646484375 
v 1466.1395263671875 366.3558349609375 -889.0460205078125 
v 1456.099365234375 364.32855224609375 -864.3176879882812 
v 1436.3017578125 360.33111572265625 -875.11328125 
v 1450.8599853515625 363.2706298828125 -897.3804321289062 
v 1418.948974609375 356.827392578125 -889.6417846679688 
v 1437.59228515625 360.5917053222656 -908.7124633789062 
v 1426.517822265625 358.35565185546875 -922.22216796875 
v 1404.7078857421875 353.95184326171875 -907.3447265625 
v 1394.1259765625 351.8152160644531 -927.5419311523438 
v 1418.0518798828125 356.646240234375 -938.4496459960938 
v 1387.609619140625 350.4994812011719 -949.4570922851562 
v 1413.5736083984375 355.7419738769531 -954.7256469726562 
v 1570.497314453125 213.54501342773438 -1028.499267578125 
v 1580.5462646484375 215.5740509033203 -1020.0859375 
v 1559.032470703125 211.23011779785156 -1034.7509765625 
v 1546.592529296875 208.71827697753906 -1038.6007080078125 
v 1533.6552734375 206.10606384277344 -1039.900634765625 
v 1599.96923828125 219.49586486816406 -972.248046875 
v 1467.3414306640625 192.7163543701172 -972.248046875 
v 1533.6552734375 206.10606384277344 -904.595458984375 
v 1580.5462646484375 215.5740203857422 -924.4103393554688 
v 1546.592529296875 208.71827697753906 -905.8954467773438 
v 1559.0325927734375 211.23008728027344 -909.7452392578125 
v 1570.497314453125 213.54498291015625 -915.9969482421875 
v 1588.7933349609375 217.2392578125 -1009.8341064453125 
v 1594.9212646484375 218.4766082763672 -998.1378784179688 
v 1598.6949462890625 219.2385711669922 -985.4468383789062 
v 1588.7933349609375 217.23928833007812 -934.6621704101562 
v 1594.9212646484375 218.47662353515625 -946.3582763671875 
v 1598.6949462890625 219.2385711669922 -959.04931640625 
v 1520.7181396484375 203.4938507080078 -905.8954467773438 
v 1508.278076171875 200.98199462890625 -909.7452392578125 
v 1486.7642822265625 196.63807678222656 -924.4104614257812 
v 1478.517333984375 194.97288513183594 -934.6622314453125 
v 1472.38916015625 193.73553466796875 -946.3583984375 
v 1468.6156005859375 192.97361755371094 -959.0494995117188 
v 1496.813232421875 198.66712951660156 -915.9970092773438 
v 1468.615478515625 192.97361755371094 -985.4466552734375 
v 1472.38916015625 193.73553466796875 -998.1377563476562 
v 1478.517333984375 194.97288513183594 -1009.8339233398438 
v 1486.7642822265625 196.63807678222656 -1020.085693359375 
v 1508.278076171875 200.98202514648438 -1034.7509765625 
v 1496.813232421875 198.66712951660156 -1028.4991455078125 
v 1520.718017578125 203.4938507080078 -1038.6007080078125 
v 1509.576171875 391.3448486328125 -729.4588012695312 
v 1482.7855224609375 385.9354248046875 -729.4588012695312 
v 1509.576171875 391.3448486328125 -754.1748046875 
v 1482.7855224609375 385.9354248046875 -754.1748657226562 
v 1543.9725341796875 220.99453735351562 -729.4588012695312 
v 1543.9725341796875 220.99453735351562 -754.1748046875 
v 1517.1817626953125 215.58506774902344 -729.4588012695312 
v 1517.1817626953125 215.5850830078125 -754.1748046875 
v 1509.576171875 391.3448486328125 -729.4588012695312 
v 1543.9725341796875 220.99453735351562 -729.4588012695312 
v 1482.7855224609375 385.9354248046875 -729.4588012695312 
v 1517.1817626953125 215.58506774902344 -729.4588012695312 
v 1482.7855224609375 385.9354248046875 -754.1748657226562 
v 1517.1817626953125 215.5850830078125 -754.1748046875 
v 1509.576171875 391.3448486328125 -754.1748046875 
v 1543.9725341796875 220.99453735351562 -754.1748046875 
v 1509.576171875 391.3448486328125 -754.1748046875 
v 1543.9725341796875 220.99453735351562 -754.1748046875 
v 1509.576171875 391.3448486328125 -729.4588012695312 
v 1543.9725341796875 220.99453735351562 -729.4588012695312 
v 1482.7855224609375 385.9354248046875 -729.4588012695312 
v 1517.1817626953125 215.58506774902344 -729.4588012695312 
v 1482.7855224609375 385.9354248046875 -754.1748657226562 
v 1517.1817626953125 215.5850830078125 -754.1748046875 
v 1535.2796630859375 231.34249877929688 -770.107666015625 
v 1532.784423828125 243.70022583007812 -769.5941162109375 
v 1535.783935546875 228.8449249267578 -773.552490234375 
v 1532.784423828125 243.70022583007812 -781.6531372070312 
v 1535.783935546875 228.8449249267578 -777.6947631835938 
v 1535.2796630859375 231.34249877929688 -781.1395874023438 
v 1518.722900390625 240.86099243164062 -781.6531372070312 
v 1521.21826171875 228.50328063964844 -781.1395874023438 
v 1532.784423828125 243.70022583007812 -781.6531372070312 
v 1535.2796630859375 231.34249877929688 -781.1395874023438 
v 1535.783935546875 228.8449249267578 -777.6947631835938 
v 1521.7225341796875 226.0056915283203 -777.6947631835938 
v 1521.7225341796875 226.0056915283203 -773.552490234375 
v 1535.783935546875 228.8449249267578 -773.552490234375 
v 1535.2796630859375 231.34249877929688 -770.107666015625 
v 1521.21826171875 228.50328063964844 -770.107666015625 
v 1518.722900390625 240.86099243164062 -769.5941162109375 
v 1532.784423828125 243.70022583007812 -769.5941162109375 
v 1521.21826171875 228.50328063964844 -781.1395874023438 
v 1521.7225341796875 226.0056915283203 -777.6947631835938 
v 1518.722900390625 240.86099243164062 -781.6531372070312 
v 1521.7225341796875 226.0056915283203 -773.552490234375 
v 1518.722900390625 240.86099243164062 -769.5941162109375 
v 1521.21826171875 228.50328063964844 -770.107666015625 
v 1521.59765625 319.12127685546875 -786.7583618164062 
v 1519.1055908203125 331.46319580078125 -786.7583618164062 
v 1521.59765625 319.12127685546875 -764.4889526367188 
v 1517.883056640625 337.51788330078125 -764.4889526367188 
v 1517.883056640625 337.51788330078125 -786.7583618164062 
v 1513.329833984375 336.5985412597656 -791.9096069335938 
v 1514.552490234375 330.5438537597656 -791.90966796875 
v 1519.1055908203125 331.46319580078125 -786.7583618164062 
v 1521.59765625 319.12127685546875 -786.7583618164062 
v 1497.2767333984375 327.05560302734375 -786.7583618164062 
v 1499.7686767578125 314.7137145996094 -786.7583618164062 
v 1499.7686767578125 314.7137145996094 -786.7583618164062 
v 1499.7686767578125 314.7137145996094 -764.4889526367188 
v 1497.2767333984375 327.05560302734375 -786.7583618164062 
v 1496.05419921875 333.1103210449219 -764.4889526367188 
v 1496.05419921875 333.1103210449219 -786.7583618164062 
v 1501.8299560546875 327.9749450683594 -791.90966796875 
v 1500.607421875 334.0296630859375 -791.9096069335938 
v 1496.05419921875 333.1103210449219 -764.4889526367188 
v 1517.883056640625 337.51788330078125 -764.4889526367188 
v 1496.05419921875 333.1103210449219 -786.7583618164062 
v 1517.883056640625 337.51788330078125 -786.7583618164062 
v 1500.607421875 334.0296630859375 -791.9096069335938 
v 1513.329833984375 336.5985412597656 -791.9096069335938 
v 1499.7686767578125 314.7137145996094 -786.7583618164062 
v 1521.59765625 319.12127685546875 -786.7583618164062 
v 1499.7686767578125 314.7137145996094 -764.4889526367188 
v 1521.59765625 319.12127685546875 -764.4889526367188 
v 1496.05419921875 333.1103210449219 -764.4889526367188 
v 1499.7686767578125 314.7137145996094 -764.4889526367188 
v 1517.883056640625 337.51788330078125 -764.4889526367188 
v 1521.59765625 319.12127685546875 -764.4889526367188 
v 1513.329833984375 336.5985412597656 -791.9096069335938 
v 1514.552490234375 330.5438537597656 -791.90966796875 
v 1500.607421875 334.0296630859375 -791.9096069335938 
v 1501.8299560546875 327.9749450683594 -791.90966796875 
v 1519.1055908203125 331.46319580078125 -786.7583618164062 
v 1497.2767333984375 327.05560302734375 -786.7583618164062 
v 1514.552490234375 330.5438537597656 -791.90966796875 
v 1501.8299560546875 327.9749450683594 -791.90966796875 
v 1535.630615234375 243.5546875 -772.39599609375 
v 1531.9112548828125 242.80369567871094 -767.1734619140625 
v 1535.630615234375 243.5546875 -778.851318359375 
v 1531.9112548828125 242.8037109375 -784.0737915039062 
v 1525.8934326171875 241.58859252929688 -786.068603515625 
v 1528.96484375 242.20877075195312 -789.9671020507812 
v 1525.8934326171875 241.58859252929688 -791.420654296875 
v 1522.822021484375 240.96841430664062 -789.9671020507812 
v 1519.87548828125 240.37347412109375 -784.0737915039062 
v 1516.15625 239.62249755859375 -778.851318359375 
v 1519.87548828125 240.37347412109375 -767.1734619140625 
v 1516.15625 239.62249755859375 -772.39599609375 
v 1525.8934326171875 241.58859252929688 -765.1787109375 
v 1531.9112548828125 242.8037109375 -784.0737915039062 
v 1528.96484375 242.20877075195312 -789.9671020507812 
v 1531.044189453125 247.09815979003906 -784.0737915039062 
v 1528.0977783203125 246.50320434570312 -789.9671020507812 
v 1525.0263671875 245.88304138183594 -791.420654296875 
v 1525.8934326171875 241.58859252929688 -791.420654296875 
v 1521.9549560546875 245.26287841796875 -789.9671020507812 
v 1522.822021484375 240.96841430664062 -789.9671020507812 
v 1519.87548828125 240.37347412109375 -784.0737915039062 
v 1519.00830078125 244.66793823242188 -784.0737915039062 
v 1531.044189453125 247.09815979003906 -784.0737915039062 
v 1525.0263671875 245.88304138183594 -786.068603515625 
v 1528.0977783203125 246.50320434570312 -789.9671020507812 
v 1525.0263671875 245.88304138183594 -791.420654296875 
v 1521.9549560546875 245.26287841796875 -789.9671020507812 
v 1519.00830078125 244.66793823242188 -784.0737915039062 
v 1531.9112548828125 242.8037109375 -784.0737915039062 
v 1535.630615234375 243.5546875 -778.851318359375 
v 1531.044189453125 247.09815979003906 -784.0737915039062 
v 1520.420654296875 318.88360595703125 -778.851318359375 
v 1535.630615234375 243.5546875 -772.39599609375 
v 1520.420654296875 318.88360595703125 -772.39599609375 
v 1516.7012939453125 318.13262939453125 -767.1735229492188 
v 1531.9112548828125 242.80369567871094 -767.1734619140625 
v 1525.8934326171875 241.58859252929688 -765.1787109375 
v 1510.683349609375 316.9175109863281 -765.1787109375 
v 1519.87548828125 240.37347412109375 -767.1734619140625 
v 1504.66552734375 315.702392578125 -767.1735229492188 
v 1516.15625 239.62249755859375 -772.39599609375 
v 1500.9461669921875 314.951416015625 -772.39599609375 
v 1516.15625 239.62249755859375 -778.851318359375 
v 1500.9461669921875 314.951416015625 -778.851318359375 
v 1519.00830078125 244.66793823242188 -784.0737915039062 
v 1504.66552734375 315.702392578125 -784.0738525390625 
v 1525.0263671875 245.88304138183594 -786.068603515625 
v 1510.683349609375 316.9175109863281 -786.068603515625 
v 1519.87548828125 240.37347412109375 -784.0737915039062 
v 1516.7012939453125 318.13262939453125 -784.0738525390625 
v 1510.683349609375 316.9175109863281 -786.068603515625 
v 1525.0263671875 245.88304138183594 -786.068603515625 
v 1523.3968505859375 245.2801513671875 -787.0137329101562 
v 1506.40478515625 329.4349670410156 -787.0137329101562 
v 1523.3968505859375 245.2801513671875 -790.4454956054688 
v 1506.40478515625 329.4349670410156 -790.4454956054688 
v 1526.7608642578125 245.95938110351562 -790.4454956054688 
v 1509.768798828125 330.1141662597656 -790.4454956054688 
v 1526.7608642578125 245.95938110351562 -787.0137329101562 
v 1509.768798828125 330.1141662597656 -787.0137329101562 
v 1523.3968505859375 245.2801513671875 -787.0137329101562 
v 1506.40478515625 329.4349670410156 -787.0137329101562 
v 1475.70166015625 421.0190734863281 -782.0441284179688 
v 1475.70166015625 421.01904296875 -754.1748046875 
v 1471.3165283203125 442.7366638183594 -788.0662231445312 
v 1471.3165283203125 442.73663330078125 -729.4588012695312 
v 1476.2545166015625 418.28094482421875 -729.4588012695312 
v 1476.2545166015625 418.28094482421875 -754.1748046875 
v 1503.045166015625 423.69036865234375 -729.4588012695312 
v 1476.2545166015625 418.28094482421875 -729.4588012695312 
v 1503.045166015625 423.69036865234375 -754.1748046875 
v 1476.2545166015625 418.28094482421875 -754.1748046875 
v 1503.045166015625 423.69036865234375 -754.1748046875 
v 1502.4923095703125 426.428466796875 -754.1748046875 
v 1503.045166015625 423.69036865234375 -729.4588012695312 
v 1498.1072998046875 448.14605712890625 -729.4588012695312 
v 1498.1072998046875 448.1461181640625 -788.0662231445312 
v 1502.4923095703125 426.4284973144531 -782.0441284179688 
v 1476.2545166015625 418.28094482421875 -729.4588012695312 
v 1503.045166015625 423.69036865234375 -729.4588012695312 
v 1471.3165283203125 442.73663330078125 -729.4588012695312 
v 1498.1072998046875 448.14605712890625 -729.4588012695312 
v 1503.045166015625 423.69036865234375 -754.1748046875 
v 1476.2545166015625 418.28094482421875 -754.1748046875 
v 1502.4923095703125 426.428466796875 -754.1748046875 
v 1475.70166015625 421.01904296875 -754.1748046875 
v 1502.4923095703125 426.428466796875 -754.1748046875 
v 1475.70166015625 421.01904296875 -754.1748046875 
v 1502.4923095703125 426.4284973144531 -782.0441284179688 
v 1475.70166015625 421.0190734863281 -782.0441284179688 
v 1498.1072998046875 448.1461181640625 -788.0662231445312 
v 1471.3165283203125 442.7366638183594 -788.0662231445312 
v 1471.3165283203125 442.73663330078125 -729.4588012695312 
v 1498.1072998046875 448.14605712890625 -729.4588012695312 
v 1468.7442626953125 447.55364990234375 -757.0504150390625 
v 1468.7442626953125 447.55364990234375 -726.5831298828125 
v 1469.3963623046875 444.32366943359375 -757.0504150390625 
v 1469.3963623046875 444.32366943359375 -726.5831298828125 
v 1498.60888671875 453.5837707519531 -726.5831298828125 
v 1498.60888671875 453.5837707519531 -757.0504760742188 
v 1499.2611083984375 450.35382080078125 -726.5831298828125 
v 1499.2611083984375 450.35382080078125 -757.0504760742188 
v 1498.60888671875 453.5837707519531 -757.0504760742188 
v 1468.7442626953125 447.55364990234375 -757.0504150390625 
v 1499.2611083984375 450.35382080078125 -757.0504760742188 
v 1469.3963623046875 444.32366943359375 -757.0504150390625 
v 1468.7442626953125 447.55364990234375 -726.5831298828125 
v 1498.60888671875 453.5837707519531 -726.5831298828125 
v 1469.3963623046875 444.32366943359375 -726.5831298828125 
v 1499.2611083984375 450.35382080078125 -726.5831298828125 
v 1460.9952392578125 444.8714294433594 -755.3034057617188 
v 1461.813720703125 440.81787109375 -755.3034057617188 
v 1470.673095703125 446.8255920410156 -765.1765747070312 
v 1471.4915771484375 442.7720031738281 -765.1765747070312 
v 1483.893310546875 449.49493408203125 -768.7904052734375 
v 1484.7117919921875 445.4413757324219 -768.7904052734375 
v 1497.113525390625 452.1642761230469 -765.1765747070312 
v 1497.9320068359375 448.1107177734375 -765.1765747070312 
v 1506.791259765625 454.11834716796875 -755.3034057617188 
v 1507.60986328125 450.0647888183594 -755.3034057617188 
v 1510.3336181640625 454.8336181640625 -741.81640625 
v 1511.1522216796875 450.7799987792969 -741.81640625 
v 1458.2713623046875 440.1026306152344 -741.81640625 
v 1457.4530029296875 444.1561584472656 -741.81640625 
v 1461.813720703125 440.81787109375 -728.3294677734375 
v 1460.9952392578125 444.8714294433594 -728.3294677734375 
v 1471.4915771484375 442.77197265625 -718.456298828125 
v 1470.673095703125 446.8255615234375 -718.456298828125 
v 1484.7117919921875 445.44134521484375 -714.8424682617188 
v 1483.893310546875 449.494873046875 -714.8424682617188 
v 1497.9320068359375 448.1106872558594 -718.456298828125 
v 1497.113525390625 452.1642150878906 -718.456298828125 
v 1507.60986328125 450.06475830078125 -728.3294677734375 
v 1506.791259765625 454.11834716796875 -728.3294677734375 
v 1511.1522216796875 450.7799987792969 -741.81640625 
v 1510.3336181640625 454.8336181640625 -741.81640625 
v 1461.813720703125 440.81787109375 -755.3034057617188 
v 1458.2713623046875 440.1026306152344 -741.81640625 
v 1471.4915771484375 442.7720031738281 -765.1765747070312 
v 1461.813720703125 440.81787109375 -728.3294677734375 
v 1471.4915771484375 442.77197265625 -718.456298828125 
v 1511.1522216796875 450.7799987792969 -741.81640625 
v 1497.9320068359375 448.1106872558594 -718.456298828125 
v 1507.60986328125 450.06475830078125 -728.3294677734375 
v 1484.7117919921875 445.4413757324219 -768.7904052734375 
v 1497.9320068359375 448.1107177734375 -765.1765747070312 
v 1507.60986328125 450.0647888183594 -755.3034057617188 
v 1484.7117919921875 445.44134521484375 -714.8424682617188 
v 1460.9952392578125 444.8714294433594 -755.3034057617188 
v 1470.673095703125 446.8255920410156 -765.1765747070312 
v 1457.4530029296875 444.1561584472656 -741.81640625 
v 1497.113525390625 452.1642150878906 -718.456298828125 
v 1470.673095703125 446.8255615234375 -718.456298828125 
v 1483.893310546875 449.494873046875 -714.8424682617188 
v 1460.9952392578125 444.8714294433594 -728.3294677734375 
v 1483.893310546875 449.49493408203125 -768.7904052734375 
v 1497.113525390625 452.1642761230469 -765.1765747070312 
v 1510.3336181640625 454.8336181640625 -741.81640625 
v 1506.791259765625 454.11834716796875 -728.3294677734375 
v 1506.791259765625 454.11834716796875 -755.3034057617188 
v 1511.3001708984375 360.69384765625 -749.7551879882812 
v 1495.3824462890625 439.52740478515625 -749.7551879882812 
v 1493.089599609375 357.0168762207031 -749.7551879882812 
v 1477.171875 435.8503723144531 -749.7551879882812 
v 1493.089599609375 357.0168762207031 -749.7551879882812 
v 1477.171875 435.8503723144531 -749.7551879882812 
v 1493.089599609375 357.0168762207031 -733.8782958984375 
v 1477.171875 435.8503723144531 -733.8782958984375 
v 1493.089599609375 357.0168762207031 -733.8782958984375 
v 1477.171875 435.8503723144531 -733.8782958984375 
v 1511.3001708984375 360.69384765625 -733.8782958984375 
v 1495.3824462890625 439.52740478515625 -733.8782958984375 
v 1511.3001708984375 360.69384765625 -749.7551879882812 
v 1511.3001708984375 360.69384765625 -733.8782958984375 
v 1495.3824462890625 439.52740478515625 -749.7551879882812 
v 1495.3824462890625 439.52740478515625 -733.8782958984375 
v 1510.5091552734375 317.7789611816406 -770.2984008789062 
v 1490.1531982421875 418.5938720703125 -770.2984008789062 
v 1514.2003173828125 318.52423095703125 -771.8580932617188 
v 1493.84423828125 419.33917236328125 -771.8580932617188 
v 1515.7291259765625 318.8329162597656 -775.6236572265625 
v 1495.3731689453125 419.64788818359375 -775.6236572265625 
v 1514.2003173828125 318.52423095703125 -779.38916015625 
v 1493.84423828125 419.33917236328125 -779.38916015625 
v 1510.5091552734375 317.7789611816406 -780.9489135742188 
v 1490.1531982421875 418.5938720703125 -780.9489135742188 
v 1506.8182373046875 317.0336608886719 -779.38916015625 
v 1486.462158203125 417.84857177734375 -779.38916015625 
v 1505.289306640625 316.7249755859375 -775.6236572265625 
v 1484.9332275390625 417.5398864746094 -775.6236572265625 
v 1506.8182373046875 317.0336608886719 -771.8580932617188 
v 1486.462158203125 417.84857177734375 -771.8580932617188 
v 1510.5091552734375 317.7789611816406 -770.2984008789062 
v 1490.1531982421875 418.5938720703125 -770.2984008789062 
v 1481.2774658203125 426.31292724609375 -781.1396484375 
v 1480.740966796875 428.9697265625 -777.6947631835938 
v 1484.6807861328125 409.4573974609375 -781.1396484375 
v 1480.740966796875 428.9697265625 -773.5525512695312 
v 1484.6807861328125 409.4573974609375 -770.107666015625 
v 1481.2774658203125 426.31292724609375 -770.1077270507812 
v 1484.6807861328125 409.4573974609375 -781.1396484375 
v 1498.7423095703125 412.296630859375 -781.1396484375 
v 1481.2774658203125 426.31292724609375 -781.1396484375 
v 1495.3388671875 429.15216064453125 -781.1396484375 
v 1494.802490234375 431.8089599609375 -777.69482421875 
v 1480.740966796875 428.9697265625 -777.6947631835938 
v 1494.802490234375 431.8089599609375 -773.5525512695312 
v 1480.740966796875 428.9697265625 -773.5525512695312 
v 1495.3388671875 429.15216064453125 -770.1077270507812 
v 1481.2774658203125 426.31292724609375 -770.1077270507812 
v 1484.6807861328125 409.4573974609375 -770.107666015625 
v 1498.7423095703125 412.296630859375 -770.107666015625 
v 1495.3388671875 429.15216064453125 -781.1396484375 
v 1498.7423095703125 412.296630859375 -781.1396484375 
v 1494.802490234375 431.8089599609375 -777.69482421875 
v 1494.802490234375 431.8089599609375 -773.5525512695312 
v 1498.7423095703125 412.296630859375 -770.107666015625 
v 1495.3388671875 429.15216064453125 -770.1077270507812 
v 1484.6807861328125 409.4573974609375 -781.1396484375 
v 1498.7423095703125 412.296630859375 -781.1396484375 
v 1484.6807861328125 409.4573974609375 -770.107666015625 
v 1498.7423095703125 412.296630859375 -770.107666015625 
v 1499.1187744140625 478.3790588378906 -719.544189453125 
v 1488.9615478515625 476.32818603515625 -719.544189453125 
v 1499.11865234375 478.3791198730469 -763.4713745117188 
v 1488.9615478515625 476.3282165527344 -763.4713745117188 
v 1499.1187744140625 478.3790588378906 -719.544189453125 
v 1498.2926025390625 482.4706115722656 -719.544189453125 
v 1488.9615478515625 476.32818603515625 -719.544189453125 
v 1468.8106689453125 472.2594299316406 -719.544189453125 
v 1472.443359375 454.26812744140625 -719.544189453125 
v 1492.5943603515625 458.3368835449219 -719.544189453125 
v 1457.827392578125 474.30010986328125 -719.544189453125 
v 1458.653564453125 470.20855712890625 -719.544189453125 
v 1498.29248046875 482.47064208984375 -763.4713745117188 
v 1498.2926025390625 482.4706115722656 -719.544189453125 
v 1488.1353759765625 480.4197692871094 -763.4713745117188 
v 1457.827392578125 474.30010986328125 -719.544189453125 
v 1467.9844970703125 476.35101318359375 -763.4713745117188 
v 1457.827392578125 474.3001403808594 -763.4713745117188 
v 1468.93798828125 474.6894836425781 -985.118408203125 
v 1489.0889892578125 478.75823974609375 -985.118408203125 
v 1493.5478515625 456.6753845214844 -985.118408203125 
v 1473.3968505859375 452.6065673828125 -985.118408203125 
v 1492.5943603515625 458.3369140625 -763.4713745117188 
v 1472.4432373046875 454.26812744140625 -763.4713745117188 
v 1488.1353759765625 480.4197692871094 -763.4713745117188 
v 1489.0889892578125 478.75823974609375 -985.118408203125 
v 1488.9615478515625 476.3282165527344 -763.4713745117188 
v 1493.5478515625 456.6753845214844 -985.118408203125 
v 1492.5943603515625 458.3369140625 -763.4713745117188 
v 1492.5943603515625 458.3368835449219 -719.544189453125 
v 1488.9615478515625 476.32818603515625 -719.544189453125 
v 1467.9844970703125 476.35101318359375 -763.4713745117188 
v 1468.8106689453125 472.2594299316406 -763.4713745117188 
v 1457.827392578125 474.3001403808594 -763.4713745117188 
v 1458.6534423828125 470.20855712890625 -763.4713745117188 
v 1458.6534423828125 470.20855712890625 -763.4713745117188 
v 1468.8106689453125 472.2594299316406 -763.4713745117188 
v 1458.653564453125 470.20855712890625 -719.544189453125 
v 1468.8106689453125 472.2594299316406 -719.544189453125 
v 1488.9615478515625 476.3282165527344 -763.4713745117188 
v 1488.1353759765625 480.4197692871094 -763.4713745117188 
v 1499.11865234375 478.3791198730469 -763.4713745117188 
v 1498.29248046875 482.47064208984375 -763.4713745117188 
v 1467.9844970703125 476.35101318359375 -763.4713745117188 
v 1468.93798828125 474.6894836425781 -985.118408203125 
v 1468.8106689453125 472.2594299316406 -763.4713745117188 
v 1473.3968505859375 452.6065673828125 -985.118408203125 
v 1472.4432373046875 454.26812744140625 -763.4713745117188 
v 1468.8106689453125 472.2594299316406 -719.544189453125 
v 1472.443359375 454.26812744140625 -719.544189453125 
v 1473.3968505859375 452.6065673828125 -985.118408203125 
v 1468.93798828125 474.6894836425781 -985.118408203125 
v 1493.5478515625 456.6753845214844 -985.118408203125 
v 1489.0889892578125 478.75823974609375 -985.118408203125 
v 1458.653564453125 470.20855712890625 -719.544189453125 
v 1457.827392578125 474.30010986328125 -719.544189453125 
v 1458.6534423828125 470.20855712890625 -763.4713745117188 
v 1457.827392578125 474.3001403808594 -763.4713745117188 
v 1499.11865234375 478.3791198730469 -763.4713745117188 
v 1498.29248046875 482.47064208984375 -763.4713745117188 
v 1499.1187744140625 478.3790588378906 -719.544189453125 
v 1498.2926025390625 482.4706115722656 -719.544189453125 
v 1560.7159423828125 422.40380859375 -1041.58349609375 
v 1528.9718017578125 465.74639892578125 -1019.045654296875 
v 1572.6690673828125 424.81732177734375 -1026.724609375 
v 1537.0394287109375 467.3753662109375 -1009.0167236328125 
v 1519.1412353515625 463.761474609375 -1027.2760009765625 
v 1546.1510009765625 419.4629211425781 -1053.77783203125 
v 1507.9256591796875 461.49688720703125 -1033.3919677734375 
v 1529.533935546875 416.1076965332031 -1062.839111328125 
v 1495.756103515625 459.0396423339844 -1037.157958984375 
v 1511.50341796875 412.46710205078125 -1068.4190673828125 
v 1483.10009765625 456.4842224121094 -1038.4296875 
v 1492.7523193359375 408.680908203125 -1070.3031005859375 
v 1474.0010986328125 404.894775390625 -1068.4189453125 
v 1470.444091796875 453.92877197265625 -1037.157958984375 
v 1455.9705810546875 401.2541809082031 -1062.8389892578125 
v 1458.2744140625 451.4715576171875 -1033.391845703125 
v 1439.353515625 397.89892578125 -1053.77783203125 
v 1447.0589599609375 449.20697021484375 -1027.2760009765625 
v 1424.78857421875 394.9580383300781 -1041.5833740234375 
v 1437.228515625 447.2220458984375 -1019.0454711914062 
v 1412.83544921875 392.5445251464844 -1026.7244873046875 
v 1429.1607666015625 445.593017578125 -1009.0166015625 
v 1403.95361328125 390.75115966796875 -1009.7720947265625 
v 1423.166015625 444.38262939453125 -997.5745849609375 
v 1398.4840087890625 389.6467590332031 -991.3776245117188 
v 1419.474365234375 443.6372375488281 -985.1594848632812 
v 1386.9571533203125 387.3193054199219 -1016.9542236328125 
v 1397.5391845703125 389.4559631347656 -1037.1513671875 
v 1411.7801513671875 392.3314208984375 -1054.8543701171875 
v 1429.1328125 395.835205078125 -1069.3828125 
v 1448.930419921875 399.8326416015625 -1080.178466796875 
v 1470.412109375 404.1700744628906 -1086.8262939453125 
v 1492.7523193359375 408.680908203125 -1089.071044921875 
v 1515.0924072265625 413.1917419433594 -1086.826416015625 
v 1536.5740966796875 417.5292053222656 -1080.1785888671875 
v 1556.3717041015625 421.526611328125 -1069.3829345703125 
v 1573.7244873046875 425.0303649902344 -1054.8546142578125 
v 1587.9654541015625 427.9058532714844 -1037.151611328125 
v 1581.5511474609375 426.6107482910156 -1009.7722778320312 
v 1543.034423828125 468.5858154296875 -997.5748291015625 
v 1587.0206298828125 427.7151184082031 -991.3778076171875 
v 1546.7259521484375 469.3312072753906 -985.1596069335938 
v 1588.867431640625 428.0880126953125 -972.248046875 
v 1547.9725341796875 469.5828857421875 -972.248046875 
v 1607.2642822265625 431.80255126953125 -972.248046875 
v 1605.06396484375 431.3582763671875 -995.0393676757812 
v 1598.547607421875 430.04254150390625 -1016.9545288085938 
v 1547.9725341796875 469.5828857421875 -972.248046875 
v 1546.7259521484375 469.3312072753906 -959.3365478515625 
v 1588.867431640625 428.0880126953125 -972.248046875 
v 1587.0206298828125 427.7151184082031 -953.1183471679688 
v 1607.2642822265625 431.80255126953125 -972.248046875 
v 1605.06396484375 431.3582763671875 -949.4569091796875 
v 1598.547607421875 430.04254150390625 -927.541748046875 
v 1581.5511474609375 426.6107482910156 -934.723876953125 
v 1587.9654541015625 427.9058837890625 -907.3445434570312 
v 1572.6690673828125 424.8173828125 -917.7715454101562 
v 1573.7244873046875 425.0303649902344 -889.6416015625 
v 1560.7159423828125 422.40380859375 -902.91259765625 
v 1556.3717041015625 421.526611328125 -875.1132202148438 
v 1546.1510009765625 419.4629211425781 -890.71826171875 
v 1536.5740966796875 417.5291442871094 -864.317626953125 
v 1529.533935546875 416.1076965332031 -881.6570434570312 
v 1515.092529296875 413.19171142578125 -857.6697387695312 
v 1511.50341796875 412.467041015625 -876.0771484375 
v 1492.7523193359375 408.6808776855469 -855.425048828125 
v 1492.7523193359375 408.680908203125 -874.1929931640625 
v 1470.412109375 404.1700744628906 -857.6697998046875 
v 1474.0010986328125 404.894775390625 -876.0771484375 
v 1448.9305419921875 399.8326416015625 -864.3176879882812 
v 1455.9705810546875 401.2541198730469 -881.6571044921875 
v 1429.1328125 395.8351745605469 -875.11328125 
v 1439.353515625 397.89892578125 -890.7183837890625 
v 1411.7801513671875 392.3314208984375 -889.6417846679688 
v 1424.78857421875 394.9580383300781 -902.9127197265625 
v 1397.5391845703125 389.4559326171875 -907.3447265625 
v 1412.83544921875 392.5445556640625 -917.7716064453125 
v 1386.9571533203125 387.31927490234375 -927.5418090820312 
v 1403.95361328125 390.7511291503906 -934.7240600585938 
v 1398.4840087890625 389.6467590332031 -953.1185302734375 
v 1380.4407958984375 386.0035400390625 -949.4570922851562 
v 1378.240478515625 385.55926513671875 -972.248046875 
v 1396.63720703125 389.2738952636719 -972.248046875 
v 1418.2279052734375 443.385498046875 -972.248046875 
v 1419.474365234375 443.6371765136719 -959.336669921875 
v 1423.166015625 444.382568359375 -946.9215087890625 
v 1429.1607666015625 445.59307861328125 -935.4795532226562 
v 1437.228515625 447.2220458984375 -925.45068359375 
v 1447.0589599609375 449.20697021484375 -917.2200927734375 
v 1458.2745361328125 451.4715576171875 -911.1043090820312 
v 1470.444091796875 453.92877197265625 -907.338134765625 
v 1483.10009765625 456.4842224121094 -906.0665283203125 
v 1495.756103515625 459.0396423339844 -907.338134765625 
v 1507.9256591796875 461.49688720703125 -911.1041870117188 
v 1519.1412353515625 463.761474609375 -917.2200317382812 
v 1528.9718017578125 465.74639892578125 -925.4505004882812 
v 1537.0394287109375 467.37542724609375 -935.4794311523438 
v 1543.034423828125 468.5858154296875 -946.9213256835938 
v 1380.4407958984375 386.0035095214844 -995.0390625 
v 1588.791748046875 423.813720703125 -907.3445434570312 
v 1599.373779296875 425.95037841796875 -927.541748046875 
v 1574.55078125 420.9382019042969 -889.6416015625 
v 1605.8902587890625 427.26611328125 -949.4569091796875 
v 1608.090576171875 427.71038818359375 -972.248046875 
v 1493.5784912109375 404.58868408203125 -855.425048828125 
v 1387.783447265625 383.22711181640625 -927.5419311523438 
v 1412.6064453125 388.2392578125 -889.6417846679688 
v 1398.3653564453125 385.36376953125 -907.3447265625 
v 1557.197998046875 417.4344482421875 -875.1132202148438 
v 1537.400390625 413.4369812011719 -864.317626953125 
v 1515.918701171875 409.0995178222656 -857.6697387695312 
v 1471.2384033203125 400.0779113769531 -857.6697998046875 
v 1449.7568359375 395.740478515625 -864.3176879882812 
v 1429.9591064453125 391.7430114746094 -875.11328125 
v 1381.26708984375 381.911376953125 -949.4570922851562 
v 1379.0667724609375 381.46710205078125 -972.248046875 
v 1605.8902587890625 427.26611328125 -995.0393676757812 
v 1381.26708984375 381.9113464355469 -995.0390625 
v 1515.918701171875 409.0995788574219 -1086.826416015625 
v 1429.9591064453125 391.7430419921875 -1069.3828125 
v 1387.783447265625 383.2271423339844 -1016.9542236328125 
v 1398.3653564453125 385.3638000488281 -1037.1513671875 
v 1412.6064453125 388.2392272949219 -1054.8543701171875 
v 1599.373779296875 425.95037841796875 -1016.9545288085938 
v 1588.791748046875 423.8136901855469 -1037.151611328125 
v 1557.197998046875 417.4344482421875 -1069.3829345703125 
v 1537.400390625 413.4370422363281 -1080.1785888671875 
v 1574.55078125 420.9382019042969 -1054.8546142578125 
v 1449.7567138671875 395.7404479980469 -1080.178466796875 
v 1471.23828125 400.0779113769531 -1086.8262939453125 
v 1493.5784912109375 404.5887451171875 -1089.071044921875 
v 1380.4407958984375 386.0035400390625 -949.4570922851562 
v 1381.26708984375 381.911376953125 -949.4570922851562 
v 1386.9571533203125 387.31927490234375 -927.5418090820312 
v 1387.783447265625 383.22711181640625 -927.5419311523438 
v 1397.5391845703125 389.4559326171875 -907.3447265625 
v 1398.3653564453125 385.36376953125 -907.3447265625 
v 1411.7801513671875 392.3314208984375 -889.6417846679688 
v 1412.6064453125 388.2392578125 -889.6417846679688 
v 1429.1328125 395.8351745605469 -875.11328125 
v 1429.9591064453125 391.7430114746094 -875.11328125 
v 1448.9305419921875 399.8326416015625 -864.3176879882812 
v 1449.7568359375 395.740478515625 -864.3176879882812 
v 1470.412109375 404.1700744628906 -857.6697998046875 
v 1471.2384033203125 400.0779113769531 -857.6697998046875 
v 1492.7523193359375 408.6808776855469 -855.425048828125 
v 1493.5784912109375 404.58868408203125 -855.425048828125 
v 1515.092529296875 413.19171142578125 -857.6697387695312 
v 1515.918701171875 409.0995178222656 -857.6697387695312 
v 1536.5740966796875 417.5291442871094 -864.317626953125 
v 1537.400390625 413.4369812011719 -864.317626953125 
v 1556.3717041015625 421.526611328125 -875.1132202148438 
v 1557.197998046875 417.4344482421875 -875.1132202148438 
v 1573.7244873046875 425.0303649902344 -889.6416015625 
v 1574.55078125 420.9382019042969 -889.6416015625 
v 1587.9654541015625 427.9058837890625 -907.3445434570312 
v 1588.791748046875 423.813720703125 -907.3445434570312 
v 1598.547607421875 430.04254150390625 -927.541748046875 
v 1599.373779296875 425.95037841796875 -927.541748046875 
v 1605.06396484375 431.3582763671875 -949.4569091796875 
v 1605.8902587890625 427.26611328125 -949.4569091796875 
v 1607.2642822265625 431.80255126953125 -972.248046875 
v 1608.090576171875 427.71038818359375 -972.248046875 
v 1380.4407958984375 386.0035095214844 -995.0390625 
v 1386.9571533203125 387.3193054199219 -1016.9542236328125 
v 1381.26708984375 381.9113464355469 -995.0390625 
v 1387.783447265625 383.2271423339844 -1016.9542236328125 
v 1397.5391845703125 389.4559631347656 -1037.1513671875 
v 1398.3653564453125 385.3638000488281 -1037.1513671875 
v 1411.7801513671875 392.3314208984375 -1054.8543701171875 
v 1412.6064453125 388.2392272949219 -1054.8543701171875 
v 1429.1328125 395.835205078125 -1069.3828125 
v 1429.9591064453125 391.7430419921875 -1069.3828125 
v 1448.930419921875 399.8326416015625 -1080.178466796875 
v 1449.7567138671875 395.7404479980469 -1080.178466796875 
v 1470.412109375 404.1700744628906 -1086.8262939453125 
v 1471.23828125 400.0779113769531 -1086.8262939453125 
v 1492.7523193359375 408.680908203125 -1089.071044921875 
v 1493.5784912109375 404.5887451171875 -1089.071044921875 
v 1515.0924072265625 413.1917419433594 -1086.826416015625 
v 1515.918701171875 409.0995788574219 -1086.826416015625 
v 1536.5740966796875 417.5292053222656 -1080.1785888671875 
v 1537.400390625 413.4370422363281 -1080.1785888671875 
v 1556.3717041015625 421.526611328125 -1069.3829345703125 
v 1557.197998046875 417.4344482421875 -1069.3829345703125 
v 1573.7244873046875 425.0303649902344 -1054.8546142578125 
v 1574.55078125 420.9382019042969 -1054.8546142578125 
v 1587.9654541015625 427.9058532714844 -1037.151611328125 
v 1588.791748046875 423.8136901855469 -1037.151611328125 
v 1598.547607421875 430.04254150390625 -1016.9545288085938 
v 1599.373779296875 425.95037841796875 -1016.9545288085938 
v 1605.06396484375 431.3582763671875 -995.0393676757812 
v 1605.8902587890625 427.26611328125 -995.0393676757812 
v 1607.2642822265625 431.80255126953125 -972.248046875 
v 1608.090576171875 427.71038818359375 -972.248046875 
v 1379.0667724609375 381.46710205078125 -972.248046875 
v 1378.240478515625 385.55926513671875 -972.248046875 
v 1447.0589599609375 449.20697021484375 -1027.2760009765625 
v 1437.228515625 447.2220458984375 -1019.0454711914062 
v 1458.2744140625 451.4715576171875 -1033.391845703125 
v 1470.444091796875 453.92877197265625 -1037.157958984375 
v 1483.10009765625 456.4842224121094 -1038.4296875 
v 1547.9725341796875 469.5828857421875 -972.248046875 
v 1429.1607666015625 445.593017578125 -1009.0166015625 
v 1423.166015625 444.38262939453125 -997.5745849609375 
v 1419.474365234375 443.6372375488281 -985.1594848632812 
v 1418.2279052734375 443.385498046875 -972.248046875 
v 1546.7259521484375 469.3312072753906 -959.3365478515625 
v 1419.474365234375 443.6371765136719 -959.336669921875 
v 1537.0394287109375 467.37542724609375 -935.4794311523438 
v 1495.756103515625 459.0396423339844 -907.338134765625 
v 1507.9256591796875 461.49688720703125 -911.1041870117188 
v 1519.1412353515625 463.761474609375 -917.2200317382812 
v 1528.9718017578125 465.74639892578125 -925.4505004882812 
v 1543.034423828125 468.5858154296875 -946.9213256835938 
v 1483.10009765625 456.4842224121094 -906.0665283203125 
v 1470.444091796875 453.92877197265625 -907.338134765625 
v 1447.0589599609375 449.20697021484375 -917.2200927734375 
v 1429.1607666015625 445.59307861328125 -935.4795532226562 
v 1437.228515625 447.2220458984375 -925.45068359375 
v 1458.2745361328125 451.4715576171875 -911.1043090820312 
v 1423.166015625 444.382568359375 -946.9215087890625 
v 1537.0394287109375 467.3753662109375 -1009.0167236328125 
v 1543.034423828125 468.5858154296875 -997.5748291015625 
v 1528.9718017578125 465.74639892578125 -1019.045654296875 
v 1546.7259521484375 469.3312072753906 -985.1596069335938 
v 1507.9256591796875 461.49688720703125 -1033.3919677734375 
v 1495.756103515625 459.0396423339844 -1037.157958984375 
v 1519.1412353515625 463.761474609375 -1027.2760009765625 
v 1482.518798828125 456.302490234375 -714.8424682617188 
v 1483.7696533203125 450.107421875 -714.8424682617188 
v 1469.298583984375 453.63311767578125 -718.456298828125 
v 1470.5494384765625 447.4381103515625 -718.456298828125 
v 1459.62060546875 451.6790466308594 -728.3294677734375 
v 1460.8714599609375 445.4839782714844 -728.3294677734375 
v 1456.078369140625 450.9637756347656 -741.81640625 
v 1457.3292236328125 444.7687072753906 -741.81640625 
v 1459.62060546875 451.6790466308594 -755.3034057617188 
v 1460.8714599609375 445.4839782714844 -755.3034057617188 
v 1469.298583984375 453.6331787109375 -765.1765747070312 
v 1470.5494384765625 447.4381103515625 -765.1765747070312 
v 1482.518798828125 456.302490234375 -768.7904052734375 
v 1483.7696533203125 450.10748291015625 -768.7904052734375 
v 1495.739013671875 458.9718322753906 -765.1765747070312 
v 1496.9898681640625 452.7768249511719 -765.1765747070312 
v 1505.4168701171875 460.92596435546875 -755.3034057617188 
v 1506.667724609375 454.73089599609375 -755.3034057617188 
v 1508.9591064453125 461.64117431640625 -741.81640625 
v 1510.2100830078125 455.4461364746094 -741.81640625 
v 1496.9898681640625 452.7767639160156 -718.456298828125 
v 1495.739013671875 458.9718322753906 -718.456298828125 
v 1506.667724609375 454.73089599609375 -728.3294677734375 
v 1505.416748046875 460.9259033203125 -728.3294677734375 
v 1510.2100830078125 455.4461364746094 -741.81640625 
v 1508.9591064453125 461.64117431640625 -741.81640625 
v 1460.8714599609375 445.4839782714844 -755.3034057617188 
v 1457.3292236328125 444.7687072753906 -741.81640625 
v 1470.5494384765625 447.4381103515625 -765.1765747070312 
v 1460.8714599609375 445.4839782714844 -728.3294677734375 
v 1470.5494384765625 447.4381103515625 -718.456298828125 
v 1510.2100830078125 455.4461364746094 -741.81640625 
v 1496.9898681640625 452.7767639160156 -718.456298828125 
v 1506.667724609375 454.73089599609375 -728.3294677734375 
v 1483.7696533203125 450.10748291015625 -768.7904052734375 
v 1496.9898681640625 452.7768249511719 -765.1765747070312 
v 1506.667724609375 454.73089599609375 -755.3034057617188 
v 1483.7696533203125 450.107421875 -714.8424682617188 
v 1459.62060546875 451.6790466308594 -755.3034057617188 
v 1469.298583984375 453.6331787109375 -765.1765747070312 
v 1456.078369140625 450.9637756347656 -741.81640625 
v 1495.739013671875 458.9718322753906 -718.456298828125 
v 1469.298583984375 453.63311767578125 -718.456298828125 
v 1482.518798828125 456.302490234375 -714.8424682617188 
v 1459.62060546875 451.6790466308594 -728.3294677734375 
v 1482.518798828125 456.302490234375 -768.7904052734375 
v 1495.739013671875 458.9718322753906 -765.1765747070312 
v 1508.9591064453125 461.64117431640625 -741.81640625 
v 1505.416748046875 460.9259033203125 -728.3294677734375 
v 1505.4168701171875 460.92596435546875 -755.3034057617188 
v 1501.7056884765625 530.955810546875 -984.2550048828125 
v 1515.4371337890625 462.94921875 -984.2550048828125 
v 1496.6971435546875 529.9444580078125 -979.1454467773438 
v 1510.4287109375 461.9378967285156 -979.1454467773438 
v 1494.8638916015625 529.5742797851562 -972.1656494140625 
v 1508.595458984375 461.5677490234375 -972.1656494140625 
v 1496.6971435546875 529.9444580078125 -965.1859130859375 
v 1510.4287109375 461.9378967285156 -965.1859130859375 
v 1501.7056884765625 530.955810546875 -960.0763549804688 
v 1515.437255859375 462.9491882324219 -960.0763549804688 
v 1508.54736328125 532.337158203125 -958.2060546875 
v 1522.2789306640625 464.33062744140625 -958.2060546875 
v 1515.3890380859375 533.7186889648438 -960.0763549804688 
v 1529.12060546875 465.7120666503906 -960.0763549804688 
v 1520.3975830078125 534.72998046875 -965.1858520507812 
v 1534.129150390625 466.7233581542969 -965.1859130859375 
v 1522.230712890625 535.10009765625 -972.1656494140625 
v 1535.9622802734375 467.093505859375 -972.1656494140625 
v 1522.2789306640625 464.33062744140625 -986.1251831054688 
v 1508.54736328125 532.337158203125 -986.1253051757812 
v 1529.12060546875 465.7121276855469 -984.2550048828125 
v 1515.3890380859375 533.7186889648438 -984.2550048828125 
v 1534.129150390625 466.7233581542969 -979.1454467773438 
v 1520.3975830078125 534.72998046875 -979.1454467773438 
v 1535.9622802734375 467.093505859375 -972.1656494140625 
v 1522.230712890625 535.10009765625 -972.1656494140625 
v 1505.9171142578125 461.0269470214844 -972.1656494140625 
v 1492.1856689453125 529.0335693359375 -972.1656494140625 
v 1508.1092529296875 461.46954345703125 -963.8197021484375 
v 1494.377685546875 529.4761962890625 -963.8197021484375 
v 1514.0980224609375 462.6788024902344 -957.7100830078125 
v 1500.366455078125 530.6853637695312 -957.7100830078125 
v 1522.2789306640625 464.33062744140625 -955.4738159179688 
v 1508.54736328125 532.337158203125 -955.4738159179688 
v 1530.4598388671875 465.982421875 -957.7100830078125 
v 1516.728271484375 533.9890747070312 -957.7100830078125 
v 1536.448486328125 467.19171142578125 -963.8197021484375 
v 1522.717041015625 535.1982421875 -963.8197021484375 
v 1538.640625 467.6343078613281 -972.1656494140625 
v 1524.9090576171875 535.6409301757812 -972.1656494140625 
v 1494.377685546875 529.4761962890625 -980.5116577148438 
v 1508.1092529296875 461.46954345703125 -980.5116577148438 
v 1500.366455078125 530.6853637695312 -986.6212768554688 
v 1514.0980224609375 462.6788024902344 -986.6212768554688 
v 1508.54736328125 532.337158203125 -988.8575439453125 
v 1522.2789306640625 464.33062744140625 -988.8575439453125 
v 1516.728271484375 533.9890747070312 -986.6212768554688 
v 1530.4598388671875 465.98248291015625 -986.6212768554688 
v 1522.717041015625 535.1982421875 -980.5115966796875 
v 1536.448486328125 467.19171142578125 -980.5116577148438 
v 1524.9090576171875 535.6409301757812 -972.1656494140625 
v 1538.640625 467.6343078613281 -972.1656494140625 
v 1492.1856689453125 529.0335693359375 -972.1656494140625 
v 1494.8638916015625 529.5742797851562 -972.1656494140625 
v 1494.377685546875 529.4761962890625 -963.8197021484375 
v 1496.6971435546875 529.9444580078125 -965.1859130859375 
v 1494.377685546875 529.4761962890625 -980.5116577148438 
v 1496.6971435546875 529.9444580078125 -979.1454467773438 
v 1500.366455078125 530.6853637695312 -986.6212768554688 
v 1501.7056884765625 530.955810546875 -984.2550048828125 
v 1508.54736328125 532.337158203125 -988.8575439453125 
v 1508.54736328125 532.337158203125 -986.1253051757812 
v 1515.3890380859375 533.7186889648438 -984.2550048828125 
v 1516.728271484375 533.9890747070312 -986.6212768554688 
v 1520.3975830078125 534.72998046875 -979.1454467773438 
v 1522.717041015625 535.1982421875 -980.5115966796875 
v 1522.230712890625 535.10009765625 -972.1656494140625 
v 1524.9090576171875 535.6409301757812 -972.1656494140625 
v 1522.717041015625 535.1982421875 -963.8197021484375 
v 1520.3975830078125 534.72998046875 -965.1858520507812 
v 1515.3890380859375 533.7186889648438 -960.0763549804688 
v 1516.728271484375 533.9890747070312 -957.7100830078125 
v 1508.54736328125 532.337158203125 -958.2060546875 
v 1508.54736328125 532.337158203125 -955.4738159179688 
v 1501.7056884765625 530.955810546875 -960.0763549804688 
v 1500.366455078125 530.6853637695312 -957.7100830078125 
v 1468.0322265625 453.37738037109375 -719.9619750976562 
v 1461.989990234375 452.15740966796875 -730.3917846679688 
v 1467.306396484375 456.9715576171875 -719.9619750976562 
v 1461.2642822265625 455.75152587890625 -730.3917846679688 
v 1461.2642822265625 455.75152587890625 -752.2579956054688 
v 1461.989990234375 452.15740966796875 -752.2579956054688 
v 1467.755615234375 453.3215637207031 -762.9786987304688 
v 1467.0299072265625 456.91571044921875 -762.9786987304688 
v 1497.709716796875 459.3697509765625 -720.4684448242188 
v 1504.05810546875 460.6515808105469 -730.8982543945312 
v 1496.9840087890625 462.96392822265625 -720.4684448242188 
v 1503.332275390625 464.2456970214844 -730.8982543945312 
v 1503.332275390625 464.2456970214844 -752.7643432617188 
v 1504.05810546875 460.6515808105469 -752.7643432617188 
v 1497.4332275390625 459.31396484375 -763.4851684570312 
v 1496.7073974609375 462.9080810546875 -763.4851684570312 
v 1468.0322265625 453.37738037109375 -719.9619750976562 
v 1467.306396484375 456.9715576171875 -719.9619750976562 
v 1497.709716796875 459.3697509765625 -720.4684448242188 
v 1496.9840087890625 462.96392822265625 -720.4684448242188 
v 1467.306396484375 456.9715576171875 -719.9619750976562 
v 1461.2642822265625 455.75152587890625 -730.3917846679688 
v 1496.9840087890625 462.96392822265625 -720.4684448242188 
v 1503.332275390625 464.2456970214844 -730.8982543945312 
v 1461.2642822265625 455.75152587890625 -752.2579956054688 
v 1503.332275390625 464.2456970214844 -752.7643432617188 
v 1496.7073974609375 462.9080810546875 -763.4851684570312 
v 1467.0299072265625 456.91571044921875 -762.9786987304688 
v 1467.0299072265625 456.91571044921875 -762.9786987304688 
v 1467.755615234375 453.3215637207031 -762.9786987304688 
v 1496.7073974609375 462.9080810546875 -763.4851684570312 
v 1497.4332275390625 459.31396484375 -763.4851684570312 
v 1461.44775390625 454.90179443359375 -995.6271362304688 
v 1503.2513427734375 463.3425598144531 -995.6271362304688 
v 1461.44775390625 454.90179443359375 -942.3106079101562 
v 1503.2513427734375 463.3426208496094 -942.3106079101562 
v 1503.2513427734375 463.3425598144531 -995.6271362304688 
v 1503.9195556640625 460.0338134765625 -995.6271362304688 
v 1503.2513427734375 463.3426208496094 -942.3106079101562 
v 1503.9195556640625 460.0338439941406 -942.3106079101562 
v 1503.2513427734375 463.3426208496094 -942.3106079101562 
v 1503.9195556640625 460.0338439941406 -942.3106079101562 
v 1461.44775390625 454.90179443359375 -942.3106079101562 
v 1462.11572265625 451.593017578125 -942.3106079101562 
v 1461.44775390625 454.90179443359375 -942.3106079101562 
v 1462.11572265625 451.593017578125 -942.3106079101562 
v 1461.44775390625 454.90179443359375 -995.6271362304688 
v 1462.11572265625 451.593017578125 -995.6271362304688 
v 1461.44775390625 454.90179443359375 -995.6271362304688 
v 1462.11572265625 451.593017578125 -995.6271362304688 
v 1503.2513427734375 463.3425598144531 -995.6271362304688 
v 1503.9195556640625 460.0338134765625 -995.6271362304688 
v 1573.47265625 808.9277954101562 -915.8477783203125 
v 1640.2296142578125 549.4117431640625 -846.4730224609375 
v 1469.274658203125 808.9277954101562 -915.8477783203125 
v 1402.5177001953125 549.4117431640625 -846.4728393554688 
v 1402.5177001953125 528.9044189453125 -846.4728393554688 
v 1640.2296142578125 528.9044189453125 -846.472900390625 
v 1391.5203857421875 528.9044189453125 -833.2124633789062 
v 1651.226806640625 528.9044189453125 -833.2125854492188 
v 1391.5203857421875 518.8087768554688 -833.2124633789062 
v 1651.226806640625 518.8087768554688 -833.2125854492188 
v 1469.274658203125 808.9277954101562 -915.8477783203125 
v 1402.5177001953125 549.4117431640625 -846.4728393554688 
v 1469.274658203125 808.9279174804688 -1028.6488037109375 
v 1402.5177001953125 549.4117431640625 -1098.0235595703125 
v 1402.5177001953125 528.9044189453125 -846.4728393554688 
v 1402.5177001953125 528.9044189453125 -1098.0235595703125 
v 1391.520263671875 528.9044189453125 -1111.283935546875 
v 1391.5203857421875 528.9044189453125 -833.2124633789062 
v 1391.5203857421875 518.8087768554688 -833.2124633789062 
v 1391.520263671875 518.8087768554688 -1111.283935546875 
v 1573.47265625 808.9277954101562 -915.8477783203125 
v 1640.2296142578125 549.4117431640625 -846.4730224609375 
v 1573.4725341796875 808.9279174804688 -1028.6488037109375 
v 1640.2293701171875 549.4117431640625 -1098.0235595703125 
v 1640.2293701171875 528.9044189453125 -1098.0235595703125 
v 1640.2296142578125 528.9044189453125 -846.472900390625 
v 1651.226806640625 528.9044189453125 -1111.2840576171875 
v 1651.226806640625 528.9044189453125 -833.2125854492188 
v 1651.226806640625 518.8087768554688 -833.2125854492188 
v 1651.226806640625 518.8087768554688 -1111.2840576171875 
v 1469.274658203125 808.9279174804688 -1028.6488037109375 
v 1402.5177001953125 549.4117431640625 -1098.0235595703125 
v 1573.4725341796875 808.9279174804688 -1028.6488037109375 
v 1640.2293701171875 549.4117431640625 -1098.0235595703125 
v 1402.5177001953125 528.9044189453125 -1098.0235595703125 
v 1640.2293701171875 528.9044189453125 -1098.0235595703125 
v 1651.226806640625 528.9044189453125 -1111.2840576171875 
v 1391.520263671875 528.9044189453125 -1111.283935546875 
v 1391.520263671875 518.8087768554688 -1111.283935546875 
v 1651.226806640625 518.8087768554688 -1111.2840576171875 
v 1651.226806640625 518.8087768554688 -1111.2840576171875 
v 1635.9918212890625 518.8087768554688 -1099.509033203125 
v 1391.520263671875 518.8087768554688 -1111.283935546875 
v 1406.755126953125 518.8087768554688 -1099.5089111328125 
v 1391.5203857421875 518.8087768554688 -833.2124633789062 
v 1406.7552490234375 518.8087768554688 -844.9873657226562 
v 1651.226806640625 518.8087768554688 -833.2125854492188 
v 1635.9920654296875 518.8087768554688 -844.9874877929688 
v 1635.9920654296875 518.8087768554688 -844.9874877929688 
v 1635.9918212890625 518.8087768554688 -1099.509033203125 
v 1566.5115966796875 795.28173828125 -922.1315307617188 
v 1566.511474609375 795.28173828125 -1022.364990234375 
v 1406.755126953125 518.8087768554688 -1099.5089111328125 
v 1476.235595703125 795.28173828125 -1022.3649291992188 
v 1635.9918212890625 518.8087768554688 -1099.509033203125 
v 1566.511474609375 795.28173828125 -1022.364990234375 
v 1406.7552490234375 518.8087768554688 -844.9873657226562 
v 1476.235595703125 795.28173828125 -922.1315307617188 
v 1406.755126953125 518.8087768554688 -1099.5089111328125 
v 1476.235595703125 795.28173828125 -1022.3649291992188 
v 1406.7552490234375 518.8087768554688 -844.9873657226562 
v 1635.9920654296875 518.8087768554688 -844.9874877929688 
v 1476.235595703125 795.28173828125 -922.1315307617188 
v 1566.5115966796875 795.28173828125 -922.1315307617188 
v 1566.5115966796875 795.28173828125 -922.1315307617188 
v 1566.511474609375 795.28173828125 -1022.364990234375 
v 1476.235595703125 795.28173828125 -922.1315307617188 
v 1476.235595703125 795.28173828125 -1022.3649291992188 
v 1469.274658203125 808.9279174804688 -1028.6488037109375 
v 1573.4725341796875 808.9279174804688 -1028.6488037109375 
v 1469.274658203125 808.9277954101562 -915.8477783203125 
v 1573.47265625 808.9277954101562 -915.8477783203125 
v 1566.748291015625 808.9279174804688 -972.247802734375 
v 1552.162109375 808.9279174804688 -938.9171752929688 
v 1567.389892578125 958.4412841796875 -972.247802734375 
v 1552.597412109375 958.441162109375 -938.4459228515625 
v 1521.3736572265625 808.9279174804688 -926.8731079101562 
v 1521.3736572265625 958.441162109375 -926.2315673828125 
v 1490.5850830078125 808.9279174804688 -938.9171752929688 
v 1490.14990234375 958.441162109375 -938.4459228515625 
v 1475.9990234375 808.9279174804688 -972.2476806640625 
v 1475.357421875 958.4412841796875 -972.2476806640625 
v 1490.5850830078125 808.9279174804688 -1005.5782470703125 
v 1490.1497802734375 958.4412841796875 -1006.049560546875 
v 1521.3736572265625 808.9279174804688 -1017.6223754882812 
v 1521.3736572265625 958.4412841796875 -1018.263916015625 
v 1552.162109375 808.9279174804688 -1005.5783081054688 
v 1552.597412109375 958.4412841796875 -1006.049560546875 
v 1566.748291015625 808.9279174804688 -972.247802734375 
v 1567.389892578125 958.4412841796875 -972.247802734375 
v 1408.973876953125 524.312255859375 -848.123046875 
v 1415.430419921875 543.8485717773438 -855.2532348632812 
v 1408.9737548828125 524.312255859375 -1096.3731689453125 
v 1415.4302978515625 543.8485717773438 -1089.2431640625 
v 1627.316650390625 543.8485717773438 -1089.2431640625 
v 1627.31689453125 543.8485717773438 -855.25341796875 
v 1633.773193359375 524.312255859375 -1096.3734130859375 
v 1633.7734375 524.312255859375 -848.123291015625 
v 1415.4302978515625 543.8485717773438 -1089.2431640625 
v 1627.316650390625 543.8485717773438 -1089.2431640625 
v 1408.9737548828125 524.312255859375 -1096.3731689453125 
v 1633.773193359375 524.312255859375 -1096.3734130859375 
v 1627.31689453125 543.8485717773438 -855.25341796875 
v 1415.430419921875 543.8485717773438 -855.2532348632812 
v 1633.7734375 524.312255859375 -848.123291015625 
v 1408.973876953125 524.312255859375 -848.123046875 
v 1633.7734375 524.312255859375 -848.123291015625 
v 1408.973876953125 524.312255859375 -848.123046875 
v 1636.666259765625 524.312255859375 -844.928466796875 
v 1406.080810546875 524.312255859375 -844.9283447265625 
v 1408.973876953125 524.312255859375 -848.123046875 
v 1408.9737548828125 524.312255859375 -1096.3731689453125 
v 1406.080810546875 524.312255859375 -844.9283447265625 
v 1406.080810546875 524.312255859375 -1099.5679931640625 
v 1406.080810546875 524.312255859375 -1099.5679931640625 
v 1408.9737548828125 524.312255859375 -1096.3731689453125 
v 1636.666259765625 524.312255859375 -1099.568115234375 
v 1633.773193359375 524.312255859375 -1096.3734130859375 
v 1633.773193359375 524.312255859375 -1096.3734130859375 
v 1633.7734375 524.312255859375 -848.123291015625 
v 1636.666259765625 524.312255859375 -1099.568115234375 
v 1636.666259765625 524.312255859375 -844.928466796875 
v 1327.6397705078125 79.57344055175781 -883.2838134765625 
v 1327.6397705078125 79.57344055175781 -891.0794067382812 
v 1327.6397705078125 75.73072814941406 -883.2838134765625 
v 1327.6397705078125 75.7307357788086 -894.8056030273438 
v 1327.6397705078125 102.1208267211914 -894.8056030273438 
v 1327.6397705078125 98.27811431884766 -891.0794067382812 
v 1327.6397705078125 102.1208267211914 -883.2838745117188 
v 1327.6397705078125 98.27811431884766 -883.2838745117188 
v 1383.2025146484375 102.1208267211914 -894.8056030273438 
v 1327.6397705078125 102.1208267211914 -894.8056030273438 
v 1383.2025146484375 102.1208267211914 -883.2838745117188 
v 1327.6397705078125 102.1208267211914 -883.2838745117188 
v 1327.6397705078125 79.57344055175781 -883.2838134765625 
v 1383.2025146484375 79.57344055175781 -883.2838745117188 
v 1327.6397705078125 79.57344055175781 -891.0794067382812 
v 1383.2025146484375 79.57344055175781 -891.0794067382812 
v 1383.2025146484375 75.7307357788086 -894.8056030273438 
v 1383.2025146484375 75.73072814941406 -883.2838745117188 
v 1327.6397705078125 75.7307357788086 -894.8056030273438 
v 1327.6397705078125 75.73072814941406 -883.2838134765625 
v 1327.6397705078125 98.27811431884766 -883.2838745117188 
v 1327.6397705078125 98.27811431884766 -891.0794067382812 
v 1383.2025146484375 98.27811431884766 -883.2838745117188 
v 1383.2025146484375 98.27811431884766 -891.0794067382812 
v 1327.6397705078125 98.27811431884766 -891.0794067382812 
v 1327.6397705078125 79.57344055175781 -891.0794067382812 
v 1383.2025146484375 98.27811431884766 -891.0794067382812 
v 1383.2025146484375 79.57344055175781 -891.0794067382812 
v 1327.6397705078125 75.7307357788086 -894.8056030273438 
v 1327.6397705078125 102.1208267211914 -894.8056030273438 
v 1383.2025146484375 75.7307357788086 -894.8056030273438 
v 1383.2025146484375 102.1208267211914 -894.8056030273438 
v 1327.6397705078125 98.27811431884766 -883.2838745117188 
v 1383.2025146484375 98.27811431884766 -883.2838745117188 
v 1327.6397705078125 102.1208267211914 -883.2838745117188 
v 1383.2025146484375 102.1208267211914 -883.2838745117188 
v 1327.6397705078125 75.73072814941406 -883.2838134765625 
v 1383.2025146484375 75.73072814941406 -883.2838745117188 
v 1327.6397705078125 79.57344055175781 -883.2838134765625 
v 1383.2025146484375 79.57344055175781 -883.2838745117188 
v 1367.5572509765625 249.1993865966797 -956.1998291015625 
v 1367.5572509765625 102.1208267211914 -891.0794067382812 
v 1367.5572509765625 245.34954833984375 -958.55615234375 
v 1367.5572509765625 102.1208267211914 -894.8056030273438 
v 1345.1781005859375 102.1208267211914 -891.0794067382812 
v 1367.5572509765625 102.1208267211914 -891.0794067382812 
v 1345.1781005859375 235.78863525390625 -955.0625610351562 
v 1367.5572509765625 249.1993865966797 -956.1998291015625 
v 1367.5572509765625 245.34954833984375 -958.55615234375 
v 1367.5572509765625 102.1208267211914 -894.8056030273438 
v 1345.1781005859375 232.0115509033203 -957.3753662109375 
v 1345.1781005859375 102.1208267211914 -894.8056030273438 
v 1345.1781005859375 102.1208267211914 -894.8056030273438 
v 1345.1781005859375 102.1208267211914 -891.0794067382812 
v 1345.1781005859375 232.0115509033203 -957.3753662109375 
v 1345.1781005859375 235.78863525390625 -955.0625610351562 
v 1327.6396484375 79.57344818115234 -1061.21240234375 
v 1327.6396484375 75.7307357788086 -1061.21240234375 
v 1327.6396484375 79.57344055175781 -1053.4168701171875 
v 1327.6396484375 75.73072814941406 -1049.690673828125 
v 1327.6396484375 102.1208267211914 -1049.690673828125 
v 1327.6396484375 98.27811431884766 -1053.4168701171875 
v 1327.6396484375 102.12084197998047 -1061.21240234375 
v 1327.6396484375 98.27811431884766 -1061.21240234375 
v 1383.202392578125 102.1208267211914 -1049.690673828125 
v 1327.6396484375 102.1208267211914 -1049.690673828125 
v 1383.202392578125 102.12084197998047 -1061.21240234375 
v 1327.6396484375 102.12084197998047 -1061.21240234375 
v 1383.202392578125 79.57344818115234 -1061.21240234375 
v 1383.202392578125 79.57344055175781 -1053.4168701171875 
v 1327.6396484375 79.57344818115234 -1061.21240234375 
v 1327.6396484375 79.57344055175781 -1053.4168701171875 
v 1383.202392578125 75.73072814941406 -1049.690673828125 
v 1383.202392578125 75.7307357788086 -1061.21240234375 
v 1327.6396484375 75.73072814941406 -1049.690673828125 
v 1327.6396484375 75.7307357788086 -1061.21240234375 
v 1327.6396484375 98.27811431884766 -1053.4168701171875 
v 1383.202392578125 98.27811431884766 -1053.4168701171875 
v 1327.6396484375 98.27811431884766 -1061.21240234375 
v 1383.202392578125 98.27811431884766 -1061.21240234375 
v 1327.6396484375 98.27811431884766 -1053.4168701171875 
v 1327.6396484375 79.57344055175781 -1053.4168701171875 
v 1383.202392578125 98.27811431884766 -1053.4168701171875 
v 1383.202392578125 79.57344055175781 -1053.4168701171875 
v 1327.6396484375 75.73072814941406 -1049.690673828125 
v 1327.6396484375 102.1208267211914 -1049.690673828125 
v 1383.202392578125 75.73072814941406 -1049.690673828125 
v 1383.202392578125 102.1208267211914 -1049.690673828125 
v 1327.6396484375 98.27811431884766 -1061.21240234375 
v 1383.202392578125 98.27811431884766 -1061.21240234375 
v 1327.6396484375 102.12084197998047 -1061.21240234375 
v 1383.202392578125 102.12084197998047 -1061.21240234375 
v 1327.6396484375 75.7307357788086 -1061.21240234375 
v 1383.202392578125 75.7307357788086 -1061.21240234375 
v 1327.6396484375 79.57344818115234 -1061.21240234375 
v 1383.202392578125 79.57344818115234 -1061.21240234375 
v 1367.55712890625 102.1208267211914 -1049.690673828125 
v 1367.5572509765625 245.34954833984375 -985.9400634765625 
v 1367.55712890625 102.1208267211914 -1053.4168701171875 
v 1367.5572509765625 249.1993865966797 -988.29638671875 
v 1345.177978515625 102.1208267211914 -1053.4168701171875 
v 1367.55712890625 102.1208267211914 -1053.4168701171875 
v 1345.1781005859375 235.78863525390625 -989.4337768554688 
v 1367.5572509765625 249.1993865966797 -988.29638671875 
v 1345.177978515625 102.1208267211914 -1049.690673828125 
v 1345.1781005859375 232.01153564453125 -987.1209106445312 
v 1367.55712890625 102.1208267211914 -1049.690673828125 
v 1367.5572509765625 245.34954833984375 -985.9400634765625 
v 1345.177978515625 102.1208267211914 -1049.690673828125 
v 1345.177978515625 102.1208267211914 -1053.4168701171875 
v 1345.1781005859375 232.01153564453125 -987.1209106445312 
v 1345.1781005859375 235.78863525390625 -989.4337768554688 
v 1290.8319091796875 196.59742736816406 -984.7930908203125 
v 1290.56640625 192.84153747558594 -983.00732421875 
v 1293.9832763671875 194.1627197265625 -975.5296630859375 
v 1294.4727783203125 193.39849853515625 -974.3062744140625 
v 1294.4681396484375 193.39833068847656 -972.6802978515625 
v 1295.472412109375 192.58212280273438 -973.6497802734375 
v 1295.46435546875 192.5839080810547 -970.3296508789062 
v 1294.46337890625 193.39817810058594 -971.0543823242188 
v 1290.629150390625 192.85134887695312 -960.9466552734375 
v 1293.9033203125 194.11329650878906 -967.6988525390625 
v 1290.8515625 196.2333984375 -959.4202270507812 
v 1294.7391357421875 200.49713134765625 -968.0302734375 
v 1292.7479248046875 202.7285614013672 -957.9287719726562 
v 1296.83935546875 204.5135955810547 -967.9152221679688 
v 1297.5614013671875 208.68130493164062 -957.3662719726562 
v 1294.730712890625 200.50668334960938 -976.181884765625 
v 1296.8399658203125 204.52822875976562 -976.293212890625 
v 1292.7518310546875 202.7239532470703 -986.219482421875 
v 1297.552734375 208.6696319580078 -986.7816162109375 
v 1286.654296875 190.7410125732422 -979.591064453125 
v 1286.4168701171875 197.8719940185547 -981.1036376953125 
v 1288.9066162109375 195.24069213867188 -973.7774658203125 
v 1290.16064453125 201.64456176757812 -973.8976440429688 
v 1288.38330078125 204.1804962158203 -981.8745727539062 
v 1294 208.7596893310547 -973.9812622070312 
v 1295.5706787109375 213.01528930664062 -982.36767578125 
v 1289.7152099609375 188.218505859375 -973.5982055664062 
v 1288.90185546875 195.24363708496094 -970.3193359375 
v 1289.7061767578125 188.21978759765625 -970.3655395507812 
v 1286.652587890625 190.74423217773438 -964.3817749023438 
v 1286.416748046875 197.6804656982422 -963.0408935546875 
v 1290.15869140625 201.64756774902344 -970.2617797851562 
v 1288.383056640625 204.1808624267578 -962.293212890625 
v 1294.0006103515625 208.76406860351562 -970.177734375 
v 1295.5699462890625 213.01422119140625 -961.8026733398438 
v 1384.612060546875 250.2277069091797 -972.07958984375 
v 1385.1893310546875 254.321533203125 -983.2318115234375 
v 1296.7939453125 225.6853790283203 -988.1259765625 
v 1386.0367431640625 266.5271911621094 -988.1270141601562 
v 1391.1435546875 266.5035400390625 -982.1376953125 
v 1388.62890625 254.321533203125 -980.4446411132812 
v 1394.046630859375 266.4900817871094 -974.412841796875 
v 1392.1046142578125 254.32154846191406 -973.3096923828125 
v 1394.0467529296875 266.4900817871094 -969.8362426757812 
v 1392.1046142578125 254.32154846191406 -970.9360961914062 
v 1388.7470703125 254.321533203125 -963.820068359375 
v 1385.1893310546875 254.321533203125 -960.93701171875 
v 1296.7939453125 225.68540954589844 -956.04296875 
v 1386.0367431640625 266.5272216796875 -956.0419311523438 
v 1391.24609375 266.5030822753906 -962.1513671875 
v 1286.4168701171875 197.8719940185547 -981.1036376953125 
v 1286.9835205078125 198.02398681640625 -983.28076171875 
v 1287.1036376953125 191.7963104248047 -981.7028198242188 
v 1289.0550537109375 192.65695190429688 -983.5452880859375 
v 1286.654296875 190.7410125732422 -979.591064453125 
v 1288.38330078125 204.1804962158203 -981.8745727539062 
v 1289.014404296875 204.27835083007812 -984.1773071289062 
v 1295.0079345703125 211.9150390625 -984.1990356445312 
v 1295.5706787109375 213.01528930664062 -982.36767578125 
v 1295.66015625 224.6387939453125 -989.3704223632812 
v 1296.7939453125 225.6853790283203 -988.1259765625 
v 1296.986572265625 226.421875 -989.9390869140625 
v 1297.5279541015625 225.2387237548828 -992.7954711914062 
v 1296.3231201171875 223.38291931152344 -992.3948364257812 
v 1297.8829345703125 223.41915893554688 -993.5850830078125 
v 1296.119384765625 209.48646545410156 -986.696044921875 
v 1297.552734375 208.6696319580078 -986.7816162109375 
v 1292.7518310546875 202.7239532470703 -986.219482421875 
v 1291.532958984375 203.37820434570312 -986.7280883789062 
v 1289.3487548828125 197.28009033203125 -985.3120727539062 
v 1290.8319091796875 196.59742736816406 -984.7930908203125 
v 1290.56640625 192.84153747558594 -983.00732421875 
v 1289.8963623046875 191.23294067382812 -981.8615112304688 
v 1295.472412109375 192.58212280273438 -973.6497802734375 
v 1287.642333984375 189.78469848632812 -980.1478271484375 
v 1290.954345703125 187.65911865234375 -973.5648193359375 
v 1289.7152099609375 188.218505859375 -973.5982055664062 
v 1289.7061767578125 188.21978759765625 -970.3655395507812 
v 1294.6658935546875 190.49801635742188 -973.5715942382812 
v 1295.46435546875 192.5839080810547 -970.3296508789062 
v 1294.65576171875 190.49789428710938 -970.3494873046875 
v 1290.944580078125 187.66024780273438 -970.3689575195312 
v 1287.642333984375 189.78421020507812 -963.8013916015625 
v 1286.652587890625 190.74423217773438 -964.3817749023438 
v 1287.093017578125 191.78997802734375 -962.2821655273438 
v 1286.416748046875 197.6804656982422 -963.0408935546875 
v 1286.9853515625 197.7611846923828 -960.8881225585938 
v 1288.383056640625 204.1808624267578 -962.293212890625 
v 1289.0157470703125 204.27789306640625 -959.990234375 
v 1295.008544921875 211.9138946533203 -959.9686889648438 
v 1295.5699462890625 213.01422119140625 -961.8026733398438 
v 1295.6605224609375 224.63819885253906 -954.7969970703125 
v 1296.7939453125 225.68540954589844 -956.04296875 
v 1297.0164794921875 226.35675048828125 -954.0724487304688 
v 1296.3231201171875 223.3829803466797 -951.7741088867188 
v 1297.508544921875 225.28140258789062 -951.4763793945312 
v 1297.883056640625 223.42694091796875 -950.5805053710938 
v 1296.1192626953125 209.486572265625 -957.4730224609375 
v 1297.5614013671875 208.68130493164062 -957.3662719726562 
v 1292.7479248046875 202.7285614013672 -957.9287719726562 
v 1291.532958984375 203.37826538085938 -957.44091796875 
v 1289.3414306640625 196.93515014648438 -958.9097290039062 
v 1289.0660400390625 192.6654052734375 -960.4317626953125 
v 1290.8515625 196.2333984375 -959.4202270507812 
v 1290.629150390625 192.85134887695312 -960.9466552734375 
v 1289.896240234375 191.23248291015625 -962.0880126953125 
v 1387.165771484375 264.2864074707031 -950.579833984375 
v 1387.165771484375 250.00257873535156 -956.496337890625 
v 1395.6412353515625 265.41595458984375 -960.3295288085938 
v 1395.0701904296875 251.19992065429688 -962.9702758789062 
v 1387.165771484375 245.84703063964844 -967.9202270507812 
v 1297.5614013671875 208.68130493164062 -957.3662719726562 
v 1296.83935546875 204.5135955810547 -967.9152221679688 
v 1296.8399658203125 204.52822875976562 -976.293212890625 
v 1387.165771484375 245.86087036132812 -976.2866821289062 
v 1297.552734375 208.6696319580078 -986.7816162109375 
v 1387.165771484375 250.00254821777344 -987.6725463867188 
v 1297.8829345703125 223.41915893554688 -993.5850830078125 
v 1387.165771484375 264.2782897949219 -993.5857543945312 
v 1395.4669189453125 265.3876647949219 -982.8977661132812 
v 1395.2708740234375 251.23031616210938 -979.8179931640625 
v 1398.227783203125 265.7576904296875 -975.1537475585938 
v 1398.3836669921875 251.7018280029297 -972.4965209960938 
v 1398.3836669921875 251.7018280029297 -970.1052856445312 
v 1398.371826171875 265.77874755859375 -968 
v 1297.883056640625 223.42694091796875 -950.5805053710938 
v 1297.883056640625 223.42694091796875 -950.5805053710938 
v 1387.165771484375 264.2864074707031 -950.579833984375 
v 1297.508544921875 225.28140258789062 -951.4763793945312 
v 1386.891845703125 266.1893005371094 -951.4848022460938 
v 1297.0164794921875 226.35675048828125 -954.0724487304688 
v 1386.40283203125 267.2577209472656 -954.064208984375 
v 1394.523681640625 267.04296875 -960.6095581054688 
v 1395.6412353515625 265.41595458984375 -960.3295288085938 
v 1397.190673828125 267.34710693359375 -968.3569946289062 
v 1398.371826171875 265.77874755859375 -968 
v 1398.227783203125 265.7576904296875 -975.1537475585938 
v 1397.0419921875 267.33929443359375 -975.1517333984375 
v 1395.4669189453125 265.3876647949219 -982.8977661132812 
v 1394.320068359375 267.0228576660156 -982.945068359375 
v 1386.912109375 266.1449279785156 -992.7913818359375 
v 1386.3719482421875 267.325439453125 -989.9412231445312 
v 1296.986572265625 226.421875 -989.9390869140625 
v 1386.0367431640625 266.5271911621094 -988.1270141601562 
v 1296.7939453125 225.6853790283203 -988.1259765625 
v 1387.165771484375 264.2782897949219 -993.5857543945312 
v 1297.5279541015625 225.2387237548828 -992.7954711914062 
v 1297.8829345703125 223.41915893554688 -993.5850830078125 
v 1392.5772705078125 267.5257568359375 -982.5748291015625 
v 1395.4791259765625 267.6300964355469 -974.8053588867188 
v 1395.475830078125 267.6439208984375 -969.1610107421875 
v 1391.1435546875 266.5035400390625 -982.1376953125 
v 1394.046630859375 266.4900817871094 -974.412841796875 
v 1394.0467529296875 266.4900817871094 -969.8362426757812 
v 1391.24609375 266.5030822753906 -962.1513671875 
v 1392.668701171875 267.531982421875 -961.448486328125 
v 1386.0367431640625 266.5272216796875 -956.0419311523438 
v 1296.7939453125 225.68540954589844 -956.04296875 
v 1271.6495361328125 93.83494567871094 -977.8508911132812 
v 1268.5849609375 99.8961181640625 -987.331298828125 
v 1274.346923828125 93.83494567871094 -983.1449584960938 
v 1274.3619384765625 99.8961181640625 -993.1083984375 
v 1264.8758544921875 99.8961181640625 -980.0518188476562 
v 1270.7200927734375 93.8349380493164 -971.9825439453125 
v 1263.5977783203125 99.8961181640625 -971.9824829101562 
v 1271.6495361328125 93.83494567871094 -966.114013671875 
v 1264.8758544921875 99.8961181640625 -963.9131469726562 
v 1274.346923828125 93.83494567871094 -960.8200073242188 
v 1268.5849609375 99.8961181640625 -956.6336669921875 
v 1278.54833984375 93.8349380493164 -956.6187133789062 
v 1274.3619384765625 99.8961181640625 -950.8565673828125 
v 1281.6414794921875 99.8961181640625 -947.1475830078125 
v 1283.8424072265625 93.8349380493164 -953.9212036132812 
v 1289.7108154296875 99.8961181640625 -945.8695678710938 
v 1289.7108154296875 93.8349380493164 -952.9917602539062 
v 1297.7801513671875 99.8961181640625 -947.1475830078125 
v 1295.5792236328125 93.8349380493164 -953.9212036132812 
v 1305.0595703125 99.8961181640625 -950.856689453125 
v 1300.873291015625 93.8349380493164 -956.6187133789062 
v 1310.836669921875 99.8961181640625 -956.6336669921875 
v 1305.07470703125 93.83494567871094 -960.8200073242188 
v 1314.5457763671875 99.8961181640625 -963.9131469726562 
v 1307.7720947265625 93.83494567871094 -966.114013671875 
v 1315.82373046875 99.8961181640625 -971.9824829101562 
v 1308.7015380859375 93.8349380493164 -971.9825439453125 
v 1314.5457763671875 99.8961181640625 -980.0518798828125 
v 1307.7720947265625 93.83494567871094 -977.8510131835938 
v 1310.8365478515625 99.8961181640625 -987.3314208984375 
v 1305.0745849609375 93.83494567871094 -983.14501953125 
v 1305.0595703125 99.8961181640625 -993.1083984375 
v 1300.873291015625 93.83494567871094 -987.3463745117188 
v 1295.5792236328125 93.8349380493164 -990.0438232421875 
v 1278.54833984375 93.83494567871094 -987.3463745117188 
v 1281.641357421875 99.8961181640625 -996.8173828125 
v 1283.84228515625 93.8349380493164 -990.0438232421875 
v 1289.710693359375 99.8961181640625 -998.0955200195312 
v 1289.7108154296875 93.8349380493164 -990.9732666015625 
v 1297.7801513671875 99.8961181640625 -996.8173828125 
v 1252.611572265625 156.4823455810547 -968.65966796875 
v 1252.611572265625 156.4823455810547 -975.3053588867188 
v 1256.055419921875 150.1168670654297 -969.7630004882812 
v 1256.0784912109375 150.07666015625 -974.195068359375 
v 1259.66845703125 143.70266723632812 -970.8746948242188 
v 1259.6693115234375 143.7012481689453 -973.090087890625 
v 1263.5977783203125 137.31085205078125 -971.9824829101562 
v 1266.422607421875 162.70797729492188 -985.7139892578125 
v 1264.8758544921875 99.8961181640625 -980.0518188476562 
v 1263.5977783203125 99.8961181640625 -971.9824829101562 
v 1264.8758544921875 99.8961181640625 -963.9131469726562 
v 1266.422607421875 162.70799255371094 -958.2509765625 
v 1268.5849609375 99.8961181640625 -956.6336669921875 
v 1268.5849609375 162.70799255371094 -956.6336669921875 
v 1274.3619384765625 162.70799255371094 -950.8565673828125 
v 1274.3619384765625 99.8961181640625 -950.8565673828125 
v 1281.6414794921875 162.70799255371094 -947.1475830078125 
v 1281.6414794921875 99.8961181640625 -947.1475830078125 
v 1289.7108154296875 162.70799255371094 -945.8695678710938 
v 1289.7108154296875 99.8961181640625 -945.8695678710938 
v 1297.7801513671875 162.70799255371094 -947.1475830078125 
v 1297.7801513671875 99.8961181640625 -947.1475830078125 
v 1305.0595703125 162.70799255371094 -950.856689453125 
v 1305.0595703125 99.8961181640625 -950.856689453125 
v 1310.836669921875 162.70799255371094 -956.6336669921875 
v 1310.836669921875 99.8961181640625 -956.6336669921875 
v 1314.5457763671875 162.70797729492188 -963.9131469726562 
v 1314.5457763671875 99.8961181640625 -963.9131469726562 
v 1315.82373046875 162.70797729492188 -971.9824829101562 
v 1315.82373046875 99.8961181640625 -971.9824829101562 
v 1305.0595703125 99.8961181640625 -993.1083984375 
v 1310.8365478515625 99.8961181640625 -987.3314208984375 
v 1305.0595703125 162.70797729492188 -993.1083984375 
v 1310.8365478515625 162.70797729492188 -987.3314208984375 
v 1297.7801513671875 162.70797729492188 -996.8173828125 
v 1297.7801513671875 99.8961181640625 -996.8173828125 
v 1289.710693359375 162.70797729492188 -998.0955200195312 
v 1289.710693359375 99.8961181640625 -998.0955200195312 
v 1281.641357421875 162.70797729492188 -996.8173828125 
v 1281.641357421875 99.8961181640625 -996.8173828125 
v 1274.3619384765625 162.70797729492188 -993.1083984375 
v 1274.3619384765625 99.8961181640625 -993.1083984375 
v 1268.5849609375 162.70797729492188 -987.331298828125 
v 1268.5849609375 99.8961181640625 -987.331298828125 
v 1314.5457763671875 99.8961181640625 -980.0518798828125 
v 1314.5457763671875 162.70797729492188 -980.0518798828125 
v 1315.82373046875 99.8961181640625 -971.9824829101562 
v 1315.82373046875 162.70797729492188 -971.9824829101562 
v 1270.54541015625 102.46151733398438 -977.9424438476562 
v 1275.299072265625 98.34407043457031 -976.6651000976562 
v 1273.2362060546875 102.65283203125 -983.6994018554688 
v 1277.451416015625 98.34407043457031 -980.889404296875 
v 1277.8861083984375 102.52342224121094 -988.2576904296875 
v 1280.8038330078125 98.34406280517578 -984.2418823242188 
v 1283.494140625 102.52340698242188 -991.1151733398438 
v 1285.0281982421875 98.34406280517578 -986.3942260742188 
v 1289.7108154296875 102.52340698242188 -992.0997314453125 
v 1289.7108154296875 98.34406280517578 -987.1358642578125 
v 1295.9273681640625 102.52340698242188 -991.1151733398438 
v 1294.3934326171875 98.34406280517578 -986.3942260742188 
v 1301.535400390625 102.52340698242188 -988.2576904296875 
v 1294.3934326171875 98.34407043457031 -957.5708618164062 
v 1274.557373046875 98.34407043457031 -971.9825439453125 
v 1269.6168212890625 102.49642181396484 -971.9357299804688 
v 1275.299072265625 98.34407806396484 -967.2998657226562 
v 1270.578125 102.52342224121094 -965.7659301757812 
v 1277.451416015625 98.34407806396484 -963.0755615234375 
v 1273.435546875 102.52342224121094 -960.1578979492188 
v 1280.8038330078125 98.34407806396484 -959.7232055664062 
v 1277.88623046875 102.5234375 -955.707275390625 
v 1285.0281982421875 98.34407806396484 -957.5708618164062 
v 1283.494140625 102.52342224121094 -952.8497924804688 
v 1289.7108154296875 102.52342224121094 -951.8651733398438 
v 1289.7108154296875 98.34407806396484 -956.8291015625 
v 1295.927490234375 102.52342224121094 -952.8497924804688 
v 1301.535400390625 102.52342224121094 -955.707275390625 
v 1298.6177978515625 98.34407043457031 -959.7232055664062 
v 1305.986083984375 102.52342224121094 -960.1578979492188 
v 1301.97021484375 98.34407043457031 -963.0756225585938 
v 1308.843505859375 102.52340698242188 -965.7659301757812 
v 1304.12255859375 98.34407043457031 -967.2998657226562 
v 1309.828125 102.52340698242188 -971.9824829101562 
v 1304.8642578125 98.34405517578125 -971.9825439453125 
v 1308.8433837890625 102.52340698242188 -978.1990966796875 
v 1304.12255859375 98.34406280517578 -976.6652221679688 
v 1305.986083984375 102.52340698242188 -983.8071899414062 
v 1301.9700927734375 98.34405517578125 -980.8895263671875 
v 1298.6177978515625 98.34406280517578 -984.2418823242188 
v 1271.00537109375 162.75128173828125 -981.5872192382812 
v 1257.9805908203125 159.45957946777344 -973.5288696289062 
v 1270.3369140625 137.9768829345703 -976.2044677734375 
v 1257.893310546875 159.45957946777344 -970.7402954101562 
v 1270.0657958984375 137.9768829345703 -967.0764770507812 
v 1270.2608642578125 162.77090454101562 -962.5866088867188 
v 1272.64404296875 163.09767150878906 -960.9766235351562 
v 1273.435546875 102.52342224121094 -960.1578979492188 
v 1277.8671875 162.70799255371094 -955.68115234375 
v 1277.88623046875 102.5234375 -955.707275390625 
v 1283.4842529296875 162.70799255371094 -952.819091796875 
v 1283.494140625 102.52342224121094 -952.8497924804688 
v 1289.7108154296875 162.70799255371094 -951.8329467773438 
v 1289.7108154296875 102.52342224121094 -951.8651733398438 
v 1295.9373779296875 162.70799255371094 -952.8191528320312 
v 1295.927490234375 102.52342224121094 -952.8497924804688 
v 1301.554443359375 162.70799255371094 -955.68115234375 
v 1301.535400390625 102.52342224121094 -955.707275390625 
v 1306.01220703125 162.70799255371094 -960.138916015625 
v 1305.986083984375 102.52342224121094 -960.1578979492188 
v 1308.874267578125 162.70797729492188 -965.7559204101562 
v 1308.843505859375 102.52340698242188 -965.7659301757812 
v 1309.8604736328125 162.70797729492188 -971.9824829101562 
v 1309.828125 102.52340698242188 -971.9824829101562 
v 1270.578125 102.52342224121094 -965.7659301757812 
v 1309.8604736328125 162.70797729492188 -971.9824829101562 
v 1308.8741455078125 162.70797729492188 -978.2091064453125 
v 1309.828125 102.52340698242188 -971.9824829101562 
v 1308.8433837890625 102.52340698242188 -978.1990966796875 
v 1306.01220703125 162.70797729492188 -983.826171875 
v 1305.986083984375 102.52340698242188 -983.8071899414062 
v 1301.554443359375 162.70797729492188 -988.2838134765625 
v 1301.535400390625 102.52340698242188 -988.2576904296875 
v 1295.9373779296875 162.70797729492188 -991.1458740234375 
v 1295.9273681640625 102.52340698242188 -991.1151733398438 
v 1289.7108154296875 162.70797729492188 -992.132080078125 
v 1289.7108154296875 102.52340698242188 -992.0997314453125 
v 1283.484130859375 162.70797729492188 -991.1458740234375 
v 1283.494140625 102.52340698242188 -991.1151733398438 
v 1277.8671875 162.70797729492188 -988.2838134765625 
v 1277.8861083984375 102.52342224121094 -988.2576904296875 
v 1273.2362060546875 102.65283203125 -983.6994018554688 
v 1273.1719970703125 162.75128173828125 -983.588623046875 
v 1270.54541015625 102.46151733398438 -977.9424438476562 
v 1269.6168212890625 102.49642181396484 -971.9357299804688 
v 1266.422607421875 162.70799255371094 -958.2509765625 
v 1252.611572265625 156.4823455810547 -968.65966796875 
v 1257.893310546875 159.45957946777344 -970.7402954101562 
v 1252.611572265625 156.4823455810547 -975.3053588867188 
v 1257.9805908203125 159.45957946777344 -973.5288696289062 
v 1266.422607421875 162.70797729492188 -985.7139892578125 
v 1271.00537109375 162.75128173828125 -981.5872192382812 
v 1268.5849609375 162.70797729492188 -987.331298828125 
v 1273.1719970703125 162.75128173828125 -983.588623046875 
v 1277.8671875 162.70797729492188 -988.2838134765625 
v 1274.3619384765625 162.70797729492188 -993.1083984375 
v 1283.484130859375 162.70797729492188 -991.1458740234375 
v 1281.641357421875 162.70797729492188 -996.8173828125 
v 1289.710693359375 162.70797729492188 -998.0955200195312 
v 1289.7108154296875 162.70797729492188 -992.132080078125 
v 1297.7801513671875 162.70797729492188 -996.8173828125 
v 1295.9373779296875 162.70797729492188 -991.1458740234375 
v 1301.554443359375 162.70797729492188 -988.2838134765625 
v 1305.0595703125 162.70797729492188 -993.1083984375 
v 1306.01220703125 162.70797729492188 -983.826171875 
v 1310.8365478515625 162.70797729492188 -987.3314208984375 
v 1308.8741455078125 162.70797729492188 -978.2091064453125 
v 1314.5457763671875 162.70797729492188 -980.0518798828125 
v 1315.82373046875 162.70797729492188 -971.9824829101562 
v 1309.8604736328125 162.70797729492188 -971.9824829101562 
v 1314.5457763671875 162.70797729492188 -963.9131469726562 
v 1308.874267578125 162.70797729492188 -965.7559204101562 
v 1310.836669921875 162.70799255371094 -956.6336669921875 
v 1306.01220703125 162.70799255371094 -960.138916015625 
v 1305.0595703125 162.70799255371094 -950.856689453125 
v 1301.554443359375 162.70799255371094 -955.68115234375 
v 1297.7801513671875 162.70799255371094 -947.1475830078125 
v 1295.9373779296875 162.70799255371094 -952.8191528320312 
v 1289.7108154296875 162.70799255371094 -945.8695678710938 
v 1289.7108154296875 162.70799255371094 -951.8329467773438 
v 1281.6414794921875 162.70799255371094 -947.1475830078125 
v 1283.4842529296875 162.70799255371094 -952.819091796875 
v 1274.3619384765625 162.70799255371094 -950.8565673828125 
v 1277.8671875 162.70799255371094 -955.68115234375 
v 1268.5849609375 162.70799255371094 -956.6336669921875 
v 1272.64404296875 163.09767150878906 -960.9766235351562 
v 1270.2608642578125 162.77090454101562 -962.5866088867188 
vn -0.22096672654151917 0.0037937466986477375 -0.9752739667892456 
vn -0.22096672654151917 0.0037937466986477375 -0.9752739667892456 
vn -0.22096672654151917 0.0037937466986477375 -0.9752739667892456 
vn -0.22096672654151917 0.0037937466986477375 -0.9752739667892456 
vn 3.097898456858039e-13 -0.999997615814209 -0.002184694167226553 
vn 3.097898456858039e-13 -0.999997615814209 -0.002184694167226553 
vn 3.097898456858039e-13 -0.999997615814209 -0.002184694167226553 
vn 3.097898456858039e-13 -0.999997615814209 -0.002184694167226553 
vn 3.097898456858039e-13 -0.999997615814209 -0.002184694167226553 
vn 3.097898456858039e-13 -0.999997615814209 0.002184694167226553 
vn 3.097898456858039e-13 -0.999997615814209 0.002184694167226553 
vn 3.097898456858039e-13 -0.999997615814209 0.002184694167226553 
vn -1.0341130485562108e-13 0.999997615814209 0.002184694167226553 
vn -1.0341130485562108e-13 0.999997615814209 0.002184694167226553 
vn -1.0341130485562108e-13 0.999997615814209 0.002184694167226553 
vn -1.0341130485562108e-13 0.999997615814209 0.002184694167226553 
vn -1.0341130485562108e-13 0.999997615814209 0.002184694167226553 
vn -1.0341130485562108e-13 0.999997615814209 0.002184694167226553 
vn -1.0341130485562108e-13 0.999997615814209 0.002184694167226553 
vn -1.0341130485562108e-13 0.999997615814209 0.002184694167226553 
vn -0.999997615814209 -2.0682260971124217e-13 0.002184694167226553 
vn -0.9652689099311829 -0.2612491250038147 0.002184694167226553 
vn -0.999997615814209 -2.0682260971124217e-13 0.002184694167226553 
vn -0.9652689099311829 -0.2612491250038147 0.002184694167226553 
vn -0.9652689099311829 -0.2612491250038147 0.002184694167226553 
vn -0.9652689099311829 -0.2612491250038147 0.002184694167226553 
vn -0.999997615814209 -2.0682260971124217e-13 0.002184694167226553 
vn -0.999997615814209 -2.0682260971124217e-13 0.002184694167226553 
vn 0.999997615814209 0 0.002184694167226553 
vn 0.999997615814209 0 0.002184694167226553 
vn 0.9971474409103394 0.07544711232185364 0.002184694167226553 
vn 0.9971474409103394 0.07544711232185364 0.002184694167226553 
vn 0.9886130690574646 0.15046414732933044 0.002184694167226553 
vn 0.9886130690574646 0.15046414732933044 0.002184694167226553 
vn 2.0682311115474694e-13 4.2775797696334704e-26 -1 
vn 2.0682311115474694e-13 4.2775797696334704e-26 -1 
vn 2.0682311115474694e-13 4.2775797696334704e-26 -1 
vn 2.0682311115474694e-13 4.2775797696334704e-26 -1 
vn 2.0682311115474694e-13 4.2775797696334704e-26 -1 
vn 2.0682311115474694e-13 4.2775797696334704e-26 -1 
vn -2.0682311115474694e-13 0 -1 
vn -0.09952037781476974 0.45546457171440125 -0.8846737742424011 
vn -0.09952037781476974 0.45546457171440125 -0.8846737742424011 
vn -0.09952037781476974 0.45546457171440125 -0.8846737742424011 
vn -0.09952037781476974 0.45546457171440125 -0.8846737742424011 
vn 0 0 1 
vn 0 0 1 
vn 0 0 1 
vn 0 0 1 
vn 0 0 1 
vn 0 0 1 
vn 0 0 1 
vn -1.0341130485562108e-13 0.999997615814209 0.002184694167226553 
vn -1.0341130485562108e-13 0.999997615814209 0.002184694167226553 
vn -1.0341130485562108e-13 0.999997615814209 0.002184694167226553 
vn -1.0341130485562108e-13 0.999997615814209 0.002184694167226553 
vn 0.999997615814209 0 0.002184694167226553 
vn 0.999997615814209 0 0.002184694167226553 
vn 0.999997615814209 0 0.002184694167226553 
vn -0.0018885169411078095 -0.994273841381073 -0.10684575140476227 
vn 0.7050592303276062 -0.7010530829429626 -0.10684575140476227 
vn 0.7050592303276062 -0.7010530829429626 -0.10684575140476227 
vn 0.9942756295204163 0 -0.10684575140476227 
vn -0.0018885169411078095 -0.994273841381073 -0.10684575140476227 
vn -0.7023910284042358 -0.7037264108657837 -0.10684575140476227 
vn -0.7023910284042358 -0.7037264108657837 -0.10684575140476227 
vn -0.9942684173583984 -0.003777027130126953 -0.10684575140476227 
vn -0.9942684173583984 -0.003777027130126953 -0.10684575140476227 
vn -0.7023910284042358 0.7037264108657837 -0.10684575140476227 
vn -0.7023910284042358 0.7037264108657837 -0.10684575140476227 
vn -0.0018885169411078095 0.994273841381073 -0.10684575140476227 
vn -0.0018885169411078095 0.994273841381073 -0.10684575140476227 
vn 0.7050592303276062 0.7010530829429626 -0.10684575140476227 
vn 0.7050592303276062 0.7010530829429626 -0.10684575140476227 
vn 0.9942756295204163 0 -0.10684575140476227 
vn -2.0682311115474694e-13 0 -1 
vn -2.0682311115474694e-13 0 -1 
vn -2.0682311115474694e-13 0 -1 
vn -2.0682311115474694e-13 0 -1 
vn -2.0682311115474694e-13 0 -1 
vn -2.0682311115474694e-13 0 -1 
vn -2.0682311115474694e-13 0 -1 
vn -2.0682311115474694e-13 0 -1 
vn 2.0682311115474694e-13 4.2775797696334704e-26 -1 
vn 2.0682311115474694e-13 4.2775797696334704e-26 -1 
vn 2.0682311115474694e-13 4.2775797696334704e-26 -1 
vn 2.0682311115474694e-13 4.2775797696334704e-26 -1 
vn -0.22096742689609528 0.003752737306058407 0.9752739667892456 
vn -0.22096742689609528 0.003752737306058407 0.9752739667892456 
vn -0.22096742689609528 0.003752737306058407 0.9752739667892456 
vn -0.22096742689609528 0.003752737306058407 0.9752739667892456 
vn -0.999997615814209 -2.0682260971124217e-13 0.002184694167226553 
vn -0.9652689099311829 -0.2612491250038147 -0.002184694167226553 
vn -0.999997615814209 -2.0682260971124217e-13 -0.002184694167226553 
vn -0.9652689099311829 -0.2612491250038147 0.002184694167226553 
vn -0.9652689099311829 -0.2612491250038147 0.002184694167226553 
vn -0.9652689099311829 -0.2612491250038147 0.002184694167226553 
vn -0.999997615814209 -2.0682260971124217e-13 0.002184694167226553 
vn -0.999997615814209 -2.0682260971124217e-13 0.002184694167226553 
vn -2.0682311115474694e-13 0 -1 
vn -2.0682311115474694e-13 0 -1 
vn -2.0682311115474694e-13 0 -1 
vn -2.0682311115474694e-13 0 -1 
vn -2.0682311115474694e-13 0 -1 
vn -2.0682311115474694e-13 0 -1 
vn -2.0682311115474694e-13 0 -1 
vn 0 0 1 
vn 0 0 1 
vn 0 0 1 
vn 0 0 1 
vn 0 0 1 
vn 0 0 1 
vn 0 0 1 
vn 0 0 1 
vn -0.999997615814209 -2.0682260971124217e-13 0.002184694167226553 
vn -0.999997615814209 -2.0682260971124217e-13 0.002184694167226553 
vn -0.999997615814209 -2.0682260971124217e-13 0.002184694167226553 
vn -0.999997615814209 -2.0682260971124217e-13 0.002184694167226553 
vn -2.0682311115474694e-13 0 -1 
vn -2.0682311115474694e-13 0 -1 
vn -2.0682311115474694e-13 0 -1 
vn -2.0682311115474694e-13 0 -1 
vn -2.0682311115474694e-13 0 -1 
vn -2.0682311115474694e-13 0 -1 
vn -2.0682311115474694e-13 0 -1 
vn -2.0682311115474694e-13 0 -1 
vn -0.9942756295204163 -2.0563917593491993e-13 0.10684575140476227 
vn -0.7057214975357056 0.7003864049911499 0.10684575140476227 
vn -0.7003864049911499 0.7057214975357056 0.10684575140476227 
vn -1.0281958796745996e-13 0.9942756295204163 0.10684575140476227 
vn -0.9942756295204163 -2.0563917593491993e-13 0.10684575140476227 
vn -0.7057214975357056 -0.7003864049911499 0.10684575140476227 
vn -0.7003864049911499 -0.7057214975357056 0.10684575140476227 
vn 3.089003120133882e-13 -0.9942756295204163 0.10684575140476227 
vn 3.089003120133882e-13 -0.9942756295204163 0.10684575140476227 
vn 0.7057214975357056 -0.7003864049911499 0.10684575140476227 
vn 0.7057214975357056 -0.7003864049911499 0.10684575140476227 
vn 0.9942756295204163 0 0.10684575140476227 
vn 0.9942756295204163 0 0.10684575140476227 
vn 0.7057214975357056 0.7003864049911499 0.10684575140476227 
vn 0.7057214975357056 0.7003864049911499 0.10684575140476227 
vn -1.0281958796745996e-13 0.9942756295204163 0.10684575140476227 
vn 0.9886130690574646 0.15046414732933044 0.002184694167226553 
vn 0.9886130690574646 0.15046414732933044 0.002184694167226553 
vn 0.9971474409103394 0.07544711232185364 0.002184694167226553 
vn 0.9971474409103394 0.07544711232185364 0.002184694167226553 
vn 0.999997615814209 0 0.002184694167226553 
vn 0.999997615814209 0 0.002184694167226553 
vn 0.999997615814209 0 -0.002184694167226553 
vn 0.999997615814209 0 -0.002184694167226553 
vn 0.999997615814209 0 0.002184694167226553 
vn 0.999997615814209 0 0.002184694167226553 
vn -0.999997615814209 -2.0682260971124217e-13 0.002184694167226553 
vn -0.999997615814209 -2.0682260971124217e-13 0.002184694167226553 
vn -0.999997615814209 -2.0682260971124217e-13 0.002184694167226553 
vn -0.999997615814209 -2.0682260971124217e-13 0.002184694167226553 
vn -0.999997615814209 -2.0682260971124217e-13 0.002184694167226553 
vn -0.999997615814209 -2.0682260971124217e-13 0.002184694167226553 
vn -0.999997615814209 -2.0682260971124217e-13 0.002184694167226553 
vn -0.999997615814209 -2.0682260971124217e-13 0.002184694167226553 
vn -0.9652689099311829 0.2612491250038147 0.002184694167226553 
vn -0.9652689099311829 0.2612491250038147 0.002184694167226553 
vn -0.9652689099311829 0.2612491250038147 0.002184694167226553 
vn -0.9652689099311829 0.2612491250038147 0.002184694167226553 
vn 0.9652689099311829 0.2612491250038147 0.002184694167226553 
vn 0.9652689099311829 0.2612491250038147 0.002184694167226553 
vn 0.9652689099311829 0.2612491250038147 0.002184694167226553 
vn 0.9652689099311829 0.2612491250038147 0.002184694167226553 
vn 0.0018770330352708697 0.29276028275489807 0.9561840295791626 
vn 0.0018770330352708697 0.29276028275489807 0.9561840295791626 
vn 0.0018770330352708697 0.29276028275489807 0.9561840295791626 
vn 0.0018770330352708697 0.29276028275489807 0.9561840295791626 
vn -0.8957543969154358 0.4445439279079437 0.002184694167226553 
vn -0.5237845182418823 0.8518480062484741 0.002184694167226553 
vn -0.8957543969154358 0.4445439279079437 0.002184694167226553 
vn -0.5237845182418823 0.8518480062484741 0.002184694167226553 
vn 0.5237845182418823 0.8518480062484741 0.002184694167226553 
vn 0.5237845182418823 0.8518480062484741 0.002184694167226553 
vn 0.8957543969154358 0.4445439279079437 0.002184694167226553 
vn 0.8957543969154358 0.4445439279079437 0.002184694167226553 
vn 0.8957543969154358 0.4445439279079437 0.002184694167226553 
vn 0.8957543969154358 0.4445439279079437 0.002184694167226553 
vn 0.5237845182418823 0.8518480062484741 0.002184694167226553 
vn 0.5237845182418823 0.8518480062484741 0.002184694167226553 
vn -0.5237845182418823 0.8518480062484741 0.002184694167226553 
vn -0.5237845182418823 0.8518480062484741 0.002184694167226553 
vn -0.8957543969154358 0.4445439279079437 0.002184694167226553 
vn -0.8957543969154358 0.4445439279079437 0.002184694167226553 
vn -2.0682311115474694e-13 0 -1 
vn -2.0682311115474694e-13 0 -1 
vn -2.0682311115474694e-13 0 -1 
vn -2.0682311115474694e-13 0 -1 
vn -2.0682311115474694e-13 0 -1 
vn 2.0682311115474694e-13 4.2775797696334704e-26 -1 
vn 2.0682311115474694e-13 4.2775797696334704e-26 -1 
vn 2.0682311115474694e-13 4.2775797696334704e-26 -1 
vn 0 0 1 
vn 0 0 1 
vn 0 0 1 
vn 0 0 1 
vn -2.0682311115474694e-13 0 -1 
vn -2.0682311115474694e-13 0 -1 
vn -2.0682311115474694e-13 0 -1 
vn -2.0682311115474694e-13 0 -1 
vn 2.0682311115474694e-13 4.2775797696334704e-26 -1 
vn 2.0682311115474694e-13 4.2775797696334704e-26 -1 
vn 2.0682311115474694e-13 4.2775797696334704e-26 -1 
vn 2.0682311115474694e-13 4.2775797696334704e-26 -1 
vn 0 0 1 
vn 0 0 1 
vn 0 0 1 
vn 0 0 1 
vn -0.5006305575370789 -1.0354196476993274e-13 0.865661084651947 
vn -0.5006305575370789 -1.0354196476993274e-13 0.865661084651947 
vn 0 0 1 
vn 0 0 1 
vn -0.8667527437210083 -1.7926449441627718e-13 0.4987381398677826 
vn -0.8667527437210083 -1.7926449441627718e-13 0.4987381398677826 
vn -0.999997615814209 -2.0682260971124217e-13 -0.002184694167226553 
vn -0.999997615814209 -2.0682260971124217e-13 0.002184694167226553 
vn -0.8667445182800293 0.0037766648456454277 -0.4987381398677826 
vn -0.8667445182800293 0.0037766648456454277 -0.4987381398677826 
vn -0.5006305575370789 -1.0354196476993274e-13 -0.865661084651947 
vn -0.5006305575370789 -1.0354196476993274e-13 -0.865661084651947 
vn 2.0682311115474694e-13 4.2775797696334704e-26 -1 
vn 2.0682311115474694e-13 4.2775797696334704e-26 -1 
vn 0.5006305575370789 0 0.865661084651947 
vn 0.5006305575370789 0 0.865661084651947 
vn 0.8667527437210083 0 0.4987381398677826 
vn 0.8667527437210083 0 0.4987381398677826 
vn 0.999997615814209 0 0.002184694167226553 
vn 0.999997615814209 0 -0.002184694167226553 
vn 0.8667527437210083 0 -0.4987381398677826 
vn 0.8667527437210083 0 -0.4987381398677826 
vn 0.5006305575370789 0 -0.865661084651947 
vn 0.5006305575370789 0 -0.865661084651947 
vn 2.0682311115474694e-13 4.2775797696334704e-26 -1 
vn 2.0682311115474694e-13 4.2775797696334704e-26 -1 
vn 0.7078787684440613 0 0.7063339352607727 
vn 0.7078787684440613 0 0.7063339352607727 
vn 0.924505352973938 0 0.3811691105365753 
vn 0.924505352973938 0 0.3811691105365753 
vn 0.924505352973938 0 -0.3811691105365753 
vn 0.924505352973938 0 -0.3811691105365753 
vn 0.7078787684440613 0 -0.7063339352607727 
vn 0.7078787684440613 0 -0.7063339352607727 
vn -0.999997615814209 -2.0682260971124217e-13 0.002184694167226553 
vn -0.999997615814209 -2.0682260971124217e-13 0.002184694167226553 
vn -0.999997615814209 -2.0682260971124217e-13 0.002184694167226553 
vn -0.999997615814209 -2.0682260971124217e-13 0.002184694167226553 
vn -0.999997615814209 -2.0682260971124217e-13 -0.002184694167226553 
vn -0.999997615814209 -2.0682260971124217e-13 -0.002184694167226553 
vn -0.999997615814209 -2.0682260971124217e-13 -0.002184694167226553 
vn -0.999997615814209 -2.0682260971124217e-13 0.002184694167226553 
vn 0.999997615814209 0 0.002184694167226553 
vn 0.999997615814209 0 0.002184694167226553 
vn 0.999997615814209 0 0.002184694167226553 
vn 0.999997615814209 0 0.002184694167226553 
vn -1.0341130485562108e-13 0.999997615814209 -0.002184694167226553 
vn -1.0341130485562108e-13 0.999997615814209 0.002184694167226553 
vn -1.0341130485562108e-13 0.999997615814209 -0.002184694167226553 
vn -1.0341130485562108e-13 0.999997615814209 0.002184694167226553 
vn -1.0341130485562108e-13 0.999997615814209 0.002184694167226553 
vn -1.0341130485562108e-13 0.999997615814209 0.002184694167226553 
vn -1.0341130485562108e-13 0.999997615814209 0.002184694167226553 
vn -1.0341130485562108e-13 0.999997615814209 0.002184694167226553 
vn -1.0341130485562108e-13 0.999997615814209 0.002184694167226553 
vn -1.0341130485562108e-13 0.999997615814209 0.002184694167226553 
vn -0.5401850938796997 0.7999579906463623 0.2612801790237427 
vn -0.3842308521270752 0.9165171384811401 -0.1111890971660614 
vn -0.5360751152038574 0.8027179837226868 -0.2612801790237427 
vn -0.2601274251937866 0.8005898594856262 -0.5398051738739014 
vn -0.3842308521270752 0.9165171384811401 0.1111890971660614 
vn -0.26514533162117004 0.7989420294761658 0.5398051738739014 
vn -0.11296436935663223 0.9158909320831299 0.3852050006389618 
vn 0.26156216859817505 0.8001222610473633 0.5398051738739014 
vn 0.11296436935663223 0.9158909320831299 0.3852050006389618 
vn 0.5401850938796997 0.7999579906463623 0.2612801790237427 
vn 0.38770973682403564 0.9150509238243103 0.1111890971660614 
vn 0.5392115116119385 0.8006145358085632 -0.2612801790237427 
vn 0.38770973682403564 0.9150509238243103 -0.1111890971660614 
vn 0.11296436935663223 0.9158909320831299 -0.3852050006389618 
vn 0.2601274251937866 0.8005898594856262 -0.5398051738739014 
vn -0.11296436935663223 0.9158909320831299 -0.3852050006389618 
vn -0.7078686952590942 0.0037756471429020166 -0.7063339352607727 
vn -0.9244976043701172 0.0037768674083054066 -0.3811691105365753 
vn -0.7078686952590942 0.0037756471429020166 -0.7063339352607727 
vn -0.9244976043701172 0.0037768674083054066 -0.3811691105365753 
vn -0.924505352973938 -1.9120906843538704e-13 0.3811691105365753 
vn -0.924505352973938 -1.9120906843538704e-13 0.3811691105365753 
vn -0.7078787684440613 -1.4640568759497624e-13 0.7063339352607727 
vn -0.7078787684440613 -1.4640568759497624e-13 0.7063339352607727 
vn 0 0 1 
vn 0 0 1 
vn 0 0 1 
vn 0 0 1 
vn 0 0 1 
vn 0 0 1 
vn 0 0 1 
vn 0 0 1 
vn -1.0341130485562108e-13 0.999997615814209 0.002184694167226553 
vn -1.0341130485562108e-13 0.999997615814209 0.002184694167226553 
vn -1.0341130485562108e-13 0.999997615814209 0.002184694167226553 
vn -1.0341130485562108e-13 0.999997615814209 0.002184694167226553 
vn 0 0 1 
vn 0 0 1 
vn 0 0 1 
vn 0 0 1 
vn -0.999997615814209 -2.0682260971124217e-13 -0.002184694167226553 
vn -0.999997615814209 -2.0682260971124217e-13 -0.002184694167226553 
vn -0.999997615814209 -2.0682260971124217e-13 -0.002184694167226553 
vn -0.999997615814209 -2.0682260971124217e-13 0.002184694167226553 
vn 0 0 1 
vn 0 0 1 
vn 0 0 1 
vn 0 0 1 
vn -2.0682311115474694e-13 0 -1 
vn -2.0682311115474694e-13 0 -1 
vn -2.0682311115474694e-13 0 -1 
vn -2.0682311115474694e-13 0 -1 
vn 3.097898456858039e-13 -0.999997615814209 0.002184694167226553 
vn 3.097898456858039e-13 -0.999997615814209 0.002184694167226553 
vn 3.097898456858039e-13 -0.999997615814209 0.002184694167226553 
vn 3.097898456858039e-13 -0.999997615814209 0.002184694167226553 
vn 3.097898456858039e-13 -0.999997615814209 0.002184694167226553 
vn 3.097898456858039e-13 -0.999997615814209 0.002184694167226553 
vn 3.097898456858039e-13 -0.999997615814209 0.002184694167226553 
vn 3.097898456858039e-13 -0.999997615814209 0.002184694167226553 
vn 3.097898456858039e-13 -0.999997615814209 0.002184694167226553 
vn 3.097898456858039e-13 -0.999997615814209 0.002184694167226553 
vn 3.097898456858039e-13 -0.999997615814209 0.002184694167226553 
vn 3.097898456858039e-13 -0.999997615814209 0.002184694167226553 
vn -0.999997615814209 -2.0682260971124217e-13 0.002184694167226553 
vn -0.999997615814209 -2.0682260971124217e-13 0.002184694167226553 
vn -0.999997615814209 -2.0682260971124217e-13 0.002184694167226553 
vn 0 0 1 
vn 0 0 1 
vn 0 0 1 
vn 0 0 1 
vn -1.0341130485562108e-13 0.999997615814209 0.002184694167226553 
vn -1.0341130485562108e-13 0.999997615814209 0.002184694167226553 
vn -1.0341130485562108e-13 0.999997615814209 0.002184694167226553 
vn -1.0341130485562108e-13 0.999997615814209 0.002184694167226553 
vn 0.999997615814209 0 0.002184694167226553 
vn 0.999997615814209 0 0.002184694167226553 
vn 0.999997615814209 0 0.002184694167226553 
vn 0.999997615814209 0 0.002184694167226553 
vn 0.999997615814209 0 -0.002184694167226553 
vn 0.999997615814209 0 0.002184694167226553 
vn 3.097898456858039e-13 -0.999997615814209 0.002184694167226553 
vn 3.097898456858039e-13 -0.999997615814209 0.002184694167226553 
vn 3.097898456858039e-13 -0.999997615814209 0.002184694167226553 
vn 3.097898456858039e-13 -0.999997615814209 0.002184694167226553 
vn -1.0341130485562108e-13 0.999997615814209 0.002184694167226553 
vn -1.0341130485562108e-13 0.999997615814209 0.002184694167226553 
vn -1.0341130485562108e-13 0.999997615814209 0.002184694167226553 
vn -1.0341130485562108e-13 0.999997615814209 0.002184694167226553 
vn -0.999997615814209 -2.0682260971124217e-13 0.002184694167226553 
vn -0.999997615814209 -2.0682260971124217e-13 -0.002184694167226553 
vn -0.999997615814209 -2.0682260971124217e-13 -0.002184694167226553 
vn -0.999997615814209 -2.0682260971124217e-13 -0.002184694167226553 
vn -0.999997615814209 -2.0682260971124217e-13 -0.002184694167226553 
vn -0.999997615814209 -2.0682260971124217e-13 0.002184694167226553 
vn -2.0682311115474694e-13 0 -1 
vn -2.0682311115474694e-13 0 -1 
vn -2.0682311115474694e-13 0 -1 
vn -2.0682311115474694e-13 0 -1 
vn -0.0018924816977232695 0.2927601933479309 -0.9561840295791626 
vn -0.0018924816977232695 0.2927601933479309 -0.9561840295791626 
vn -0.0018924816977232695 0.2927601933479309 -0.9561840295791626 
vn -0.0018924816977232695 0.2927601933479309 -0.9561840295791626 
vn -1.0341130485562108e-13 0.999997615814209 -0.002184694167226553 
vn -1.0341130485562108e-13 0.999997615814209 -0.002184694167226553 
vn -1.0341130485562108e-13 0.999997615814209 -0.002184694167226553 
vn -1.0341130485562108e-13 0.999997615814209 -0.002184694167226553 
vn -1.0341130485562108e-13 0.999997615814209 0.002184694167226553 
vn -1.0341130485562108e-13 0.999997615814209 0.002184694167226553 
vn -1.0341130485562108e-13 0.999997615814209 0.002184694167226553 
vn -1.0341130485562108e-13 0.999997615814209 0.002184694167226553 
vn 3.097898456858039e-13 -0.999997615814209 0.002184694167226553 
vn 3.097898456858039e-13 -0.999997615814209 0.002184694167226553 
vn 3.097898456858039e-13 -0.999997615814209 0.002184694167226553 
vn 3.097898456858039e-13 -0.999997615814209 0.002184694167226553 
vn -2.0682311115474694e-13 0 -1 
vn -2.0682311115474694e-13 0 -1 
vn -2.0682311115474694e-13 0 -1 
vn -2.0682311115474694e-13 0 -1 
vn 0.999997615814209 0 0.002184694167226553 
vn 0.999997615814209 0 0.002184694167226553 
vn 0.999997615814209 0 0.002184694167226553 
vn 0.999997615814209 0 0.002184694167226553 
vn 0 0 1 
vn 0 0 1 
vn 0 0 1 
vn 0 0 1 
vn 0 0 1 
vn 0 0 1 
vn 0 0 1 
vn 0 0 1 
vn 0 0 1 
vn 0 0 1 
vn 0 0 1 
vn 0 0 1 
vn -0.30940940976142883 0.0037824385799467564 -0.9509214162826538 
vn 0.8097867965698242 0 -0.5867242813110352 
vn -0.30940940976142883 0.0037824385799467564 -0.9509214162826538 
vn 0.8097867965698242 0 -0.5867242813110352 
vn 0.8097867965698242 0 0.5867242813110352 
vn 0.8097867965698242 0 0.5867242813110352 
vn -0.3094097673892975 0.0037532320711761713 0.9509214162826538 
vn -0.3094097673892975 0.0037532320711761713 0.9509214162826538 
vn -0.999997615814209 -2.0682260971124217e-13 -0.002184694167226553 
vn -0.999997615814209 -2.0682260971124217e-13 0.002184694167226553 
vn -0.30940940976142883 0.0037824385799467564 -0.9509214162826538 
vn -0.30940940976142883 0.0037824385799467564 -0.9509214162826538 
vn -1.0341130485562108e-13 0.999997615814209 0.002184694167226553 
vn -1.0341130485562108e-13 0.999997615814209 -0.002184694167226553 
vn -1.0341130485562108e-13 0.999997615814209 -0.002184694167226553 
vn -1.0341130485562108e-13 0.999997615814209 -0.002184694167226553 
vn -1.0341130485562108e-13 0.999997615814209 -0.002184694167226553 
vn -0.999997615814209 -2.0682260971124217e-13 0.002184694167226553 
vn -0.7071051001548767 0.7071051001548767 0.002184694167226553 
vn -0.999997615814209 -2.0682260971124217e-13 0.002184694167226553 
vn -0.7071051001548767 0.7071051001548767 0.002184694167226553 
vn 0.7071051001548767 0.7071051001548767 0.002184694167226553 
vn 0.7071051001548767 0.7071051001548767 0.002184694167226553 
vn 0.7071051001548767 -0.7071051001548767 0.002184694167226553 
vn 0.7071051001548767 -0.7071051001548767 0.002184694167226553 
vn 3.097898456858039e-13 -0.999997615814209 0.002184694167226553 
vn 3.097898456858039e-13 -0.999997615814209 0.002184694167226553 
vn -0.999997615814209 -2.0682260971124217e-13 0.002184694167226553 
vn -0.7071051001548767 0.7071051001548767 0.002184694167226553 
vn -0.999997615814209 -2.0682260971124217e-13 0.002184694167226553 
vn -0.7071051001548767 0.7071051001548767 0.002184694167226553 
vn 0.7071051001548767 0.7071051001548767 0.002184694167226553 
vn 0.7071051001548767 0.7071051001548767 0.002184694167226553 
vn 0.7071051001548767 -0.7071051001548767 0.002184694167226553 
vn 0.7071051001548767 -0.7071051001548767 0.002184694167226553 
vn 3.097898456858039e-13 -0.999997615814209 0.002184694167226553 
vn 3.097898456858039e-13 -0.999997615814209 0.002184694167226553 
vn -2.0682311115474694e-13 0 -1 
vn -2.0682311115474694e-13 0 -1 
vn -2.0682311115474694e-13 0 -1 
vn -2.0682311115474694e-13 0 -1 
vn 2.0682311115474694e-13 4.2775797696334704e-26 -1 
vn 2.0682311115474694e-13 4.2775797696334704e-26 -1 
vn 2.0682311115474694e-13 4.2775797696334704e-26 -1 
vn 2.0682311115474694e-13 4.2775797696334704e-26 -1 
vn -0.999997615814209 -2.0682260971124217e-13 0.002184694167226553 
vn -0.7071051001548767 0.7071051001548767 0.002184694167226553 
vn -0.999997615814209 -2.0682260971124217e-13 0.002184694167226553 
vn -0.7071051001548767 0.7071051001548767 0.002184694167226553 
vn 0.7071051001548767 0.7071051001548767 0.002184694167226553 
vn 0.7071051001548767 0.7071051001548767 0.002184694167226553 
vn 0.7071051001548767 -0.7071051001548767 0.002184694167226553 
vn 0.7071051001548767 -0.7071051001548767 0.002184694167226553 
vn 3.097898456858039e-13 -0.999997615814209 0.002184694167226553 
vn 3.097898456858039e-13 -0.999997615814209 0.002184694167226553 
vn -2.0682311115474694e-13 0 -1 
vn -2.0682311115474694e-13 0 -1 
vn -2.0682311115474694e-13 0 -1 
vn -2.0682311115474694e-13 0 -1 
vn -0.999997615814209 -2.0682260971124217e-13 0.002184694167226553 
vn -0.7071051001548767 0.7071051001548767 0.002184694167226553 
vn -0.999997615814209 -2.0682260971124217e-13 0.002184694167226553 
vn -0.7071051001548767 0.7071051001548767 0.002184694167226553 
vn 0.7071051001548767 0.7071051001548767 0.002184694167226553 
vn 0.7071051001548767 0.7071051001548767 0.002184694167226553 
vn 0.7071051001548767 -0.7071051001548767 0.002184694167226553 
vn 0.7071051001548767 -0.7071051001548767 0.002184694167226553 
vn 3.097898456858039e-13 -0.999997615814209 0.002184694167226553 
vn 3.097898456858039e-13 -0.999997615814209 0.002184694167226553 
vn 2.0682311115474694e-13 4.2775797696334704e-26 -1 
vn 2.0682311115474694e-13 4.2775797696334704e-26 -1 
vn 2.0682311115474694e-13 4.2775797696334704e-26 -1 
vn 2.0682311115474694e-13 4.2775797696334704e-26 -1 
vn -0.999997615814209 -2.0682260971124217e-13 0.002184694167226553 
vn -0.999997615814209 -2.0682260971124217e-13 0.002184694167226553 
vn -0.999997615814209 -2.0682260971124217e-13 0.002184694167226553 
vn -0.999997615814209 -2.0682260971124217e-13 0.002184694167226553 
vn 2.0682311115474694e-13 4.2775797696334704e-26 -1 
vn 2.0682311115474694e-13 4.2775797696334704e-26 -1 
vn 2.0682311115474694e-13 4.2775797696334704e-26 -1 
vn 2.0682311115474694e-13 4.2775797696334704e-26 -1 
vn -1.0341130485562108e-13 0.999997615814209 0.002184694167226553 
vn -1.0341130485562108e-13 0.999997615814209 0.002184694167226553 
vn -1.0341130485562108e-13 0.999997615814209 0.002184694167226553 
vn -1.0341130485562108e-13 0.999997615814209 0.002184694167226553 
vn -1.0341130485562108e-13 0.999997615814209 0.002184694167226553 
vn -1.0341130485562108e-13 0.999997615814209 0.002184694167226553 
vn -1.0341130485562108e-13 0.999997615814209 0.002184694167226553 
vn -1.0341130485562108e-13 0.999997615814209 0.002184694167226553 
vn -1.0341130485562108e-13 0.999997615814209 0.002184694167226553 
vn -1.0341130485562108e-13 0.999997615814209 0.002184694167226553 
vn -1.0341130485562108e-13 0.999997615814209 0.002184694167226553 
vn -1.0341130485562108e-13 0.999997615814209 0.002184694167226553 
vn -2.0682311115474694e-13 0 -1 
vn -0.001891275984235108 0.5670930743217468 -0.8236515522003174 
vn -2.0682311115474694e-13 0 -1 
vn -0.001891275984235108 0.5670930743217468 -0.8236515522003174 
vn -1.0341130485562108e-13 0.999997615814209 -0.002184694167226553 
vn -1.0341130485562108e-13 0.999997615814209 -0.002184694167226553 
vn 0.0018832790665328503 0.5670930743217468 0.8236515522003174 
vn 0.0018832790665328503 0.5670930743217468 0.8236515522003174 
vn 0 0 1 
vn 0 0 1 
vn 0.9868476390838623 -0.0980260893702507 0.12854042649269104 
vn 0.9698305130004883 -0.14290690422058105 0.1975002884864807 
vn -0.0018870257772505283 -0.9502412676811218 -0.31150925159454346 
vn -0.016993075609207153 -0.989160418510437 -0.1458524912595749 
vn -0.9827784299850464 0.007549022324383259 -0.18463370203971863 
vn -0.9891261458396912 0.018880976364016533 -0.1458524912595749 
vn 0.05467754602432251 0.9796317219734192 0.19321508705615997 
vn 0.01697595976293087 0.9473325610160828 0.3198012113571167 
vn 0.9868476390838623 -0.0980260893702507 0.12854042649269104 
vn 0.9698305130004883 -0.14290690422058105 0.1975002884864807 
vn 0.21891316771507263 0.9518522620201111 -0.21460255980491638 
vn 0.8945147395133972 -0.17985281348228455 0.40926313400268555 
vn 0.8945147395133972 -0.17985281348228455 0.40926313400268555 
vn -0.1391119360923767 -0.9386201500892639 0.31565824151039124 
vn -0.36866295337677 -0.5631924271583557 0.7395281791687012 
vn 0.7940927147865295 -0.00753713259473443 0.607749879360199 
vn -0.5304244756698608 -0.1414770781993866 0.8358433246612549 
vn 0.758998692035675 0.19394387304782867 0.6215357780456543 
vn -0.5947584509849548 0.07148615270853043 0.8007197380065918 
vn 0.7570094466209412 0.28756090998649597 0.5867242813110352 
vn -0.6182308197021484 0.1786699742078781 0.7654199600219727 
vn 0.7589941620826721 0.3230617940425873 0.5652954578399658 
vn -0.6294887065887451 0.22911515831947327 0.7424622178077698 
vn 0.7608901262283325 0.3371182084083557 0.5544344186782837 
vn -0.6330094337463379 0.26423999667167664 0.7276512384414673 
vn 0.7635030150413513 0.3371801972389221 0.5507928133010864 
vn -0.6373297572135925 0.278259813785553 0.7185974717140198 
vn 0.7635030150413513 0.3371801972389221 0.5507928133010864 
vn -0.6394740343093872 0.2888369560241699 0.7124928832054138 
vn 0.7665200233459473 0.33026403188705444 0.5507928133010864 
vn -0.6394740343093872 0.2888369560241699 0.7124928832054138 
vn 0.7697771787643433 0.3162998855113983 0.5544344186782837 
vn -0.6394740343093872 0.2888369560241699 0.7124928832054138 
vn 0.7701917886734009 0.30218151211738586 0.5616858005523682 
vn -0.6405959129333496 0.278607577085495 0.715552031993866 
vn 0.770347535610199 0.28796520829200745 0.5688942670822144 
vn -0.6411938667297363 0.26100143790245056 0.7216291427612305 
vn 0.7751572728157043 0.25939711928367615 0.5760593414306641 
vn -0.6413718461990356 0.24324026703834534 0.7276512384414673 
vn 0.776305615901947 0.2304435521364212 0.5867242813110352 
vn -0.641359269618988 0.2147282361984253 0.736579954624176 
vn 0.7781623601913452 0.19419044256210327 0.5972883701324463 
vn -0.64226895570755 0.1785946935415268 0.7453821301460266 
vn 0.7798638939857483 0.14984123408794403 0.607749879360199 
vn 0.7817217707633972 0.08279412239789963 0.6181069612503052 
vn -0.6476890444755554 0.1273917406797409 0.7511792182922363 
vn 0.780626118183136 0.007546109613031149 0.6249527335166931 
vn -0.6536816954612732 0.06402666121721268 0.7540562748908997 
vn 0.7799896001815796 -0.09777553379535675 0.6181069612503052 
vn -0.6631066203117371 -0.0188406091183424 0.7482877969741821 
vn 0.7729948163032532 -0.22339710593223572 0.5937783122062683 
vn -0.6753803491592407 -0.11993789672851562 0.7276512384414673 
vn 0.7586602568626404 -0.3647533655166626 0.5398051738739014 
vn -0.6946893334388733 -0.2403739094734192 0.677958071231842 
vn 0.73592609167099 -0.5104408264160156 0.44481781125068665 
vn -0.7183398604393005 -0.3566993176937103 0.5972883701324463 
vn 0.7077648043632507 -0.6278001666069031 0.3239381015300751 
vn -0.7422547936439514 -0.45175886154174805 0.4949462115764618 
vn 0.6728020310401917 -0.714146614074707 0.19321508705615997 
vn -0.7588146328926086 -0.5251832604408264 0.3852050006389618 
vn 0.6484783291816711 -0.7578173279762268 0.07203252613544464 
vn -0.7778800129890442 -0.5614330172538757 0.28230419754981995 
vn 0.622394859790802 -0.7821881175041199 -0.028397228568792343 
vn -0.7902090549468994 -0.5815819501876831 0.19321508705615997 
vn 0.6026127934455872 -0.7902498245239258 -0.1111890971660614 
vn -0.8009740114212036 -0.5856735110282898 0.1242060661315918 
vn 0.5899380445480347 -0.7933605313301086 -0.15017375349998474 
vn -0.8072202205657959 -0.5827489495277405 0.09380380809307098 
vn -0.5851553678512573 0.7976968288421631 0.1458524912595749 
vn -0.5813883543014526 0.8059929013252258 0.1111890971660614 
vn 0.7828478217124939 0.6163661479949951 -0.08510008454322815 
vn -0.9515981078147888 -0.08672859519720078 -0.2948545813560486 
vn -0.592491090297699 0.8052185773849487 0.024029340595006943 
vn -0.6089218854904175 0.7886521220207214 -0.08510008454322815 
vn -0.6302176713943481 0.7461711764335632 -0.21460255980491638 
vn -0.6585584282875061 0.6625646352767944 -0.3568037748336792 
vn -0.6910396814346313 0.5338255167007446 -0.48733407258987427 
vn -0.7157538533210754 0.3841836452484131 -0.5831804275512695 
vn -0.7371265888214111 0.23076380789279938 -0.6351318359375 
vn -0.7515033483505249 0.10163475573062897 -0.651853621006012 
vn -0.7611764073371887 -0.003777765901759267 -0.6485338807106018 
vn -0.7642865777015686 -0.09045927971601486 -0.6385006904602051 
vn -0.766792356967926 -0.14650429785251617 -0.6249527335166931 
vn -0.7699259519577026 -0.19456127285957336 -0.607749879360199 
vn -0.7696724534034729 -0.2345881164073944 -0.5937783122062683 
vn -0.7672895789146423 -0.2667720913887024 -0.5831804275512695 
vn -0.7675591111183167 -0.2883002758026123 -0.5724822878837585 
vn -0.7672318816184998 -0.30961960554122925 -0.5616858005523682 
vn -0.7695988416671753 -0.31673353910446167 -0.5544344186782837 
vn -0.7663263082504272 -0.33071330189704895 -0.5507928133010864 
vn -0.7684816718101501 -0.3377387225627899 -0.5434780716896057 
vn -0.7684816718101501 -0.3377387225627899 -0.5434780716896057 
vn -0.7740492820739746 -0.33084455132484436 -0.5398051738739014 
vn -0.7798635363578796 -0.3168962895870209 -0.5398051738739014 
vn -0.7932326793670654 -0.2887130677700043 -0.5361219048500061 
vn -0.8196242451667786 -0.2456713318824768 -0.5175535082817078 
vn -0.8911199569702148 -0.16883762180805206 -0.42118772864341736 
vn 0.43952587246894836 0.4836225211620331 -0.7569189071655273 
vn 0.7940927147865295 -0.00753713259473443 0.607749879360199 
vn 0.758998692035675 0.19394387304782867 0.6215357780456543 
vn 0.5739889740943909 0.11272775381803513 -0.8110666871070862 
vn 0.6117525696754456 -0.07545248419046402 -0.7874425053596497 
vn 0.6271357536315918 -0.17162364721298218 -0.7597671151161194 
vn 0.6328176856040955 -0.2294337898492813 -0.7395281791687012 
vn 0.6355261206626892 -0.25812840461730957 -0.7276512384414673 
vn 0.6369327306747437 -0.2791673541069031 -0.7185974717140198 
vn 0.6373437643051147 -0.28596892952919006 -0.715552031993866 
vn 0.6342139840126038 -0.2928445637226105 -0.715552031993866 
vn 0.6338604688644409 -0.28607454895973206 -0.7185974717140198 
vn 0.6336516737937927 -0.2788133919239044 -0.7216291427612305 
vn 0.6326421499252319 -0.2651180624961853 -0.7276512384414673 
vn 0.6308385729789734 -0.24391114711761475 -0.736579954624176 
vn 0.6250715851783752 -0.22215048968791962 -0.7482877969741821 
vn 0.6251002550125122 -0.1788954734802246 -0.7597671151161194 
vn 0.6223192811012268 -0.13511338829994202 -0.7710143327713013 
vn 0.6195356845855713 -0.06790300458669662 -0.7820260524749756 
vn 0.6228331923484802 0.022674350067973137 -0.7820260524749756 
vn 0.625768780708313 0.1350725293159485 -0.7682244777679443 
vn 0.639583170413971 0.264924019575119 -0.7216291427612305 
vn 0.6601261496543884 0.39566439390182495 -0.6385006904602051 
vn 0.6876616477966309 0.5014826655387878 -0.5250110030174255 
vn 0.714439868927002 0.5731968879699707 -0.401274174451828 
vn 0.7414305210113525 0.60679692029953 -0.2864931523799896 
vn 0.7643998861312866 0.6151103377342224 -0.19321508705615997 
vn 0.7785428762435913 0.6160376071929932 -0.11986933648586273 
vn 0.6026127934455872 -0.7902498245239258 -0.1111890971660614 
vn 0.5899380445480347 -0.7933605313301086 -0.15017375349998474 
vn 0.622394859790802 -0.7821881175041199 -0.028397228568792343 
vn 0.6484783291816711 -0.7578173279762268 0.07203252613544464 
vn 0.6728020310401917 -0.714146614074707 0.19321508705615997 
vn 0.7077648043632507 -0.6278001666069031 0.3239381015300751 
vn 0.73592609167099 -0.5104408264160156 0.44481781125068665 
vn 0.7586602568626404 -0.3647533655166626 0.5398051738739014 
vn 0.7729948163032532 -0.22339710593223572 0.5937783122062683 
vn 0.7799896001815796 -0.09777553379535675 0.6181069612503052 
vn 0.780626118183136 0.007546109613031149 0.6249527335166931 
vn 0.7817217707633972 0.08279412239789963 0.6181069612503052 
vn 0.7798638939857483 0.14984123408794403 0.607749879360199 
vn 0.7781623601913452 0.19419044256210327 0.5972883701324463 
vn 0.776305615901947 0.2304435521364212 0.5867242813110352 
vn 0.7751572728157043 0.25939711928367615 0.5760593414306641 
vn 0.770347535610199 0.28796520829200745 0.5688942670822144 
vn 0.7701917886734009 0.30218151211738586 0.5616858005523682 
vn 0.7697771787643433 0.3162998855113983 0.5544344186782837 
vn 0.7665200233459473 0.33026403188705444 0.5507928133010864 
vn 0.7635030150413513 0.3371801972389221 0.5507928133010864 
vn 0.7635030150413513 0.3371801972389221 0.5507928133010864 
vn 0.7608901262283325 0.3371182084083557 0.5544344186782837 
vn 0.7589941620826721 0.3230617940425873 0.5652954578399658 
vn 0.7570094466209412 0.28756090998649597 0.5867242813110352 
vn -0.02453974261879921 -0.9984363317489624 0.05022686347365379 
vn 0.9688509106636047 -0.0753985121846199 0.23588760197162628 
vn -0.06224305182695389 -0.9676821827888489 0.24437066912651062 
vn 0.9486249685287476 -0.09046778082847595 0.30319350957870483 
vn -0.20487409830093384 -0.7476078271865845 0.6317508816719055 
vn 0.8925219178199768 -0.045263588428497314 0.4487268626689911 
vn -0.3573351800441742 -0.35600441694259644 0.8634653687477112 
vn 0.8508710861206055 0.09031470119953156 0.5175535082817078 
vn -0.44910597801208496 -0.037611715495586395 0.8926864862442017 
vn 0.8406772613525391 0.2018287479877472 0.5025205612182617 
vn -0.48602017760276794 0.14841628074645996 0.8612531423568726 
vn 0.8423380851745605 0.2530550956726074 0.4758462607860565 
vn -0.5071995258331299 0.23708821833133698 0.8285757899284363 
vn 0.8464508652687073 0.2674894630908966 0.46040233969688416 
vn -0.5112106800079346 0.29152441024780273 0.8085030317306519 
vn 0.8506964445114136 0.2672901451587677 0.45262736082077026 
vn -0.5173534154891968 0.30885326862335205 0.7980946898460388 
vn 0.8549135327339172 0.2603210210800171 0.4487268626689911 
vn -0.5194010138511658 0.3122097849845886 0.7954543828964233 
vn 0.8550952672958374 0.2528647482395172 0.45262736082077026 
vn -0.519097089767456 0.29897505044937134 0.8007197380065918 
vn 0.8591527342796326 0.23118557035923004 0.456519216299057 
vn -0.5176069140434265 0.2647905647754669 0.8136147856712341 
vn 0.8640793561935425 0.19445815682411194 0.4642767012119293 
vn -0.521989643573761 0.202457457780838 0.8285757899284363 
vn 0.8665999174118042 0.1502496302127838 0.4758462607860565 
vn -0.525359570980072 0.1157732903957367 0.8429672718048096 
vn 0.8735219240188599 0.08283727616071701 0.4796847105026245 
vn -0.5302443504333496 -0.018809370696544647 0.8476362228393555 
vn 0.8794960975646973 -0.007549415808171034 0.4758462607860565 
vn -0.5370433926582336 -0.2132786512374878 0.8161473870277405 
vn 0.8875010013580322 -0.12032892554998398 0.44481781125068665 
vn -0.5494330525398254 -0.4364369213581085 0.7124928832054138 
vn 0.8905076384544373 -0.2604048550128937 0.37307560443878174 
vn 0.8841343522071838 -0.3815304636955261 0.26970529556274414 
vn -0.5548650026321411 -0.6361588835716248 0.5361219048500061 
vn 0.8750271797180176 -0.4572828412055969 0.15880759060382843 
vn -0.5523729920387268 -0.7609180808067322 0.34042292833328247 
vn 0.8616748452186584 -0.5040248036384583 0.058952588587999344 
vn -0.552619218826294 -0.816443145275116 0.16742929816246033 
vn 0.8556811809539795 -0.5172773003578186 -0.0152922747656703 
vn -0.5550916790962219 -0.8307533860206604 0.04149730131030083 
vn 0.8504276275634766 -0.5236889719963074 -0.05022686347365379 
vn -0.5555371046066284 -0.8314200043678284 -0.010923261754214764 
vn -0.8279207944869995 0.5585914254188538 0.05022686347365379 
vn -0.8271536231040955 0.5617678165435791 0.0152922747656703 
vn 0.5301418900489807 0.8477710485458374 0.0152922747656703 
vn -0.824294924736023 0.5615596175193787 -0.07203252613544464 
vn -0.8220431208610535 0.535642683506012 -0.19321508705615997 
vn -0.8242424130439758 0.4555426836013794 -0.3363112509250641 
vn -0.8281862139701843 0.3139342963695526 -0.4642767012119293 
vn -0.8353831171989441 0.1502835601568222 -0.528724730014801 
vn -0.8441067337989807 0.007555300369858742 -0.5361219048500061 
vn -0.8485738635063171 -0.09045431762933731 -0.5212872624397278 
vn -0.8507291078567505 -0.15405549108982086 -0.5025205612182617 
vn -0.8516772389411926 -0.2021387666463852 -0.4835140109062195 
vn -0.8537873029708862 -0.22779406607151031 -0.46814218163490295 
vn -0.8528959155082703 -0.2532958388328552 -0.456519216299057 
vn -0.8557780981063843 -0.26416078209877014 -0.44481781125068665 
vn -0.8578389883041382 -0.2640439569950104 -0.4409002661705017 
vn -0.8629035949707031 -0.2605259418487549 -0.43303996324539185 
vn -0.8720455765724182 -0.24246011674404144 -0.42514660954475403 
vn -0.8871400952339172 -0.2132747918367386 -0.40926313400268555 
vn -0.9164861440658569 -0.17267660796642303 -0.36088213324546814 
vn -0.9464172124862671 -0.13173922896385193 -0.2948545813560486 
vn -0.9662219285964966 -0.06790123134851456 -0.24860523641109467 
vn -0.9741964936256409 -0.03397770971059799 -0.22312943637371063 
vn 0.10364551842212677 0.9692630767822266 -0.22312943637371063 
vn 0.030177012085914612 0.9986827969551086 -0.04149730131030083 
vn 0.9688509106636047 -0.0753985121846199 0.23588760197162628 
vn 0.9486249685287476 -0.09046778082847595 0.30319350957870483 
vn 0.26686641573905945 0.7479454278945923 -0.607749879360199 
vn 0.8925219178199768 -0.045263588428497314 0.4487268626689911 
vn 0.4064462184906006 0.34104886651039124 -0.8476362228393555 
vn 0.4729597568511963 0.03021046705543995 -0.8805659413337708 
vn 0.4976004660129547 -0.1489717960357666 -0.8545181155204773 
vn 0.5090870261192322 -0.2415648102760315 -0.8261215686798096 
vn 0.5124608874320984 -0.28932103514671326 -0.8085030317306519 
vn 0.5130220651626587 -0.30928346514701843 -0.8007197380065918 
vn 0.5090791583061218 -0.31573137640953064 -0.8007197380065918 
vn 0.5088815689086914 -0.30253279209136963 -0.8059239983558655 
vn 0.5034147500991821 -0.26881271600723267 -0.8211658596992493 
vn 0.5007737874984741 -0.20640407502651215 -0.8406086564064026 
vn 0.49382442235946655 -0.11991847306489944 -0.8612531423568726 
vn 0.4848943054676056 0.022696560248732567 -0.87427818775177 
vn 0.4796619415283203 0.22679787874221802 -0.8476362228393555 
vn 0.47801899909973145 0.46465393900871277 -0.7453821301460266 
vn 0.4875262379646301 0.6684513688087463 -0.5616858005523682 
vn 0.5044478178024292 0.7881129384040833 -0.3527185618877411 
vn 0.5163439512252808 0.838985025882721 -0.17173540592193604 
vn 0.5297471880912781 0.847139835357666 -0.04149730131030083 
vn 0.8556811809539795 -0.5172773003578186 -0.0152922747656703 
vn 0.8504276275634766 -0.5236889719963074 -0.05022686347365379 
vn 0.8616748452186584 -0.5040248036384583 0.058952588587999344 
vn 0.8750271797180176 -0.4572828412055969 0.15880759060382843 
vn 0.8841343522071838 -0.3815304636955261 0.26970529556274414 
vn 0.8905076384544373 -0.2604048550128937 0.37307560443878174 
vn 0.8875010013580322 -0.12032892554998398 0.44481781125068665 
vn 0.8794960975646973 -0.007549415808171034 0.4758462607860565 
vn 0.8735219240188599 0.08283727616071701 0.4796847105026245 
vn 0.8665999174118042 0.1502496302127838 0.4758462607860565 
vn 0.8640793561935425 0.19445815682411194 0.4642767012119293 
vn 0.8591527342796326 0.23118557035923004 0.456519216299057 
vn 0.8550952672958374 0.2528647482395172 0.45262736082077026 
vn 0.8549135327339172 0.2603210210800171 0.4487268626689911 
vn 0.8506964445114136 0.2672901451587677 0.45262736082077026 
vn 0.8464508652687073 0.2674894630908966 0.46040233969688416 
vn 0.8423380851745605 0.2530550956726074 0.4758462607860565 
vn 0.8406772613525391 0.2018287479877472 0.5025205612182617 
vn 0.8508710861206055 0.09031470119953156 0.5175535082817078 
vn 0.9752309322357178 -0.1280740648508072 -0.18033768236637115 
vn 0.9750124216079712 -0.1355038285255432 -0.1760382205247879 
vn 0.041458092629909515 -0.8847193717956543 0.4642767012119293 
vn 0.0678134486079216 -0.79915452003479 0.5972883701324463 
vn 0.9775316715240479 -0.1280595362186432 -0.16742929816246033 
vn 0.14167550206184387 -0.5675376057624817 0.8110666871070862 
vn 0.19858112931251526 -0.298888623714447 0.933397650718689 
vn 0.978710949420929 -0.10552441328763962 -0.1760382205247879 
vn 0.22834600508213043 -0.08089470118284225 0.9702134728431702 
vn 0.9782492518424988 -0.07547423243522644 -0.19321508705615997 
vn 0.23918697237968445 0.05954992026090622 0.9691457152366638 
vn 0.976578950881958 -0.04531681165099144 -0.2103329300880432 
vn 0.24358537793159485 0.12980006635189056 0.961154580116272 
vn 0.9737752676010132 -0.007553744595497847 -0.22738653421401978 
vn 0.24640300869941711 0.15022383630275726 0.9574540853500366 
vn 0.9686239957809448 0.04528234526515007 -0.24437066912651062 
vn 0.2606411576271057 0.10287144780158997 0.9599394202232361 
vn 0.9555739760398865 0.12802574038505554 -0.26549527049064636 
vn 0.2965603172779083 -0.015039837919175625 0.9548956751823425 
vn 0.9258424639701843 0.24644966423511505 -0.2864931523799896 
vn 0.37331733107566833 -0.21553485095500946 0.9023185968399048 
vn 0.8682826161384583 0.41634637117385864 -0.26970529556274414 
vn 0.487178236246109 -0.44051846861839294 0.7540562748908997 
vn 0.7834773063659668 0.5972188115119934 -0.17173540592193604 
vn 0.7016646265983582 0.7123432755470276 -0.0152922747656703 
vn 0.5938624143600464 -0.6031976342201233 0.5324283838272095 
vn 0.6505935192108154 0.7518723607063293 0.10684575140476227 
vn 0.6691348552703857 -0.6784778833389282 0.30319350957870483 
vn 0.6755573153495789 0.7209399938583374 0.15449213981628418 
vn 0.724452555179596 -0.6604257225990295 0.1975002884864807 
vn -0.020762857049703598 0.8854467868804932 -0.4642767012119293 
vn -0.07357779145240784 0.8012574911117554 -0.5937783122062683 
vn -0.9714213013648987 0.02641277387738228 0.23588760197162628 
vn -0.6650846004486084 0.7224744558334351 -0.18892620503902435 
vn -0.645666241645813 0.6990339159965515 -0.30735430121421814 
vn 0.724452555179596 -0.6604257225990295 0.1975002884864807 
vn -0.6755573153495789 -0.7209399938583374 -0.15449213981628418 
vn 0.6691348552703857 -0.6784778833389282 0.30319350957870483 
vn -0.7266085743904114 -0.6732129454612732 -0.1372016966342926 
vn 0.5938624143600464 -0.6031976342201233 0.5324283838272095 
vn -0.7739027142524719 -0.6313096284866333 -0.05022686347365379 
vn 0.487178236246109 -0.44051846861839294 0.7540562748908997 
vn -0.5365771651268005 0.6486103534698486 -0.5398051738739014 
vn -0.40335309505462646 0.49279123544692993 -0.7710143327713013 
vn -0.2902691960334778 0.2501535713672638 -0.9236704111099243 
vn -0.23502041399478912 0.037605926394462585 -0.9712626934051514 
vn -0.21804305911064148 -0.09542550891637802 -0.9712626934051514 
vn -0.2191305160522461 -0.14613431692123413 -0.9646899104118347 
vn -0.22220684587955475 -0.13339261710643768 -0.9658315181732178 
vn -0.22596116364002228 -0.0598929338157177 -0.9722933769226074 
vn -0.2216104120016098 0.07439374923706055 -0.9722933769226074 
vn -0.19453555345535278 0.2966681718826294 -0.9349566102027893 
vn -0.14591152966022491 0.5664633512496948 -0.8110666871070862 
vn -0.9660348296165466 0.026396896690130234 0.25706008076667786 
vn 0.0678134486079216 -0.79915452003479 0.5972883701324463 
vn 0.041458092629909515 -0.8847193717956543 0.4642767012119293 
vn 0.14167550206184387 -0.5675376057624817 0.8110666871070862 
vn -0.9570133686065674 0.04524488374590874 0.2864931523799896 
vn -0.9556777477264404 0.06783577054738998 0.2864931523799896 
vn -0.9605502486228943 0.06784043461084366 0.26970529556274414 
vn -0.9662644863128662 0.04906436800956726 0.25283506512641907 
vn 0.23918697237968445 0.05954992026090622 0.9691457152366638 
vn 0.24358537793159485 0.12980006635189056 0.961154580116272 
vn -0.9696745276451111 0.003774892073124647 0.24437066912651062 
vn -0.9693025946617126 -0.05281474068760872 0.2401314377784729 
vn 0.19858112931251526 -0.298888623714447 0.933397650718689 
vn 0.22834600508213043 -0.08089470118284225 0.9702134728431702 
vn 0.24640300869941711 0.15022383630275726 0.9574540853500366 
vn -0.9643557071685791 -0.12791123986244202 0.23163928091526031 
vn -0.9460541009902954 -0.24274954199790955 0.21460255980491638 
vn -0.9103396534919739 -0.3821803629398346 0.15880759060382843 
vn -0.8478095531463623 -0.5265076756477356 0.0633138045668602 
vn 0.37331733107566833 -0.21553485095500946 0.9023185968399048 
vn 0.2965603172779083 -0.015039837919175625 0.9548956751823425 
vn 0.2606411576271057 0.10287144780158997 0.9599394202232361 
vn 0.8819191455841064 0.4713956117630005 0.002184694167226553 
vn 0.6243215799331665 0.3401238024234772 0.7032341957092285 
vn 0.8819191455841064 0.4713956117630005 0.002184694167226553 
vn 0.6177681088447571 0.332740843296051 0.7124928832054138 
vn 0.006694211158901453 0.005617110058665276 0.999961793422699 
vn -0.008211665786802769 -0.0029888020362704992 0.999961793422699 
vn -0.6195460557937622 -0.32941848039627075 0.7124928832054138 
vn -0.6296575665473938 -0.33669254183769226 0.7001210451126099 
vn -0.8819191455841064 -0.4713956117630005 -0.002184694167226553 
vn -0.8819191455841064 -0.4713956117630005 -0.002184694167226553 
vn -0.6258362531661987 -0.33732864260673523 -0.7032341957092285 
vn -0.6153956055641174 -0.33710843324661255 -0.7124928832054138 
vn -0.007873271591961384 -0.0037915678694844246 -0.999961793422699 
vn 0.008738672360777855 0 -0.999961793422699 
vn 0.6172032356262207 0.3337874114513397 -0.7124928832054138 
vn 0.6276205778121948 0.33399713039398193 -0.7032341957092285 
vn 0.8819191455841064 0.4713956117630005 0.002184694167226553 
vn 0.8819191455841064 0.4713956117630005 0.002184694167226553 
vn -2.0682311115474694e-13 0 -1 
vn -2.0682311115474694e-13 0 -1 
vn -2.0682311115474694e-13 0 -1 
vn -2.0682311115474694e-13 0 -1 
vn -2.0682311115474694e-13 0 -1 
vn -2.0682311115474694e-13 0 -1 
vn -0.8990859389305115 -0.4377666711807251 -0.002184694167226553 
vn -0.8990859389305115 -0.4377666711807251 -0.002184694167226553 
vn -0.6167173981666565 -0.7871816158294678 0.002184694167226553 
vn -0.6167173981666565 -0.7871816158294678 0.002184694167226553 
vn 0.12053639441728592 -0.9927064776420593 0.002184694167226553 
vn 0.12053639441728592 -0.9927064776420593 0.002184694167226553 
vn 0.7071051001548767 -0.7071051001548767 0.002184694167226553 
vn 0.7071051001548767 -0.7071051001548767 0.002184694167226553 
vn 0.999997615814209 0 0.002184694167226553 
vn 0.999997615814209 0 0.002184694167226553 
vn 0.8990859389305115 0.4377666711807251 0.002184694167226553 
vn 0.8990859389305115 0.4377666711807251 0.002184694167226553 
vn 0 0 1 
vn 0 0 1 
vn 0 0 1 
vn 0 0 1 
vn 0 0 1 
vn 0 0 1 
vn 0 0 1 
vn 0 0 1 
vn 0 0 1 
vn 0 0 1 
vn 0 0 1 
vn 0 0 1 
vn -0.4377666711807251 0.8990859389305115 -0.002184694167226553 
vn -0.4377666711807251 0.8990859389305115 -0.002184694167226553 
vn -0.4377666711807251 0.8990859389305115 -0.002184694167226553 
vn -0.4377666711807251 0.8990859389305115 -0.002184694167226553 
vn -0.9179922342300415 -0.3965924084186554 0.002184694167226553 
vn -0.9179922342300415 -0.3965924084186554 0.002184694167226553 
vn -0.9992848038673401 0.03775046393275261 0.002184694167226553 
vn -0.9992848038673401 0.03775046393275261 0.002184694167226553 
vn -0.6963448524475098 0.7177039980888367 0.002184694167226553 
vn -0.6963448524475098 0.7177039980888367 0.002184694167226553 
vn -0.1280297040939331 0.991767942905426 0.002184694167226553 
vn -0.1280297040939331 0.991767942905426 0.002184694167226553 
vn 0.5926607847213745 0.8054491877555847 0.002184694167226553 
vn 0.5926607847213745 0.8054491877555847 0.002184694167226553 
vn 0.8819191455841064 0.4713956117630005 0.002184694167226553 
vn 0.8819191455841064 0.4713956117630005 0.002184694167226553 
vn -2.0682311115474694e-13 0 -1 
vn -2.0682311115474694e-13 0 -1 
vn -2.0682311115474694e-13 0 -1 
vn -2.0682311115474694e-13 0 -1 
vn -2.0682311115474694e-13 0 -1 
vn -2.0682311115474694e-13 0 -1 
vn 0 0 1 
vn -0.21349936723709106 -0.10519895702600479 0.9712626934051514 
vn 0 0 1 
vn 0 0 1 
vn -0.3246915936470032 -0.15278826653957367 0.933397650718689 
vn -0.6030798554420471 -0.29162395000457764 0.7424622178077698 
vn -0.6030798554420471 -0.29162395000457764 0.7424622178077698 
vn -0.8990859389305115 -0.4377666711807251 0.002184694167226553 
vn -0.8990859389305115 -0.4377666711807251 -0.002184694167226553 
vn -0.8990859389305115 -0.4377666711807251 -0.002184694167226553 
vn -0.8990859389305115 -0.4377666711807251 -0.002184694167226553 
vn -2.0682311115474694e-13 0 -1 
vn -2.0682311115474694e-13 0 -1 
vn -0.21490561962127686 -0.10229552537202835 -0.9712626934051514 
vn -2.0682311115474694e-13 0 -1 
vn -0.32423916459083557 -0.15374602377414703 -0.933397650718689 
vn -0.6044818162918091 -0.2887067496776581 -0.7424622178077698 
vn -0.6044818162918091 -0.2887067496776581 -0.7424622178077698 
vn 0.4377666711807251 -0.8990859389305115 0.002184694167226553 
vn 0.4377666711807251 -0.8990859389305115 0.002184694167226553 
vn 0.4377666711807251 -0.8990859389305115 0.002184694167226553 
vn 0.4377666711807251 -0.8990859389305115 0.002184694167226553 
vn 0.4377666711807251 -0.8990859389305115 0.002184694167226553 
vn 0.4377666711807251 -0.8990859389305115 0.002184694167226553 
vn -0.4377666711807251 0.8990859389305115 0.002184694167226553 
vn -0.4377666711807251 0.8990859389305115 0.002184694167226553 
vn -0.4377666711807251 0.8990859389305115 0.002184694167226553 
vn -0.4377666711807251 0.8990859389305115 0.002184694167226553 
vn 0.8990859389305115 0.4377666711807251 0.002184694167226553 
vn 0.8990859389305115 0.4377666711807251 0.002184694167226553 
vn 0.8990859389305115 0.4377666711807251 0.002184694167226553 
vn 0.8990859389305115 0.4377666711807251 0.002184694167226553 
vn -0.8990859389305115 -0.4377666711807251 0.002184694167226553 
vn -0.8990859389305115 -0.4377666711807251 0.002184694167226553 
vn -0.8990859389305115 -0.4377666711807251 0.002184694167226553 
vn -0.8990859389305115 -0.4377666711807251 0.002184694167226553 
vn -0.4377666711807251 0.8990859389305115 0.002184694167226553 
vn -0.4377666711807251 0.8990859389305115 -0.002184694167226553 
vn -0.4377666711807251 0.8990859389305115 -0.002184694167226553 
vn -0.4377666711807251 0.8990859389305115 -0.002184694167226553 
vn -0.4377666711807251 0.8990859389305115 0.002184694167226553 
vn -0.4377666711807251 0.8990859389305115 0.002184694167226553 
vn -0.4377666711807251 0.8990859389305115 0.002184694167226553 
vn -0.4377666711807251 0.8990859389305115 0.002184694167226553 
vn -0.4377666711807251 0.8990859389305115 0.002184694167226553 
vn -0.4377666711807251 0.8990859389305115 0.002184694167226553 
vn -0.4377666711807251 0.8990859389305115 0.002184694167226553 
vn -0.4377666711807251 0.8990859389305115 -0.002184694167226553 
vn -0.4377666711807251 0.8990859389305115 0.002184694167226553 
vn -0.4377666711807251 0.8990859389305115 -0.002184694167226553 
vn -0.4377666711807251 0.8990859389305115 -0.002184694167226553 
vn -0.4377666711807251 0.8990859389305115 -0.002184694167226553 
vn -0.4377666711807251 0.8990859389305115 0.002184694167226553 
vn -0.4081456959247589 -0.20013733208179474 0.8907088041305542 
vn -0.6483330726623535 -0.313416451215744 0.6938546895980835 
vn -0.4081456959247589 -0.20013733208179474 0.8907088041305542 
vn -0.6483330726623535 -0.313416451215744 0.6938546895980835 
vn -0.8990859389305115 -0.4377666711807251 0.002184694167226553 
vn -0.8990859389305115 -0.4377666711807251 0.002184694167226553 
vn -0.6497346758842468 -0.3105003535747528 -0.6938546895980835 
vn -0.6497346758842468 -0.3105003535747528 -0.6938546895980835 
vn -0.40955737233161926 -0.1972324252128601 -0.8907088041305542 
vn -0.40955737233161926 -0.1972324252128601 -0.8907088041305542 
vn 0.4377666711807251 -0.8990859389305115 0.002184694167226553 
vn 0.4377666711807251 -0.8990859389305115 -0.002184694167226553 
vn 0.4377666711807251 -0.8990859389305115 0.002184694167226553 
vn 0.4377666711807251 -0.8990859389305115 -0.002184694167226553 
vn 0.4377666711807251 -0.8990859389305115 -0.002184694167226553 
vn 0.4377666711807251 -0.8990859389305115 0.002184694167226553 
vn -0.5288046598434448 -0.25824111700057983 0.8085030317306519 
vn -0.27878907322883606 -0.1342577338218689 0.9509214162826538 
vn -0.6662057042121887 -0.3244171738624573 0.6715083718299866 
vn -0.27878907322883606 -0.1342577338218689 0.9509214162826538 
vn 0.2771400809288025 0.1376294046640396 0.9509214162826538 
vn 0.2771400809288025 0.1376294046640396 0.9509214162826538 
vn 0.7302920818328857 0.3498973250389099 0.5867242813110352 
vn 0.7302920818328857 0.3498973250389099 0.5867242813110352 
vn 0.8990859389305115 0.4377666711807251 -0.002184694167226553 
vn 0.8990859389305115 0.4377666711807251 0.002184694167226553 
vn 0.7300599217414856 0.35038137435913086 -0.5867242813110352 
vn 0.7300599217414856 0.35038137435913086 -0.5867242813110352 
vn 0.27995070815086365 0.13181839883327484 -0.9509214162826538 
vn 0.27995070815086365 0.13181839883327484 -0.9509214162826538 
vn -0.27831846475601196 -0.13523061573505402 -0.9509214162826538 
vn -0.27831846475601196 -0.13523061573505402 -0.9509214162826538 
vn -0.6676151752471924 -0.321506530046463 -0.6715083718299866 
vn -0.5283239483833313 -0.25922319293022156 -0.8085030317306519 
vn -0.7300599217414856 -0.35038137435913086 -0.5867242813110352 
vn -0.8990859389305115 -0.4377666711807251 0.002184694167226553 
vn -0.8990859389305115 -0.4377666711807251 -0.002184694167226553 
vn -0.7286556363105774 -0.35329246520996094 0.5867242813110352 
vn -0.8990859389305115 -0.4377666711807251 0.002184694167226553 
vn -0.8990859389305115 -0.4377666711807251 -0.002184694167226553 
vn 0.638010561466217 0.3066510260105133 -0.7063339352607727 
vn 0.638010561466217 0.3066510260105133 -0.7063339352607727 
vn -0.6363658905029297 -0.3100496530532837 -0.7063339352607727 
vn -0.6363658905029297 -0.3100496530532837 -0.7063339352607727 
vn -0.6382432579994202 -0.3061664402484894 0.7063339352607727 
vn -0.6382432579994202 -0.3061664402484894 0.7063339352607727 
vn 0.6382432579994202 0.3061664402484894 0.7063339352607727 
vn 0.6382432579994202 0.3061664402484894 0.7063339352607727 
vn 0.638010561466217 0.3066510260105133 -0.7063339352607727 
vn 0.638010561466217 0.3066510260105133 -0.7063339352607727 
vn -0.10269254446029663 0.4547598659992218 0.8846737742424011 
vn -0.10269254446029663 0.4547598659992218 0.8846737742424011 
vn -0.10269254446029663 0.4547598659992218 0.8846737742424011 
vn -0.10269254446029663 0.4547598659992218 0.8846737742424011 
vn 0.999997615814209 0 0.002184694167226553 
vn 0.999997615814209 0 0.002184694167226553 
vn 0.999997615814209 0 0.002184694167226553 
vn -0.999997615814209 -2.0682260971124217e-13 -0.002184694167226553 
vn -0.999997615814209 -2.0682260971124217e-13 -0.002184694167226553 
vn -0.999997615814209 -2.0682260971124217e-13 -0.002184694167226553 
vn 0.19508986175060272 -0.9807829260826111 0.002184694167226553 
vn 0.19508986175060272 -0.9807829260826111 0.002184694167226553 
vn 0.19508986175060272 -0.9807829260826111 0.002184694167226553 
vn 0.19508986175060272 -0.9807829260826111 0.002184694167226553 
vn 0.3440731465816498 0.06771665811538696 -0.9364978075027466 
vn 0.3440731465816498 0.06771665811538696 -0.9364978075027466 
vn 0.8056738376617432 0.16507260501384735 -0.5688942670822144 
vn 0.8056738376617432 0.16507260501384735 -0.5688942670822144 
vn 0.6934373378753662 0.1422567367553711 0.7063339352607727 
vn 0.6934373378753662 0.1422567367553711 0.7063339352607727 
vn 0 0 1 
vn 0 0 1 
vn -0.9060437679290771 -0.18383349478244781 -0.3811691105365753 
vn -0.9068331122398376 -0.17989958822727203 0.3811691105365753 
vn -0.9068331122398376 -0.17989958822727203 0.3811691105365753 
vn -0.3758251368999481 -0.07475626468658447 0.9236704111099243 
vn -0.9060437679290771 -0.18383349478244781 -0.3811691105365753 
vn -0.37573251128196716 -0.07522031664848328 -0.9236704111099243 
vn -0.37573251128196716 -0.07522031664848328 -0.9236704111099243 
vn 0.37573251128196716 0.07522031664848328 -0.9236704111099243 
vn 0.37573251128196716 0.07522031664848328 -0.9236704111099243 
vn 0.9067872166633606 0.1801305115222931 -0.3811691105365753 
vn 0.9067872166633606 0.1801305115222931 -0.3811691105365753 
vn 0.9068331122398376 0.17989958822727203 0.3811691105365753 
vn 0.9068331122398376 0.17989958822727203 0.3811691105365753 
vn -0.3758251368999481 -0.07475626468658447 0.9236704111099243 
vn 0.3758251368999481 0.07475626468658447 0.9236704111099243 
vn 0.3758251368999481 0.07475626468658447 0.9236704111099243 
vn 0.9068331122398376 0.17989958822727203 0.3811691105365753 
vn 0.9068331122398376 0.17989958822727203 0.3811691105365753 
vn 0 0 1 
vn 0 0 1 
vn 0 0 1 
vn 0 0 1 
vn -0.19508986175060272 0.9807829260826111 -0.002184694167226553 
vn -0.19508986175060272 0.9807829260826111 -0.002184694167226553 
vn -0.19508986175060272 0.9807829260826111 -0.002184694167226553 
vn -0.19508986175060272 0.9807829260826111 0.002184694167226553 
vn 0.9807829260826111 0.19508986175060272 -0.002184694167226553 
vn 0.9807829260826111 0.19508986175060272 -0.002184694167226553 
vn 0.9807829260826111 0.19508986175060272 -0.002184694167226553 
vn 0.9807829260826111 0.19508986175060272 0.002184694167226553 
vn -0.9807829260826111 -0.19508986175060272 0.002184694167226553 
vn -0.9807829260826111 -0.19508986175060272 0.002184694167226553 
vn -0.9807829260826111 -0.19508986175060272 0.002184694167226553 
vn -0.9807829260826111 -0.19508986175060272 0.002184694167226553 
vn -2.0682311115474694e-13 0 -1 
vn 0.6757403016090393 0.13513541221618652 -0.7246471047401428 
vn -2.0682311115474694e-13 0 -1 
vn 0.6757403016090393 0.13513541221618652 -0.7246471047401428 
vn 0.8254769444465637 0.16491878032684326 0.5398051738739014 
vn 0.8254769444465637 0.16491878032684326 0.5398051738739014 
vn 0.36345240473747253 0.07469137012958527 0.9286137819290161 
vn 0.36345240473747253 0.07469137012958527 0.9286137819290161 
vn -0.19508986175060272 0.9807829260826111 0.002184694167226553 
vn -0.19508986175060272 0.9807829260826111 -0.002184694167226553 
vn -0.19508986175060272 0.9807829260826111 -0.002184694167226553 
vn -0.19508986175060272 0.9807829260826111 -0.002184694167226553 
vn -0.9807829260826111 -0.19508986175060272 -0.002184694167226553 
vn -0.9807829260826111 -0.19508986175060272 -0.002184694167226553 
vn -0.9807829260826111 -0.19508986175060272 -0.002184694167226553 
vn -0.9807829260826111 -0.19508986175060272 0.002184694167226553 
vn 0.19508986175060272 -0.9807829260826111 -0.002184694167226553 
vn 0.19508986175060272 -0.9807829260826111 -0.002184694167226553 
vn 0.19508986175060272 -0.9807829260826111 -0.002184694167226553 
vn 0.19508986175060272 -0.9807829260826111 0.002184694167226553 
vn 0.19508986175060272 -0.9807829260826111 0.002184694167226553 
vn 0.19508986175060272 -0.9807829260826111 0.002184694167226553 
vn 0.19508986175060272 -0.9807829260826111 0.002184694167226553 
vn 0.19508986175060272 -0.9807829260826111 0.002184694167226553 
vn -2.0682311115474694e-13 0 -1 
vn -2.0682311115474694e-13 0 -1 
vn -2.0682311115474694e-13 0 -1 
vn -2.0682311115474694e-13 0 -1 
vn -0.12208008766174316 0.6076815128326416 -0.7847417593002319 
vn -0.12208008766174316 0.6076815128326416 -0.7847417593002319 
vn -0.12208008766174316 0.6076815128326416 -0.7847417593002319 
vn -0.12208008766174316 0.6076815128326416 -0.7847417593002319 
vn -0.12208008766174316 0.6076815128326416 -0.7847417593002319 
vn -0.12208008766174316 0.6076815128326416 -0.7847417593002319 
vn -0.12208008766174316 0.6076815128326416 -0.7847417593002319 
vn -0.12208008766174316 0.6076815128326416 -0.7847417593002319 
vn -2.0682311115474694e-13 0 -1 
vn -2.0682311115474694e-13 0 -1 
vn -2.0682311115474694e-13 0 -1 
vn -2.0682311115474694e-13 0 -1 
vn 0 0 1 
vn 0 0 1 
vn 0 0 1 
vn 0 0 1 
vn -0.9807829260826111 -0.19508986175060272 0.002184694167226553 
vn -0.9807829260826111 -0.19508986175060272 0.002184694167226553 
vn -0.9807829260826111 -0.19508986175060272 0.002184694167226553 
vn -0.9807829260826111 -0.19508986175060272 0.002184694167226553 
vn 0.9807829260826111 0.19508986175060272 0.002184694167226553 
vn 0.9807829260826111 0.19508986175060272 0.002184694167226553 
vn 0.9807829260826111 0.19508986175060272 0.002184694167226553 
vn 0.9807829260826111 0.19508986175060272 0.002184694167226553 
vn 0.19508986175060272 -0.9807829260826111 0.002184694167226553 
vn 0.19508986175060272 -0.9807829260826111 0.002184694167226553 
vn 0.19508986175060272 -0.9807829260826111 0.002184694167226553 
vn 0.19508986175060272 -0.9807829260826111 0.002184694167226553 
vn -0.19508986175060272 0.9807829260826111 0.002184694167226553 
vn -0.19508986175060272 0.9807829260826111 0.002184694167226553 
vn -0.19508986175060272 0.9807829260826111 0.002184694167226553 
vn -0.19508986175060272 0.9807829260826111 0.002184694167226553 
vn 0 0 1 
vn 0 0 1 
vn 0 0 1 
vn 0 0 1 
vn 0.9807829260826111 0.19508986175060272 0.002184694167226553 
vn 0.9807829260826111 0.19508986175060272 0.002184694167226553 
vn 0.9807829260826111 0.19508986175060272 0.002184694167226553 
vn 0.9807829260826111 0.19508986175060272 0.002184694167226553 
vn -0.9807829260826111 -0.19508986175060272 -0.002184694167226553 
vn -0.9807829260826111 -0.19508986175060272 0.002184694167226553 
vn -0.9807829260826111 -0.19508986175060272 -0.002184694167226553 
vn -0.9807829260826111 -0.19508986175060272 0.002184694167226553 
vn 0.19508986175060272 -0.9807829260826111 0.002184694167226553 
vn 0.19508986175060272 -0.9807829260826111 0.002184694167226553 
vn 0.19508986175060272 -0.9807829260826111 0.002184694167226553 
vn 0.19508986175060272 -0.9807829260826111 0.002184694167226553 
vn -0.19508986175060272 0.9807829260826111 0.002184694167226553 
vn -0.19508986175060272 0.9807829260826111 -0.002184694167226553 
vn -0.19508986175060272 0.9807829260826111 -0.002184694167226553 
vn -0.19508986175060272 0.9807829260826111 -0.002184694167226553 
vn 0.19508986175060272 -0.9807829260826111 0.002184694167226553 
vn 0.19508986175060272 -0.9807829260826111 0.002184694167226553 
vn 0.19508986175060272 -0.9807829260826111 0.002184694167226553 
vn 0.19508986175060272 -0.9807829260826111 0.002184694167226553 
vn -0.9807829260826111 -0.19508986175060272 0.002184694167226553 
vn -0.9807829260826111 -0.19508986175060272 0.002184694167226553 
vn -0.9807829260826111 -0.19508986175060272 0.002184694167226553 
vn -0.9807829260826111 -0.19508986175060272 0.002184694167226553 
vn 0.9807829260826111 0.19508986175060272 -0.002184694167226553 
vn 0.9807829260826111 0.19508986175060272 -0.002184694167226553 
vn 0.9807829260826111 0.19508986175060272 -0.002184694167226553 
vn 0.9807829260826111 0.19508986175060272 -0.002184694167226553 
vn 0 0 1 
vn 0 0 1 
vn 0 0 1 
vn 0 0 1 
vn 0.9807829260826111 0.19508986175060272 0.002184694167226553 
vn 0.9807829260826111 0.19508986175060272 0.002184694167226553 
vn 0.9807829260826111 0.19508986175060272 0.002184694167226553 
vn 0.9807829260826111 0.19508986175060272 0.002184694167226553 
vn 0.9807829260826111 0.19508986175060272 0.002184694167226553 
vn 0.9807829260826111 0.19508986175060272 0.002184694167226553 
vn 0.9807829260826111 0.19508986175060272 0.002184694167226553 
vn -2.0682311115474694e-13 0 -1 
vn -2.0682311115474694e-13 0 -1 
vn -2.0682311115474694e-13 0 -1 
vn -2.0682311115474694e-13 0 -1 
vn 0.9807829260826111 0.19508986175060272 0.002184694167226553 
vn 0.9807829260826111 0.19508986175060272 0.002184694167226553 
vn 0.9807829260826111 0.19508986175060272 0.002184694167226553 
vn 0.9807829260826111 0.19508986175060272 0.002184694167226553 
vn 0.9807829260826111 0.19508986175060272 0.002184694167226553 
vn 0.9807829260826111 0.19508986175060272 0.002184694167226553 
vn 0.9807829260826111 0.19508986175060272 0.002184694167226553 
vn -0.19508986175060272 0.9807829260826111 0.002184694167226553 
vn -0.19508986175060272 0.9807829260826111 0.002184694167226553 
vn -0.19508986175060272 0.9807829260826111 0.002184694167226553 
vn -0.19508986175060272 0.9807829260826111 0.002184694167226553 
vn -2.0682311115474694e-13 0 -1 
vn -2.0682311115474694e-13 0 -1 
vn -2.0682311115474694e-13 0 -1 
vn -2.0682311115474694e-13 0 -1 
vn 0.19508986175060272 -0.9807829260826111 0.002184694167226553 
vn 0.19508986175060272 -0.9807829260826111 -0.002184694167226553 
vn 0.19508986175060272 -0.9807829260826111 0.002184694167226553 
vn 0.19508986175060272 -0.9807829260826111 -0.002184694167226553 
vn -0.9807829260826111 -0.19508986175060272 0.002184694167226553 
vn -0.9807829260826111 -0.19508986175060272 0.002184694167226553 
vn -0.9807829260826111 -0.19508986175060272 0.002184694167226553 
vn -0.9807829260826111 -0.19508986175060272 0.002184694167226553 
vn -0.9807829260826111 -0.19508986175060272 0.002184694167226553 
vn -0.9807829260826111 -0.19508986175060272 0.002184694167226553 
vn -0.9807829260826111 -0.19508986175060272 0.002184694167226553 
vn -0.9807829260826111 -0.19508986175060272 0.002184694167226553 
vn -0.9807829260826111 -0.19508986175060272 0.002184694167226553 
vn -0.9807829260826111 -0.19508986175060272 0.002184694167226553 
vn -0.9807829260826111 -0.19508986175060272 0.002184694167226553 
vn -0.9807829260826111 -0.19508986175060272 0.002184694167226553 
vn -0.9807829260826111 -0.19508986175060272 0.002184694167226553 
vn -0.9807829260826111 -0.19508986175060272 0.002184694167226553 
vn -0.19508986175060272 0.9807829260826111 0.002184694167226553 
vn -0.19508986175060272 0.9807829260826111 0.002184694167226553 
vn -0.19508986175060272 0.9807829260826111 0.002184694167226553 
vn -0.19508986175060272 0.9807829260826111 0.002184694167226553 
vn 0.19508986175060272 -0.9807829260826111 -0.002184694167226553 
vn 0.19508986175060272 -0.9807829260826111 -0.002184694167226553 
vn 0.19508986175060272 -0.9807829260826111 -0.002184694167226553 
vn 0.19508986175060272 -0.9807829260826111 -0.002184694167226553 
vn -2.0682311115474694e-13 0 -1 
vn -2.0682311115474694e-13 0 -1 
vn -0.10127804428339005 0.48253268003463745 -0.8700028657913208 
vn -0.10127804428339005 0.48253268003463745 -0.8700028657913208 
vn -0.19132888317108154 0.9449367523193359 -0.26549527049064636 
vn -0.19132888317108154 0.9449367523193359 -0.26549527049064636 
vn -0.19508986175060272 0.9807829260826111 0.002184694167226553 
vn -0.19508986175060272 0.9807829260826111 0.002184694167226553 
vn -2.0682311115474694e-13 0 -1 
vn -0.10127804428339005 0.48253268003463745 -0.8700028657913208 
vn -2.0682311115474694e-13 0 -1 
vn -0.10127804428339005 0.48253268003463745 -0.8700028657913208 
vn -0.19132888317108154 0.9449367523193359 -0.26549527049064636 
vn -0.19132888317108154 0.9449367523193359 -0.26549527049064636 
vn -0.19508986175060272 0.9807829260826111 0.002184694167226553 
vn -0.19508986175060272 0.9807829260826111 0.002184694167226553 
vn 0 0 1 
vn 0 0 1 
vn 0 0 1 
vn 0 0 1 
vn 0 0 1 
vn 0 0 1 
vn 0 0 1 
vn 0 0 1 
vn 0.19508986175060272 -0.9807829260826111 0.002184694167226553 
vn 0.19508986175060272 -0.9807829260826111 -0.002184694167226553 
vn 0.19508986175060272 -0.9807829260826111 -0.002184694167226553 
vn 0.19508986175060272 -0.9807829260826111 -0.002184694167226553 
vn -0.19508986175060272 0.9807829260826111 0.002184694167226553 
vn -0.19508986175060272 0.9807829260826111 -0.002184694167226553 
vn -0.19508986175060272 0.9807829260826111 -0.002184694167226553 
vn -0.19508986175060272 0.9807829260826111 -0.002184694167226553 
vn -0.19508986175060272 0.9807829260826111 -0.002184694167226553 
vn -0.19508986175060272 0.9807829260826111 -0.002184694167226553 
vn -0.19508986175060272 0.9807829260826111 -0.002184694167226553 
vn -0.19508986175060272 0.9807829260826111 0.002184694167226553 
vn -2.0682311115474694e-13 0 -1 
vn -2.0682311115474694e-13 0 -1 
vn -2.0682311115474694e-13 0 -1 
vn -2.0682311115474694e-13 0 -1 
vn 0.9807829260826111 0.19508986175060272 0.002184694167226553 
vn 0.9807829260826111 0.19508986175060272 -0.002184694167226553 
vn 0.9807829260826111 0.19508986175060272 -0.002184694167226553 
vn 0.9807829260826111 0.19508986175060272 -0.002184694167226553 
vn 0.9807829260826111 0.19508986175060272 0.002184694167226553 
vn 0.9807829260826111 0.19508986175060272 0.002184694167226553 
vn 0.9807829260826111 0.19508986175060272 0.002184694167226553 
vn 0.9807829260826111 0.19508986175060272 0.002184694167226553 
vn 0.19508986175060272 -0.9807829260826111 0.002184694167226553 
vn 0.19508986175060272 -0.9807829260826111 0.002184694167226553 
vn 0.19508986175060272 -0.9807829260826111 0.002184694167226553 
vn 0.19508986175060272 -0.9807829260826111 0.002184694167226553 
vn -0.9807829260826111 -0.19508986175060272 0.002184694167226553 
vn -0.9807829260826111 -0.19508986175060272 0.002184694167226553 
vn -0.9807829260826111 -0.19508986175060272 0.002184694167226553 
vn -0.9807829260826111 -0.19508986175060272 0.002184694167226553 
vn -2.0682311115474694e-13 0 -1 
vn -2.0682311115474694e-13 0 -1 
vn -2.0682311115474694e-13 0 -1 
vn -2.0682311115474694e-13 0 -1 
vn -0.9807829260826111 -0.19508986175060272 0.002184694167226553 
vn -0.9807829260826111 -0.19508986175060272 0.002184694167226553 
vn -0.9807829260826111 -0.19508986175060272 0.002184694167226553 
vn -0.9807829260826111 -0.19508986175060272 0.002184694167226553 
vn 0 0 1 
vn 0 0 1 
vn 0 0 1 
vn 0 0 1 
vn 0.9807829260826111 0.19508986175060272 0.002184694167226553 
vn 0.9807829260826111 0.19508986175060272 0.002184694167226553 
vn 0.9807829260826111 0.19508986175060272 0.002184694167226553 
vn 0.9807829260826111 0.19508986175060272 0.002184694167226553 
vn 0.19508986175060272 -0.9807829260826111 0.002184694167226553 
vn 0.19508986175060272 -0.9807829260826111 0.002184694167226553 
vn 0.19508986175060272 -0.9807829260826111 0.002184694167226553 
vn 0.19508986175060272 -0.9807829260826111 0.002184694167226553 
vn 2.0682311115474694e-13 4.2775797696334704e-26 -1 
vn 2.0682311115474694e-13 4.2775797696334704e-26 -1 
vn 2.0682311115474694e-13 4.2775797696334704e-26 -1 
vn 2.0682311115474694e-13 4.2775797696334704e-26 -1 
vn -0.19508986175060272 0.9807829260826111 0.002184694167226553 
vn -0.19508986175060272 0.9807829260826111 0.002184694167226553 
vn -0.19508986175060272 0.9807829260826111 0.002184694167226553 
vn -0.19508986175060272 0.9807829260826111 0.002184694167226553 
vn -0.19508986175060272 0.9807829260826111 0.002184694167226553 
vn -0.19508986175060272 0.9807829260826111 0.002184694167226553 
vn -0.19508986175060272 0.9807829260826111 0.002184694167226553 
vn -0.19508986175060272 0.9807829260826111 0.002184694167226553 
vn -0.19508986175060272 0.9807829260826111 -0.002184694167226553 
vn -0.19508986175060272 0.9807829260826111 -0.002184694167226553 
vn -0.19508986175060272 0.9807829260826111 -0.002184694167226553 
vn -0.19508986175060272 0.9807829260826111 -0.002184694167226553 
vn -0.19508986175060272 0.9807829260826111 0.002184694167226553 
vn -0.19508986175060272 0.9807829260826111 0.002184694167226553 
vn -0.19508986175060272 0.9807829260826111 0.002184694167226553 
vn -0.19508986175060272 0.9807829260826111 0.002184694167226553 
vn -0.19508986175060272 0.9807829260826111 -0.002184694167226553 
vn -0.19508986175060272 0.9807829260826111 -0.002184694167226553 
vn -0.19508986175060272 0.9807829260826111 -0.002184694167226553 
vn -0.19508986175060272 0.9807829260826111 -0.002184694167226553 
vn -0.9807829260826111 -0.19508986175060272 0.002184694167226553 
vn -0.9807829260826111 -0.19508986175060272 0.002184694167226553 
vn -0.9807829260826111 -0.19508986175060272 0.002184694167226553 
vn -0.9807829260826111 -0.19508986175060272 0.002184694167226553 
vn -0.19508986175060272 0.9807829260826111 -0.002184694167226553 
vn -0.19508986175060272 0.9807829260826111 -0.002184694167226553 
vn -0.19508986175060272 0.9807829260826111 -0.002184694167226553 
vn -0.19508986175060272 0.9807829260826111 -0.002184694167226553 
vn -2.0682311115474694e-13 0 -1 
vn -2.0682311115474694e-13 0 -1 
vn -2.0682311115474694e-13 0 -1 
vn -2.0682311115474694e-13 0 -1 
vn -0.9807829260826111 -0.19508986175060272 -0.002184694167226553 
vn -0.9807829260826111 -0.19508986175060272 -0.002184694167226553 
vn -0.9807829260826111 -0.19508986175060272 -0.002184694167226553 
vn -0.9807829260826111 -0.19508986175060272 0.002184694167226553 
vn 0 0 1 
vn 0 0 1 
vn 0 0 1 
vn 0 0 1 
vn 0 0 1 
vn 0 0 1 
vn 0.9807829260826111 0.19508986175060272 0.002184694167226553 
vn 0.9807829260826111 0.19508986175060272 0.002184694167226553 
vn 0.9897211194038391 -0.1429940164089203 0.002184694167226553 
vn 0.9897211194038391 -0.1429940164089203 0.002184694167226553 
vn 0.5987265110015869 -0.8009505867958069 0.002184694167226553 
vn 0.5987265110015869 -0.8009505867958069 0.002184694167226553 
vn -0.23931509256362915 -0.9709395170211792 0.002184694167226553 
vn -0.23931509256362915 -0.9709395170211792 0.002184694167226553 
vn -0.855779230594635 -0.5173366069793701 0.002184694167226553 
vn -0.855779230594635 -0.5173366069793701 0.002184694167226553 
vn -0.9807829260826111 -0.19508986175060272 0.002184694167226553 
vn -0.9807829260826111 -0.19508986175060272 0.002184694167226553 
vn -2.0682311115474694e-13 0 -1 
vn -2.0682311115474694e-13 0 -1 
vn -2.0682311115474694e-13 0 -1 
vn -2.0682311115474694e-13 0 -1 
vn -2.0682311115474694e-13 0 -1 
vn -2.0682311115474694e-13 0 -1 
vn -2.0682311115474694e-13 0 -1 
vn -2.0682311115474694e-13 0 -1 
vn -2.0682311115474694e-13 0 -1 
vn -2.0682311115474694e-13 0 -1 
vn -2.0682311115474694e-13 0 -1 
vn -2.0682311115474694e-13 0 -1 
vn -0.9807829260826111 -0.19508986175060272 0.002184694167226553 
vn -0.855779230594635 -0.5173366069793701 0.002184694167226553 
vn -0.9807829260826111 -0.19508986175060272 0.002184694167226553 
vn -0.855779230594635 -0.5173366069793701 0.002184694167226553 
vn -0.23931509256362915 -0.9709395170211792 0.002184694167226553 
vn -0.23931509256362915 -0.9709395170211792 0.002184694167226553 
vn 0.5987265110015869 -0.8009505867958069 0.002184694167226553 
vn 0.5987265110015869 -0.8009505867958069 0.002184694167226553 
vn 0.9897211194038391 -0.1429940164089203 0.002184694167226553 
vn 0.9897211194038391 -0.1429940164089203 0.002184694167226553 
vn 0.9807829260826111 0.19508986175060272 0.002184694167226553 
vn 0.9807829260826111 0.19508986175060272 0.002184694167226553 
vn 0 0 1 
vn 0 0 1 
vn 0 0 1 
vn 0 0 1 
vn 0 0 1 
vn 0 0 1 
vn 0.9807829260826111 0.19508986175060272 0.002184694167226553 
vn 0.9807829260826111 0.19508986175060272 0.002184694167226553 
vn 0.9807829260826111 0.19508986175060272 0.002184694167226553 
vn -0.9807829260826111 -0.19508986175060272 0.002184694167226553 
vn -0.9807829260826111 -0.19508986175060272 0.002184694167226553 
vn -0.9807829260826111 -0.19508986175060272 0.002184694167226553 
vn 0.9807829260826111 0.19508986175060272 0.002184694167226553 
vn 0.9807829260826111 0.19508986175060272 0.002184694167226553 
vn 0.9807829260826111 0.19508986175060272 0.002184694167226553 
vn -0.9807829260826111 -0.19508986175060272 0.002184694167226553 
vn -0.9807829260826111 -0.19508986175060272 0.002184694167226553 
vn -0.9807829260826111 -0.19508986175060272 0.002184694167226553 
vn 0 0 1 
vn 0 0 1 
vn 0 0 1 
vn 0 0 1 
vn -0.9807829260826111 -0.19508986175060272 -0.002184694167226553 
vn -0.9807829260826111 -0.19508986175060272 -0.002184694167226553 
vn -0.9807829260826111 -0.19508986175060272 -0.002184694167226553 
vn -0.9807829260826111 -0.19508986175060272 0.002184694167226553 
vn 2.0682311115474694e-13 4.2775797696334704e-26 -1 
vn 2.0682311115474694e-13 4.2775797696334704e-26 -1 
vn 2.0682311115474694e-13 4.2775797696334704e-26 -1 
vn 2.0682311115474694e-13 4.2775797696334704e-26 -1 
vn -2.0682311115474694e-13 0 -1 
vn -2.0682311115474694e-13 0 -1 
vn -2.0682311115474694e-13 0 -1 
vn -2.0682311115474694e-13 0 -1 
vn 0.19508986175060272 -0.9807829260826111 0.002184694167226553 
vn 0.19508986175060272 -0.9807829260826111 0.002184694167226553 
vn 0.19508986175060272 -0.9807829260826111 0.002184694167226553 
vn 0.19508986175060272 -0.9807829260826111 0.002184694167226553 
vn -0.19508986175060272 0.9807829260826111 0.002184694167226553 
vn -0.19508986175060272 0.9807829260826111 0.002184694167226553 
vn -0.19508986175060272 0.9807829260826111 0.002184694167226553 
vn -0.19508986175060272 0.9807829260826111 0.002184694167226553 
vn 0.9807829260826111 0.19508986175060272 -0.002184694167226553 
vn 0.9807829260826111 0.19508986175060272 -0.002184694167226553 
vn 0.9807829260826111 0.19508986175060272 -0.002184694167226553 
vn 0.9807829260826111 0.19508986175060272 0.002184694167226553 
vn 0 0 1 
vn 0 0 1 
vn 0 0 1 
vn 0 0 1 
vn 0.19508986175060272 -0.9807829260826111 0.002184694167226553 
vn 0.19508986175060272 -0.9807829260826111 -0.002184694167226553 
vn 0.19508986175060272 -0.9807829260826111 -0.002184694167226553 
vn 0.19508986175060272 -0.9807829260826111 -0.002184694167226553 
vn -0.19508986175060272 0.9807829260826111 0.002184694167226553 
vn -0.19508986175060272 0.9807829260826111 0.002184694167226553 
vn -0.19508986175060272 0.9807829260826111 0.002184694167226553 
vn -0.19508986175060272 0.9807829260826111 0.002184694167226553 
vn -0.9807829260826111 -0.19508986175060272 0.002184694167226553 
vn -0.9807829260826111 -0.19508986175060272 0.002184694167226553 
vn -0.9807829260826111 -0.19508986175060272 0.002184694167226553 
vn -0.9807829260826111 -0.19508986175060272 0.002184694167226553 
vn 0 0 1 
vn 0 0 1 
vn 0 0 1 
vn 0 0 1 
vn 0.9807829260826111 0.19508986175060272 0.002184694167226553 
vn 0.9807829260826111 0.19508986175060272 0.002184694167226553 
vn 0.9807829260826111 0.19508986175060272 0.002184694167226553 
vn 0.9807829260826111 0.19508986175060272 0.002184694167226553 
vn 0.19508986175060272 -0.9807829260826111 0.002184694167226553 
vn 0.19508986175060272 -0.9807829260826111 0.002184694167226553 
vn 0.19508986175060272 -0.9807829260826111 0.002184694167226553 
vn 0.19508986175060272 -0.9807829260826111 0.002184694167226553 
vn -0.19508986175060272 0.9807829260826111 0.002184694167226553 
vn -0.19508986175060272 0.9807829260826111 0.002184694167226553 
vn -0.19508986175060272 0.9807829260826111 0.002184694167226553 
vn -0.19508986175060272 0.9807829260826111 0.002184694167226553 
vn -0.9807829260826111 -0.19508986175060272 0.002184694167226553 
vn -0.9807829260826111 -0.19508986175060272 0.002184694167226553 
vn -0.9807829260826111 -0.19508986175060272 0.002184694167226553 
vn -0.9807829260826111 -0.19508986175060272 0.002184694167226553 
vn -2.0682311115474694e-13 0 -1 
vn -2.0682311115474694e-13 0 -1 
vn -2.0682311115474694e-13 0 -1 
vn -2.0682311115474694e-13 0 -1 
vn 0.9807829260826111 0.19508986175060272 0.002184694167226553 
vn 0.9807829260826111 0.19508986175060272 0.002184694167226553 
vn 0.9807829260826111 0.19508986175060272 0.002184694167226553 
vn 0.9807829260826111 0.19508986175060272 0.002184694167226553 
vn 0.19508986175060272 -0.9807829260826111 0.002184694167226553 
vn 0.19508986175060272 -0.9807829260826111 0.002184694167226553 
vn 0.19508986175060272 -0.9807829260826111 0.002184694167226553 
vn 0.19508986175060272 -0.9807829260826111 0.002184694167226553 
vn -0.19508986175060272 0.9807829260826111 0.002184694167226553 
vn -0.19508986175060272 0.9807829260826111 0.002184694167226553 
vn -0.19508986175060272 0.9807829260826111 0.002184694167226553 
vn -0.19508986175060272 0.9807829260826111 0.002184694167226553 
vn 0 0 1 
vn 0 0 1 
vn 0 0 1 
vn 0 0 1 
vn -0.9807829260826111 -0.19508986175060272 0.002184694167226553 
vn -0.9807829260826111 -0.19508986175060272 0.002184694167226553 
vn -0.9807829260826111 -0.19508986175060272 0.002184694167226553 
vn -0.9807829260826111 -0.19508986175060272 0.002184694167226553 
vn 2.0682311115474694e-13 4.2775797696334704e-26 -1 
vn 2.0682311115474694e-13 4.2775797696334704e-26 -1 
vn 2.0682311115474694e-13 4.2775797696334704e-26 -1 
vn 2.0682311115474694e-13 4.2775797696334704e-26 -1 
vn -2.0682311115474694e-13 0 -1 
vn -2.0682311115474694e-13 0 -1 
vn -2.0682311115474694e-13 0 -1 
vn -2.0682311115474694e-13 0 -1 
vn 0.19508986175060272 -0.9807829260826111 0.002184694167226553 
vn 0.19508986175060272 -0.9807829260826111 0.002184694167226553 
vn 0.19508986175060272 -0.9807829260826111 0.002184694167226553 
vn 0.19508986175060272 -0.9807829260826111 0.002184694167226553 
vn -0.19508986175060272 0.9807829260826111 0.002184694167226553 
vn -0.19508986175060272 0.9807829260826111 0.002184694167226553 
vn -0.19508986175060272 0.9807829260826111 0.002184694167226553 
vn -0.19508986175060272 0.9807829260826111 0.002184694167226553 
vn 0.9807829260826111 0.19508986175060272 0.002184694167226553 
vn 0.9807829260826111 0.19508986175060272 0.002184694167226553 
vn 0.9807829260826111 0.19508986175060272 0.002184694167226553 
vn 0.9807829260826111 0.19508986175060272 0.002184694167226553 
vn 0 0 1 
vn 0 0 1 
vn 0 0 1 
vn 0 0 1 
vn 0.19508986175060272 -0.9807829260826111 0.002184694167226553 
vn 0.19508986175060272 -0.9807829260826111 0.002184694167226553 
vn 0.19508986175060272 -0.9807829260826111 0.002184694167226553 
vn 0.19508986175060272 -0.9807829260826111 0.002184694167226553 
vn -0.19508986175060272 0.9807829260826111 0.002184694167226553 
vn -0.19508986175060272 0.9807829260826111 0.002184694167226553 
vn -0.19508986175060272 0.9807829260826111 0.002184694167226553 
vn -0.19508986175060272 0.9807829260826111 0.002184694167226553 
vn -0.9807829260826111 -0.19508986175060272 0.002184694167226553 
vn -0.9807829260826111 -0.19508986175060272 0.002184694167226553 
vn -0.9807829260826111 -0.19508986175060272 0.002184694167226553 
vn -0.9807829260826111 -0.19508986175060272 0.002184694167226553 
vn 0 0 1 
vn 0 0 1 
vn 0 0 1 
vn 0 0 1 
vn 0.9807829260826111 0.19508986175060272 0.002184694167226553 
vn 0.9807829260826111 0.19508986175060272 0.002184694167226553 
vn 0.9807829260826111 0.19508986175060272 0.002184694167226553 
vn 0.9807829260826111 0.19508986175060272 0.002184694167226553 
vn 0.19508986175060272 -0.9807829260826111 0.002184694167226553 
vn 0.19508986175060272 -0.9807829260826111 0.002184694167226553 
vn 0.19508986175060272 -0.9807829260826111 0.002184694167226553 
vn 0.19508986175060272 -0.9807829260826111 0.002184694167226553 
vn -0.19508986175060272 0.9807829260826111 0.002184694167226553 
vn -0.19508986175060272 0.9807829260826111 0.002184694167226553 
vn -0.19508986175060272 0.9807829260826111 0.002184694167226553 
vn -0.19508986175060272 0.9807829260826111 0.002184694167226553 
vn -0.9807829260826111 -0.19508986175060272 0.002184694167226553 
vn -0.9807829260826111 -0.19508986175060272 0.002184694167226553 
vn -0.9807829260826111 -0.19508986175060272 0.002184694167226553 
vn -0.9807829260826111 -0.19508986175060272 0.002184694167226553 
vn -2.0682311115474694e-13 0 -1 
vn -2.0682311115474694e-13 0 -1 
vn -2.0682311115474694e-13 0 -1 
vn -2.0682311115474694e-13 0 -1 
vn 0.9807829260826111 0.19508986175060272 0.002184694167226553 
vn 0.9807829260826111 0.19508986175060272 0.002184694167226553 
vn 0.9807829260826111 0.19508986175060272 0.002184694167226553 
vn 0.9807829260826111 0.19508986175060272 0.002184694167226553 
vn 0.19508986175060272 -0.9807829260826111 0.002184694167226553 
vn 0.19508986175060272 -0.9807829260826111 0.002184694167226553 
vn 0.19508986175060272 -0.9807829260826111 0.002184694167226553 
vn 0.19508986175060272 -0.9807829260826111 0.002184694167226553 
vn -0.19508986175060272 0.9807829260826111 0.002184694167226553 
vn -0.19508986175060272 0.9807829260826111 0.002184694167226553 
vn -0.19508986175060272 0.9807829260826111 0.002184694167226553 
vn -0.19508986175060272 0.9807829260826111 0.002184694167226553 
vn -0.9515224695205688 -0.23931750655174255 -0.19321508705615997 
vn -0.9202507138252258 -0.3403036594390869 -0.19321508705615997 
vn -0.8659250140190125 -0.3285572826862335 -0.37712597846984863 
vn -0.8080023527145386 -0.5609015226364136 -0.18033768236637115 
vn -0.756131649017334 -0.5512300133705139 -0.3527185618877411 
vn -0.6227211952209473 -0.7678972482681274 -0.15017375349998474 
vn -0.8807201981544495 -0.2314298003911972 -0.41324591636657715 
vn -0.7750250101089478 -0.3097798824310303 -0.5507928133010864 
vn -0.969104528427124 -0.2466406375169754 0.002184694167226553 
vn -0.940263032913208 -0.34044185280799866 0.002184694167226553 
vn -0.8229818940162659 -0.5680633783340454 0.002184694167226553 
vn -0.9216983914375305 -0.3363629877567291 0.19321508705615997 
vn -0.8062624931335449 -0.563399612903595 0.18033768236637115 
vn -0.8659250140190125 -0.3285572826862335 0.37712597846984863 
vn -0.950668454170227 -0.2426878958940506 0.19321508705615997 
vn -0.8807201981544495 -0.2314298003911972 0.41324591636657715 
vn -0.776584804058075 -0.3058485686779022 0.5507928133010864 
vn -0.8045976758003235 -0.21266192197799683 0.5544344186782837 
vn -0.8548312187194824 -0.22384482622146606 0.46814218163490295 
vn -0.640211284160614 -0.7681957483291626 0.002184694167226553 
vn -0.6558219194412231 -0.2823617160320282 0.7001210451126099 
vn -0.6617959141731262 -0.16789649426937103 0.7306414246559143 
vn -0.7543504238128662 -0.553665041923523 0.3527185618877411 
vn -0.6711385250091553 -0.5379734635353088 0.5100564956665039 
vn -0.5796585083007812 -0.7580098509788513 0.2990269064903259 
vn -0.6227211952209473 -0.7678972482681274 0.15017375349998474 
vn -0.41169705986976624 -0.903968095779419 0.11553031951189041 
vn -0.41728663444519043 -0.9087722897529602 -0.002184694167226553 
vn -0.41169705986976624 -0.903968095779419 -0.11553031951189041 
vn -0.5796585083007812 -0.7580098509788513 -0.2990269064903259 
vn -0.6729898452758789 -0.535655677318573 -0.5100564956665039 
vn -0.6541235446929932 -0.2862740755081177 -0.7001210451126099 
vn -0.8035430908203125 -0.2166125476360321 -0.5544344186782837 
vn -0.6607820987701416 -0.17184333503246307 -0.7306414246559143 
vn -0.5080892443656921 -0.25187984108924866 -0.8236515522003174 
vn -0.5337191820144653 -0.1567140817642212 -0.8310141563415527 
vn -0.6212253570556641 -0.12381003797054291 -0.7737894654273987 
vn -0.8557034134864807 -0.22048719227313995 -0.46814218163490295 
vn -0.3661102056503296 -0.12610624730587006 -0.9219872951507568 
vn -0.3414956033229828 -0.22192029654979706 -0.913308322429657 
vn -0.1793997436761856 -0.08759251981973648 -0.97986900806427 
vn -0.15812015533447266 -0.18353164196014404 -0.9702134728431702 
vn 0.007515863515436649 -0.047453295439481735 -0.9988451600074768 
vn 0.028180450201034546 -0.1453060656785965 -0.9889853596687317 
vn 0.1994984894990921 -0.007554728537797928 -0.97986900806427 
vn 0.21610502898693085 -0.1094735860824585 -0.9702134728431702 
vn 0.3860412836074829 0.030192628502845764 -0.9219872951507568 
vn 0.40025219321250916 -0.07527316361665726 -0.913308322429657 
vn 0.5529621839523315 0.06040066480636597 -0.8310141563415527 
vn 0.5694366097450256 -0.03779666870832443 -0.8211658596992493 
vn 0.7020868062973022 0.09036868065595627 -0.7063339352607727 
vn 0.7139841914176941 -0.007552630268037319 -0.7001210451126099 
vn 0.8245207071304321 0.11299613118171692 -0.5544344186782837 
vn 0.8345052003860474 0.015112172812223434 -0.5507928133010864 
vn 0.9145249128341675 0.1354779750108719 -0.3811691105365753 
vn 0.9253932237625122 0.03772786632180214 -0.37712597846984863 
vn 0.970674991607666 0.14303134381771088 -0.19321508705615997 
vn 0.9801095128059387 0.04531319811940193 -0.19321508705615997 
vn 0.9886130690574646 0.15046414732933044 -0.002184694167226553 
vn 0.9986006617546082 0.05283859372138977 -0.002184694167226553 
vn 0.9792816638946533 -0.20249100029468536 0.002184694167226553 
vn 0.9625275135040283 -0.20253179967403412 -0.18033768236637115 
vn 0.8854539394378662 -0.46472206711769104 -0.002184694167226553 
vn 0.8729739785194397 -0.4640735387802124 -0.15017375349998474 
vn 0.7253260612487793 -0.6786419153213501 -0.11553031951189041 
vn 0.7384083271026611 -0.6743503212928772 -0.002184694167226553 
vn 0.5938699841499329 -0.800047755241394 -0.08510008454322815 
vn 0.5987265110015869 -0.8009505867958069 -0.002184694167226553 
vn 0.5519840717315674 -0.8303481936454773 -0.0763898640871048 
vn 0.5555689334869385 -0.8314676284790039 -0.002184694167226553 
vn 0.9101830124855042 -0.2171555459499359 -0.3527185618877411 
vn 0.5280545949935913 -0.8365915417671204 -0.1458524912595749 
vn 0.5685540437698364 -0.8063114881515503 -0.16312000155448914 
vn 0.6952280402183533 -0.6818748712539673 -0.22738653421401978 
vn 0.8270286917686462 -0.47603198885917664 -0.2990269064903259 
vn 0.8284216523170471 -0.2314302623271942 -0.5100564956665039 
vn 0.7127544283866882 -0.25897493958473206 -0.651853621006012 
vn 0.49812325835227966 -0.8401303291320801 -0.21460255980491638 
vn 0.5282809734344482 -0.8144053816795349 -0.2401314377784729 
vn 0.4517408013343811 -0.8504053950309753 -0.26970529556274414 
vn 0.4775539040565491 -0.8246307969093323 -0.30319350957870483 
vn 0.3885948359966278 -0.8641303181648254 -0.3198012113571167 
vn 0.759026050567627 -0.486164391040802 -0.43303996324539185 
vn 0.6421322822570801 -0.6928470134735107 -0.3280687630176544 
vn 0.5666307210922241 -0.7105324864387512 -0.417220801115036 
vn 0.6635054349899292 -0.5063475370407104 -0.5507928133010864 
vn 0.5772003531455994 -0.28455591201782227 -0.7654199600219727 
vn 0.4208522140979767 -0.3169771432876587 -0.8499464392662048 
vn 0.25153669714927673 -0.3500719666481018 -0.9023185968399048 
vn 0.0770234763622284 -0.38358837366104126 -0.9202865362167358 
vn -0.10118288546800613 -0.4190264046192169 -0.9023185968399048 
vn -0.2699526846408844 -0.4524562358856201 -0.8499464392662048 
vn -0.42401352524757385 -0.48409175872802734 -0.7654199600219727 
vn -0.5590749979019165 -0.5123689770698547 -0.651853621006012 
vn -0.5082080364227295 -0.7444467544555664 -0.43303996324539185 
vn -0.41513773798942566 -0.7240773439407349 -0.5507928133010864 
vn -0.29629892110824585 -0.7042170166969299 -0.6452018022537231 
vn -0.168401837348938 -0.674728512763977 -0.7185974717140198 
vn -0.026433901861310005 -0.6463290452957153 -0.762600839138031 
vn 0.12754537165164948 -0.6170109510421753 -0.7765498161315918 
vn 0.27432939410209656 -0.5858185291290283 -0.762600839138031 
vn 0.4190879762172699 -0.554962158203125 -0.7185974717140198 
vn 0.5475381016731262 -0.5328383445739746 -0.6452018022537231 
vn 0.4794240891933441 -0.7272752523422241 -0.4911448359489441 
vn 0.41042232513427734 -0.839192807674408 -0.3568037748336792 
vn 0.3290949761867523 -0.8759486675262451 -0.3527185618877411 
vn 0.33761805295944214 -0.8533416986465454 -0.3972681760787964 
vn 0.2587895691394806 -0.88927161693573 -0.37712597846984863 
vn 0.258649617433548 -0.8693107962608337 -0.42118772864341736 
vn 0.18003539741039276 -0.905099093914032 -0.3852050006389618 
vn 0.17830102145671844 -0.8854852914810181 -0.42909738421440125 
vn 0.0960555449128151 -0.9018726348876953 -0.42118772864341736 
vn 0.11106011271476746 -0.9194790124893188 -0.37712597846984863 
vn 0.04154994338750839 -0.9348065257072449 -0.3527185618877411 
vn 0.020780349150300026 -0.9174672365188599 -0.3972681760787964 
vn -0.05096560716629028 -0.932788074016571 -0.3568037748336792 
vn -0.022662388160824776 -0.9472135901451111 -0.3198012113571167 
vn -0.11860963702201843 -0.9455186128616333 -0.30319350957870483 
vn -0.0811038613319397 -0.9595213532447815 -0.26970529556274414 
vn -0.17269571125507355 -0.9552555084228516 -0.2401314377784729 
vn -0.12608177959918976 -0.9685293436050415 -0.21460255980491638 
vn -0.2079572230577469 -0.9644405841827393 -0.16312000155448914 
vn -0.16724388301372528 -0.9750674366950989 -0.1458524912595749 
vn -0.2301194667816162 -0.969434380531311 -0.08510008454322815 
vn -0.18386723101139069 -0.9799782633781433 -0.0763898640871048 
vn -0.23931509256362915 -0.9709395170211792 -0.002184694167226553 
vn -0.19508986175060272 -0.9807829260826111 -0.002184694167226553 
vn -0.18386723101139069 -0.9799782633781433 0.0763898640871048 
vn -0.2301194667816162 -0.969434380531311 0.08510008454322815 
vn -0.16518372297286987 -0.9754185676574707 0.1458524912595749 
vn -0.37178635597229004 -0.90003901720047 -0.22738653421401978 
vn -0.3219076693058014 -0.8881139159202576 -0.3280687630176544 
vn -0.2534034848213196 -0.8727619647979736 -0.417220801115036 
vn -0.1632237285375595 -0.8556487560272217 -0.4911448359489441 
vn -0.060398977249860764 -0.8348587155342102 -0.5471406579017639 
vn 0.04905645176768303 -0.8134050965309143 -0.5796254277229309 
vn 0.16326741874217987 -0.7905317544937134 -0.590256929397583 
vn 0.27041128277778625 -0.7687081098556519 -0.5796254277229309 
vn 0.3786613345146179 -0.7464935779571533 -0.5471406579017639 
vn 2.0682311115474694e-13 4.2775797696334704e-26 -1 
vn 0.19169622659683228 0.03764791041612625 -0.9807319641113281 
vn 2.0682311115474694e-13 4.2775797696334704e-26 -1 
vn 0.19169622659683228 0.03764791041612625 -0.9807319641113281 
vn 0.37573251128196716 0.07522031664848328 -0.9236704111099243 
vn 0.37573251128196716 0.07522031664848328 -0.9236704111099243 
vn 0.5447168946266174 0.1126895621418953 -0.8310141563415527 
vn 0.5447168946266174 0.1126895621418953 -0.8310141563415527 
vn 0.6933884620666504 0.14249494671821594 -0.7063339352607727 
vn 0.6933884620666504 0.14249494671821594 -0.7063339352607727 
vn 0.8156788945198059 0.16513778269290924 -0.5544344186782837 
vn 0.8156788945198059 0.16513778269290924 -0.5544344186782837 
vn 0.9067872166633606 0.1801305115222931 -0.3811691105365753 
vn 0.9067872166633606 0.1801305115222931 -0.3811691105365753 
vn 0.9615597128868103 0.19511756300926208 -0.19321508705615997 
vn 0.9615597128868103 0.19511756300926208 -0.19321508705615997 
vn 0.9807829260826111 0.19508986175060272 -0.002184694167226553 
vn 0.9807829260826111 0.19508986175060272 0.002184694167226553 
vn -0.19169622659683228 -0.03764791041612625 -0.9807319641113281 
vn -0.19169622659683228 -0.03764791041612625 -0.9807319641113281 
vn -0.37573251128196716 -0.07522031664848328 -0.9236704111099243 
vn -0.37573251128196716 -0.07522031664848328 -0.9236704111099243 
vn -0.5447168946266174 -0.1126895621418953 -0.8310141563415527 
vn -0.5447168946266174 -0.1126895621418953 -0.8310141563415527 
vn -0.7150453329086304 -0.14271312952041626 -0.6843559741973877 
vn -0.6941385865211487 -0.13879455626010895 -0.7063339352607727 
vn -0.8156788945198059 -0.16513778269290924 -0.5544344186782837 
vn -0.8156788945198059 -0.16513778269290924 -0.5544344186782837 
vn -0.905099093914032 -0.18003539741039276 -0.3852050006389618 
vn -0.905099093914032 -0.18003539741039276 -0.3852050006389618 
vn -0.958899199962616 -0.1950688362121582 -0.2060592919588089 
vn -0.9607231616973877 -0.19494780898094177 -0.1975002884864807 
vn -0.9792816638946533 -0.20249100029468536 -0.002184694167226553 
vn -0.9792816638946533 -0.20249100029468536 -0.002184694167226553 
vn -0.9607231616973877 -0.19494780898094177 0.1975002884864807 
vn -0.9596911072731018 -0.19113479554653168 0.2060592919588089 
vn -0.905099093914032 -0.18003539741039276 0.3852050006389618 
vn -0.905099093914032 -0.18003539741039276 0.3852050006389618 
vn -0.8164656162261963 -0.1612030267715454 0.5544344186782837 
vn -0.8164656162261963 -0.1612030267715454 0.5544344186782837 
vn -0.7151376605033875 -0.14224973320960999 0.6843559741973877 
vn -0.7577454447746277 -0.14976449310779572 0.6351318359375 
vn -0.7576542496681213 -0.15022508800029755 -0.6351318359375 
vn -0.6934373378753662 -0.1422567367553711 0.7063339352607727 
vn -0.5448157787322998 -0.11221054941415787 0.8310141563415527 
vn -0.5448157787322998 -0.11221054941415787 0.8310141563415527 
vn -0.3758251368999481 -0.07475626468658447 0.9236704111099243 
vn -0.3758251368999481 -0.07475626468658447 0.9236704111099243 
vn -0.19178472459316254 -0.03719445690512657 0.9807319641113281 
vn -0.19178472459316254 -0.03719445690512657 0.9807319641113281 
vn 0 0 1 
vn 0 0 1 
vn 0.19178472459316254 0.03719445690512657 0.9807319641113281 
vn 0.19178472459316254 0.03719445690512657 0.9807319641113281 
vn 0.3758251368999481 0.07475626468658447 0.9236704111099243 
vn 0.3758251368999481 0.07475626468658447 0.9236704111099243 
vn 0.5448157787322998 0.11221054941415787 0.8310141563415527 
vn 0.5448157787322998 0.11221054941415787 0.8310141563415527 
vn 0.6934373378753662 0.1422567367553711 0.7063339352607727 
vn 0.6934373378753662 0.1422567367553711 0.7063339352607727 
vn 0.8157264590263367 0.16490265727043152 0.5544344186782837 
vn 0.8157264590263367 0.16490265727043152 0.5544344186782837 
vn 0.9068331122398376 0.17989958822727203 0.3811691105365753 
vn 0.9068331122398376 0.17989958822727203 0.3811691105365753 
vn 0.9616075158119202 0.19488193094730377 0.19321508705615997 
vn 0.9616075158119202 0.19488193094730377 0.19321508705615997 
vn 0.9807829260826111 0.19508986175060272 -0.002184694167226553 
vn 0.9807829260826111 0.19508986175060272 0.002184694167226553 
vn 0.5290773510932922 -0.8359450697898865 0.1458524912595749 
vn 0.5938699841499329 -0.800047755241394 0.08510008454322815 
vn 0.5685540437698364 -0.8063114881515503 0.16312000155448914 
vn 0.6958799362182617 -0.6812095642089844 0.22738653421401978 
vn 0.642856776714325 -0.6921748518943787 0.3280687630176544 
vn 0.8270286917686462 -0.47603198885917664 0.2990269064903259 
vn 0.759394645690918 -0.4855884909629822 0.43303996324539185 
vn 0.7253260612487793 -0.6786419153213501 0.11553031951189041 
vn 0.5519840717315674 -0.8303481936454773 0.0763898640871048 
vn 0.49812325835227966 -0.8401303291320801 0.21460255980491638 
vn 0.5282809734344482 -0.8144053816795349 0.2401314377784729 
vn 0.44621676206588745 -0.8533168435096741 0.26970529556274414 
vn 0.4775539040565491 -0.8246307969093323 0.30319350957870483 
vn 0.38985195755958557 -0.8635638952255249 0.3198012113571167 
vn 0.5674728155136108 -0.70986008644104 0.417220801115036 
vn 0.6639800667762756 -0.5057250261306763 0.5507928133010864 
vn 0.4794240891933441 -0.7272752523422241 0.4911448359489441 
vn 0.41162562370300293 -0.8386032581329346 0.3568037748336792 
vn 0.3233850598335266 -0.8780727386474609 0.3527185618877411 
vn 0.33895131945610046 -0.8528130054473877 0.3972681760787964 
vn 0.3798404335975647 -0.7458943128585815 0.5471406579017639 
vn 0.5488276481628418 -0.5315099358558655 0.6452018022537231 
vn 0.5774433016777039 -0.28406259417533875 0.7654199600219727 
vn 0.7128971219062805 -0.25858187675476074 0.651853621006012 
vn 0.8285096287727356 -0.23111505806446075 0.5100564956665039 
vn 0.9102482199668884 -0.2168818861246109 0.3527185618877411 
vn 0.8729739785194397 -0.4640735387802124 0.15017375349998474 
vn 0.8854539394378662 -0.46472206711769104 -0.002184694167226553 
vn 0.7384083271026611 -0.6743503212928772 -0.002184694167226553 
vn 0.5987265110015869 -0.8009505867958069 -0.002184694167226553 
vn 0.5555689334869385 -0.8314676284790039 -0.002184694167226553 
vn 0.96099853515625 -0.20966672897338867 0.18033768236637115 
vn 0.9792816638946533 -0.20249100029468536 0.002184694167226553 
vn 0.9801120758056641 0.045257773250341415 0.19321508705615997 
vn 0.9986006617546082 0.05283859372138977 -0.002184694167226553 
vn 0.9886130690574646 0.15046414732933044 -0.002184694167226553 
vn 0.9707006216049194 0.14285752177238464 0.19321508705615997 
vn 0.9253932237625122 0.03772786632180214 0.37712597846984863 
vn 0.91455078125 0.1353033035993576 0.3811691105365753 
vn 0.8345056176185608 0.015090431086719036 0.5507928133010864 
vn 0.7139843702316284 -0.007539937272667885 0.7001210451126099 
vn 0.5694471597671509 -0.037638090550899506 0.8211658596992493 
vn 0.7021063566207886 0.09021635353565216 0.7063339352607727 
vn 0.5529904961585999 0.06014133617281914 0.8310141563415527 
vn 0.3860485553741455 0.03009934164583683 0.9219872951507568 
vn 0.8234859704971313 0.12030518054962158 0.5544344186782837 
vn 0.40033426880836487 -0.07483544200658798 0.913308322429657 
vn 0.42178046703338623 -0.3157409131526947 0.8499464392662048 
vn 0.4148320257663727 -0.558150589466095 0.7185974717140198 
vn 0.2718062102794647 -0.7682159543037415 0.5796254277229309 
vn 0.258649617433548 -0.8693107962608337 0.42118772864341736 
vn 0.2587895691394806 -0.88927161693573 0.37712597846984863 
vn 0.18003539741039276 -0.905099093914032 0.3852050006389618 
vn 0.1799163818359375 -0.8851584792137146 0.42909738421440125 
vn 0.0960555449128151 -0.9018726348876953 0.42118772864341736 
vn 0.11106011271476746 -0.9194790124893188 0.37712597846984863 
vn 0.015093809925019741 -0.917578399181366 0.3972681760787964 
vn 0.035840995609760284 -0.9350427985191345 0.3527185618877411 
vn -0.05654916539788246 -0.9324662089347839 0.3568037748336792 
vn -0.028290575370192528 -0.9470621943473816 0.3198012113571167 
vn -0.11860963702201843 -0.9455186128616333 0.30319350957870483 
vn -0.07912348955869675 -0.9596866965293884 0.26970529556274414 
vn -0.17269571125507355 -0.9552555084228516 0.2401314377784729 
vn -0.12608177959918976 -0.9685293436050415 0.21460255980491638 
vn -0.2079572230577469 -0.9644405841827393 0.16312000155448914 
vn -0.3765760660171509 -0.898045539855957 0.22738653421401978 
vn -0.31974169611930847 -0.8888959884643555 0.3280687630176544 
vn -0.2512659430503845 -0.8733797669410706 0.417220801115036 
vn -0.1632237285375595 -0.8556487560272217 0.4911448359489441 
vn -0.05843082442879677 -0.8349987864494324 0.5471406579017639 
vn 0.04333794116973877 -0.8137298226356506 0.5796254277229309 
vn 0.1574799120426178 -0.7917050123214722 0.590256929397583 
vn 0.27556005120277405 -0.5852406620979309 0.762600839138031 
vn 0.12176201492547989 -0.6181782484054565 0.7765498161315918 
vn -0.024501189589500427 -0.6464052200317383 0.762600839138031 
vn -0.16417481005191803 -0.6757694482803345 0.7185974717140198 
vn -0.2988894283771515 -0.7031214237213135 0.6452018022537231 
vn -0.41295698285102844 -0.7253232598304749 0.5507928133010864 
vn -0.5122779011726379 -0.7416520714759827 0.43303996324539185 
vn -0.5571255087852478 -0.514488160610199 0.651853621006012 
vn -0.4219413101673126 -0.4858990013599396 0.7654199600219727 
vn -0.2656034827232361 -0.4550229609012604 0.8499464392662048 
vn -0.0969695895910263 -0.4200214147567749 0.9023185968399048 
vn 0.08024106919765472 -0.3829282224178314 0.9202865362167358 
vn 0.25337642431259155 -0.3487427234649658 0.9023185968399048 
vn 0.2166084498167038 -0.10847409069538116 0.9702134728431702 
vn 0.1995001882314682 -0.007509511895477772 0.97986900806427 
vn 0.031379908323287964 -0.14464884996414185 0.9889853596687317 
vn -0.15966886281967163 -0.18218590319156647 0.9702134728431702 
vn -0.3422459065914154 -0.22076141834259033 0.913308322429657 
vn -0.5108604431152344 -0.2543782591819763 0.8211658596992493 
vn -0.5339116454124451 -0.1560569405555725 0.8310141563415527 
vn -0.6205251216888428 -0.12727291882038116 0.7737894654273987 
vn -0.36744508147239685 -0.12216214090585709 0.9219872951507568 
vn -0.18124403059482574 -0.0837097242474556 0.97986900806427 
vn 0.009147304110229015 -0.04716598615050316 0.9988451600074768 
vn 0.19508986175060272 -0.9807829260826111 0.002184694167226553 
vn 0.19508986175060272 -0.9807829260826111 0.002184694167226553 
vn 0.19508986175060272 -0.9807829260826111 -0.002184694167226553 
vn 0.19508986175060272 -0.9807829260826111 -0.002184694167226553 
vn 0.19508986175060272 -0.9807829260826111 -0.002184694167226553 
vn 0.19508986175060272 -0.9807829260826111 -0.002184694167226553 
vn 0.19508986175060272 -0.9807829260826111 0.002184694167226553 
vn 0.19508986175060272 -0.9807829260826111 0.002184694167226553 
vn 0.19508986175060272 -0.9807829260826111 0.002184694167226553 
vn 0.19508986175060272 -0.9807829260826111 0.002184694167226553 
vn 0.19508986175060272 -0.9807829260826111 0.002184694167226553 
vn 0.19508986175060272 -0.9807829260826111 0.002184694167226553 
vn 0.19508986175060272 -0.9807829260826111 0.002184694167226553 
vn 0.19508986175060272 -0.9807829260826111 -0.002184694167226553 
vn 0.19508986175060272 -0.9807829260826111 0.002184694167226553 
vn 0.19508986175060272 -0.9807829260826111 0.002184694167226553 
vn 0.19508986175060272 -0.9807829260826111 0.002184694167226553 
vn 0.19508986175060272 -0.9807829260826111 -0.002184694167226553 
vn 0.19508986175060272 -0.9807829260826111 -0.002184694167226553 
vn 0.19508986175060272 -0.9807829260826111 -0.002184694167226553 
vn 0.19508986175060272 -0.9807829260826111 0.002184694167226553 
vn 0.19508986175060272 -0.9807829260826111 -0.002184694167226553 
vn 0.19508986175060272 -0.9807829260826111 -0.002184694167226553 
vn 0.19508986175060272 -0.9807829260826111 0.002184694167226553 
vn 0.19508986175060272 -0.9807829260826111 0.002184694167226553 
vn 0.19508986175060272 -0.9807829260826111 0.002184694167226553 
vn 0.19508986175060272 -0.9807829260826111 0.002184694167226553 
vn 0.19508986175060272 -0.9807829260826111 -0.002184694167226553 
vn 0.19508986175060272 -0.9807829260826111 -0.002184694167226553 
vn 0.19508986175060272 -0.9807829260826111 -0.002184694167226553 
vn 0.19508986175060272 -0.9807829260826111 -0.002184694167226553 
vn 0.19508986175060272 -0.9807829260826111 0.002184694167226553 
vn 0.19508986175060272 -0.9807829260826111 0.002184694167226553 
vn 0.6933884620666504 0.14249494671821594 -0.7063339352607727 
vn 0.6933884620666504 0.14249494671821594 -0.7063339352607727 
vn 0.6933884620666504 0.14249494671821594 -0.7063339352607727 
vn 0.6933884620666504 0.14249494671821594 -0.7063339352607727 
vn 0.19508986175060272 -0.9807829260826111 0.002184694167226553 
vn 0.19508986175060272 -0.9807829260826111 -0.002184694167226553 
vn 0.19508986175060272 -0.9807829260826111 0.002184694167226553 
vn 0.19508986175060272 -0.9807829260826111 -0.002184694167226553 
vn 0.19508986175060272 -0.9807829260826111 -0.002184694167226553 
vn 0.19508986175060272 -0.9807829260826111 -0.002184694167226553 
vn 0.19508986175060272 -0.9807829260826111 0.002184694167226553 
vn 0.19508986175060272 -0.9807829260826111 -0.002184694167226553 
vn 0.19508986175060272 -0.9807829260826111 0.002184694167226553 
vn 0.19508986175060272 -0.9807829260826111 -0.002184694167226553 
vn 0.19508986175060272 -0.9807829260826111 -0.002184694167226553 
vn 0.19508986175060272 -0.9807829260826111 0.002184694167226553 
vn 0.19508986175060272 -0.9807829260826111 0.002184694167226553 
vn 0.19508986175060272 -0.9807829260826111 -0.002184694167226553 
vn 0.19508986175060272 -0.9807829260826111 -0.002184694167226553 
vn 0.19508986175060272 -0.9807829260826111 0.002184694167226553 
vn 0.19508986175060272 -0.9807829260826111 0.002184694167226553 
vn 0.19508986175060272 -0.9807829260826111 0.002184694167226553 
vn 0.19508986175060272 -0.9807829260826111 0.002184694167226553 
vn 0.19508986175060272 -0.9807829260826111 0.002184694167226553 
vn 0.19508986175060272 -0.9807829260826111 0.002184694167226553 
vn 0.19508986175060272 -0.9807829260826111 0.002184694167226553 
vn 0.19508986175060272 -0.9807829260826111 0.002184694167226553 
vn 0.19508986175060272 -0.9807829260826111 0.002184694167226553 
vn 0.19508986175060272 -0.9807829260826111 -0.002184694167226553 
vn 0.19508986175060272 -0.9807829260826111 0.002184694167226553 
vn 0.19508986175060272 -0.9807829260826111 0.002184694167226553 
vn 0.19508986175060272 -0.9807829260826111 0.002184694167226553 
vn 0.19508986175060272 -0.9807829260826111 -0.002184694167226553 
vn 0.19508986175060272 -0.9807829260826111 0.002184694167226553 
vn 0.19508986175060272 -0.9807829260826111 0.002184694167226553 
vn 0.19508986175060272 -0.9807829260826111 0.002184694167226553 
vn 0.19508986175060272 -0.9807829260826111 0.002184694167226553 
vn 0.19508986175060272 -0.9807829260826111 -0.002184694167226553 
vn 0.19508986175060272 -0.9807829260826111 0.002184694167226553 
vn 0.19508986175060272 -0.9807829260826111 0.002184694167226553 
vn 0.19508986175060272 -0.9807829260826111 0.002184694167226553 
vn 0.19508986175060272 -0.9807829260826111 0.002184694167226553 
vn 0.19508986175060272 -0.9807829260826111 0.002184694167226553 
vn 0.19508986175060272 -0.9807829260826111 0.002184694167226553 
vn 0.19508986175060272 -0.9807829260826111 -0.002184694167226553 
vn 0.19508986175060272 -0.9807829260826111 -0.002184694167226553 
vn 0.19508986175060272 -0.9807829260826111 0.002184694167226553 
vn 0.19508986175060272 -0.9807829260826111 0.002184694167226553 
vn 0.19508986175060272 -0.9807829260826111 0.002184694167226553 
vn 0.19508986175060272 -0.9807829260826111 0.002184694167226553 
vn 0.19508986175060272 -0.9807829260826111 0.002184694167226553 
vn 0.19508986175060272 -0.9807829260826111 0.002184694167226553 
vn 0.19508986175060272 -0.9807829260826111 0.002184694167226553 
vn 0.19508986175060272 -0.9807829260826111 -0.002184694167226553 
vn 0.19508986175060272 -0.9807829260826111 -0.002184694167226553 
vn 0.19508986175060272 -0.9807829260826111 -0.002184694167226553 
vn 0.19508986175060272 -0.9807829260826111 -0.002184694167226553 
vn 0.19508986175060272 -0.9807829260826111 0.002184694167226553 
vn 0.19508986175060272 -0.9807829260826111 0.002184694167226553 
vn 0.19508986175060272 -0.9807829260826111 0.002184694167226553 
vn 0.19178472459316254 0.03719445690512657 0.9807319641113281 
vn 0.19178472459316254 0.03719445690512657 0.9807319641113281 
vn 0.3758251368999481 0.07475626468658447 0.9236704111099243 
vn 0.3758251368999481 0.07475626468658447 0.9236704111099243 
vn 0 0 1 
vn 0 0 1 
vn -0.19178472459316254 -0.03719445690512657 0.9807319641113281 
vn -0.19178472459316254 -0.03719445690512657 0.9807319641113281 
vn -0.3758251368999481 -0.07475626468658447 0.9236704111099243 
vn -0.3758251368999481 -0.07475626468658447 0.9236704111099243 
vn -0.5448157787322998 -0.11221054941415787 0.8310141563415527 
vn -0.5448157787322998 -0.11221054941415787 0.8310141563415527 
vn -0.6934373378753662 -0.1422567367553711 0.7063339352607727 
vn -0.6934373378753662 -0.1422567367553711 0.7063339352607727 
vn -0.8164656162261963 -0.1612030267715454 0.5544344186782837 
vn -0.8164656162261963 -0.1612030267715454 0.5544344186782837 
vn -0.9068331122398376 -0.17989958822727203 0.3811691105365753 
vn -0.9068331122398376 -0.17989958822727203 0.3811691105365753 
vn -0.9623497724533081 -0.19118285179138184 0.19321508705615997 
vn -0.9623497724533081 -0.19118285179138184 0.19321508705615997 
vn -0.9807829260826111 -0.19508986175060272 -0.002184694167226553 
vn -0.9807829260826111 -0.19508986175060272 0.002184694167226553 
vn -0.9615597128868103 -0.19511756300926208 -0.19321508705615997 
vn -0.9615597128868103 -0.19511756300926208 -0.19321508705615997 
vn -0.9060437679290771 -0.18383349478244781 -0.3811691105365753 
vn -0.9060437679290771 -0.18383349478244781 -0.3811691105365753 
vn -0.8156788945198059 -0.16513778269290924 -0.5544344186782837 
vn -0.8156788945198059 -0.16513778269290924 -0.5544344186782837 
vn -0.6941385865211487 -0.13879455626010895 -0.7063339352607727 
vn -0.6941385865211487 -0.13879455626010895 -0.7063339352607727 
vn -0.5447168946266174 -0.1126895621418953 -0.8310141563415527 
vn -0.5447168946266174 -0.1126895621418953 -0.8310141563415527 
vn -0.37573251128196716 -0.07522031664848328 -0.9236704111099243 
vn -0.37573251128196716 -0.07522031664848328 -0.9236704111099243 
vn -0.19169622659683228 -0.03764791041612625 -0.9807319641113281 
vn -0.19169622659683228 -0.03764791041612625 -0.9807319641113281 
vn 2.0682311115474694e-13 4.2775797696334704e-26 -1 
vn -2.0682311115474694e-13 0 -1 
vn 0.19169622659683228 0.03764791041612625 -0.9807319641113281 
vn 0.19169622659683228 0.03764791041612625 -0.9807319641113281 
vn 0.37573251128196716 0.07522031664848328 -0.9236704111099243 
vn 0.37573251128196716 0.07522031664848328 -0.9236704111099243 
vn 0.5447168946266174 0.1126895621418953 -0.8310141563415527 
vn 0.5447168946266174 0.1126895621418953 -0.8310141563415527 
vn 0.6933884620666504 0.14249494671821594 -0.7063339352607727 
vn 0.6933884620666504 0.14249494671821594 -0.7063339352607727 
vn 0.8156788945198059 0.16513778269290924 -0.5544344186782837 
vn 0.8156788945198059 0.16513778269290924 -0.5544344186782837 
vn 0.9067872166633606 0.1801305115222931 -0.3811691105365753 
vn 0.9067872166633606 0.1801305115222931 -0.3811691105365753 
vn 0.9615597128868103 0.19511756300926208 -0.19321508705615997 
vn 0.9615597128868103 0.19511756300926208 -0.19321508705615997 
vn 0.9807829260826111 0.19508986175060272 -0.002184694167226553 
vn 0.9807829260826111 0.19508986175060272 -0.002184694167226553 
vn 0.09048829227685928 0.9957801103591919 0.0152922747656703 
vn 0.0904986634850502 0.995894193649292 -0.002184694167226553 
vn -0.05283758416771889 0.99858158826828 0.006554040592163801 
vn -0.08297525346279144 0.9965491890907288 0.002184694167226553 
vn -0.2466406375169754 0.969104528427124 -0.002184694167226553 
vn -0.2466406375169754 0.969104528427124 0.002184694167226553 
vn -0.05283758416771889 0.99858158826828 -0.006554040592163801 
vn 0.09048829227685928 0.9957801103591919 -0.0152922747656703 
vn 0.5448157787322998 0.11221054941415787 0.8310141563415527 
vn 0.5448157787322998 0.11221054941415787 0.8310141563415527 
vn 0.6934373378753662 0.1422567367553711 0.7063339352607727 
vn 0.6934373378753662 0.1422567367553711 0.7063339352607727 
vn 0.8157264590263367 0.16490265727043152 0.5544344186782837 
vn 0.8157264590263367 0.16490265727043152 0.5544344186782837 
vn 0.9068331122398376 0.17989958822727203 0.3811691105365753 
vn 0.9068331122398376 0.17989958822727203 0.3811691105365753 
vn 0.9616075158119202 0.19488193094730377 0.19321508705615997 
vn 0.9616075158119202 0.19488193094730377 0.19321508705615997 
vn 0.9807829260826111 0.19508986175060272 -0.002184694167226553 
vn 0.9807829260826111 0.19508986175060272 -0.002184694167226553 
vn 0.6934373378753662 0.1422567367553711 0.7063339352607727 
vn 0.6934373378753662 0.1422567367553711 0.7063339352607727 
vn 0.6934373378753662 0.1422567367553711 0.7063339352607727 
vn 0.6934373378753662 0.1422567367553711 0.7063339352607727 
vn -0.773335874080658 -0.509634792804718 0.37712597846984863 
vn -0.9638193249702454 0.1390959918498993 0.22738653421401978 
vn -0.839118480682373 -0.4960780143737793 0.22312943637371063 
vn -0.9471227526664734 -0.3009907305240631 -0.1111890971660614 
vn -0.9817700982093811 -0.0716802105307579 -0.1760382205247879 
vn -0.8403558731079102 -0.5359870195388794 0.08074574917554855 
vn -0.9876754879951477 0.14668670296669006 -0.05459024757146835 
vn -0.7199161052703857 -0.6812236905097961 0.1328723281621933 
vn -0.7199161052703857 -0.6812236905097961 -0.1328723281621933 
vn -0.32396310567855835 -0.9311366081237793 0.16742929816246033 
vn -0.3261261284351349 -0.930381178855896 -0.16742929816246033 
vn -0.46730586886405945 -0.8597469329833984 -0.2060592919588089 
vn -0.8420159220695496 -0.5333753824234009 -0.08074574917554855 
vn -0.9876754879951477 0.14668670296669006 0.05459024757146835 
vn -0.8363103270530701 0.5329750180244446 0.12854042649269104 
vn -0.8363103270530701 0.5329750180244446 -0.12854042649269104 
vn -0.8277838230133057 0.21659255027770996 -0.5175535082817078 
vn -0.72185218334198 -0.5580618977546692 -0.40926313400268555 
vn -0.9471227526664734 -0.3009907305240631 0.1111890971660614 
vn -0.7200247645378113 -0.5604177713394165 0.40926313400268555 
vn -0.9817700982093811 -0.0716802105307579 0.1760382205247879 
vn -0.828806459903717 0.21264563500881195 0.5175535082817078 
vn -0.4651221036911011 -0.860930323600769 0.2060592919588089 
vn -0.8368616104125977 -0.49987587332725525 -0.22312943637371063 
vn -0.773335874080658 -0.509634792804718 -0.37712597846984863 
vn -0.9643275737762451 0.13552740216255188 -0.22738653421401978 
vn -0.9079236388206482 0.1652023196220398 0.3852050006389618 
vn -0.9079236388206482 0.1652023196220398 -0.3852050006389618 
vn 0.19508986175060272 -0.9807829260826111 0.002184694167226553 
vn 0.19508986175060272 -0.9807829260826111 0.002184694167226553 
vn 0.19508986175060272 -0.9807829260826111 0.002184694167226553 
vn 0.19508986175060272 -0.9807829260826111 -0.002184694167226553 
vn 0.19508986175060272 -0.9807829260826111 -0.002184694167226553 
vn 0.19508986175060272 -0.9807829260826111 -0.002184694167226553 
vn 0.19508986175060272 -0.9807829260826111 -0.002184694167226553 
vn 0.0904986634850502 -0.995894193649292 -0.002184694167226553 
vn 0.20787262916564941 -0.9713093042373657 -0.11553031951189041 
vn -0.11111374944448471 -0.989773690700531 -0.08945280313491821 
vn 0.003776365192607045 -0.9977003335952759 -0.06767380982637405 
vn 0.4223847985267639 -0.9000972509384155 -0.10684575140476227 
vn 0.003776365192607045 -0.9977003335952759 0.06767380982637405 
vn 0.4236150085926056 -0.8995189070701599 0.10684575140476227 
vn 0.20787262916564941 -0.9713093042373657 0.11553031951189041 
vn -0.11111374944448471 -0.989773690700531 0.08945280313491821 
vn 0.0904986634850502 -0.995894193649292 -0.002184694167226553 
vn -0.18196263909339905 -0.9812650084495544 0.0633138045668602 
vn -0.3927326500415802 -0.9161010980606079 0.08074574917554855 
vn -0.3772565424442291 -0.9194098711013794 0.1111890971660614 
vn -0.4104118347167969 -0.9118976593017578 0.002184694167226553 
vn -0.3949149250984192 -0.9151624441146851 -0.08074574917554855 
vn -0.18196263909339905 -0.9812650084495544 -0.0633138045668602 
vn -0.3772565424442291 -0.9194098711013794 -0.1111890971660614 
vn -0.42037805914878845 -0.12628991901874542 0.8985171914100647 
vn -0.4163813591003418 -0.11156905442476273 0.9023185968399048 
vn -0.4194459915161133 -0.11531338840723038 0.9004265069961548 
vn -0.268073707818985 -0.08156497031450272 0.9599394202232361 
vn -0.23185433447360992 -0.0702098160982132 0.9702134728431702 
vn -0.055455323308706284 -0.03484489023685455 0.9978529810905457 
vn -0.055455323308706284 -0.03484489023685455 0.9978529810905457 
vn 0.43853017687797546 0.8727181553840637 -0.21460255980491638 
vn 0.42367783188819885 0.894688069820404 -0.1415284425020218 
vn 0.15975335240364075 0.9446695446968079 -0.2864931523799896 
vn 0.12804363667964935 0.982232391834259 -0.1372016966342926 
vn -0.18563085794448853 0.9247642159461975 -0.33219319581985474 
vn -0.19511406123638153 0.9663839340209961 -0.16742929816246033 
vn 0.12227663397789001 0.9829670190811157 0.1372016966342926 
vn -0.19303014874458313 0.9668023586273193 0.16742929816246033 
vn 0.15397357940673828 0.9456287622451782 0.2864931523799896 
vn -0.18563085794448853 0.9247642159461975 0.33219319581985474 
vn 0.38268253207206726 0.9238772988319397 -0.002184694167226553 
vn 0.42367783188819885 0.894688069820404 0.1415284425020218 
vn 0.43853017687797546 0.8727181553840637 0.21460255980491638 
vn -0.42135125398635864 -0.12300398200750351 -0.8985171914100647 
vn -0.41418492794036865 -0.11946521699428558 -0.9023185968399048 
vn -0.41621774435043335 -0.11217791587114334 -0.9023185968399048 
vn -0.2690500319004059 -0.07828429341316223 -0.9599394202232361 
vn -0.23164792358875275 -0.07088787108659744 -0.9702134728431702 
vn -0.058527544140815735 -0.0293936375528574 -0.9978529810905457 
vn -0.058527544140815735 -0.0293936375528574 -0.9978529810905457 
vn -0.0019445375073701143 0.00851957593113184 -0.999961793422699 
vn 0.2896770238876343 0.08218880742788315 -0.953589141368866 
vn -0.0019445375073701143 0.00851957593113184 -0.999961793422699 
vn 0.26568642258644104 0.07478378713130951 -0.961154580116272 
vn 0.4919842779636383 0.12725749611854553 -0.8612531423568726 
vn 0.4919842779636383 0.12725749611854553 -0.8612531423568726 
vn 0.19508986175060272 -0.9807829260826111 0.002184694167226553 
vn 0.3118877410888672 -0.9501164555549622 -0.002184694167226553 
vn 0.19508986175060272 -0.9807829260826111 0.002184694167226553 
vn 0.3118877410888672 -0.9501164555549622 0.002184694167226553 
vn 0.3965924084186554 -0.9179922342300415 0.002184694167226553 
vn 0.3964788317680359 -0.9177293181419373 0.024029340595006943 
vn 0.39625173807144165 -0.9172036647796631 0.04149730131030083 
vn 0.3964788317680359 -0.9177293181419373 -0.024029340595006943 
vn 0.39625173807144165 -0.9172036647796631 -0.04149730131030083 
vn 0.9068331122398376 0.17989958822727203 0.3811691105365753 
vn 0.8781642317771912 0.19463065266609192 0.43697428703308105 
vn 0.8059424757957458 0.1869913786649704 0.5616858005523682 
vn 0.8709861040115356 0.2167721837759018 0.4409002661705017 
vn 0.7459520101547241 0.3849508464336395 0.5434780716896057 
vn 0.8366196751594543 0.40110114216804504 0.37307560443878174 
vn 0.6848833560943604 0.1789613664150238 0.7063339352607727 
vn 0.9644911289215088 0.18006886541843414 0.19321508705615997 
vn 0.9644911289215088 0.18006886541843414 0.19321508705615997 
vn 0.9836175441741943 0.18025460839271545 0.002184694167226553 
vn 0.9836175441741943 0.18025460839271545 -0.002184694167226553 
vn 0.9644503593444824 0.18028701841831207 -0.19321508705615997 
vn 0.9644503593444824 0.18028701841831207 -0.19321508705615997 
vn 0.8781074285507202 0.1948866993188858 -0.43697428703308105 
vn 0.9067872166633606 0.1801305115222931 -0.3811691105365753 
vn 0.5397291779518127 0.1488441526889801 0.8285757899284363 
vn 0.48944392800331116 0.3267529308795929 0.8085030317306519 
vn 0.6341387033462524 0.3537841737270355 0.6875353455543518 
vn 0.3666880428791046 0.11123359948396683 0.9236704111099243 
vn 0.319978803396225 0.2946958839893341 0.9004265069961548 
vn 0.1856772005558014 0.07335323095321655 0.97986900806427 
vn 0.13873277604579926 0.25780871510505676 0.9561840295791626 
vn 0.23590488731861115 0.5313942432403564 0.8136147856712341 
vn 0.3865128755569458 0.5589390397071838 0.7336177229881287 
vn 0.5189381241798401 0.58685302734375 0.6215357780456543 
vn 0.6245580911636353 0.6072099804878235 0.4911448359489441 
vn 0.7022091746330261 0.6275324821472168 0.3363112509250641 
vn 0.6555109620094299 0.6821799874305725 0.3239381015300751 
vn 0.5807400941848755 0.6660208702087402 0.46814218163490295 
vn 0.47871288657188416 0.6434909105300903 0.5972883701324463 
vn 0.3515567481517792 0.6214807629585266 0.7001210451126099 
vn 0.21078136563301086 0.5901439785957336 0.7792953848838806 
vn 0.07686144858598709 0.4985177218914032 0.8634653687477112 
vn 0.05640311911702156 0.5606619715690613 0.8261215686798096 
vn -0.09176464378833771 0.464954674243927 0.8805659413337708 
vn -0.10287431627511978 0.5280369520187378 0.8429672718048096 
vn -0.26299068331718445 0.43042245507240295 0.8634653687477112 
vn -0.27080395817756653 0.4941542446613312 0.8261215686798096 
vn -0.42266756296157837 0.46265631914138794 0.7792953848838806 
vn -0.42227548360824585 0.39964282512664795 0.8136147856712341 
vn -0.5640742182731628 0.43777936697006226 0.7001210451126099 
vn -0.5735308527946472 0.36450982093811035 0.7336177229881287 
vn -0.6894916296005249 0.4096923768520355 0.5972883701324463 
vn -0.7062727212905884 0.33892783522605896 0.6215357780456543 
vn -0.7947359085083008 0.38631299138069153 0.46814218163490295 
vn -0.8099077939987183 0.320665180683136 0.4911448359489441 
vn -0.8689255118370056 0.37420931458473206 0.3239381015300751 
vn -0.8913671374320984 0.30390676856040955 0.3363112509250641 
vn -0.916654646396637 0.36487823724746704 0.16312000155448914 
vn -0.9414818286895752 0.2900325357913971 0.17173540592193604 
vn -0.9323094487190247 0.36165499687194824 -0.002184694167226553 
vn -0.9569380283355713 0.2902839779853821 -0.002184694167226553 
vn -0.9414818286895752 0.2900325357913971 -0.17173540592193604 
vn -0.916654646396637 0.36487823724746704 -0.16312000155448914 
vn -0.8913671374320984 0.30390676856040955 -0.3363112509250641 
vn -0.8702206611633301 0.3711874186992645 -0.3239381015300751 
vn -0.8099077939987183 0.320665180683136 -0.4911448359489441 
vn -0.792837381362915 0.39019450545310974 -0.46814218163490295 
vn -0.7043963670730591 0.3428104519844055 -0.6215357780456543 
vn -0.6910867094993591 0.406995952129364 -0.5972883701324463 
vn -0.5711264610290527 0.36826568841934204 -0.7336177229881287 
vn -0.5658982396125793 0.4354189932346344 -0.7001210451126099 
vn -0.4261994957923889 0.39545536041259766 -0.8136147856712341 
vn -0.4191280007362366 0.46586525440216064 -0.7792953848838806 
vn -0.26088717579841614 0.4317006766796112 -0.8634653687477112 
vn -0.26854264736175537 0.4953867495059967 -0.8261215686798096 
vn -0.10703679919242859 0.5272089242935181 -0.8429672718048096 
vn -0.0938473492860794 0.4645387828350067 -0.8805659413337708 
vn 0.052878644317388535 0.5610053539276123 -0.8261215686798096 
vn 0.07348592579364777 0.49902644753456116 -0.8634653687477112 
vn 0.20939010381698608 0.590639054775238 -0.7792953848838806 
vn 0.24027252197265625 0.5294337272644043 -0.8136147856712341 
vn 0.35045135021209717 0.6221047639846802 -0.7001210451126099 
vn 0.3855568766593933 0.5595989227294922 -0.7336177229881287 
vn 0.47781404852867126 0.6441586017608643 -0.5972883701324463 
vn 0.5181755423545837 0.5875265002250671 -0.6215357780456543 
vn 0.579966127872467 0.6666949391365051 -0.46814218163490295 
vn 0.6245580911636353 0.6072099804878235 -0.4911448359489441 
vn 0.6548125147819519 0.6828503608703613 -0.3239381015300751 
vn 0.7022091746330261 0.6275324821472168 -0.3363112509250641 
vn 0.7456890940666199 0.38545989990234375 -0.5434780716896057 
vn 0.8363872766494751 0.40158554911613464 -0.37307560443878174 
vn 0.8709861040115356 0.2167721837759018 -0.4409002661705017 
vn 0.8058804869651794 0.18725843727588654 -0.5616858005523682 
vn 0.8781074285507202 0.1948866993188858 -0.43697428703308105 
vn 0.9067872166633606 0.1801305115222931 -0.3811691105365753 
vn 0.6848056316375732 0.1792585402727127 -0.7063339352607727 
vn 0.6338403820991516 0.3543183505535126 -0.6875353455543518 
vn 0.48865583539009094 0.32793036103248596 -0.8085030317306519 
vn 0.3193722069263458 0.2953531742095947 -0.9004265069961548 
vn 0.14309312403202057 0.25541430711746216 -0.9561840295791626 
vn 0.18551047146320343 0.07377388328313828 -0.97986900806427 
vn 0.36648136377334595 0.11191264539957047 -0.9236704111099243 
vn 0.5395565629005432 0.14946871995925903 -0.8285757899284363 
vn -0.046957261860370636 0.22030982375144958 -0.9742990136146545 
vn -0.23140034079551697 0.17934879660606384 -0.9561840295791626 
vn -0.40906015038490295 0.14799293875694275 -0.9004265069961548 
vn -0.005653959698975086 0.03448762744665146 -0.999389111995697 
vn -0.19964148104190826 -4.1290470933867673e-14 -0.97986900806427 
vn -0.3813195526599884 -0.03779444471001625 -0.9236704111099243 
vn -0.5739889740943909 0.11272775381803513 -0.8110666871070862 
vn -0.7214019894599915 0.0829114094376564 -0.6875353455543518 
vn -0.5511149764060974 -0.07541700452566147 -0.8310141563415527 
vn -0.7005509734153748 -0.10159094631671906 -0.7063339352607727 
vn -0.8223329186439514 -0.1279495507478714 -0.5544344186782837 
vn -0.8396206498146057 0.06039518117904663 -0.5398051738739014 
vn -0.9127958416938782 -0.14667584002017975 -0.3811691105365753 
vn -0.926694929599762 0.04528934136033058 -0.37307560443878174 
vn -0.9683573246002197 -0.1579621434211731 -0.19321508705615997 
vn -0.9814032912254333 0.033977486193180084 -0.18892620503902435 
vn -0.9874485731124878 -0.15792569518089294 0.002184694167226553 
vn -0.9995414018630981 0.0302029550075531 0.002184694167226553 
vn -0.9814032912254333 0.033977486193180084 0.18892620503902435 
vn -0.9689880609512329 -0.15404561161994934 0.19321508705615997 
vn -0.9268739223480225 0.0414641909301281 0.37307560443878174 
vn -0.9134162664413452 -0.14276142418384552 0.3811691105365753 
vn -0.8398886919021606 0.056545719504356384 0.5398051738739014 
vn -0.8217737078666687 -0.13149309158325195 0.5544344186782837 
vn -0.7209780812263489 0.08651994913816452 0.6875353455543518 
vn -0.700025737285614 -0.10514887422323227 0.7063339352607727 
vn -0.5511590838432312 -0.07509392499923706 0.8310141563415527 
vn -0.574078381061554 0.11227152496576309 0.8110666871070862 
vn -0.3813428282737732 -0.037558987736701965 0.9236704111099243 
vn -0.4104635715484619 0.14405475556850433 0.9004265069961548 
vn -0.22771890461444855 0.18400058150291443 0.9561840295791626 
vn -0.19960615038871765 -0.003755420446395874 0.97986900806427 
vn -0.04279756173491478 0.2211555391550064 0.9742990136146545 
vn -0.0036530625075101852 0.03475656732916832 0.999389111995697 
vn 0.7009648680686951 0.6942910552024841 0.16312000155448914 
vn 0.7552022337913513 0.6325950622558594 0.17173540592193604 
vn 0.7177039980888367 0.6963448524475098 -0.002184694167226553 
vn 0.7681957483291626 0.640211284160614 0.002184694167226553 
vn 0.8891422748565674 0.4168127775192261 0.18892620503902435 
vn 0.9087722897529602 0.41728663444519043 0.002184694167226553 
vn 0.969104528427124 0.2466406375169754 0.002184694167226553 
vn 0.8891422748565674 0.4168127775192261 -0.18892620503902435 
vn 0.9515224695205688 0.23931750655174255 -0.19321508705615997 
vn 0.8709861040115356 0.2167721837759018 -0.4409002661705017 
vn 0.8363872766494751 0.40158554911613464 -0.37307560443878174 
vn 0.7552022337913513 0.6325950622558594 -0.17173540592193604 
vn 0.7009648680686951 0.6942910552024841 -0.16312000155448914 
vn 0.7022091746330261 0.6275324821472168 -0.3363112509250641 
vn 0.9515946507453918 0.23903052508831024 0.19321508705615997 
vn 0.6548125147819519 0.6828503608703613 -0.3239381015300751 
vn 0.4921358525753021 0.1266700029373169 0.8612531423568726 
vn 0.2898566722869873 0.08155301958322525 0.953589141368866 
vn 0.4921358525753021 0.1266700029373169 0.8612531423568726 
vn 0.2658633291721344 0.07415243238210678 0.961154580116272 
vn -0.0043693361803889275 0.007567912340164185 0.999961793422699 
vn -0.0043693361803889275 0.007567912340164185 0.999961793422699 
vn -0.19508986175060272 0.9807829260826111 -0.002184694167226553 
vn -0.19508986175060272 0.9807829260826111 -0.002184694167226553 
vn -0.19508986175060272 0.9807829260826111 -0.002184694167226553 
vn -0.19508986175060272 0.9807829260826111 -0.002184694167226553 
vn -0.19508986175060272 0.9807829260826111 0.002184694167226553 
vn -0.19508986175060272 0.9807829260826111 0.002184694167226553 
vn -0.19508986175060272 0.9807829260826111 -0.002184694167226553 
vn -0.19508986175060272 0.9807829260826111 -0.002184694167226553 
vn -0.19508986175060272 0.9807829260826111 -0.002184694167226553 
vn -0.19508986175060272 0.9807829260826111 -0.002184694167226553 
vn -0.19508986175060272 0.9807829260826111 0.002184694167226553 
vn -0.19508986175060272 0.9807829260826111 0.002184694167226553 
vn -0.19508986175060272 0.9807829260826111 0.002184694167226553 
vn -0.19508986175060272 0.9807829260826111 0.002184694167226553 
vn -0.19508986175060272 0.9807829260826111 0.002184694167226553 
vn -0.19508986175060272 0.9807829260826111 0.002184694167226553 
vn -0.19508986175060272 0.9807829260826111 -0.002184694167226553 
vn -0.19508986175060272 0.9807829260826111 0.002184694167226553 
vn -0.19508986175060272 0.9807829260826111 -0.002184694167226553 
vn -0.19508986175060272 0.9807829260826111 -0.002184694167226553 
vn -0.19508986175060272 0.9807829260826111 0.002184694167226553 
vn -0.19508986175060272 0.9807829260826111 0.002184694167226553 
vn -0.19508986175060272 0.9807829260826111 0.002184694167226553 
vn -0.19508986175060272 0.9807829260826111 0.002184694167226553 
vn -0.19508986175060272 0.9807829260826111 -0.002184694167226553 
vn -0.19508986175060272 0.9807829260826111 -0.002184694167226553 
vn -0.19508986175060272 0.9807829260826111 -0.002184694167226553 
vn -0.19508986175060272 0.9807829260826111 0.002184694167226553 
vn -0.19508986175060272 0.9807829260826111 -0.002184694167226553 
vn -0.19508986175060272 0.9807829260826111 0.002184694167226553 
vn -0.19508986175060272 0.9807829260826111 0.002184694167226553 
vn -0.19508986175060272 0.9807829260826111 0.002184694167226553 
vn -0.19508986175060272 0.9807829260826111 -0.002184694167226553 
vn -0.19508986175060272 0.9807829260826111 -0.002184694167226553 
vn -0.19508986175060272 0.9807829260826111 -0.002184694167226553 
vn -0.19508986175060272 0.9807829260826111 -0.002184694167226553 
vn -0.19508986175060272 0.9807829260826111 0.002184694167226553 
vn -0.19508986175060272 0.9807829260826111 0.002184694167226553 
vn -0.19508986175060272 0.9807829260826111 0.002184694167226553 
vn -0.19508986175060272 0.9807829260826111 0.002184694167226553 
vn -0.19508986175060272 0.9807829260826111 0.002184694167226553 
vn -0.19508986175060272 0.9807829260826111 -0.002184694167226553 
vn -0.19508986175060272 0.9807829260826111 -0.002184694167226553 
vn -0.19508986175060272 0.9807829260826111 -0.002184694167226553 
vn -0.19508986175060272 0.9807829260826111 -0.002184694167226553 
vn -0.19508986175060272 0.9807829260826111 0.002184694167226553 
vn -0.19508986175060272 0.9807829260826111 -0.002184694167226553 
vn -0.19508986175060272 0.9807829260826111 0.002184694167226553 
vn -0.19508986175060272 0.9807829260826111 0.002184694167226553 
vn -0.19508986175060272 0.9807829260826111 -0.002184694167226553 
vn -0.19508986175060272 0.9807829260826111 0.002184694167226553 
vn -0.19508986175060272 0.9807829260826111 0.002184694167226553 
vn -0.19508986175060272 0.9807829260826111 0.002184694167226553 
vn -0.19508986175060272 0.9807829260826111 0.002184694167226553 
vn -0.19508986175060272 0.9807829260826111 0.002184694167226553 
vn -0.19508986175060272 0.9807829260826111 -0.002184694167226553 
vn -0.19508986175060272 0.9807829260826111 -0.002184694167226553 
vn -0.19508986175060272 0.9807829260826111 0.002184694167226553 
vn -0.19508986175060272 0.9807829260826111 0.002184694167226553 
vn -0.19508986175060272 0.9807829260826111 0.002184694167226553 
vn -0.19508986175060272 0.9807829260826111 0.002184694167226553 
vn -0.19508986175060272 0.9807829260826111 0.002184694167226553 
vn -0.19508986175060272 0.9807829260826111 -0.002184694167226553 
vn -0.19508986175060272 0.9807829260826111 -0.002184694167226553 
vn -0.19508986175060272 0.9807829260826111 -0.002184694167226553 
vn -0.19508986175060272 0.9807829260826111 -0.002184694167226553 
vn -0.19508986175060272 0.9807829260826111 -0.002184694167226553 
vn -0.19508986175060272 0.9807829260826111 0.002184694167226553 
vn -0.19508986175060272 0.9807829260826111 0.002184694167226553 
vn -0.19508986175060272 0.9807829260826111 -0.002184694167226553 
vn -0.19508986175060272 0.9807829260826111 0.002184694167226553 
vn -0.19508986175060272 0.9807829260826111 0.002184694167226553 
vn -0.19508986175060272 0.9807829260826111 0.002184694167226553 
vn -0.19508986175060272 0.9807829260826111 0.002184694167226553 
vn -0.19508986175060272 0.9807829260826111 0.002184694167226553 
vn -0.19508986175060272 0.9807829260826111 0.002184694167226553 
vn -0.19508986175060272 0.9807829260826111 0.002184694167226553 
vn -0.19508986175060272 0.9807829260826111 0.002184694167226553 
vn -0.19508986175060272 0.9807829260826111 -0.002184694167226553 
vn -0.19508986175060272 0.9807829260826111 0.002184694167226553 
vn -0.19508986175060272 0.9807829260826111 -0.002184694167226553 
vn -0.19508986175060272 0.9807829260826111 -0.002184694167226553 
vn -0.19508986175060272 0.9807829260826111 -0.002184694167226553 
vn -0.19508986175060272 0.9807829260826111 0.002184694167226553 
vn -0.19508986175060272 0.9807829260826111 0.002184694167226553 
vn -0.19508986175060272 0.9807829260826111 0.002184694167226553 
vn -0.19508986175060272 0.9807829260826111 0.002184694167226553 
vn -0.19508986175060272 0.9807829260826111 0.002184694167226553 
vn -0.19508986175060272 0.9807829260826111 -0.002184694167226553 
vn -0.19508986175060272 0.9807829260826111 0.002184694167226553 
vn -0.19508986175060272 0.9807829260826111 -0.002184694167226553 
vn -0.19508986175060272 0.9807829260826111 -0.002184694167226553 
vn -0.19508986175060272 0.9807829260826111 0.002184694167226553 
vn -0.19508986175060272 0.9807829260826111 0.002184694167226553 
vn -0.19508986175060272 0.9807829260826111 0.002184694167226553 
vn -0.19508986175060272 0.9807829260826111 0.002184694167226553 
vn -0.19508986175060272 0.9807829260826111 0.002184694167226553 
vn -0.19508986175060272 0.9807829260826111 0.002184694167226553 
vn -0.19508986175060272 0.9807829260826111 0.002184694167226553 
vn -0.19508986175060272 0.9807829260826111 0.002184694167226553 
vn 0.19508986175060272 -0.9807829260826111 0.002184694167226553 
vn 0.19508986175060272 -0.9807829260826111 0.002184694167226553 
vn 0.19508986175060272 -0.9807829260826111 0.002184694167226553 
vn 0.19508986175060272 -0.9807829260826111 0.002184694167226553 
vn 0 0 1 
vn 0 0 1 
vn 0 0 1 
vn 0 0 1 
vn -2.0682311115474694e-13 0 -1 
vn -2.0682311115474694e-13 0 -1 
vn -2.0682311115474694e-13 0 -1 
vn -2.0682311115474694e-13 0 -1 
vn 0.9807829260826111 0.19508986175060272 0.002184694167226553 
vn 0.9807829260826111 0.19508986175060272 0.002184694167226553 
vn 0.9807829260826111 0.19508986175060272 0.002184694167226553 
vn 0.9807829260826111 0.19508986175060272 0.002184694167226553 
vn -0.9807829260826111 -0.19508986175060272 0.002184694167226553 
vn -0.9807829260826111 -0.19508986175060272 0.002184694167226553 
vn -0.9807829260826111 -0.19508986175060272 0.002184694167226553 
vn -0.9807829260826111 -0.19508986175060272 0.002184694167226553 
vn 0.9807829260826111 0.19508986175060272 0.002184694167226553 
vn 0.9807829260826111 0.19508986175060272 0.002184694167226553 
vn 0.9807829260826111 0.19508986175060272 0.002184694167226553 
vn 0.9807829260826111 0.19508986175060272 -0.002184694167226553 
vn 0.9807829260826111 0.19508986175060272 -0.002184694167226553 
vn 0.9807829260826111 0.19508986175060272 -0.002184694167226553 
vn 0.007669857237488031 -0.038558974862098694 -0.9992268681526184 
vn 0.09563888609409332 -0.46023958921432495 -0.882628321647644 
vn 0.007669857237488031 -0.038558974862098694 -0.9992268681526184 
vn 0.09563888609409332 -0.46023958921432495 -0.882628321647644 
vn 0.18561457097530365 -0.9319384098052979 -0.31150925159454346 
vn 0.18561457097530365 -0.9319384098052979 -0.31150925159454346 
vn 0.18561457097530365 -0.9319384098052979 0.31150925159454346 
vn 0.18561457097530365 -0.9319384098052979 0.31150925159454346 
vn 0.08985824137926102 -0.4614030718803406 0.882628321647644 
vn 0.08985824137926102 -0.4614030718803406 0.882628321647644 
vn 0.010758893564343452 -0.037813588976860046 0.9992268681526184 
vn 0.010758893564343452 -0.037813588976860046 0.9992268681526184 
vn -0.9807829260826111 -0.19508986175060272 0.002184694167226553 
vn -0.9807829260826111 -0.19508986175060272 0.002184694167226553 
vn -0.9807829260826111 -0.19508986175060272 0.002184694167226553 
vn -0.9807829260826111 -0.19508986175060272 -0.002184694167226553 
vn -0.9807829260826111 -0.19508986175060272 -0.002184694167226553 
vn -0.9807829260826111 -0.19508986175060272 -0.002184694167226553 
vn 0.9807829260826111 0.19508986175060272 0.002184694167226553 
vn 0.9520347118377686 0.1949024498462677 -0.23588760197162628 
vn 0.9807829260826111 0.19508986175060272 -0.002184694167226553 
vn 0.9807829260826111 0.19508986175060272 -0.002184694167226553 
vn 0.9151546359062195 0.18757151067256927 -0.3568037748336792 
vn 0.7286467552185059 0.14998938143253326 -0.6682642698287964 
vn 0.7286467552185059 0.14998938143253326 -0.6682642698287964 
vn -2.0682311115474694e-13 0 -1 
vn -2.0682311115474694e-13 0 -1 
vn -2.0682311115474694e-13 0 -1 
vn -2.0682311115474694e-13 0 -1 
vn -0.9807829260826111 -0.19508986175060272 0.002184694167226553 
vn -0.9807829260826111 -0.19508986175060272 0.002184694167226553 
vn -0.9527843594551086 -0.19120393693447113 -0.23588760197162628 
vn -0.9807829260826111 -0.19508986175060272 0.002184694167226553 
vn -0.9159055352210999 -0.18386979401111603 -0.3568037748336792 
vn -0.7293986082077026 -0.1462893933057785 -0.6682642698287964 
vn -0.7293986082077026 -0.1462893933057785 -0.6682642698287964 
vn -0.19508986175060272 0.9807829260826111 0.002184694167226553 
vn -0.19508986175060272 0.9807829260826111 0.002184694167226553 
vn -0.19508986175060272 0.9807829260826111 -0.002184694167226553 
vn -0.19508986175060272 0.9807829260826111 0.002184694167226553 
vn -0.19508986175060272 0.9807829260826111 -0.002184694167226553 
vn -0.19508986175060272 0.9807829260826111 0.002184694167226553 
vn 0.19508986175060272 -0.9807829260826111 0.002184694167226553 
vn 0.19508986175060272 -0.9807829260826111 0.002184694167226553 
vn 0.19508986175060272 -0.9807829260826111 0.002184694167226553 
vn 0.19508986175060272 -0.9807829260826111 0.002184694167226553 
vn 0 0 1 
vn 0 0 1 
vn 0 0 1 
vn 0 0 1 
vn 2.0682311115474694e-13 4.2775797696334704e-26 -1 
vn 2.0682311115474694e-13 4.2775797696334704e-26 -1 
vn 2.0682311115474694e-13 4.2775797696334704e-26 -1 
vn 2.0682311115474694e-13 4.2775797696334704e-26 -1 
vn 0.19508986175060272 -0.9807829260826111 0.002184694167226553 
vn 0.19508986175060272 -0.9807829260826111 0.002184694167226553 
vn 0.19508986175060272 -0.9807829260826111 0.002184694167226553 
vn 0.19508986175060272 -0.9807829260826111 0.002184694167226553 
vn 0.19508986175060272 -0.9807829260826111 0.002184694167226553 
vn 0.19508986175060272 -0.9807829260826111 -0.002184694167226553 
vn 0.19508986175060272 -0.9807829260826111 -0.002184694167226553 
vn 0.19508986175060272 -0.9807829260826111 -0.002184694167226553 
vn 0.19508986175060272 -0.9807829260826111 -0.002184694167226553 
vn 0.19508986175060272 -0.9807829260826111 -0.002184694167226553 
vn 0.19508986175060272 -0.9807829260826111 0.002184694167226553 
vn 0.19508986175060272 -0.9807829260826111 0.002184694167226553 
vn 0.19508986175060272 -0.9807829260826111 0.002184694167226553 
vn 0.19508986175060272 -0.9807829260826111 0.002184694167226553 
vn 0.19508986175060272 -0.9807829260826111 0.002184694167226553 
vn 0.19508986175060272 -0.9807829260826111 0.002184694167226553 
vn 0.19508986175060272 -0.9807829260826111 0.002184694167226553 
vn 0.8733484148979187 0.1799749881029129 -0.45262736082077026 
vn 0.6789778470993042 0.13505709171295166 -0.7216291427612305 
vn 0.8733484148979187 0.1799749881029129 -0.45262736082077026 
vn 0.6789778470993042 0.13505709171295166 -0.7216291427612305 
vn -2.0682311115474694e-13 0 -1 
vn -2.0682311115474694e-13 0 -1 
vn -0.6789778470993042 -0.13505709171295166 -0.7216291427612305 
vn -0.6789778470993042 -0.13505709171295166 -0.7216291427612305 
vn -0.8733484148979187 -0.1799749881029129 -0.45262736082077026 
vn -0.8733484148979187 -0.1799749881029129 -0.45262736082077026 
vn -0.19508986175060272 0.9807829260826111 0.002184694167226553 
vn -0.19508986175060272 0.9807829260826111 -0.002184694167226553 
vn -0.19508986175060272 0.9807829260826111 0.002184694167226553 
vn -0.19508986175060272 0.9807829260826111 0.002184694167226553 
vn -0.19508986175060272 0.9807829260826111 -0.002184694167226553 
vn -0.19508986175060272 0.9807829260826111 -0.002184694167226553 
vn 0.7943188548088074 0.15751878917217255 -0.5867242813110352 
vn 0.9329404830932617 0.18749770522117615 -0.30735430121421814 
vn 0.6561261415481567 0.13508620858192444 -0.7424622178077698 
vn 0.9329404830932617 0.18749770522117615 -0.30735430121421814 
vn 0.9329404830932617 0.18749770522117615 0.30735430121421814 
vn 0.9329404830932617 0.18749770522117615 0.30735430121421814 
vn 0.5761998295783997 0.11965209245681763 0.8085030317306519 
vn 0.5761998295783997 0.11965209245681763 0.8085030317306519 
vn 0 0 1 
vn 0 0 1 
vn -0.5769535899162292 -0.1159629374742508 0.8085030317306519 
vn -0.5769535899162292 -0.1159629374742508 0.8085030317306519 
vn -0.9329404830932617 -0.18749770522117615 0.30735430121421814 
vn -0.9329404830932617 -0.18749770522117615 0.30735430121421814 
vn -0.9329404830932617 -0.18749770522117615 -0.30735430121421814 
vn -0.9329404830932617 -0.18749770522117615 -0.30735430121421814 
vn -0.6568776369094849 -0.13138338923454285 -0.7424622178077698 
vn -0.5768592953681946 -0.11643094569444656 -0.8085030317306519 
vn -2.0682311115474694e-13 0 -1 
vn 2.0682311115474694e-13 4.2775797696334704e-26 -1 
vn -0.7943188548088074 -0.15751878917217255 -0.5867242813110352 
vn 0.5760993957519531 0.12013456970453262 -0.8085030317306519 
vn 2.0682311115474694e-13 4.2775797696334704e-26 -1 
vn -2.0682311115474694e-13 0 -1 
vn -0.6934373378753662 -0.1422567367553711 0.7063339352607727 
vn -0.6934373378753662 -0.1422567367553711 0.7063339352607727 
vn -0.6941385865211487 -0.13879455626010895 -0.7063339352607727 
vn -0.6941385865211487 -0.13879455626010895 -0.7063339352607727 
vn 0.6933884620666504 0.14249494671821594 -0.7063339352607727 
vn 0.6933884620666504 0.14249494671821594 -0.7063339352607727 
vn 0.6934373378753662 0.1422567367553711 0.7063339352607727 
vn 0.6934373378753662 0.1422567367553711 0.7063339352607727 
vn -0.6934373378753662 -0.1422567367553711 0.7063339352607727 
vn -0.6934373378753662 -0.1422567367553711 0.7063339352607727 
vn -0.9807829260826111 -0.19508986175060272 0.002184694167226553 
vn -0.9807829260826111 -0.19508986175060272 0.002184694167226553 
vn -0.9807829260826111 -0.19508986175060272 -0.002184694167226553 
vn -0.9807829260826111 -0.19508986175060272 0.002184694167226553 
vn -0.9807829260826111 -0.19508986175060272 0.002184694167226553 
vn -0.9807829260826111 -0.19508986175060272 0.002184694167226553 
vn 0.19508986175060272 -0.9807829260826111 0.002184694167226553 
vn 0.19508986175060272 -0.9807829260826111 0.002184694167226553 
vn 0.19508986175060272 -0.9807829260826111 0.002184694167226553 
vn 0.19508986175060272 -0.9807829260826111 0.002184694167226553 
vn 0.9807829260826111 0.19508986175060272 0.002184694167226553 
vn 0.9807829260826111 0.19508986175060272 0.002184694167226553 
vn 0.9807829260826111 0.19508986175060272 0.002184694167226553 
vn 0.9807829260826111 0.19508986175060272 0.002184694167226553 
vn 0.9807829260826111 0.19508986175060272 0.002184694167226553 
vn 0.9807829260826111 0.19508986175060272 0.002184694167226553 
vn 0 0 1 
vn 0 0 1 
vn 0 0 1 
vn 0 0 1 
vn -2.0682311115474694e-13 0 -1 
vn -2.0682311115474694e-13 0 -1 
vn -2.0682311115474694e-13 0 -1 
vn -2.0682311115474694e-13 0 -1 
vn 0.19508986175060272 -0.9807829260826111 -0.002184694167226553 
vn 0.19508986175060272 -0.9807829260826111 -0.002184694167226553 
vn 0.1577063500881195 -0.7783114910125732 -0.607749879360199 
vn 0.1577063500881195 -0.7783114910125732 -0.607749879360199 
vn -0.12007924169301987 0.5939977765083313 -0.7954543828964233 
vn -0.12007924169301987 0.5939977765083313 -0.7954543828964233 
vn -0.19508986175060272 0.9807829260826111 0.002184694167226553 
vn -0.19508986175060272 0.9807829260826111 0.002184694167226553 
vn -0.9807829260826111 -0.19508986175060272 0.002184694167226553 
vn -0.9807829260826111 -0.19508986175060272 0.002184694167226553 
vn -0.9807829260826111 -0.19508986175060272 0.002184694167226553 
vn -0.9807829260826111 -0.19508986175060272 0.002184694167226553 
vn 0.9807829260826111 0.19508986175060272 0.002184694167226553 
vn 0.9807829260826111 0.19508986175060272 0.002184694167226553 
vn 0.9807829260826111 0.19508986175060272 0.002184694167226553 
vn 0.9807829260826111 0.19508986175060272 0.002184694167226553 
vn 2.0682311115474694e-13 4.2775797696334704e-26 -1 
vn 2.0682311115474694e-13 4.2775797696334704e-26 -1 
vn 2.0682311115474694e-13 4.2775797696334704e-26 -1 
vn 2.0682311115474694e-13 4.2775797696334704e-26 -1 
vn 0 0 1 
vn 0 0 1 
vn 0 0 1 
vn 0 0 1 
vn -0.8501443266868591 -0.16886354982852936 -0.4987381398677826 
vn -0.8501443266868591 -0.16886354982852936 -0.4987381398677826 
vn -0.4910110533237457 -0.09766817092895508 -0.865661084651947 
vn -0.4910110533237457 -0.09766817092895508 -0.865661084651947 
vn -2.0682311115474694e-13 0 -1 
vn 2.0682311115474694e-13 4.2775797696334704e-26 -1 
vn 0.4910110533237457 0.09766817092895508 -0.865661084651947 
vn 0.4910110533237457 0.09766817092895508 -0.865661084651947 
vn 0.8494004607200623 0.1725662499666214 -0.4987381398677826 
vn 0.8494004607200623 0.1725662499666214 -0.4987381398677826 
vn 0.9807829260826111 0.19508986175060272 0.002184694167226553 
vn 0.9807829260826111 0.19508986175060272 0.002184694167226553 
vn -0.9807829260826111 -0.19508986175060272 -0.002184694167226553 
vn -0.9807829260826111 -0.19508986175060272 -0.002184694167226553 
vn -0.8494483232498169 -0.17233043909072876 0.4987381398677826 
vn -0.8494483232498169 -0.17233043909072876 0.4987381398677826 
vn -0.4911026060581207 -0.09720683842897415 0.865661084651947 
vn -0.4911026060581207 -0.09720683842897415 0.865661084651947 
vn 0 0 1 
vn 0 0 1 
vn 0.4911026060581207 0.09720683842897415 0.865661084651947 
vn 0.4911026060581207 0.09720683842897415 0.865661084651947 
vn 0.8494483232498169 0.17233043909072876 0.4987381398677826 
vn 0.8494483232498169 0.17233043909072876 0.4987381398677826 
vn 0.9807829260826111 0.19508986175060272 0.002184694167226553 
vn 0.9807829260826111 0.19508986175060272 0.002184694167226553 
vn 0.19508986175060272 -0.9807829260826111 0.002184694167226553 
vn 0.19508986175060272 -0.9807829260826111 0.002184694167226553 
vn 0.19508986175060272 -0.9807829260826111 -0.002184694167226553 
vn 0.19508986175060272 -0.9807829260826111 0.002184694167226553 
vn 0.19508986175060272 -0.9807829260826111 0.002184694167226553 
vn 0.19508986175060272 -0.9807829260826111 -0.002184694167226553 
vn 0.19508986175060272 -0.9807829260826111 0.002184694167226553 
vn 0.19508986175060272 -0.9807829260826111 0.002184694167226553 
vn 0.19508986175060272 -0.9807829260826111 -0.002184694167226553 
vn 0.19508986175060272 -0.9807829260826111 -0.002184694167226553 
vn 0.19508986175060272 -0.9807829260826111 -0.002184694167226553 
vn 0.19508986175060272 -0.9807829260826111 0.002184694167226553 
vn -0.19508986175060272 0.9807829260826111 0.002184694167226553 
vn -0.19508986175060272 0.9807829260826111 0.002184694167226553 
vn -0.19508986175060272 0.9807829260826111 0.002184694167226553 
vn -0.19508986175060272 0.9807829260826111 0.002184694167226553 
vn -0.19508986175060272 0.9807829260826111 -0.002184694167226553 
vn -0.19508986175060272 0.9807829260826111 -0.002184694167226553 
vn -0.19508986175060272 0.9807829260826111 0.002184694167226553 
vn -0.19508986175060272 0.9807829260826111 0.002184694167226553 
vn -0.19508986175060272 0.9807829260826111 0.002184694167226553 
vn -0.19508986175060272 0.9807829260826111 0.002184694167226553 
vn -0.19508986175060272 0.9807829260826111 0.002184694167226553 
vn -0.19508986175060272 0.9807829260826111 0.002184694167226553 
vn -2.0682311115474694e-13 0 -1 
vn -2.0682311115474694e-13 0 -1 
vn -2.0682311115474694e-13 0 -1 
vn -2.0682311115474694e-13 0 -1 
vn -0.9807829260826111 -0.19508986175060272 0.002184694167226553 
vn -0.9807829260826111 -0.19508986175060272 0.002184694167226553 
vn -0.9807829260826111 -0.19508986175060272 0.002184694167226553 
vn -0.9807829260826111 -0.19508986175060272 0.002184694167226553 
vn 0 0 1 
vn 0 0 1 
vn 0 0 1 
vn 0 0 1 
vn 0.9807829260826111 0.19508986175060272 0.002184694167226553 
vn 0.9807829260826111 0.19508986175060272 0.002184694167226553 
vn 0.9807829260826111 0.19508986175060272 0.002184694167226553 
vn 0.9807829260826111 0.19508986175060272 0.002184694167226553 
vn 0 0 1 
vn 0 0 1 
vn 0.6934373378753662 0.1422567367553711 0.7063339352607727 
vn 0.6934373378753662 0.1422567367553711 0.7063339352607727 
vn 0.9807829260826111 0.19508986175060272 0.002184694167226553 
vn 0.9807829260826111 0.19508986175060272 -0.002184694167226553 
vn 0.6933884620666504 0.14249494671821594 -0.7063339352607727 
vn 0.6933884620666504 0.14249494671821594 -0.7063339352607727 
vn 2.0682311115474694e-13 4.2775797696334704e-26 -1 
vn -2.0682311115474694e-13 0 -1 
vn -0.6941385865211487 -0.13879455626010895 -0.7063339352607727 
vn -0.6941385865211487 -0.13879455626010895 -0.7063339352607727 
vn -0.9807829260826111 -0.19508986175060272 -0.002184694167226553 
vn -0.9807829260826111 -0.19508986175060272 0.002184694167226553 
vn -0.6934373378753662 -0.1422567367553711 0.7063339352607727 
vn -0.6934373378753662 -0.1422567367553711 0.7063339352607727 
vn 0 0 1 
vn 0 0 1 
vn -0.9807829260826111 -0.19508986175060272 -0.002184694167226553 
vn -0.9807829260826111 -0.19508986175060272 -0.002184694167226553 
vn -0.9807829260826111 -0.19508986175060272 -0.002184694167226553 
vn -0.9807829260826111 -0.19508986175060272 0.002184694167226553 
vn -0.9807829260826111 -0.19508986175060272 0.002184694167226553 
vn -0.9807829260826111 -0.19508986175060272 0.002184694167226553 
vn -2.0682311115474694e-13 0 -1 
vn -2.0682311115474694e-13 0 -1 
vn -0.08625392615795135 0.42637115716934204 -0.9004265069961548 
vn -0.08625392615795135 0.42637115716934204 -0.9004265069961548 
vn -0.1838299036026001 0.9265945553779602 -0.3280687630176544 
vn -0.1838299036026001 0.9265945553779602 -0.3280687630176544 
vn -0.18914450705051422 0.9255242943763733 0.3280687630176544 
vn -0.18914450705051422 0.9255242943763733 0.3280687630176544 
vn -0.08417344093322754 0.42678675055503845 0.9004265069961548 
vn -0.08417344093322754 0.42678675055503845 0.9004265069961548 
vn 0 0 1 
vn 0 0 1 
vn 0.9807829260826111 0.19508986175060272 0.002184694167226553 
vn 0.9807829260826111 0.19508986175060272 0.002184694167226553 
vn 0.9807829260826111 0.19508986175060272 0.002184694167226553 
vn 0.9807829260826111 0.19508986175060272 0.002184694167226553 
vn 0.9807829260826111 0.19508986175060272 0.002184694167226553 
vn 0.9807829260826111 0.19508986175060272 0.002184694167226553 
vn 0.19508986175060272 -0.9807829260826111 0.002184694167226553 
vn 0.19508986175060272 -0.9807829260826111 0.002184694167226553 
vn 0.19508986175060272 -0.9807829260826111 0.002184694167226553 
vn 0.19508986175060272 -0.9807829260826111 0.002184694167226553 
vn 0.19508986175060272 -0.9807829260826111 -0.002184694167226553 
vn 0.19508986175060272 -0.9807829260826111 -0.002184694167226553 
vn 0.19508986175060272 -0.9807829260826111 -0.002184694167226553 
vn 0.19508986175060272 -0.9807829260826111 -0.002184694167226553 
vn 0 0 1 
vn 0 0 1 
vn 0 0 1 
vn 0 0 1 
vn 0 0 1 
vn 0 0 1 
vn 0 0 1 
vn 0 0 1 
vn -0.19508986175060272 0.9807829260826111 0.002184694167226553 
vn -0.19508986175060272 0.9807829260826111 0.002184694167226553 
vn -0.19508986175060272 0.9807829260826111 -0.002184694167226553 
vn -0.19508986175060272 0.9807829260826111 0.002184694167226553 
vn -0.19508986175060272 0.9807829260826111 -0.002184694167226553 
vn -0.19508986175060272 0.9807829260826111 0.002184694167226553 
vn -0.19508613646030426 0.9807642102241516 -0.006554040592163801 
vn -0.19508613646030426 0.9807642102241516 -0.006554040592163801 
vn 0.19508613646030426 -0.9807642102241516 0.006554040592163801 
vn 0.19508613646030426 -0.9807642102241516 0.006554040592163801 
vn 0.19508613646030426 -0.9807642102241516 0.006554040592163801 
vn 0.19508613646030426 -0.9807642102241516 0.006554040592163801 
vn 0.9807829260826111 0.19508986175060272 0.002184694167226553 
vn 0.9807829260826111 0.19508986175060272 0.002184694167226553 
vn 0.9807829260826111 0.19508986175060272 0.002184694167226553 
vn 0.9807829260826111 0.19508986175060272 0.002184694167226553 
vn 0.9807829260826111 0.19508986175060272 0.002184694167226553 
vn 0.9807829260826111 0.19508986175060272 -0.002184694167226553 
vn 0.9807829260826111 0.19508986175060272 -0.002184694167226553 
vn -2.0682311115474694e-13 0 -1 
vn -2.0682311115474694e-13 0 -1 
vn -2.0682311115474694e-13 0 -1 
vn -2.0682311115474694e-13 0 -1 
vn 0.19508986175060272 -0.9807829260826111 -0.002184694167226553 
vn 0.19508986175060272 -0.9807829260826111 -0.002184694167226553 
vn 0.19508986175060272 -0.9807829260826111 -0.002184694167226553 
vn 0.19508986175060272 -0.9807829260826111 0.002184694167226553 
vn -2.0682311115474694e-13 0 -1 
vn -2.0682311115474694e-13 0 -1 
vn -2.0682311115474694e-13 0 -1 
vn -2.0682311115474694e-13 0 -1 
vn -0.9807829260826111 -0.19508986175060272 -0.002184694167226553 
vn -0.9807829260826111 -0.19508986175060272 -0.002184694167226553 
vn -0.9807829260826111 -0.19508986175060272 -0.002184694167226553 
vn -0.9807829260826111 -0.19508986175060272 -0.002184694167226553 
vn -0.9807829260826111 -0.19508986175060272 -0.002184694167226553 
vn -0.9807829260826111 -0.19508986175060272 0.002184694167226553 
vn -0.9807829260826111 -0.19508986175060272 0.002184694167226553 
vn -2.0682311115474694e-13 0 -1 
vn -2.0682311115474694e-13 0 -1 
vn -2.0682311115474694e-13 0 -1 
vn -2.0682311115474694e-13 0 -1 
vn -0.9807829260826111 -0.19508986175060272 0.002184694167226553 
vn -0.9807829260826111 -0.19508986175060272 0.002184694167226553 
vn -0.9807829260826111 -0.19508986175060272 0.002184694167226553 
vn -0.9807829260826111 -0.19508986175060272 0.002184694167226553 
vn 0.9807829260826111 0.19508986175060272 -0.002184694167226553 
vn 0.9807829260826111 0.19508986175060272 -0.002184694167226553 
vn 0.9807829260826111 0.19508986175060272 -0.002184694167226553 
vn 0.9807829260826111 0.19508986175060272 0.002184694167226553 
vn 0.13552090525627136 0.9377426505088806 -0.3198012113571167 
vn 0.47232648730278015 0.6546025276184082 -0.590256929397583 
vn 0.18944603204727173 0.9487805962562561 -0.25283506512641907 
vn 0.5713967680931091 0.6767221689224243 -0.4642767012119293 
vn 0.34757208824157715 0.6272099018096924 -0.6969945430755615 
vn 0.06598608940839767 0.9238083362579346 -0.37712597846984863 
vn 0.2057725489139557 0.5990889072418213 -0.7737894654273987 
vn -0.007553075905889273 0.9087737798690796 -0.417220801115036 
vn 0.04911084473133087 0.5685725808143616 -0.8211658596992493 
vn -0.08860836178064346 0.8912270665168762 -0.44481781125068665 
vn -0.11078574508428574 0.533938467502594 -0.838234007358551 
vn -0.17627567052841187 0.8741025924682617 -0.45262736082077026 
vn -0.2659645676612854 0.8552192449569702 -0.44481781125068665 
vn -0.2654702961444855 0.5051853060722351 -0.8211658596992493 
vn -0.34603938460350037 0.8403472900390625 -0.417220801115036 
vn -0.42254480719566345 0.4719170928001404 -0.7737894654273987 
vn -0.4233243465423584 0.823755145072937 -0.37712597846984863 
vn -0.5646499991416931 0.4420056641101837 -0.6969945430755615 
vn -0.4889257252216339 0.811590313911438 -0.3198012113571167 
vn -0.6891021728515625 0.4203985333442688 -0.590256929397583 
vn -0.5455372929573059 0.7990391254425049 -0.25283506512641907 
vn -0.7917951941490173 0.3968721330165863 -0.4642767012119293 
vn -0.5851424932479858 0.7925372123718262 -0.17173540592193604 
vn -0.8672013282775879 0.3816923499107361 -0.3198012113571167 
vn -0.6086888313293457 0.7883502244949341 -0.08945280313491821 
vn -0.9138354063034058 0.37188273668289185 -0.16312000155448914 
vn -0.19508986175060272 0.9807829260826111 0.002184694167226553 
vn -0.19508986175060272 0.9807829260826111 -0.002184694167226553 
vn -0.19508986175060272 0.9807829260826111 -0.002184694167226553 
vn -0.19508986175060272 0.9807829260826111 0.002184694167226553 
vn -0.19508986175060272 0.9807829260826111 -0.002184694167226553 
vn -0.19508986175060272 0.9807829260826111 -0.002184694167226553 
vn -0.19508986175060272 0.9807829260826111 0.002184694167226553 
vn -0.19508986175060272 0.9807829260826111 -0.002184694167226553 
vn -0.19508986175060272 0.9807829260826111 0.002184694167226553 
vn -0.19508986175060272 0.9807829260826111 0.002184694167226553 
vn -0.19508986175060272 0.9807829260826111 -0.002184694167226553 
vn -0.19508986175060272 0.9807829260826111 -0.002184694167226553 
vn 0.23181167244911194 0.9574812054634094 -0.17173540592193604 
vn 0.6510170698165894 0.6884068250656128 -0.3198012113571167 
vn 0.25565409660339355 0.9626209735870361 -0.08945280313491821 
vn 0.6956309676170349 0.6996352076530457 -0.16312000155448914 
vn 0.2685312330722809 0.963268518447876 -0.002184694167226553 
vn 0.7124248743057251 0.7017449736595154 0.002184694167226553 
vn -0.19508986175060272 0.9807829260826111 0.002184694167226553 
vn -0.19508986175060272 0.9807829260826111 -0.002184694167226553 
vn -0.19508986175060272 0.9807829260826111 -0.002184694167226553 
vn 0.7124248743057251 0.7017449736595154 0.002184694167226553 
vn 0.6956309676170349 0.6996352076530457 0.16312000155448914 
vn 0.2685312330722809 0.963268518447876 -0.002184694167226553 
vn 0.25565409660339355 0.9626209735870361 0.08945280313491821 
vn -0.19508986175060272 0.9807829260826111 0.002184694167226553 
vn -0.19508986175060272 0.9807829260826111 0.002184694167226553 
vn -0.19508986175060272 0.9807829260826111 -0.002184694167226553 
vn 0.23181167244911194 0.9574812054634094 0.17173540592193604 
vn -0.19508986175060272 0.9807829260826111 0.002184694167226553 
vn 0.18944603204727173 0.9487805962562561 0.25283506512641907 
vn -0.19508986175060272 0.9807829260826111 0.002184694167226553 
vn 0.13721702992916107 0.9374959468841553 0.3198012113571167 
vn -0.19508986175060272 0.9807829260826111 0.002184694167226553 
vn 0.06598608940839767 0.9238083362579346 0.37712597846984863 
vn -0.19508986175060272 0.9807829260826111 0.002184694167226553 
vn -0.00565735250711441 0.9087875485420227 0.417220801115036 
vn -0.19508986175060272 0.9807829260826111 0.002184694167226553 
vn -0.08661316335201263 0.8914231657981873 0.44481781125068665 
vn -0.19508986175060272 0.9807829260826111 0.002184694167226553 
vn -0.1741930991411209 0.8745200037956238 0.45262736082077026 
vn -0.19508986175060272 0.9807829260826111 0.002184694167226553 
vn -0.26381731033325195 0.8558840751647949 0.44481781125068665 
vn -0.19508986175060272 0.9807829260826111 0.002184694167226553 
vn -0.34386083483695984 0.8412410616874695 0.417220801115036 
vn -0.19508986175060272 0.9807829260826111 0.002184694167226553 
vn -0.4233243465423584 0.823755145072937 0.37712597846984863 
vn -0.19508986175060272 0.9807829260826111 -0.002184694167226553 
vn -0.4867504835128784 0.812896728515625 0.3198012113571167 
vn -0.19508986175060272 0.9807829260826111 0.002184694167226553 
vn -0.5455372929573059 0.7990391254425049 0.25283506512641907 
vn -0.19508986175060272 0.9807829260826111 0.002184694167226553 
vn -0.5851424932479858 0.7925372123718262 0.17173540592193604 
vn -0.6086888313293457 0.7883502244949341 0.08945280313491821 
vn -0.19508986175060272 0.9807829260826111 0.002184694167226553 
vn -0.19508986175060272 0.9807829260826111 -0.002184694167226553 
vn -0.6226444840431213 0.7825018167495728 -0.002184694167226553 
vn -0.9295517206192017 0.3686853349208832 -0.002184694167226553 
vn -0.9138354063034058 0.37188273668289185 0.16312000155448914 
vn -0.8658769130706787 0.38468730449676514 0.3198012113571167 
vn -0.7903504371643066 0.39974161982536316 0.4642767012119293 
vn -0.6913998126983643 0.4166089594364166 0.590256929397583 
vn -0.5656304359436035 0.4407503306865692 0.6969945430755615 
vn -0.42048415541648865 0.47375407814979553 0.7737894654273987 
vn -0.2677747309207916 0.5039676427841187 0.8211658596992493 
vn -0.10661562532186508 0.5347867012023926 0.838234007358551 
vn 0.05265659838914871 0.5682551860809326 0.8211658596992493 
vn 0.20717886090278625 0.5986040234565735 0.7737894654273987 
vn 0.34980344772338867 0.6259681582450867 0.6969945430755615 
vn 0.4732472896575928 0.6539371013641357 0.590256929397583 
vn 0.5721937417984009 0.6760483980178833 0.4642767012119293 
vn 0.6517263650894165 0.687735378742218 0.3198012113571167 
vn -0.19508986175060272 0.9807829260826111 0.002184694167226553 
vn 0.19508986175060272 -0.9807829260826111 0.002184694167226553 
vn 0.19508986175060272 -0.9807829260826111 0.002184694167226553 
vn 0.19508986175060272 -0.9807829260826111 0.002184694167226553 
vn 0.19508986175060272 -0.9807829260826111 0.002184694167226553 
vn 0.19508986175060272 -0.9807829260826111 -0.002184694167226553 
vn 0.19508986175060272 -0.9807829260826111 0.002184694167226553 
vn 0.19508986175060272 -0.9807829260826111 0.002184694167226553 
vn 0.19508986175060272 -0.9807829260826111 -0.002184694167226553 
vn 0.19508986175060272 -0.9807829260826111 0.002184694167226553 
vn 0.19508986175060272 -0.9807829260826111 0.002184694167226553 
vn 0.19508986175060272 -0.9807829260826111 0.002184694167226553 
vn 0.19508986175060272 -0.9807829260826111 0.002184694167226553 
vn 0.19508986175060272 -0.9807829260826111 -0.002184694167226553 
vn 0.19508986175060272 -0.9807829260826111 -0.002184694167226553 
vn 0.19508986175060272 -0.9807829260826111 0.002184694167226553 
vn 0.19508986175060272 -0.9807829260826111 0.002184694167226553 
vn 0.19508986175060272 -0.9807829260826111 0.002184694167226553 
vn 0.19508986175060272 -0.9807829260826111 -0.002184694167226553 
vn 0.19508986175060272 -0.9807829260826111 0.002184694167226553 
vn 0.19508986175060272 -0.9807829260826111 -0.002184694167226553 
vn 0.19508986175060272 -0.9807829260826111 -0.002184694167226553 
vn 0.19508986175060272 -0.9807829260826111 -0.002184694167226553 
vn 0.19508986175060272 -0.9807829260826111 0.002184694167226553 
vn 0.19508986175060272 -0.9807829260826111 0.002184694167226553 
vn 0.19508986175060272 -0.9807829260826111 0.002184694167226553 
vn 0.19508986175060272 -0.9807829260826111 0.002184694167226553 
vn 0.19508986175060272 -0.9807829260826111 0.002184694167226553 
vn 0.19508986175060272 -0.9807829260826111 0.002184694167226553 
vn 0.19508986175060272 -0.9807829260826111 -0.002184694167226553 
vn 0.19508986175060272 -0.9807829260826111 0.002184694167226553 
vn 0.19508986175060272 -0.9807829260826111 0.002184694167226553 
vn 0.19508986175060272 -0.9807829260826111 -0.002184694167226553 
vn -0.9623497724533081 -0.19118285179138184 0.19321508705615997 
vn -0.9623497724533081 -0.19118285179138184 0.19321508705615997 
vn -0.9068331122398376 -0.17989958822727203 0.3811691105365753 
vn -0.9068331122398376 -0.17989958822727203 0.3811691105365753 
vn -0.8164656162261963 -0.1612030267715454 0.5544344186782837 
vn -0.8164656162261963 -0.1612030267715454 0.5544344186782837 
vn -0.6934373378753662 -0.1422567367553711 0.7063339352607727 
vn -0.6934373378753662 -0.1422567367553711 0.7063339352607727 
vn -0.5448157787322998 -0.11221054941415787 0.8310141563415527 
vn -0.5448157787322998 -0.11221054941415787 0.8310141563415527 
vn -0.3758251368999481 -0.07475626468658447 0.9236704111099243 
vn -0.3758251368999481 -0.07475626468658447 0.9236704111099243 
vn -0.19178472459316254 -0.03719445690512657 0.9807319641113281 
vn -0.19178472459316254 -0.03719445690512657 0.9807319641113281 
vn 0 0 1 
vn 0 0 1 
vn 0.19178472459316254 0.03719445690512657 0.9807319641113281 
vn 0.19178472459316254 0.03719445690512657 0.9807319641113281 
vn 0.3758251368999481 0.07475626468658447 0.9236704111099243 
vn 0.3758251368999481 0.07475626468658447 0.9236704111099243 
vn 0.5448157787322998 0.11221054941415787 0.8310141563415527 
vn 0.5448157787322998 0.11221054941415787 0.8310141563415527 
vn 0.6934373378753662 0.1422567367553711 0.7063339352607727 
vn 0.6934373378753662 0.1422567367553711 0.7063339352607727 
vn 0.8157264590263367 0.16490265727043152 0.5544344186782837 
vn 0.8157264590263367 0.16490265727043152 0.5544344186782837 
vn 0.9068331122398376 0.17989958822727203 0.3811691105365753 
vn 0.9068331122398376 0.17989958822727203 0.3811691105365753 
vn 0.9616075158119202 0.19488193094730377 0.19321508705615997 
vn 0.9616075158119202 0.19488193094730377 0.19321508705615997 
vn 0.9807829260826111 0.19508986175060272 -0.002184694167226553 
vn 0.9807829260826111 0.19508986175060272 -0.002184694167226553 
vn -0.9615597128868103 -0.19511756300926208 -0.19321508705615997 
vn -0.9060437679290771 -0.18383349478244781 -0.3811691105365753 
vn -0.9615597128868103 -0.19511756300926208 -0.19321508705615997 
vn -0.9060437679290771 -0.18383349478244781 -0.3811691105365753 
vn -0.8156788945198059 -0.16513778269290924 -0.5544344186782837 
vn -0.8156788945198059 -0.16513778269290924 -0.5544344186782837 
vn -0.6941385865211487 -0.13879455626010895 -0.7063339352607727 
vn -0.6941385865211487 -0.13879455626010895 -0.7063339352607727 
vn -0.5447168946266174 -0.1126895621418953 -0.8310141563415527 
vn -0.5447168946266174 -0.1126895621418953 -0.8310141563415527 
vn -0.37573251128196716 -0.07522031664848328 -0.9236704111099243 
vn -0.37573251128196716 -0.07522031664848328 -0.9236704111099243 
vn -0.19169622659683228 -0.03764791041612625 -0.9807319641113281 
vn -0.19169622659683228 -0.03764791041612625 -0.9807319641113281 
vn -2.0682311115474694e-13 0 -1 
vn 2.0682311115474694e-13 4.2775797696334704e-26 -1 
vn 0.19169622659683228 0.03764791041612625 -0.9807319641113281 
vn 0.19169622659683228 0.03764791041612625 -0.9807319641113281 
vn 0.37573251128196716 0.07522031664848328 -0.9236704111099243 
vn 0.37573251128196716 0.07522031664848328 -0.9236704111099243 
vn 0.5447168946266174 0.1126895621418953 -0.8310141563415527 
vn 0.5447168946266174 0.1126895621418953 -0.8310141563415527 
vn 0.6933884620666504 0.14249494671821594 -0.7063339352607727 
vn 0.6933884620666504 0.14249494671821594 -0.7063339352607727 
vn 0.8156788945198059 0.16513778269290924 -0.5544344186782837 
vn 0.8156788945198059 0.16513778269290924 -0.5544344186782837 
vn 0.9067872166633606 0.1801305115222931 -0.3811691105365753 
vn 0.9067872166633606 0.1801305115222931 -0.3811691105365753 
vn 0.9615597128868103 0.19511756300926208 -0.19321508705615997 
vn 0.9615597128868103 0.19511756300926208 -0.19321508705615997 
vn 0.9807829260826111 0.19508986175060272 -0.002184694167226553 
vn 0.9807829260826111 0.19508986175060272 -0.002184694167226553 
vn -0.9807829260826111 -0.19508986175060272 -0.002184694167226553 
vn -0.9807829260826111 -0.19508986175060272 -0.002184694167226553 
vn -0.19508986175060272 0.9807829260826111 0.002184694167226553 
vn -0.19508986175060272 0.9807829260826111 -0.002184694167226553 
vn -0.19508986175060272 0.9807829260826111 0.002184694167226553 
vn -0.19508986175060272 0.9807829260826111 -0.002184694167226553 
vn -0.19508986175060272 0.9807829260826111 -0.002184694167226553 
vn -0.19508986175060272 0.9807829260826111 -0.002184694167226553 
vn -0.19508986175060272 0.9807829260826111 -0.002184694167226553 
vn -0.19508986175060272 0.9807829260826111 -0.002184694167226553 
vn -0.19508986175060272 0.9807829260826111 0.002184694167226553 
vn -0.19508986175060272 0.9807829260826111 0.002184694167226553 
vn -0.19508986175060272 0.9807829260826111 -0.002184694167226553 
vn -0.19508986175060272 0.9807829260826111 -0.002184694167226553 
vn -0.19508986175060272 0.9807829260826111 -0.002184694167226553 
vn -0.19508986175060272 0.9807829260826111 0.002184694167226553 
vn -0.19508986175060272 0.9807829260826111 0.002184694167226553 
vn -0.19508986175060272 0.9807829260826111 -0.002184694167226553 
vn -0.19508986175060272 0.9807829260826111 0.002184694167226553 
vn -0.19508986175060272 0.9807829260826111 0.002184694167226553 
vn -0.19508986175060272 0.9807829260826111 -0.002184694167226553 
vn -0.19508986175060272 0.9807829260826111 0.002184694167226553 
vn -0.19508986175060272 0.9807829260826111 -0.002184694167226553 
vn -0.19508986175060272 0.9807829260826111 -0.002184694167226553 
vn -0.19508986175060272 0.9807829260826111 0.002184694167226553 
vn -0.19508986175060272 0.9807829260826111 0.002184694167226553 
vn -0.19508986175060272 0.9807829260826111 0.002184694167226553 
vn -0.19508986175060272 0.9807829260826111 0.002184694167226553 
vn -0.19508986175060272 0.9807829260826111 0.002184694167226553 
vn -0.19508986175060272 0.9807829260826111 0.002184694167226553 
vn -0.19508986175060272 0.9807829260826111 0.002184694167226553 
vn -0.19508986175060272 0.9807829260826111 -0.002184694167226553 
vn -0.19508986175060272 0.9807829260826111 0.002184694167226553 
vn -0.19508986175060272 0.9807829260826111 -0.002184694167226553 
vn 0 0 1 
vn 0 0 1 
vn -0.4911026060581207 -0.09720683842897415 0.865661084651947 
vn -0.4911026060581207 -0.09720683842897415 0.865661084651947 
vn -0.8494483232498169 -0.17233043909072876 0.4987381398677826 
vn -0.8494483232498169 -0.17233043909072876 0.4987381398677826 
vn -0.9807829260826111 -0.19508986175060272 0.002184694167226553 
vn -0.9807829260826111 -0.19508986175060272 -0.002184694167226553 
vn -0.8501443266868591 -0.16886354982852936 -0.4987381398677826 
vn -0.8501443266868591 -0.16886354982852936 -0.4987381398677826 
vn -0.4910110533237457 -0.09766817092895508 -0.865661084651947 
vn -0.4910110533237457 -0.09766817092895508 -0.865661084651947 
vn -2.0682311115474694e-13 0 -1 
vn -2.0682311115474694e-13 0 -1 
vn 0.4910110533237457 0.09766817092895508 -0.865661084651947 
vn 0.4910110533237457 0.09766817092895508 -0.865661084651947 
vn 0.8494004607200623 0.1725662499666214 -0.4987381398677826 
vn 0.8494004607200623 0.1725662499666214 -0.4987381398677826 
vn 0.9807829260826111 0.19508986175060272 0.002184694167226553 
vn 0.9807829260826111 0.19508986175060272 0.002184694167226553 
vn 0.4911026060581207 0.09720683842897415 0.865661084651947 
vn 0.4911026060581207 0.09720683842897415 0.865661084651947 
vn 0.8494483232498169 0.17233043909072876 0.4987381398677826 
vn 0.8494483232498169 0.17233043909072876 0.4987381398677826 
vn 0.9807829260826111 0.19508986175060272 0.002184694167226553 
vn 0.9807829260826111 0.19508986175060272 0.002184694167226553 
vn 0.19508986175060272 -0.9807829260826111 0.002184694167226553 
vn 0.19508986175060272 -0.9807829260826111 0.002184694167226553 
vn 0.19508986175060272 -0.9807829260826111 0.002184694167226553 
vn 0.19508986175060272 -0.9807829260826111 0.002184694167226553 
vn 0.19508986175060272 -0.9807829260826111 -0.002184694167226553 
vn 0.19508986175060272 -0.9807829260826111 -0.002184694167226553 
vn 0.19508986175060272 -0.9807829260826111 -0.002184694167226553 
vn 0.19508986175060272 -0.9807829260826111 0.002184694167226553 
vn 0.19508986175060272 -0.9807829260826111 0.002184694167226553 
vn 0.19508986175060272 -0.9807829260826111 0.002184694167226553 
vn 0.19508986175060272 -0.9807829260826111 0.002184694167226553 
vn 0.19508986175060272 -0.9807829260826111 0.002184694167226553 
vn -0.19508986175060272 0.9807829260826111 0.002184694167226553 
vn -0.19508986175060272 0.9807829260826111 0.002184694167226553 
vn -0.19508986175060272 0.9807829260826111 0.002184694167226553 
vn -0.19508986175060272 0.9807829260826111 0.002184694167226553 
vn -0.19508986175060272 0.9807829260826111 0.002184694167226553 
vn -0.19508986175060272 0.9807829260826111 -0.002184694167226553 
vn -0.19508986175060272 0.9807829260826111 0.002184694167226553 
vn -0.19508986175060272 0.9807829260826111 -0.002184694167226553 
vn -0.19508986175060272 0.9807829260826111 0.002184694167226553 
vn -0.19508986175060272 0.9807829260826111 0.002184694167226553 
vn -0.19508986175060272 0.9807829260826111 0.002184694167226553 
vn -0.19508986175060272 0.9807829260826111 0.002184694167226553 
vn 0.4911026060581207 0.09720683842897415 0.865661084651947 
vn 0.4911026060581207 0.09720683842897415 0.865661084651947 
vn 0.8494483232498169 0.17233043909072876 0.4987381398677826 
vn 0.8494483232498169 0.17233043909072876 0.4987381398677826 
vn 0.9807829260826111 0.19508986175060272 0.002184694167226553 
vn 0.9807829260826111 0.19508986175060272 -0.002184694167226553 
vn 0.8494004607200623 0.1725662499666214 -0.4987381398677826 
vn 0.8494004607200623 0.1725662499666214 -0.4987381398677826 
vn 0.4910110533237457 0.09766817092895508 -0.865661084651947 
vn 0.4910110533237457 0.09766817092895508 -0.865661084651947 
vn -2.0682311115474694e-13 0 -1 
vn -2.0682311115474694e-13 0 -1 
vn -0.4910110533237457 -0.09766817092895508 -0.865661084651947 
vn -0.4910110533237457 -0.09766817092895508 -0.865661084651947 
vn -0.8501443266868591 -0.16886354982852936 -0.4987381398677826 
vn -0.8501443266868591 -0.16886354982852936 -0.4987381398677826 
vn -0.9807829260826111 -0.19508986175060272 0.002184694167226553 
vn -0.9807829260826111 -0.19508986175060272 0.002184694167226553 
vn 0 0 1 
vn 0 0 1 
vn -0.4911026060581207 -0.09720683842897415 0.865661084651947 
vn -0.4911026060581207 -0.09720683842897415 0.865661084651947 
vn -0.8494483232498169 -0.17233043909072876 0.4987381398677826 
vn -0.8494483232498169 -0.17233043909072876 0.4987381398677826 
vn -0.9807829260826111 -0.19508986175060272 0.002184694167226553 
vn -0.9807829260826111 -0.19508986175060272 0.002184694167226553 
vn -0.9807829260826111 -0.19508986175060272 0.002184694167226553 
vn -0.9807829260826111 -0.19508986175060272 0.002184694167226553 
vn -0.8494483232498169 -0.17233043909072876 0.4987381398677826 
vn -0.8494483232498169 -0.17233043909072876 0.4987381398677826 
vn -0.4911026060581207 -0.09720683842897415 0.865661084651947 
vn -0.4911026060581207 -0.09720683842897415 0.865661084651947 
vn 0 0 1 
vn 0 0 1 
vn 0.4911026060581207 0.09720683842897415 0.865661084651947 
vn 0.4911026060581207 0.09720683842897415 0.865661084651947 
vn 0.8494483232498169 0.17233043909072876 0.4987381398677826 
vn 0.8494483232498169 0.17233043909072876 0.4987381398677826 
vn 0.9807829260826111 0.19508986175060272 0.002184694167226553 
vn 0.9807829260826111 0.19508986175060272 -0.002184694167226553 
vn -0.8501443266868591 -0.16886354982852936 -0.4987381398677826 
vn -0.8501443266868591 -0.16886354982852936 -0.4987381398677826 
vn -0.4910110533237457 -0.09766817092895508 -0.865661084651947 
vn -0.4910110533237457 -0.09766817092895508 -0.865661084651947 
vn 2.0682311115474694e-13 4.2775797696334704e-26 -1 
vn -2.0682311115474694e-13 0 -1 
vn 0.4910110533237457 0.09766817092895508 -0.865661084651947 
vn 0.4910110533237457 0.09766817092895508 -0.865661084651947 
vn 0.8494004607200623 0.1725662499666214 -0.4987381398677826 
vn 0.8494004607200623 0.1725662499666214 -0.4987381398677826 
vn 0.9807829260826111 0.19508986175060272 -0.002184694167226553 
vn 0.9807829260826111 0.19508986175060272 0.002184694167226553 
vn -0.19508986175060272 0.9807829260826111 0.002184694167226553 
vn -0.19508986175060272 0.9807829260826111 0.002184694167226553 
vn -0.19508986175060272 0.9807829260826111 -0.002184694167226553 
vn -0.19508986175060272 0.9807829260826111 -0.002184694167226553 
vn -0.19508986175060272 0.9807829260826111 0.002184694167226553 
vn -0.19508986175060272 0.9807829260826111 0.002184694167226553 
vn -0.19508986175060272 0.9807829260826111 -0.002184694167226553 
vn -0.19508986175060272 0.9807829260826111 -0.002184694167226553 
vn -0.19508986175060272 0.9807829260826111 -0.002184694167226553 
vn -0.19508986175060272 0.9807829260826111 0.002184694167226553 
vn -0.19508986175060272 0.9807829260826111 -0.002184694167226553 
vn -0.19508986175060272 0.9807829260826111 -0.002184694167226553 
vn -0.19508986175060272 0.9807829260826111 -0.002184694167226553 
vn -0.19508986175060272 0.9807829260826111 0.002184694167226553 
vn -0.19508986175060272 0.9807829260826111 0.002184694167226553 
vn -0.19508986175060272 0.9807829260826111 0.002184694167226553 
vn -0.19508986175060272 0.9807829260826111 0.002184694167226553 
vn -0.19508986175060272 0.9807829260826111 0.002184694167226553 
vn -0.19508986175060272 0.9807829260826111 0.002184694167226553 
vn -0.19508986175060272 0.9807829260826111 0.002184694167226553 
vn -0.19508986175060272 0.9807829260826111 0.002184694167226553 
vn -0.19508986175060272 0.9807829260826111 0.002184694167226553 
vn -0.19508986175060272 0.9807829260826111 0.002184694167226553 
vn -0.19508986175060272 0.9807829260826111 0.002184694167226553 
vn -0.8426805138587952 -0.17242951691150665 0.5100564956665039 
vn -0.9449843764305115 -0.1910937875509262 0.26549527049064636 
vn -0.8426805138587952 -0.17242951691150665 0.5100564956665039 
vn -0.9449843764305115 -0.1910937875509262 0.26549527049064636 
vn -0.9487774968147278 -0.194978728890419 -0.24860523641109467 
vn -0.9487774968147278 -0.194978728890419 -0.24860523641109467 
vn -0.8603037595748901 -0.17256884276866913 -0.4796847105026245 
vn -0.8603037595748901 -0.17256884276866913 -0.4796847105026245 
vn 0.832621693611145 0.16489771008491516 0.528724730014801 
vn 0.9433214068412781 0.18739791214466095 0.27391019463539124 
vn 0.832621693611145 0.16489771008491516 0.528724730014801 
vn 0.9433214068412781 0.18739791214466095 0.27391019463539124 
vn 0.9420465230941772 0.18762537837028503 -0.2781098484992981 
vn 0.9420465230941772 0.18762537837028503 -0.2781098484992981 
vn 0.830210268497467 0.1651390939950943 -0.5324283838272095 
vn 0.830210268497467 0.1651390939950943 -0.5324283838272095 
vn 0.016146345064044 0.006688034627586603 0.9998472929000854 
vn 0.016146345064044 0.006688034627586603 0.9998472929000854 
vn 0.016146345064044 0.006688034627586603 0.9998472929000854 
vn 0.016146345064044 0.006688034627586603 0.9998472929000854 
vn -0.19508986175060272 0.9807829260826111 0.002184694167226553 
vn -0.19508986175060272 0.9807829260826111 0.002184694167226553 
vn -0.19508986175060272 0.9807829260826111 -0.002184694167226553 
vn -0.19508986175060272 0.9807829260826111 -0.002184694167226553 
vn -0.19508986175060272 0.9807829260826111 0.002184694167226553 
vn -0.19508986175060272 0.9807829260826111 0.002184694167226553 
vn -0.19508986175060272 0.9807829260826111 0.002184694167226553 
vn -0.19508986175060272 0.9807829260826111 0.002184694167226553 
vn -0.017476677894592285 -3.6145805417514814e-15 -0.9998472929000854 
vn -0.017476677894592285 -3.6145805417514814e-15 -0.9998472929000854 
vn -0.017476677894592285 -3.6145805417514814e-15 -0.9998472929000854 
vn -0.017476677894592285 -3.6145805417514814e-15 -0.9998472929000854 
vn -0.19508986175060272 0.9807829260826111 0.002184694167226553 
vn -0.19508986175060272 0.9807829260826111 -0.002184694167226553 
vn -0.19508986175060272 0.9807829260826111 -0.002184694167226553 
vn -0.19508986175060272 0.9807829260826111 -0.002184694167226553 
vn 0.9807829260826111 0.19508986175060272 0.002184694167226553 
vn 0.9807829260826111 0.19508986175060272 0.002184694167226553 
vn 0.9807829260826111 0.19508986175060272 -0.002184694167226553 
vn 0.9807829260826111 0.19508986175060272 -0.002184694167226553 
vn 0 0 1 
vn 0 0 1 
vn 0 0 1 
vn 0 0 1 
vn -0.9807829260826111 -0.19508986175060272 0.002184694167226553 
vn -0.9807829260826111 -0.19508986175060272 0.002184694167226553 
vn -0.9807829260826111 -0.19508986175060272 0.002184694167226553 
vn -0.9807829260826111 -0.19508986175060272 0.002184694167226553 
vn -2.0682311115474694e-13 0 -1 
vn -2.0682311115474694e-13 0 -1 
vn -2.0682311115474694e-13 0 -1 
vn -2.0682311115474694e-13 0 -1 
vn 0.0018760409438982606 0.2591639459133148 0.9658315181732178 
vn -0.0018674257444217801 0.11768529564142227 0.9930492043495178 
vn 0.0018760409438982606 0.2591639459133148 0.9658315181732178 
vn -0.0018674257444217801 0.11768529564142227 0.9930492043495178 
vn 0.0018858956173062325 0.8224084973335266 0.5688942670822144 
vn 0.0018858956173062325 0.8224084973335266 0.5688942670822144 
vn -5.048449858028117e-14 0.4892406165599823 0.872148871421814 
vn -5.048449858028117e-14 0.4892406165599823 0.872148871421814 
vn 0 0 1 
vn 0 0 1 
vn -0.969104528427124 0.2466406375169754 0.002184694167226553 
vn -0.9935884475708008 0.11303620040416718 0.002184694167226553 
vn -0.969104528427124 0.2466406375169754 0.002184694167226553 
vn -0.9935884475708008 0.11303620040416718 0.002184694167226553 
vn -0.5429477095603943 0.8397637009620667 0.002184694167226553 
vn -0.5429477095603943 0.8397637009620667 0.002184694167226553 
vn -0.9149710536003113 0.4035136103630066 0.002184694167226553 
vn -0.9149710536003113 0.4035136103630066 0.002184694167226553 
vn -0.999997615814209 -2.0682260971124217e-13 0.002184694167226553 
vn -0.999997615814209 -2.0682260971124217e-13 0.002184694167226553 
vn 0.969104528427124 0.2466406375169754 -0.002184694167226553 
vn 0.9935884475708008 0.11303620040416718 -0.002184694167226553 
vn 0.969104528427124 0.2466406375169754 -0.002184694167226553 
vn 0.9935884475708008 0.11303620040416718 0.002184694167226553 
vn 0.5429477095603943 0.8397637009620667 -0.002184694167226553 
vn 0.5429477095603943 0.8397637009620667 -0.002184694167226553 
vn 0.9149710536003113 0.4035136103630066 0.002184694167226553 
vn 0.9149710536003113 0.4035136103630066 0.002184694167226553 
vn 0.999997615814209 0 0.002184694167226553 
vn 0.999997615814209 0 0.002184694167226553 
vn -0.0018934921827167273 0.25916382670402527 -0.9658315181732178 
vn 0.0019059260375797749 0.11768467724323273 -0.9930492043495178 
vn -0.0018934921827167273 0.25916382670402527 -0.9658315181732178 
vn 0.0019059260375797749 0.11768467724323273 -0.9930492043495178 
vn -8.504676319740986e-14 0.8224106431007385 -0.5688942670822144 
vn -8.504676319740986e-14 0.8224106431007385 -0.5688942670822144 
vn -0.00188819516915828 0.489236980676651 -0.872148871421814 
vn -0.00188819516915828 0.489236980676651 -0.872148871421814 
vn 2.0682311115474694e-13 4.2775797696334704e-26 -1 
vn 2.0682311115474694e-13 4.2775797696334704e-26 -1 
vn 3.097898456858039e-13 -0.999997615814209 0.002184694167226553 
vn 3.097898456858039e-13 -0.999997615814209 0.002184694167226553 
vn 3.097898456858039e-13 -0.999997615814209 0.002184694167226553 
vn 3.097898456858039e-13 -0.999997615814209 0.002184694167226553 
vn 3.097898456858039e-13 -0.999997615814209 0.002184694167226553 
vn 3.097898456858039e-13 -0.999997615814209 0.002184694167226553 
vn 3.097898456858039e-13 -0.999997615814209 0.002184694167226553 
vn 3.097898456858039e-13 -0.999997615814209 0.002184694167226553 
vn -0.969104528427124 -0.2466406375169754 0.002184694167226553 
vn -0.969104528427124 -0.2466406375169754 0.002184694167226553 
vn -0.969104528427124 -0.2466406375169754 0.002184694167226553 
vn -0.969104528427124 -0.2466406375169754 0.002184694167226553 
vn 8.313792362879546e-14 -0.2676009237766266 0.9635298252105713 
vn 8.313792362879546e-14 -0.2676009237766266 0.9635298252105713 
vn 8.313792362879546e-14 -0.2676009237766266 0.9635298252105713 
vn 8.313792362879546e-14 -0.2676009237766266 0.9635298252105713 
vn 0.969104528427124 -0.2466406375169754 -0.002184694167226553 
vn 0.969104528427124 -0.2466406375169754 -0.002184694167226553 
vn 0.969104528427124 -0.2466406375169754 -0.002184694167226553 
vn 0.969104528427124 -0.2466406375169754 0.002184694167226553 
vn -0.003786779474467039 -0.26757413148880005 -0.9635298252105713 
vn -0.003786779474467039 -0.26757413148880005 -0.9635298252105713 
vn -0.003786779474467039 -0.26757413148880005 -0.9635298252105713 
vn 0.003786779474467039 -0.26757413148880005 -0.9635298252105713 
vn 3.097898456858039e-13 -0.999997615814209 0.002184694167226553 
vn 3.097898456858039e-13 -0.999997615814209 0.002184694167226553 
vn 3.097898456858039e-13 -0.999997615814209 0.002184694167226553 
vn 3.097898456858039e-13 -0.999997615814209 0.002184694167226553 
vn -1.0341130485562108e-13 0.999997615814209 0.002184694167226553 
vn -1.0341130485562108e-13 0.999997615814209 0.002184694167226553 
vn -1.0341130485562108e-13 0.999997615814209 0.002184694167226553 
vn -1.0341130485562108e-13 0.999997615814209 0.002184694167226553 
vn 0.9159269332885742 -0.007542685139924288 0.401274174451828 
vn 0.6922387480735779 -0.007538364734500647 0.7216291427612305 
vn 0.9159269332885742 -0.007542685139924288 0.401274174451828 
vn 0.6922387480735779 -0.007538364734500647 0.7216291427612305 
vn 0.0013502120273187757 -0.0041555254720151424 0.9999904632568359 
vn 0.0013502120273187757 -0.0041555254720151424 0.9999904632568359 
vn -0.6922695636749268 -0.0037692382466048002 0.7216291427612305 
vn -0.6922695636749268 -0.0037692382466048002 0.7216291427612305 
vn -0.9999691247940063 -0.007551815826445818 -0.002184694167226553 
vn -0.9999691247940063 -0.007551815826445818 0.002184694167226553 
vn -0.6922386288642883 -0.007551451679319143 -0.7216291427612305 
vn -0.6922386288642883 -0.007551451679319143 -0.7216291427612305 
vn -0.002184688812121749 -0.0037839922588318586 -0.9999904632568359 
vn -0.002184688812121749 -0.0037839922588318586 -0.9999904632568359 
vn 0.6922386288642883 -0.007551451679319143 -0.7216291427612305 
vn 0.6922386288642883 -0.007551451679319143 -0.7216291427612305 
vn 0.9159268736839294 -0.007552583236247301 -0.401274174451828 
vn 0.9159268736839294 -0.007552583236247301 -0.401274174451828 
vn -0.9501164555549622 0.3118877410888672 0.002184694167226553 
vn -0.9501164555549622 0.3118877410888672 0.002184694167226553 
vn -0.9501164555549622 0.3118877410888672 0.002184694167226553 
vn -0.9501164555549622 0.3118877410888672 0.002184694167226553 
vn 0.9501164555549622 0.3118877410888672 0.002184694167226553 
vn 0.9501164555549622 0.3118877410888672 0.002184694167226553 
vn 0.9501164555549622 0.3118877410888672 0.002184694167226553 
vn 0.9501164555549622 0.3118877410888672 0.002184694167226553 
vn 0.0018875712994486094 0.3424711227416992 -0.9395264387130737 
vn 0.0018875712994486094 0.3424711227416992 -0.9395264387130737 
vn 0.0018875712994486094 0.3424711227416992 -0.9395264387130737 
vn 0.0018875712994486094 0.3424711227416992 -0.9395264387130737 
vn 0.003761886153370142 0.34245565533638 0.9395264387130737 
vn 0.003761886153370142 0.34245565533638 0.9395264387130737 
vn 0.003761886153370142 0.34245565533638 0.9395264387130737 
vn 0.003761886153370142 0.34245565533638 0.9395264387130737 
vn -1.0341130485562108e-13 0.999997615814209 0.002184694167226553 
vn -1.0341130485562108e-13 0.999997615814209 0.002184694167226553 
vn -1.0341130485562108e-13 0.999997615814209 0.002184694167226553 
vn -1.0341130485562108e-13 0.999997615814209 0.002184694167226553 
vn -1.0341130485562108e-13 0.999997615814209 0.002184694167226553 
vn -1.0341130485562108e-13 0.999997615814209 0.002184694167226553 
vn -1.0341130485562108e-13 0.999997615814209 0.002184694167226553 
vn -1.0341130485562108e-13 0.999997615814209 0.002184694167226553 
vn -1.0341130485562108e-13 0.999997615814209 0.002184694167226553 
vn -1.0341130485562108e-13 0.999997615814209 0.002184694167226553 
vn -1.0341130485562108e-13 0.999997615814209 0.002184694167226553 
vn -1.0341130485562108e-13 0.999997615814209 0.002184694167226553 
vn -1.0341130485562108e-13 0.999997615814209 0.002184694167226553 
vn -1.0341130485562108e-13 0.999997615814209 0.002184694167226553 
vn -1.0341130485562108e-13 0.999997615814209 0.002184694167226553 
vn -1.0341130485562108e-13 0.999997615814209 0.002184694167226553 
vn -0.999997615814209 -2.0682260971124217e-13 0.002184694167226553 
vn -0.999997615814209 -2.0682260971124217e-13 0.002184694167226553 
vn -0.999997615814209 -2.0682260971124217e-13 0.002184694167226553 
vn -0.999997615814209 -2.0682260971124217e-13 0.002184694167226553 
vn -0.999997615814209 -2.0682260971124217e-13 0.002184694167226553 
vn -0.999997615814209 -2.0682260971124217e-13 0.002184694167226553 
vn -0.999997615814209 -2.0682260971124217e-13 0.002184694167226553 
vn -0.999997615814209 -2.0682260971124217e-13 0.002184694167226553 
vn -1.0341130485562108e-13 0.999997615814209 0.002184694167226553 
vn -1.0341130485562108e-13 0.999997615814209 0.002184694167226553 
vn -1.0341130485562108e-13 0.999997615814209 0.002184694167226553 
vn -1.0341130485562108e-13 0.999997615814209 0.002184694167226553 
vn -1.0341130485562108e-13 0.999997615814209 0.002184694167226553 
vn -1.0341130485562108e-13 0.999997615814209 0.002184694167226553 
vn -1.0341130485562108e-13 0.999997615814209 0.002184694167226553 
vn -1.0341130485562108e-13 0.999997615814209 0.002184694167226553 
vn 3.097898456858039e-13 -0.999997615814209 -0.002184694167226553 
vn 3.097898456858039e-13 -0.999997615814209 -0.002184694167226553 
vn 3.097898456858039e-13 -0.999997615814209 -0.002184694167226553 
vn 3.097898456858039e-13 -0.999997615814209 -0.002184694167226553 
vn 3.097898456858039e-13 -0.999997615814209 -0.002184694167226553 
vn 3.097898456858039e-13 -0.999997615814209 -0.002184694167226553 
vn 3.097898456858039e-13 -0.999997615814209 -0.002184694167226553 
vn 3.097898456858039e-13 -0.999997615814209 -0.002184694167226553 
vn 0 0 1 
vn 0 0 1 
vn 0 0 1 
vn 0 0 1 
vn -2.0682311115474694e-13 0 -1 
vn -2.0682311115474694e-13 0 -1 
vn -2.0682311115474694e-13 0 -1 
vn -2.0682311115474694e-13 0 -1 
vn 0 0 1 
vn 0 0 1 
vn 0 0 1 
vn 0 0 1 
vn 0 0 1 
vn 0 0 1 
vn 0 0 1 
vn 0 0 1 
vn 0.999997615814209 0 0.002184694167226553 
vn 0.999997615814209 0 0.002184694167226553 
vn 0.999997615814209 0 0.002184694167226553 
vn 0.999997615814209 0 0.002184694167226553 
vn -0.10235758870840073 0.4146769940853119 0.9041935205459595 
vn -0.10235758870840073 0.4146769940853119 0.9041935205459595 
vn -0.10235758870840073 0.4146769940853119 0.9041935205459595 
vn -0.10235758870840073 0.4146769940853119 0.9041935205459595 
vn 0.10118288546800613 -0.4190264046192169 -0.9023185968399048 
vn 0.10118288546800613 -0.4190264046192169 -0.9023185968399048 
vn 0.10118288546800613 -0.4190264046192169 -0.9023185968399048 
vn 0.10118288546800613 -0.4190264046192169 -0.9023185968399048 
vn -0.999997615814209 -2.0682260971124217e-13 0.002184694167226553 
vn -0.999997615814209 -2.0682260971124217e-13 -0.002184694167226553 
vn -0.999997615814209 -2.0682260971124217e-13 -0.002184694167226553 
vn -0.999997615814209 -2.0682260971124217e-13 -0.002184694167226553 
vn -0.999997615814209 -2.0682260971124217e-13 0.002184694167226553 
vn -0.999997615814209 -2.0682260971124217e-13 0.002184694167226553 
vn -0.999997615814209 -2.0682260971124217e-13 -0.002184694167226553 
vn -0.999997615814209 -2.0682260971124217e-13 0.002184694167226553 
vn -0.999997615814209 -2.0682260971124217e-13 -0.002184694167226553 
vn -0.999997615814209 -2.0682260971124217e-13 -0.002184694167226553 
vn -0.999997615814209 -2.0682260971124217e-13 -0.002184694167226553 
vn -0.999997615814209 -2.0682260971124217e-13 0.002184694167226553 
vn -1.0341130485562108e-13 0.999997615814209 0.002184694167226553 
vn -1.0341130485562108e-13 0.999997615814209 0.002184694167226553 
vn -1.0341130485562108e-13 0.999997615814209 0.002184694167226553 
vn -1.0341130485562108e-13 0.999997615814209 0.002184694167226553 
vn -1.0341130485562108e-13 0.999997615814209 0.002184694167226553 
vn -1.0341130485562108e-13 0.999997615814209 0.002184694167226553 
vn -1.0341130485562108e-13 0.999997615814209 0.002184694167226553 
vn -1.0341130485562108e-13 0.999997615814209 0.002184694167226553 
vn 3.097898456858039e-13 -0.999997615814209 -0.002184694167226553 
vn 3.097898456858039e-13 -0.999997615814209 -0.002184694167226553 
vn 3.097898456858039e-13 -0.999997615814209 -0.002184694167226553 
vn 3.097898456858039e-13 -0.999997615814209 -0.002184694167226553 
vn 3.097898456858039e-13 -0.999997615814209 -0.002184694167226553 
vn 3.097898456858039e-13 -0.999997615814209 -0.002184694167226553 
vn 3.097898456858039e-13 -0.999997615814209 -0.002184694167226553 
vn 3.097898456858039e-13 -0.999997615814209 -0.002184694167226553 
vn 2.0682311115474694e-13 4.2775797696334704e-26 -1 
vn 2.0682311115474694e-13 4.2775797696334704e-26 -1 
vn 2.0682311115474694e-13 4.2775797696334704e-26 -1 
vn 2.0682311115474694e-13 4.2775797696334704e-26 -1 
vn 0 0 1 
vn 0 0 1 
vn 0 0 1 
vn 0 0 1 
vn -2.0682311115474694e-13 0 -1 
vn -2.0682311115474694e-13 0 -1 
vn -2.0682311115474694e-13 0 -1 
vn -2.0682311115474694e-13 0 -1 
vn -2.0682311115474694e-13 0 -1 
vn -2.0682311115474694e-13 0 -1 
vn -2.0682311115474694e-13 0 -1 
vn -2.0682311115474694e-13 0 -1 
vn 0.999997615814209 0 0.002184694167226553 
vn 0.999997615814209 0 -0.002184694167226553 
vn 0.999997615814209 0 -0.002184694167226553 
vn 0.999997615814209 0 -0.002184694167226553 
vn -0.09925040602684021 0.4154316186904907 -0.9041935205459595 
vn -0.09925040602684021 0.4154316186904907 -0.9041935205459595 
vn -0.09925040602684021 0.4154316186904907 -0.9041935205459595 
vn -0.09925040602684021 0.4154316186904907 -0.9041935205459595 
vn 0.10428520292043686 -0.41826510429382324 0.9023185968399048 
vn 0.10428520292043686 -0.41826510429382324 0.9023185968399048 
vn 0.10428520292043686 -0.41826510429382324 0.9023185968399048 
vn 0.10428520292043686 -0.41826510429382324 0.9023185968399048 
vn -0.999997615814209 -2.0682260971124217e-13 0.002184694167226553 
vn -0.999997615814209 -2.0682260971124217e-13 0.002184694167226553 
vn -0.999997615814209 -2.0682260971124217e-13 0.002184694167226553 
vn -0.999997615814209 -2.0682260971124217e-13 0.002184694167226553 
vn 0.9157964587211609 -0.2317061573266983 -0.3280687630176544 
vn 0.9096095561981201 -0.16528914868831635 -0.3811691105365753 
vn 0.9642868638038635 -0.12044842541217804 -0.23588760197162628 
vn 0.8020138144493103 0.5733596682548523 -0.16742929816246033 
vn 0.7332806587219238 0.6798944473266602 0.006554040592163801 
vn 0.6681413650512695 0.7375317811965942 -0.0981530249118805 
vn 0.5605564713478088 0.8151708245277405 0.1458524912595749 
vn 0.7352912425994873 0.673912525177002 0.07203252613544464 
vn 0.8871910572052002 -0.28231343626976013 0.3649536371231079 
vn 0.939325749874115 -0.2318221479654312 0.25283506512641907 
vn 0.9073681235313416 -0.26785677671432495 0.3239381015300751 
vn 0.9277591705322266 -0.3470427095890045 0.1372016966342926 
vn 0.864463210105896 -0.4294601380825043 0.2612801790237427 
vn 0.8431656360626221 -0.5231104493141174 0.1242060661315918 
vn 0.7939069271087646 -0.565619170665741 0.22312943637371063 
vn 0.9243634343147278 -0.35429084300994873 -0.1415284425020218 
vn 0.842344343662262 -0.5233864784240723 -0.12854042649269104 
vn 0.8608258366584778 -0.4367053806781769 -0.2612801790237427 
vn 0.7934749722480774 -0.566224992275238 -0.22312943637371063 
vn -0.9257852435112 -0.02641323395073414 0.37712597846984863 
vn -0.9207764863967896 0.157676100730896 0.3568037748336792 
vn -0.9798939228057861 0.06414680182933807 0.18892620503902435 
vn -0.9167107343673706 0.36847466230392456 0.15449213981628418 
vn -0.8531432747840881 0.43596816062927246 0.2864931523799896 
vn -0.6833610534667969 0.7153633832931519 0.1458524912595749 
vn -0.48036542534828186 0.7214633226394653 0.4987381398677826 
vn -0.9844266772270203 -0.07539428025484085 0.15880759060382843 
vn -0.9798939228057861 0.06414680182933807 -0.18892620503902435 
vn -0.9834225177764893 -0.07919584214687347 -0.16312000155448914 
vn -0.9273093342781067 -0.03019956313073635 -0.37307560443878174 
vn -0.9235497713088989 0.15048407018184662 -0.3527185618877411 
vn -0.9167107343673706 0.36847466230392456 -0.15449213981628418 
vn -0.8545985221862793 0.43310853838920593 -0.2864931523799896 
vn -0.6794754266738892 0.7181650400161743 -0.15017375349998474 
vn -0.4825228750705719 0.7200222015380859 -0.4987381398677826 
vn -0.41728663444519043 0.9087722897529602 0.002184694167226553 
vn -0.42615777254104614 0.6025910377502441 0.67473965883255 
vn -0.17922042310237885 0.4006830155849457 0.8985171914100647 
vn -0.47432321310043335 0.34833937883377075 0.8085030317306519 
vn -0.8041264414787292 0.24898013472557068 0.5398051738739014 
vn -0.6433646082878113 0.6087110042572021 0.4642767012119293 
vn -0.9596911072731018 0.19113479554653168 0.2060592919588089 
vn -0.8089690208435059 0.5635038614273071 0.16742929816246033 
vn -0.9621957540512085 0.1875445544719696 -0.1975002884864807 
vn -0.809561550617218 0.5639166235923767 -0.16312000155448914 
vn -0.6453301310539246 0.6066268682479858 -0.4642767012119293 
vn -0.4221276044845581 0.6054210662841797 -0.67473965883255 
vn -0.18140381574630737 0.39969927072525024 -0.8985171914100647 
vn -0.4778715670108795 0.34345540404319763 -0.8085030317306519 
vn -0.8075862526893616 0.2457188069820404 -0.5361219048500061 
vn -0.9667218923568726 0.06036704406142235 -0.24860523641109467 
vn -0.8570737242698669 0.03773551061749458 -0.5138099193572998 
vn -0.7056217193603516 -0.41756680607795715 -0.5724822878837585 
vn -0.17053504288196564 -0.49062880873680115 -0.8545181155204773 
vn -0.7897800207138062 -0.5626104474067688 -0.24437066912651062 
vn -0.88210129737854 0.4235999584197998 -0.2060592919588089 
vn -0.7886510491371155 0.37979432940483093 -0.4835140109062195 
vn -0.9197883605957031 0.3365612328052521 -0.2017817199230194 
vn -0.9073718190193176 0.385543555021286 0.16742929816246033 
vn -0.9543358683586121 0.29738306999206543 -0.028397228568792343 
vn -0.8618922233581543 0.4294191896915436 0.26970529556274414 
vn -0.8233864903450012 0.5422195792198181 -0.16742929816246033 
vn -0.7561088800430298 0.385680615901947 -0.528724730014801 
vn -0.7882084250450134 0.030212707817554474 -0.6146662831306458 
vn -0.5395378470420837 -0.07913682609796524 -0.838234007358551 
vn -0.5150055885314941 -0.02642306312918663 -0.8567795157432556 
vn -0.15508554875850677 -0.23337699472904205 -0.9599394202232361 
vn 0.1538645327091217 -0.2085549682378769 -0.9658315181732178 
vn -0.29344066977500916 0.06753037124872208 -0.953589141368866 
vn -0.2819100320339203 -0.2085631936788559 -0.9364978075027466 
vn 0.2350996434688568 -0.3518514931201935 -0.9060511589050293 
vn 0.4452782869338989 -0.5133540034294128 -0.7336177229881287 
vn 0.3654455542564392 -0.7109883427619934 -0.6007870435714722 
vn 0.8812743425369263 -0.41661590337753296 -0.22312943637371063 
vn -0.24419711530208588 -0.8809778690338135 -0.405272513628006 
vn 0.10547798126935959 -0.9842987656593323 -0.1415284425020218 
vn -0.5043236613273621 -0.8634456396102905 -0.010923261754214764 
vn -0.5043236613273621 -0.8634456396102905 0.010923261754214764 
vn 0.749811589717865 -0.625882089138031 -0.21460255980491638 
vn 0.8791244029998779 -0.42336398363113403 0.21886809170246124 
vn 0.748548686504364 -0.6259166598320007 0.21886809170246124 
vn 0.10547798126935959 -0.9842987656593323 0.1415284425020218 
vn -0.24585117399692535 -0.8786699771881104 0.40926313400268555 
vn -0.7897800207138062 -0.5626104474067688 0.24437066912651062 
vn -0.7050508856773376 -0.4135926067829132 0.5760593414306641 
vn -0.9662219285964966 0.06790123134851456 0.24860523641109467 
vn -0.8549781441688538 0.03392232581973076 0.5175535082817078 
vn -0.8845216631889343 0.4163910746574402 0.2103329300880432 
vn -0.7881380319595337 0.3759573996067047 0.48733407258987427 
vn -0.9197883605957031 0.3365612328052521 0.2017817199230194 
vn -0.908036470413208 0.3858259618282318 -0.16312000155448914 
vn -0.9543358683586121 0.29738306999206543 0.028397228568792343 
vn -0.8620908856391907 0.43671441078186035 -0.25706008076667786 
vn -0.8126737475395203 0.551242470741272 0.18892620503902435 
vn -0.7880569100379944 0.033935390412807465 0.6146662831306458 
vn -0.7527816891670227 0.4019693434238434 0.5212872624397278 
vn -0.5415584444999695 -0.0638606995344162 0.838234007358551 
vn -0.5151875615119934 -0.022598329931497574 0.8567795157432556 
vn -0.1653100550174713 -0.22624972462654114 0.9599394202232361 
vn 0.14427343010902405 -0.19985440373420715 0.9691457152366638 
vn -0.30125126242637634 0.0706835463643074 0.9509214162826538 
vn -0.28038763999938965 -0.2037135511636734 0.9380210638046265 
vn -0.17694777250289917 -0.4763742983341217 0.8612531423568726 
vn 0.22189360857009888 -0.33673936128616333 0.9150791168212891 
vn 0.4379478394985199 -0.5111749172210693 0.7395281791687012 
vn 0.36307182908058167 -0.7092471122741699 0.6042742133140564 
vn 0.48124873638153076 -0.3133499324321747 0.8186644315719604 
vn 0.45096564292907715 -0.587968111038208 0.6715083718299866 
vn 0.8245124220848083 -0.15751460194587708 0.5434780716896057 
vn 0.7227802276611328 -0.53538978099823 0.43697428703308105 
vn 0.4319639801979065 -0.8913937211036682 0.1372016966342926 
vn 0.3365771770477295 -0.7336978316307068 0.590256929397583 
vn 0.4097246825695038 -0.9004735946655273 0.1458524912595749 
vn 0.4082058072090149 -0.9004531502723694 -0.15017375349998474 
vn 0.4389728903770447 -0.8835693001747131 -0.16312000155448914 
vn 0.33532941341400146 -0.7342689633369446 -0.590256929397583 
vn 0.4799901843070984 -0.5759448409080505 -0.661737859249115 
vn 0.17945928871631622 -0.3962656557559967 -0.9004265069961548 
vn 0.5090071558952332 -0.30914944410324097 -0.8033295273780823 
vn 0.8446511626243591 -0.15021245181560516 -0.5138099193572998 
vn 0.7522586584091187 -0.5316053032875061 -0.3892335295677185 
vn 0.977810800075531 -0.037756871432065964 -0.2060592919588089 
vn 0.8616593480110168 -0.4909383952617645 -0.12854042649269104 
vn 0.8606504797935486 -0.49036356806755066 0.1372016966342926 
vn 0.979256808757782 -0.04527377337217331 0.1975002884864807 
vn 0.18070892989635468 -0.39569735527038574 0.9004265069961548 
vn -0.17922042310237885 0.4006830155849457 0.8985171914100647 
vn 0.17318850755691528 0.4697197675704956 0.865661084651947 
vn -0.2905530035495758 0.6386961936950684 0.7124928832054138 
vn 0.12390431016683578 0.7364868521690369 0.6650074124336243 
vn -0.4186333417892456 0.9059455990791321 0.0633138045668602 
vn -0.17454949021339417 0.9778472185134888 0.11553031951189041 
vn 0.5117955207824707 0.7833613157272339 0.3527185618877411 
vn 0.7157966494560242 0.5415183901786804 0.4409002661705017 
vn 0.54264235496521 0.8342093825340271 0.0981530249118805 
vn 0.7841034531593323 0.6032485365867615 0.1458524912595749 
vn 0.7967254519462585 0.5853856801986694 -0.15017375349998474 
vn 0.5516602993011475 0.8247689008712769 -0.1242060661315918 
vn 0.757381021976471 0.4989738166332245 -0.42118772864341736 
vn 0.5463430285453796 0.7577601075172424 -0.3568037748336792 
vn 0.1592303067445755 0.7146061658859253 -0.681163489818573 
vn -0.16529491543769836 0.9809032678604126 -0.10250037163496017 
vn -0.4171193242073059 0.908407986164093 -0.028397228568792343 
vn -0.410112589597702 0.8509867787361145 0.3280687630176544 
vn -0.39530691504478455 0.8656014204025269 0.30735430121421814 
vn 0.21335698664188385 0.42748069763183594 -0.8784868121147156 
vn -0.28550171852111816 0.6202030777931213 -0.7306414246559143 
vn -0.17033587396144867 0.36553505063056946 -0.9150791168212891 
vn -0.09801503270864487 0.9951633810997009 0.006554040592163801 
vn -0.1727883517742157 0.9847627282142639 0.01966099627315998 
vn -0.18015825748443604 0.9830917716026306 -0.03276457265019417 
vn -0.48401135206222534 0.8282737135887146 0.28230419754981995 
vn -0.5922540426254272 0.7997506260871887 0.0981530249118805 
vn -0.5908339023590088 0.80229252576828 -0.08510008454322815 
vn -0.46179383993148804 0.8501887321472168 -0.25283506512641907 
vn -0.10552351921796799 0.9943568110466003 -0.010923261754214764 
vn -0.3939376175403595 0.8733469247817993 -0.2864931523799896 
vn -0.40098097920417786 0.8805047869682312 -0.25283506512641907 
vn -0.3560270071029663 -0.927306592464447 -0.11553031951189041 
vn -0.5239827036857605 -0.7616772055625916 -0.3811691105365753 
vn -0.30439555644989014 -0.9270599484443665 -0.21886809170246124 
vn -0.37896811962127686 -0.7620673179626465 -0.5250110030174255 
vn -0.616131067276001 -0.7613584399223328 -0.2017817199230194 
vn -0.3756946325302124 -0.9267409443855286 0.002184694167226553 
vn -0.6459943652153015 -0.7633390426635742 -0.002184694167226553 
vn -0.3560270071029663 -0.927306592464447 0.11553031951189041 
vn -0.616131067276001 -0.7613584399223328 0.2017817199230194 
vn -0.30439555644989014 -0.9270599484443665 0.21886809170246124 
vn -0.5218307375907898 -0.7631531953811646 0.3811691105365753 
vn -0.22254863381385803 -0.9265774488449097 0.30319350957870483 
vn -0.3835303485393524 -0.7597814798355103 0.5250110030174255 
vn -0.19959549605846405 -0.7631165981292725 0.6146662831306458 
vn -0.11663460731506348 -0.9268696904182434 0.3568037748336792 
vn 0.003771807299926877 -0.7611764073371887 0.6485338807106018 
vn 0.0018853626679629087 -0.9277990460395813 0.37307560443878174 
vn 0.2032422125339508 -0.7621535062789917 0.6146662831306458 
vn 0.11663460731506348 -0.9268696904182434 0.3568037748336792 
vn 0.38016000390052795 -0.7614734768867493 0.5250110030174255 
vn 0.21887610852718353 -0.9274518489837646 0.30319350957870483 
vn 0.5218307375907898 -0.7631531953811646 0.3811691105365753 
vn 0.30439555644989014 -0.9270599484443665 0.21886809170246124 
vn 0.619061291217804 -0.7589777708053589 0.2017817199230194 
vn 0.35954707860946655 -0.9259474277496338 0.11553031951189041 
vn 0.6459943652153015 -0.7633390426635742 -0.002184694167226553 
vn 0.3756946325302124 -0.9267409443855286 0.002184694167226553 
vn 0.619061291217804 -0.7589777708053589 -0.2017817199230194 
vn 0.35954707860946655 -0.9259474277496338 -0.11553031951189041 
vn 0.5270900130271912 -0.759530246257782 -0.3811691105365753 
vn 0.30439555644989014 -0.9270599484443665 -0.21886809170246124 
vn 0.37896811962127686 -0.7620673179626465 -0.5250110030174255 
vn 0.21887610852718353 -0.9274518489837646 -0.30319350957870483 
vn 0.11490995436906815 -0.9270851016044617 -0.3568037748336792 
vn -0.22254863381385803 -0.9265774488449097 -0.30319350957870483 
vn -0.20171959698200226 -0.762557864189148 -0.6146662831306458 
vn -0.1186574250459671 -0.926612913608551 -0.3568037748336792 
vn 0.0018888887716457248 -0.7611834406852722 -0.6485338807106018 
vn 2.882480224560696e-13 -0.9278009533882141 -0.37307560443878174 
vn 0.20171959698200226 -0.762557864189148 -0.6146662831306458 
vn -0.7287920713424683 -0.4810068607330322 0.48733407258987427 
vn -0.7304825186729431 -0.47843581438064575 -0.48733407258987427 
vn -0.7438051104545593 -0.4882050156593323 0.456519216299057 
vn -0.741339921951294 -0.4919404089450836 -0.456519216299057 
vn -0.7286697626113892 -0.5070207715034485 0.46040233969688416 
vn -0.7260843515396118 -0.5107163190841675 -0.46040233969688416 
vn -0.9935884475708008 -0.11303620040416718 -0.002184694167226553 
vn -0.7810601592063904 -0.12791627645492554 -0.6112139225006104 
vn -0.9325808882713318 -0.007551168091595173 -0.36088213324546814 
vn -0.9999691247940063 0.007551815826445818 0.002184694167226553 
vn -0.9326038360595703 -0.003770755836740136 0.36088213324546814 
vn -0.7804738879203796 -0.13144603371620178 0.6112139225006104 
vn -0.7751348614692688 -0.007539426442235708 0.6317508816719055 
vn -0.7751348614692688 -0.007539426442235708 0.6317508816719055 
vn -0.5884799361228943 0.0037653555627912283 0.8085030317306519 
vn -0.5884799361228943 0.0037653555627912283 0.8085030317306519 
vn -0.3094097673892975 0.0037532320711761713 0.9509214162826538 
vn -0.3094097673892975 0.0037532320711761713 0.9509214162826538 
vn 0 0 1 
vn 0 0 1 
vn 0.3094325065612793 0 0.9509214162826538 
vn 0.3094325065612793 0 0.9509214162826538 
vn 0.5884920358657837 0 0.8085030317306519 
vn 0.5884920358657837 0 0.8085030317306519 
vn 0.8097867965698242 0 0.5867242813110352 
vn 0.8097867965698242 0 0.5867242813110352 
vn 0.95159512758255 0 0.30735430121421814 
vn 0.95159512758255 0 0.30735430121421814 
vn 0.999997615814209 0 0.002184694167226553 
vn 0.999997615814209 0 -0.002184694167226553 
vn 0.5884920358657837 0 -0.8085030317306519 
vn 0.8097867965698242 0 -0.5867242813110352 
vn 0.5884920358657837 0 -0.8085030317306519 
vn 0.8097867965698242 0 -0.5867242813110352 
vn 0.3094325065612793 0 -0.9509214162826538 
vn 0.3094325065612793 0 -0.9509214162826538 
vn -2.0682311115474694e-13 0 -1 
vn -2.0682311115474694e-13 0 -1 
vn -0.30940940976142883 0.0037824385799467564 -0.9509214162826538 
vn -0.30940940976142883 0.0037824385799467564 -0.9509214162826538 
vn -0.5884798765182495 0.0037807554472237825 -0.8085030317306519 
vn -0.5884798765182495 0.0037807554472237825 -0.8085030317306519 
vn -0.7751622796058655 -0.0037756022065877914 -0.6317508816719055 
vn -0.7751622796058655 -0.0037756022065877914 -0.6317508816719055 
vn 0.95159512758255 0 -0.30735430121421814 
vn 0.95159512758255 0 -0.30735430121421814 
vn 0.999997615814209 0 -0.002184694167226553 
vn 0.999997615814209 0 0.002184694167226553 
vn 0.614575207233429 0.7637348771095276 0.1975002884864807 
vn 0.3525018095970154 0.9286523461341858 0.11553031951189041 
vn 0.5237283110618591 0.7638616561889648 0.37712597846984863 
vn 0.30439555644989014 0.9270599484443665 0.21886809170246124 
vn 0.38355833292007446 0.7623271346092224 0.5212872624397278 
vn 0.22074425220489502 0.9283614158630371 0.2990269064903259 
vn 0.19967862963676453 0.7658628821372986 0.6112139225006104 
vn 0.11855081468820572 0.9281892776489258 0.3527185618877411 
vn 0.0018839974654838443 0.7640098929405212 0.6452018022537231 
vn 0.0018853626679629087 0.9277990460395813 0.37307560443878174 
vn -0.19602534174919128 0.7668061256408691 0.6112139225006104 
vn -0.11480660736560822 0.9286597967147827 0.3527185618877411 
vn -0.38018620014190674 0.7640144228935242 0.5212872624397278 
vn -0.11682813614606857 0.9284076690673828 -0.3527185618877411 
vn 0.3686853349208832 0.9295517206192017 -0.002184694167226553 
vn 0.640211284160614 0.7681957483291626 -0.002184694167226553 
vn 0.3525018095970154 0.9286523461341858 -0.11553031951189041 
vn 0.6131916642189026 0.7637277841567993 -0.2017817199230194 
vn 0.30439555644989014 0.9270599484443665 -0.21886809170246124 
vn 0.5237283110618591 0.7638616561889648 -0.37712597846984863 
vn 0.21887610852718353 0.9274518489837646 -0.30319350957870483 
vn 0.37560540437698364 0.7662768363952637 -0.5212872624397278 
vn 0.11682813614606857 0.9284076690673828 -0.3527185618877411 
vn 0.198146790266037 0.7662606239318848 -0.6112139225006104 
vn -0.001889931270852685 0.7640098929405212 -0.6452018022537231 
vn -9.57393208765242e-14 0.9278009533882141 -0.37307560443878174 
vn -0.198146790266037 0.7662606239318848 -0.6112139225006104 
vn -0.37560540437698364 0.7662768363952637 -0.5212872624397278 
vn -0.21520015597343445 0.9283117055892944 -0.30319350957870483 
vn -0.5206114649772644 0.765989363193512 -0.37712597846984863 
vn -0.30439555644989014 0.9270599484443665 -0.21886809170246124 
vn -0.614575207233429 0.7637348771095276 -0.1975002884864807 
vn -0.3560270071029663 0.927306592464447 -0.11553031951189041 
vn -0.6459943652153015 0.7633390426635742 0.002184694167226553 
vn -0.3756946325302124 0.9267409443855286 0.002184694167226553 
vn -0.614575207233429 0.7637348771095276 0.1975002884864807 
vn -0.3560270071029663 0.927306592464447 0.11553031951189041 
vn -0.5206114649772644 0.765989363193512 0.37712597846984863 
vn -0.30439555644989014 0.9270599484443665 0.21886809170246124 
vn -0.21520015597343445 0.9283117055892944 0.30319350957870483 
vn 0.736352801322937 0.08283143490552902 0.6715083718299866 
vn 0.8020358085632324 0.4071756601333618 0.43697428703308105 
vn 0.9793391227722168 0.13543520867824554 0.15017375349998474 
vn 0.8251749873161316 0.4015772044658661 -0.3972681760787964 
vn 0.9432539939880371 0.13544608652591705 -0.30319350957870483 
vn 0.5282543897628784 0.14937610924243927 -0.8358433246612549 
vn 0.6671620607376099 0.060370832681655884 -0.7424622178077698 
vn 0.8174078464508057 0 -0.5760593414306641 
vn 0.5920190215110779 0 -0.8059239983558655 
vn 0.5884920358657837 0 -0.8085030317306519 
vn 0.3094325065612793 0 -0.9509214162826538 
vn 0.3094325065612793 0 -0.9509214162826538 
vn 2.0682311115474694e-13 4.2775797696334704e-26 -1 
vn 2.0682311115474694e-13 4.2775797696334704e-26 -1 
vn -0.30940940976142883 0.0037824385799467564 -0.9509214162826538 
vn -0.30940940976142883 0.0037824385799467564 -0.9509214162826538 
vn -0.5884798765182495 0.0037807554472237825 -0.8085030317306519 
vn -0.5884798765182495 0.0037807554472237825 -0.8085030317306519 
vn -0.8097867965698242 -1.6748261848567592e-13 -0.5867242813110352 
vn -0.8097867965698242 -1.6748261848567592e-13 -0.5867242813110352 
vn -0.95159512758255 -1.9681185934455891e-13 -0.30735430121421814 
vn -0.95159512758255 -1.9681185934455891e-13 -0.30735430121421814 
vn -0.999997615814209 -2.0682260971124217e-13 -0.002184694167226553 
vn -0.999997615814209 -2.0682260971124217e-13 0.002184694167226553 
vn 0.9696819186210632 0 -0.24437066912651062 
vn -0.999997615814209 -2.0682260971124217e-13 -0.002184694167226553 
vn -0.95159512758255 -1.9681185934455891e-13 0.30735430121421814 
vn -0.999997615814209 -2.0682260971124217e-13 0.002184694167226553 
vn -0.95159512758255 -1.9681185934455891e-13 0.30735430121421814 
vn -0.8097780346870422 0.003768905298784375 0.5867242813110352 
vn -0.8097780346870422 0.003768905298784375 0.5867242813110352 
vn -0.5884799361228943 0.0037653555627912283 0.8085030317306519 
vn -0.5884799361228943 0.0037653555627912283 0.8085030317306519 
vn -0.3094097673892975 0.0037532320711761713 0.9509214162826538 
vn -0.3094097673892975 0.0037532320711761713 0.9509214162826538 
vn 0 0 1 
vn 0 0 1 
vn 0.3094325065612793 0 0.9509214162826538 
vn 0.3094325065612793 0 0.9509214162826538 
vn 0.5849537253379822 0 0.8110666871070862 
vn 0.5849537253379822 0 0.8110666871070862 
vn 0.780626118183136 0.007546109613031149 0.6249527335166931 
vn 0.780626118183136 0.007546109613031149 0.6249527335166931 
vn 0.9431811571121216 0.007549437694251537 0.33219319581985474 
vn 0.9991101026535034 -0.007545328699052334 0.04149730131030083 
vn -0.2098565548658371 0.9776126146316528 -0.0152922747656703 
vn -0.42411333322525024 0.9055432677268982 -0.010923261754214764 
vn -0.40346741676330566 0.9148662090301514 -0.0152922747656703 
vn -0.4172627329826355 0.9087202548980713 0.010923261754214764 
vn -0.38957419991493225 0.9207851886749268 0.01966099627315998 
vn -0.18022020161151886 0.9834297895431519 0.01966099627315998 
vn -0.14297764003276825 0.9896077513694763 0.0152922747656703 
vn -1.0340933296291988e-13 0.9999785423278809 -0.006554040592163801 
vn -1.0340933296291988e-13 0.9999785423278809 -0.006554040592163801 
vn -1.0341130485562108e-13 0.999997615814209 -0.002184694167226553 
vn -1.0341130485562108e-13 0.999997615814209 -0.002184694167226553 
vn -1.0341130485562108e-13 0.999997615814209 -0.002184694167226553 
vn -1.0341130485562108e-13 0.999997615814209 -0.002184694167226553 
vn -1.0341130485562108e-13 0.999997615814209 -0.002184694167226553 
vn -1.0341130485562108e-13 0.999997615814209 -0.002184694167226553 
vn -1.0341130485562108e-13 0.999997615814209 -0.002184694167226553 
vn -1.0341130485562108e-13 0.999997615814209 0.002184694167226553 
vn -1.0341130485562108e-13 0.999997615814209 0.002184694167226553 
vn -1.0341130485562108e-13 0.999997615814209 0.002184694167226553 
vn -1.0341130485562108e-13 0.999997615814209 0.002184694167226553 
vn -1.0341130485562108e-13 0.999997615814209 0.002184694167226553 
vn -1.0341130485562108e-13 0.999997615814209 0.002184694167226553 
vn -1.0341130485562108e-13 0.999997615814209 0.002184694167226553 
vn -1.0341130485562108e-13 0.999997615814209 0.002184694167226553 
vn -1.0341130485562108e-13 0.999997615814209 0.002184694167226553 
vn -1.0341130485562108e-13 0.999997615814209 -0.002184694167226553 
vn -1.0341130485562108e-13 0.999997615814209 -0.002184694167226553 
vn -1.0341130485562108e-13 0.999997615814209 -0.002184694167226553 
vn -1.0341130485562108e-13 0.999997615814209 -0.002184694167226553 
vn -1.0341130485562108e-13 0.999997615814209 0.002184694167226553 
vn -1.0341130485562108e-13 0.999997615814209 0.002184694167226553 
vn -1.0341130485562108e-13 0.999997615814209 0.002184694167226553 
vn -1.0341130485562108e-13 0.999997615814209 0.002184694167226553 
vn -1.0341130485562108e-13 0.999997615814209 0.002184694167226553 
vn -1.0341130485562108e-13 0.999997615814209 0.002184694167226553 
vn -1.0341130485562108e-13 0.999997615814209 0.002184694167226553 
vn -1.0341130485562108e-13 0.999997615814209 0.002184694167226553 
vn -1.0339156559981827e-13 0.9998067021369934 0.01966099627315998 
vn -1.0339156559981827e-13 0.9998067021369934 0.01966099627315998 
vn -0.037746138870716095 0.9991703629493713 0.0152922747656703 
vn -0.03019949607551098 0.9994269013404846 0.0152922747656703 
vn -0.18765608966350555 0.9821157455444336 -0.0152922747656703 
vt 0.9492802619934082 0.46764618158340454 
vt 0.9492802619934082 0.6031345129013062 
vt 0.924302875995636 0.46764618158340454 
vt 0.924302875995636 0.6031345129013062 
vt 0.23699776828289032 0.22030691802501678 
vt 0.21043643355369568 0.2263990193605423 
vt 0.23699776828289032 0.19325800240039825 
vt 0.18387509882450104 0.19325800240039825 
vt 0.18387509882450104 0.2580779492855072 
vt 0.21043643355369568 0.24382242560386658 
vt 0.23699776828289032 0.2580779492855072 
vt 0.23699776828289032 0.2499145269393921 
vt 0.37370339035987854 0.2651447653770447 
vt 0.23894722759723663 0.2651447653770447 
vt 0.40391993522644043 0.1330680549144745 
vt 0.23894722759723663 0.0009913200046867132 
vt 0.5612166523933411 0.0009913200046867132 
vt 0.49042704701423645 0.1330680549144745 
vt 0.5612166523933411 0.2651447653770447 
vt 0.5205217599868774 0.2651447653770447 
vt 0.15767928957939148 0.9668328762054443 
vt 0.28841468691825867 0.9668328762054443 
vt 0.15767928957939148 0.954039454460144 
vt 0.28841468691825867 0.954039454460144 
vt 0.29755276441574097 0.9668328762054443 
vt 0.29755276441574097 0.954039454460144 
vt 0.3124173581600189 0.9668328762054443 
vt 0.3124173581600189 0.954039454460144 
vt 0.981689989566803 0.8183074593544006 
vt 0.9688966870307922 0.8183074593544006 
vt 0.981689989566803 0.7956448197364807 
vt 0.9688966870307922 0.7956448197364807 
vt 0.981689989566803 0.6633244156837463 
vt 0.9688966870307922 0.6633244156837463 
vt 0.25722336769104004 0.8448690176010132 
vt 0.2053191065788269 0.843163251876831 
vt 0.24126221239566803 0.7135233283042908 
vt 0.2097053825855255 0.7125486135482788 
vt 0.2053191065788269 0.704507052898407 
vt 0.241993248462677 0.6908607482910156 
vt 0.20580647885799408 0.6896423101425171 
vt 0.7177823781967163 0.11052727699279785 
vt 0.7172949910163879 0.11466990411281586 
vt 0.6645378470420837 0.11064911633729935 
vt 0.6645378470420837 0.11466990411281586 
vt 0.8151333332061768 0.2305416464805603 
vt 0.8156206607818604 0.245406374335289 
vt 0.7789465188980103 0.23176006972789764 
vt 0.7796775698661804 0.25442269444465637 
vt 0.8112344145774841 0.253447949886322 
vt 0.8156206607818604 0.3840625584125519 
vt 0.7637163996696472 0.3857683539390564 
vt 0.9541538953781128 0.7696924805641174 
vt 0.9669471979141235 0.7696924805641174 
vt 0.9541538953781128 0.7335054278373718 
vt 0.9669471979141235 0.7335054278373718 
vt 0.10090138018131256 0.0009913200046867132 
vt 0.07628949731588364 0.0009913200046867132 
vt 0.07628949731588364 0.04814417287707329 
vt 0.8658191561698914 0.9551360011100769 
vt 0.8717893958091736 0.9729249477386475 
vt 0.8546097874641418 0.9662236571311951 
vt 0.8547316193580627 0.9818193912506104 
vt 0.8731296062469482 0.9720720648765564 
vt 0.8814148306846619 0.9551360011100769 
vt 0.8747135400772095 0.9723157286643982 
vt 0.8925023674964905 0.9659799337387085 
vt 0.8756883144378662 0.9735341668128967 
vt 0.8753227591514587 0.9749962687492371 
vt 0.8926241993904114 0.9816975593566895 
vt 0.874104380607605 0.9758491516113281 
vt 0.8815366625785828 0.9929070472717285 
vt 0.8725204467773438 0.9756054878234863 
vt 0.8658191561698914 0.9929070472717285 
vt 0.871545672416687 0.9743870496749878 
vt 0.5696237087249756 0.23748664557933807 
vt 0.5753502249717712 0.23748664557933807 
vt 0.5654811263084412 0.241507425904274 
vt 0.5793709754943848 0.24723400175571442 
vt 0.5696237087249756 0.2513766288757324 
vt 0.5753502249717712 0.2513766288757324 
vt 0.5793709754943848 0.241507425904274 
vt 0.5654811263084412 0.24723400175571442 
vt 0.5174757838249207 0.7588485479354858 
vt 0.7816270589828491 0.7588485479354858 
vt 0.5174757838249207 0.7839480042457581 
vt 0.7816270589828491 0.7839480042457581 
vt 0.3331303298473358 0.4109896421432495 
vt 0.19764313101768494 0.4109896421432495 
vt 0.3331303298473358 0.3858901858329773 
vt 0.19764313101768494 0.3858901858329773 
vt 0.15572983026504517 0.9598878622055054 
vt 0.024994434788823128 0.9598878622055054 
vt 0.15572983026504517 0.9470944404602051 
vt 0.024994434788823128 0.9470944404602051 
vt 0.015856359153985977 0.9598878622055054 
vt 0.015856359153985977 0.9470944404602051 
vt 0.0009917570278048515 0.9470944404602051 
vt 0.0009917570278048515 0.9598878622055054 
vt 0.6848852634429932 0.756168007850647 
vt 0.6861037015914917 0.7198591232299805 
vt 0.6997498869895935 0.7566553950309753 
vt 0.7087661027908325 0.7207120060920715 
vt 0.7077913880348206 0.7522690892219543 
vt 0.8384049534797668 0.7566553950309753 
vt 0.840110719203949 0.7047507166862488 
vt 0.16279660165309906 0.6523586511611938 
vt 0.16328397393226624 0.6672233939170837 
vt 0.12648798525333405 0.6535770893096924 
vt 0.1273408681154251 0.6762396693229675 
vt 0.15889769792556763 0.6751431226730347 
vt 0.1386720836162567 0.8067324757575989 
vt 0.16328397393226624 0.8058795928955078 
vt 0.1113797053694725 0.8075853586196899 
vt 0.8405981063842773 0.677579939365387 
vt 0.8405981063842773 0.6368846893310547 
vt 0.8156206607818604 0.677579939365387 
vt 0.8156206607818604 0.6368846893310547 
vt 0.033279623836278915 0.05557653680443764 
vt 0.038762468844652176 0.06118126958608627 
vt 0.033279623836278915 0.047778647392988205 
vt 0.052043136209249496 0.05557653680443764 
vt 0.038762468844652176 0.04229575768113136 
vt 0.046560291200876236 0.04229575768113136 
vt 0.052043136209249496 0.047778647392988205 
vt 0.046560291200876236 0.06118126958608627 
vt 0.8258553147315979 0.9929070472717285 
vt 0.834749698638916 0.9757273197174072 
vt 0.8415728211402893 0.9929070472717285 
vt 0.8526603579521179 0.9818193912506104 
vt 0.8332876563072205 0.9760928750038147 
vt 0.8320692181587219 0.975118100643158 
vt 0.8147677779197693 0.9818193912506104 
vt 0.831947386264801 0.9736559987068176 
vt 0.8148896098136902 0.9662236571311951 
vt 0.8258553147315979 0.9551360011100769 
vt 0.8326784372329712 0.9723157286643982 
vt 0.8341405391693115 0.9719502329826355 
vt 0.8415728211402893 0.9551360011100769 
vt 0.8353589177131653 0.9729249477386475 
vt 0.8526603579521179 0.9662236571311951 
vt 0.8356025815010071 0.9743870496749878 
vt 0.8873850107192993 0.9202892184257507 
vt 0.9000564813613892 0.9202892184257507 
vt 0.8873850107192993 0.7880906462669373 
vt 0.9000564813613892 0.7880906462669373 
vt 0.8873850107192993 0.7653061747550964 
vt 0.9000564813613892 0.7653061747550964 
vt 0.8184230327606201 0.4766624867916107 
vt 0.8184230327606201 0.4516848921775818 
vt 0.4961535930633545 0.4766624867916107 
vt 0.4961535930633545 0.4516848921775818 
vt 0.18095090985298157 0.9261376261711121 
vt 0.18095090985298157 0.9512370824813843 
vt 0.3157070577144623 0.9261376261711121 
vt 0.3157070577144623 0.9512370824813843 
vt 0.6889060139656067 0.12697595357894897 
vt 0.6889060139656067 0.1519535630941391 
vt 0.7754131555557251 0.12697595357894897 
vt 0.7754131555557251 0.1519535630941391 
vt 0.6549124121665955 0.08701176941394806 
vt 0.64991694688797 0.08847387880086899 
vt 0.6549124121665955 0.11272043734788895 
vt 0.64991694688797 0.11125832796096802 
vt 0.4346238672733307 0.17412880063056946 
vt 0.46045416593551636 0.17412880063056946 
vt 0.436085969209671 0.1692551225423813 
vt 0.458992063999176 0.1692551225423813 
vt 0.5267356634140015 0.26745977997779846 
vt 0.5279541015625 0.27233344316482544 
vt 0.5574396252632141 0.26745977997779846 
vt 0.5562211871147156 0.27233344316482544 
vt 0.3631032109260559 0.45936092734336853 
vt 0.38028278946876526 0.45936092734336853 
vt 0.3631032109260559 0.45668038725852966 
vt 0.38028278946876526 0.45668038725852966 
vt 0.3928323984146118 0.45668038725852966 
vt 0.3928323984146118 0.45936092734336853 
vt 0.41001200675964355 0.45936092734336853 
vt 0.41001200675964355 0.45668038725852966 
vt 0.629325807094574 0.4471767246723175 
vt 0.629325807094574 0.4494917094707489 
vt 0.6120243668556213 0.4471767246723175 
vt 0.6120243668556213 0.4494917094707489 
vt 0.5995966196060181 0.4494917094707489 
vt 0.5995966196060181 0.4471767246723175 
vt 0.5824170112609863 0.4471767246723175 
vt 0.5824170112609863 0.4494917094707489 
vt 0.3109552562236786 0.9844999313354492 
vt 0.2831754982471466 0.9844999313354492 
vt 0.3032792806625366 0.9690260291099548 
vt 0.29085150361061096 0.9690260291099548 
vt 0.2607567608356476 0.9690260291099548 
vt 0.28853651881217957 0.9690260291099548 
vt 0.26843276619911194 0.9844999313354492 
vt 0.2808605432510376 0.9844999313354492 
vt 0.1319708377122879 0.5669474005699158 
vt 0.14732280373573303 0.5592713356018066 
vt 0.1319708377122879 0.5793752670288086 
vt 0.14732280373573303 0.5871731638908386 
vt 0.5116273760795593 0.6864743828773499 
vt 0.4962754249572754 0.6864743828773499 
vt 0.5116273760795593 0.6497999429702759 
vt 0.4962754249572754 0.6497999429702759 
vt 0.9989913702011108 0.2071479856967926 
vt 0.9836394190788269 0.2071479856967926 
vt 0.9989913702011108 0.11747226864099503 
vt 0.9836394190788269 0.11747226864099503 
vt 0.2512531578540802 0.7789524793624878 
vt 0.2512531578540802 0.7538530230522156 
vt 0.515526294708252 0.7789524793624878 
vt 0.515526294708252 0.7538530230522156 
vt 0.3150978684425354 0.3352039158344269 
vt 0.1824130117893219 0.3352039158344269 
vt 0.3150978684425354 0.3255784213542938 
vt 0.1824130117893219 0.3255784213542938 
vt 0.1824130117893219 0.3449512720108032 
vt 0.3150978684425354 0.3449512720108032 
vt 0.1824130117893219 0.35457679629325867 
vt 0.3150978684425354 0.35457679629325867 
vt 0.1824130117893219 0.364324152469635 
vt 0.3150978684425354 0.364324152469635 
vt 0.1824130117893219 0.37394967675209045 
vt 0.3150978684425354 0.37394967675209045 
vt 0.1824130117893219 0.3836970329284668 
vt 0.3150978684425354 0.3836970329284668 
vt 0.3150978684425354 0.3158310353755951 
vt 0.1824130117893219 0.3158310353755951 
vt 0.3150978684425354 0.30620554089546204 
vt 0.1824130117893219 0.30620554089546204 
vt 0.3150978684425354 0.2964581847190857 
vt 0.1824130117893219 0.2964581847190857 
vt 0.3150978684425354 0.28683266043663025 
vt 0.1824130117893219 0.28683266043663025 
vt 0.3150978684425354 0.2770853042602539 
vt 0.1824130117893219 0.2770853042602539 
vt 0.3150978684425354 0.26745977997779846 
vt 0.1824130117893219 0.26745977997779846 
vt 0.0009917570278048515 0.7254638671875 
vt 0.08347811549901962 0.7254638671875 
vt 0.0009917570278048515 0.7307030558586121 
vt 0.08347811549901962 0.7307030558586121 
vt 0.0009917570278048515 0.8000311851501465 
vt 0.08347811549901962 0.8000311851501465 
vt 0.0009917570278048515 0.8052703738212585 
vt 0.08347811549901962 0.8052703738212585 
vt 0.7821143865585327 0.9401494264602661 
vt 0.7821143865585327 0.9555015563964844 
vt 0.6203095316886902 0.9401494264602661 
vt 0.6203095316886902 0.9555015563964844 
vt 0.8357244729995728 0.4854350984096527 
vt 0.820372462272644 0.4854350984096527 
vt 0.8357244729995728 0.457655131816864 
vt 0.820372462272644 0.457655131816864 
vt 0.2740374505519867 0.9240663051605225 
vt 0.2740374505519867 0.908714234828949 
vt 0.5390416383743286 0.9240663051605225 
vt 0.5390416383743286 0.908714234828949 
vt 0.0256036389619112 0.45862987637519836 
vt 0.0256036389619112 0.5078540444374084 
vt 0.0009917570278048515 0.45862987637519836 
vt 0.0256036389619112 0.5356340408325195 
vt 0.0009917570278048515 0.7235143780708313 
vt 0.0256036389619112 0.697562038898468 
vt 0.11527861654758453 0.7235143780708313 
vt 0.11527861654758453 0.697562038898468 
vt 0.06227777898311615 0.5356340408325195 
vt 0.06227777898311615 0.5078540444374084 
vt 0.471054345369339 0.8596118688583374 
vt 0.536970317363739 0.853885293006897 
vt 0.5420876145362854 0.8596118688583374 
vt 0.5465957522392273 0.8552255630493164 
vt 0.4761716425418854 0.8537634611129761 
vt 0.4667899012565613 0.8551037311553955 
vt 0.47239458560943604 0.8501082062721252 
vt 0.4665462076663971 0.7906492948532104 
vt 0.47227275371551514 0.7957667112350464 
vt 0.471054345369339 0.7862629890441895 
vt 0.4760498106479645 0.7919895648956299 
vt 0.5419657826423645 0.7862629890441895 
vt 0.536970317363739 0.7921113967895508 
vt 0.5406255722045898 0.7956448197364807 
vt 0.5463520884513855 0.7906492948532104 
vt 0.5407474040985107 0.8501082062721252 
vt 0.6645378470420837 0.01049499586224556 
vt 0.6645378470420837 0.015612360090017319 
vt 0.7470241785049438 0.01049499586224556 
vt 0.7470241785049438 0.015612360090017319 
vt 0.7470241785049438 0.08506230264902115 
vt 0.6645378470420837 0.08506230264902115 
vt 0.7470241785049438 0.09017966687679291 
vt 0.6645378470420837 0.09017966687679291 
vt 0.4291410446166992 0.9065210819244385 
vt 0.4291410446166992 0.8435287475585938 
vt 0.3466546833515167 0.9065210819244385 
vt 0.3466546833515167 0.8435287475585938 
vt 0.2585636377334595 0.9690260291099548 
vt 0.24613584578037262 0.9690260291099548 
vt 0.26623961329460144 0.9844999313354492 
vt 0.23845987021923065 0.9844999313354492 
vt 0.9667035341262817 0.7718856334686279 
vt 0.9540320634841919 0.7718856334686279 
vt 0.9667035341262817 0.8080727458000183 
vt 0.9540320634841919 0.8080727458000183 
vt 0.9989913702011108 0.11527911573648453 
vt 0.9989913702011108 0.0009913200046867132 
vt 0.9836394190788269 0.11527911573648453 
vt 0.9836394190788269 0.0009913200046867132 
vt 0.7275296449661255 0.35957232117652893 
vt 0.7275296449661255 0.31022632122039795 
vt 0.7121776938438416 0.35957232117652893 
vt 0.7121776938438416 0.31022632122039795 
vt 0.030842801555991173 0.69500333070755 
vt 0.06739509850740433 0.69500333070755 
vt 0.030842801555991173 0.6796512603759766 
vt 0.06739509850740433 0.6796512603759766 
vt 0.08104129135608673 0.9773112535476685 
vt 0.10565317422151566 0.9773112535476685 
vt 0.08104129135608673 0.9620810151100159 
vt 0.10565317422151566 0.9620810151100159 
vt 0.2008109986782074 0.16608722507953644 
vt 0.2008109986782074 0.17583459615707397 
vt 0.2055628001689911 0.15768013894557953 
vt 0.21396982669830322 0.15292829275131226 
vt 0.2237171083688736 0.15292829275131226 
vt 0.23212413489818573 0.18424168229103088 
vt 0.23687593638896942 0.16608722507953644 
vt 0.23687593638896942 0.17583459615707397 
vt 0.2055628001689911 0.18424168229103088 
vt 0.21396982669830322 0.18899352848529816 
vt 0.2237171083688736 0.18899352848529816 
vt 0.23212413489818573 0.15768013894557953 
vt 0.49249833822250366 0.15536513924598694 
vt 0.49249833822250366 0.20251798629760742 
vt 0.4687393605709076 0.15536513924598694 
vt 0.43109047412872314 0.8954334259033203 
vt 0.5283195972442627 0.8954334259033203 
vt 0.43109047412872314 0.8619269132614136 
vt 0.5283195972442627 0.8619269132614136 
vt 0.3176565170288086 0.9501404762268066 
vt 0.3176565170288086 0.9835252165794373 
vt 0.36895158886909485 0.9501404762268066 
vt 0.36895158886909485 0.9835252165794373 
vt 0.01695292815566063 0.09822123497724533 
vt 0.01695292815566063 0.02596892975270748 
vt 0.0009917570278048515 0.09822123497724533 
vt 0.0009917570278048515 0.0009913200046867132 
vt 0.06824798882007599 0.0009913200046867132 
vt 0.06824798882007599 0.02596892975270748 
vt 0.9813244342803955 0.06824810057878494 
vt 0.9813244342803955 0.0009913200046867132 
vt 0.9479399919509888 0.06824810057878494 
vt 0.9479399919509888 0.0009913200046867132 
vt 0.43109047412872314 0.8564440011978149 
vt 0.4645967483520508 0.8564440011978149 
vt 0.43109047412872314 0.8406045436859131 
vt 0.4645967483520508 0.8406045436859131 
vt 0.6768437623977661 0.092616505920887 
vt 0.6768437623977661 0.10857780277729034 
vt 0.7490954995155334 0.092616505920887 
vt 0.7740728855133057 0.10857780277729034 
vt 0.7740728855133057 0.04132102057337761 
vt 0.7490954995155334 0.04132102057337761 
vt 0.03437619283795357 0.25101110339164734 
vt 0.03437619283795357 0.32314157485961914 
vt 0.0009917570278048515 0.25101110339164734 
vt 0.0009917570278048515 0.32314157485961914 
vt 0.0012354389764368534 0.32521289587020874 
vt 0.031939372420310974 0.32521289587020874 
vt 0.0025756899267435074 0.3300865590572357 
vt 0.030720960348844528 0.3300865590572357 
vt 0.3888116478919983 0.3754117786884308 
vt 0.3605445623397827 0.3754117786884308 
vt 0.3888116478919983 0.35250547528266907 
vt 0.3605445623397827 0.35250547528266907 
vt 0.4751969277858734 0.42902225255966187 
vt 0.4751969277858734 0.41476675868034363 
vt 0.49018338322639465 0.42902225255966187 
vt 0.49018338322639465 0.41476675868034363 
vt 0.015247154049575329 0.40635964274406433 
vt 0.015247154049575329 0.4213462173938751 
vt 0.0009917570278048515 0.40635964274406433 
vt 0.0009917570278048515 0.4213462173938751 
vt 0.10760263353586197 0.9620810151100159 
vt 0.13123978674411774 0.9620810151100159 
vt 0.10760263353586197 0.9770675897598267 
vt 0.13123978674411774 0.9770675897598267 
vt 0.21275141835212708 0.22810481488704681 
vt 0.23638856410980225 0.22810481488704681 
vt 0.21275141835212708 0.24223847687244415 
vt 0.23638856410980225 0.24223847687244415 
vt 0.13318924605846405 0.9855965375900269 
vt 0.13318924605846405 0.9620810151100159 
vt 0.1481756865978241 0.9855965375900269 
vt 0.1481756865978241 0.9620810151100159 
vt 0.7677371501922607 0.6284776329994202 
vt 0.7733418345451355 0.633960485458374 
vt 0.7599393725395203 0.6284776329994202 
vt 0.7733418345451355 0.641758382320404 
vt 0.7677371501922607 0.6472412943840027 
vt 0.7544565200805664 0.633960485458374 
vt 0.7544565200805664 0.641758382320404 
vt 0.7599393725395203 0.6472412943840027 
vt 0.03315778076648712 0.53782719373703 
vt 0.04193033277988434 0.53782719373703 
vt 0.03315778076648712 0.5565908551216125 
vt 0.04193033277988434 0.5565908551216125 
vt 0.050702884793281555 0.53782719373703 
vt 0.050702884793281555 0.5565908551216125 
vt 0.05947543680667877 0.53782719373703 
vt 0.05947543680667877 0.5565908551216125 
vt 0.06824798882007599 0.53782719373703 
vt 0.06824798882007599 0.5565908551216125 
vt 0.0770205408334732 0.53782719373703 
vt 0.0770205408334732 0.5565908551216125 
vt 0.588996410369873 0.16145724058151245 
vt 0.5807112455368042 0.16425959765911102 
vt 0.5941137671470642 0.1686459183692932 
vt 0.5807112455368042 0.1730322241783142 
vt 0.588996410369873 0.17571274936199188 
vt 0.9985040426254272 0.746420681476593 
vt 0.9985040426254272 0.7544622421264648 
vt 0.9836394190788269 0.746420681476593 
vt 0.9836394190788269 0.7544622421264648 
vt 0.9985040426254272 0.7625038027763367 
vt 0.9836394190788269 0.7625038027763367 
vt 0.9985040426254272 0.7705453634262085 
vt 0.9836394190788269 0.7705453634262085 
vt 0.9836394190788269 0.7785869836807251 
vt 0.9985040426254272 0.7785869836807251 
vt 0.28000766038894653 0.7512943744659424 
vt 0.2719661295413971 0.7512943744659424 
vt 0.28000766038894653 0.7364296317100525 
vt 0.2719661295413971 0.7364296317100525 
vt 0.26392462849617004 0.7512943744659424 
vt 0.26392462849617004 0.7364296317100525 
vt 0.255883127450943 0.7512943744659424 
vt 0.255883127450943 0.7364296317100525 
vt 0.24796345829963684 0.7364296317100525 
vt 0.24796345829963684 0.7512943744659424 
vt 0.4889649748802185 0.2708713412284851 
vt 0.4889649748802185 0.2789129316806793 
vt 0.48092344403266907 0.2708713412284851 
vt 0.48092344403266907 0.2789129316806793 
vt 0.40769702196121216 0.277450829744339 
vt 0.40769702196121216 0.2694092392921448 
vt 0.4157385230064392 0.277450829744339 
vt 0.4157385230064392 0.2694092392921448 
vt 0.9985040426254272 0.7120612263679504 
vt 0.9985040426254272 0.7201027870178223 
vt 0.9836394190788269 0.7120612263679504 
vt 0.9836394190788269 0.7201027870178223 
vt 0.9985040426254272 0.7281443476676941 
vt 0.9836394190788269 0.7281443476676941 
vt 0.9985040426254272 0.7361859679222107 
vt 0.9836394190788269 0.7361859679222107 
vt 0.9836394190788269 0.7442275285720825 
vt 0.9985040426254272 0.7442275285720825 
vt 0.6091001629829407 0.20178693532943726 
vt 0.6091001629829407 0.19374535977840424 
vt 0.6170198321342468 0.20178693532943726 
vt 0.6170198321342468 0.19374535977840424 
vt 0.9985040426254272 0.7807801365852356 
vt 0.9985040426254272 0.7888216972351074 
vt 0.9836394190788269 0.7807801365852356 
vt 0.9836394190788269 0.7888216972351074 
vt 0.9985040426254272 0.7968632578849792 
vt 0.9836394190788269 0.7968632578849792 
vt 0.9985040426254272 0.8049048185348511 
vt 0.9836394190788269 0.8049048185348511 
vt 0.9836394190788269 0.8129463791847229 
vt 0.9985040426254272 0.8129463791847229 
vt 0.17242205142974854 0.32716235518455505 
vt 0.17242205142974854 0.3192426264286041 
vt 0.18046355247497559 0.32716235518455505 
vt 0.18046355247497559 0.3192426264286041 
vt 0.9826647043228149 0.9109073877334595 
vt 0.9826647043228149 0.8848332166671753 
vt 0.9980166554450989 0.9109073877334595 
vt 0.9980166554450989 0.8848332166671753 
vt 0.5481796860694885 0.9200455546379089 
vt 0.5481796860694885 0.8569313883781433 
vt 0.6306660175323486 0.9200455546379089 
vt 0.6306660175323486 0.8569313883781433 
vt 0.9258868098258972 0.9864494204521179 
vt 0.9174797534942627 0.9912012815475464 
vt 0.9307604432106018 0.9780423045158386 
vt 0.8945736289024353 0.9682949781417847 
vt 0.9258868098258972 0.9598878622055054 
vt 0.9078543186187744 0.9551360011100769 
vt 0.9174797534942627 0.9551360011100769 
vt 0.9078543186187744 0.9912012815475464 
vt 0.8994472622871399 0.9864494204521179 
vt 0.8945736289024353 0.9780423045158386 
vt 0.9307604432106018 0.9682949781417847 
vt 0.8994472622871399 0.9598878622055054 
vt 0.570111095905304 0.9501404762268066 
vt 0.570111095905304 0.9591568112373352 
vt 0.6140956878662109 0.9501404762268066 
vt 0.6140956878662109 0.9591568112373352 
vt 0.6140956878662109 0.9665891528129578 
vt 0.570111095905304 0.9665891528129578 
vt 0.6140956878662109 0.9740215539932251 
vt 0.570111095905304 0.9740215539932251 
vt 0.570111095905304 0.9831596612930298 
vt 0.6140956878662109 0.9831596612930298 
vt 0.5992310643196106 0.749954104423523 
vt 0.5936263799667358 0.7509288191795349 
vt 0.5985000133514404 0.743861973285675 
vt 0.5928953289985657 0.7453240752220154 
vt 0.5908240675926208 0.7393538355827332 
vt 0.5960631966590881 0.7378917336463928 
vt 0.5886309146881104 0.7307030558586121 
vt 0.5947229266166687 0.7310686111450195 
vt 0.5970379114151001 0.7244890928268433 
vt 0.5913113951683044 0.7224178314208984 
vt 0.5864377617835999 0.7305812239646912 
vt 0.5876561999320984 0.7211993932723999 
vt 0.5893619656562805 0.7516598701477051 
vt 0.588996410369873 0.7460551261901855 
vt 0.5854630470275879 0.746420681476593 
vt 0.5854630470275879 0.7516598701477051 
vt 0.5816859602928162 0.7461770176887512 
vt 0.5814422965049744 0.7515380382537842 
vt 0.5770559906959534 0.745567798614502 
vt 0.5765686631202698 0.7512943744659424 
vt 0.5710858106613159 0.7449585795402527 
vt 0.5705984234809875 0.750806987285614 
vt 0.5638971924781799 0.7445930242538452 
vt 0.5635316371917725 0.7505633234977722 
vt 0.5556119680404663 0.7444711923599243 
vt 0.5554901361465454 0.7503196001052856 
vt 0.5465957522392273 0.7443493604660034 
vt 0.5464739203453064 0.7501977682113647 
vt 0.5367266535758972 0.7443493604660034 
vt 0.5367266535758972 0.7501977682113647 
vt 0.5264919996261597 0.7443493604660034 
vt 0.5263701677322388 0.7501977682113647 
vt 0.5156481266021729 0.7444711923599243 
vt 0.5156481266021729 0.7501977682113647 
vt 0.5046824216842651 0.7444711923599243 
vt 0.5046824216842651 0.7503196001052856 
vt 0.4935949146747589 0.7444711923599243 
vt 0.4935949146747589 0.7504414916038513 
vt 0.4825073778629303 0.7445930242538452 
vt 0.4826292395591736 0.7504414916038513 
vt 0.47166353464126587 0.7445930242538452 
vt 0.47166353464126587 0.7505633234977722 
vt 0.4610633850097656 0.7447149157524109 
vt 0.4611852169036865 0.7506851553916931 
vt 0.450950562953949 0.750806987285614 
vt 0.450950562953949 0.7447149157524109 
vt 0.4413251280784607 0.7509288191795349 
vt 0.4412032961845398 0.7448367476463318 
vt 0.4321870505809784 0.7510506510734558 
vt 0.4320652186870575 0.7448367476463318 
vt 0.4235363304615021 0.7512943744659424 
vt 0.4235363304615021 0.7448367476463318 
vt 0.4153729975223541 0.7514162063598633 
vt 0.41512930393218994 0.7448367476463318 
vt 0.4070878028869629 0.7515380382537842 
vt 0.406965970993042 0.7450804114341736 
vt 0.39843711256980896 0.7515380382537842 
vt 0.39843711256980896 0.7449585795402527 
vt 0.3890553414821625 0.7514162063598633 
vt 0.3889335095882416 0.7450804114341736 
vt 0.37845516204833984 0.7512943744659424 
vt 0.37833333015441895 0.7452022433280945 
vt 0.3660273849964142 0.7512943744659424 
vt 0.3659055531024933 0.7453240752220154 
vt 0.3516501486301422 0.7514162063598633 
vt 0.3514064848423004 0.745445966720581 
vt 0.33483609557151794 0.7516598701477051 
vt 0.33459240198135376 0.7458114624023438 
vt 0.33422690629959106 0.739597499370575 
vt 0.3514064848423004 0.7393538355827332 
vt 0.33422690629959106 0.7336272597312927 
vt 0.5877780318260193 0.7400848865509033 
vt 0.3657837212085724 0.7391101717948914 
vt 0.37821149826049805 0.7389883399009705 
vt 0.3888116478919983 0.7387446165084839 
vt 0.3981934189796448 0.738622784614563 
vt 0.4068441390991211 0.7383791208267212 
vt 0.4152511656284332 0.7383791208267212 
vt 0.4235363304615021 0.7385009527206421 
vt 0.4321870505809784 0.7385009527206421 
vt 0.4413251280784607 0.7385009527206421 
vt 0.450950562953949 0.7385009527206421 
vt 0.4610633850097656 0.7385009527206421 
vt 0.47166353464126587 0.7385009527206421 
vt 0.4825073778629303 0.7383791208267212 
vt 0.4935949146747589 0.7383791208267212 
vt 0.5046824216842651 0.7383791208267212 
vt 0.5156481266021729 0.7382572889328003 
vt 0.5263701677322388 0.7382572889328003 
vt 0.5367266535758972 0.7382572889328003 
vt 0.5465957522392273 0.7381353974342346 
vt 0.555733859539032 0.7381353974342346 
vt 0.5641408562660217 0.7382572889328003 
vt 0.5716950297355652 0.7383791208267212 
vt 0.578152596950531 0.7389883399009705 
vt 0.5830262303352356 0.7397193908691406 
vt 0.5859503746032715 0.7400848865509033 
vt 0.5861940979957581 0.7304593920707703 
vt 0.5846101641654968 0.721077561378479 
vt 0.5813204646110535 0.722052276134491 
vt 0.5841227769851685 0.7307030558586121 
vt 0.5785180926322937 0.7310686111450195 
vt 0.5715731382369995 0.7315559387207031 
vt 0.5638971924781799 0.7319214940071106 
vt 0.5556119680404663 0.7321651577949524 
vt 0.5464739203453064 0.7322869896888733 
vt 0.5366048216819763 0.7324088215827942 
vt 0.5263701677322388 0.7324088215827942 
vt 0.5156481266021729 0.7325307130813599 
vt 0.5045605897903442 0.7325307130813599 
vt 0.493473082780838 0.7326525449752808 
vt 0.4825073778629303 0.7326525449752808 
vt 0.47166353464126587 0.7326525449752808 
vt 0.4610633850097656 0.7326525449752808 
vt 0.450950562953949 0.7327743768692017 
vt 0.4413251280784607 0.7327743768692017 
vt 0.4323088824748993 0.7327743768692017 
vt 0.42365819215774536 0.7327743768692017 
vt 0.4153729975223541 0.7327743768692017 
vt 0.4070878028869629 0.7327743768692017 
vt 0.3983152508735657 0.7328962087631226 
vt 0.3889335095882416 0.7330180406570435 
vt 0.37821149826049805 0.7331398725509644 
vt 0.3659055531024933 0.7333835959434509 
vt 0.3514064848423004 0.7335054278373718 
vt 0.3514064848423004 0.7274132966995239 
vt 0.33447057008743286 0.7274132966995239 
vt 0.3657837212085724 0.7271696329116821 
vt 0.37808966636657715 0.7268041372299194 
vt 0.3888116478919983 0.7265604138374329 
vt 0.3983152508735657 0.7263167500495911 
vt 0.4070878028869629 0.7259511947631836 
vt 0.415494829416275 0.7261949181556702 
vt 0.42365819215774536 0.7263167500495911 
vt 0.4323088824748993 0.726438581943512 
vt 0.4413251280784607 0.726438581943512 
vt 0.450950562953949 0.726438581943512 
vt 0.4610633850097656 0.726438581943512 
vt 0.47154170274734497 0.726438581943512 
vt 0.4825073778629303 0.726438581943512 
vt 0.493473082780838 0.726438581943512 
vt 0.5045605897903442 0.7263167500495911 
vt 0.515526294708252 0.7263167500495911 
vt 0.5262483358383179 0.7263167500495911 
vt 0.5366048216819763 0.7261949181556702 
vt 0.5463520884513855 0.7260730862617493 
vt 0.5553683042526245 0.7258293628692627 
vt 0.5635316371917725 0.7254638671875 
vt 0.5707202553749084 0.7247328162193298 
vt 0.5766904950141907 0.7235143780708313 
vt 0.0009917570278048515 0.8809342384338379 
vt 0.0011135980021208525 0.8735018968582153 
vt 0.008911422453820705 0.8799595236778259 
vt 0.009033262729644775 0.8733800649642944 
vt 0.014394267462193966 0.8794721364974976 
vt 0.014759790152311325 0.8737455606460571 
vt 0.019389748573303223 0.8797158002853394 
vt 0.019877111539244652 0.8741111159324646 
vt 0.02475075237452984 0.8802031874656677 
vt 0.025238115340471268 0.8744766116142273 
vt 0.030964642763137817 0.8806905746459961 
vt 0.031452007591724396 0.8748421669006348 
vt 0.0382751040160656 0.8810560703277588 
vt 0.03851878643035889 0.8752076625823975 
vt 0.04631660878658295 0.8812997937202454 
vt 0.046560291200876236 0.8754513263702393 
vt 0.05496732145547867 0.8812997937202454 
vt 0.055089160799980164 0.8755732178688049 
vt 0.06398355215787888 0.8812997937202454 
vt 0.06398355215787888 0.8754513263702393 
vt 0.07312162965536118 0.8812997937202454 
vt 0.07312162965536118 0.8754513263702393 
vt 0.08213786035776138 0.8811779022216797 
vt 0.08213786035776138 0.8753294944763184 
vt 0.0909104123711586 0.8810560703277588 
vt 0.0907885730266571 0.8750858306884766 
vt 0.09931744635105133 0.8810560703277588 
vt 0.09907376021146774 0.8748421669006348 
vt 0.1069934293627739 0.8809342384338379 
vt 0.10674974322319031 0.8744766116142273 
vt 0.11406020820140839 0.880812406539917 
vt 0.1136946827173233 0.8741111159324646 
vt 0.1206396222114563 0.8805687427520752 
vt 0.1205177754163742 0.873867392539978 
vt 0.1274627149105072 0.873867392539978 
vt 0.1274627149105072 0.8805687427520752 
vt 0.13526053726673126 0.8739892244338989 
vt 0.13526053726673126 0.8803250193595886 
vt 0.14488597214221954 0.8741111159324646 
vt 0.14500781893730164 0.8799595236778259 
vt 0.15670455992221832 0.873867392539978 
vt 0.1569482386112213 0.8795939683914185 
vt 0.1713254749774933 0.8735018968582153 
vt 0.17156915366649628 0.8789847493171692 
vt 0.17205652594566345 0.8848332166671753 
vt 0.1571919173002243 0.8855642676353455 
vt 0.17242205142974854 0.890559732913971 
vt 0.14537334442138672 0.886051595211029 
vt 0.13574790954589844 0.8865389823913574 
vt 0.12782824039459229 0.8870263695716858 
vt 0.1207614615559578 0.8873918652534485 
vt 0.1139383614063263 0.8873918652534485 
vt 0.1068715825676918 0.8872700333595276 
vt 0.09919559955596924 0.8872700333595276 
vt 0.0909104123711586 0.8872700333595276 
vt 0.08225970715284348 0.8872700333595276 
vt 0.07312162965536118 0.8873918652534485 
vt 0.06398355215787888 0.8873918652534485 
vt 0.05496732145547867 0.8873918652534485 
vt 0.04631660878658295 0.8873918652534485 
vt 0.03803142160177231 0.8873918652534485 
vt 0.030477279797196388 0.8871482014656067 
vt 0.023897865787148476 0.8865389823913574 
vt 0.018658701330423355 0.886051595211029 
vt 0.014516107738018036 0.8859297633171082 
vt 0.009764309041202068 0.8862953186035156 
vt 0.003063054056838155 0.8875136971473694 
vt 0.01122640073299408 0.894824206829071 
vt 0.004403304774314165 0.8945805430412292 
vt 0.0023320079781115055 0.9012818336486816 
vt 0.00939878635108471 0.9032313227653503 
vt 0.015125312842428684 0.8949460983276367 
vt 0.01488163135945797 0.9040842056274414 
vt 0.018171338364481926 0.894824206829071 
vt 0.023410500958561897 0.8945805430412292 
vt 0.030355438590049744 0.8940931558609009 
vt 0.038153260946273804 0.8937276601791382 
vt 0.04643845185637474 0.8934839963912964 
vt 0.055089160799980164 0.8932402729988098 
vt 0.06410539150238037 0.8931184411048889 
vt 0.07324346899986267 0.8931184411048889 
vt 0.08225970715284348 0.892996609210968 
vt 0.09103225916624069 0.8928747773170471 
vt 0.09931744635105133 0.8928747773170471 
vt 0.1069934293627739 0.8927529454231262 
vt 0.11406020820140839 0.8927529454231262 
vt 0.12088330090045929 0.8926310539245605 
vt 0.12795007228851318 0.8922655582427979 
vt 0.13599158823490143 0.8919000029563904 
vt 0.14549517631530762 0.8915345072746277 
vt 0.1573137640953064 0.8910471200942993 
vt 0.1575574427843094 0.8968955278396606 
vt 0.17230020463466644 0.896530032157898 
vt 0.1457388699054718 0.8975047469139099 
vt 0.13623526692390442 0.8979921340942383 
vt 0.12831559777259827 0.8986013531684875 
vt 0.12112697958946228 0.8992105722427368 
vt 0.11418204754590988 0.8990886807441711 
vt 0.1069934293627739 0.8989668488502502 
vt 0.09931744635105133 0.8989668488502502 
vt 0.09103225916624069 0.8989668488502502 
vt 0.08238154649734497 0.8990886807441711 
vt 0.07336530834436417 0.8990886807441711 
vt 0.06422723829746246 0.8992105722427368 
vt 0.05533284321427345 0.8994542360305786 
vt 0.04668213054537773 0.8998197317123413 
vt 0.03864062577486038 0.9003071188926697 
vt 0.031452007591724396 0.9011600017547607 
vt 0.025116274133324623 0.9023784399032593 
vt 0.019877111539244652 0.9035968780517578 
vt 0.9318569898605347 0.690617024898529 
vt 0.9306386113166809 0.7026793956756592 
vt 0.925155758857727 0.6893986463546753 
vt 0.9235718250274658 0.7023138999938965 
vt 0.9305167198181152 0.7131578326225281 
vt 0.9234499931335449 0.7134014964103699 
vt 0.924302875995636 0.7235143780708313 
vt 0.9310041069984436 0.7227833271026611 
vt 0.9253994226455688 0.7327743768692017 
vt 0.9318569898605347 0.7320433259010315 
vt 0.9264959692955017 0.7419125437736511 
vt 0.9325880408287048 0.7413033246994019 
vt 0.9272270202636719 0.750806987285614 
vt 0.9331972599029541 0.7504414916038513 
vt 0.9278362393379211 0.7593359351158142 
vt 0.9336845874786377 0.7590922713279724 
vt 0.9283236265182495 0.7674993276596069 
vt 0.9340501427650452 0.7672556638717651 
vt 0.9286891222000122 0.7748098373413086 
vt 0.9344156384468079 0.7745661735534668 
vt 0.9290546774864197 0.7813893556594849 
vt 0.9347811937332153 0.7811456322669983 
vt 0.9290546774864197 0.7876032590866089 
vt 0.935146689414978 0.787481427192688 
vt 0.9352685213088989 0.7945482730865479 
vt 0.9295420050621033 0.7945482730865479 
vt 0.9353904128074646 0.8035645484924316 
vt 0.9296638369560242 0.8034427165985107 
vt 0.9353904128074646 0.816236138343811 
vt 0.9295420050621033 0.8157487511634827 
vt 0.9385582804679871 0.6918354630470276 
vt 0.9385582804679871 0.7030449509620667 
vt 0.9448939561843872 0.6909825801849365 
vt 0.9409950971603394 0.8159924745559692 
vt 0.940507709980011 0.803199052810669 
vt 0.9524481296539307 0.8148958683013916 
vt 0.9468434453010559 0.8152614235877991 
vt 0.9517170786857605 0.8025898337364197 
vt 0.9459905624389648 0.8027116656303406 
vt 0.9512296915054321 0.7935735583305359 
vt 0.9453813433647156 0.7936953902244568 
vt 0.9511078596115112 0.7867503762245178 
vt 0.9400203227996826 0.7940608859062195 
vt 0.9396548271179199 0.7869940400123596 
vt 0.939532995223999 0.7806583046913147 
vt 0.9394111633300781 0.7742006778717041 
vt 0.9394111633300781 0.7668901085853577 
vt 0.9392892718315125 0.7588485479354858 
vt 0.9390456080436707 0.7500759363174438 
vt 0.9389237761497498 0.7410596013069153 
vt 0.9388019442558289 0.731677770614624 
vt 0.9385582804679871 0.7222959399223328 
vt 0.9383145570755005 0.7130359411239624 
vt 0.9461123943328857 0.7026793956756592 
vt 0.952935516834259 0.701948344707489 
vt 0.9513515830039978 0.6893986463546753 
vt 0.9533010125160217 0.7129141092300415 
vt 0.9464778900146484 0.7130359411239624 
vt 0.9462342262268066 0.7226614952087402 
vt 0.945868730545044 0.7319214940071106 
vt 0.9455031752586365 0.741181492805481 
vt 0.9515952467918396 0.7414251565933228 
vt 0.9512296915054321 0.7503196001052856 
vt 0.9452595114707947 0.7501977682113647 
vt 0.9451376795768738 0.7588485479354858 
vt 0.952935516834259 0.722905158996582 
vt 0.9522044658660889 0.7322869896888733 
vt 0.9509860277175903 0.7589703798294067 
vt 0.9451376795768738 0.7668901085853577 
vt 0.9450158476829529 0.7742006778717041 
vt 0.9450158476829529 0.7806583046913147 
vt 0.9452595114707947 0.7867503762245178 
vt 0.9509860277175903 0.7806583046913147 
vt 0.9508641958236694 0.774322509765625 
vt 0.9508641958236694 0.7670120000839233 
vt 0.7604267001152039 0.4471767246723175 
vt 0.7645692825317383 0.4471767246723175 
vt 0.7604267001152039 0.4282912015914917 
vt 0.7645692825317383 0.4282912015914917 
vt 0.7685900330543518 0.4471767246723175 
vt 0.7685900330543518 0.4282912015914917 
vt 0.7726107835769653 0.4471767246723175 
vt 0.7726107835769653 0.4282912015914917 
vt 0.7766315340995789 0.4471767246723175 
vt 0.7766315340995789 0.4282912015914917 
vt 0.7806523442268372 0.4282912015914917 
vt 0.7806523442268372 0.4471767246723175 
vt 0.7846730947494507 0.4282912015914917 
vt 0.7846730947494507 0.4471767246723175 
vt 0.7888156771659851 0.4282912015914917 
vt 0.7888156771659851 0.4471767246723175 
vt 0.7928364276885986 0.4282912015914917 
vt 0.7928364276885986 0.4471767246723175 
vt 0.39453819394111633 0.19910641014575958 
vt 0.3975841999053955 0.20154325664043427 
vt 0.39453819394111633 0.1837543249130249 
vt 0.40136128664016724 0.20154325664043427 
vt 0.4044073224067688 0.1837543249130249 
vt 0.4044073224067688 0.19910641014575958 
vt 0.5785180926322937 0.7193717360496521 
vt 0.5785180926322937 0.7065783143043518 
vt 0.5631661415100098 0.7193717360496521 
vt 0.5631661415100098 0.7065783143043518 
vt 0.5592672228813171 0.7065783143043518 
vt 0.5592672228813171 0.7193717360496521 
vt 0.5556119680404663 0.7065783143043518 
vt 0.5556119680404663 0.7193717360496521 
vt 0.5517130494117737 0.7065783143043518 
vt 0.5517130494117737 0.7193717360496521 
vt 0.5362392663955688 0.7193717360496521 
vt 0.5362392663955688 0.7065783143043518 
vt 0.19045451283454895 0.1796116977930069 
vt 0.18996714055538177 0.19082115590572357 
vt 0.19350053369998932 0.1772966980934143 
vt 0.2008109986782074 0.19082115590572357 
vt 0.19727760553359985 0.1772966980934143 
vt 0.20032362639904022 0.1796116977930069 
vt 0.1965465545654297 0.0626433715224266 
vt 0.21189852058887482 0.0626433715224266 
vt 0.1941097378730774 0.05959732085466385 
vt 0.1941097378730774 0.055820219218730927 
vt 0.21189852058887482 0.05277416855096817 
vt 0.1965465545654297 0.05277416855096817 
vt 0.6744069457054138 0.092616505920887 
vt 0.6744069457054138 0.10540991276502609 
vt 0.6645378470420837 0.092616505920887 
vt 0.6645378470420837 0.10540991276502609 
vt 0.9841268062591553 0.8151395916938782 
vt 0.996920108795166 0.8151395916938782 
vt 0.9841268062591553 0.8264708518981934 
vt 0.996920108795166 0.8264708518981934 
vt 0.996920108795166 0.8302479982376099 
vt 0.9841268062591553 0.8302479982376099 
vt 0.9841268062591553 0.8340250849723816 
vt 0.996920108795166 0.8340250849723816 
vt 0.996920108795166 0.8378021717071533 
vt 0.9841268062591553 0.8378021717071533 
vt 0.9841268062591553 0.8490116596221924 
vt 0.996920108795166 0.8490116596221924 
vt 0.7122995257377625 0.2965800166130066 
vt 0.715345561504364 0.2942650020122528 
vt 0.7118121385574341 0.30778947472572327 
vt 0.719122588634491 0.2942650020122528 
vt 0.7226560115814209 0.30778947472572327 
vt 0.7221686244010925 0.2965800166130066 
vt 0.4178098142147064 0.1752253770828247 
vt 0.4066004455089569 0.1752253770828247 
vt 0.4178098142147064 0.15536513924598694 
vt 0.40099576115608215 0.15536513924598694 
vt 0.40099576115608215 0.1752253770828247 
vt 0.40099576115608215 0.1814393252134323 
vt 0.4066004455089569 0.1814393252134323 
vt 0.0009917570278048515 0.15987329185009003 
vt 0.012201129458844662 0.15987329185009003 
vt 0.0009917570278048515 0.1797335296869278 
vt 0.012201129458844662 0.1797335296869278 
vt 0.3539651334285736 0.2841521203517914 
vt 0.3339832127094269 0.2841521203517914 
vt 0.3539651334285736 0.2729426622390747 
vt 0.3339832127094269 0.26745977997779846 
vt 0.3539651334285736 0.26745977997779846 
vt 0.36017903685569763 0.26745977997779846 
vt 0.36017903685569763 0.2729426622390747 
vt 0.4089154303073883 0.302306592464447 
vt 0.4089154303073883 0.28244635462760925 
vt 0.3890553414821625 0.302306592464447 
vt 0.3890553414821625 0.28244635462760925 
vt 0.4047728180885315 0.2778163552284241 
vt 0.3931979238986969 0.2778163552284241 
vt 0.05910991504788399 0.9620810151100159 
vt 0.07897000014781952 0.9620810151100159 
vt 0.05910991504788399 0.981941282749176 
vt 0.07897000014781952 0.981941282749176 
vt 0.5331932306289673 0.41476675868034363 
vt 0.516379177570343 0.41476675868034363 
vt 0.5331932306289673 0.39490652084350586 
vt 0.516379177570343 0.39490652084350586 
vt 0.8957920670509338 0.0009913200046867132 
vt 0.9012749195098877 0.0009913200046867132 
vt 0.8957920670509338 0.012566310353577137 
vt 0.9012749195098877 0.012566310353577137 
vt 0.3910048007965088 0.21872296929359436 
vt 0.3910048007965088 0.1988627314567566 
vt 0.3956347703933716 0.21458034217357635 
vt 0.3956347703933716 0.2030053585767746 
vt 0.32581984996795654 0.6260407567024231 
vt 0.3263072371482849 0.6201923489570618 
vt 0.3288658857345581 0.6309144496917725 
vt 0.3398315906524658 0.6317673325538635 
vt 0.33422690629959106 0.633107602596283 
vt 0.33922237157821655 0.6362755298614502 
vt 0.3422684073448181 0.6359099745750427 
vt 0.34397417306900024 0.6333513259887695 
vt 0.34360864758491516 0.6273810267448425 
vt 0.34397417306900024 0.6216544508934021 
vt 0.335688978433609 0.6144657731056213 
vt 0.34104999899864197 0.6167808175086975 
vt 0.33008429408073425 0.6158060431480408 
vt 0.6550342440605164 0.2200632393360138 
vt 0.6490640640258789 0.2200632393360138 
vt 0.6550342440605164 0.22396217286586761 
vt 0.6490640640258789 0.22396217286586761 
vt 0.6460180282592773 0.2200632393360138 
vt 0.6460180282592773 0.22396217286586761 
vt 0.6429719924926758 0.22396217286586761 
vt 0.6429719924926758 0.2200632393360138 
vt 0.6370017528533936 0.22396217286586761 
vt 0.6370017528533936 0.2200632393360138 
vt 0.0656893253326416 0.03705655038356781 
vt 0.06020648404955864 0.03876233845949173 
vt 0.06300882250070572 0.04229575768113136 
vt 0.06020648404955864 0.043514177203178406 
vt 0.05740413814783096 0.04229575768113136 
vt 0.05472363904118538 0.03705655038356781 
vt 0.7433689832687378 0.39770886301994324 
vt 0.7433689832687378 0.40343543887138367 
vt 0.7472679018974304 0.39770886301994324 
vt 0.8119654655456543 0.40343543887138367 
vt 0.7433689832687378 0.4091620147228241 
vt 0.8119654655456543 0.4091620147228241 
vt 0.7433689832687378 0.4150104224681854 
vt 0.8119654655456543 0.4150104224681854 
vt 0.8119654655456543 0.42073699831962585 
vt 0.7433689832687378 0.42073699831962585 
vt 0.7433689832687378 0.4264635741710663 
vt 0.8119654655456543 0.4264635741710663 
vt 0.8119654655456543 0.43231201171875 
vt 0.7433689832687378 0.43231201171875 
vt 0.8119654655456543 0.43803858757019043 
vt 0.7433689832687378 0.43803858757019043 
vt 0.7472679018974304 0.44376513361930847 
vt 0.7433689832687378 0.44376513361930847 
vt 0.8119654655456543 0.44376513361930847 
vt 0.8119654655456543 0.4496135711669922 
vt 0.7472679018974304 0.4496135711669922 
vt 0.8119654655456543 0.39770886301994324 
vt 0.8119654655456543 0.3918604552745819 
vt 0.7472679018974304 0.3918604552745819 
vt 0.9479399919509888 0.14695803821086884 
vt 0.9479399919509888 0.07019757479429245 
vt 0.9509860277175903 0.14695803821086884 
vt 0.9509860277175903 0.07019757479429245 
vt 0.9540320634841919 0.14695803821086884 
vt 0.9540320634841919 0.07019757479429245 
vt 0.9570780992507935 0.14695803821086884 
vt 0.9570780992507935 0.07019757479429245 
vt 0.960124135017395 0.14695803821086884 
vt 0.960124135017395 0.07019757479429245 
vt 0.8193977475166321 0.08749914169311523 
vt 0.8193977475166321 0.034376028925180435 
vt 0.8234184980392456 0.08713361620903015 
vt 0.8234184980392456 0.034376028925180435 
vt 0.5878998637199402 0.15987329185009003 
vt 0.5632879734039307 0.15987329185009003 
vt 0.5632879734039307 0.11272043734788895 
vt 0.6363925933837891 0.0009913200046867132 
vt 0.5892401337623596 0.0009913200046867132 
vt 0.6363925933837891 0.024628667160868645 
vt 0.12697535753250122 0.0009913200046867132 
vt 0.17595542967319489 0.0009913200046867132 
vt 0.12697535753250122 0.00891104992479086 
vt 0.17595542967319489 0.028162086382508278 
vt 0.9625609517097473 0.18777510523796082 
vt 0.981689989566803 0.18777510523796082 
vt 0.9625609517097473 0.24041084945201874 
vt 0.981689989566803 0.24041084945201874 
vt 0.9625609517097473 0.24833057820796967 
vt 0.981689989566803 0.24833057820796967 
vt 0.9625609517097473 0.29731106758117676 
vt 0.981689989566803 0.29731106758117676 
vt 0.6380983591079712 0.7466643452644348 
vt 0.647358238697052 0.7240017652511597 
vt 0.647358238697052 0.7466643452644348 
vt 0.6566181778907776 0.7466643452644348 
vt 0.6380983591079712 0.7240017652511597 
vt 0.6288384199142456 0.7466643452644348 
vt 0.6288384199142456 0.7240017652511597 
vt 0.6194566488265991 0.7466643452644348 
vt 0.6194566488265991 0.7240017652511597 
vt 0.6101967692375183 0.7466643452644348 
vt 0.6101967692375183 0.7240017652511597 
vt 0.6009368300437927 0.7466643452644348 
vt 0.6009368300437927 0.7240017652511597 
vt 0.6566181778907776 0.7240017652511597 
vt 0.6659999489784241 0.7466643452644348 
vt 0.6659999489784241 0.7240017652511597 
vt 0.6752598285675049 0.7466643452644348 
vt 0.6752598285675049 0.7240017652511597 
vt 0.17595542967319489 0.24004532396793365 
vt 0.17595542967319489 0.21263086795806885 
vt 0.18168196082115173 0.24004532396793365 
vt 0.18168196082115173 0.21263086795806885 
vt 0.9959453344345093 0.43755120038986206 
vt 0.9685311317443848 0.43755120038986206 
vt 0.9959453344345093 0.37394967675209045 
vt 0.9685311317443848 0.37394967675209045 
vt 0.7760223746299744 0.0393715500831604 
vt 0.78174889087677 0.0393715500831604 
vt 0.7760223746299744 0.102973073720932 
vt 0.78174889087677 0.102973073720932 
vt 0.03644748777151108 0.25247320532798767 
vt 0.04205217584967613 0.25247320532798767 
vt 0.03644748777151108 0.3160747289657593 
vt 0.04205217584967613 0.3160747289657593 
vt 0.9625609517097473 0.1857037991285324 
vt 0.9625609517097473 0.13672330975532532 
vt 0.981689989566803 0.1857037991285324 
vt 0.981689989566803 0.13672330975532532 
vt 0.9625609517097473 0.12100569158792496 
vt 0.981689989566803 0.12100569158792496 
vt 0.9625609517097473 0.07019757479429245 
vt 0.981689989566803 0.07019757479429245 
vt 0.3375166058540344 0.550986111164093 
vt 0.3375166058540344 0.5238153338432312 
vt 0.2879272997379303 0.5395329594612122 
vt 0.28841468691825867 0.5238153338432312 
vt 0.9797405004501343 0.9403931498527527 
vt 0.9988695383071899 0.9403931498527527 
vt 0.9797405004501343 0.9132223725318909 
vt 0.9988695383071899 0.9132223725318909 
vt 0.6639286279678345 0.5238153338432312 
vt 0.614948570728302 0.5238153338432312 
vt 0.6644160151481628 0.5395329594612122 
vt 0.614948570728302 0.550986111164093 
vt 0.36432161927223206 0.46155408024787903 
vt 0.36432161927223206 0.48896852135658264 
vt 0.4279226064682007 0.46155408024787903 
vt 0.4279226064682007 0.48896852135658264 
vt 0.9052956700325012 0.04485443979501724 
vt 0.9052956700325012 0.07226888835430145 
vt 0.9110221862792969 0.04485443979501724 
vt 0.9110221862792969 0.07226888835430145 
vt 0.16547711193561554 0.6349352598190308 
vt 0.16547711193561554 0.6733154654502869 
vt 0.16815760731697083 0.6349352598190308 
vt 0.16815760731697083 0.6733154654502869 
vt 0.17278756201267242 0.6733154654502869 
vt 0.17278756201267242 0.6349352598190308 
vt 0.17010706663131714 0.6733154654502869 
vt 0.17010706663131714 0.6349352598190308 
vt 0.9141900539398193 0.6204360723495483 
vt 0.8761756420135498 0.6204360723495483 
vt 0.9141900539398193 0.6232383847236633 
vt 0.8761756420135498 0.6232383847236633 
vt 0.08957016468048096 0.5586621761322021 
vt 0.05155577138066292 0.5586621761322021 
vt 0.08957016468048096 0.5614645481109619 
vt 0.05155577138066292 0.5614645481109619 
vt 0.8282921314239502 0.0777517780661583 
vt 0.8282921314239502 0.05228680372238159 
vt 0.8254898190498352 0.0777517780661583 
vt 0.8254898190498352 0.05228680372238159 
vt 0.7787028551101685 0.01049499586224556 
vt 0.7787028551101685 0.03583813086152077 
vt 0.7815052270889282 0.01049499586224556 
vt 0.7815052270889282 0.03583813086152077 
vt 0.08542756736278534 0.7634785771369934 
vt 0.11089234054088593 0.7634785771369934 
vt 0.08542756736278534 0.7254638671875 
vt 0.11089234054088593 0.7254638671875 
vt 0.5342898368835449 0.6956125497817993 
vt 0.4962754249572754 0.6956125497817993 
vt 0.5342898368835449 0.721077561378479 
vt 0.4962754249572754 0.721077561378479 
vt 0.7767534255981445 0.037178393453359604 
vt 0.7767534255981445 0.01049499586224556 
vt 0.7490954995155334 0.037178393453359604 
vt 0.7490954995155334 0.01049499586224556 
vt 0.9513515830039978 0.45010092854499817 
vt 0.9513515830039978 0.5241808891296387 
vt 0.9790094494819641 0.45010092854499817 
vt 0.9790094494819641 0.5241808891296387 
vt 0.9389237761497498 0.37394967675209045 
vt 0.9389237761497498 0.44802960753440857 
vt 0.9665817022323608 0.37394967675209045 
vt 0.9665817022323608 0.44802960753440857 
vt 0.6850071549415588 0.41013675928115845 
vt 0.6850071549415588 0.383453369140625 
vt 0.6110496520996094 0.41013675928115845 
vt 0.6110496520996094 0.383453369140625 
vt 0.20251676440238953 0.8145303726196289 
vt 0.20251676440238953 0.7877250909805298 
vt 0.18082907795906067 0.8145303726196289 
vt 0.18082907795906067 0.7877250909805298 
vt 0.022557614371180534 0.42670726776123047 
vt 0.0009917570278048515 0.42670726776123047 
vt 0.022557614371180534 0.4535125195980072 
vt 0.0009917570278048515 0.4535125195980072 
vt 0.17887961864471436 0.9232134222984314 
vt 0.0009917570278048515 0.9232134222984314 
vt 0.17887961864471436 0.9447794556617737 
vt 0.0009917570278048515 0.9447794556617737 
vt 0.945868730545044 0.17888064682483673 
vt 0.945868730545044 0.0009913200046867132 
vt 0.924302875995636 0.17888064682483673 
vt 0.924302875995636 0.0009913200046867132 
vt 0.810503363609314 0.8580279350280762 
vt 0.6326155066490173 0.8580279350280762 
vt 0.810503363609314 0.8847113251686096 
vt 0.6326155066490173 0.8847113251686096 
vt 0.5012708902359009 0.33556944131851196 
vt 0.5012708902359009 0.3583539128303528 
vt 0.5336806178092957 0.33556944131851196 
vt 0.5144297480583191 0.37187835574150085 
vt 0.5336806178092957 0.392713338136673 
vt 0.5144297480583191 0.392713338136673 
vt 0.5093123912811279 0.37187835574150085 
vt 0.9107785224914551 0.23797400295734406 
vt 0.9141900539398193 0.23797400295734406 
vt 0.9107785224914551 0.25734689831733704 
vt 0.9141900539398193 0.25734689831733704 
vt 0.8405981063842773 0.4639909267425537 
vt 0.8614329099655151 0.4639909267425537 
vt 0.8405981063842773 0.4832419455051422 
vt 0.8976196646690369 0.4832419455051422 
vt 0.8748354315757751 0.4639909267425537 
vt 0.8614329099655151 0.45887356996536255 
vt 0.8748354315757751 0.45083197951316833 
vt 0.4165914058685303 0.23797400295734406 
vt 0.3957566022872925 0.23797400295734406 
vt 0.4165914058685303 0.241507425904274 
vt 0.3957566022872925 0.241507425904274 
vt 0.7698084712028503 0.2644137144088745 
vt 0.7698084712028503 0.2836647629737854 
vt 0.7733418345451355 0.2644137144088745 
vt 0.7733418345451355 0.2836647629737854 
vt 0.7768752574920654 0.11052727699279785 
vt 0.7198536396026611 0.11052727699279785 
vt 0.7768752574920654 0.11406069248914719 
vt 0.7198536396026611 0.11406069248914719 
vt 0.020242635160684586 0.15768013894557953 
vt 0.020242635160684586 0.1368451565504074 
vt 0.0009917570278048515 0.15768013894557953 
vt 0.0009917570278048515 0.10053623467683792 
vt 0.03340146318078041 0.12332069128751755 
vt 0.03340146318078041 0.10053623467683792 
vt 0.025359956547617912 0.1368451565504074 
vt 0.3362981975078583 0.3246036767959595 
vt 0.3362981975078583 0.30376869440078735 
vt 0.3170472979545593 0.3246036767959595 
vt 0.3170472979545593 0.26758161187171936 
vt 0.3362981975078583 0.2903660833835602 
vt 0.34141552448272705 0.30376869440078735 
vt 0.3494570255279541 0.2903660833835602 
vt 0.0701974481344223 0.0009913200046867132 
vt 0.07360899448394775 0.0009913200046867132 
vt 0.0701974481344223 0.021826302632689476 
vt 0.07360899448394775 0.021826302632689476 
vt 0.7587209343910217 0.1543903946876526 
vt 0.7587209343910217 0.15780197083950043 
vt 0.7016993761062622 0.1543903946876526 
vt 0.7016993761062622 0.15780197083950043 
vt 0.5356300473213196 0.3600597083568573 
vt 0.5391634702682495 0.3600597083568573 
vt 0.5356300473213196 0.3650552034378052 
vt 0.5391634702682495 0.3650552034378052 
vt 0.5356300473213196 0.38077282905578613 
vt 0.5391634702682495 0.38077282905578613 
vt 0.5391634702682495 0.40355730056762695 
vt 0.5356300473213196 0.40355730056762695 
vt 0.8374302387237549 0.5238153338432312 
vt 0.8323128819465637 0.5238153338432312 
vt 0.8374302387237549 0.5273487567901611 
vt 0.8323128819465637 0.5273487567901611 
vt 0.8165954351425171 0.5238153338432312 
vt 0.8165954351425171 0.5273487567901611 
vt 0.7939329743385315 0.5238153338432312 
vt 0.7939329743385315 0.5273487567901611 
vt 0.5310000777244568 0.4496135711669922 
vt 0.5310000777244568 0.44620198011398315 
vt 0.5634098052978516 0.4496135711669922 
vt 0.5634098052978516 0.44620198011398315 
vt 0.5099216103553772 0.5273487567901611 
vt 0.5099216103553772 0.5238153338432312 
vt 0.542331337928772 0.5273487567901611 
vt 0.542331337928772 0.5238153338432312 
vt 0.5258827805519104 0.2778163552284241 
vt 0.5258827805519104 0.274892121553421 
vt 0.5529314875602722 0.2778163552284241 
vt 0.5529314875602722 0.274892121553421 
vt 0.9128497838973999 0.5238153338432312 
vt 0.9128497838973999 0.5508642792701721 
vt 0.909925639629364 0.5238153338432312 
vt 0.909925639629364 0.5508642792701721 
vt 0.49456965923309326 0.5238153338432312 
vt 0.49456965923309326 0.5508642792701721 
vt 0.4916454553604126 0.5238153338432312 
vt 0.4916454553604126 0.5508642792701721 
vt 0.9026151299476624 0.12551383674144745 
vt 0.8996909856796265 0.12551383674144745 
vt 0.9026151299476624 0.11052727699279785 
vt 0.8996909856796265 0.11052727699279785 
vt 0.028040459379553795 0.9620810151100159 
vt 0.028040459379553795 0.9770675897598267 
vt 0.0009917570278048515 0.9620810151100159 
vt 0.0009917570278048515 0.9770675897598267 
vt 0.05716045945882797 0.9620810151100159 
vt 0.05716045945882797 0.9770675897598267 
vt 0.02998991496860981 0.9620810151100159 
vt 0.02998991496860981 0.9770675897598267 
vt 0.7699303030967712 0.5238153338432312 
vt 0.7728545069694519 0.5238153338432312 
vt 0.7699303030967712 0.5508642792701721 
vt 0.7728545069694519 0.5508642792701721 
vt 0.5453773736953735 0.8889757990837097 
vt 0.5303909182548523 0.8889757990837097 
vt 0.5453773736953735 0.8619269132614136 
vt 0.5303909182548523 0.8619269132614136 
vt 0.4689830243587494 0.13550488650798798 
vt 0.4689830243587494 0.15305013954639435 
vt 0.40562573075294495 0.13550488650798798 
vt 0.40562573075294495 0.15305013954639435 
vt 0.16535526514053345 0.2474776804447174 
vt 0.18046355247497559 0.2474776804447174 
vt 0.16535526514053345 0.3108355402946472 
vt 0.18046355247497559 0.3108355402946472 
vt 0.4732474684715271 0.41476675868034363 
vt 0.4732474684715271 0.4324338436126709 
vt 0.40989014506340027 0.41476675868034363 
vt 0.40989014506340027 0.4324338436126709 
vt 0.9838830828666687 0.3561607599258423 
vt 0.9838830828666687 0.2928029000759125 
vt 0.9989913702011108 0.3561607599258423 
vt 0.9989913702011108 0.2928029000759125 
vt 0.4709324836730957 0.15305013954639435 
vt 0.4709324836730957 0.13538303971290588 
vt 0.48591893911361694 0.15305013954639435 
vt 0.48591893911361694 0.13538303971290588 
vt 0.17887961864471436 0.8096566796302795 
vt 0.17887961864471436 0.8364619016647339 
vt 0.0009917570278048515 0.8096566796302795 
vt 0.0009917570278048515 0.8364619016647339 
vt 0.9322225451469421 0.8594900369644165 
vt 0.9280799031257629 0.849498987197876 
vt 0.9397766590118408 0.8670442700386047 
vt 0.9280799031257629 0.8387768864631653 
vt 0.9497676491737366 0.8711869120597839 
vt 0.9604896306991577 0.8711869120597839 
vt 0.9703587293624878 0.8670442700386047 
vt 0.9322225451469421 0.8289077281951904 
vt 0.9397766590118408 0.8212316632270813 
vt 0.9780347347259521 0.8594900369644165 
vt 0.9820554852485657 0.849498987197876 
vt 0.9497676491737366 0.817210853099823 
vt 0.9604896306991577 0.817210853099823 
vt 0.9703587293624878 0.8212316632270813 
vt 0.9820554852485657 0.8387768864631653 
vt 0.9780347347259521 0.8289077281951904 
vt 0.8683778643608093 0.0009913200046867132 
vt 0.8683778643608093 0.00891104992479086 
vt 0.8193977475166321 0.0009913200046867132 
vt 0.8193977475166321 0.028162086382508278 
vt 0.03157384693622589 0.918339729309082 
vt 0.03157384693622589 0.9033531546592712 
vt 0.058744389563798904 0.918339729309082 
vt 0.058744389563798904 0.9033531546592712 
vt 0.9513515830039978 0.5263740420341492 
vt 0.9780347347259521 0.5263740420341492 
vt 0.9513515830039978 0.6003321409225464 
vt 0.9780347347259521 0.6003321409225464 
vt 0.0382751040160656 0.11454806476831436 
vt 0.035350918769836426 0.11454806476831436 
vt 0.0382751040160656 0.09956149756908417 
vt 0.035350918769836426 0.09956149756908417 
vt 0.20007994771003723 0.8437724113464355 
vt 0.18082907795906067 0.8437724113464355 
vt 0.20007994771003723 0.8166016936302185 
vt 0.18082907795906067 0.8166016936302185 
vt 0.19252580404281616 0.9832815527915955 
vt 0.19045451283454895 0.9857183694839478 
vt 0.19252580404281616 0.9690260291099548 
vt 0.17230020463466644 0.9690260291099548 
vt 0.17437149584293365 0.9857183694839478 
vt 0.17230020463466644 0.9832815527915955 
vt 0.16827945411205292 0.5815684795379639 
vt 0.16547711193561554 0.5815684795379639 
vt 0.16827945411205292 0.5958239436149597 
vt 0.16547711193561554 0.5958239436149597 
vt 0.16547711193561554 0.5991137027740479 
vt 0.16827945411205292 0.5991137027740479 
vt 0.16547711193561554 0.6151968240737915 
vt 0.16827945411205292 0.6151968240737915 
vt 0.16547711193561554 0.6183647513389587 
vt 0.16827945411205292 0.6183647513389587 
vt 0.16827945411205292 0.6326202750205994 
vt 0.16547711193561554 0.6326202750205994 
vt 0.2166503220796585 0.9832815527915955 
vt 0.21872162818908691 0.9857183694839478 
vt 0.2166503220796585 0.9690260291099548 
vt 0.23687593638896942 0.9690260291099548 
vt 0.23480463027954102 0.9857183694839478 
vt 0.23687593638896942 0.9832815527915955 
vt 0.2147008776664734 0.9832815527915955 
vt 0.21262957155704498 0.9857183694839478 
vt 0.2147008776664734 0.9690260291099548 
vt 0.1965465545654297 0.9857183694839478 
vt 0.19447526335716248 0.9690260291099548 
vt 0.19447526335716248 0.9832815527915955 
vt 0.17022891342639923 0.6326202750205994 
vt 0.17022891342639923 0.6183647513389587 
vt 0.17254388332366943 0.6326202750205994 
vt 0.17254388332366943 0.6183647513389587 
vt 0.17254388332366943 0.6151968240737915 
vt 0.17022891342639923 0.6151968240737915 
vt 0.17254388332366943 0.5991137027740479 
vt 0.17022891342639923 0.5991137027740479 
vt 0.17254388332366943 0.5958239436149597 
vt 0.17022891342639923 0.5958239436149597 
vt 0.17022891342639923 0.5815684795379639 
vt 0.17254388332366943 0.5815684795379639 
vt 0.1502469778060913 0.9832815527915955 
vt 0.15219643712043762 0.9857183694839478 
vt 0.1502469778060913 0.9690260291099548 
vt 0.16827945411205292 0.9857183694839478 
vt 0.17035074532032013 0.9690260291099548 
vt 0.17035074532032013 0.9832815527915955 
vt 0.2031259685754776 0.41878753900527954 
vt 0.23334254324436188 0.4425467252731323 
vt 0.23334254324436188 0.41878753900527954 
vt 0.3627376854419708 0.4243922829627991 
vt 0.3866185247898102 0.45460909605026245 
vt 0.3627376854419708 0.45460909605026245 
vt 0.7914961576461792 0.1372106820344925 
vt 0.8152551651000977 0.10711570084095001 
vt 0.7914961576461792 0.10711570084095001 
vt 0.7679808735847473 0.5539103150367737 
vt 0.7442218661308289 0.5238153338432312 
vt 0.7679808735847473 0.5238153338432312 
vt 0.6009368300437927 0.44425252079963684 
vt 0.6009368300437927 0.43816041946411133 
vt 0.5804675817489624 0.44425252079963684 
vt 0.5804675817489624 0.43816041946411133 
vt 0.7383735179901123 0.9764583706855774 
vt 0.7233870625495911 0.9764583706855774 
vt 0.7383735179901123 0.9970496892929077 
vt 0.7233870625495911 0.9970496892929077 
vt 0.8828769326210022 0.43316489458084106 
vt 0.87690669298172 0.43316489458084106 
vt 0.8828769326210022 0.453756183385849 
vt 0.87690669298172 0.453756183385849 
vt 0.6080036163330078 0.37151283025741577 
vt 0.6020334362983704 0.37151283025741577 
vt 0.6080036163330078 0.3919822871685028 
vt 0.6020334362983704 0.3919822871685028 
vt 0.5632879734039307 0.0159778855741024 
vt 0.5692581534385681 0.0159778855741024 
vt 0.5632879734039307 0.0009913200046867132 
vt 0.5692581534385681 0.0009913200046867132 
vt 0.9450158476829529 0.46520933508872986 
vt 0.9450158476829529 0.45010092854499817 
vt 0.9389237761497498 0.46520933508872986 
vt 0.9389237761497498 0.45010092854499817 
vt 0.7065730094909668 0.9940035939216614 
vt 0.7065730094909668 0.9790170788764954 
vt 0.6859818696975708 0.9940035939216614 
vt 0.6859818696975708 0.9790170788764954 
vt 0.9079761505126953 0.5238153338432312 
vt 0.901884138584137 0.5238153338432312 
vt 0.9079761505126953 0.5444066524505615 
vt 0.901884138584137 0.5444066524505615 
vt 0.5470831394195557 0.39941465854644775 
vt 0.5470831394195557 0.38442808389663696 
vt 0.5411128997802734 0.39941465854644775 
vt 0.5411128997802734 0.38442808389663696 
vt 0.5367266535758972 0.3171713054180145 
vt 0.5306345820426941 0.3171713054180145 
vt 0.5367266535758972 0.3322797119617462 
vt 0.5306345820426941 0.3322797119617462 
vt 0.7075477242469788 0.3879615068435669 
vt 0.6869565844535828 0.3879615068435669 
vt 0.7075477242469788 0.3939317762851715 
vt 0.6869565844535828 0.3939317762851715 
vt 0.6366362571716309 0.979504406452179 
vt 0.6160451173782349 0.979504406452179 
vt 0.6366362571716309 0.9944909811019897 
vt 0.6160451173782349 0.9944909811019897 
vt 0.429872065782547 0.4621632993221283 
vt 0.429872065782547 0.48263275623321533 
vt 0.43584227561950684 0.4621632993221283 
vt 0.43584227561950684 0.48263275623321533 
vt 0.406478613615036 0.41476675868034363 
vt 0.39149215817451477 0.41476675868034363 
vt 0.406478613615036 0.42085886001586914 
vt 0.39149215817451477 0.42085886001586914 
vt 0.8680123090744019 0.43170279264450073 
vt 0.8680123090744019 0.4466893672943115 
vt 0.8739825487136841 0.43170279264450073 
vt 0.8739825487136841 0.4466893672943115 
vt 0.6094657182693481 0.5238153338432312 
vt 0.6034954786300659 0.5238153338432312 
vt 0.6094657182693481 0.5444066524505615 
vt 0.6034954786300659 0.5444066524505615 
vt 0.10346003621816635 0.979504406452179 
vt 0.10346003621816635 0.9944909811019897 
vt 0.12405116856098175 0.979504406452179 
vt 0.12405116856098175 0.9944909811019897 
vt 0.902737021446228 0.4876282811164856 
vt 0.9088290333747864 0.4876282811164856 
vt 0.902737021446228 0.4670369625091553 
vt 0.9088290333747864 0.4670369625091553 
vt 0.7555530667304993 0.3879615068435669 
vt 0.7616451382637024 0.3879615068435669 
vt 0.7555530667304993 0.3729749321937561 
vt 0.7616451382637024 0.3729749321937561 
vt 0.9838830828666687 0.3584757447242737 
vt 0.9838830828666687 0.3645678460597992 
vt 0.9989913702011108 0.3584757447242737 
vt 0.9989913702011108 0.3645678460597992 
vt 0.3170472979545593 0.3769957423210144 
vt 0.3170472979545593 0.38296598196029663 
vt 0.3376384377479553 0.3769957423210144 
vt 0.3376384377479553 0.38296598196029663 
vt 0.10151058435440063 0.9944909811019897 
vt 0.10151058435440063 0.979504406452179 
vt 0.08104129135608673 0.9944909811019897 
vt 0.08104129135608673 0.979504406452179 
vt 0.6872002482414246 0.44218119978904724 
vt 0.6872002482414246 0.44827330112457275 
vt 0.7077913880348206 0.44218119978904724 
vt 0.7077913880348206 0.44827330112457275 
vt 0.1800980269908905 0.3405649662017822 
vt 0.17412781715393066 0.3405649662017822 
vt 0.1800980269908905 0.36115628480911255 
vt 0.17412781715393066 0.36115628480911255 
vt 0.23626673221588135 0.09407860785722733 
vt 0.23017467558383942 0.09407860785722733 
vt 0.23626673221588135 0.10918701440095901 
vt 0.23017467558383942 0.10918701440095901 
vt 0.718147873878479 0.37650835514068604 
vt 0.718147873878479 0.36152181029319763 
vt 0.7120558619499207 0.37650835514068604 
vt 0.7120558619499207 0.36152181029319763 
vt 0.023532342165708542 0.9809665083885193 
vt 0.023532342165708542 0.9959530830383301 
vt 0.04400163143873215 0.9809665083885193 
vt 0.04400163143873215 0.9959530830383301 
vt 0.40391993522644043 0.5297855734825134 
vt 0.40391993522644043 0.5358777046203613 
vt 0.4245110750198364 0.5297855734825134 
vt 0.4245110750198364 0.5358777046203613 
vt 0.38698405027389526 0.3043779134750366 
vt 0.38698405027389526 0.28926947712898254 
vt 0.3808920085430145 0.3043779134750366 
vt 0.3808920085430145 0.28926947712898254 
vt 0.8031929135322571 0.4789774715900421 
vt 0.8031929135322571 0.4850695729255676 
vt 0.8181793689727783 0.4789774715900421 
vt 0.8181793689727783 0.4850695729255676 
vt 0.0009917570278048515 0.3808946907520294 
vt 0.0009917570278048515 0.40148597955703735 
vt 0.00708380714058876 0.3808946907520294 
vt 0.00708380714058876 0.40148597955703735 
vt 0.653572142124176 0.9930288791656494 
vt 0.6740414500236511 0.9930288791656494 
vt 0.653572142124176 0.9780423045158386 
vt 0.6740414500236511 0.9780423045158386 
vt 0.35725483298301697 0.4815361797809601 
vt 0.33666372299194336 0.4815361797809601 
vt 0.35725483298301697 0.4876282811164856 
vt 0.33666372299194336 0.4876282811164856 
vt 0.17875777184963226 0.030842609703540802 
vt 0.16377133131027222 0.030842609703540802 
vt 0.17875777184963226 0.036934711039066315 
vt 0.16377133131027222 0.036934711039066315 
vt 0.7411758303642273 0.4243922829627991 
vt 0.7411758303642273 0.4092838764190674 
vt 0.7352056503295898 0.4243922829627991 
vt 0.7352056503295898 0.4092838764190674 
vt 0.34117183089256287 0.38844889402389526 
vt 0.33507978916168213 0.38844889402389526 
vt 0.34117183089256287 0.4089183211326599 
vt 0.33507978916168213 0.4089183211326599 
vt 0.021582886576652527 0.9959530830383301 
vt 0.021582886576652527 0.9809665083885193 
vt 0.0009917570278048515 0.9959530830383301 
vt 0.0009917570278048515 0.9809665083885193 
vt 0.04924079403281212 0.4850695729255676 
vt 0.04327058419585228 0.4850695729255676 
vt 0.04924079403281212 0.505539059638977 
vt 0.04327058419585228 0.505539059638977 
vt 0.22883442044258118 0.05886626988649368 
vt 0.22883442044258118 0.05277416855096817 
vt 0.21384797990322113 0.05886626988649368 
vt 0.21384797990322113 0.05277416855096817 
vt 0.5005398392677307 0.18728773295879364 
vt 0.49444779753685 0.18728773295879364 
vt 0.5005398392677307 0.20227430760860443 
vt 0.49444779753685 0.20227430760860443 
vt 0.044976357370615005 0.2705058157444 
vt 0.09651510417461395 0.27440476417541504 
vt 0.09809903055429459 0.25917452573776245 
vt 0.10516580939292908 0.2750139832496643 
vt 0.10662790387868881 0.2602711021900177 
vt 0.11491309106349945 0.2755013406276703 
vt 0.047047656029462814 0.2513766288757324 
vt 0.1001703292131424 0.24430979788303375 
vt 0.04436715319752693 0.2897568643093109 
vt 0.09602773934602737 0.2897568643093109 
vt 0.1046784445643425 0.2897568643093109 
vt 0.09651510417461395 0.3052307963371277 
vt 0.10516580939292908 0.3046215772628784 
vt 0.09809903055429459 0.3204610347747803 
vt 0.044976357370615005 0.3090078830718994 
vt 0.047047656029462814 0.3282589316368103 
vt 0.1001703292131424 0.33532577753067017 
vt 0.005499873775988817 0.35676994919776917 
vt 0.0012354389764368534 0.3388592004776001 
vt 0.11454756557941437 0.2897568643093109 
vt 0.10333819687366486 0.35043418407440186 
vt 0.010129831731319427 0.3752899467945099 
vt 0.10662790387868881 0.319364458322525 
vt 0.10869920253753662 0.33398550748825073 
vt 0.11625334620475769 0.3182678818702698 
vt 0.11491309106349945 0.30401238799095154 
vt 0.1252695769071579 0.30340316891670227 
vt 0.12478221207857132 0.2897568643093109 
vt 0.1252695769071579 0.27623239159584045 
vt 0.11625334620475769 0.26136767864227295 
vt 0.10869920253753662 0.245650053024292 
vt 0.10333819687366486 0.22920139133930206 
vt 0.005499873775988817 0.22286559641361237 
vt 0.010129831731319427 0.20434561371803284 
vt 0.10711526870727539 0.21445851027965546 
vt 0.013541379943490028 0.18546010553836823 
vt 0.007936693727970123 0.20361456274986267 
vt 0.0012354389764368534 0.24077637493610382 
vt 0.019633429124951363 0.16754932701587677 
vt 0.11174522340297699 0.19995930790901184 
vt 0.026212843134999275 0.1497603952884674 
vt 0.11710622906684875 0.1858256310224533 
vt 0.0336451455950737 0.13233698904514313 
vt 0.1230764389038086 0.17193564772605896 
vt 0.041564811021089554 0.11515727639198303 
vt 0.1297776997089386 0.1584111899137497 
vt 0.05021551996469498 0.09809939563274384 
vt 0.13708814978599548 0.14513041079044342 
vt 0.05935359746217728 0.08140704035758972 
vt 0.14512966573238373 0.13197146356105804 
vt 0.06922271847724915 0.0649583712220192 
vt 0.15414589643478394 0.11917805671691895 
vt 0.07970104366540909 0.04875338450074196 
vt 0.1638931781053543 0.10650648921728134 
vt 0.09066673368215561 0.03279208019375801 
vt 0.17485886812210083 0.09395676851272583 
vt 0.10199794918298721 0.0170744638890028 
vt 0.1869211196899414 0.08128520101308823 
vt 0.1138165220618248 0.0013568459544330835 
vt 0.20020179450511932 0.06800442188978195 
vt 0.20799961686134338 0.07628967612981796 
vt 0.1939879059791565 0.08859571814537048 
vt 0.21604111790657043 0.08676809072494507 
vt 0.20154204964637756 0.09749018400907516 
vt 0.20873066782951355 0.10699386149644852 
vt 0.22262053191661835 0.09822123497724533 
vt 0.2192089855670929 0.12283331900835037 
vt 0.23102755844593048 0.11661937832832336 
vt 0.22700680792331696 0.13611409068107605 
vt 0.23675408959388733 0.13124041259288788 
vt 0.18180380761623383 0.10053623467683792 
vt 0.21811242401599884 0.14232803881168365 
vt 0.20860882103443146 0.13038752973079681 
vt 0.19691208004951477 0.11649753898382187 
vt 0.1893579363822937 0.10821227729320526 
vt 0.1709599494934082 0.11247675120830536 
vt 0.16121266782283783 0.12453910708427429 
vt 0.2100709080696106 0.1498822420835495 
vt 0.19934891164302826 0.1390383094549179 
vt 0.20251676440238953 0.1581674963235855 
vt 0.19094187021255493 0.14829829335212708 
vt 0.19581551849842072 0.1671838015317917 
vt 0.17863593995571136 0.11929990351200104 
vt 0.18655559420585632 0.1266104280948639 
vt 0.17729568481445312 0.1372106820344925 
vt 0.16913233697414398 0.1307530552148819 
vt 0.1524401158094406 0.1368451565504074 
vt 0.14452046155929565 0.14951671659946442 
vt 0.13733184337615967 0.16231012344360352 
vt 0.13087426126003265 0.1754690706729889 
vt 0.1250258982181549 0.18899352848529816 
vt 0.11990857124328613 0.2027616649866104 
vt 0.11540045589208603 0.21677349507808685 
vt 0.11174522340297699 0.23115085065364838 
vt 0.1183246374130249 0.2473558485507965 
vt 0.12124882638454437 0.23334401845932007 
vt 0.12478221207857132 0.21945402026176453 
vt 0.12904664874076843 0.20592956244945526 
vt 0.13404212892055511 0.1925269514322281 
vt 0.13964681327342987 0.1794898509979248 
vt 0.1458607017993927 0.1668182760477066 
vt 0.1528056412935257 0.1543903946876526 
vt 0.16060346364974976 0.14244988560676575 
vt 0.16913233697414398 0.14829829335212708 
vt 0.18326589465141296 0.1582893431186676 
vt 0.18972346186637878 0.17680932581424713 
vt 0.17644280195236206 0.1687677502632141 
vt 0.18411877751350403 0.18692220747470856 
vt 0.17022891342639923 0.1796116977930069 
vt 0.17924514412879944 0.19764430820941925 
vt 0.16474606096744537 0.19106483459472656 
vt 0.15987242758274078 0.2028835117816925 
vt 0.17498070001602173 0.20873193442821503 
vt 0.1712036281824112 0.2201850712299347 
vt 0.15548615157604218 0.21506771445274353 
vt 0.15170907974243164 0.22737374901771545 
vt 0.16730472445487976 0.23176006972789764 
vt 0.1484193652868271 0.23980164527893066 
vt 0.1640150099992752 0.2433350533246994 
vt 0.1458607017993927 0.2522295117378235 
vt 0.16145636141300201 0.25503188371658325 
vt 0.14391125738620758 0.2647792398929596 
vt 0.1596287339925766 0.266606867313385 
vt 0.14281468093395233 0.2773289680480957 
vt 0.15828849375247955 0.27830371260643005 
vt 0.14232732355594635 0.2897568643093109 
vt 0.15767928957939148 0.2897568643093109 
vt 0.15828849375247955 0.30133184790611267 
vt 0.14281468093395233 0.302306592464447 
vt 0.1596287339925766 0.31290683150291443 
vt 0.12648798525333405 0.2625860869884491 
vt 0.12843744456768036 0.24906162917613983 
vt 0.13123978674411774 0.23565901815891266 
vt 0.1346513330936432 0.22237823903560638 
vt 0.1387939304113388 0.209219291806221 
vt 0.1435457319021225 0.196304053068161 
vt 0.14890673756599426 0.1837543249130249 
vt 0.154998779296875 0.17157012224197388 
vt 0.1615781933069229 0.15975144505500793 
vt 0.3934416174888611 0.5217440128326416 
vt 0.3717539310455322 0.5217440128326416 
vt 0.3934416174888611 0.49067431688308716 
vt 0.3717539310455322 0.49067431688308716 
vt 0.350066214799881 0.5217440128326416 
vt 0.350066214799881 0.49067431688308716 
vt 0.3283785283565521 0.5217440128326416 
vt 0.3283785283565521 0.49067431688308716 
vt 0.3066908121109009 0.5217440128326416 
vt 0.3066908121109009 0.49067431688308716 
vt 0.2848812937736511 0.5217440128326416 
vt 0.2848812937736511 0.49067431688308716 
vt 0.2631935775279999 0.5216221809387207 
vt 0.2631935775279999 0.49067431688308716 
vt 0.24150589108467102 0.5216221809387207 
vt 0.24150589108467102 0.49067431688308716 
vt 0.21981818974018097 0.5216221809387207 
vt 0.21981818974018097 0.49067431688308716 
vt 0.41512930393218994 0.49067431688308716 
vt 0.41512930393218994 0.5217440128326416 
vt 0.4369388520717621 0.49067431688308716 
vt 0.4369388520717621 0.5217440128326416 
vt 0.45862653851509094 0.49067431688308716 
vt 0.45862653851509094 0.5217440128326416 
vt 0.4803142547607422 0.49079614877700806 
vt 0.4803142547607422 0.5217440128326416 
vt 0.502001941204071 0.5217440128326416 
vt 0.502001941204071 0.48848116397857666 
vt 0.5236896276473999 0.48848116397857666 
vt 0.5236896276473999 0.5217440128326416 
vt 0.542331337928772 0.48848116397857666 
vt 0.5453773736953735 0.5217440128326416 
vt 0.5670650601387024 0.48848116397857666 
vt 0.5670650601387024 0.5217440128326416 
vt 0.5888745784759521 0.5217440128326416 
vt 0.5919206142425537 0.48848116397857666 
vt 0.610562264919281 0.5217440128326416 
vt 0.610562264919281 0.48848116397857666 
vt 0.6322499513626099 0.5217440128326416 
vt 0.6322499513626099 0.48848116397857666 
vt 0.6539376974105835 0.49079614877700806 
vt 0.6539376974105835 0.48848116397857666 
vt 0.4803142547607422 0.48848116397857666 
vt 0.6539376974105835 0.5217440128326416 
vt 0.6756253838539124 0.5217440128326416 
vt 0.6756253838539124 0.49067431688308716 
vt 0.6973130702972412 0.5217440128326416 
vt 0.6973130702972412 0.49067431688308716 
vt 0.719122588634491 0.5217440128326416 
vt 0.719122588634491 0.49067431688308716 
vt 0.7408103346824646 0.5217440128326416 
vt 0.7408103346824646 0.49067431688308716 
vt 0.7624980211257935 0.5217440128326416 
vt 0.7624980211257935 0.49067431688308716 
vt 0.7841857075691223 0.5217440128326416 
vt 0.7841857075691223 0.49067431688308716 
vt 0.8058733940124512 0.5217440128326416 
vt 0.8058733940124512 0.49067431688308716 
vt 0.82756108045578 0.5217440128326416 
vt 0.82756108045578 0.49067431688308716 
vt 0.8493706583976746 0.5217440128326416 
vt 0.8492488265037537 0.49067431688308716 
vt 0.8710583448410034 0.5216221809387207 
vt 0.8710583448410034 0.49067431688308716 
vt 0.8927460312843323 0.5216221809387207 
vt 0.8927460312843323 0.49067431688308716 
vt 0.9144337177276611 0.5216221809387207 
vt 0.9144337177276611 0.49067431688308716 
vt 0.21811242401599884 0.437185674905777 
vt 0.2192089855670929 0.45668038725852966 
vt 0.20860882103443146 0.4491261839866638 
vt 0.19691208004951477 0.46313801407814026 
vt 0.18655559420585632 0.45302513241767883 
vt 0.1893579363822937 0.47130143642425537 
vt 0.17863593995571136 0.4603356719017029 
vt 0.20873066782951355 0.4726417064666748 
vt 0.22700680792331696 0.4435214698314667 
vt 0.2100709080696106 0.42975330352783203 
vt 0.19934891164302826 0.440597265958786 
vt 0.20251676440238953 0.421468049287796 
vt 0.19094187021255493 0.43121543526649475 
vt 0.19581551849842072 0.41245174407958984 
vt 0.17729568481445312 0.4424248933792114 
vt 0.16913233697414398 0.448882520198822 
vt 0.16913233697414398 0.43133726716041565 
vt 0.18326589465141296 0.4213462173938751 
vt 0.18972346186637878 0.4028262495994568 
vt 0.17644280195236206 0.4108678102493286 
vt 0.1615781933069229 0.4198841154575348 
vt 0.16060346364974976 0.437185674905777 
vt 0.1524401158094406 0.4426685571670532 
vt 0.16121266782283783 0.45509645342826843 
vt 0.1709599494934082 0.46715882420539856 
vt 0.18180380761623383 0.4789774715900421 
vt 0.20154204964637756 0.48214536905288696 
vt 0.21604111790657043 0.49286746978759766 
vt 0.22262053191661835 0.4814143180847168 
vt 0.23102755844593048 0.46301618218421936 
vt 0.23675408959388733 0.44839513301849365 
vt 0.1939879059791565 0.49091801047325134 
vt 0.20799961686134338 0.5033459067344666 
vt 0.1869211196899414 0.4983503520488739 
vt 0.20020179450511932 0.5116311311721802 
vt 0.1138165220618248 0.5781568884849548 
vt 0.10199794918298721 0.5625610947608948 
vt 0.17485886812210083 0.4856787919998169 
vt 0.09066673368215561 0.5468434691429138 
vt 0.1638931781053543 0.4731290638446808 
vt 0.15414589643478394 0.4604575037956238 
vt 0.14512966573238373 0.4475422501564026 
vt 0.06922271847724915 0.5145553350448608 
vt 0.05935359746217728 0.4981066882610321 
vt 0.05021551996469498 0.4814143180847168 
vt 0.07970104366540909 0.5307603478431702 
vt 0.13708814978599548 0.4345051646232605 
vt 0.14452046155929565 0.4301188588142395 
vt 0.1528056412935257 0.42512333393096924 
vt 0.154998779296875 0.40806543827056885 
vt 0.17022891342639923 0.39990201592445374 
vt 0.18411877751350403 0.3925915062427521 
vt 0.17924514412879944 0.38199126720428467 
vt 0.16474606096744537 0.38844889402389526 
vt 0.15987242758274078 0.3767520487308502 
vt 0.17498070001602173 0.3709036409854889 
vt 0.15548615157604218 0.3645678460597992 
vt 0.1712036281824112 0.35932862758636475 
vt 0.15170907974243164 0.35226181149482727 
vt 0.16730472445487976 0.347753643989563 
vt 0.1484193652868271 0.33983391523361206 
vt 0.1640150099992752 0.33617866039276123 
vt 0.1458607017993927 0.32728418707847595 
vt 0.16145636141300201 0.3246036767959595 
vt 0.14391125738620758 0.31485632061958313 
vt 0.12648798525333405 0.31704947352409363 
vt 0.12843744456768036 0.3305739164352417 
vt 0.13123978674411774 0.34397655725479126 
vt 0.1346513330936432 0.35725733637809753 
vt 0.1387939304113388 0.3704162538051605 
vt 0.1435457319021225 0.3833315074443817 
vt 0.14890673756599426 0.3958812355995178 
vt 0.1458607017993927 0.4128172695636749 
vt 0.13964681327342987 0.4001457095146179 
vt 0.13404212892055511 0.38710862398147583 
vt 0.12904664874076843 0.37370598316192627 
vt 0.12478221207857132 0.3600597083568573 
vt 0.12124882638454437 0.34629154205322266 
vt 0.1183246374130249 0.3322797119617462 
vt 0.11174522340297699 0.34848469495773315 
vt 0.11540045589208603 0.3627402186393738 
vt 0.11990857124328613 0.3768738806247711 
vt 0.1250258982181549 0.39064204692840576 
vt 0.13087426126003265 0.40416648983955383 
vt 0.13733184337615967 0.4173254370689392 
vt 0.1297776997089386 0.4212243854999542 
vt 0.041564811021089554 0.4644782841205597 
vt 0.1230764389038086 0.40769991278648376 
vt 0.11710622906684875 0.3938099145889282 
vt 0.11174522340297699 0.3796762526035309 
vt 0.10711526870727539 0.36517706513404846 
vt 0.013541379943490028 0.3941754400730133 
vt 0.007936693727970123 0.37602099776268005 
vt 0.019633429124951363 0.41208621859550476 
vt 0.026212843134999275 0.4298751652240753 
vt 0.0336451455950737 0.4472985565662384 
vt 0.3816230297088623 0.28476133942604065 
vt 0.35506170988082886 0.28878211975097656 
vt 0.3700481355190277 0.2987731695175171 
vt 0.3615192770957947 0.31485632061958313 
vt 0.3448270559310913 0.30791130661964417 
vt 0.3384913206100464 0.3286244571208954 
vt 0.356280118227005 0.3321578800678253 
vt 0.3364200294017792 0.35031232237815857 
vt 0.3544524908065796 0.35031232237815857 
vt 0.356280118227005 0.3683449625968933 
vt 0.3384913206100464 0.37187835574150085 
vt 0.3615192770957947 0.3857683539390564 
vt 0.3448270559310913 0.3925915062427521 
vt 0.35506170988082886 0.4117206931114197 
vt 0.3700481355190277 0.40172964334487915 
vt 0.3816230297088623 0.4157414734363556 
vt 0.36882972717285156 0.4285348951816559 
vt 0.38564378023147583 0.44230303168296814 
vt 0.3956347703933716 0.42731648683547974 
vt 0.4115959405899048 0.43584540486335754 
vt 0.4047728180885315 0.45253777503967285 
vt 0.4254857897758484 0.45887356996536255 
vt 0.42901918292045593 0.441084623336792 
vt 0.44705164432525635 0.4429122507572174 
vt 0.44705164432525635 0.46094486117362976 
vt 0.4687393605709076 0.45887356996536255 
vt 0.46520596742630005 0.441084623336792 
vt 0.4825073778629303 0.43584540486335754 
vt 0.4894523322582245 0.45253777503967285 
vt 0.5085813403129578 0.44230303168296814 
vt 0.4985904097557068 0.42731648683547974 
vt 0.525395393371582 0.4285348951816559 
vt 0.5126020908355713 0.4157414734363556 
vt 0.7376424670219421 0.15987329185009003 
vt 0.7376424670219421 0.16206644475460052 
vt 0.7196099758148193 0.15987329185009003 
vt 0.7196099758148193 0.16206644475460052 
vt 0.36882972717285156 0.27196791768074036 
vt 0.38564378023147583 0.2581997811794281 
vt 0.3956347703933716 0.2731863558292389 
vt 0.4115959405899048 0.2646574079990387 
vt 0.4047728180885315 0.24796505272388458 
vt 0.42901918292045593 0.25941818952560425 
vt 0.4254857897758484 0.24162927269935608 
vt 0.44705164432525635 0.25759056210517883 
vt 0.44705164432525635 0.23955795168876648 
vt 0.4687393605709076 0.24162927269935608 
vt 0.46520596742630005 0.25941818952560425 
vt 0.4825073778629303 0.2646574079990387 
vt 0.4894523322582245 0.24796505272388458 
vt 0.5085813403129578 0.2581997811794281 
vt 0.4985904097557068 0.2731863558292389 
vt 0.525395393371582 0.27196791768074036 
vt 0.5126020908355713 0.28476133942604065 
vt 0.3375166058540344 0.7975943088531494 
vt 0.3313027024269104 0.7913803458213806 
vt 0.2574670612812042 0.8308571577072144 
vt 0.29804012179374695 0.7812674641609192 
vt 0.3425120711326599 0.805026650428772 
vt 0.34580180048942566 0.8131901025772095 
vt 0.3476293981075287 0.8219627141952515 
vt 0.3476293981075287 0.8307353258132935 
vt 0.25917282700538635 0.8395079374313354 
vt 0.262584388256073 0.847671389579773 
vt 0.2675798535346985 0.8551037311553955 
vt 0.3313027024269104 0.8613176941871643 
vt 0.29804012179374695 0.8714305758476257 
vt 0.3157070577144623 0.8697247505187988 
vt 0.30693450570106506 0.8714305758476257 
vt 0.34580180048942566 0.8395079374313354 
vt 0.3425120711326599 0.847671389579773 
vt 0.3375166058540344 0.8551037311553955 
vt 0.3238704204559326 0.8663132190704346 
vt 0.28938940167427063 0.8697247505187988 
vt 0.2812260687351227 0.8663132190704346 
vt 0.2737937569618225 0.8613176941871643 
vt 0.2574670612812042 0.8219627141952515 
vt 0.25917282700538635 0.8131901025772095 
vt 0.2674580216407776 0.7975943088531494 
vt 0.2737937569618225 0.7913803458213806 
vt 0.2812260687351227 0.7863848805427551 
vt 0.28938940167427063 0.7829732894897461 
vt 0.262584388256073 0.805026650428772 
vt 0.3238704204559326 0.7863848805427551 
vt 0.3157070577144623 0.7829732894897461 
vt 0.30693450570106506 0.7812674641609192 
vt 0.6808645129203796 0.9774330854415894 
vt 0.6774529814720154 0.9596441984176636 
vt 0.6990188360214233 0.9756054878234863 
vt 0.6990188360214233 0.957572877407074 
vt 0.7205846905708313 0.9597660303115845 
vt 0.7170513272285461 0.9774330854415894 
vt 0.7384953498840332 0.9650052189826965 
vt 0.9369743466377258 0.2434569001197815 
vt 0.924302875995636 0.2434569001197815 
vt 0.9369743466377258 0.23456242680549622 
vt 0.924302875995636 0.23456242680549622 
vt 0.924302875995636 0.2522295117378235 
vt 0.9369743466377258 0.2522295117378235 
vt 0.924302875995636 0.26112398505210876 
vt 0.9369743466377258 0.26112398505210876 
vt 0.924302875995636 0.27001845836639404 
vt 0.9369743466377258 0.27001845836639404 
vt 0.924302875995636 0.2789129316806793 
vt 0.9369743466377258 0.2789129316806793 
vt 0.924302875995636 0.2878073751926422 
vt 0.9369743466377258 0.2878073751926422 
vt 0.924302875995636 0.2967018485069275 
vt 0.9369743466377258 0.2967018485069275 
vt 0.924302875995636 0.30547448992729187 
vt 0.9369743466377258 0.30547448992729187 
vt 0.924302875995636 0.31436893343925476 
vt 0.9369743466377258 0.31436893343925476 
vt 0.924302875995636 0.32326340675354004 
vt 0.9369743466377258 0.32326340675354004 
vt 0.9369743466377258 0.3321578800678253 
vt 0.924302875995636 0.3321578800678253 
vt 0.9369743466377258 0.3410523533821106 
vt 0.924302875995636 0.3410523533821106 
vt 0.9369743466377258 0.3499467968940735 
vt 0.924302875995636 0.3499467968940735 
vt 0.9369743466377258 0.35884127020835876 
vt 0.924302875995636 0.35884127020835876 
vt 0.9369743466377258 0.36761391162872314 
vt 0.924302875995636 0.36761391162872314 
vt 0.9369743466377258 0.37650835514068604 
vt 0.924302875995636 0.37650835514068604 
vt 0.9369743466377258 0.3854028284549713 
vt 0.924302875995636 0.3854028284549713 
vt 0.9369743466377258 0.3942973017692566 
vt 0.924302875995636 0.3942973017692566 
vt 0.9369743466377258 0.40319177508354187 
vt 0.924302875995636 0.40319177508354187 
vt 0.9369743466377258 0.41208621859550476 
vt 0.924302875995636 0.41208621859550476 
vt 0.9369743466377258 0.42098069190979004 
vt 0.924302875995636 0.42098069190979004 
vt 0.9369743466377258 0.42975330352783203 
vt 0.924302875995636 0.42975330352783203 
vt 0.9369743466377258 0.4386477768421173 
vt 0.924302875995636 0.4386477768421173 
vt 0.9369743466377258 0.4475422501564026 
vt 0.924302875995636 0.4475422501564026 
vt 0.9369743466377258 0.45643672347068787 
vt 0.924302875995636 0.45643672347068787 
vt 0.9369743466377258 0.46533119678497314 
vt 0.924302875995636 0.46533119678497314 
vt 0.8594834208488464 0.19386720657348633 
vt 0.884095311164856 0.19118668138980865 
vt 0.8621639609336853 0.18862800300121307 
vt 0.884095311164856 0.18862800300121307 
vt 0.8626512885093689 0.18022090196609497 
vt 0.9054175019264221 0.18022090196609497 
vt 0.9060267210006714 0.18862800300121307 
vt 0.9087072014808655 0.19386720657348633 
vt 0.9369743466377258 0.22566796839237213 
vt 0.924302875995636 0.22566796839237213 
vt 0.9369743466377258 0.21677349507808685 
vt 0.924302875995636 0.21677349507808685 
vt 0.9369743466377258 0.20787903666496277 
vt 0.924302875995636 0.20787903666496277 
vt 0.9369743466377258 0.1989845633506775 
vt 0.924302875995636 0.1989845633506775 
vt 0.9369743466377258 0.1900901049375534 
vt 0.924302875995636 0.1900901049375534 
vt 0.9369743466377258 0.18131747841835022 
vt 0.924302875995636 0.18131747841835022 
vt 0.17169100046157837 0.24370057880878448 
vt 0.17169100046157837 0.22554612159729004 
vt 0.17400597035884857 0.24370057880878448 
vt 0.17400597035884857 0.22554612159729004 
vt 0.3683423697948456 0.3068147301673889 
vt 0.39636579155921936 0.3088860511779785 
vt 0.36882972717285156 0.30766764283180237 
vt 0.3910048007965088 0.31692761182785034 
vt 0.37321600317955017 0.3160747289657593 
vt 0.3676113188266754 0.31656208634376526 
vt 0.36956077814102173 0.32545655965805054 
vt 0.3632250428199768 0.32545655965805054 
vt 0.3633469045162201 0.33191418647766113 
vt 0.3626158535480499 0.32545655965805054 
vt 0.3627376854419708 0.33191418647766113 
vt 0.36688026785850525 0.3409304916858673 
vt 0.3676113188266754 0.3408086597919464 
vt 0.3696826100349426 0.33191418647766113 
vt 0.370657354593277 0.33191418647766113 
vt 0.3705355226993561 0.32545655965805054 
vt 0.37382522225379944 0.3171713054180145 
vt 0.3901519179344177 0.3176586925983429 
vt 0.3907611072063446 0.34044313430786133 
vt 0.38990822434425354 0.33959025144577026 
vt 0.37321600317955017 0.3411741852760315 
vt 0.37382522225379944 0.34019944071769714 
vt 0.36688026785850525 0.31644025444984436 
vt 0.36882972717285156 0.3495812714099884 
vt 0.3682205379009247 0.35043418407440186 
vt 0.39636579155921936 0.34860655665397644 
vt 0.3970968425273895 0.30803316831588745 
vt 0.3970968425273895 0.3494594395160675 
vt 0.6197003722190857 0.9576947093009949 
vt 0.6161669492721558 0.9753617644309998 
vt 0.6377328038215637 0.959400475025177 
vt 0.6378546357154846 0.9774330854415894 
vt 0.6594205498695374 0.9753617644309998 
vt 0.6558871269226074 0.957572877407074 
vt 0.6773311495780945 0.9701225757598877 
vt 0.6055667996406555 0.2243277132511139 
vt 0.6059322953224182 0.21506771445274353 
vt 0.5976471304893494 0.2157987654209137 
vt 0.5980126857757568 0.20544219017028809 
vt 0.6070289015769958 0.20617324113845825 
vt 0.5980126857757568 0.2008122056722641 
vt 0.6070289015769958 0.20020298659801483 
vt 0.6059322953224182 0.19118668138980865 
vt 0.5976471304893494 0.1904556304216385 
vt 0.6056886315345764 0.1819266825914383 
vt 0.5974034667015076 0.1816830039024353 
vt 0.5677961111068726 0.18558195233345032 
vt 0.5634098052978516 0.16852407157421112 
vt 0.5692581534385681 0.2031272053718567 
vt 0.5677961111068726 0.22067244350910187 
vt 0.5974034667015076 0.22457139194011688 
vt 0.5634098052978516 0.23773032426834106 
vt 0.5673087239265442 0.9517244696617126 
vt 0.5670650601387024 0.9764583706855774 
vt 0.5210091471672058 0.949653148651123 
vt 0.5377013683319092 0.9823067784309387 
vt 0.5680397748947144 0.9823067784309387 
vt 0.5385542511940002 0.9905920624732971 
vt 0.5676742196083069 0.9905920624732971 
vt 0.48141083121299744 0.2814716100692749 
vt 0.49688461422920227 0.2856142222881317 
vt 0.5004180073738098 0.32509103417396545 
vt 0.5093123912811279 0.3242381513118744 
vt 0.5010272264480591 0.3328889310359955 
vt 0.5094342231750488 0.3324015736579895 
vt 0.5156481266021729 0.3242381513118744 
vt 0.5152826309204102 0.3325234055519104 
vt 0.5246644020080566 0.32509103417396545 
vt 0.5240551829338074 0.33325445652008057 
vt 0.5126020908355713 0.28707632422447205 
vt 0.5283195972442627 0.2856142222881317 
vt 0.5437934398651123 0.2814716100692749 
vt 0.205684632062912 0.6484597325325012 
vt 0.25198420882225037 0.6463884115219116 
vt 0.20592832565307617 0.673193633556366 
vt 0.2352920025587082 0.6790420413017273 
vt 0.20483174920082092 0.6790420413017273 
vt 0.23443911969661713 0.6874491572380066 
vt 0.2053191065788269 0.6874491572380066 
vt 0.8934770822525024 0.12953463196754456 
vt 0.8931115865707397 0.13769803941249847 
vt 0.909925639629364 0.13026568293571472 
vt 0.9095600843429565 0.13842909038066864 
vt 0.9143118858337402 0.17827142775058746 
vt 0.8680123090744019 0.17827142775058746 
vt 0.5366048216819763 0.40587228536605835 
vt 0.5366048216819763 0.41403570771217346 
vt 0.5597546100616455 0.40587228536605835 
vt 0.5597546100616455 0.41403570771217346 
vt 0.5481796860694885 0.44205936789512634 
vt 0.5648719072341919 0.4436433017253876 
vt 0.5802238583564758 0.44851699471473694 
vt 0.5314874649047852 0.4436433017253876 
vt 0.5161355137825012 0.44851699471473694 
vt 0.9054175019264221 0.4346269965171814 
vt 0.8892126679420471 0.4320683181285858 
vt 0.9067577719688416 0.4259762167930603 
vt 0.8665502071380615 0.4281693696975708 
vt 0.8420602083206177 0.4157414734363556 
vt 0.8404762744903564 0.42317384481430054 
vt 0.9079761505126953 0.4175691306591034 
vt 0.9041990637779236 0.4425467252731323 
vt 0.8878723978996277 0.43998804688453674 
vt 0.8865321278572083 0.44827330112457275 
vt 0.9029806852340698 0.45071014761924744 
vt 0.8853137493133545 0.45655855536460876 
vt 0.9017622470855713 0.45899540185928345 
vt 0.8843390345573425 0.4644782841205597 
vt 0.9006657004356384 0.4669151306152344 
vt 0.9091945886611938 0.4090401828289032 
vt 0.84449702501297 0.4006330668926239 
vt 0.8434004187583923 0.40818727016448975 
vt 0.9101693034172058 0.400511234998703 
vt 0.8455935716629028 0.39307886362075806 
vt 0.9110221862792969 0.3919822871685028 
vt 0.846324622631073 0.3855246603488922 
vt 0.8371865153312683 0.3919822871685028 
vt 0.8362118005752563 0.39941465854644775 
vt 0.8351152539253235 0.4067251682281494 
vt 0.833774983882904 0.41403570771217346 
vt 0.8321910500526428 0.4213462173938751 
vt 0.822931170463562 0.4192748963832855 
vt 0.8243932127952576 0.41220808029174805 
vt 0.8256116509437561 0.4051412343978882 
vt 0.826708197593689 0.3980743885040283 
vt 0.8276829123497009 0.39088571071624756 
vt 0.8380393981933594 0.38467177748680115 
vt 0.8285358548164368 0.3836970329284668 
vt 0.8387704491615295 0.3772394061088562 
vt 0.8292668461799622 0.37638652324676514 
vt 0.8393796682357788 0.36992889642715454 
vt 0.8298760652542114 0.3691978454589844 
vt 0.8303634524345398 0.3621309995651245 
vt 0.8397452235221863 0.3624965250492096 
vt 0.8304852843284607 0.35494232177734375 
vt 0.8399888873100281 0.35518601536750793 
vt 0.8304852843284607 0.347753643989563 
vt 0.840110719203949 0.347753643989563 
vt 0.8303634524345398 0.34032130241394043 
vt 0.840110719203949 0.34032130241394043 
vt 0.8302416205406189 0.3328889310359955 
vt 0.840110719203949 0.3327670991420746 
vt 0.8298760652542114 0.32545655965805054 
vt 0.8398670554161072 0.32509103417396545 
vt 0.8295105695724487 0.3177805244922638 
vt 0.8396233320236206 0.3174149990081787 
vt 0.8393796682357788 0.3097389340400696 
vt 0.8293887376785278 0.31010445952415466 
vt 0.8390141725540161 0.30218473076820374 
vt 0.8291450142860413 0.3026721179485321 
vt 0.8386486172676086 0.2946305274963379 
vt 0.8289013504981995 0.29523974657058716 
vt 0.8380393981933594 0.28719818592071533 
vt 0.8284139633178711 0.2879292368888855 
vt 0.8374302387237549 0.2797658145427704 
vt 0.8279266357421875 0.28074055910110474 
vt 0.8366991877555847 0.2724553048610687 
vt 0.8273174166679382 0.273551881313324 
vt 0.8357244729995728 0.2651447653770447 
vt 0.8263427019119263 0.2664850354194641 
vt 0.8252460956573486 0.25941818952560425 
vt 0.8346278667449951 0.2579560875892639 
vt 0.823905885219574 0.2523513734340668 
vt 0.8332876563072205 0.25064557790756226 
vt 0.8225656151771545 0.2452845275402069 
vt 0.8318255543708801 0.2433350533246994 
vt 0.8208598494529724 0.23833954334259033 
vt 0.8302416205406189 0.23602454364299774 
vt 0.8190322518348694 0.23151639103889465 
vt 0.8282921314239502 0.22883586585521698 
vt 0.8168390989303589 0.22469323873519897 
vt 0.8260990381240845 0.22152534127235413 
vt 0.8142804503440857 0.2181137651205063 
vt 0.8232966661453247 0.21409298479557037 
vt 0.8345060348510742 0.21872296929359436 
vt 0.8321910500526428 0.21092508733272552 
vt 0.8586305379867554 0.2048329859972 
vt 0.899325430393219 0.20446746051311493 
vt 0.881292998790741 0.19947193562984467 
vt 0.897497832775116 0.19593851268291473 
vt 0.9011530876159668 0.21287456154823303 
vt 0.8365773558616638 0.2265208661556244 
vt 0.8384049534797668 0.23407506942749023 
vt 0.840110719203949 0.241507425904274 
vt 0.8415728211402893 0.24906162917613983 
vt 0.9057829976081848 0.23821769654750824 
vt 0.9043209552764893 0.22981059551239014 
vt 0.9028588533401489 0.22128166258335114 
vt 0.8427911996841431 0.25661584734916687 
vt 0.8438878059387207 0.26404818892478943 
vt 0.8448625206947327 0.2714805603027344 
vt 0.9071232676506042 0.24662479758262634 
vt 0.9083417057991028 0.25515374541282654 
vt 0.9094382524490356 0.26356083154678345 
vt 0.8457154035568237 0.2790347635746002 
vt 0.8464464545249939 0.28646713495254517 
vt 0.9104129672050476 0.27208977937698364 
vt 0.9112658500671387 0.28061869740486145 
vt 0.9119969010353088 0.28914764523506165 
vt 0.8470556735992432 0.2941431701183319 
vt 0.9126061201095581 0.29779842495918274 
vt 0.8475430011749268 0.30169737339019775 
vt 0.9130935072898865 0.30632737278938293 
vt 0.8480303883552551 0.3093734085559845 
vt 0.9135808348655701 0.31497815251350403 
vt 0.8482740521430969 0.3171713054180145 
vt 0.8485177755355835 0.32484737038612366 
vt 0.913702666759491 0.3235071003437042 
vt 0.8486396074295044 0.3325234055519104 
vt 0.9138245582580566 0.3321578800678253 
vt 0.8486396074295044 0.34019944071769714 
vt 0.9138245582580566 0.3406868278980255 
vt 0.8485177755355835 0.3478755056858063 
vt 0.9135808348655701 0.3493376076221466 
vt 0.9133371710777283 0.3578665256500244 
vt 0.8483958840370178 0.3554297089576721 
vt 0.9129716157913208 0.3663954734802246 
vt 0.8480303883552551 0.36298391222953796 
vt 0.8476648926734924 0.3704162538051605 
vt 0.9124842882156372 0.3749244213104248 
vt 0.8470556735992432 0.37797045707702637 
vt 0.911753237247467 0.383453369140625 
vt 0.8212253451347351 0.4262199103832245 
vt 0.8304852843284607 0.4286567270755768 
vt 0.8191540837287903 0.43304306268692017 
vt 0.8284139633178711 0.43596726655960083 
vt 0.8387704491615295 0.43084990978240967 
vt 0.8368210196495056 0.4384041130542755 
vt 0.8628950119018555 0.444983571767807 
vt 0.8343842029571533 0.44620198011398315 
vt 0.8608236908912659 0.4535125195980072 
vt 0.8583868741989136 0.4617977738380432 
vt 0.8314599990844727 0.4541217088699341 
vt 0.8259771466255188 0.4431559443473816 
vt 0.8169609308242798 0.43974435329437256 
vt 0.822931170463562 0.45046645402908325 
vt 0.8648444414138794 0.4365764558315277 
vt 0.8142804503440857 0.44620198011398315 
vt 0.7244836091995239 0.23797400295734406 
vt 0.7497047185897827 0.27854740619659424 
vt 0.7709050178527832 0.23797400295734406 
vt 0.7661532163619995 0.2778163552284241 
vt 0.7500702142715454 0.28671079874038696 
vt 0.766518771648407 0.2859797477722168 
vt 0.7345964312553406 0.4064815044403076 
vt 0.7192444801330566 0.4218335747718811 
vt 0.7149800062179565 0.3903983533382416 
vt 0.7026740908622742 0.4027043879032135 
vt 0.7012119889259338 0.43389594554901123 
vt 0.6891497373580933 0.4113551676273346 
vt 0.6811082363128662 0.44218119978904724 
vt 0.6736758947372437 0.4176909625530243 
vt 0.7466586828231812 0.38844889402389526 
vt 0.7241181135177612 0.37650835514068604 
vt 0.730697512626648 0.36103442311286926 
vt 0.75494384765625 0.3684667944908142 
vt 0.7339872121810913 0.34458574652671814 
vt 0.7592083215713501 0.3471444547176361 
vt 0.7592083215713501 0.32545655965805054 
vt 0.7339872121810913 0.3278934061527252 
vt 0.730697512626648 0.3114447295665741 
vt 0.75494384765625 0.30413421988487244 
vt 0.7466586828231812 0.2840302884578705 
vt 0.7242399454116821 0.2960926294326782 
vt 0.7149800062179565 0.2820807993412018 
vt 0.7345964312553406 0.26599767804145813 
vt 0.7192444801330566 0.25064557790756226 
vt 0.7031614184379578 0.2702621519565582 
vt 0.6892715692520142 0.26100215315818787 
vt 0.7012119889259338 0.23858322203159332 
vt 0.6811082363128662 0.2302979677915573 
vt 0.6737977862358093 0.25454452633857727 
vt 0.6573492288589478 0.2513766288757324 
vt 0.659907877445221 0.22603349387645721 
vt 0.6380983591079712 0.22603349387645721 
vt 0.6406570076942444 0.2513766288757324 
vt 0.6168980002403259 0.2302979677915573 
vt 0.6242084503173828 0.25454452633857727 
vt 0.608734667301178 0.26100215315818787 
vt 0.5967942476272583 0.23858322203159332 
vt 0.5948448181152344 0.2702621519565582 
vt 0.5787617564201355 0.25064557790756226 
vt 0.5634098052978516 0.26599767804145813 
vt 0.5830262303352356 0.2820807993412018 
vt 0.57376629114151 0.2959707975387573 
vt 0.551347553730011 0.2840302884578705 
vt 0.5430623888969421 0.30413421988487244 
vt 0.5673087239265442 0.3114447295665741 
vt 0.5640190243721008 0.3278934061527252 
vt 0.538797914981842 0.32545655965805054 
vt 0.538797914981842 0.3471444547176361 
vt 0.5640190243721008 0.34458574652671814 
vt 0.5673087239265442 0.36103442311286926 
vt 0.5430623888969421 0.3684667944908142 
vt 0.551347553730011 0.38844889402389526 
vt 0.57376629114151 0.37650835514068604 
vt 0.5830262303352356 0.3903983533382416 
vt 0.5634098052978516 0.4064815044403076 
vt 0.5787617564201355 0.4218335747718811 
vt 0.5948448181152344 0.4022170305252075 
vt 0.5967942476272583 0.43389594554901123 
vt 0.6088564991950989 0.4114770293235779 
vt 0.6242084503173828 0.4179346561431885 
vt 0.6168980002403259 0.44218119978904724 
vt 0.6380983591079712 0.44644567370414734 
vt 0.6412662267684937 0.4213462173938751 
vt 0.659907877445221 0.44644567370414734 
vt 0.6573492288589478 0.42098069190979004 
vt 0.6870784163475037 0.366882860660553 
vt 0.6959728002548218 0.3579883873462677 
vt 0.6766000986099243 0.37382784485816956 
vt 0.6650252342224121 0.37870150804519653 
vt 0.652719259262085 0.3811383545398712 
vt 0.7102282047271729 0.3109573721885681 
vt 0.5826606750488281 0.3235071003437042 
vt 0.640169620513916 0.253447949886322 
vt 0.6870784163475037 0.26770344376564026 
vt 0.652719259262085 0.253447949886322 
vt 0.6650252342224121 0.2558847963809967 
vt 0.6766000986099243 0.2607584595680237 
vt 0.7030395865440369 0.3475099802017212 
vt 0.7077913880348206 0.33593496680259705 
vt 0.7102282047271729 0.3235071003437042 
vt 0.6959728002548218 0.27659791707992554 
vt 0.702917754650116 0.28707632422447205 
vt 0.7077913880348206 0.2986513376235962 
vt 0.6278637051582336 0.2558847963809967 
vt 0.6161669492721558 0.2607584595680237 
vt 0.5967942476272583 0.27659791707992554 
vt 0.5898492932319641 0.28707632422447205 
vt 0.5850974917411804 0.2986513376235962 
vt 0.5826606750488281 0.3109573721885681 
vt 0.6056886315345764 0.26770344376564026 
vt 0.5850974917411804 0.33593496680259705 
vt 0.5898492932319641 0.3475099802017212 
vt 0.5969160795211792 0.3579883873462677 
vt 0.6056886315345764 0.366882860660553 
vt 0.6278637051582336 0.37870150804519653 
vt 0.6161669492721558 0.37382784485816956 
vt 0.640169620513916 0.3811383545398712 
vt 0.10894288122653961 0.7917459011077881 
vt 0.10894288122653961 0.7659153938293457 
vt 0.08542756736278534 0.7917459011077881 
vt 0.08542756736278534 0.7659153938293457 
vt 0.740566611289978 0.957572877407074 
vt 0.740566611289978 0.9809665083885193 
vt 0.7663969397544861 0.957572877407074 
vt 0.7663969397544861 0.9809665083885193 
vt 0.33910053968429565 0.8733800649642944 
vt 0.17437149584293365 0.8733800649642944 
vt 0.33910053968429565 0.8993324041366577 
vt 0.17437149584293365 0.8993324041366577 
vt 0.7973445057868958 0.8869044780731201 
vt 0.6326155066490173 0.8869044780731201 
vt 0.7973445057868958 0.9127349853515625 
vt 0.6326155066490173 0.9127349853515625 
vt 0.926130473613739 0.9295492172241211 
vt 0.926130473613739 0.7648188471794128 
vt 0.9026151299476624 0.9295492172241211 
vt 0.9026151299476624 0.7648188471794128 
vt 0.7973445057868958 0.9148063063621521 
vt 0.6326155066490173 0.9148063063621521 
vt 0.7973445057868958 0.9381999969482422 
vt 0.6326155066490173 0.9381999969482422 
vt 0.41062119603157043 0.21104693412780762 
vt 0.41013383865356445 0.22298744320869446 
vt 0.4137890636920929 0.20861008763313293 
vt 0.42146503925323486 0.22298744320869446 
vt 0.4178098142147064 0.20861008763313293 
vt 0.4209776818752289 0.21104693412780762 
vt 0.04119928553700447 0.5050516724586487 
vt 0.04119928553700447 0.49311116337776184 
vt 0.02767493575811386 0.5050516724586487 
vt 0.02767493575811386 0.49311116337776184 
vt 0.02767493575811386 0.48896852135658264 
vt 0.04119928553700447 0.48896852135658264 
vt 0.04119928553700447 0.4850695729255676 
vt 0.02767493575811386 0.4850695729255676 
vt 0.02767493575811386 0.4810487926006317 
vt 0.04119928553700447 0.4810487926006317 
vt 0.04119928553700447 0.4691082835197449 
vt 0.02767493575811386 0.4691082835197449 
vt 0.22481366991996765 0.15036961436271667 
vt 0.22249870002269745 0.14720171689987183 
vt 0.23687593638896942 0.15085698664188385 
vt 0.22249870002269745 0.1431809365749359 
vt 0.23687593638896942 0.1395256668329239 
vt 0.22481366991996765 0.14001303911209106 
vt 0.6923176050186157 0.3645678460597992 
vt 0.7042580246925354 0.3645678460597992 
vt 0.6923176050186157 0.3857683539390564 
vt 0.710106372833252 0.3857683539390564 
vt 0.710106372833252 0.3645678460597992 
vt 0.710106372833252 0.3579883873462677 
vt 0.7042580246925354 0.3579883873462677 
vt 0.9479399919509888 0.14939486980438232 
vt 0.9598804116249084 0.14939486980438232 
vt 0.9479399919509888 0.17047354578971863 
vt 0.9598804116249084 0.17047354578971863 
vt 0.5999621152877808 0.3640804886817932 
vt 0.5999621152877808 0.38515913486480713 
vt 0.5880216956138611 0.3640804886817932 
vt 0.5821733474731445 0.38515913486480713 
vt 0.5821733474731445 0.3640804886817932 
vt 0.5880216956138611 0.35750100016593933 
vt 0.5821733474731445 0.35750100016593933 
vt 0.6089783310890198 0.22530244290828705 
vt 0.6089783310890198 0.20410193502902985 
vt 0.630178689956665 0.22530244290828705 
vt 0.630178689956665 0.20410193502902985 
vt 0.6350523233413696 0.22091613709926605 
vt 0.6350523233413696 0.20861008763313293 
vt 0.8178138136863708 0.7008517384529114 
vt 0.8178138136863708 0.6797730922698975 
vt 0.8388923406600952 0.7008517384529114 
vt 0.8388923406600952 0.6797730922698975 
vt 0.9803497195243835 0.32082656025886536 
vt 0.9625609517097473 0.32082656025886536 
vt 0.9803497195243835 0.29974791407585144 
vt 0.9625609517097473 0.29974791407585144 
vt 0.4755624532699585 0.21945402026176453 
vt 0.46971407532691956 0.21945402026176453 
vt 0.4755624532699585 0.2071479856967926 
vt 0.46971407532691956 0.2071479856967926 
vt 0.6385856866836548 0.07202520966529846 
vt 0.6385856866836548 0.050946541130542755 
vt 0.6434593796730042 0.06763889640569687 
vt 0.6434593796730042 0.05533285066485405 
vt 0.3833288252353668 0.38065099716186523 
vt 0.38564378023147583 0.3862557113170624 
vt 0.37808966636657715 0.3774830996990204 
vt 0.371997594833374 0.37797045707702637 
vt 0.3673676550388336 0.38199126720428467 
vt 0.3656618595123291 0.3774830996990204 
vt 0.362981379032135 0.3793107271194458 
vt 0.3626158535480499 0.38260045647621155 
vt 0.3659055531024933 0.387839674949646 
vt 0.3682205379009247 0.3935662508010864 
vt 0.3795517385005951 0.3962467610836029 
vt 0.37345969676971436 0.3967341482639313 
vt 0.3841817080974579 0.392225980758667 
vt 0.8656973242759705 0.20032483339309692 
vt 0.8593615889549255 0.20032483339309692 
vt 0.8656973242759705 0.19618220627307892 
vt 0.8593615889549255 0.19618220627307892 
vt 0.8561937212944031 0.19618220627307892 
vt 0.8561937212944031 0.20032483339309692 
vt 0.8529040217399597 0.19618220627307892 
vt 0.8529040217399597 0.20032483339309692 
vt 0.8465682864189148 0.20032483339309692 
vt 0.8465682864189148 0.19618220627307892 
vt 0.22895626723766327 0.08433125168085098 
vt 0.22310790419578552 0.0861588791012764 
vt 0.2261539250612259 0.08993598073720932 
vt 0.22310790419578552 0.09127624332904816 
vt 0.22018371522426605 0.08993598073720932 
vt 0.21738137304782867 0.08433125168085098 
vt 0.8854355812072754 0.91310054063797 
vt 0.8854355812072754 0.9068865776062012 
vt 0.8811711668968201 0.91310054063797 
vt 0.8125746846199036 0.9068865776062012 
vt 0.8854355812072754 0.900794506072998 
vt 0.8125746846199036 0.900794506072998 
vt 0.8125746846199036 0.8947023749351501 
vt 0.8854355812072754 0.8947023749351501 
vt 0.8854355812072754 0.888610303401947 
vt 0.8125746846199036 0.888610303401947 
vt 0.8854355812072754 0.8823963403701782 
vt 0.8125746846199036 0.8823963403701782 
vt 0.8854355812072754 0.8763042688369751 
vt 0.8125746846199036 0.8763042688369751 
vt 0.8854355812072754 0.8702121376991272 
vt 0.8125746846199036 0.8702121376991272 
vt 0.8811711668968201 0.8641200661659241 
vt 0.8125746846199036 0.8641200661659241 
vt 0.8811711668968201 0.8580279350280762 
vt 0.8125746846199036 0.8580279350280762 
vt 0.8854355812072754 0.8641200661659241 
vt 0.8125746846199036 0.91310054063797 
vt 0.8125746846199036 0.9191926121711731 
vt 0.8811711668968201 0.9191926121711731 
vt 0.9966763854026794 0.2090974599123001 
vt 0.9966763854026794 0.2904879152774811 
vt 0.9933866858482361 0.2090974599123001 
vt 0.9933866858482361 0.2904879152774811 
vt 0.9902188181877136 0.2090974599123001 
vt 0.9902188181877136 0.2904879152774811 
vt 0.9869291186332703 0.2090974599123001 
vt 0.9869291186332703 0.2904879152774811 
vt 0.9836394190788269 0.2090974599123001 
vt 0.9836394190788269 0.2904879152774811 
vt 0.44412747025489807 0.46325987577438354 
vt 0.4705669581890106 0.46325987577438354 
vt 0.4384009540081024 0.48421669006347656 
vt 0.493960440158844 0.48421669006347656 
vt 0.493960440158844 0.4605793356895447 
vt 0.4705669581890106 0.4605793356895447 
vt 0.924302875995636 0.6633244156837463 
vt 0.9502549767494202 0.6633244156837463 
vt 0.924302875995636 0.6867181062698364 
vt 0.9502549767494202 0.6867181062698364 
vt 0.466180682182312 0.5474526882171631 
vt 0.466180682182312 0.5448939800262451 
vt 0.4895741641521454 0.5474526882171631 
vt 0.4895741641521454 0.5238153338432312 
vt 0.4340146780014038 0.5238153338432312 
vt 0.43974119424819946 0.5448939800262451 
vt 0.14951594173908234 0.5796189904212952 
vt 0.14951594173908234 0.5537884831428528 
vt 0.1731530874967575 0.5796189904212952 
vt 0.1731530874967575 0.5537884831428528 
vt 0.5632879734039307 0.21409298479557037 
vt 0.5632879734039307 0.188262477517128 
vt 0.5659684538841248 0.21409298479557037 
vt 0.5659684538841248 0.188262477517128 
vt 0.8173264861106873 0.10467886179685593 
vt 0.7914961576461792 0.10467886179685593 
vt 0.8173264861106873 0.07836098968982697 
vt 0.7914961576461792 0.07836098968982697 
vt 0.8173264861106873 0.05655127018690109 
vt 0.7914961576461792 0.05655127018690109 
vt 0.7914961576461792 0.0009913200046867132 
vt 0.8173264861106873 0.0009913200046867132 
vt 0.7762660384178162 0.2624642550945282 
vt 0.7762660384178162 0.23358769714832306 
vt 0.7732200026512146 0.2624642550945282 
vt 0.7732200026512146 0.23358769714832306 
vt 0.5676742196083069 0.32070472836494446 
vt 0.5676742196083069 0.3495812714099884 
vt 0.5708420872688293 0.32070472836494446 
vt 0.5708420872688293 0.3495812714099884 
vt 0.9087072014808655 0.22505876421928406 
vt 0.9087072014808655 0.19618220627307892 
vt 0.9056611657142639 0.22505876421928406 
vt 0.9056611657142639 0.19618220627307892 
vt 0.33946606516838074 0.5238153338432312 
vt 0.33946606516838074 0.5526918768882751 
vt 0.3426339328289032 0.5238153338432312 
vt 0.3426339328289032 0.5526918768882751 
vt 0.8215909004211426 0.34458574652671814 
vt 0.81769198179245 0.34458574652671814 
vt 0.8215909004211426 0.3578665256500244 
vt 0.81769198179245 0.3578665256500244 
vt 0.8215909004211426 0.3710254728794098 
vt 0.81769198179245 0.3710254728794098 
vt 0.8215909004211426 0.38430625200271606 
vt 0.81769198179245 0.38430625200271606 
vt 0.8215909004211426 0.39758703112602234 
vt 0.81769198179245 0.39758703112602234 
vt 0.8215909004211426 0.4107459783554077 
vt 0.81769198179245 0.4107459783554077 
vt 0.81769198179245 0.33142682909965515 
vt 0.8215909004211426 0.33142682909965515 
vt 0.81769198179245 0.3181460499763489 
vt 0.8215909004211426 0.3181460499763489 
vt 0.81769198179245 0.3048652708530426 
vt 0.8215909004211426 0.3048652708530426 
vt 0.81769198179245 0.2917063236236572 
vt 0.8215909004211426 0.2917063236236572 
vt 0.81769198179245 0.27842554450035095 
vt 0.8215909004211426 0.27842554450035095 
vt 0.81769198179245 0.2651447653770447 
vt 0.8215909004211426 0.2651447653770447 
vt 0.81769198179245 0.2519858479499817 
vt 0.8215909004211426 0.2519858479499817 
vt 0.47665902972221375 0.9676857590675354 
vt 0.46995776891708374 0.9562326073646545 
vt 0.47665902972221375 0.9809665083885193 
vt 0.45850470662117004 0.949653148651123 
vt 0.4453458786010742 0.949653148651123 
vt 0.4338928163051605 0.9924196600914001 
vt 0.4271915853023529 0.9676857590675354 
vt 0.4271915853023529 0.9809665083885193 
vt 0.46995776891708374 0.9924196600914001 
vt 0.45850470662117004 0.9989991188049316 
vt 0.4453458786010742 0.9989991188049316 
vt 0.4337709844112396 0.9562326073646545 
vt 0.47860848903656006 0.9676857590675354 
vt 0.47860848903656006 0.9809665083885193 
vt 0.4851878881454468 0.9562326073646545 
vt 0.5279541015625 0.9676857590675354 
vt 0.5099216103553772 0.949653148651123 
vt 0.5213746428489685 0.9562326073646545 
vt 0.4966409504413605 0.949653148651123 
vt 0.4851878881454468 0.9924196600914001 
vt 0.4966409504413605 0.9989991188049316 
vt 0.5213746428489685 0.9924196600914001 
vt 0.5279541015625 0.9809665083885193 
vt 0.5099216103553772 0.9989991188049316 
vt 0.4689830243587494 0.13550488650798798 
vt 0.40562573075294495 0.13550488650798798 
vt 0.4689830243587494 0.15305013954639435 
vt 0.40562573075294495 0.15305013954639435 
vt 0.16535526514053345 0.2474776804447174 
vt 0.16535526514053345 0.3108355402946472 
vt 0.18046355247497559 0.2474776804447174 
vt 0.18046355247497559 0.3108355402946472 
vt 0.4732474684715271 0.41476675868034363 
vt 0.40989014506340027 0.41476675868034363 
vt 0.4732474684715271 0.4324338436126709 
vt 0.40989014506340027 0.4324338436126709 
vt 0.9838830828666687 0.3561607599258423 
vt 0.9989913702011108 0.3561607599258423 
vt 0.9838830828666687 0.2928029000759125 
vt 0.9989913702011108 0.2928029000759125 
vt 0.7102282047271729 0.4307280480861664 
vt 0.7102282047271729 0.448882520198822 
vt 0.7141271233558655 0.4307280480861664 
vt 0.7141271233558655 0.448882520198822 
vt 0.7179042100906372 0.4307280480861664 
vt 0.7179042100906372 0.448882520198822 
vt 0.7218031287193298 0.4307280480861664 
vt 0.7218031287193298 0.448882520198822 
vt 0.7257020473480225 0.4307280480861664 
vt 0.7257020473480225 0.448882520198822 
vt 0.7296009659767151 0.4307280480861664 
vt 0.7296009659767151 0.448882520198822 
vt 0.733377993106842 0.4307280480861664 
vt 0.733377993106842 0.448882520198822 
vt 0.7372769117355347 0.4307280480861664 
vt 0.7372769117355347 0.448882520198822 
vt 0.7411758303642273 0.4307280480861664 
vt 0.7411758303642273 0.448882520198822 
vt 0.7878409624099731 0.12953463196754456 
vt 0.7846730947494507 0.12697595357894897 
vt 0.7878409624099731 0.1458614617586136 
vt 0.7806523442268372 0.12697595357894897 
vt 0.7774844765663147 0.1458614617586136 
vt 0.7774844765663147 0.12953463196754456 
vt 0.3306935131549835 0.3266749978065491 
vt 0.3170472979545593 0.3266749978065491 
vt 0.3306935131549835 0.3430018126964569 
vt 0.3170472979545593 0.3430018126964569 
vt 0.3170472979545593 0.3471444547176361 
vt 0.3306935131549835 0.3471444547176361 
vt 0.3170472979545593 0.35104337334632874 
vt 0.3306935131549835 0.35104337334632874 
vt 0.3170472979545593 0.35518601536750793 
vt 0.3306935131549835 0.35518601536750793 
vt 0.3306935131549835 0.37151283025741577 
vt 0.3170472979545593 0.37151283025741577 
vt 0.667949378490448 0.13745436072349548 
vt 0.6842761039733887 0.13745436072349548 
vt 0.6653907299041748 0.13416463136672974 
vt 0.6653907299041748 0.13026568293571472 
vt 0.6842761039733887 0.12697595357894897 
vt 0.667949378490448 0.12697595357894897 
vt 0.3857656419277191 0.3197299838066101 
vt 0.3857656419277191 0.33325445652008057 
vt 0.3752872943878174 0.3197299838066101 
vt 0.3752872943878174 0.33325445652008057 
vt 0.9134590029716492 0.042661283165216446 
vt 0.9035899043083191 0.042661283165216446 
vt 0.9134590029716492 0.0009913200046867132 
vt 0.9035899043083191 0.0009913200046867132 
vt 0.2326114922761917 0.05277416855096817 
vt 0.23651041090488434 0.05277416855096817 
vt 0.2326114922761917 0.0626433715224266 
vt 0.2326114922761917 0.08213809132575989 
vt 0.21518823504447937 0.08213809132575989 
vt 0.21518823504447937 0.0626433715224266 
vt 0.23651041090488434 0.09188545495271683 
vt 0.2326114922761917 0.09188545495271683 
vt 0.1660863161087036 0.743861973285675 
vt 0.1660863161087036 0.7855319380760193 
vt 0.17595542967319489 0.743861973285675 
vt 0.205197274684906 0.7855319380760193 
vt 0.19532814621925354 0.743861973285675 
vt 0.205197274684906 0.743861973285675 
vt 0.19484078884124756 0.5338063836097717 
vt 0.1753462255001068 0.5338063836097717 
vt 0.2720879912376404 0.9207766056060791 
vt 0.2720879912376404 0.9012818336486816 
vt 0.06203409656882286 0.9207766056060791 
vt 0.061912257224321365 0.9012818336486816 
vt 0.8429130911827087 0.8340250849723816 
vt 0.6328591704368591 0.8343905806541443 
vt 0.8429130911827087 0.8380458354949951 
vt 0.6327373385429382 0.8557129502296448 
vt 0.8427911996841431 0.855469286441803 
vt 0.8844608664512634 0.8557129502296448 
vt 0.8845826983451843 0.8382895588874817 
vt 0.8232966661453247 0.09943965822458267 
vt 0.8193977475166321 0.09943965822458267 
vt 0.8232966661453247 0.08957045525312424 
vt 0.8193977475166321 0.08957045525312424 
vt 0.904564619064331 0.08165072649717331 
vt 0.9144337177276611 0.08165072649717331 
vt 0.904564619064331 0.12332069128751755 
vt 0.9144337177276611 0.12332069128751755 
vt 0.6850071549415588 0.139403834939003 
vt 0.6850071549415588 0.1434246152639389 
vt 0.6752598285675049 0.139403834939003 
vt 0.6752598285675049 0.1434246152639389 
vt 0.21128931641578674 0.868628203868866 
vt 0.0011135980021208525 0.8683845400810242 
vt 0.21116748452186584 0.8647292852401733 
vt 0.0009917570278048515 0.8470621705055237 
vt 0.21104563772678375 0.8473058342933655 
vt 0.25283709168434143 0.8644855618476868 
vt 0.25271525979042053 0.8470621705055237 
vt 0.9988695383071899 0.8614395260810852 
vt 0.9988695383071899 0.8827618956565857 
vt 0.9793750047683716 0.8614395260810852 
vt 0.9793750047683716 0.8827618956565857 
vt 0.6667309999465942 0.41232991218566895 
vt 0.6667309999465942 0.41622886061668396 
vt 0.6250613331794739 0.41232991218566895 
vt 0.6250613331794739 0.41622886061668396 
vt 0.2835410237312317 0.5238153338432312 
vt 0.2835410237312317 0.5278361439704895 
vt 0.241993248462677 0.5238153338432312 
vt 0.241993248462677 0.5278361439704895 
vt 0.8848263621330261 0.08213809132575989 
vt 0.83109450340271 0.07665520161390305 
vt 0.8855574131011963 0.06349626928567886 
vt 0.8315818309783936 0.06459284573793411 
vt 0.8291450142860413 0.08859571814537048 
vt 0.8817803263664246 0.10065807402133942 
vt 0.825733482837677 0.10029254853725433 
vt 0.8765411972999573 0.11856885254383087 
vt 0.8209816813468933 0.11125832796096802 
vt 0.8689870238304138 0.13574856519699097 
vt 0.8148896098136902 0.12173674255609512 
vt 0.8594834208488464 0.151831716299057 
vt 0.848152220249176 0.1665745973587036 
vt 0.8074573278427124 0.13124041259288788 
vt 0.8349934220314026 0.1798553764820099 
vt 0.7990503311157227 0.13989120721817017 
vt 0.8204942941665649 0.19143036007881165 
vt 0.7896685600280762 0.14732356369495392 
vt 0.8045331239700317 0.2010558843612671 
vt 0.7794339060783386 0.15365934371948242 
vt 0.7875972390174866 0.20873193442821503 
vt 0.7684682011604309 0.15865486860275269 
vt 0.7699303030967712 0.21421481668949127 
vt 0.7570151686668396 0.16218829154968262 
vt 0.7517759799957275 0.2176263928413391 
vt 0.7453184127807617 0.16438144445419312 
vt 0.7739510536193848 0.23127269744873047 
vt 0.7936893105506897 0.22518059611320496 
vt 0.8125746846199036 0.21665166318416595 
vt 0.8303634524345398 0.20592956244945526 
vt 0.8466901183128357 0.19313615560531616 
vt 0.8613110780715942 0.17839327454566956 
vt 0.874104380607605 0.16182276606559753 
vt 0.8847045302391052 0.14391198754310608 
vt 0.8931115865707397 0.12478279322385788 
vt 0.8990817666053772 0.10480070114135742 
vt 0.9024932980537415 0.0840875655412674 
vt 0.9033461809158325 0.06313073635101318 
vt 0.8838516473770142 0.04473259672522545 
vt 0.8304852843284607 0.05253048613667488 
vt 0.8797090649604797 0.026578139513731003 
vt 0.8280484676361084 0.04071181267499924 
vt 0.8732514977455139 0.00952025968581438 
vt 0.8242713809013367 0.02938050590455532 
vt 0.8888471126556396 0.0013568459544330835 
vt 0.8968886137008667 0.0213389340788126 
vt 0.9015185832977295 0.04217391461133957 
vt 0.6423627734184265 0.02938050590455532 
vt 0.6385856866836548 0.04071181267499924 
vt 0.593382716178894 0.00952025968581438 
vt 0.5869251489639282 0.026578139513731003 
vt 0.5777870416641235 0.0013568459544330835 
vt 0.5697455406188965 0.0213389340788126 
vt 0.5651155710220337 0.04217391461133957 
vt 0.582782506942749 0.04473259672522545 
vt 0.5632879734039307 0.06313073635101318 
vt 0.5810767412185669 0.06349626928567886 
vt 0.5641408562660217 0.0840875655412674 
vt 0.5818077921867371 0.08213809132575989 
vt 0.567552387714386 0.10480070114135742 
vt 0.5848538279533386 0.10065807402133942 
vt 0.5735226273536682 0.12478279322385788 
vt 0.5900930166244507 0.11856885254383087 
vt 0.581929624080658 0.14391198754310608 
vt 0.5976471304893494 0.13574856519699097 
vt 0.592529833316803 0.16182276606559753 
vt 0.6071507334709167 0.151831716299057 
vt 0.6053231358528137 0.17839327454566956 
vt 0.6184819340705872 0.1665745973587036 
vt 0.6199440360069275 0.19313615560531616 
vt 0.6316407918930054 0.1798553764820099 
vt 0.6362707018852234 0.20592956244945526 
vt 0.6461398601531982 0.19143036007881165 
vt 0.6540595293045044 0.21665166318416595 
vt 0.6621010303497314 0.2010558843612671 
vt 0.6729448437690735 0.22518059611320496 
vt 0.6790369153022766 0.20873193442821503 
vt 0.6926831007003784 0.23127269744873047 
vt 0.6967038512229919 0.21421481668949127 
vt 0.7148581743240356 0.2176263928413391 
vt 0.7129087448120117 0.2348061203956604 
vt 0.7332561612129211 0.23602454364299774 
vt 0.7332561612129211 0.21884481608867645 
vt 0.7332561612129211 0.16511249542236328 
vt 0.7213157415390015 0.16438144445419312 
vt 0.7096189856529236 0.16218829154968262 
vt 0.6981659531593323 0.15865486860275269 
vt 0.6872002482414246 0.15365934371948242 
vt 0.6769656538963318 0.14732356369495392 
vt 0.6675838828086853 0.13989120721817017 
vt 0.6591768264770508 0.13124041259288788 
vt 0.651744544506073 0.12173674255609512 
vt 0.6456524729728699 0.11125832796096802 
vt 0.6409006714820862 0.10029254853725433 
vt 0.6374891400337219 0.08859571814537048 
vt 0.635539710521698 0.07665520161390305 
vt 0.6350523233413696 0.06459284573793411 
vt 0.6361488699913025 0.05253048613667488 
vt 0.7537254691123962 0.2348061203956604 
vt 0.26355910301208496 0.6383468508720398 
vt 0.255883127450943 0.6460228562355042 
vt 0.27269718050956726 0.6322547197341919 
vt 0.24979108572006226 0.6551610231399536 
vt 0.24552664160728455 0.665273904800415 
vt 0.3152197003364563 0.6281120777130127 
vt 0.3545743525028229 0.6759960055351257 
vt 0.34823861718177795 0.6551610231399536 
vt 0.3525030314922333 0.665273904800415 
vt 0.2828100025653839 0.6281120777130127 
vt 0.29353198409080505 0.6259189248085022 
vt 0.30449768900871277 0.6259189248085022 
vt 0.32533249258995056 0.6322547197341919 
vt 0.33447057008743286 0.6383468508720398 
vt 0.3422684073448181 0.646144688129425 
vt 0.3545743525028229 0.6869617700576782 
vt 0.3525030314922333 0.6978057026863098 
vt 0.24345535039901733 0.6759960055351257 
vt 0.34823861718177795 0.7079185843467712 
vt 0.27269718050956726 0.730824887752533 
vt 0.3152197003364563 0.7349675297737122 
vt 0.34214654564857483 0.7169349193572998 
vt 0.33447057008743286 0.7247328162193298 
vt 0.32533249258995056 0.730824887752533 
vt 0.24345535039901733 0.6869617700576782 
vt 0.24552664160728455 0.6976838707923889 
vt 0.255883127450943 0.7169349193572998 
vt 0.26355910301208496 0.7247328162193298 
vt 0.24979108572006226 0.7077967524528503 
vt 0.30449768900871277 0.7371606826782227 
vt 0.29353198409080505 0.7371606826782227 
vt 0.2828100025653839 0.7349675297737122 
vt 0.9223533868789673 0.3265531361103058 
vt 0.9163832068443298 0.3265531361103058 
vt 0.9223533868789673 0.3048652708530426 
vt 0.9163832068443298 0.3048652708530426 
vt 0.9223533868789673 0.2831774055957794 
vt 0.9163832068443298 0.2831774055957794 
vt 0.9223533868789673 0.26148951053619385 
vt 0.9163832068443298 0.26148951053619385 
vt 0.9223533868789673 0.23980164527893066 
vt 0.9163832068443298 0.23980164527893066 
vt 0.9223533868789673 0.2181137651205063 
vt 0.9163832068443298 0.2181137651205063 
vt 0.9223533868789673 0.196304053068161 
vt 0.9163832068443298 0.196304053068161 
vt 0.9223533868789673 0.17461617290973663 
vt 0.9163832068443298 0.17461617290973663 
vt 0.9223533868789673 0.15292829275131226 
vt 0.9163832068443298 0.15292829275131226 
vt 0.9223533868789673 0.13124041259288788 
vt 0.9163832068443298 0.13124041259288788 
vt 0.9223533868789673 0.1095525398850441 
vt 0.9163832068443298 0.1095525398850441 
vt 0.9223533868789673 0.08786466717720032 
vt 0.9163832068443298 0.08786466717720032 
vt 0.9223533868789673 0.06605494767427444 
vt 0.9163832068443298 0.06605494767427444 
vt 0.9223533868789673 0.044367071241140366 
vt 0.9163832068443298 0.044367071241140366 
vt 0.9223533868789673 0.022679196670651436 
vt 0.9163832068443298 0.022679196670651436 
vt 0.9223533868789673 0.0009913200046867132 
vt 0.9163832068443298 0.0009913200046867132 
vt 0.9223533868789673 0.37005072832107544 
vt 0.9223533868789673 0.391738623380661 
vt 0.9163832068443298 0.37005072832107544 
vt 0.9163832068443298 0.391738623380661 
vt 0.9223533868789673 0.4134264886379242 
vt 0.9163832068443298 0.4134264886379242 
vt 0.9223533868789673 0.4351143538951874 
vt 0.9163832068443298 0.4351143538951874 
vt 0.9223533868789673 0.45680224895477295 
vt 0.9163832068443298 0.45680224895477295 
vt 0.9223533868789673 0.47861194610595703 
vt 0.9163832068443298 0.47861194610595703 
vt 0.9223533868789673 0.5002998113632202 
vt 0.9163832068443298 0.5002998113632202 
vt 0.9223533868789673 0.5219877362251282 
vt 0.9163832068443298 0.5219877362251282 
vt 0.9223533868789673 0.5436756014823914 
vt 0.9163832068443298 0.5436756014823914 
vt 0.9223533868789673 0.5653634667396545 
vt 0.9163832068443298 0.5653634667396545 
vt 0.9223533868789673 0.5870513319969177 
vt 0.9163832068443298 0.5870513319969177 
vt 0.9223533868789673 0.6087391972541809 
vt 0.9163832068443298 0.6087391972541809 
vt 0.9223533868789673 0.6305489540100098 
vt 0.9163832068443298 0.6305489540100098 
vt 0.9223533868789673 0.652236819267273 
vt 0.9163832068443298 0.652236819267273 
vt 0.9223533868789673 0.6739246845245361 
vt 0.9163832068443298 0.6739246845245361 
vt 0.9223533868789673 0.6956125497817993 
vt 0.9163832068443298 0.6956125497817993 
vt 0.9163832068443298 0.34836286306381226 
vt 0.9223533868789673 0.34836286306381226 
vt 0.7710268497467041 0.6044747233390808 
vt 0.7663969397544861 0.6158060431480408 
vt 0.7734637260437012 0.5924124121665955 
vt 0.7734637260437012 0.5801063179969788 
vt 0.7710268497467041 0.5680440068244934 
vt 0.6928049325942993 0.5262522101402283 
vt 0.7594519853591919 0.6260407567024231 
vt 0.7508012652397156 0.6348134279251099 
vt 0.740566611289978 0.6416365504264832 
vt 0.7292354106903076 0.6462665796279907 
vt 0.6814737319946289 0.531004011631012 
vt 0.717173159122467 0.648703396320343 
vt 0.6624665260314941 0.5464779734611511 
vt 0.6485766768455505 0.5924124121665955 
vt 0.6485766768455505 0.5801063179969788 
vt 0.6510134935379028 0.5680440068244934 
vt 0.6556434631347656 0.5567126870155334 
vt 0.6712390780448914 0.53782719373703 
vt 0.6510134935379028 0.6044747233390808 
vt 0.6556434631347656 0.6158060431480408 
vt 0.6712390780448914 0.6348134279251099 
vt 0.6928049325942993 0.6462665796279907 
vt 0.6814737319946289 0.6416365504264832 
vt 0.6624665260314941 0.6260407567024231 
vt 0.7048672437667847 0.648703396320343 
vt 0.7292354106903076 0.5262522101402283 
vt 0.717173159122467 0.5238153338432312 
vt 0.740566611289978 0.531004011631012 
vt 0.7048672437667847 0.5238153338432312 
vt 0.7594519853591919 0.5464779734611511 
vt 0.7663969397544861 0.5567126870155334 
vt 0.7508012652397156 0.53782719373703 
vt 0.9809589385986328 0.558784008026123 
vt 0.9869291186332703 0.558784008026123 
vt 0.9809589385986328 0.5456250309944153 
vt 0.9869291186332703 0.5456250309944153 
vt 0.9809589385986328 0.5323442816734314 
vt 0.9869291186332703 0.5323442816734314 
vt 0.9809589385986328 0.5190635323524475 
vt 0.9869291186332703 0.5190635323524475 
vt 0.9809589385986328 0.5059045553207397 
vt 0.9869291186332703 0.5059045553207397 
vt 0.9809589385986328 0.49262377619743347 
vt 0.9869291186332703 0.49262377619743347 
vt 0.9809589385986328 0.4793430268764496 
vt 0.9869291186332703 0.4793430268764496 
vt 0.9809589385986328 0.4661840796470642 
vt 0.9869291186332703 0.4661840796470642 
vt 0.9809589385986328 0.45290330052375793 
vt 0.9869291186332703 0.45290330052375793 
vt 0.9809589385986328 0.43974435329437256 
vt 0.9869291186332703 0.43974435329437256 
vt 0.9869291186332703 0.5720647573471069 
vt 0.9809589385986328 0.5720647573471069 
vt 0.9869291186332703 0.5852237343788147 
vt 0.9809589385986328 0.5852237343788147 
vt 0.9869291186332703 0.5985044836997986 
vt 0.9809589385986328 0.5985044836997986 
vt 0.4252421259880066 0.9809665083885193 
vt 0.4252421259880066 0.9676857590675354 
vt 0.4185408651828766 0.9924196600914001 
vt 0.4185408651828766 0.9562326073646545 
vt 0.4070878028869629 0.949653148651123 
vt 0.37577468156814575 0.9809665083885193 
vt 0.38247594237327576 0.9562326073646545 
vt 0.37577468156814575 0.9676857590675354 
vt 0.4070878028869629 0.9989991188049316 
vt 0.39392897486686707 0.9989991188049316 
vt 0.38247594237327576 0.9924196600914001 
vt 0.39392897486686707 0.949653148651123 
vt 0.9580528140068054 0.9396620988845825 
vt 0.9465997815132141 0.946241557598114 
vt 0.9713335037231445 0.9396620988845825 
vt 0.9827865362167358 0.9824286103248596 
vt 0.9893659353256226 0.9576947093009949 
vt 0.9893659353256226 0.9709754586219788 
vt 0.9827865362167358 0.946241557598114 
vt 0.9400203227996826 0.9576947093009949 
vt 0.9400203227996826 0.9709754586219788 
vt 0.9581746459007263 0.9890080690383911 
vt 0.9713335037231445 0.9890080690383911 
vt 0.9465997815132141 0.9824286103248596 
vt 0.5759594440460205 0.7862629890441895 
vt 0.5759594440460205 0.852057695388794 
vt 0.582782506942749 0.7862629890441895 
vt 0.582782506942749 0.852057695388794 
vt 0.5896056294441223 0.7862629890441895 
vt 0.5896056294441223 0.852057695388794 
vt 0.5965505838394165 0.7862629890441895 
vt 0.5965505838394165 0.852057695388794 
vt 0.603373646736145 0.7862629890441895 
vt 0.603373646736145 0.852057695388794 
vt 0.6101967692375183 0.7862629890441895 
vt 0.6101967692375183 0.852057695388794 
vt 0.6170198321342468 0.7862629890441895 
vt 0.6170198321342468 0.852057695388794 
vt 0.6238429546356201 0.7862629890441895 
vt 0.6238429546356201 0.852057695388794 
vt 0.6307879090309143 0.7862629890441895 
vt 0.6307879090309143 0.852057695388794 
vt 0.5691363215446472 0.852057695388794 
vt 0.5691363215446472 0.7862629890441895 
vt 0.5621914267539978 0.852057695388794 
vt 0.5621914267539978 0.7862629890441895 
vt 0.5553683042526245 0.852057695388794 
vt 0.5553683042526245 0.7862629890441895 
vt 0.5485451817512512 0.852057695388794 
vt 0.5485451817512512 0.7862629890441895 
vt 0.8328002691268921 0.8315882086753845 
vt 0.8328002691268921 0.7659153938293457 
vt 0.8246369361877441 0.8315882086753845 
vt 0.8246369361877441 0.7659153938293457 
vt 0.8163517117500305 0.8315882086753845 
vt 0.8163517117500305 0.7659153938293457 
vt 0.8081883788108826 0.8315882086753845 
vt 0.8081883788108826 0.7659153938293457 
vt 0.8000250458717346 0.8315882086753845 
vt 0.8000250458717346 0.7659153938293457 
vt 0.7918617129325867 0.8315882086753845 
vt 0.7918617129325867 0.7659153938293457 
vt 0.783576488494873 0.8315882086753845 
vt 0.783576488494873 0.7659153938293457 
vt 0.84096360206604 0.7659153938293457 
vt 0.84096360206604 0.8315882086753845 
vt 0.849126935005188 0.7659153938293457 
vt 0.849126935005188 0.8315882086753845 
vt 0.8572903275489807 0.7659153938293457 
vt 0.8572903275489807 0.8315882086753845 
vt 0.8655754923820496 0.7659153938293457 
vt 0.8655754923820496 0.8315882086753845 
vt 0.8737388253211975 0.7659153938293457 
vt 0.8737388253211975 0.8315882086753845 
vt 0.8819021582603455 0.7659153938293457 
vt 0.8819021582603455 0.8315882086753845 
vt 0.031939372420310974 0.06337442249059677 
vt 0.03388882800936699 0.061546795070171356 
vt 0.02791861817240715 0.05618574470281601 
vt 0.030355438590049744 0.05557653680443764 
vt 0.03912799060344696 0.06739521026611328 
vt 0.039737194776535034 0.0649583712220192 
vt 0.047291338443756104 0.06739521026611328 
vt 0.046560291200876236 0.0649583712220192 
vt 0.054358113557100296 0.06337442249059677 
vt 0.052530501037836075 0.061546795070171356 
vt 0.055942047387361526 0.05557653680443764 
vt 0.058500707149505615 0.05618574470281601 
vt 0.055942047387361526 0.04875338450074196 
vt 0.058500707149505615 0.04802233353257179 
vt 0.052530501037836075 0.04278312623500824 
vt 0.054358113557100296 0.040955495089292526 
vt 0.047291338443756104 0.03681286796927452 
vt 0.046560291200876236 0.0393715500831604 
vt 0.039737194776535034 0.0393715500831604 
vt 0.03912799060344696 0.03681286796927452 
vt 0.03388882800936699 0.04278312623500824 
vt 0.031939372420310974 0.040955495089292526 
vt 0.030355438590049744 0.04875338450074196 
vt 0.02791861817240715 0.04802233353257179 
vt 0.3698044717311859 0.5277143120765686 
vt 0.38247594237327576 0.5277143120765686 
vt 0.3698044717311859 0.5238153338432312 
vt 0.38247594237327576 0.5238153338432312 
vt 0.4051383435726166 0.5238153338432312 
vt 0.4051383435726166 0.5277143120765686 
vt 0.4178098142147064 0.5277143120765686 
vt 0.4178098142147064 0.5238153338432312 
vt 0.46569332480430603 0.17668747901916504 
vt 0.47190722823143005 0.18777510523796082 
vt 0.46240362524986267 0.17851512134075165 
vt 0.4684956669807434 0.18960273265838623 
vt 0.4794613718986511 0.2094629853963852 
vt 0.4828729033470154 0.20763535797595978 
vt 0.4892086386680603 0.21921034157276154 
vt 0.48579710721969604 0.22103796899318695 
vt 0.0009917570278048515 0.21311824023723602 
vt 0.004768827930092812 0.21311824023723602 
vt 0.0009917570278048515 0.1818048506975174 
vt 0.004768827930092812 0.1818048506975174 
vt 0.43109047412872314 0.17632195353507996 
vt 0.42414554953575134 0.18680037558078766 
vt 0.46240362524986267 0.17851512134075165 
vt 0.4684956669807434 0.18960273265838623 
vt 0.4229271411895752 0.2094629853963852 
vt 0.46739909052848816 0.21226534247398376 
vt 0.4597231149673462 0.22298744320869446 
vt 0.42840999364852905 0.22091613709926605 
vt 0.4271915853023529 0.4347488284111023 
vt 0.4271915853023529 0.4385259449481964 
vt 0.45862653851509094 0.4347488284111023 
vt 0.45862653851509094 0.4385259449481964 
vt 0.9685311317443848 0.6055713295936584 
vt 0.924302875995636 0.6055713295936584 
vt 0.9685311317443848 0.660887598991394 
vt 0.924302875995636 0.660887598991394 
vt 0.9141900539398193 0.18022090196609497 
vt 0.9107785224914551 0.18022090196609497 
vt 0.9141900539398193 0.23553717136383057 
vt 0.9107785224914551 0.23553717136383057 
vt 0.761157751083374 0.3604252338409424 
vt 0.764691174030304 0.3604252338409424 
vt 0.761157751083374 0.3161965608596802 
vt 0.764691174030304 0.3161965608596802 
vt 0.22469183802604675 0.48251089453697205 
vt 0.22469183802604675 0.486044317483902 
vt 0.28000766038894653 0.48251089453697205 
vt 0.28000766038894653 0.486044317483902 
vt 0.8376739025115967 0.485556960105896 
vt 0.8376739025115967 0.48896852135658264 
vt 0.8820240497589111 0.485556960105896 
vt 0.8820240497589111 0.48896852135658264 
vt 0.6466271877288818 0.5608553290367126 
vt 0.5185723304748535 0.5290545225143433 
vt 0.6466271877288818 0.6105668544769287 
vt 0.5185723304748535 0.6423676013946533 
vt 0.5088250637054443 0.6423676013946533 
vt 0.5088250637054443 0.5290545225143433 
vt 0.5024893283843994 0.6476067900657654 
vt 0.5024893283843994 0.5238153338432312 
vt 0.4977375268936157 0.6476067900657654 
vt 0.4977375268936157 0.5238153338432312 
vt 0.3448270559310913 0.5562252998352051 
vt 0.21713769435882568 0.5232061147689819 
vt 0.3448270559310913 0.6099576354026794 
vt 0.21713769435882568 0.6430986523628235 
vt 0.2073904126882553 0.5232061147689819 
vt 0.2073904126882553 0.6430986523628235 
vt 0.20215125381946564 0.6494344472885132 
vt 0.20215125381946564 0.5168703198432922 
vt 0.19727760553359985 0.5168703198432922 
vt 0.19727760553359985 0.6494344472885132 
vt 0.47495323419570923 0.2649011015892029 
vt 0.5080940127372742 0.3925915062427521 
vt 0.42122137546539307 0.2649011015892029 
vt 0.3882024586200714 0.3925915062427521 
vt 0.3882024586200714 0.4023388624191284 
vt 0.5080940127372742 0.4023388624191284 
vt 0.3818667232990265 0.40757808089256287 
vt 0.5144297480583191 0.40757808089256287 
vt 0.5144297480583191 0.41245174407958984 
vt 0.3818667232990265 0.41245174407958984 
vt 0.4956662058830261 0.5608553290367126 
vt 0.3677331805229187 0.5290545225143433 
vt 0.4956662058830261 0.6105668544769287 
vt 0.3677331805229187 0.6423676013946533 
vt 0.35786405205726624 0.5290545225143433 
vt 0.35786405205726624 0.6423676013946533 
vt 0.3516501486301422 0.6476067900657654 
vt 0.3516501486301422 0.5238153338432312 
vt 0.3467765152454376 0.5238153338432312 
vt 0.3467765152454376 0.6476067900657654 
vt 0.7894248962402344 0.12478279322385788 
vt 0.7838201522827148 0.11747226864099503 
vt 0.7894248962402344 0.0009913200046867132 
vt 0.7838201522827148 0.008301840163767338 
vt 0.6569836735725403 0.0009913200046867132 
vt 0.662588357925415 0.008301840163767338 
vt 0.6569836735725403 0.12478279322385788 
vt 0.662588357925415 0.11747226864099503 
vt 0.7754131555557251 0.5241808891296387 
vt 0.7754131555557251 0.6454136371612549 
vt 0.9112658500671387 0.5609771609306335 
vt 0.9112658500671387 0.6087391972541809 
vt 0.4943259656429291 0.6137347221374512 
vt 0.35749852657318115 0.6468757390975952 
vt 0.4943259656429291 0.7230269908905029 
vt 0.35749852657318115 0.6898859739303589 
vt 0.027553094550967216 0.6783109903335571 
vt 0.16340580582618713 0.6415147185325623 
vt 0.027553094550967216 0.5570781826972961 
vt 0.16340580582618713 0.5937526226043701 
vt 0.6513789892196655 0.7214430570602417 
vt 0.6513789892196655 0.6122726202011108 
vt 0.5146734118461609 0.6884238719940186 
vt 0.5146734118461609 0.6454136371612549 
vt 0.9819336533546448 0.37187835574150085 
vt 0.9819336533546448 0.3241162896156311 
vt 0.9389237761497498 0.37187835574150085 
vt 0.9389237761497498 0.3241162896156311 
vt 0.18119460344314575 0.0009913200046867132 
vt 0.18119460344314575 0.05070285499095917 
vt 0.2349264770746231 0.0009913200046867132 
vt 0.2349264770746231 0.05070285499095917 
vt 0.9143118858337402 0.7627475261688232 
vt 0.9140682220458984 0.745445966720581 
vt 0.8430349230766296 0.7637222409248352 
vt 0.8429130911827087 0.7460551261901855 
vt 0.9139463901519775 0.7296065092086792 
vt 0.8427911996841431 0.7300938367843628 
vt 0.9139463901519775 0.7138888835906982 
vt 0.8426693677902222 0.71413254737854 
vt 0.9138245582580566 0.696587324142456 
vt 0.8426693677902222 0.696587324142456 
vt 0.9139463901519775 0.6791638731956482 
vt 0.8426693677902222 0.6789202094078064 
vt 0.9139463901519775 0.6634462475776672 
vt 0.8427911996841431 0.6629589200019836 
vt 0.9140682220458984 0.647728681564331 
vt 0.8429130911827087 0.6469976305961609 
vt 0.9143118858337402 0.6304270625114441 
vt 0.8430349230766296 0.6294523477554321 
vt 0.2073904126882553 0.5232061147689819 
vt 0.21713769435882568 0.5232061147689819 
vt 0.2073904126882553 0.6430986523628235 
vt 0.21713769435882568 0.6430986523628235 
vt 0.3882024586200714 0.3925915062427521 
vt 0.5080940127372742 0.3925915062427521 
vt 0.3882024586200714 0.4023388624191284 
vt 0.5080940127372742 0.4023388624191284 
vt 0.3677331805229187 0.5290545225143433 
vt 0.3677331805229187 0.6423676013946533 
vt 0.35786405205726624 0.5290545225143433 
vt 0.35786405205726624 0.6423676013946533 
vt 0.5185723304748535 0.5290545225143433 
vt 0.5185723304748535 0.6423676013946533 
vt 0.5088250637054443 0.5290545225143433 
vt 0.5088250637054443 0.6423676013946533 
vt 0.5088250637054443 0.5290545225143433 
vt 0.5088250637054443 0.6423676013946533 
vt 0.5088250637054443 0.5290545225143433 
vt 0.5088250637054443 0.6423676013946533 
vt 0.2073904126882553 0.5232061147689819 
vt 0.2073904126882553 0.6430986523628235 
vt 0.2073904126882553 0.5232061147689819 
vt 0.2073904126882553 0.6430986523628235 
vt 0.35786405205726624 0.5290545225143433 
vt 0.35786405205726624 0.5290545225143433 
vt 0.35786405205726624 0.6423676013946533 
vt 0.35786405205726624 0.6423676013946533 
vt 0.3882024586200714 0.4023388624191284 
vt 0.5080940127372742 0.4023388624191284 
vt 0.3882024586200714 0.4023388624191284 
vt 0.5080940127372742 0.4023388624191284 
vt 0.7700521349906921 0.2924373745918274 
vt 0.7626198530197144 0.2924373745918274 
vt 0.7700521349906921 0.28878211975097656 
vt 0.7590864300727844 0.28878211975097656 
vt 0.7590864300727844 0.3138815760612488 
vt 0.7626198530197144 0.31022632122039795 
vt 0.7700521349906921 0.3138815760612488 
vt 0.7700521349906921 0.31022632122039795 
vt 0.9553723335266113 0.7159602046012878 
vt 0.9553723335266113 0.6633244156837463 
vt 0.9662161469459534 0.7159602046012878 
vt 0.9662161469459534 0.6633244156837463 
vt 0.6918302178382874 0.48640984296798706 
vt 0.639194905757904 0.48640984296798706 
vt 0.6918302178382874 0.4789774715900421 
vt 0.639194905757904 0.4789774715900421 
vt 0.9946051239967346 0.7099899053573608 
vt 0.9836394190788269 0.7099899053573608 
vt 0.9946051239967346 0.6573541760444641 
vt 0.9836394190788269 0.6573541760444641 
vt 0.7465368509292603 0.4789774715900421 
vt 0.7465368509292603 0.48640984296798706 
vt 0.693901538848877 0.4789774715900421 
vt 0.693901538848877 0.48640984296798706 
vt 0.3523811995983124 0.7218086123466492 
vt 0.3523811995983124 0.7041414976119995 
vt 0.4050165116786957 0.7218086123466492 
vt 0.4050165116786957 0.7041414976119995 
vt 0.9955798387527466 0.6551610231399536 
vt 0.9704806208610535 0.6551610231399536 
vt 0.9955798387527466 0.6025252938270569 
vt 0.9704806208610535 0.6025252938270569 
vt 0.8271955847740173 0.30425605177879333 
vt 0.8271955847740173 0.35689181089401245 
vt 0.8235403299331665 0.30425605177879333 
vt 0.8235403299331665 0.35689181089401245 
vt 0.1824130117893219 0.2603929340839386 
vt 0.2350483238697052 0.2603929340839386 
vt 0.1824130117893219 0.26404818892478943 
vt 0.2350483238697052 0.26404818892478943 
vt 0.3546961843967438 0.41635069251060486 
vt 0.20227308571338654 0.41635069251060486 
vt 0.3522593677043915 0.4128172695636749 
vt 0.20373518764972687 0.4130609631538391 
vt 0.472881942987442 0.9474599957466125 
vt 0.472881942987442 0.9261376261711121 
vt 0.6133646368980408 0.9478254914283752 
vt 0.6254268884658813 0.9261376261711121 
vt 0.9604896306991577 0.17351959645748138 
vt 0.9604896306991577 0.3220449984073639 
vt 0.9389237761497498 0.18546010553836823 
vt 0.9392892718315125 0.3221668303012848 
vt 0.6350523233413696 0.4793430268764496 
vt 0.6366362571716309 0.48251089453697205 
vt 0.4984685480594635 0.4789774715900421 
vt 0.4961535930633545 0.48251089453697205 
vt 0.1777830421924591 0.3345947265625 
vt 0.1777830421924591 0.33824998140335083 
vt 0.17047259211540222 0.3345947265625 
vt 0.16693919897079468 0.33824998140335083 
vt 0.16693919897079468 0.3131505250930786 
vt 0.17047259211540222 0.31680577993392944 
vt 0.1777830421924591 0.3131505250930786 
vt 0.1777830421924591 0.31680577993392944 
vt 0.40306705236434937 0.23602454364299774 
vt 0.45570236444473267 0.23602454364299774 
vt 0.40306705236434937 0.22505876421928406 
vt 0.45570236444473267 0.22505876421928406 
vt 0.572791576385498 0.35689181089401245 
vt 0.5802238583564758 0.35689181089401245 
vt 0.572791576385498 0.30425605177879333 
vt 0.5802238583564758 0.30425605177879333 
vt 0.6014242172241211 0.5347810983657837 
vt 0.6014242172241211 0.5238153338432312 
vt 0.5487889051437378 0.5347810983657837 
vt 0.5487889051437378 0.5238153338432312 
vt 0.8011215925216675 0.4789774715900421 
vt 0.7484862804412842 0.4789774715900421 
vt 0.8011215925216675 0.48640984296798706 
vt 0.7484862804412842 0.48640984296798706 
vt 0.8999346494674683 0.5416042804718018 
vt 0.8999346494674683 0.5238153338432312 
vt 0.847299337387085 0.5416042804718018 
vt 0.847299337387085 0.5238153338432312 
vt 0.06946639716625214 0.6692947149276733 
vt 0.06946639716625214 0.6942722797393799 
vt 0.12210170924663544 0.6692947149276733 
vt 0.12210170924663544 0.6942722797393799 
vt 0.9144337177276611 0.46545302867889404 
vt 0.9144337177276611 0.4128172695636749 
vt 0.9107785224914551 0.46545302867889404 
vt 0.9107785224914551 0.4128172695636749 
vt 0.33471426367759705 0.4834856390953064 
vt 0.28195708990097046 0.4834856390953064 
vt 0.33471426367759705 0.4871408939361572 
vt 0.28195708990097046 0.4871408939361572 
vt 0.9950924515724182 0.4402317404747009 
vt 0.9947269558906555 0.5887571573257446 
vt 0.9982603192329407 0.4387696385383606 
vt 0.9982603192329407 0.5911939740180969 
vt 0.4708106517791748 0.9474599957466125 
vt 0.4708106517791748 0.926259458065033 
vt 0.33044981956481934 0.9478254914283752 
vt 0.31838756799697876 0.926259458065033 
vt 0.9402640461921692 0.9316205382347107 
vt 0.8036802411079407 0.9311331510543823 
vt 0.9402640461921692 0.9528210163116455 
vt 0.7916179895401001 0.9528210163116455 
vt 0.9921683073043823 0.44181567430496216 
vt 0.9890004396438599 0.4402317404747009 
vt 0.992533802986145 0.5785223841667175 
vt 0.9890004396438599 0.580715537071228 
vt 0.4639875590801239 0.2348061203956604 
vt 0.46532779932022095 0.23846137523651123 
vt 0.4737348258495331 0.23748664557933807 
vt 0.4750750958919525 0.23833954334259033 
vt 0.47678086161613464 0.23821769654750824 
vt 0.4759279787540436 0.23955795168876648 
vt 0.47909584641456604 0.23943611979484558 
vt 0.4783647954463959 0.23809584975242615 
vt 0.4887212812900543 0.23773032426834106 
vt 0.48165449500083923 0.2369992733001709 
vt 0.4896959960460663 0.23456242680549622 
vt 0.48104530572891235 0.2307853251695633 
vt 0.49042704701423645 0.2285921722650528 
vt 0.48080161213874817 0.2266426980495453 
vt 0.48981785774230957 0.22164718806743622 
vt 0.4731256365776062 0.23102901875972748 
vt 0.4732474684715271 0.2266426980495453 
vt 0.46325650811195374 0.22883586585521698 
vt 0.463865727186203 0.22164718806743622 
vt 0.7649348378181458 0.8012495636940002 
vt 0.7584772706031799 0.799665629863739 
vt 0.7605485320091248 0.8070979714393616 
vt 0.7540909647941589 0.8069761395454407 
vt 0.7525070309638977 0.7989345788955688 
vt 0.745927631855011 0.8069761395454407 
vt 0.7420287132263184 0.7984471917152405 
vt 0.7672498226165771 0.8072198629379272 
vt 0.7605485320091248 0.8103877305984497 
vt 0.767371654510498 0.8102658987045288 
vt 0.7650566697120667 0.8163579702377319 
vt 0.7588427662849426 0.8178200721740723 
vt 0.7540909647941589 0.8106313943862915 
vt 0.7526288628578186 0.8186729550361633 
vt 0.745927631855011 0.8106313943862915 
vt 0.7421505451202393 0.8191603422164917 
vt 0.6525974273681641 0.8094130158424377 
vt 0.6495513916015625 0.798812747001648 
vt 0.7354493141174316 0.7862629890441895 
vt 0.6404133439064026 0.7885780334472656 
vt 0.635539710521698 0.7967414259910583 
vt 0.6471145749092102 0.802224338054657 
vt 0.6327373385429382 0.806610643863678 
vt 0.6451651453971863 0.808438241481781 
vt 0.6327373385429382 0.8122153282165527 
vt 0.6452869772911072 0.8105095624923706 
vt 0.6471145749092102 0.8166016936302185 
vt 0.6496732234954834 0.8200132250785828 
vt 0.7358148097991943 0.8314663767814636 
vt 0.6406570076942444 0.8304916620254517 
vt 0.635539710521698 0.8220845460891724 
vt 0.6528410911560059 0.06203416362404823 
vt 0.6508916616439819 0.0626433715224266 
vt 0.6504042744636536 0.05740416422486305 
vt 0.6484548449516296 0.0585007444024086 
vt 0.6516227126121521 0.05569837614893913 
vt 0.6525974273681641 0.06824810057878494 
vt 0.6504042744636536 0.06849178671836853 
vt 0.6482111215591431 0.07823915034532547 
vt 0.6501606106758118 0.0795794129371643 
vt 0.6451651453971863 0.09139808267354965 
vt 0.6466271877288818 0.092616505920887 
vt 0.6449214220046997 0.09359124302864075 
vt 0.6417535543441772 0.09298203140497208 
vt 0.6422409415245056 0.09091071784496307 
vt 0.6404133439064026 0.09127624332904816 
vt 0.6446777582168579 0.07592415064573288 
vt 0.6432156562805176 0.07519309967756271 
vt 0.6457743048667908 0.06800442188978195 
vt 0.6471145749092102 0.06836994737386703 
vt 0.6480892896652222 0.0626433715224266 
vt 0.6466271877288818 0.06203416362404823 
vt 0.6471145749092102 0.05813521891832352 
vt 0.6482111215591431 0.056673113256692886 
vt 0.6433374881744385 0.04984996095299721 
vt 0.6504042744636536 0.05533285066485405 
vt 0.6490640640258789 0.049484435468912125 
vt 0.6501606106758118 0.04972812160849571 
vt 0.6502824425697327 0.04680391028523445 
vt 0.6452869772911072 0.049484435468912125 
vt 0.6433374881744385 0.046682070940732956 
vt 0.6452869772911072 0.046925753355026245 
vt 0.6490640640258789 0.046925753355026245 
vt 0.6505261063575745 0.04083365574479103 
vt 0.6518663763999939 0.04058996960520744 
vt 0.6506479978561401 0.03876233845949173 
vt 0.6532066464424133 0.03413234278559685 
vt 0.6512571573257446 0.03364497423171997 
vt 0.6530848145484924 0.027552876621484756 
vt 0.6506479978561401 0.027309192344546318 
vt 0.6485766768455505 0.0170744638890028 
vt 0.6505261063575745 0.015734201297163963 
vt 0.6452869772911072 0.003306318074464798 
vt 0.6468709111213684 0.002087898086756468 
vt 0.6447995901107788 0.0011131620267406106 
vt 0.6423627734184265 0.003915527835488319 
vt 0.6418754458427429 0.001844214042648673 
vt 0.6404133439064026 0.003550001885741949 
vt 0.6449214220046997 0.019511304795742035 
vt 0.6433374881744385 0.0202423557639122 
vt 0.6460180282592773 0.027796560898423195 
vt 0.647358238697052 0.027431033551692963 
vt 0.6482111215591431 0.03364497423171997 
vt 0.6485766768455505 0.03754391893744469 
vt 0.6467490792274475 0.034376028925180435 
vt 0.6471145749092102 0.03790944442152977 
vt 0.6483330130577087 0.039493393152952194 
vt 0.4531437158584595 0.8374366760253906 
vt 0.443274587392807 0.8248869180679321 
vt 0.4619162678718567 0.8245214223861694 
vt 0.44900110363960266 0.8178200721740723 
vt 0.4405940771102905 0.8140429854393005 
vt 0.35067543387413025 0.8257398009300232 
vt 0.34823861718177795 0.8150177001953125 
vt 0.34823861718177795 0.8069761395454407 
vt 0.4405940771102905 0.8064887523651123 
vt 0.35043174028396606 0.79625403881073 
vt 0.4430308938026428 0.7957667112350464 
vt 0.35701116919517517 0.7812674641609192 
vt 0.4527781903743744 0.7829732894897461 
vt 0.4619162678718567 0.7966195940971375 
vt 0.44912296533584595 0.8036864399909973 
vt 0.4645967483520508 0.8062450885772705 
vt 0.450950562953949 0.8099003434181213 
vt 0.4508287310600281 0.8119716644287109 
vt 0.4645967483520508 0.8148958683013916 
vt 0.35737669467926025 0.8404827117919922 
vt 0.38016095757484436 0.24723400175571442 
vt 0.42597317695617676 0.16596539318561554 
vt 0.3819885551929474 0.2477213740348816 
vt 0.4278007745742798 0.1669401228427887 
vt 0.38466906547546387 0.24918347597122192 
vt 0.4299939274787903 0.16815854609012604 
vt 0.43742620944976807 0.16170091927051544 
vt 0.4368170201778412 0.15962959825992584 
vt 0.4452240467071533 0.15987329185009003 
vt 0.44485852122306824 0.15780197083950043 
vt 0.4520471394062042 0.1581674963235855 
vt 0.4519253075122833 0.16011697053909302 
vt 0.4600886404514313 0.160360649228096 
vt 0.4597231149673462 0.1624319702386856 
vt 0.46959224343299866 0.16779302060604095 
vt 0.46703359484672546 0.1688895970582962 
vt 0.5095561146736145 0.24930532276630402 
vt 0.46557149291038513 0.16986432671546936 
vt 0.5080940127372742 0.25052374601364136 
vt 0.4711761772632599 0.1668182760477066 
vt 0.5122365951538086 0.24796505272388458 
vt 0.5140641927719116 0.2473558485507965 
vt 0.4594794511795044 0.16425959765911102 
vt 0.45168161392211914 0.16170091927051544 
vt 0.4459550976753235 0.16157907247543335 
vt 0.4591139256954193 0.16596539318561554 
vt 0.45119425654411316 0.16352854669094086 
vt 0.44656428694725037 0.16340669989585876 
vt 0.4386446177959442 0.16547802090644836 
vt 0.43803542852401733 0.16365039348602295 
vt 0.4316996932029724 0.1692551225423813 
vt 0.3861311674118042 0.25064557790756226 
vt 0.9698714017868042 0.8912908434867859 
vt 0.9804715514183044 0.894824206829071 
vt 0.9716989994049072 0.896530032157898 
vt 0.9807152152061462 0.9031094908714294 
vt 0.9777910709381104 0.8870263695716858 
vt 0.9665817022323608 0.8869044780731201 
vt 0.9726737141609192 0.8804468512535095 
vt 0.9621953964233398 0.8838584423065186 
vt 0.9659724831581116 0.8756950497627258 
vt 0.9569562673568726 0.8822745084762573 
vt 0.9580528140068054 0.8733800649642944 
vt 0.9514734148979187 0.8822745084762573 
vt 0.9500113129615784 0.8735018968582153 
vt 0.942335307598114 0.8760605454444885 
vt 0.9462342262268066 0.8839802742004395 
vt 0.9356340765953064 0.880812406539917 
vt 0.9419698119163513 0.8871482014656067 
vt 0.9307604432106018 0.8875136971473694 
vt 0.938680112361908 0.8916563391685486 
vt 0.9282017946243286 0.8953115940093994 
vt 0.9369743466377258 0.8968955278396606 
vt 0.9280799031257629 0.9035968780517578 
vt 0.9369743466377258 0.9023784399032593 
vt 0.9306386113166809 0.9115166068077087 
vt 0.938680112361908 0.9076176285743713 
vt 0.9353904128074646 0.918339729309082 
vt 0.9419698119163513 0.9120039343833923 
vt 0.9422134757041931 0.9232134222984314 
vt 0.9463560581207275 0.9151718616485596 
vt 0.9501331448554993 0.9258939623832703 
vt 0.9515952467918396 0.9168776273727417 
vt 0.9586620330810547 0.9258939623832703 
vt 0.9570780992507935 0.9167557954788208 
vt 0.9624390602111816 0.9150500297546387 
vt 0.9716989994049072 0.9020128846168518 
vt 0.978278398513794 0.9111510515213013 
vt 0.970115065574646 0.9072521328926086 
vt 0.9735265970230103 0.9180960655212402 
vt 0.9668253660202026 0.9117602705955505 
vt 0.9667035341262817 0.9230915904045105 
vt 0.7373987436294556 0.7119393944740295 
vt 0.7321596145629883 0.7118175625801086 
vt 0.7366676926612854 0.7058472633361816 
vt 0.7328906655311584 0.7057254314422607 
vt 0.7358148097991943 0.6989023089408875 
vt 0.7337435483932495 0.6989023089408875 
vt 0.7348400950431824 0.6901296973228455 
vt 0.7175386548042297 0.7116957306861877 
vt 0.7283825278282166 0.6529678702354431 
vt 0.7348400950431824 0.653089702129364 
vt 0.7412976622581482 0.6529678702354431 
vt 0.7520197033882141 0.7116957306861877 
vt 0.7489736676216125 0.652236819267273 
vt 0.7545783519744873 0.7114520072937012 
vt 0.7622542977333069 0.710720956325531 
vt 0.7566496133804321 0.6515057682991028 
vt 0.7700521349906921 0.7099899053573608 
vt 0.7643256187438965 0.6507747173309326 
vt 0.7777281403541565 0.7092588543891907 
vt 0.7721234560012817 0.6500436663627625 
vt 0.7854040861129761 0.7085278034210205 
vt 0.7797994017601013 0.6493126153945923 
vt 0.7930800914764404 0.7077967524528503 
vt 0.7874754071235657 0.6485815644264221 
vt 0.8007560968399048 0.7070657014846802 
vt 0.79515141248703 0.647850513458252 
vt 0.80855393409729 0.70633465051651 
vt 0.8028273582458496 0.6471194624900818 
vt 0.8162298798561096 0.7056035995483398 
vt 0.8106251955032349 0.6463884115219116 
vt 0.6822047829627991 0.6485815644264221 
vt 0.6744069457054138 0.647850513458252 
vt 0.6764782667160034 0.7077967524528503 
vt 0.6688022613525391 0.7070657014846802 
vt 0.6842761039733887 0.7085278034210205 
vt 0.6898807883262634 0.6493126153945923 
vt 0.6919520497322083 0.7092588543891907 
vt 0.697556734085083 0.6500436663627625 
vt 0.6996280550956726 0.7099899053573608 
vt 0.7052327394485474 0.6507747173309326 
vt 0.707304060459137 0.710720956325531 
vt 0.7129087448120117 0.6515057682991028 
vt 0.7149800062179565 0.7114520072937012 
vt 0.7205846905708313 0.652236819267273 
vt 0.6667309999465942 0.6471194624900818 
vt 0.6611263155937195 0.70633465051651 
vt 0.6590549945831299 0.6463884115219116 
vt 0.6534503102302551 0.7056035995483398 
vt 0.8128183484077454 0.9726812839508057 
vt 0.8067262768745422 0.9732905030250549 
vt 0.8112344145774841 0.9664673209190369 
vt 0.8053860664367676 0.9690260291099548 
vt 0.8073354959487915 0.9611063003540039 
vt 0.8028273582458496 0.9654926061630249 
vt 0.8022181987762451 0.9572073221206665 
vt 0.7992939949035645 0.962812066078186 
vt 0.796126127243042 0.9551360011100769 
vt 0.7950295805931091 0.9613499641418457 
vt 0.7896685600280762 0.9551360011100769 
vt 0.7906432747840881 0.9613499641418457 
vt 0.7834546566009521 0.9569636583328247 
vt 0.7865006923675537 0.9876678586006165 
vt 0.8066044449806213 0.9776768088340759 
vt 0.8126965165138245 0.9787733554840088 
vt 0.8052641749382019 0.9818193912506104 
vt 0.8107470273971558 0.9847436547279358 
vt 0.8027055263519287 0.9853528141975403 
vt 0.8069700002670288 0.989739179611206 
vt 0.7991721630096436 0.9879115223884583 
vt 0.8018526434898376 0.9933944344520569 
vt 0.7950295805931091 0.9891299605369568 
vt 0.7960042953491211 0.9952220320701599 
vt 0.7896685600280762 0.9952220320701599 
vt 0.7906432747840881 0.9891299605369568 
vt 0.783698320388794 0.9932725429534912 
vt 0.7785810232162476 0.9896172881126404 
vt 0.7828454375267029 0.9851091504096985 
vt 0.7748039364814758 0.9844999313354492 
vt 0.7802867889404297 0.9815757274627686 
vt 0.772732675075531 0.978529691696167 
vt 0.7789465188980103 0.9774330854415894 
vt 0.7726107835769653 0.9721938967704773 
vt 0.7788246870040894 0.9730467796325684 
vt 0.774560272693634 0.9661018252372742 
vt 0.7802867889404297 0.9689041972160339 
vt 0.7783373594284058 0.9608625769615173 
vt 0.7828454375267029 0.9652488827705383 
vt 0.7863788604736328 0.9626902341842651 
vt 0.3109552562236786 0.4810487926006317 
vt 0.30047693848609924 0.4814143180847168 
vt 0.3042539954185486 0.45814248919487 
vt 0.29816195368766785 0.4812924861907959 
vt 0.2942630350589752 0.4582643508911133 
vt 0.2880491614341736 0.4810487926006317 
vt 0.2856123447418213 0.4809269607067108 
vt 0.28841468691825867 0.4236612319946289 
vt 0.2786673903465271 0.48007407784461975 
vt 0.2825663089752197 0.42317384481430054 
vt 0.27269718050956726 0.47970855236053467 
vt 0.2765960991382599 0.42280831933021545 
vt 0.2667269706726074 0.4792211651802063 
vt 0.27062588930130005 0.42244279384613037 
vt 0.2607567608356476 0.4788556396961212 
vt 0.2646556794643402 0.4219554364681244 
vt 0.25478655099868774 0.47849011421203613 
vt 0.25868546962738037 0.4215899109840393 
vt 0.2488163560628891 0.47800275683403015 
vt 0.25271525979042053 0.4212243854999542 
vt 0.24284614622592926 0.47763723134994507 
vt 0.24686689674854279 0.42073699831962585 
vt 0.23687593638896942 0.47727170586586 
vt 0.24089668691158295 0.42037147283554077 
vt 0.29377567768096924 0.4237830638885498 
vt 0.36225032806396484 0.47788089513778687 
vt 0.3561582863330841 0.47824642062187195 
vt 0.3585951030254364 0.42037147283554077 
vt 0.35262489318847656 0.42073699831962585 
vt 0.35018807649612427 0.47861194610595703 
vt 0.34653282165527344 0.42110252380371094 
vt 0.34409600496292114 0.4789774715900421 
vt 0.3405626118183136 0.421468049287796 
vt 0.3381257951259613 0.4793430268764496 
vt 0.33459240198135376 0.4218335747718811 
vt 0.33215558528900146 0.47970855236053467 
vt 0.328500360250473 0.4221991002559662 
vt 0.3260635435581207 0.48007407784461975 
vt 0.3225301504135132 0.42256462574005127 
vt 0.3200933337211609 0.48043960332870483 
vt 0.31643810868263245 0.42293015122413635 
vt 0.3102242052555084 0.4234175384044647 
vt 0.31375759840011597 0.4809269607067108 
vt 0.3042539954185486 0.4236612319946289 
vt 0.2990148365497589 0.4239048957824707 
vt 0.06910087913274765 0.049971804022789 
vt 0.07421819865703583 0.03340129181742668 
vt 0.06849166750907898 0.03535076230764389 
vt 0.07044112682342529 0.028405770659446716 
vt 0.06690774112939835 0.03327944874763489 
vt 0.053017862141132355 0.029258664697408676 
vt 0.052043136209249496 0.0351070798933506 
vt 0.050459202378988266 0.02938050590455532 
vt 0.04924079403281212 0.03486339747905731 
vt 0.04302690178155899 0.03401050344109535 
vt 0.042905062437057495 0.028405770659446716 
vt 0.037178535014390945 0.0351070798933506 
vt 0.03522907942533493 0.029867874458432198 
vt 0.028527822345495224 0.033523134887218475 
vt 0.031939372420310974 0.038031287491321564 
vt 0.023166818544268608 0.03924970701336861 
vt 0.027796776965260506 0.04241760075092316 
vt 0.025238115340471268 0.047778647392988205 
vt 0.019877111539244652 0.04619470238685608 
vt 0.02450706996023655 0.053748905658721924 
vt 0.018902383744716644 0.05387074872851372 
vt 0.0256036389619112 0.05959732085466385 
vt 0.02036447636783123 0.061546795070171356 
vt 0.02401970513164997 0.06824810057878494 
vt 0.028527822345495224 0.0648365244269371 
vt 0.02974623255431652 0.07360915094614029 
vt 0.03291409835219383 0.0689791589975357 
vt 0.03669117018580437 0.07689888775348663 
vt 0.0382751040160656 0.07141599804162979 
vt 0.04436715319752693 0.07787362486124039 
vt 0.044245313853025436 0.07226888835430145 
vt 0.052043136209249496 0.07641151547431946 
vt 0.05009368062019348 0.07105047255754471 
vt 0.058744389563798904 0.07275626063346863 
vt 0.05533284321427345 0.06824810057878494 
vt 0.06410539150238037 0.0670296847820282 
vt 0.05947543680667877 0.06386179476976395 
vt 0.06739509850740433 0.060084689408540726 
vt 0.06203409656882286 0.0585007444024086 
vt 0.06836982816457748 0.05240864306688309 
vt 0.06288698315620422 0.05143390968441963 
vt 0.06373987346887589 0.04887522757053375 
s on 
f 1/1/1 2/2/2 3/3/3 
f 2/2/2 4/4/4 3/3/3 
f 3/3/3 4/4/4 4/4/4 
f 4/4/4 5/5/5 4/4/4 
f 4/4/4 5/5/5 5/5/5 
f 5/5/5 6/6/6 5/5/5 
f 5/5/5 6/6/6 7/7/7 
f 6/6/6 6/6/6 7/7/7 
f 7/7/7 6/6/6 8/8/8 
f 6/6/6 6/6/6 8/8/8 
f 8/8/8 6/6/6 9/9/9 
f 6/6/6 10/10/10 9/9/9 
f 9/9/9 10/10/10 11/11/11 
f 10/10/10 12/12/12 11/11/11 
f 11/11/11 12/12/12 12/12/12 
f 12/12/12 13/13/13 12/12/12 
f 12/12/12 13/13/13 13/13/13 
f 13/13/13 14/14/14 13/13/13 
f 13/13/13 14/14/14 15/15/15 
f 14/14/14 16/16/16 15/15/15 
f 15/15/15 16/16/16 15/15/15 
f 16/16/16 17/17/17 15/15/15 
f 15/15/15 17/17/17 18/18/18 
f 17/17/17 19/19/19 18/18/18 
f 18/18/18 19/19/19 20/20/20 
f 19/19/19 20/20/20 20/20/20 
f 20/20/20 20/20/20 21/21/21 
f 20/20/20 21/21/21 21/21/21 
f 21/21/21 21/21/21 22/22/22 
f 21/21/21 23/23/23 22/22/22 
f 22/22/22 23/23/23 22/22/22 
f 23/23/23 24/24/24 22/22/22 
f 22/22/22 24/24/24 25/25/25 
f 24/24/24 26/26/26 25/25/25 
f 25/25/25 26/26/26 27/27/27 
f 26/26/26 28/28/28 27/27/27 
f 27/27/27 28/28/28 28/28/28 
f 28/28/28 29/29/29 28/28/28 
f 28/28/28 29/29/29 29/29/29 
f 29/29/29 30/30/30 29/29/29 
f 29/29/29 30/30/30 31/31/31 
f 30/30/30 32/32/32 31/31/31 
f 31/31/31 32/32/32 33/33/33 
f 32/32/32 34/34/34 33/33/33 
f 33/33/33 34/34/34 34/34/34 
f 34/34/34 35/35/35 34/34/34 
f 34/34/34 35/35/35 35/35/35 
f 35/35/35 36/36/36 35/35/35 
f 35/35/35 36/36/36 37/37/37 
f 36/36/36 38/38/38 37/37/37 
f 37/37/37 38/38/38 37/37/37 
f 38/38/38 39/39/39 37/37/37 
f 37/37/37 39/39/39 40/40/40 
f 39/39/39 41/41/41 40/40/40 
f 40/40/40 41/41/41 41/41/41 
f 41/41/41 42/42/42 41/41/41 
f 41/41/41 42/42/42 42/42/42 
f 42/42/42 43/43/43 42/42/42 
f 42/42/42 43/43/43 44/44/44 
f 43/43/43 45/45/45 44/44/44 
f 44/44/44 45/45/45 45/45/45 
f 45/45/45 46/46/46 45/45/45 
f 45/45/45 46/46/46 46/46/46 
f 46/46/46 47/47/47 46/46/46 
f 46/46/46 47/47/47 48/48/48 
f 47/47/47 47/47/47 48/48/48 
f 48/48/48 47/47/47 49/49/49 
f 47/47/47 50/50/50 49/49/49 
f 49/49/49 50/50/50 49/49/49 
f 50/50/50 51/51/51 49/49/49 
f 49/49/49 51/51/51 52/52/52 
f 51/51/51 52/52/52 52/52/52 
f 52/52/52 52/52/52 53/53/53 
f 52/52/52 53/53/53 53/53/53 
f 53/53/53 53/53/53 54/54/54 
f 53/53/53 55/55/55 54/54/54 
f 54/54/54 55/55/55 56/56/56 
f 55/55/55 56/56/56 56/56/56 
f 56/56/56 56/56/56 57/57/57 
f 56/56/56 57/57/57 57/57/57 
f 57/57/57 57/57/57 58/58/58 
f 57/57/57 59/59/59 58/58/58 
f 58/58/58 59/59/59 59/59/59 
f 59/59/59 60/60/60 59/59/59 
f 59/59/59 60/60/60 60/60/60 
f 60/60/60 61/61/61 60/60/60 
f 60/60/60 61/61/61 62/62/62 
f 61/61/61 63/63/63 62/62/62 
f 62/62/62 63/63/63 63/63/63 
f 63/63/63 61/61/61 63/63/63 
f 63/63/63 61/61/61 61/61/61 
f 61/61/61 60/60/60 61/61/61 
f 61/61/61 60/60/60 64/64/64 
f 60/60/60 65/65/65 64/64/64 
f 64/64/64 65/65/65 66/66/66 
f 65/65/65 67/67/67 66/66/66 
f 66/66/66 67/67/67 68/68/68 
f 67/67/67 67/67/67 68/68/68 
f 68/68/68 67/67/67 69/69/69 
f 67/67/67 70/70/70 69/69/69 
f 69/69/69 70/70/70 71/71/71 
f 70/70/70 72/72/72 71/71/71 
f 71/71/71 72/72/72 73/73/73 
f 72/72/72 74/74/74 73/73/73 
f 73/73/73 74/74/74 73/73/73 
f 74/74/74 63/63/63 73/73/73 
f 73/73/73 63/63/63 75/75/75 
f 63/63/63 61/61/61 75/75/75 
f 75/75/75 61/61/61 61/61/61 
f 61/61/61 76/76/76 61/61/61 
f 61/61/61 76/76/76 76/76/76 
f 76/76/76 77/77/77 76/76/76 
f 76/76/76 77/77/77 78/78/78 
f 77/77/77 79/79/79 78/78/78 
f 78/78/78 79/79/79 80/80/80 
f 79/79/79 81/81/81 80/80/80 
f 80/80/80 81/81/81 81/81/81 
f 81/81/81 77/77/77 81/81/81 
f 81/81/81 77/77/77 77/77/77 
f 77/77/77 82/82/82 77/77/77 
f 77/77/77 82/82/82 79/79/79 
f 82/82/82 79/79/79 79/79/79 
f 79/79/79 79/79/79 80/80/80 
f 79/79/79 80/80/80 80/80/80 
f 80/80/80 80/80/80 78/78/78 
f 80/80/80 83/83/83 78/78/78 
f 78/78/78 83/83/83 83/83/83 
f 83/83/83 84/84/84 83/83/83 
f 83/83/83 84/84/84 84/84/84 
f 84/84/84 85/85/85 84/84/84 
f 84/84/84 85/85/85 86/86/86 
f 85/85/85 87/87/87 86/86/86 
f 86/86/86 87/87/87 87/87/87 
f 87/87/87 88/88/88 87/87/87 
f 87/87/87 88/88/88 88/88/88 
f 88/88/88 89/89/89 88/88/88 
f 88/88/88 89/89/89 90/90/90 
f 89/89/89 91/91/91 90/90/90 
f 90/90/90 91/91/91 91/91/91 
f 91/91/91 92/92/92 91/91/91 
f 91/91/91 92/92/92 92/92/92 
f 92/92/92 93/93/93 92/92/92 
f 92/92/92 93/93/93 94/94/94 
f 93/93/93 93/93/93 94/94/94 
f 94/94/94 93/93/93 95/95/95 
f 93/93/93 96/96/96 95/95/95 
f 95/95/95 96/96/96 97/97/97 
f 96/96/96 96/96/96 97/97/97 
f 97/97/97 96/96/96 98/98/98 
f 96/96/96 99/99/99 98/98/98 
f 98/98/98 99/99/99 99/99/99 
f 99/99/99 100/100/100 99/99/99 
f 99/99/99 100/100/100 100/100/100 
f 100/100/100 101/101/101 100/100/100 
f 100/100/100 101/101/101 102/102/102 
f 101/101/101 103/103/103 102/102/102 
f 102/102/102 103/103/103 104/104/104 
f 103/103/103 103/103/103 104/104/104 
f 104/104/104 103/103/103 105/105/105 
f 103/103/103 106/106/106 105/105/105 
f 105/105/105 106/106/106 106/106/106 
f 106/106/106 107/107/107 106/106/106 
f 106/106/106 107/107/107 107/107/107 
f 107/107/107 108/108/108 107/107/107 
f 107/107/107 108/108/108 109/109/109 
f 108/108/108 108/108/108 109/109/109 
f 109/109/109 108/108/108 110/110/110 
f 108/108/108 111/111/111 110/110/110 
f 110/110/110 111/111/111 112/112/112 
f 111/111/111 113/113/113 112/112/112 
f 112/112/112 113/113/113 113/113/113 
f 113/113/113 112/112/112 113/113/113 
f 113/113/113 112/112/112 112/112/112 
f 112/112/112 114/114/114 112/112/112 
f 112/112/112 114/114/114 110/110/110 
f 114/114/114 110/110/110 110/110/110 
f 110/110/110 110/110/110 115/115/115 
f 110/110/110 115/115/115 115/115/115 
f 115/115/115 115/115/115 116/116/116 
f 115/115/115 117/117/117 116/116/116 
f 116/116/116 117/117/117 118/118/118 
f 117/117/117 118/118/118 118/118/118 
f 118/118/118 118/118/118 119/119/119 
f 118/118/118 119/119/119 119/119/119 
f 119/119/119 119/119/119 120/120/120 
f 119/119/119 121/121/121 120/120/120 
f 120/120/120 121/121/121 122/122/122 
f 121/121/121 123/123/123 122/122/122 
f 122/122/122 123/123/123 122/122/122 
f 123/123/123 124/124/124 122/122/122 
f 122/122/122 124/124/124 125/125/125 
f 124/124/124 125/125/125 125/125/125 
f 125/125/125 125/125/125 122/122/122 
f 125/125/125 122/122/122 122/122/122 
f 122/122/122 122/122/122 120/120/120 
f 122/122/122 126/126/126 120/120/120 
f 120/120/120 126/126/126 126/126/126 
f 126/126/126 127/127/127 126/126/126 
f 126/126/126 127/127/127 127/127/127 
f 127/127/127 128/128/128 127/127/127 
f 127/127/127 128/128/128 129/129/129 
f 128/128/128 130/130/130 129/129/129 
f 129/129/129 130/130/130 130/130/130 
f 130/130/130 128/128/128 130/130/130 
f 130/130/130 128/128/128 128/128/128 
f 128/128/128 127/127/127 128/128/128 
f 128/128/128 127/127/127 131/131/131 
f 127/127/127 127/127/127 131/131/131 
f 131/131/131 127/127/127 132/132/132 
f 127/127/127 133/133/133 132/132/132 
f 132/132/132 133/133/133 134/134/134 
f 133/133/133 135/135/135 134/134/134 
f 134/134/134 135/135/135 134/134/134 
f 135/135/135 136/136/136 134/134/134 
f 134/134/134 136/136/136 137/137/137 
f 136/136/136 136/136/136 137/137/137 
f 137/137/137 136/136/136 138/138/138 
f 136/136/136 139/139/139 138/138/138 
f 138/138/138 139/139/139 140/140/140 
f 139/139/139 141/141/141 140/140/140 
f 140/140/140 141/141/141 142/142/142 
f 141/141/141 130/130/130 142/142/142 
f 142/142/142 130/130/130 128/128/128 
f 130/130/130 128/128/128 128/128/128 
f 128/128/128 128/128/128 143/143/143 
f 128/128/128 143/143/143 143/143/143 
f 143/143/143 143/143/143 144/144/144 
f 143/143/143 145/145/145 144/144/144 
f 144/144/144 145/145/145 146/146/146 
f 145/145/145 147/147/147 146/146/146 
f 146/146/146 147/147/147 148/148/148 
f 147/147/147 148/148/148 148/148/148 
f 148/148/148 148/148/148 149/149/149 
f 148/148/148 149/149/149 149/149/149 
f 149/149/149 149/149/149 150/150/150 
f 149/149/149 151/151/151 150/150/150 
f 150/150/150 151/151/151 152/152/152 
f 151/151/151 152/152/152 152/152/152 
f 152/152/152 152/152/152 153/153/153 
f 152/152/152 153/153/153 153/153/153 
f 153/153/153 153/153/153 154/154/154 
f 153/153/153 155/155/155 154/154/154 
f 154/154/154 155/155/155 156/156/156 
f 155/155/155 156/156/156 156/156/156 
f 156/156/156 156/156/156 157/157/157 
f 156/156/156 157/157/157 157/157/157 
f 157/157/157 157/157/157 158/158/158 
f 157/157/157 159/159/159 158/158/158 
f 158/158/158 159/159/159 160/160/160 
f 159/159/159 160/160/160 160/160/160 
f 160/160/160 160/160/160 161/161/161 
f 160/160/160 161/161/161 161/161/161 
f 161/161/161 161/161/161 162/162/162 
f 161/161/161 163/163/163 162/162/162 
f 162/162/162 163/163/163 164/164/164 
f 163/163/163 164/164/164 164/164/164 
f 164/164/164 164/164/164 165/165/165 
f 164/164/164 165/165/165 165/165/165 
f 165/165/165 165/165/165 166/166/166 
f 165/165/165 167/167/167 166/166/166 
f 166/166/166 167/167/167 168/168/168 
f 167/167/167 168/168/168 168/168/168 
f 168/168/168 168/168/168 169/169/169 
f 168/168/168 169/169/169 169/169/169 
f 169/169/169 169/169/169 170/170/170 
f 169/169/169 171/171/171 170/170/170 
f 170/170/170 171/171/171 172/172/172 
f 171/171/171 172/172/172 172/172/172 
f 172/172/172 172/172/172 173/173/173 
f 172/172/172 173/173/173 173/173/173 
f 173/173/173 173/173/173 174/174/174 
f 173/173/173 175/175/175 174/174/174 
f 174/174/174 175/175/175 174/174/174 
f 175/175/175 176/176/176 174/174/174 
f 174/174/174 176/176/176 174/174/174 
f 176/176/176 177/177/177 174/174/174 
f 174/174/174 177/177/177 178/178/178 
f 177/177/177 177/177/177 178/178/178 
f 178/178/178 177/177/177 179/179/179 
f 177/177/177 180/180/180 179/179/179 
f 179/179/179 180/180/180 180/180/180 
f 180/180/180 181/181/181 180/180/180 
f 180/180/180 181/181/181 181/181/181 
f 181/181/181 182/182/182 181/181/181 
f 181/181/181 182/182/182 183/183/183 
f 182/182/182 184/184/184 183/183/183 
f 183/183/183 184/184/184 183/183/183 
f 184/184/184 185/185/185 183/183/183 
f 183/183/183 185/185/185 186/186/186 
f 185/185/185 185/185/185 186/186/186 
f 186/186/186 185/185/185 187/187/187 
f 185/185/185 188/188/188 187/187/187 
f 187/187/187 188/188/188 188/188/188 
f 188/188/188 189/189/189 188/188/188 
f 188/188/188 189/189/189 189/189/189 
f 189/189/189 190/190/190 189/189/189 
f 189/189/189 190/190/190 191/191/191 
f 190/190/190 192/192/192 191/191/191 
f 191/191/191 192/192/192 192/192/192 
f 192/192/192 193/193/193 192/192/192 
f 192/192/192 193/193/193 193/193/193 
f 193/193/193 194/194/194 193/193/193 
f 193/193/193 194/194/194 195/195/195 
f 194/194/194 196/196/196 195/195/195 
f 195/195/195 196/196/196 196/196/196 
f 196/196/196 197/197/197 196/196/196 
f 196/196/196 197/197/197 197/197/197 
f 197/197/197 198/198/198 197/197/197 
f 197/197/197 198/198/198 199/199/199 
f 198/198/198 200/200/200 199/199/199 
f 199/199/199 200/200/200 200/200/200 
f 200/200/200 201/201/201 200/200/200 
f 200/200/200 201/201/201 201/201/201 
f 201/201/201 202/202/202 201/201/201 
f 201/201/201 202/202/202 203/203/203 
f 202/202/202 204/204/204 203/203/203 
f 203/203/203 204/204/204 204/204/204 
f 204/204/204 205/205/205 204/204/204 
f 204/204/204 205/205/205 205/205/205 
f 205/205/205 206/206/206 205/205/205 
f 205/205/205 206/206/206 207/207/207 
f 206/206/206 208/208/208 207/207/207 
f 207/207/207 208/208/208 208/208/208 
f 208/208/208 209/209/209 208/208/208 
f 208/208/208 209/209/209 209/209/209 
f 209/209/209 210/210/210 209/209/209 
f 209/209/209 210/210/210 211/211/211 
f 210/210/210 212/212/212 211/211/211 
f 211/211/211 212/212/212 212/212/212 
f 212/212/212 213/213/213 212/212/212 
f 212/212/212 213/213/213 213/213/213 
f 213/213/213 214/214/214 213/213/213 
f 213/213/213 214/214/214 215/215/215 
f 214/214/214 216/216/216 215/215/215 
f 215/215/215 216/216/216 216/216/216 
f 216/216/216 214/214/214 216/216/216 
f 216/216/216 214/214/214 214/214/214 
f 214/214/214 213/213/213 214/214/214 
f 214/214/214 213/213/213 217/217/217 
f 213/213/213 218/218/218 217/217/217 
f 217/217/217 218/218/218 219/219/219 
f 218/218/218 220/220/220 219/219/219 
f 219/219/219 220/220/220 221/221/221 
f 220/220/220 222/222/222 221/221/221 
f 221/221/221 222/222/222 223/223/223 
f 222/222/222 224/224/224 223/223/223 
f 223/223/223 224/224/224 225/225/225 
f 224/224/224 226/226/226 225/225/225 
f 225/225/225 226/226/226 226/226/226 
f 226/226/226 215/215/215 226/226/226 
f 226/226/226 215/215/215 215/215/215 
f 215/215/215 216/216/216 215/215/215 
f 215/215/215 216/216/216 227/227/227 
f 216/216/216 228/228/228 227/227/227 
f 227/227/227 228/228/228 229/229/229 
f 228/228/228 230/230/230 229/229/229 
f 229/229/229 230/230/230 231/231/231 
f 230/230/230 232/232/232 231/231/231 
f 231/231/231 232/232/232 233/233/233 
f 232/232/232 234/234/234 233/233/233 
f 233/233/233 234/234/234 235/235/235 
f 234/234/234 236/236/236 235/235/235 
f 235/235/235 236/236/236 237/237/237 
f 236/236/236 238/238/238 237/237/237 
f 237/237/237 238/238/238 238/238/238 
f 238/238/238 239/239/239 238/238/238 
f 238/238/238 239/239/239 239/239/239 
f 239/239/239 240/240/240 239/239/239 
f 239/239/239 240/240/240 241/241/241 
f 240/240/240 242/242/242 241/241/241 
f 241/241/241 242/242/242 243/243/243 
f 242/242/242 244/244/244 243/243/243 
f 243/243/243 244/244/244 245/245/245 
f 244/244/244 246/246/246 245/245/245 
f 245/245/245 246/246/246 246/246/246 
f 246/246/246 247/247/247 246/246/246 
f 246/246/246 247/247/247 247/247/247 
f 247/247/247 248/248/248 247/247/247 
f 247/247/247 248/248/248 249/249/249 
f 248/248/248 250/250/250 249/249/249 
f 249/249/249 250/250/250 250/250/250 
f 250/250/250 251/251/251 250/250/250 
f 250/250/250 251/251/251 251/251/251 
f 251/251/251 252/252/252 251/251/251 
f 251/251/251 252/252/252 253/253/253 
f 252/252/252 254/254/254 253/253/253 
f 253/253/253 254/254/254 254/254/254 
f 254/254/254 255/255/255 254/254/254 
f 254/254/254 255/255/255 255/255/255 
f 255/255/255 256/256/256 255/255/255 
f 255/255/255 256/256/256 257/257/257 
f 256/256/256 258/258/258 257/257/257 
f 257/257/257 258/258/258 258/258/258 
f 258/258/258 259/259/259 258/258/258 
f 258/258/258 259/259/259 259/259/259 
f 259/259/259 260/260/260 259/259/259 
f 259/259/259 260/260/260 261/261/261 
f 260/260/260 262/262/262 261/261/261 
f 261/261/261 262/262/262 263/263/263 
f 262/262/262 264/264/264 263/263/263 
f 263/263/263 264/264/264 265/265/265 
f 264/264/264 266/266/266 265/265/265 
f 265/265/265 266/266/266 266/266/266 
f 266/266/266 262/262/262 266/266/266 
f 266/266/266 262/262/262 262/262/262 
f 262/262/262 260/260/260 262/262/262 
f 262/262/262 260/260/260 267/267/267 
f 260/260/260 268/268/268 267/267/267 
f 267/267/267 268/268/268 268/268/268 
f 268/268/268 269/269/269 268/268/268 
f 268/268/268 269/269/269 269/269/269 
f 269/269/269 270/270/270 269/269/269 
f 269/269/269 270/270/270 271/271/271 
f 270/270/270 272/272/272 271/271/271 
f 271/271/271 272/272/272 272/272/272 
f 272/272/272 270/270/270 272/272/272 
f 272/272/272 270/270/270 270/270/270 
f 270/270/270 269/269/269 270/270/270 
f 270/270/270 269/269/269 273/273/273 
f 269/269/269 274/274/274 273/273/273 
f 273/273/273 274/274/274 275/275/275 
f 274/274/274 276/276/276 275/275/275 
f 275/275/275 276/276/276 277/277/277 
f 276/276/276 278/278/278 277/277/277 
f 277/277/277 278/278/278 279/279/279 
f 278/278/278 280/280/280 279/279/279 
f 279/279/279 280/280/280 281/281/281 
f 280/280/280 282/282/282 281/281/281 
f 281/281/281 282/282/282 281/281/281 
f 282/282/282 270/270/270 281/281/281 
f 281/281/281 270/270/270 279/279/279 
f 270/270/270 273/273/273 279/279/279 
f 279/279/279 273/273/273 279/279/279 
f 273/273/273 275/275/275 279/279/279 
f 279/279/279 275/275/275 277/277/277 
f 275/275/275 277/277/277 277/277/277 
f 277/277/277 277/277/277 280/280/280 
f 277/277/277 280/280/280 280/280/280 
f 280/280/280 280/280/280 282/282/282 
f 280/280/280 283/283/283 282/282/282 
f 282/282/282 283/283/283 282/282/282 
f 283/283/283 272/272/272 282/282/282 
f 282/282/282 272/272/272 284/284/284 
f 272/272/272 270/270/270 284/284/284 
f 284/284/284 270/270/270 282/282/282 
f 270/270/270 282/282/282 282/282/282 
f 282/282/282 282/282/282 285/285/285 
f 282/282/282 285/285/285 285/285/285 
f 285/285/285 285/285/285 286/286/286 
f 285/285/285 287/287/287 286/286/286 
f 286/286/286 287/287/287 286/286/286 
f 287/287/287 288/288/288 286/286/286 
f 286/286/286 288/288/288 286/286/286 
f 288/288/288 289/289/289 286/286/286 
f 286/286/286 289/289/289 290/290/290 
f 289/289/289 291/291/291 290/290/290 
f 290/290/290 291/291/291 292/292/292 
f 291/291/291 292/292/292 292/292/292 
f 292/292/292 292/292/292 293/293/293 
f 292/292/292 293/293/293 293/293/293 
f 293/293/293 293/293/293 294/294/294 
f 293/293/293 295/295/295 294/294/294 
f 294/294/294 295/295/295 296/296/296 
f 295/295/295 296/296/296 296/296/296 
f 296/296/296 296/296/296 297/297/297 
f 296/296/296 297/297/297 297/297/297 
f 297/297/297 297/297/297 298/298/298 
f 297/297/297 299/299/299 298/298/298 
f 298/298/298 299/299/299 300/300/300 
f 299/299/299 300/300/300 300/300/300 
f 300/300/300 300/300/300 301/301/301 
f 300/300/300 301/301/301 301/301/301 
f 301/301/301 301/301/301 302/302/302 
f 301/301/301 303/303/303 302/302/302 
f 302/302/302 303/303/303 304/304/304 
f 303/303/303 304/304/304 304/304/304 
f 304/304/304 304/304/304 305/305/305 
f 304/304/304 305/305/305 305/305/305 
f 305/305/305 305/305/305 306/306/306 
f 305/305/305 307/307/307 306/306/306 
f 306/306/306 307/307/307 308/308/308 
f 307/307/307 308/308/308 308/308/308 
f 308/308/308 308/308/308 309/309/309 
f 308/308/308 309/309/309 309/309/309 
f 309/309/309 309/309/309 310/310/310 
f 309/309/309 311/311/311 310/310/310 
f 310/310/310 311/311/311 312/312/312 
f 311/311/311 312/312/312 312/312/312 
f 312/312/312 312/312/312 313/313/313 
f 312/312/312 313/313/313 313/313/313 
f 313/313/313 313/313/313 314/314/314 
f 313/313/313 315/315/315 314/314/314 
f 314/314/314 315/315/315 316/316/316 
f 315/315/315 316/316/316 316/316/316 
f 316/316/316 316/316/316 317/317/317 
f 316/316/316 317/317/317 317/317/317 
f 317/317/317 317/317/317 318/318/318 
f 317/317/317 319/319/319 318/318/318 
f 318/318/318 319/319/319 320/320/320 
f 319/319/319 320/320/320 320/320/320 
f 320/320/320 320/320/320 321/321/321 
f 320/320/320 321/321/321 321/321/321 
f 321/321/321 321/321/321 322/322/322 
f 321/321/321 323/323/323 322/322/322 
f 322/322/322 323/323/323 322/322/322 
f 323/323/323 324/324/324 322/322/322 
f 322/322/322 324/324/324 322/322/322 
f 324/324/324 325/325/325 322/322/322 
f 322/322/322 325/325/325 326/326/326 
f 325/325/325 327/327/327 326/326/326 
f 326/326/326 327/327/327 328/328/328 
f 327/327/327 328/328/328 328/328/328 
f 328/328/328 328/328/328 329/329/329 
f 328/328/328 329/329/329 329/329/329 
f 329/329/329 329/329/329 330/330/330 
f 329/329/329 322/322/322 330/330/330 
f 330/330/330 322/322/322 330/330/330 
f 322/322/322 326/326/326 330/330/330 
f 330/330/330 326/326/326 331/331/331 
f 326/326/326 331/331/331 331/331/331 
f 331/331/331 331/331/331 325/325/325 
f 331/331/331 325/325/325 325/325/325 
f 325/325/325 325/325/325 327/327/327 
f 325/325/325 332/332/332 327/327/327 
f 327/327/327 332/332/332 332/332/332 
f 332/332/332 333/333/333 332/332/332 
f 332/332/332 333/333/333 333/333/333 
f 333/333/333 334/334/334 333/333/333 
f 333/333/333 334/334/334 335/335/335 
f 334/334/334 335/335/335 335/335/335 
f 335/335/335 335/335/335 336/336/336 
f 335/335/335 336/336/336 336/336/336 
f 336/336/336 336/336/336 337/337/337 
f 336/336/336 338/338/338 337/337/337 
f 337/337/337 338/338/338 339/339/339 
f 338/338/338 339/339/339 339/339/339 
f 339/339/339 339/339/339 340/340/340 
f 339/339/339 340/340/340 340/340/340 
f 340/340/340 340/340/340 341/341/341 
f 340/340/340 342/342/342 341/341/341 
f 341/341/341 342/342/342 343/343/343 
f 342/342/342 343/343/343 343/343/343 
f 343/343/343 343/343/343 344/344/344 
f 343/343/343 344/344/344 344/344/344 
f 344/344/344 344/344/344 345/345/345 
f 344/344/344 346/346/346 345/345/345 
f 345/345/345 346/346/346 345/345/345 
f 346/346/346 347/347/347 345/345/345 
f 345/345/345 347/347/347 345/345/345 
f 347/347/347 348/348/348 345/345/345 
f 345/345/345 348/348/348 349/349/349 
f 348/348/348 349/349/349 349/349/349 
f 349/349/349 349/349/349 350/350/350 
f 349/349/349 350/350/350 350/350/350 
f 350/350/350 350/350/350 351/351/351 
f 350/350/350 352/352/352 351/351/351 
f 351/351/351 352/352/352 353/353/353 
f 352/352/352 353/353/353 353/353/353 
f 353/353/353 353/353/353 354/354/354 
f 353/353/353 354/354/354 354/354/354 
f 354/354/354 354/354/354 355/355/355 
f 354/354/354 356/356/356 355/355/355 
f 355/355/355 356/356/356 357/357/357 
f 356/356/356 357/357/357 357/357/357 
f 357/357/357 357/357/357 358/358/358 
f 357/357/357 358/358/358 358/358/358 
f 358/358/358 358/358/358 359/359/359 
f 358/358/358 360/360/360 359/359/359 
f 359/359/359 360/360/360 361/361/361 
f 360/360/360 360/360/360 361/361/361 
f 361/361/361 360/360/360 362/362/362 
f 360/360/360 363/363/363 362/362/362 
f 362/362/362 363/363/363 363/363/363 
f 363/363/363 364/364/364 363/363/363 
f 363/363/363 364/364/364 364/364/364 
f 364/364/364 365/365/365 364/364/364 
f 364/364/364 365/365/365 366/366/366 
f 365/365/365 367/367/367 366/366/366 
f 366/366/366 367/367/367 367/367/367 
f 367/367/367 368/368/368 367/367/367 
f 367/367/367 368/368/368 368/368/368 
f 368/368/368 369/369/369 368/368/368 
f 368/368/368 369/369/369 370/370/370 
f 369/369/369 371/371/371 370/370/370 
f 370/370/370 371/371/371 371/371/371 
f 371/371/371 372/372/372 371/371/371 
f 371/371/371 372/372/372 372/372/372 
f 372/372/372 373/373/373 372/372/372 
f 372/372/372 373/373/373 374/374/374 
f 373/373/373 375/375/375 374/374/374 
f 374/374/374 375/375/375 375/375/375 
f 375/375/375 376/376/376 375/375/375 
f 375/375/375 376/376/376 376/376/376 
f 376/376/376 377/377/377 376/376/376 
f 376/376/376 377/377/377 378/378/378 
f 377/377/377 379/379/379 378/378/378 
f 378/378/378 379/379/379 379/379/379 
f 379/379/379 380/380/380 379/379/379 
f 379/379/379 380/380/380 380/380/380 
f 380/380/380 381/381/381 380/380/380 
f 380/380/380 381/381/381 382/382/382 
f 381/381/381 383/383/383 382/382/382 
f 382/382/382 383/383/383 383/383/383 
f 383/383/383 384/384/384 383/383/383 
f 383/383/383 384/384/384 384/384/384 
f 384/384/384 385/385/385 384/384/384 
f 384/384/384 385/385/385 386/386/386 
f 385/385/385 387/387/387 386/386/386 
f 386/386/386 387/387/387 387/387/387 
f 387/387/387 388/388/388 387/387/387 
f 387/387/387 388/388/388 388/388/388 
f 388/388/388 389/389/389 388/388/388 
f 388/388/388 389/389/389 390/390/390 
f 389/389/389 391/391/391 390/390/390 
f 390/390/390 391/391/391 391/391/391 
f 391/391/391 392/392/392 391/391/391 
f 391/391/391 392/392/392 392/392/392 
f 392/392/392 393/393/393 392/392/392 
f 392/392/392 393/393/393 394/394/394 
f 393/393/393 395/395/395 394/394/394 
f 394/394/394 395/395/395 395/395/395 
f 395/395/395 396/396/396 395/395/395 
f 395/395/395 396/396/396 396/396/396 
f 396/396/396 397/397/397 396/396/396 
f 396/396/396 397/397/397 398/398/398 
f 397/397/397 399/399/399 398/398/398 
f 398/398/398 399/399/399 398/398/398 
f 399/399/399 400/400/400 398/398/398 
f 398/398/398 400/400/400 401/401/401 
f 400/400/400 400/400/400 401/401/401 
f 401/401/401 400/400/400 402/402/402 
f 400/400/400 403/403/403 402/402/402 
f 402/402/402 403/403/403 403/403/403 
f 403/403/403 404/404/404 403/403/403 
f 403/403/403 404/404/404 404/404/404 
f 404/404/404 405/405/405 404/404/404 
f 404/404/404 405/405/405 406/406/406 
f 405/405/405 405/405/405 406/406/406 
f 406/406/406 405/405/405 407/407/407 
f 405/405/405 408/408/408 407/407/407 
f 407/407/407 408/408/408 409/409/409 
f 408/408/408 410/410/410 409/409/409 
f 409/409/409 410/410/410 411/411/411 
f 410/410/410 412/412/412 411/411/411 
f 411/411/411 412/412/412 413/413/413 
f 412/412/412 414/414/414 413/413/413 
f 413/413/413 414/414/414 415/415/415 
f 414/414/414 415/415/415 415/415/415 
f 415/415/415 415/415/415 416/416/416 
f 415/415/415 416/416/416 416/416/416 
f 416/416/416 416/416/416 417/417/417 
f 416/416/416 418/418/418 417/417/417 
f 417/417/417 418/418/418 419/419/419 
f 418/418/418 420/420/420 419/419/419 
f 419/419/419 420/420/420 420/420/420 
f 420/420/420 421/421/421 420/420/420 
f 420/420/420 421/421/421 421/421/421 
f 421/421/421 422/422/422 421/421/421 
f 421/421/421 422/422/422 423/423/423 
f 422/422/422 422/422/422 423/423/423 
f 423/423/423 422/422/422 424/424/424 
f 422/422/422 425/425/425 424/424/424 
f 424/424/424 425/425/425 426/426/426 
f 425/425/425 427/427/427 426/426/426 
f 426/426/426 427/427/427 428/428/428 
f 427/427/427 427/427/427 428/428/428 
f 428/428/428 427/427/427 429/429/429 
f 427/427/427 430/430/430 429/429/429 
f 429/429/429 430/430/430 430/430/430 
f 430/430/430 431/431/431 430/430/430 
f 430/430/430 431/431/431 431/431/431 
f 431/431/431 432/432/432 431/431/431 
f 431/431/431 432/432/432 433/433/433 
f 432/432/432 432/432/432 433/433/433 
f 433/433/433 432/432/432 434/434/434 
f 432/432/432 435/435/435 434/434/434 
f 434/434/434 435/435/435 436/436/436 
f 435/435/435 437/437/437 436/436/436 
f 436/436/436 437/437/437 438/438/438 
f 437/437/437 437/437/437 438/438/438 
f 438/438/438 437/437/437 439/439/439 
f 437/437/437 440/440/440 439/439/439 
f 439/439/439 440/440/440 440/440/440 
f 440/440/440 441/441/441 440/440/440 
f 440/440/440 441/441/441 441/441/441 
f 441/441/441 442/442/442 441/441/441 
f 441/441/441 442/442/442 443/443/443 
f 442/442/442 444/444/444 443/443/443 
f 443/443/443 444/444/444 444/444/444 
f 444/444/444 445/445/445 444/444/444 
f 444/444/444 445/445/445 445/445/445 
f 445/445/445 446/446/446 445/445/445 
f 445/445/445 446/446/446 447/447/447 
f 446/446/446 448/448/448 447/447/447 
f 447/447/447 448/448/448 448/448/448 
f 448/448/448 449/449/449 448/448/448 
f 448/448/448 449/449/449 449/449/449 
f 449/449/449 450/450/450 449/449/449 
f 449/449/449 450/450/450 451/451/451 
f 450/450/450 450/450/450 451/451/451 
f 451/451/451 450/450/450 452/452/452 
f 450/450/450 453/453/453 452/452/452 
f 452/452/452 453/453/453 454/454/454 
f 453/453/453 455/455/455 454/454/454 
f 454/454/454 455/455/455 456/456/456 
f 455/455/455 455/455/455 456/456/456 
f 456/456/456 455/455/455 457/457/457 
f 455/455/455 458/458/458 457/457/457 
f 457/457/457 458/458/458 458/458/458 
f 458/458/458 459/459/459 458/458/458 
f 458/458/458 459/459/459 459/459/459 
f 459/459/459 460/460/460 459/459/459 
f 459/459/459 460/460/460 461/461/461 
f 460/460/460 462/462/462 461/461/461 
f 461/461/461 462/462/462 462/462/462 
f 462/462/462 463/463/463 462/462/462 
f 462/462/462 463/463/463 463/463/463 
f 463/463/463 464/464/464 463/463/463 
f 463/463/463 464/464/464 465/465/465 
f 464/464/464 464/464/464 465/465/465 
f 465/465/465 464/464/464 466/466/466 
f 464/464/464 467/467/467 466/466/466 
f 466/466/466 467/467/467 468/468/468 
f 467/467/467 469/469/469 468/468/468 
f 468/468/468 469/469/469 470/470/470 
f 469/469/469 469/469/469 470/470/470 
f 470/470/470 469/469/469 471/471/471 
f 469/469/469 472/472/472 471/471/471 
f 471/471/471 472/472/472 472/472/472 
f 472/472/472 473/473/473 472/472/472 
f 472/472/472 473/473/473 473/473/473 
f 473/473/473 474/474/474 473/473/473 
f 473/473/473 474/474/474 475/475/475 
f 474/474/474 476/476/476 475/475/475 
f 475/475/475 476/476/476 476/476/476 
f 476/476/476 477/477/477 476/476/476 
f 476/476/476 477/477/477 477/477/477 
f 477/477/477 478/478/478 477/477/477 
f 477/477/477 478/478/478 479/479/479 
f 478/478/478 480/480/480 479/479/479 
f 479/479/479 480/480/480 480/480/480 
f 480/480/480 481/481/481 480/480/480 
f 480/480/480 481/481/481 481/481/481 
f 481/481/481 482/482/482 481/481/481 
f 481/481/481 482/482/482 483/483/483 
f 482/482/482 484/484/484 483/483/483 
f 483/483/483 484/484/484 484/484/484 
f 484/484/484 485/485/485 484/484/484 
f 484/484/484 485/485/485 485/485/485 
f 485/485/485 486/486/486 485/485/485 
f 485/485/485 486/486/486 487/487/487 
f 486/486/486 488/488/488 487/487/487 
f 487/487/487 488/488/488 489/489/489 
f 488/488/488 490/490/490 489/489/489 
f 489/489/489 490/490/490 491/491/491 
f 490/490/490 491/491/491 491/491/491 
f 491/491/491 491/491/491 492/492/492 
f 491/491/491 492/492/492 492/492/492 
f 492/492/492 492/492/492 486/486/486 
f 492/492/492 493/493/493 486/486/486 
f 486/486/486 493/493/493 486/486/486 
f 493/493/493 494/494/494 486/486/486 
f 486/486/486 494/494/494 488/488/488 
f 494/494/494 488/488/488 488/488/488 
f 488/488/488 488/488/488 489/489/489 
f 488/488/488 489/489/489 489/489/489 
f 489/489/489 489/489/489 487/487/487 
f 489/489/489 495/495/495 487/487/487 
f 487/487/487 495/495/495 495/495/495 
f 495/495/495 488/488/488 495/495/495 
f 495/495/495 488/488/488 488/488/488 
f 488/488/488 496/496/496 488/488/488 
f 488/488/488 496/496/496 490/490/490 
f 496/496/496 490/490/490 490/490/490 
f 490/490/490 490/490/490 497/497/497 
f 490/490/490 497/497/497 497/497/497 
f 497/497/497 497/497/497 498/498/498 
f 497/497/497 499/499/499 498/498/498 
f 498/498/498 499/499/499 498/498/498 
f 499/499/499 500/500/500 498/498/498 
f 498/498/498 500/500/500 498/498/498 
f 500/500/500 501/501/501 498/498/498 
f 498/498/498 501/501/501 502/502/502 
f 501/501/501 503/503/503 502/502/502 
f 502/502/502 503/503/503 504/504/504 
f 503/503/503 503/503/503 504/504/504 
f 504/504/504 503/503/503 505/505/505 
f 503/503/503 506/506/506 505/505/505 
f 505/505/505 506/506/506 506/506/506 
f 506/506/506 507/507/507 506/506/506 
f 506/506/506 507/507/507 507/507/507 
f 507/507/507 508/508/508 507/507/507 
f 507/507/507 508/508/508 509/509/509 
f 508/508/508 510/510/510 509/509/509 
f 509/509/509 510/510/510 509/509/509 
f 510/510/510 511/511/511 509/509/509 
f 509/509/509 511/511/511 512/512/512 
f 511/511/511 513/513/513 512/512/512 
f 512/512/512 513/513/513 514/514/514 
f 513/513/513 513/513/513 514/514/514 
f 514/514/514 513/513/513 515/515/515 
f 513/513/513 513/513/513 515/515/515 
f 515/515/515 513/513/513 516/516/516 
f 513/513/513 517/517/517 516/516/516 
f 516/516/516 517/517/517 518/518/518 
f 517/517/517 518/518/518 518/518/518 
f 518/518/518 518/518/518 508/508/508 
f 518/518/518 508/508/508 508/508/508 
f 508/508/508 508/508/508 510/510/510 
f 508/508/508 519/519/519 510/510/510 
f 510/510/510 519/519/519 520/520/520 
f 519/519/519 519/519/519 520/520/520 
f 520/520/520 519/519/519 521/521/521 
f 519/519/519 522/522/522 521/521/521 
f 521/521/521 522/522/522 523/523/523 
f 522/522/522 524/524/524 523/523/523 
f 523/523/523 524/524/524 525/525/525 
f 524/524/524 526/526/526 525/525/525 
f 525/525/525 526/526/526 527/527/527 
f 526/526/526 528/528/528 527/527/527 
f 527/527/527 528/528/528 529/529/529 
f 528/528/528 530/530/530 529/529/529 
f 529/529/529 530/530/530 531/531/531 
f 530/530/530 532/532/532 531/531/531 
f 531/531/531 532/532/532 533/533/533 
f 532/532/532 534/534/534 533/533/533 
f 533/533/533 534/534/534 535/535/535 
f 534/534/534 536/536/536 535/535/535 
f 535/535/535 536/536/536 537/537/537 
f 536/536/536 538/538/538 537/537/537 
f 537/537/537 538/538/538 539/539/539 
f 538/538/538 540/540/540 539/539/539 
f 539/539/539 540/540/540 541/541/541 
f 540/540/540 542/542/542 541/541/541 
f 541/541/541 542/542/542 543/543/543 
f 542/542/542 544/544/544 543/543/543 
f 543/543/543 544/544/544 545/545/545 
f 544/544/544 546/546/546 545/545/545 
f 545/545/545 546/546/546 547/547/547 
f 546/546/546 548/548/548 547/547/547 
f 547/547/547 548/548/548 549/549/549 
f 548/548/548 550/550/550 549/549/549 
f 549/549/549 550/550/550 549/549/549 
f 550/550/550 551/551/551 549/549/549 
f 549/549/549 551/551/551 552/552/552 
f 551/551/551 553/553/553 552/552/552 
f 552/552/552 553/553/553 554/554/554 
f 553/553/553 555/555/555 554/554/554 
f 554/554/554 555/555/555 556/556/556 
f 555/555/555 557/557/557 556/556/556 
f 556/556/556 557/557/557 558/558/558 
f 557/557/557 559/559/559 558/558/558 
f 558/558/558 559/559/559 560/560/560 
f 559/559/559 561/561/561 560/560/560 
f 560/560/560 561/561/561 562/562/562 
f 561/561/561 563/563/563 562/562/562 
f 562/562/562 563/563/563 564/564/564 
f 563/563/563 565/565/565 564/564/564 
f 564/564/564 565/565/565 566/566/566 
f 565/565/565 567/567/567 566/566/566 
f 566/566/566 567/567/567 568/568/568 
f 567/567/567 569/569/569 568/568/568 
f 568/568/568 569/569/569 570/570/570 
f 569/569/569 571/571/571 570/570/570 
f 570/570/570 571/571/571 572/572/572 
f 571/571/571 573/573/573 572/572/572 
f 572/572/572 573/573/573 572/572/572 
f 573/573/573 574/574/574 572/572/572 
f 572/572/572 574/574/574 572/572/572 
f 574/574/574 575/575/575 572/572/572 
f 572/572/572 575/575/575 576/576/576 
f 575/575/575 577/577/577 576/576/576 
f 576/576/576 577/577/577 577/577/577 
f 577/577/577 513/513/513 577/577/577 
f 577/577/577 513/513/513 513/513/513 
f 513/513/513 511/511/511 513/513/513 
f 513/513/513 511/511/511 517/517/517 
f 511/511/511 511/511/511 517/517/517 
f 517/517/517 511/511/511 578/578/578 
f 511/511/511 510/510/510 578/578/578 
f 578/578/578 510/510/510 520/520/520 
f 510/510/510 520/520/520 520/520/520 
f 520/520/520 520/520/520 572/572/572 
f 520/520/520 572/572/572 572/572/572 
f 572/572/572 572/572/572 570/570/570 
f 572/572/572 576/576/576 570/570/570 
f 570/570/570 576/576/576 570/570/570 
f 576/576/576 579/579/579 570/570/570 
f 570/570/570 579/579/579 568/568/568 
f 579/579/579 580/580/580 568/568/568 
f 568/568/568 580/580/580 566/566/566 
f 580/580/580 581/581/581 566/566/566 
f 566/566/566 581/581/581 564/564/564 
f 581/581/581 582/582/582 564/564/564 
f 564/564/564 582/582/582 562/562/562 
f 582/582/582 583/583/583 562/562/562 
f 562/562/562 583/583/583 562/562/562 
f 583/583/583 584/584/584 562/562/562 
f 562/562/562 584/584/584 560/560/560 
f 584/584/584 585/585/585 560/560/560 
f 560/560/560 585/585/585 558/558/558 
f 585/585/585 586/586/586 558/558/558 
f 558/558/558 586/586/586 556/556/556 
f 586/586/586 587/587/587 556/556/556 
f 556/556/556 587/587/587 554/554/554 
f 587/587/587 588/588/588 554/554/554 
f 554/554/554 588/588/588 552/552/552 
f 588/588/588 589/589/589 552/552/552 
f 552/552/552 589/589/589 549/549/549 
f 589/589/589 590/590/590 549/549/549 
f 549/549/549 590/590/590 547/547/547 
f 590/590/590 591/591/591 547/547/547 
f 547/547/547 591/591/591 545/545/545 
f 591/591/591 592/592/592 545/545/545 
f 545/545/545 592/592/592 543/543/543 
f 592/592/592 593/593/593 543/543/543 
f 543/543/543 593/593/593 541/541/541 
f 593/593/593 594/594/594 541/541/541 
f 541/541/541 594/594/594 539/539/539 
f 594/594/594 595/595/595 539/539/539 
f 539/539/539 595/595/595 537/537/537 
f 595/595/595 596/596/596 537/537/537 
f 537/537/537 596/596/596 535/535/535 
f 596/596/596 597/597/597 535/535/535 
f 535/535/535 597/597/597 533/533/533 
f 597/597/597 598/598/598 533/533/533 
f 533/533/533 598/598/598 531/531/531 
f 598/598/598 599/599/599 531/531/531 
f 531/531/531 599/599/599 529/529/529 
f 599/599/599 600/600/600 529/529/529 
f 529/529/529 600/600/600 527/527/527 
f 600/600/600 601/601/601 527/527/527 
f 527/527/527 601/601/601 525/525/525 
f 601/601/601 602/602/602 525/525/525 
f 525/525/525 602/602/602 523/523/523 
f 602/602/602 603/603/603 523/523/523 
f 523/523/523 603/603/603 521/521/521 
f 603/603/603 603/603/603 521/521/521 
f 521/521/521 603/603/603 520/520/520 
f 603/603/603 603/603/603 520/520/520 
f 520/520/520 603/603/603 578/578/578 
f 603/603/603 603/603/603 578/578/578 
f 578/578/578 603/603/603 517/517/517 
f 603/603/603 604/604/604 517/517/517 
f 517/517/517 604/604/604 518/518/518 
f 604/604/604 604/604/604 518/518/518 
f 518/518/518 604/604/604 605/605/605 
f 604/604/604 604/604/604 605/605/605 
f 605/605/605 604/604/604 606/606/606 
f 604/604/604 604/604/604 606/606/606 
f 606/606/606 604/604/604 607/607/607 
f 604/604/604 602/602/602 607/607/607 
f 607/607/607 602/602/602 607/607/607 
f 602/602/602 601/601/601 607/607/607 
f 607/607/607 601/601/601 608/608/608 
f 601/601/601 600/600/600 608/608/608 
f 608/608/608 600/600/600 609/609/609 
f 600/600/600 599/599/599 609/609/609 
f 609/609/609 599/599/599 610/610/610 
f 599/599/599 598/598/598 610/610/610 
f 610/610/610 598/598/598 611/611/611 
f 598/598/598 597/597/597 611/611/611 
f 611/611/611 597/597/597 612/612/612 
f 597/597/597 596/596/596 612/612/612 
f 612/612/612 596/596/596 613/613/613 
f 596/596/596 595/595/595 613/613/613 
f 613/613/613 595/595/595 614/614/614 
f 595/595/595 594/594/594 614/614/614 
f 614/614/614 594/594/594 615/615/615 
f 594/594/594 593/593/593 615/615/615 
f 615/615/615 593/593/593 616/616/616 
f 593/593/593 592/592/592 616/616/616 
f 616/616/616 592/592/592 617/617/617 
f 592/592/592 591/591/591 617/617/617 
f 617/617/617 591/591/591 618/618/618 
f 591/591/591 590/590/590 618/618/618 
f 618/618/618 590/590/590 619/619/619 
f 590/590/590 589/589/589 619/619/619 
f 619/619/619 589/589/589 620/620/620 
f 589/589/589 589/589/589 620/620/620 
f 620/620/620 589/589/589 621/621/621 
f 589/589/589 588/588/588 621/621/621 
f 621/621/621 588/588/588 622/622/622 
f 588/588/588 587/587/587 622/622/622 
f 622/622/622 587/587/587 623/623/623 
f 587/587/587 586/586/586 623/623/623 
f 623/623/623 586/586/586 624/624/624 
f 586/586/586 585/585/585 624/624/624 
f 624/624/624 585/585/585 625/625/625 
f 585/585/585 584/584/584 625/625/625 
f 625/625/625 584/584/584 626/626/626 
f 584/584/584 583/583/583 626/626/626 
f 626/626/626 583/583/583 627/627/627 
f 583/583/583 582/582/582 627/627/627 
f 627/627/627 582/582/582 628/628/628 
f 582/582/582 581/581/581 628/628/628 
f 628/628/628 581/581/581 629/629/629 
f 581/581/581 580/580/580 629/629/629 
f 629/629/629 580/580/580 630/630/630 
f 580/580/580 579/579/579 630/630/630 
f 630/630/630 579/579/579 631/631/631 
f 579/579/579 576/576/576 631/631/631 
f 631/631/631 576/576/576 631/631/631 
f 576/576/576 577/577/577 631/631/631 
f 631/631/631 577/577/577 632/632/632 
f 577/577/577 633/633/633 632/632/632 
f 632/632/632 633/633/633 633/633/633 
f 633/633/633 602/602/602 633/633/633 
f 633/633/633 602/602/602 602/602/602 
f 602/602/602 604/604/604 602/602/602 
f 602/602/602 604/604/604 603/603/603 
f 604/604/604 603/603/603 603/603/603 
f 603/603/603 603/603/603 632/632/632 
f 603/603/603 632/632/632 632/632/632 
f 632/632/632 632/632/632 631/631/631 
f 632/632/632 634/634/634 631/631/631 
f 631/631/631 634/634/634 630/630/630 
f 634/634/634 635/635/635 630/630/630 
f 630/630/630 635/635/635 629/629/629 
f 635/635/635 636/636/636 629/629/629 
f 629/629/629 636/636/636 628/628/628 
f 636/636/636 637/637/637 628/628/628 
f 628/628/628 637/637/637 627/627/627 
f 637/637/637 638/638/638 627/627/627 
f 627/627/627 638/638/638 626/626/626 
f 638/638/638 638/638/638 626/626/626 
f 626/626/626 638/638/638 625/625/625 
f 638/638/638 639/639/639 625/625/625 
f 625/625/625 639/639/639 624/624/624 
f 639/639/639 640/640/640 624/624/624 
f 624/624/624 640/640/640 623/623/623 
f 640/640/640 641/641/641 623/623/623 
f 623/623/623 641/641/641 622/622/622 
f 641/641/641 642/642/642 622/622/622 
f 622/622/622 642/642/642 621/621/621 
f 642/642/642 643/643/643 621/621/621 
f 621/621/621 643/643/643 620/620/620 
f 643/643/643 644/644/644 620/620/620 
f 620/620/620 644/644/644 619/619/619 
f 644/644/644 645/645/645 619/619/619 
f 619/619/619 645/645/645 618/618/618 
f 645/645/645 646/646/646 618/618/618 
f 618/618/618 646/646/646 617/617/617 
f 646/646/646 647/647/647 617/617/617 
f 617/617/617 647/647/647 616/616/616 
f 647/647/647 648/648/648 616/616/616 
f 616/616/616 648/648/648 615/615/615 
f 648/648/648 649/649/649 615/615/615 
f 615/615/615 649/649/649 614/614/614 
f 649/649/649 650/650/650 614/614/614 
f 614/614/614 650/650/650 613/613/613 
f 650/650/650 651/651/651 613/613/613 
f 613/613/613 651/651/651 612/612/612 
f 651/651/651 652/652/652 612/612/612 
f 612/612/612 652/652/652 611/611/611 
f 652/652/652 653/653/653 611/611/611 
f 611/611/611 653/653/653 610/610/610 
f 653/653/653 654/654/654 610/610/610 
f 610/610/610 654/654/654 609/609/609 
f 654/654/654 655/655/655 609/609/609 
f 609/609/609 655/655/655 608/608/608 
f 655/655/655 656/656/656 608/608/608 
f 608/608/608 656/656/656 607/607/607 
f 656/656/656 606/606/606 607/607/607 
f 607/607/607 606/606/606 606/606/606 
f 606/606/606 657/657/657 606/606/606 
f 606/606/606 657/657/657 657/657/657 
f 657/657/657 658/658/658 657/657/657 
f 657/657/657 658/658/658 659/659/659 
f 658/658/658 660/660/660 659/659/659 
f 659/659/659 660/660/660 661/661/661 
f 660/660/660 662/662/662 661/661/661 
f 661/661/661 662/662/662 663/663/663 
f 662/662/662 664/664/664 663/663/663 
f 663/663/663 664/664/664 665/665/665 
f 664/664/664 666/666/666 665/665/665 
f 665/665/665 666/666/666 667/667/667 
f 666/666/666 668/668/668 667/667/667 
f 667/667/667 668/668/668 669/669/669 
f 668/668/668 670/670/670 669/669/669 
f 669/669/669 670/670/670 671/671/671 
f 670/670/670 672/672/672 671/671/671 
f 671/671/671 672/672/672 673/673/673 
f 672/672/672 674/674/674 673/673/673 
f 673/673/673 674/674/674 675/675/675 
f 674/674/674 676/676/676 675/675/675 
f 675/675/675 676/676/676 677/677/677 
f 676/676/676 678/678/678 677/677/677 
f 677/677/677 678/678/678 679/679/679 
f 678/678/678 680/680/680 679/679/679 
f 679/679/679 680/680/680 681/681/681 
f 680/680/680 682/682/682 681/681/681 
f 681/681/681 682/682/682 683/683/683 
f 682/682/682 684/684/684 683/683/683 
f 683/683/683 684/684/684 685/685/685 
f 684/684/684 686/686/686 685/685/685 
f 685/685/685 686/686/686 687/687/687 
f 686/686/686 688/688/688 687/687/687 
f 687/687/687 688/688/688 689/689/689 
f 688/688/688 690/690/690 689/689/689 
f 689/689/689 690/690/690 689/689/689 
f 690/690/690 691/691/691 689/689/689 
f 689/689/689 691/691/691 692/692/692 
f 691/691/691 693/693/693 692/692/692 
f 692/692/692 693/693/693 694/694/694 
f 693/693/693 695/695/695 694/694/694 
f 694/694/694 695/695/695 696/696/696 
f 695/695/695 697/697/697 696/696/696 
f 696/696/696 697/697/697 698/698/698 
f 697/697/697 699/699/699 698/698/698 
f 698/698/698 699/699/699 698/698/698 
f 699/699/699 700/700/700 698/698/698 
f 698/698/698 700/700/700 698/698/698 
f 700/700/700 701/701/701 698/698/698 
f 698/698/698 701/701/701 702/702/702 
f 701/701/701 703/703/703 702/702/702 
f 702/702/702 703/703/703 703/703/703 
f 703/703/703 698/698/698 703/703/703 
f 703/703/703 698/698/698 698/698/698 
f 698/698/698 702/702/702 698/698/698 
f 698/698/698 702/702/702 696/696/696 
f 702/702/702 704/704/704 696/696/696 
f 696/696/696 704/704/704 694/694/694 
f 704/704/704 705/705/705 694/694/694 
f 694/694/694 705/705/705 692/692/692 
f 705/705/705 706/706/706 692/692/692 
f 692/692/692 706/706/706 689/689/689 
f 706/706/706 707/707/707 689/689/689 
f 689/689/689 707/707/707 689/689/689 
f 707/707/707 708/708/708 689/689/689 
f 689/689/689 708/708/708 687/687/687 
f 708/708/708 709/709/709 687/687/687 
f 687/687/687 709/709/709 685/685/685 
f 709/709/709 710/710/710 685/685/685 
f 685/685/685 710/710/710 683/683/683 
f 710/710/710 711/711/711 683/683/683 
f 683/683/683 711/711/711 681/681/681 
f 711/711/711 712/712/712 681/681/681 
f 681/681/681 712/712/712 679/679/679 
f 712/712/712 713/713/713 679/679/679 
f 679/679/679 713/713/713 677/677/677 
f 713/713/713 714/714/714 677/677/677 
f 677/677/677 714/714/714 675/675/675 
f 714/714/714 715/715/715 675/675/675 
f 675/675/675 715/715/715 673/673/673 
f 715/715/715 716/716/716 673/673/673 
f 673/673/673 716/716/716 671/671/671 
f 716/716/716 717/717/717 671/671/671 
f 671/671/671 717/717/717 669/669/669 
f 717/717/717 718/718/718 669/669/669 
f 669/669/669 718/718/718 667/667/667 
f 718/718/718 719/719/719 667/667/667 
f 667/667/667 719/719/719 665/665/665 
f 719/719/719 720/720/720 665/665/665 
f 665/665/665 720/720/720 663/663/663 
f 720/720/720 721/721/721 663/663/663 
f 663/663/663 721/721/721 661/661/661 
f 721/721/721 721/721/721 661/661/661 
f 661/661/661 721/721/721 659/659/659 
f 721/721/721 722/722/722 659/659/659 
f 659/659/659 722/722/722 657/657/657 
f 722/722/722 722/722/722 657/657/657 
f 657/657/657 722/722/722 723/723/723 
f 722/722/722 724/724/724 723/723/723 
f 723/723/723 724/724/724 725/725/725 
f 724/724/724 724/724/724 725/725/725 
f 725/725/725 724/724/724 726/726/726 
f 724/724/724 724/724/724 726/726/726 
f 726/726/726 724/724/724 727/727/727 
f 724/724/724 728/728/728 727/727/727 
f 727/727/727 728/728/728 729/729/729 
f 728/728/728 729/729/729 729/729/729 
f 729/729/729 729/729/729 724/724/724 
f 729/729/729 724/724/724 724/724/724 
f 724/724/724 724/724/724 728/728/728 
f 724/724/724 722/722/722 728/728/728 
f 728/728/728 722/722/722 728/728/728 
f 722/722/722 721/721/721 728/728/728 
f 728/728/728 721/721/721 728/728/728 
f 721/721/721 720/720/720 728/728/728 
f 728/728/728 720/720/720 730/730/730 
f 720/720/720 719/719/719 730/730/730 
f 730/730/730 719/719/719 731/731/731 
f 719/719/719 718/718/718 731/731/731 
f 731/731/731 718/718/718 732/732/732 
f 718/718/718 717/717/717 732/732/732 
f 732/732/732 717/717/717 733/733/733 
f 717/717/717 716/716/716 733/733/733 
f 733/733/733 716/716/716 734/734/734 
f 716/716/716 715/715/715 734/734/734 
f 734/734/734 715/715/715 735/735/735 
f 715/715/715 714/714/714 735/735/735 
f 735/735/735 714/714/714 736/736/736 
f 714/714/714 713/713/713 736/736/736 
f 736/736/736 713/713/713 737/737/737 
f 713/713/713 712/712/712 737/737/737 
f 737/737/737 712/712/712 738/738/738 
f 712/712/712 711/711/711 738/738/738 
f 738/738/738 711/711/711 739/739/739 
f 711/711/711 710/710/710 739/739/739 
f 739/739/739 710/710/710 740/740/740 
f 710/710/710 709/709/709 740/740/740 
f 740/740/740 709/709/709 741/741/741 
f 709/709/709 708/708/708 741/741/741 
f 741/741/741 708/708/708 742/742/742 
f 708/708/708 707/707/707 742/742/742 
f 742/742/742 707/707/707 743/743/743 
f 707/707/707 707/707/707 743/743/743 
f 743/743/743 707/707/707 744/744/744 
f 707/707/707 706/706/706 744/744/744 
f 744/744/744 706/706/706 745/745/745 
f 706/706/706 705/705/705 745/745/745 
f 745/745/745 705/705/705 746/746/746 
f 705/705/705 704/704/704 746/746/746 
f 746/746/746 704/704/704 747/747/747 
f 704/704/704 702/702/702 747/747/747 
f 747/747/747 702/702/702 747/747/747 
f 702/702/702 703/703/703 747/747/747 
f 747/747/747 703/703/703 748/748/748 
f 703/703/703 749/749/749 748/748/748 
f 748/748/748 749/749/749 749/749/749 
f 749/749/749 748/748/748 749/749/749 
f 749/749/749 748/748/748 748/748/748 
f 748/748/748 750/750/750 748/748/748 
f 748/748/748 750/750/750 747/747/747 
f 750/750/750 750/750/750 747/747/747 
f 747/747/747 750/750/750 746/746/746 
f 750/750/750 751/751/751 746/746/746 
f 746/746/746 751/751/751 745/745/745 
f 751/751/751 752/752/752 745/745/745 
f 745/745/745 752/752/752 744/744/744 
f 752/752/752 753/753/753 744/744/744 
f 744/744/744 753/753/753 743/743/743 
f 753/753/753 753/753/753 743/743/743 
f 743/743/743 753/753/753 742/742/742 
f 753/753/753 754/754/754 742/742/742 
f 742/742/742 754/754/754 741/741/741 
f 754/754/754 755/755/755 741/741/741 
f 741/741/741 755/755/755 740/740/740 
f 755/755/755 756/756/756 740/740/740 
f 740/740/740 756/756/756 739/739/739 
f 756/756/756 757/757/757 739/739/739 
f 739/739/739 757/757/757 738/738/738 
f 757/757/757 758/758/758 738/738/738 
f 738/738/738 758/758/758 737/737/737 
f 758/758/758 759/759/759 737/737/737 
f 737/737/737 759/759/759 736/736/736 
f 759/759/759 760/760/760 736/736/736 
f 736/736/736 760/760/760 735/735/735 
f 760/760/760 761/761/761 735/735/735 
f 735/735/735 761/761/761 734/734/734 
f 761/761/761 762/762/762 734/734/734 
f 734/734/734 762/762/762 733/733/733 
f 762/762/762 763/763/763 733/733/733 
f 733/733/733 763/763/763 732/732/732 
f 763/763/763 764/764/764 732/732/732 
f 732/732/732 764/764/764 731/731/731 
f 764/764/764 765/765/765 731/731/731 
f 731/731/731 765/765/765 730/730/730 
f 765/765/765 766/766/766 730/730/730 
f 730/730/730 766/766/766 728/728/728 
f 766/766/766 729/729/729 728/728/728 
f 728/728/728 729/729/729 729/729/729 
f 729/729/729 767/767/767 729/729/729 
f 729/729/729 767/767/767 767/767/767 
f 767/767/767 768/768/768 767/767/767 
f 767/767/767 768/768/768 769/769/769 
f 768/768/768 768/768/768 769/769/769 
f 769/769/769 768/768/768 770/770/770 
f 768/768/768 771/771/771 770/770/770 
f 770/770/770 771/771/771 772/772/772 
f 771/771/771 771/771/771 772/772/772 
f 772/772/772 771/771/771 773/773/773 
f 771/771/771 774/774/774 773/773/773 
f 773/773/773 774/774/774 775/775/775 
f 774/774/774 776/776/776 775/775/775 
f 775/775/775 776/776/776 777/777/777 
f 776/776/776 778/778/778 777/777/777 
f 777/777/777 778/778/778 779/779/779 
f 778/778/778 780/780/780 779/779/779 
f 779/779/779 780/780/780 781/781/781 
f 780/780/780 782/782/782 781/781/781 
f 781/781/781 782/782/782 783/783/783 
f 782/782/782 784/784/784 783/783/783 
f 783/783/783 784/784/784 785/785/785 
f 784/784/784 786/786/786 785/785/785 
f 785/785/785 786/786/786 787/787/787 
f 786/786/786 788/788/788 787/787/787 
f 787/787/787 788/788/788 789/789/789 
f 788/788/788 790/790/790 789/789/789 
f 789/789/789 790/790/790 789/789/789 
f 790/790/790 791/791/791 789/789/789 
f 789/789/789 791/791/791 792/792/792 
f 791/791/791 793/793/793 792/792/792 
f 792/792/792 793/793/793 794/794/794 
f 793/793/793 795/795/795 794/794/794 
f 794/794/794 795/795/795 796/796/796 
f 795/795/795 796/796/796 796/796/796 
f 796/796/796 796/796/796 767/767/767 
f 796/796/796 767/767/767 767/767/767 
f 767/767/767 767/767/767 768/768/768 
f 767/767/767 797/797/797 768/768/768 
f 768/768/768 797/797/797 798/798/798 
f 797/797/797 799/799/799 798/798/798 
f 798/798/798 799/799/799 799/799/799 
f 799/799/799 798/798/798 799/799/799 
f 799/799/799 798/798/798 798/798/798 
f 798/798/798 771/771/771 798/798/798 
f 798/798/798 771/771/771 768/768/768 
f 771/771/771 768/768/768 768/768/768 
f 768/768/768 768/768/768 795/795/795 
f 768/768/768 795/795/795 795/795/795 
f 795/795/795 795/795/795 800/800/800 
f 795/795/795 793/793/793 800/800/800 
f 800/800/800 793/793/793 801/801/801 
f 793/793/793 791/791/791 801/801/801 
f 801/801/801 791/791/791 791/791/791 
f 791/791/791 802/802/802 791/791/791 
f 791/791/791 802/802/802 802/802/802 
f 802/802/802 803/803/803 802/802/802 
f 802/802/802 803/803/803 804/804/804 
f 803/803/803 805/805/805 804/804/804 
f 804/804/804 805/805/805 806/806/806 
f 805/805/805 807/807/807 806/806/806 
f 806/806/806 807/807/807 808/808/808 
f 807/807/807 808/808/808 808/808/808 
f 808/808/808 808/808/808 803/803/803 
f 808/808/808 803/803/803 803/803/803 
f 803/803/803 803/803/803 805/805/805 
f 803/803/803 800/800/800 805/805/805 
f 805/805/805 800/800/800 805/805/805 
f 800/800/800 801/801/801 805/805/805 
f 805/805/805 801/801/801 807/807/807 
f 801/801/801 801/801/801 807/807/807 
f 807/807/807 801/801/801 809/809/809 
f 801/801/801 791/791/791 809/809/809 
f 809/809/809 791/791/791 809/809/809 
f 791/791/791 790/790/790 809/809/809 
f 809/809/809 790/790/790 810/810/810 
f 790/790/790 788/788/788 810/810/810 
f 810/810/810 788/788/788 811/811/811 
f 788/788/788 786/786/786 811/811/811 
f 811/811/811 786/786/786 812/812/812 
f 786/786/786 784/784/784 812/812/812 
f 812/812/812 784/784/784 813/813/813 
f 784/784/784 782/782/782 813/813/813 
f 813/813/813 782/782/782 814/814/814 
f 782/782/782 782/782/782 814/814/814 
f 814/814/814 782/782/782 815/815/815 
f 782/782/782 780/780/780 815/815/815 
f 815/815/815 780/780/780 816/816/816 
f 780/780/780 778/778/778 816/816/816 
f 816/816/816 778/778/778 817/817/817 
f 778/778/778 776/776/776 817/817/817 
f 817/817/817 776/776/776 818/818/818 
f 776/776/776 774/774/774 818/818/818 
f 818/818/818 774/774/774 819/819/819 
f 774/774/774 771/771/771 819/819/819 
f 819/819/819 771/771/771 819/819/819 
f 771/771/771 798/798/798 819/819/819 
f 819/819/819 798/798/798 820/820/820 
f 798/798/798 799/799/799 820/820/820 
f 820/820/820 799/799/799 821/821/821 
f 799/799/799 822/822/822 821/821/821 
f 821/821/821 822/822/822 822/822/822 
f 822/822/822 821/821/821 822/822/822 
f 822/822/822 821/821/821 821/821/821 
f 821/821/821 823/823/823 821/821/821 
f 821/821/821 823/823/823 820/820/820 
f 823/823/823 824/824/824 820/820/820 
f 820/820/820 824/824/824 819/819/819 
f 824/824/824 825/825/825 819/819/819 
f 819/819/819 825/825/825 818/818/818 
f 825/825/825 826/826/826 818/818/818 
f 818/818/818 826/826/826 817/817/817 
f 826/826/826 826/826/826 817/817/817 
f 817/817/817 826/826/826 827/827/827 
f 826/826/826 828/828/828 827/827/827 
f 827/827/827 828/828/828 827/827/827 
f 828/828/828 829/829/829 827/827/827 
f 827/827/827 829/829/829 827/827/827 
f 829/829/829 830/830/830 827/827/827 
f 827/827/827 830/830/830 816/816/816 
f 830/830/830 830/830/830 816/816/816 
f 816/816/816 830/830/830 815/815/815 
f 830/830/830 831/831/831 815/815/815 
f 815/815/815 831/831/831 814/814/814 
f 831/831/831 814/814/814 814/814/814 
f 814/814/814 814/814/814 823/823/823 
f 814/814/814 823/823/823 823/823/823 
f 823/823/823 823/823/823 824/824/824 
f 823/823/823 832/832/832 824/824/824 
f 824/824/824 832/832/832 825/825/825 
f 832/832/832 833/833/833 825/825/825 
f 825/825/825 833/833/833 826/826/826 
f 833/833/833 828/828/828 826/826/826 
f 826/826/826 828/828/828 828/828/828 
f 828/828/828 827/827/827 828/828/828 
f 828/828/828 827/827/827 827/827/827 
f 827/827/827 816/816/816 827/827/827 
f 827/827/827 816/816/816 817/817/817 
f 816/816/816 817/817/817 817/817/817 
f 817/817/817 817/817/817 829/829/829 
f 817/817/817 829/829/829 829/829/829 
f 829/829/829 829/829/829 830/830/830 
f 829/829/829 834/834/834 830/830/830 
f 830/830/830 834/834/834 831/831/831 
f 834/834/834 835/835/835 831/831/831 
f 831/831/831 835/835/835 814/814/814 
f 835/835/835 835/835/835 814/814/814 
f 814/814/814 835/835/835 813/813/813 
f 835/835/835 836/836/836 813/813/813 
f 813/813/813 836/836/836 812/812/812 
f 836/836/836 837/837/837 812/812/812 
f 812/812/812 837/837/837 811/811/811 
f 837/837/837 838/838/838 811/811/811 
f 811/811/811 838/838/838 810/810/810 
f 838/838/838 838/838/838 810/810/810 
f 810/810/810 838/838/838 809/809/809 
f 838/838/838 838/838/838 809/809/809 
f 809/809/809 838/838/838 807/807/807 
f 838/838/838 838/838/838 807/807/807 
f 807/807/807 838/838/838 808/808/808 
f 838/838/838 838/838/838 808/808/808 
f 808/808/808 838/838/838 839/839/839 
f 838/838/838 837/837/837 839/839/839 
f 839/839/839 837/837/837 840/840/840 
f 837/837/837 836/836/836 840/840/840 
f 840/840/840 836/836/836 841/841/841 
f 836/836/836 835/835/835 841/841/841 
f 841/841/841 835/835/835 834/834/834 
f 835/835/835 834/834/834 834/834/834 
f 834/834/834 834/834/834 842/842/842 
f 834/834/834 842/842/842 842/842/842 
f 842/842/842 842/842/842 843/843/843 
f 842/842/842 844/844/844 843/843/843 
f 843/843/843 844/844/844 843/843/843 
f 844/844/844 845/845/845 843/843/843 
f 843/843/843 845/845/845 846/846/846 
f 845/845/845 847/847/847 846/846/846 
f 846/846/846 847/847/847 848/848/848 
f 847/847/847 849/849/849 848/848/848 
f 848/848/848 849/849/849 850/850/850 
f 849/849/849 851/851/851 850/850/850 
f 850/850/850 851/851/851 850/850/850 
f 851/851/851 852/852/852 850/850/850 
f 850/850/850 852/852/852 853/853/853 
f 852/852/852 854/854/854 853/853/853 
f 853/853/853 854/854/854 855/855/855 
f 854/854/854 856/856/856 855/855/855 
f 855/855/855 856/856/856 857/857/857 
f 856/856/856 858/858/858 857/857/857 
f 857/857/857 858/858/858 859/859/859 
f 858/858/858 859/859/859 859/859/859 
f 859/859/859 859/859/859 860/860/860 
f 859/859/859 860/860/860 860/860/860 
f 860/860/860 860/860/860 861/861/861 
f 860/860/860 862/862/862 861/861/861 
f 861/861/861 862/862/862 863/863/863 
f 862/862/862 864/864/864 863/863/863 
f 863/863/863 864/864/864 865/865/865 
f 864/864/864 865/865/865 865/865/865 
f 865/865/865 865/865/865 866/866/866 
f 865/865/865 866/866/866 866/866/866 
f 866/866/866 866/866/866 867/867/867 
f 866/866/866 868/868/868 867/867/867 
f 867/867/867 868/868/868 869/869/869 
f 868/868/868 868/868/868 869/869/869 
f 869/869/869 868/868/868 870/870/870 
f 868/868/868 871/871/871 870/870/870 
f 870/870/870 871/871/871 872/872/872 
f 871/871/871 873/873/873 872/872/872 
f 872/872/872 873/873/873 874/874/874 
f 873/873/873 875/875/875 874/874/874 
f 874/874/874 875/875/875 874/874/874 
f 875/875/875 876/876/876 874/874/874 
f 874/874/874 876/876/876 877/877/877 
f 876/876/876 877/877/877 877/877/877 
f 877/877/877 877/877/877 878/878/878 
f 877/877/877 878/878/878 878/878/878 
f 878/878/878 878/878/878 879/879/879 
f 878/878/878 880/880/880 879/879/879 
f 879/879/879 880/880/880 881/881/881 
f 880/880/880 882/882/882 881/881/881 
f 881/881/881 882/882/882 883/883/883 
f 882/882/882 883/883/883 883/883/883 
f 883/883/883 883/883/883 884/884/884 
f 883/883/883 884/884/884 884/884/884 
f 884/884/884 884/884/884 885/885/885 
f 884/884/884 886/886/886 885/885/885 
f 885/885/885 886/886/886 885/885/885 
f 886/886/886 887/887/887 885/885/885 
f 885/885/885 887/887/887 888/888/888 
f 887/887/887 889/889/889 888/888/888 
f 888/888/888 889/889/889 889/889/889 
f 889/889/889 890/890/890 889/889/889 
f 889/889/889 890/890/890 890/890/890 
f 890/890/890 891/891/891 890/890/890 
f 890/890/890 891/891/891 892/892/892 
f 891/891/891 893/893/893 892/892/892 
f 892/892/892 893/893/893 893/893/893 
f 893/893/893 894/894/894 893/893/893 
f 893/893/893 894/894/894 894/894/894 
f 894/894/894 895/895/895 894/894/894 
f 894/894/894 895/895/895 896/896/896 
f 895/895/895 897/897/897 896/896/896 
f 896/896/896 897/897/897 896/896/896 
f 897/897/897 898/898/898 896/896/896 
f 896/896/896 898/898/898 899/899/899 
f 898/898/898 898/898/898 899/899/899 
f 899/899/899 898/898/898 900/900/900 
f 898/898/898 901/901/901 900/900/900 
f 900/900/900 901/901/901 900/900/900 
f 901/901/901 902/902/902 900/900/900 
f 900/900/900 902/902/902 903/903/903 
f 902/902/902 902/902/902 903/903/903 
f 903/903/903 902/902/902 904/904/904 
f 902/902/902 905/905/905 904/904/904 
f 904/904/904 905/905/905 905/905/905 
f 905/905/905 906/906/906 905/905/905 
f 905/905/905 906/906/906 906/906/906 
f 906/906/906 907/907/907 906/906/906 
f 906/906/906 907/907/907 908/908/908 
f 907/907/907 909/909/909 908/908/908 
f 908/908/908 909/909/909 910/910/910 
f 909/909/909 911/911/911 910/910/910 
f 910/910/910 911/911/911 911/911/911 
f 911/911/911 912/912/912 911/911/911 
f 911/911/911 912/912/912 912/912/912 
f 912/912/912 913/913/913 912/912/912 
f 912/912/912 913/913/913 914/914/914 
f 913/913/913 913/913/913 914/914/914 
f 914/914/914 913/913/913 915/915/915 
f 913/913/913 913/913/913 915/915/915 
f 915/915/915 913/913/913 916/916/916 
f 913/913/913 913/913/913 916/916/916 
f 916/916/916 913/913/913 917/917/917 
f 913/913/913 918/918/918 917/917/917 
f 917/917/917 918/918/918 918/918/918 
f 918/918/918 919/919/919 918/918/918 
f 918/918/918 919/919/919 919/919/919 
f 919/919/919 920/920/920 919/919/919 
f 919/919/919 920/920/920 921/921/921 
f 920/920/920 922/922/922 921/921/921 
f 921/921/921 922/922/922 922/922/922 
f 922/922/922 923/923/923 922/922/922 
f 922/922/922 923/923/923 923/923/923 
f 923/923/923 924/924/924 923/923/923 
f 923/923/923 924/924/924 925/925/925 
f 924/924/924 926/926/926 925/925/925 
f 925/925/925 926/926/926 925/925/925 
f 926/926/926 927/927/927 925/925/925 
f 925/925/925 927/927/927 925/925/925 
f 927/927/927 928/928/928 925/925/925 
f 925/925/925 928/928/928 929/929/929 
f 928/928/928 929/929/929 929/929/929 
f 929/929/929 929/929/929 930/930/930 
f 929/929/929 930/930/930 930/930/930 
f 930/930/930 930/930/930 931/931/931 
f 930/930/930 932/932/932 931/931/931 
f 931/931/931 932/932/932 931/931/931 
f 932/932/932 933/933/933 931/931/931 
f 931/931/931 933/933/933 934/934/934 
f 933/933/933 935/935/935 934/934/934 
f 934/934/934 935/935/935 935/935/935 
f 935/935/935 936/936/936 935/935/935 
f 935/935/935 936/936/936 936/936/936 
f 936/936/936 937/937/937 936/936/936 
f 936/936/936 937/937/937 938/938/938 
f 937/937/937 939/939/939 938/938/938 
f 938/938/938 939/939/939 939/939/939 
f 939/939/939 940/940/940 939/939/939 
f 939/939/939 940/940/940 940/940/940 
f 940/940/940 941/941/941 940/940/940 
f 940/940/940 941/941/941 942/942/942 
f 941/941/941 943/943/943 942/942/942 
f 942/942/942 943/943/943 943/943/943 
f 943/943/943 944/944/944 943/943/943 
f 943/943/943 944/944/944 944/944/944 
f 944/944/944 945/945/945 944/944/944 
f 944/944/944 945/945/945 946/946/946 
f 945/945/945 947/947/947 946/946/946 
f 946/946/946 947/947/947 947/947/947 
f 947/947/947 948/948/948 947/947/947 
f 947/947/947 948/948/948 948/948/948 
f 948/948/948 949/949/949 948/948/948 
f 948/948/948 949/949/949 950/950/950 
f 949/949/949 951/951/951 950/950/950 
f 950/950/950 951/951/951 951/951/951 
f 951/951/951 952/952/952 951/951/951 
f 951/951/951 952/952/952 952/952/952 
f 952/952/952 953/953/953 952/952/952 
f 952/952/952 953/953/953 954/954/954 
f 953/953/953 955/955/955 954/954/954 
f 954/954/954 955/955/955 956/956/956 
f 955/955/955 955/955/955 956/956/956 
f 956/956/956 955/955/955 957/957/957 
f 955/955/955 955/955/955 957/957/957 
f 957/957/957 955/955/955 958/958/958 
f 955/955/955 955/955/955 958/958/958 
f 958/958/958 955/955/955 959/959/959 
f 955/955/955 955/955/955 959/959/959 
f 959/959/959 955/955/955 960/960/960 
f 955/955/955 955/955/955 960/960/960 
f 960/960/960 955/955/955 961/961/961 
f 955/955/955 962/962/962 961/961/961 
f 961/961/961 962/962/962 963/963/963 
f 962/962/962 963/963/963 963/963/963 
f 963/963/963 963/963/963 955/955/955 
f 963/963/963 955/955/955 955/955/955 
f 955/955/955 955/955/955 962/962/962 
f 955/955/955 953/953/953 962/962/962 
f 962/962/962 953/953/953 964/964/964 
f 953/953/953 964/964/964 964/964/964 
f 964/964/964 964/964/964 965/965/965 
f 964/964/964 965/965/965 965/965/965 
f 965/965/965 965/965/965 966/966/966 
f 965/965/965 967/967/967 966/966/966 
f 966/966/966 967/967/967 966/966/966 
f 967/967/967 968/968/968 966/966/966 
f 966/966/966 968/968/968 969/969/969 
f 968/968/968 970/970/970 969/969/969 
f 969/969/969 970/970/970 969/969/969 
f 970/970/970 971/971/971 969/969/969 
f 969/969/969 971/971/971 972/972/972 
f 971/971/971 973/973/973 972/972/972 
f 972/972/972 973/973/973 974/974/974 
f 973/973/973 974/974/974 974/974/974 
f 974/974/974 974/974/974 975/975/975 
f 974/974/974 975/975/975 975/975/975 
f 975/975/975 975/975/975 976/976/976 
f 975/975/975 977/977/977 976/976/976 
f 976/976/976 977/977/977 976/976/976 
f 977/977/977 978/978/978 976/976/976 
f 976/976/976 978/978/978 976/976/976 
f 978/978/978 979/979/979 976/976/976 
f 976/976/976 979/979/979 980/980/980 
f 979/979/979 980/980/980 980/980/980 
f 980/980/980 980/980/980 981/981/981 
f 980/980/980 981/981/981 981/981/981 
f 981/981/981 981/981/981 982/982/982 
f 981/981/981 983/983/983 982/982/982 
f 982/982/982 983/983/983 982/982/982 
f 983/983/983 984/984/984 982/982/982 
f 982/982/982 984/984/984 985/985/985 
f 984/984/984 986/986/986 985/985/985 
f 985/985/985 986/986/986 987/987/987 
f 986/986/986 988/988/988 987/987/987 
f 987/987/987 988/988/988 987/987/987 
f 988/988/988 989/989/989 987/987/987 
f 987/987/987 989/989/989 990/990/990 
f 989/989/989 989/989/989 990/990/990 
f 990/990/990 989/989/989 991/991/991 
f 989/989/989 992/992/992 991/991/991 
f 991/991/991 992/992/992 991/991/991 
f 992/992/992 993/993/993 991/991/991 
f 991/991/991 993/993/993 994/994/994 
f 993/993/993 995/995/995 994/994/994 
f 994/994/994 995/995/995 996/996/996 
f 995/995/995 997/997/997 996/996/996 
f 996/996/996 997/997/997 998/998/998 
f 997/997/997 998/998/998 998/998/998 
f 998/998/998 998/998/998 995/995/995 
f 998/998/998 995/995/995 995/995/995 
f 995/995/995 995/995/995 997/997/997 
f 995/995/995 999/999/999 997/997/997 
f 997/997/997 999/999/999 997/997/997 
f 999/999/999 1000/1000/1000 997/997/997 
f 997/997/997 1000/1000/1000 1001/1001/1001 
f 1000/1000/1000 1001/1001/1001 1001/1001/1001 
f 1001/1001/1001 1001/1001/1001 984/984/984 
f 1001/1001/1001 984/984/984 984/984/984 
f 984/984/984 984/984/984 1002/1002/1002 
f 984/984/984 983/983/983 1002/1002/1002 
f 1002/1002/1002 983/983/983 1003/1003/1003 
f 983/983/983 1004/1004/1004 1003/1003/1003 
f 1003/1003/1003 1004/1004/1004 1004/1004/1004 
f 1004/1004/1004 1005/1005/1005 1004/1004/1004 
f 1004/1004/1004 1005/1005/1005 1005/1005/1005 
f 1005/1005/1005 1006/1006/1006 1005/1005/1005 
f 1005/1005/1005 1006/1006/1006 1007/1007/1007 
f 1006/1006/1006 1008/1008/1008 1007/1007/1007 
f 1007/1007/1007 1008/1008/1008 1009/1009/1009 
f 1008/1008/1008 1010/1010/1010 1009/1009/1009 
f 1009/1009/1009 1010/1010/1010 1011/1011/1011 
f 1010/1010/1010 1012/1012/1012 1011/1011/1011 
f 1011/1011/1011 1012/1012/1012 1013/1013/1013 
f 1012/1012/1012 1014/1014/1014 1013/1013/1013 
f 1013/1013/1013 1014/1014/1014 1014/1014/1014 
f 1014/1014/1014 1015/1015/1015 1014/1014/1014 
f 1014/1014/1014 1015/1015/1015 1015/1015/1015 
f 1015/1015/1015 1016/1016/1016 1015/1015/1015 
f 1015/1015/1015 1016/1016/1016 1017/1017/1017 
f 1016/1016/1016 1018/1018/1018 1017/1017/1017 
f 1017/1017/1017 1018/1018/1018 1018/1018/1018 
f 1018/1018/1018 1019/1019/1019 1018/1018/1018 
f 1018/1018/1018 1019/1019/1019 1019/1019/1019 
f 1019/1019/1019 1020/1020/1020 1019/1019/1019 
f 1019/1019/1019 1020/1020/1020 1021/1021/1021 
f 1020/1020/1020 1021/1021/1021 1021/1021/1021 
f 1021/1021/1021 1021/1021/1021 1022/1022/1022 
f 1021/1021/1021 1022/1022/1022 1022/1022/1022 
f 1022/1022/1022 1022/1022/1022 1023/1023/1023 
f 1022/1022/1022 1024/1024/1024 1023/1023/1023 
f 1023/1023/1023 1024/1024/1024 1024/1024/1024 
f 1024/1024/1024 1025/1025/1025 1024/1024/1024 
f 1024/1024/1024 1025/1025/1025 1025/1025/1025 
f 1025/1025/1025 1026/1026/1026 1025/1025/1025 
f 1025/1025/1025 1026/1026/1026 1027/1027/1027 
f 1026/1026/1026 1028/1028/1028 1027/1027/1027 
f 1027/1027/1027 1028/1028/1028 1028/1028/1028 
f 1028/1028/1028 1029/1029/1029 1028/1028/1028 
f 1028/1028/1028 1029/1029/1029 1029/1029/1029 
f 1029/1029/1029 1030/1030/1030 1029/1029/1029 
f 1029/1029/1029 1030/1030/1030 1031/1031/1031 
f 1030/1030/1030 1032/1032/1032 1031/1031/1031 
f 1031/1031/1031 1032/1032/1032 1033/1033/1033 
f 1032/1032/1032 1034/1034/1034 1033/1033/1033 
f 1033/1033/1033 1034/1034/1034 1035/1035/1035 
f 1034/1034/1034 1036/1036/1036 1035/1035/1035 
f 1035/1035/1035 1036/1036/1036 1036/1036/1036 
f 1036/1036/1036 1037/1037/1037 1036/1036/1036 
f 1036/1036/1036 1037/1037/1037 1037/1037/1037 
f 1037/1037/1037 1038/1038/1038 1037/1037/1037 
f 1037/1037/1037 1038/1038/1038 1039/1039/1039 
f 1038/1038/1038 1040/1040/1040 1039/1039/1039 
f 1039/1039/1039 1040/1040/1040 1040/1040/1040 
f 1040/1040/1040 1038/1038/1038 1040/1040/1040 
f 1040/1040/1040 1038/1038/1038 1038/1038/1038 
f 1038/1038/1038 1037/1037/1037 1038/1038/1038 
f 1038/1038/1038 1037/1037/1037 1041/1041/1041 
f 1037/1037/1037 1042/1042/1042 1041/1041/1041 
f 1041/1041/1041 1042/1042/1042 1043/1043/1043 
f 1042/1042/1042 1044/1044/1044 1043/1043/1043 
f 1043/1043/1043 1044/1044/1044 1045/1045/1045 
f 1044/1044/1044 1046/1046/1046 1045/1045/1045 
f 1045/1045/1045 1046/1046/1046 1047/1047/1047 
f 1046/1046/1046 1048/1048/1048 1047/1047/1047 
f 1047/1047/1047 1048/1048/1048 1049/1049/1049 
f 1048/1048/1048 1049/1049/1049 1049/1049/1049 
f 1049/1049/1049 1049/1049/1049 1038/1038/1038 
f 1049/1049/1049 1038/1038/1038 1038/1038/1038 
f 1038/1038/1038 1038/1038/1038 1040/1040/1040 
f 1038/1038/1038 1050/1050/1050 1040/1040/1040 
f 1040/1040/1040 1050/1050/1050 1051/1051/1051 
f 1050/1050/1050 1052/1052/1052 1051/1051/1051 
f 1051/1051/1051 1052/1052/1052 1053/1053/1053 
f 1052/1052/1052 1054/1054/1054 1053/1053/1053 
f 1053/1053/1053 1054/1054/1054 1054/1054/1054 
f 1054/1054/1054 1055/1055/1055 1054/1054/1054 
f 1054/1054/1054 1055/1055/1055 1055/1055/1055 
f 1055/1055/1055 1056/1056/1056 1055/1055/1055 
f 1055/1055/1055 1056/1056/1056 1057/1057/1057 
f 1056/1056/1056 1058/1058/1058 1057/1057/1057 
f 1057/1057/1057 1058/1058/1058 1058/1058/1058 
f 1058/1058/1058 1059/1059/1059 1058/1058/1058 
f 1058/1058/1058 1059/1059/1059 1059/1059/1059 
f 1059/1059/1059 1060/1060/1060 1059/1059/1059 
f 1059/1059/1059 1060/1060/1060 1061/1061/1061 
f 1060/1060/1060 1062/1062/1062 1061/1061/1061 
f 1061/1061/1061 1062/1062/1062 1062/1062/1062 
f 1062/1062/1062 1063/1063/1063 1062/1062/1062 
f 1062/1062/1062 1063/1063/1063 1063/1063/1063 
f 1063/1063/1063 1064/1064/1064 1063/1063/1063 
f 1063/1063/1063 1064/1064/1064 1065/1065/1065 
f 1064/1064/1064 1066/1066/1066 1065/1065/1065 
f 1065/1065/1065 1066/1066/1066 1066/1066/1066 
f 1066/1066/1066 1067/1067/1067 1066/1066/1066 
f 1066/1066/1066 1067/1067/1067 1067/1067/1067 
f 1067/1067/1067 1068/1068/1068 1067/1067/1067 
f 1067/1067/1067 1068/1068/1068 1069/1069/1069 
f 1068/1068/1068 1070/1070/1070 1069/1069/1069 
f 1069/1069/1069 1070/1070/1070 1070/1070/1070 
f 1070/1070/1070 1071/1071/1071 1070/1070/1070 
f 1070/1070/1070 1071/1071/1071 1071/1071/1071 
f 1071/1071/1071 1072/1072/1072 1071/1071/1071 
f 1071/1071/1071 1072/1072/1072 1073/1073/1073 
f 1072/1072/1072 1072/1072/1072 1073/1073/1073 
f 1073/1073/1073 1072/1072/1072 1074/1074/1074 
f 1072/1072/1072 1075/1075/1075 1074/1074/1074 
f 1074/1074/1074 1075/1075/1075 1076/1076/1076 
f 1075/1075/1075 1077/1077/1077 1076/1076/1076 
f 1076/1076/1076 1077/1077/1077 1078/1078/1078 
f 1077/1077/1077 1078/1078/1078 1078/1078/1078 
f 1078/1078/1078 1078/1078/1078 1079/1079/1079 
f 1078/1078/1078 1079/1079/1079 1079/1079/1079 
f 1079/1079/1079 1079/1079/1079 1080/1080/1080 
f 1079/1079/1079 1081/1081/1081 1080/1080/1080 
f 1080/1080/1080 1081/1081/1081 1082/1082/1082 
f 1081/1081/1081 1082/1082/1082 1082/1082/1082 
f 1082/1082/1082 1082/1082/1082 1083/1083/1083 
f 1082/1082/1082 1083/1083/1083 1083/1083/1083 
f 1083/1083/1083 1083/1083/1083 1084/1084/1084 
f 1083/1083/1083 1085/1085/1085 1084/1084/1084 
f 1084/1084/1084 1085/1085/1085 1086/1086/1086 
f 1085/1085/1085 1086/1086/1086 1086/1086/1086 
f 1086/1086/1086 1086/1086/1086 1087/1087/1087 
f 1086/1086/1086 1087/1087/1087 1087/1087/1087 
f 1087/1087/1087 1087/1087/1087 1088/1088/1088 
f 1087/1087/1087 1089/1089/1089 1088/1088/1088 
f 1088/1088/1088 1089/1089/1089 1090/1090/1090 
f 1089/1089/1089 1090/1090/1090 1090/1090/1090 
f 1090/1090/1090 1090/1090/1090 1091/1091/1091 
f 1090/1090/1090 1091/1091/1091 1091/1091/1091 
f 1091/1091/1091 1091/1091/1091 1092/1092/1092 
f 1091/1091/1091 1093/1093/1093 1092/1092/1092 
f 1092/1092/1092 1093/1093/1093 1094/1094/1094 
f 1093/1093/1093 1094/1094/1094 1094/1094/1094 
f 1094/1094/1094 1094/1094/1094 1095/1095/1095 
f 1094/1094/1094 1095/1095/1095 1095/1095/1095 
f 1095/1095/1095 1095/1095/1095 1096/1096/1096 
f 1095/1095/1095 1097/1097/1097 1096/1096/1096 
f 1096/1096/1096 1097/1097/1097 1098/1098/1098 
f 1097/1097/1097 1098/1098/1098 1098/1098/1098 
f 1098/1098/1098 1098/1098/1098 1099/1099/1099 
f 1098/1098/1098 1099/1099/1099 1099/1099/1099 
f 1099/1099/1099 1099/1099/1099 1100/1100/1100 
f 1099/1099/1099 1101/1101/1101 1100/1100/1100 
f 1100/1100/1100 1101/1101/1101 1102/1102/1102 
f 1101/1101/1101 1102/1102/1102 1102/1102/1102 
f 1102/1102/1102 1102/1102/1102 1103/1103/1103 
f 1102/1102/1102 1103/1103/1103 1103/1103/1103 
f 1103/1103/1103 1103/1103/1103 1104/1104/1104 
f 1103/1103/1103 1105/1105/1105 1104/1104/1104 
f 1104/1104/1104 1105/1105/1105 1106/1106/1106 
f 1105/1105/1105 1106/1106/1106 1106/1106/1106 
f 1106/1106/1106 1106/1106/1106 1107/1107/1107 
f 1106/1106/1106 1107/1107/1107 1107/1107/1107 
f 1107/1107/1107 1107/1107/1107 1108/1108/1108 
f 1107/1107/1107 1109/1109/1109 1108/1108/1108 
f 1108/1108/1108 1109/1109/1109 1110/1110/1110 
f 1109/1109/1109 1110/1110/1110 1110/1110/1110 
f 1110/1110/1110 1110/1110/1110 1111/1111/1111 
f 1110/1110/1110 1111/1111/1111 1111/1111/1111 
f 1111/1111/1111 1111/1111/1111 1112/1112/1112 
f 1111/1111/1111 1113/1113/1113 1112/1112/1112 
f 1112/1112/1112 1113/1113/1113 1114/1114/1114 
f 1113/1113/1113 1114/1114/1114 1114/1114/1114 
f 1114/1114/1114 1114/1114/1114 1115/1115/1115 
f 1114/1114/1114 1115/1115/1115 1115/1115/1115 
f 1115/1115/1115 1115/1115/1115 1116/1116/1116 
f 1115/1115/1115 1117/1117/1117 1116/1116/1116 
f 1116/1116/1116 1117/1117/1117 1118/1118/1118 
f 1117/1117/1117 1118/1118/1118 1118/1118/1118 
f 1118/1118/1118 1118/1118/1118 1119/1119/1119 
f 1118/1118/1118 1119/1119/1119 1119/1119/1119 
f 1119/1119/1119 1119/1119/1119 1120/1120/1120 
f 1119/1119/1119 1121/1121/1121 1120/1120/1120 
f 1120/1120/1120 1121/1121/1121 1122/1122/1122 
f 1121/1121/1121 1122/1122/1122 1122/1122/1122 
f 1122/1122/1122 1122/1122/1122 1123/1123/1123 
f 1122/1122/1122 1123/1123/1123 1123/1123/1123 
f 1123/1123/1123 1123/1123/1123 1124/1124/1124 
f 1123/1123/1123 1125/1125/1125 1124/1124/1124 
f 1124/1124/1124 1125/1125/1125 1126/1126/1126 
f 1125/1125/1125 1126/1126/1126 1126/1126/1126 
f 1126/1126/1126 1126/1126/1126 1127/1127/1127 
f 1126/1126/1126 1127/1127/1127 1127/1127/1127 
f 1127/1127/1127 1127/1127/1127 1128/1128/1128 
f 1127/1127/1127 1129/1129/1129 1128/1128/1128 
f 1128/1128/1128 1129/1129/1129 1130/1130/1130 
f 1129/1129/1129 1130/1130/1130 1130/1130/1130 
f 1130/1130/1130 1130/1130/1130 1131/1131/1131 
f 1130/1130/1130 1131/1131/1131 1131/1131/1131 
f 1131/1131/1131 1131/1131/1131 1132/1132/1132 
f 1131/1131/1131 1133/1133/1133 1132/1132/1132 
f 1132/1132/1132 1133/1133/1133 1134/1134/1134 
f 1133/1133/1133 1134/1134/1134 1134/1134/1134 
f 1134/1134/1134 1134/1134/1134 1135/1135/1135 
f 1134/1134/1134 1135/1135/1135 1135/1135/1135 
f 1135/1135/1135 1135/1135/1135 1136/1136/1136 
f 1135/1135/1135 1137/1137/1137 1136/1136/1136 
f 1136/1136/1136 1137/1137/1137 1138/1138/1138 
f 1137/1137/1137 1138/1138/1138 1138/1138/1138 
f 1138/1138/1138 1138/1138/1138 1139/1139/1139 
f 1138/1138/1138 1139/1139/1139 1139/1139/1139 
f 1139/1139/1139 1139/1139/1139 1140/1140/1140 
f 1139/1139/1139 1141/1141/1141 1140/1140/1140 
f 1140/1140/1140 1141/1141/1141 1142/1142/1142 
f 1141/1141/1141 1142/1142/1142 1142/1142/1142 
f 1142/1142/1142 1142/1142/1142 1143/1143/1143 
f 1142/1142/1142 1143/1143/1143 1143/1143/1143 
f 1143/1143/1143 1143/1143/1143 1144/1144/1144 
f 1143/1143/1143 1145/1145/1145 1144/1144/1144 
f 1144/1144/1144 1145/1145/1145 1146/1146/1146 
f 1145/1145/1145 1146/1146/1146 1146/1146/1146 
f 1146/1146/1146 1146/1146/1146 1147/1147/1147 
f 1146/1146/1146 1147/1147/1147 1147/1147/1147 
f 1147/1147/1147 1147/1147/1147 1148/1148/1148 
f 1147/1147/1147 1149/1149/1149 1148/1148/1148 
f 1148/1148/1148 1149/1149/1149 1150/1150/1150 
f 1149/1149/1149 1150/1150/1150 1150/1150/1150 
f 1150/1150/1150 1150/1150/1150 1151/1151/1151 
f 1150/1150/1150 1151/1151/1151 1151/1151/1151 
f 1151/1151/1151 1151/1151/1151 1152/1152/1152 
f 1151/1151/1151 1153/1153/1153 1152/1152/1152 
f 1152/1152/1152 1153/1153/1153 1154/1154/1154 
f 1153/1153/1153 1154/1154/1154 1154/1154/1154 
f 1154/1154/1154 1154/1154/1154 1155/1155/1155 
f 1154/1154/1154 1155/1155/1155 1155/1155/1155 
f 1155/1155/1155 1155/1155/1155 1156/1156/1156 
f 1155/1155/1155 1157/1157/1157 1156/1156/1156 
f 1156/1156/1156 1157/1157/1157 1158/1158/1158 
f 1157/1157/1157 1158/1158/1158 1158/1158/1158 
f 1158/1158/1158 1158/1158/1158 1159/1159/1159 
f 1158/1158/1158 1159/1159/1159 1159/1159/1159 
f 1159/1159/1159 1159/1159/1159 1160/1160/1160 
f 1159/1159/1159 1161/1161/1161 1160/1160/1160 
f 1160/1160/1160 1161/1161/1161 1162/1162/1162 
f 1161/1161/1161 1162/1162/1162 1162/1162/1162 
f 1162/1162/1162 1162/1162/1162 1163/1163/1163 
f 1162/1162/1162 1163/1163/1163 1163/1163/1163 
f 1163/1163/1163 1163/1163/1163 1164/1164/1164 
f 1163/1163/1163 1165/1165/1165 1164/1164/1164 
f 1164/1164/1164 1165/1165/1165 1166/1166/1166 
f 1165/1165/1165 1166/1166/1166 1166/1166/1166 
f 1166/1166/1166 1166/1166/1166 1167/1167/1167 
f 1166/1166/1166 1167/1167/1167 1167/1167/1167 
f 1167/1167/1167 1167/1167/1167 1168/1168/1168 
f 1167/1167/1167 1169/1169/1169 1168/1168/1168 
f 1168/1168/1168 1169/1169/1169 1170/1170/1170 
f 1169/1169/1169 1171/1171/1171 1170/1170/1170 
f 1170/1170/1170 1171/1171/1171 1172/1172/1172 
f 1171/1171/1171 1172/1172/1172 1172/1172/1172 
f 1172/1172/1172 1172/1172/1172 1170/1170/1170 
f 1172/1172/1172 1170/1170/1170 1170/1170/1170 
f 1170/1170/1170 1170/1170/1170 1168/1168/1168 
f 1170/1170/1170 1173/1173/1173 1168/1168/1168 
f 1168/1168/1168 1173/1173/1173 1173/1173/1173 
f 1173/1173/1173 1174/1174/1174 1173/1173/1173 
f 1173/1173/1173 1174/1174/1174 1174/1174/1174 
f 1174/1174/1174 1175/1175/1175 1174/1174/1174 
f 1174/1174/1174 1175/1175/1175 1176/1176/1176 
f 1175/1175/1175 1177/1177/1177 1176/1176/1176 
f 1176/1176/1176 1177/1177/1177 1177/1177/1177 
f 1177/1177/1177 1178/1178/1178 1177/1177/1177 
f 1177/1177/1177 1178/1178/1178 1178/1178/1178 
f 1178/1178/1178 1179/1179/1179 1178/1178/1178 
f 1178/1178/1178 1179/1179/1179 1180/1180/1180 
f 1179/1179/1179 1179/1179/1179 1180/1180/1180 
f 1180/1180/1180 1179/1179/1179 1181/1181/1181 
f 1179/1179/1179 1179/1179/1179 1181/1181/1181 
f 1181/1181/1181 1179/1179/1179 1182/1182/1182 
f 1179/1179/1179 1183/1183/1183 1182/1182/1182 
f 1182/1182/1182 1183/1183/1183 1184/1184/1184 
f 1183/1183/1183 1184/1184/1184 1184/1184/1184 
f 1184/1184/1184 1184/1184/1184 1185/1185/1185 
f 1184/1184/1184 1185/1185/1185 1185/1185/1185 
f 1185/1185/1185 1185/1185/1185 1186/1186/1186 
f 1185/1185/1185 1187/1187/1187 1186/1186/1186 
f 1186/1186/1186 1187/1187/1187 1188/1188/1188 
f 1187/1187/1187 1188/1188/1188 1188/1188/1188 
f 1188/1188/1188 1188/1188/1188 1189/1189/1189 
f 1188/1188/1188 1189/1189/1189 1189/1189/1189 
f 1189/1189/1189 1189/1189/1189 1190/1190/1190 
f 1189/1189/1189 1191/1191/1191 1190/1190/1190 
f 1190/1190/1190 1191/1191/1191 1192/1192/1192 
f 1191/1191/1191 1192/1192/1192 1192/1192/1192 
f 1192/1192/1192 1192/1192/1192 1193/1193/1193 
f 1192/1192/1192 1193/1193/1193 1193/1193/1193 
f 1193/1193/1193 1193/1193/1193 1194/1194/1194 
f 1193/1193/1193 1195/1195/1195 1194/1194/1194 
f 1194/1194/1194 1195/1195/1195 1196/1196/1196 
f 1195/1195/1195 1196/1196/1196 1196/1196/1196 
f 1196/1196/1196 1196/1196/1196 1197/1197/1197 
f 1196/1196/1196 1197/1197/1197 1197/1197/1197 
f 1197/1197/1197 1197/1197/1197 1198/1198/1198 
f 1197/1197/1197 1199/1199/1199 1198/1198/1198 
f 1198/1198/1198 1199/1199/1199 1198/1198/1198 
f 1199/1199/1199 1200/1200/1200 1198/1198/1198 
f 1198/1198/1198 1200/1200/1200 1201/1201/1201 
f 1200/1200/1200 1202/1202/1202 1201/1201/1201 
f 1201/1201/1201 1202/1202/1202 1202/1202/1202 
f 1202/1202/1202 1198/1198/1198 1202/1202/1202 
f 1202/1202/1202 1198/1198/1198 1198/1198/1198 
f 1198/1198/1198 1201/1201/1201 1198/1198/1198 
f 1198/1198/1198 1201/1201/1201 1203/1203/1203 
f 1201/1201/1201 1203/1203/1203 1203/1203/1203 
f 1203/1203/1203 1203/1203/1203 1204/1204/1204 
f 1203/1203/1203 1204/1204/1204 1204/1204/1204 
f 1204/1204/1204 1204/1204/1204 1205/1205/1205 
f 1204/1204/1204 1206/1206/1206 1205/1205/1205 
f 1205/1205/1205 1206/1206/1206 1205/1205/1205 
f 1206/1206/1206 1207/1207/1207 1205/1205/1205 
f 1205/1205/1205 1207/1207/1207 1205/1205/1205 
f 1207/1207/1207 1208/1208/1208 1205/1205/1205 
f 1205/1205/1205 1208/1208/1208 1209/1209/1209 
f 1208/1208/1208 1210/1210/1210 1209/1209/1209 
f 1209/1209/1209 1210/1210/1210 1210/1210/1210 
f 1210/1210/1210 1211/1211/1211 1210/1210/1210 
f 1210/1210/1210 1211/1211/1211 1211/1211/1211 
f 1211/1211/1211 1212/1212/1212 1211/1211/1211 
f 1211/1211/1211 1212/1212/1212 1213/1213/1213 
f 1212/1212/1212 1214/1214/1214 1213/1213/1213 
f 1213/1213/1213 1214/1214/1214 1214/1214/1214 
f 1214/1214/1214 1215/1215/1215 1214/1214/1214 
f 1214/1214/1214 1215/1215/1215 1215/1215/1215 
f 1215/1215/1215 1216/1216/1216 1215/1215/1215 
f 1215/1215/1215 1216/1216/1216 1217/1217/1217 
f 1216/1216/1216 1218/1218/1218 1217/1217/1217 
f 1217/1217/1217 1218/1218/1218 1218/1218/1218 
f 1218/1218/1218 1219/1219/1219 1218/1218/1218 
f 1218/1218/1218 1219/1219/1219 1219/1219/1219 
f 1219/1219/1219 1220/1220/1220 1219/1219/1219 
f 1219/1219/1219 1220/1220/1220 1221/1221/1221 
f 1220/1220/1220 1222/1222/1222 1221/1221/1221 
f 1221/1221/1221 1222/1222/1222 1223/1223/1223 
f 1222/1222/1222 1224/1224/1224 1223/1223/1223 
f 1223/1223/1223 1224/1224/1224 1223/1223/1223 
f 1224/1224/1224 1225/1225/1225 1223/1223/1223 
f 1223/1223/1223 1225/1225/1225 1226/1226/1226 
f 1225/1225/1225 1226/1226/1226 1226/1226/1226 
f 1226/1226/1226 1226/1226/1226 1227/1227/1227 
f 1226/1226/1226 1227/1227/1227 1227/1227/1227 
f 1227/1227/1227 1227/1227/1227 1228/1228/1228 
f 1227/1227/1227 1229/1229/1229 1228/1228/1228 
f 1228/1228/1228 1229/1229/1229 1228/1228/1228 
f 1229/1229/1229 1230/1230/1230 1228/1228/1228 
f 1228/1228/1228 1230/1230/1230 1231/1231/1231 
f 1230/1230/1230 1232/1232/1232 1231/1231/1231 
f 1231/1231/1231 1232/1232/1232 1233/1233/1233 
f 1232/1232/1232 1234/1234/1234 1233/1233/1233 
f 1233/1233/1233 1234/1234/1234 1234/1234/1234 
f 1234/1234/1234 1235/1235/1235 1234/1234/1234 
f 1234/1234/1234 1235/1235/1235 1235/1235/1235 
f 1235/1235/1235 1236/1236/1236 1235/1235/1235 
f 1235/1235/1235 1236/1236/1236 1237/1237/1237 
f 1236/1236/1236 1238/1238/1238 1237/1237/1237 
f 1237/1237/1237 1238/1238/1238 1238/1238/1238 
f 1238/1238/1238 1239/1239/1239 1238/1238/1238 
f 1238/1238/1238 1239/1239/1239 1239/1239/1239 
f 1239/1239/1239 1240/1240/1240 1239/1239/1239 
f 1239/1239/1239 1240/1240/1240 1241/1241/1241 
f 1240/1240/1240 1242/1242/1242 1241/1241/1241 
f 1241/1241/1241 1242/1242/1242 1242/1242/1242 
f 1242/1242/1242 1243/1243/1243 1242/1242/1242 
f 1242/1242/1242 1243/1243/1243 1243/1243/1243 
f 1243/1243/1243 1244/1244/1244 1243/1243/1243 
f 1243/1243/1243 1244/1244/1244 1245/1245/1245 
f 1244/1244/1244 1246/1246/1246 1245/1245/1245 
f 1245/1245/1245 1246/1246/1246 1246/1246/1246 
f 1246/1246/1246 1247/1247/1247 1246/1246/1246 
f 1246/1246/1246 1247/1247/1247 1247/1247/1247 
f 1247/1247/1247 1248/1248/1248 1247/1247/1247 
f 1247/1247/1247 1248/1248/1248 1249/1249/1249 
f 1248/1248/1248 1250/1250/1250 1249/1249/1249 
f 1249/1249/1249 1250/1250/1250 1250/1250/1250 
f 1250/1250/1250 1251/1251/1251 1250/1250/1250 
f 1250/1250/1250 1251/1251/1251 1251/1251/1251 
f 1251/1251/1251 1252/1252/1252 1251/1251/1251 
f 1251/1251/1251 1252/1252/1252 1253/1253/1253 
f 1252/1252/1252 1254/1254/1254 1253/1253/1253 
f 1253/1253/1253 1254/1254/1254 1254/1254/1254 
f 1254/1254/1254 1255/1255/1255 1254/1254/1254 
f 1254/1254/1254 1255/1255/1255 1255/1255/1255 
f 1255/1255/1255 1256/1256/1256 1255/1255/1255 
f 1255/1255/1255 1256/1256/1256 1257/1257/1257 
f 1256/1256/1256 1258/1258/1258 1257/1257/1257 
f 1257/1257/1257 1258/1258/1258 1258/1258/1258 
f 1258/1258/1258 1259/1259/1259 1258/1258/1258 
f 1258/1258/1258 1259/1259/1259 1259/1259/1259 
f 1259/1259/1259 1260/1260/1260 1259/1259/1259 
f 1259/1259/1259 1260/1260/1260 1261/1261/1261 
f 1260/1260/1260 1262/1262/1262 1261/1261/1261 
f 1261/1261/1261 1262/1262/1262 1262/1262/1262 
f 1262/1262/1262 1263/1263/1263 1262/1262/1262 
f 1262/1262/1262 1263/1263/1263 1263/1263/1263 
f 1263/1263/1263 1264/1264/1264 1263/1263/1263 
f 1263/1263/1263 1264/1264/1264 1265/1265/1265 
f 1264/1264/1264 1266/1266/1266 1265/1265/1265 
f 1265/1265/1265 1266/1266/1266 1266/1266/1266 
f 1266/1266/1266 1267/1267/1267 1266/1266/1266 
f 1266/1266/1266 1267/1267/1267 1267/1267/1267 
f 1267/1267/1267 1268/1268/1268 1267/1267/1267 
f 1267/1267/1267 1268/1268/1268 1269/1269/1269 
f 1268/1268/1268 1270/1270/1270 1269/1269/1269 
f 1269/1269/1269 1270/1270/1270 1270/1270/1270 
f 1270/1270/1270 1271/1271/1271 1270/1270/1270 
f 1270/1270/1270 1271/1271/1271 1271/1271/1271 
f 1271/1271/1271 1272/1272/1272 1271/1271/1271 
f 1271/1271/1271 1272/1272/1272 1273/1273/1273 
f 1272/1272/1272 1274/1274/1274 1273/1273/1273 
f 1273/1273/1273 1274/1274/1274 1274/1274/1274 
f 1274/1274/1274 1275/1275/1275 1274/1274/1274 
f 1274/1274/1274 1275/1275/1275 1275/1275/1275 
f 1275/1275/1275 1276/1276/1276 1275/1275/1275 
f 1275/1275/1275 1276/1276/1276 1277/1277/1277 
f 1276/1276/1276 1278/1278/1278 1277/1277/1277 
f 1277/1277/1277 1278/1278/1278 1278/1278/1278 
f 1278/1278/1278 1279/1279/1279 1278/1278/1278 
f 1278/1278/1278 1279/1279/1279 1279/1279/1279 
f 1279/1279/1279 1280/1280/1280 1279/1279/1279 
f 1279/1279/1279 1280/1280/1280 1281/1281/1281 
f 1280/1280/1280 1282/1282/1282 1281/1281/1281 
f 1281/1281/1281 1282/1282/1282 1282/1282/1282 
f 1282/1282/1282 1283/1283/1283 1282/1282/1282 
f 1282/1282/1282 1283/1283/1283 1283/1283/1283 
f 1283/1283/1283 1284/1284/1284 1283/1283/1283 
f 1283/1283/1283 1284/1284/1284 1285/1285/1285 
f 1284/1284/1284 1286/1286/1286 1285/1285/1285 
f 1285/1285/1285 1286/1286/1286 1286/1286/1286 
f 1286/1286/1286 1287/1287/1287 1286/1286/1286 
f 1286/1286/1286 1287/1287/1287 1287/1287/1287 
f 1287/1287/1287 1288/1288/1288 1287/1287/1287 
f 1287/1287/1287 1288/1288/1288 1289/1289/1289 
f 1288/1288/1288 1290/1290/1290 1289/1289/1289 
f 1289/1289/1289 1290/1290/1290 1290/1290/1290 
f 1290/1290/1290 1291/1291/1291 1290/1290/1290 
f 1290/1290/1290 1291/1291/1291 1291/1291/1291 
f 1291/1291/1291 1292/1292/1292 1291/1291/1291 
f 1291/1291/1291 1292/1292/1292 1293/1293/1293 
f 1292/1292/1292 1294/1294/1294 1293/1293/1293 
f 1293/1293/1293 1294/1294/1294 1294/1294/1294 
f 1294/1294/1294 1295/1295/1295 1294/1294/1294 
f 1294/1294/1294 1295/1295/1295 1295/1295/1295 
f 1295/1295/1295 1296/1296/1296 1295/1295/1295 
f 1295/1295/1295 1296/1296/1296 1297/1297/1297 
f 1296/1296/1296 1298/1298/1298 1297/1297/1297 
f 1297/1297/1297 1298/1298/1298 1298/1298/1298 
f 1298/1298/1298 1299/1299/1299 1298/1298/1298 
f 1298/1298/1298 1299/1299/1299 1299/1299/1299 
f 1299/1299/1299 1300/1300/1300 1299/1299/1299 
f 1299/1299/1299 1300/1300/1300 1301/1301/1301 
f 1300/1300/1300 1302/1302/1302 1301/1301/1301 
f 1301/1301/1301 1302/1302/1302 1303/1303/1303 
f 1302/1302/1302 1302/1302/1302 1303/1303/1303 
f 1303/1303/1303 1302/1302/1302 1304/1304/1304 
f 1302/1302/1302 1302/1302/1302 1304/1304/1304 
f 1304/1304/1304 1302/1302/1302 1305/1305/1305 
f 1302/1302/1302 1306/1306/1306 1305/1305/1305 
f 1305/1305/1305 1306/1306/1306 1305/1305/1305 
f 1306/1306/1306 1307/1307/1307 1305/1305/1305 
f 1305/1305/1305 1307/1307/1307 1308/1308/1308 
f 1307/1307/1307 1307/1307/1307 1308/1308/1308 
f 1308/1308/1308 1307/1307/1307 1309/1309/1309 
f 1307/1307/1307 1310/1310/1310 1309/1309/1309 
f 1309/1309/1309 1310/1310/1310 1309/1309/1309 
f 1310/1310/1310 1311/1311/1311 1309/1309/1309 
f 1309/1309/1309 1311/1311/1311 1309/1309/1309 
f 1311/1311/1311 1312/1312/1312 1309/1309/1309 
f 1309/1309/1309 1312/1312/1312 1313/1313/1313 
f 1312/1312/1312 1314/1314/1314 1313/1313/1313 
f 1313/1313/1313 1314/1314/1314 1314/1314/1314 
f 1314/1314/1314 1315/1315/1315 1314/1314/1314 
f 1314/1314/1314 1315/1315/1315 1315/1315/1315 
f 1315/1315/1315 1316/1316/1316 1315/1315/1315 
f 1315/1315/1315 1316/1316/1316 1317/1317/1317 
f 1316/1316/1316 1318/1318/1318 1317/1317/1317 
f 1317/1317/1317 1318/1318/1318 1318/1318/1318 
f 1318/1318/1318 1319/1319/1319 1318/1318/1318 
f 1318/1318/1318 1319/1319/1319 1319/1319/1319 
f 1319/1319/1319 1320/1320/1320 1319/1319/1319 
f 1319/1319/1319 1320/1320/1320 1321/1321/1321 
f 1320/1320/1320 1322/1322/1322 1321/1321/1321 
f 1321/1321/1321 1322/1322/1322 1322/1322/1322 
f 1322/1322/1322 1323/1323/1323 1322/1322/1322 
f 1322/1322/1322 1323/1323/1323 1323/1323/1323 
f 1323/1323/1323 1324/1324/1324 1323/1323/1323 
f 1323/1323/1323 1324/1324/1324 1325/1325/1325 
f 1324/1324/1324 1326/1326/1326 1325/1325/1325 
f 1325/1325/1325 1326/1326/1326 1326/1326/1326 
f 1326/1326/1326 1327/1327/1327 1326/1326/1326 
f 1326/1326/1326 1327/1327/1327 1327/1327/1327 
f 1327/1327/1327 1328/1328/1328 1327/1327/1327 
f 1327/1327/1327 1328/1328/1328 1329/1329/1329 
f 1328/1328/1328 1330/1330/1330 1329/1329/1329 
f 1329/1329/1329 1330/1330/1330 1330/1330/1330 
f 1330/1330/1330 1331/1331/1331 1330/1330/1330 
f 1330/1330/1330 1331/1331/1331 1331/1331/1331 
f 1331/1331/1331 1332/1332/1332 1331/1331/1331 
f 1331/1331/1331 1332/1332/1332 1333/1333/1333 
f 1332/1332/1332 1334/1334/1334 1333/1333/1333 
f 1333/1333/1333 1334/1334/1334 1334/1334/1334 
f 1334/1334/1334 1335/1335/1335 1334/1334/1334 
f 1334/1334/1334 1335/1335/1335 1335/1335/1335 
f 1335/1335/1335 1336/1336/1336 1335/1335/1335 
f 1335/1335/1335 1336/1336/1336 1337/1337/1337 
f 1336/1336/1336 1336/1336/1336 1337/1337/1337 
f 1337/1337/1337 1336/1336/1336 1338/1338/1338 
f 1336/1336/1336 1339/1339/1339 1338/1338/1338 
f 1338/1338/1338 1339/1339/1339 1340/1340/1340 
f 1339/1339/1339 1340/1340/1340 1340/1340/1340 
f 1340/1340/1340 1340/1340/1340 1341/1341/1341 
f 1340/1340/1340 1341/1341/1341 1341/1341/1341 
f 1341/1341/1341 1341/1341/1341 1342/1342/1342 
f 1341/1341/1341 1343/1343/1343 1342/1342/1342 
f 1342/1342/1342 1343/1343/1343 1344/1344/1344 
f 1343/1343/1343 1343/1343/1343 1344/1344/1344 
f 1344/1344/1344 1343/1343/1343 1345/1345/1345 
f 1343/1343/1343 1346/1346/1346 1345/1345/1345 
f 1345/1345/1345 1346/1346/1346 1347/1347/1347 
f 1346/1346/1346 1348/1348/1348 1347/1347/1347 
f 1347/1347/1347 1348/1348/1348 1349/1349/1349 
f 1348/1348/1348 1350/1350/1350 1349/1349/1349 
f 1349/1349/1349 1350/1350/1350 1349/1349/1349 
f 1350/1350/1350 1351/1351/1351 1349/1349/1349 
f 1349/1349/1349 1351/1351/1351 1352/1352/1352 
f 1351/1351/1351 1352/1352/1352 1352/1352/1352 
f 1352/1352/1352 1352/1352/1352 1353/1353/1353 
f 1352/1352/1352 1353/1353/1353 1353/1353/1353 
f 1353/1353/1353 1353/1353/1353 1354/1354/1354 
f 1353/1353/1353 1355/1355/1355 1354/1354/1354 
f 1354/1354/1354 1355/1355/1355 1354/1354/1354 
f 1355/1355/1355 1356/1356/1356 1354/1354/1354 
f 1354/1354/1354 1356/1356/1356 1357/1357/1357 
f 1356/1356/1356 1358/1358/1358 1357/1357/1357 
f 1357/1357/1357 1358/1358/1358 1358/1358/1358 
f 1358/1358/1358 1359/1359/1359 1358/1358/1358 
f 1358/1358/1358 1359/1359/1359 1359/1359/1359 
f 1359/1359/1359 1360/1360/1360 1359/1359/1359 
f 1359/1359/1359 1360/1360/1360 1361/1361/1361 
f 1360/1360/1360 1362/1362/1362 1361/1361/1361 
f 1361/1361/1361 1362/1362/1362 1363/1363/1363 
f 1362/1362/1362 1364/1364/1364 1363/1363/1363 
f 1363/1363/1363 1364/1364/1364 1364/1364/1364 
f 1364/1364/1364 1365/1365/1365 1364/1364/1364 
f 1364/1364/1364 1365/1365/1365 1365/1365/1365 
f 1365/1365/1365 1366/1366/1366 1365/1365/1365 
f 1365/1365/1365 1366/1366/1366 1367/1367/1367 
f 1366/1366/1366 1366/1366/1366 1367/1367/1367 
f 1367/1367/1367 1366/1366/1366 1368/1368/1368 
f 1366/1366/1366 1366/1366/1366 1368/1368/1368 
f 1368/1368/1368 1366/1366/1366 1369/1369/1369 
f 1366/1366/1366 1370/1370/1370 1369/1369/1369 
f 1369/1369/1369 1370/1370/1370 1371/1371/1371 
f 1370/1370/1370 1372/1372/1372 1371/1371/1371 
f 1371/1371/1371 1372/1372/1372 1373/1373/1373 
f 1372/1372/1372 1374/1374/1374 1373/1373/1373 
f 1373/1373/1373 1374/1374/1374 1373/1373/1373 
f 1374/1374/1374 1375/1375/1375 1373/1373/1373 
f 1373/1373/1373 1375/1375/1375 1376/1376/1376 
f 1375/1375/1375 1376/1376/1376 1376/1376/1376 
f 1376/1376/1376 1376/1376/1376 1377/1377/1377 
f 1376/1376/1376 1377/1377/1377 1377/1377/1377 
f 1377/1377/1377 1377/1377/1377 1378/1378/1378 
f 1377/1377/1377 1379/1379/1379 1378/1378/1378 
f 1378/1378/1378 1379/1379/1379 1380/1380/1380 
f 1379/1379/1379 1381/1381/1381 1380/1380/1380 
f 1380/1380/1380 1381/1381/1381 1382/1382/1382 
f 1381/1381/1381 1382/1382/1382 1382/1382/1382 
f 1382/1382/1382 1382/1382/1382 1383/1383/1383 
f 1382/1382/1382 1383/1383/1383 1383/1383/1383 
f 1383/1383/1383 1383/1383/1383 1384/1384/1384 
f 1383/1383/1383 1385/1385/1385 1384/1384/1384 
f 1384/1384/1384 1385/1385/1385 1385/1385/1385 
f 1385/1385/1385 1386/1386/1386 1385/1385/1385 
f 1385/1385/1385 1386/1386/1386 1386/1386/1386 
f 1386/1386/1386 1387/1387/1387 1386/1386/1386 
f 1386/1386/1386 1387/1387/1387 1388/1388/1388 
f 1387/1387/1387 1388/1388/1388 1388/1388/1388 
f 1388/1388/1388 1388/1388/1388 1389/1389/1389 
f 1388/1388/1388 1389/1389/1389 1389/1389/1389 
f 1389/1389/1389 1389/1389/1389 1390/1390/1390 
f 1389/1389/1389 1391/1391/1391 1390/1390/1390 
f 1390/1390/1390 1391/1391/1391 1391/1391/1391 
f 1391/1391/1391 1392/1392/1392 1391/1391/1391 
f 1391/1391/1391 1392/1392/1392 1392/1392/1392 
f 1392/1392/1392 1393/1393/1393 1392/1392/1392 
f 1392/1392/1392 1393/1393/1393 1394/1394/1394 
f 1393/1393/1393 1394/1394/1394 1394/1394/1394 
f 1394/1394/1394 1394/1394/1394 1395/1395/1395 
f 1394/1394/1394 1395/1395/1395 1395/1395/1395 
f 1395/1395/1395 1395/1395/1395 1396/1396/1396 
f 1395/1395/1395 1397/1397/1397 1396/1396/1396 
f 1396/1396/1396 1397/1397/1397 1398/1398/1398 
f 1397/1397/1397 1398/1398/1398 1398/1398/1398 
f 1398/1398/1398 1398/1398/1398 1399/1399/1399 
f 1398/1398/1398 1399/1399/1399 1399/1399/1399 
f 1399/1399/1399 1399/1399/1399 1400/1400/1400 
f 1399/1399/1399 1401/1401/1401 1400/1400/1400 
f 1400/1400/1400 1401/1401/1401 1402/1402/1402 
f 1401/1401/1401 1402/1402/1402 1402/1402/1402 
f 1402/1402/1402 1402/1402/1402 1403/1403/1403 
f 1402/1402/1402 1403/1403/1403 1403/1403/1403 
f 1403/1403/1403 1403/1403/1403 1404/1404/1404 
f 1403/1403/1403 1405/1405/1405 1404/1404/1404 
f 1404/1404/1404 1405/1405/1405 1406/1406/1406 
f 1405/1405/1405 1406/1406/1406 1406/1406/1406 
f 1406/1406/1406 1406/1406/1406 1407/1407/1407 
f 1406/1406/1406 1407/1407/1407 1407/1407/1407 
f 1407/1407/1407 1407/1407/1407 1408/1408/1408 
f 1407/1407/1407 1409/1409/1409 1408/1408/1408 
f 1408/1408/1408 1409/1409/1409 1410/1410/1410 
f 1409/1409/1409 1410/1410/1410 1410/1410/1410 
f 1410/1410/1410 1410/1410/1410 1411/1411/1411 
f 1410/1410/1410 1411/1411/1411 1411/1411/1411 
f 1411/1411/1411 1411/1411/1411 1412/1412/1412 
f 1411/1411/1411 1413/1413/1413 1412/1412/1412 
f 1412/1412/1412 1413/1413/1413 1414/1414/1414 
f 1413/1413/1413 1414/1414/1414 1414/1414/1414 
f 1414/1414/1414 1414/1414/1414 1415/1415/1415 
f 1414/1414/1414 1415/1415/1415 1415/1415/1415 
f 1415/1415/1415 1415/1415/1415 1416/1416/1416 
f 1415/1415/1415 1417/1417/1417 1416/1416/1416 
f 1416/1416/1416 1417/1417/1417 1418/1418/1418 
f 1417/1417/1417 1418/1418/1418 1418/1418/1418 
f 1418/1418/1418 1418/1418/1418 1419/1419/1419 
f 1418/1418/1418 1419/1419/1419 1419/1419/1419 
f 1419/1419/1419 1419/1419/1419 1420/1420/1420 
f 1419/1419/1419 1421/1421/1421 1420/1420/1420 
f 1420/1420/1420 1421/1421/1421 1422/1422/1422 
f 1421/1421/1421 1422/1422/1422 1422/1422/1422 
f 1422/1422/1422 1422/1422/1422 1423/1423/1423 
f 1422/1422/1422 1423/1423/1423 1423/1423/1423 
f 1423/1423/1423 1423/1423/1423 1424/1424/1424 
f 1423/1423/1423 1425/1425/1425 1424/1424/1424 
f 1424/1424/1424 1425/1425/1425 1426/1426/1426 
f 1425/1425/1425 1426/1426/1426 1426/1426/1426 
f 1426/1426/1426 1426/1426/1426 1427/1427/1427 
f 1426/1426/1426 1427/1427/1427 1427/1427/1427 
f 1427/1427/1427 1427/1427/1427 1428/1428/1428 
f 1427/1427/1427 1429/1429/1429 1428/1428/1428 
f 1428/1428/1428 1429/1429/1429 1430/1430/1430 
f 1429/1429/1429 1430/1430/1430 1430/1430/1430 
f 1430/1430/1430 1430/1430/1430 1431/1431/1431 
f 1430/1430/1430 1431/1431/1431 1431/1431/1431 
f 1431/1431/1431 1431/1431/1431 1432/1432/1432 
f 1431/1431/1431 1433/1433/1433 1432/1432/1432 
f 1432/1432/1432 1433/1433/1433 1434/1434/1434 
f 1433/1433/1433 1434/1434/1434 1434/1434/1434 
f 1434/1434/1434 1434/1434/1434 1435/1435/1435 
f 1434/1434/1434 1435/1435/1435 1435/1435/1435 
f 1435/1435/1435 1435/1435/1435 1436/1436/1436 
f 1435/1435/1435 1437/1437/1437 1436/1436/1436 
f 1436/1436/1436 1437/1437/1437 1438/1438/1438 
f 1437/1437/1437 1438/1438/1438 1438/1438/1438 
f 1438/1438/1438 1438/1438/1438 1439/1439/1439 
f 1438/1438/1438 1439/1439/1439 1439/1439/1439 
f 1439/1439/1439 1439/1439/1439 1440/1440/1440 
f 1439/1439/1439 1441/1441/1441 1440/1440/1440 
f 1440/1440/1440 1441/1441/1441 1442/1442/1442 
f 1441/1441/1441 1442/1442/1442 1442/1442/1442 
f 1442/1442/1442 1442/1442/1442 1443/1443/1443 
f 1442/1442/1442 1443/1443/1443 1443/1443/1443 
f 1443/1443/1443 1443/1443/1443 1444/1444/1444 
f 1443/1443/1443 1445/1445/1445 1444/1444/1444 
f 1444/1444/1444 1445/1445/1445 1446/1446/1446 
f 1445/1445/1445 1446/1446/1446 1446/1446/1446 
f 1446/1446/1446 1446/1446/1446 1447/1447/1447 
f 1446/1446/1446 1447/1447/1447 1447/1447/1447 
f 1447/1447/1447 1447/1447/1447 1448/1448/1448 
f 1447/1447/1447 1449/1449/1449 1448/1448/1448 
f 1448/1448/1448 1449/1449/1449 1450/1450/1450 
f 1449/1449/1449 1450/1450/1450 1450/1450/1450 
f 1450/1450/1450 1450/1450/1450 1451/1451/1451 
f 1450/1450/1450 1451/1451/1451 1451/1451/1451 
f 1451/1451/1451 1451/1451/1451 1452/1452/1452 
f 1451/1451/1451 1453/1453/1453 1452/1452/1452 
f 1452/1452/1452 1453/1453/1453 1454/1454/1454 
f 1453/1453/1453 1454/1454/1454 1454/1454/1454 
f 1454/1454/1454 1454/1454/1454 1455/1455/1455 
f 1454/1454/1454 1455/1455/1455 1455/1455/1455 
f 1455/1455/1455 1455/1455/1455 1456/1456/1456 
f 1455/1455/1455 1457/1457/1457 1456/1456/1456 
f 1456/1456/1456 1457/1457/1457 1458/1458/1458 
f 1457/1457/1457 1458/1458/1458 1458/1458/1458 
f 1458/1458/1458 1458/1458/1458 1459/1459/1459 
f 1458/1458/1458 1459/1459/1459 1459/1459/1459 
f 1459/1459/1459 1459/1459/1459 1460/1460/1460 
f 1459/1459/1459 1461/1461/1461 1460/1460/1460 
f 1460/1460/1460 1461/1461/1461 1462/1462/1462 
f 1461/1461/1461 1462/1462/1462 1462/1462/1462 
f 1462/1462/1462 1462/1462/1462 1463/1463/1463 
f 1462/1462/1462 1463/1463/1463 1463/1463/1463 
f 1463/1463/1463 1463/1463/1463 1464/1464/1464 
f 1463/1463/1463 1465/1465/1465 1464/1464/1464 
f 1464/1464/1464 1465/1465/1465 1466/1466/1466 
f 1465/1465/1465 1466/1466/1466 1466/1466/1466 
f 1466/1466/1466 1466/1466/1466 1467/1467/1467 
f 1466/1466/1466 1467/1467/1467 1467/1467/1467 
f 1467/1467/1467 1467/1467/1467 1468/1468/1468 
f 1467/1467/1467 1469/1469/1469 1468/1468/1468 
f 1468/1468/1468 1469/1469/1469 1470/1470/1470 
f 1469/1469/1469 1470/1470/1470 1470/1470/1470 
f 1470/1470/1470 1470/1470/1470 1471/1471/1471 
f 1470/1470/1470 1471/1471/1471 1471/1471/1471 
f 1471/1471/1471 1471/1471/1471 1472/1472/1472 
f 1471/1471/1471 1473/1473/1473 1472/1472/1472 
f 1472/1472/1472 1473/1473/1473 1474/1474/1474 
f 1473/1473/1473 1474/1474/1474 1474/1474/1474 
f 1474/1474/1474 1474/1474/1474 1475/1475/1475 
f 1474/1474/1474 1475/1475/1475 1475/1475/1475 
f 1475/1475/1475 1475/1475/1475 1476/1476/1476 
f 1475/1475/1475 1477/1477/1477 1476/1476/1476 
f 1476/1476/1476 1477/1477/1477 1478/1478/1478 
f 1477/1477/1477 1478/1478/1478 1478/1478/1478 
f 1478/1478/1478 1478/1478/1478 1479/1479/1479 
f 1478/1478/1478 1479/1479/1479 1479/1479/1479 
f 1479/1479/1479 1479/1479/1479 1480/1480/1480 
f 1479/1479/1479 1481/1481/1481 1480/1480/1480 
f 1480/1480/1480 1481/1481/1481 1482/1482/1482 
f 1481/1481/1481 1482/1482/1482 1482/1482/1482 
f 1482/1482/1482 1482/1482/1482 1483/1483/1483 
f 1482/1482/1482 1483/1483/1483 1483/1483/1483 
f 1483/1483/1483 1483/1483/1483 1484/1484/1484 
f 1483/1483/1483 1485/1485/1485 1484/1484/1484 
f 1484/1484/1484 1485/1485/1485 1486/1486/1486 
f 1485/1485/1485 1486/1486/1486 1486/1486/1486 
f 1486/1486/1486 1486/1486/1486 1487/1487/1487 
f 1486/1486/1486 1487/1487/1487 1487/1487/1487 
f 1487/1487/1487 1487/1487/1487 1488/1488/1488 
f 1487/1487/1487 1489/1489/1489 1488/1488/1488 
f 1488/1488/1488 1489/1489/1489 1490/1490/1490 
f 1489/1489/1489 1490/1490/1490 1490/1490/1490 
f 1490/1490/1490 1490/1490/1490 1491/1491/1491 
f 1490/1490/1490 1491/1491/1491 1491/1491/1491 
f 1491/1491/1491 1491/1491/1491 1492/1492/1492 
f 1491/1491/1491 1493/1493/1493 1492/1492/1492 
f 1492/1492/1492 1493/1493/1493 1494/1494/1494 
f 1493/1493/1493 1494/1494/1494 1494/1494/1494 
f 1494/1494/1494 1494/1494/1494 1495/1495/1495 
f 1494/1494/1494 1495/1495/1495 1495/1495/1495 
f 1495/1495/1495 1495/1495/1495 1496/1496/1496 
f 1495/1495/1495 1497/1497/1497 1496/1496/1496 
f 1496/1496/1496 1497/1497/1497 1498/1498/1498 
f 1497/1497/1497 1498/1498/1498 1498/1498/1498 
f 1498/1498/1498 1498/1498/1498 1499/1499/1499 
f 1498/1498/1498 1499/1499/1499 1499/1499/1499 
f 1499/1499/1499 1499/1499/1499 1500/1500/1500 
f 1499/1499/1499 1501/1501/1501 1500/1500/1500 
f 1500/1500/1500 1501/1501/1501 1502/1502/1502 
f 1501/1501/1501 1502/1502/1502 1502/1502/1502 
f 1502/1502/1502 1502/1502/1502 1503/1503/1503 
f 1502/1502/1502 1503/1503/1503 1503/1503/1503 
f 1503/1503/1503 1503/1503/1503 1504/1504/1504 
f 1503/1503/1503 1505/1505/1505 1504/1504/1504 
f 1504/1504/1504 1505/1505/1505 1506/1506/1506 
f 1505/1505/1505 1506/1506/1506 1506/1506/1506 
f 1506/1506/1506 1506/1506/1506 1507/1507/1507 
f 1506/1506/1506 1507/1507/1507 1507/1507/1507 
f 1507/1507/1507 1507/1507/1507 1508/1508/1508 
f 1507/1507/1507 1509/1509/1509 1508/1508/1508 
f 1508/1508/1508 1509/1509/1509 1510/1510/1510 
f 1509/1509/1509 1510/1510/1510 1510/1510/1510 
f 1510/1510/1510 1510/1510/1510 1511/1511/1511 
f 1510/1510/1510 1511/1511/1511 1511/1511/1511 
f 1511/1511/1511 1511/1511/1511 1512/1512/1512 
f 1511/1511/1511 1513/1513/1513 1512/1512/1512 
f 1512/1512/1512 1513/1513/1513 1514/1514/1514 
f 1513/1513/1513 1514/1514/1514 1514/1514/1514 
f 1514/1514/1514 1514/1514/1514 1515/1515/1515 
f 1514/1514/1514 1515/1515/1515 1515/1515/1515 
f 1515/1515/1515 1515/1515/1515 1516/1516/1516 
f 1515/1515/1515 1517/1517/1517 1516/1516/1516 
f 1516/1516/1516 1517/1517/1517 1518/1518/1518 
f 1517/1517/1517 1518/1518/1518 1518/1518/1518 
f 1518/1518/1518 1518/1518/1518 1519/1519/1519 
f 1518/1518/1518 1519/1519/1519 1519/1519/1519 
f 1519/1519/1519 1519/1519/1519 1520/1520/1520 
f 1519/1519/1519 1521/1521/1521 1520/1520/1520 
f 1520/1520/1520 1521/1521/1521 1522/1522/1522 
f 1521/1521/1521 1522/1522/1522 1522/1522/1522 
f 1522/1522/1522 1522/1522/1522 1523/1523/1523 
f 1522/1522/1522 1523/1523/1523 1523/1523/1523 
f 1523/1523/1523 1523/1523/1523 1524/1524/1524 
f 1523/1523/1523 1525/1525/1525 1524/1524/1524 
f 1524/1524/1524 1525/1525/1525 1526/1526/1526 
f 1525/1525/1525 1526/1526/1526 1526/1526/1526 
f 1526/1526/1526 1526/1526/1526 1527/1527/1527 
f 1526/1526/1526 1527/1527/1527 1527/1527/1527 
f 1527/1527/1527 1527/1527/1527 1528/1528/1528 
f 1527/1527/1527 1529/1529/1529 1528/1528/1528 
f 1528/1528/1528 1529/1529/1529 1530/1530/1530 
f 1529/1529/1529 1530/1530/1530 1530/1530/1530 
f 1530/1530/1530 1530/1530/1530 1531/1531/1531 
f 1530/1530/1530 1531/1531/1531 1531/1531/1531 
f 1531/1531/1531 1531/1531/1531 1532/1532/1532 
f 1531/1531/1531 1533/1533/1533 1532/1532/1532 
f 1532/1532/1532 1533/1533/1533 1534/1534/1534 
f 1533/1533/1533 1534/1534/1534 1534/1534/1534 
f 1534/1534/1534 1534/1534/1534 1535/1535/1535 
f 1534/1534/1534 1535/1535/1535 1535/1535/1535 
f 1535/1535/1535 1535/1535/1535 1536/1536/1536 
f 1535/1535/1535 1537/1537/1537 1536/1536/1536 
f 1536/1536/1536 1537/1537/1537 1538/1538/1538 
f 1537/1537/1537 1538/1538/1538 1538/1538/1538 
f 1538/1538/1538 1538/1538/1538 1539/1539/1539 
f 1538/1538/1538 1539/1539/1539 1539/1539/1539 
f 1539/1539/1539 1539/1539/1539 1540/1540/1540 
f 1539/1539/1539 1541/1541/1541 1540/1540/1540 
f 1540/1540/1540 1541/1541/1541 1542/1542/1542 
f 1541/1541/1541 1542/1542/1542 1542/1542/1542 
f 1542/1542/1542 1542/1542/1542 1543/1543/1543 
f 1542/1542/1542 1543/1543/1543 1543/1543/1543 
f 1543/1543/1543 1543/1543/1543 1544/1544/1544 
f 1543/1543/1543 1545/1545/1545 1544/1544/1544 
f 1544/1544/1544 1545/1545/1545 1546/1546/1546 
f 1545/1545/1545 1546/1546/1546 1546/1546/1546 
f 1546/1546/1546 1546/1546/1546 1547/1547/1547 
f 1546/1546/1546 1547/1547/1547 1547/1547/1547 
f 1547/1547/1547 1547/1547/1547 1548/1548/1548 
f 1547/1547/1547 1549/1549/1549 1548/1548/1548 
f 1548/1548/1548 1549/1549/1549 1550/1550/1550 
f 1549/1549/1549 1550/1550/1550 1550/1550/1550 
f 1550/1550/1550 1550/1550/1550 1551/1551/1551 
f 1550/1550/1550 1551/1551/1551 1551/1551/1551 
f 1551/1551/1551 1551/1551/1551 1552/1552/1552 
f 1551/1551/1551 1553/1553/1553 1552/1552/1552 
f 1552/1552/1552 1553/1553/1553 1554/1554/1554 
f 1553/1553/1553 1554/1554/1554 1554/1554/1554 
f 1554/1554/1554 1554/1554/1554 1555/1555/1555 
f 1554/1554/1554 1555/1555/1555 1555/1555/1555 
f 1555/1555/1555 1555/1555/1555 1556/1556/1556 
f 1555/1555/1555 1557/1557/1557 1556/1556/1556 
f 1556/1556/1556 1557/1557/1557 1558/1558/1558 
f 1557/1557/1557 1559/1559/1559 1558/1558/1558 
f 1558/1558/1558 1559/1559/1559 1560/1560/1560 
f 1559/1559/1559 1560/1560/1560 1560/1560/1560 
f 1560/1560/1560 1560/1560/1560 1555/1555/1555 
f 1560/1560/1560 1555/1555/1555 1555/1555/1555 
f 1555/1555/1555 1555/1555/1555 1557/1557/1557 
f 1555/1555/1555 1561/1561/1561 1557/1557/1557 
f 1557/1557/1557 1561/1561/1561 1557/1557/1557 
f 1561/1561/1561 1562/1562/1562 1557/1557/1557 
f 1557/1557/1557 1562/1562/1562 1559/1559/1559 
f 1562/1562/1562 1559/1559/1559 1559/1559/1559 
f 1559/1559/1559 1559/1559/1559 1555/1555/1555 
f 1559/1559/1559 1555/1555/1555 1555/1555/1555 
f 1555/1555/1555 1555/1555/1555 1563/1563/1563 
f 1555/1555/1555 1556/1556/1556 1563/1563/1563 
f 1563/1563/1563 1556/1556/1556 1564/1564/1564 
f 1556/1556/1556 1565/1565/1565 1564/1564/1564 
f 1564/1564/1564 1565/1565/1565 1566/1566/1566 
f 1565/1565/1565 1567/1567/1567 1566/1566/1566 
f 1566/1566/1566 1567/1567/1567 1566/1566/1566 
f 1567/1567/1567 1568/1568/1568 1566/1566/1566 
f 1566/1566/1566 1568/1568/1568 1569/1569/1569 
f 1568/1568/1568 1568/1568/1568 1569/1569/1569 
f 1569/1569/1569 1568/1568/1568 1570/1570/1570 
f 1568/1568/1568 1571/1571/1571 1570/1570/1570 
f 1570/1570/1570 1571/1571/1571 1570/1570/1570 
f 1571/1571/1571 1572/1572/1572 1570/1570/1570 
f 1570/1570/1570 1572/1572/1572 1573/1573/1573 
f 1572/1572/1572 1573/1573/1573 1573/1573/1573 
f 1573/1573/1573 1573/1573/1573 1564/1564/1564 
f 1573/1573/1573 1564/1564/1564 1564/1564/1564 
f 1564/1564/1564 1564/1564/1564 1563/1563/1563 
f 1564/1564/1564 1566/1566/1566 1563/1563/1563 
f 1563/1563/1563 1566/1566/1566 1569/1569/1569 
f 1566/1566/1566 1569/1569/1569 1569/1569/1569 
f 1569/1569/1569 1569/1569/1569 1556/1556/1556 
f 1569/1569/1569 1556/1556/1556 1556/1556/1556 
f 1556/1556/1556 1556/1556/1556 1565/1565/1565 
f 1556/1556/1556 1558/1558/1558 1565/1565/1565 
f 1565/1565/1565 1558/1558/1558 1574/1574/1574 
f 1558/1558/1558 1560/1560/1560 1574/1574/1574 
f 1574/1574/1574 1560/1560/1560 1560/1560/1560 
f 1560/1560/1560 1567/1567/1567 1560/1560/1560 
f 1560/1560/1560 1567/1567/1567 1567/1567/1567 
f 1567/1567/1567 1565/1565/1565 1567/1567/1567 
f 1567/1567/1567 1565/1565/1565 1574/1574/1574 
f 1565/1565/1565 1574/1574/1574 1574/1574/1574 
f 1574/1574/1574 1574/1574/1574 1571/1571/1571 
f 1574/1574/1574 1571/1571/1571 1571/1571/1571 
f 1571/1571/1571 1571/1571/1571 1572/1572/1572 
f 1571/1571/1571 1575/1575/1575 1572/1572/1572 
f 1572/1572/1572 1575/1575/1575 1576/1576/1576 
f 1575/1575/1575 1576/1576/1576 1576/1576/1576 
f 1576/1576/1576 1576/1576/1576 1568/1568/1568 
f 1576/1576/1576 1568/1568/1568 1568/1568/1568 
f 1568/1568/1568 1568/1568/1568 1571/1571/1571 
f 1568/1568/1568 1577/1577/1577 1571/1571/1571 
f 1571/1571/1571 1577/1577/1577 1578/1578/1578 
f 1577/1577/1577 1577/1577/1577 1578/1578/1578 
f 1578/1578/1578 1577/1577/1577 1579/1579/1579 
f 1577/1577/1577 1580/1580/1580 1579/1579/1579 
f 1579/1579/1579 1580/1580/1580 1581/1581/1581 
f 1580/1580/1580 1574/1574/1574 1581/1581/1581 
f 1581/1581/1581 1574/1574/1574 1582/1582/1582 
f 1574/1574/1574 1574/1574/1574 1582/1582/1582 
f 1582/1582/1582 1574/1574/1574 1583/1583/1583 
f 1574/1574/1574 1560/1560/1560 1583/1583/1583 
f 1583/1583/1583 1560/1560/1560 1584/1584/1584 
f 1560/1560/1560 1559/1559/1559 1584/1584/1584 
f 1584/1584/1584 1559/1559/1559 1585/1585/1585 
f 1559/1559/1559 1562/1562/1562 1585/1585/1585 
f 1585/1585/1585 1562/1562/1562 1586/1586/1586 
f 1562/1562/1562 1587/1587/1587 1586/1586/1586 
f 1586/1586/1586 1587/1587/1587 1586/1586/1586 
f 1587/1587/1587 1588/1588/1588 1586/1586/1586 
f 1586/1586/1586 1588/1588/1588 1589/1589/1589 
f 1588/1588/1588 1588/1588/1588 1589/1589/1589 
f 1589/1589/1589 1588/1588/1588 1590/1590/1590 
f 1588/1588/1588 1591/1591/1591 1590/1590/1590 
f 1590/1590/1590 1591/1591/1591 1591/1591/1591 
f 1591/1591/1591 1578/1578/1578 1591/1591/1591 
f 1591/1591/1591 1578/1578/1578 1578/1578/1578 
f 1578/1578/1578 1575/1575/1575 1578/1578/1578 
f 1578/1578/1578 1575/1575/1575 1571/1571/1571 
f 1575/1575/1575 1571/1571/1571 1571/1571/1571 
f 1571/1571/1571 1571/1571/1571 1568/1568/1568 
f 1571/1571/1571 1568/1568/1568 1568/1568/1568 
f 1568/1568/1568 1568/1568/1568 1577/1577/1577 
f 1568/1568/1568 1567/1567/1567 1577/1577/1577 
f 1577/1577/1577 1567/1567/1567 1580/1580/1580 
f 1567/1567/1567 1574/1574/1574 1580/1580/1580 
f 1580/1580/1580 1574/1574/1574 1574/1574/1574 
f 1574/1574/1574 1562/1562/1562 1574/1574/1574 
f 1574/1574/1574 1562/1562/1562 1562/1562/1562 
f 1562/1562/1562 1561/1561/1561 1562/1562/1562 
f 1562/1562/1562 1561/1561/1561 1587/1587/1587 
f 1561/1561/1561 1592/1592/1592 1587/1587/1587 
f 1587/1587/1587 1592/1592/1592 1592/1592/1592 
f 1592/1592/1592 1590/1590/1590 1592/1592/1592 
f 1592/1592/1592 1590/1590/1590 1590/1590/1590 
f 1590/1590/1590 1593/1593/1593 1590/1590/1590 
f 1590/1590/1590 1593/1593/1593 1589/1589/1589 
f 1593/1593/1593 1593/1593/1593 1589/1589/1589 
f 1589/1589/1589 1593/1593/1593 1594/1594/1594 
f 1593/1593/1593 1595/1595/1595 1594/1594/1594 
f 1594/1594/1594 1595/1595/1595 1596/1596/1596 
f 1595/1595/1595 1597/1597/1597 1596/1596/1596 
f 1596/1596/1596 1597/1597/1597 1598/1598/1598 
f 1597/1597/1597 1599/1599/1599 1598/1598/1598 
f 1598/1598/1598 1599/1599/1599 1600/1600/1600 
f 1599/1599/1599 1601/1601/1601 1600/1600/1600 
f 1600/1600/1600 1601/1601/1601 1602/1602/1602 
f 1601/1601/1601 1603/1603/1603 1602/1602/1602 
f 1602/1602/1602 1603/1603/1603 1604/1604/1604 
f 1603/1603/1603 1605/1605/1605 1604/1604/1604 
f 1604/1604/1604 1605/1605/1605 1606/1606/1606 
f 1605/1605/1605 1607/1607/1607 1606/1606/1606 
f 1606/1606/1606 1607/1607/1607 1608/1608/1608 
f 1607/1607/1607 1609/1609/1609 1608/1608/1608 
f 1608/1608/1608 1609/1609/1609 1610/1610/1610 
f 1609/1609/1609 1611/1611/1611 1610/1610/1610 
f 1610/1610/1610 1611/1611/1611 1612/1612/1612 
f 1611/1611/1611 1613/1613/1613 1612/1612/1612 
f 1612/1612/1612 1613/1613/1613 1612/1612/1612 
f 1613/1613/1613 1614/1614/1614 1612/1612/1612 
f 1612/1612/1612 1614/1614/1614 1612/1612/1612 
f 1614/1614/1614 1615/1615/1615 1612/1612/1612 
f 1612/1612/1612 1615/1615/1615 1616/1616/1616 
f 1615/1615/1615 1617/1617/1617 1616/1616/1616 
f 1616/1616/1616 1617/1617/1617 1618/1618/1618 
f 1617/1617/1617 1617/1617/1617 1618/1618/1618 
f 1618/1618/1618 1617/1617/1617 1619/1619/1619 
f 1617/1617/1617 1620/1620/1620 1619/1619/1619 
f 1619/1619/1619 1620/1620/1620 1621/1621/1621 
f 1620/1620/1620 1622/1622/1622 1621/1621/1621 
f 1621/1621/1621 1622/1622/1622 1623/1623/1623 
f 1622/1622/1622 1624/1624/1624 1623/1623/1623 
f 1623/1623/1623 1624/1624/1624 1624/1624/1624 
f 1624/1624/1624 1612/1612/1612 1624/1624/1624 
f 1624/1624/1624 1612/1612/1612 1612/1612/1612 
f 1612/1612/1612 1616/1616/1616 1612/1612/1612 
f 1612/1612/1612 1616/1616/1616 1610/1610/1610 
f 1616/1616/1616 1625/1625/1625 1610/1610/1610 
f 1610/1610/1610 1625/1625/1625 1608/1608/1608 
f 1625/1625/1625 1608/1608/1608 1608/1608/1608 
f 1608/1608/1608 1608/1608/1608 1618/1618/1618 
f 1608/1608/1608 1618/1618/1618 1618/1618/1618 
f 1618/1618/1618 1618/1618/1618 1616/1616/1616 
f 1618/1618/1618 1625/1625/1625 1616/1616/1616 
f 1616/1616/1616 1625/1625/1625 1625/1625/1625 
f 1625/1625/1625 1623/1623/1623 1625/1625/1625 
f 1625/1625/1625 1623/1623/1623 1623/1623/1623 
f 1623/1623/1623 1626/1626/1626 1623/1623/1623 
f 1623/1623/1623 1626/1626/1626 1621/1621/1621 
f 1626/1626/1626 1627/1627/1627 1621/1621/1621 
f 1621/1621/1621 1627/1627/1627 1621/1621/1621 
f 1627/1627/1627 1628/1628/1628 1621/1621/1621 
f 1621/1621/1621 1628/1628/1628 1619/1619/1619 
f 1628/1628/1628 1629/1629/1629 1619/1619/1619 
f 1619/1619/1619 1629/1629/1629 1618/1618/1618 
f 1629/1629/1629 1629/1629/1629 1618/1618/1618 
f 1618/1618/1618 1629/1629/1629 1625/1625/1625 
f 1629/1629/1629 1630/1630/1630 1625/1625/1625 
f 1625/1625/1625 1630/1630/1630 1608/1608/1608 
f 1630/1630/1630 1630/1630/1630 1608/1608/1608 
f 1608/1608/1608 1630/1630/1630 1606/1606/1606 
f 1630/1630/1630 1631/1631/1631 1606/1606/1606 
f 1606/1606/1606 1631/1631/1631 1604/1604/1604 
f 1631/1631/1631 1604/1604/1604 1604/1604/1604 
f 1604/1604/1604 1604/1604/1604 1626/1626/1626 
f 1604/1604/1604 1626/1626/1626 1626/1626/1626 
f 1626/1626/1626 1626/1626/1626 1627/1627/1627 
f 1626/1626/1626 1632/1632/1632 1627/1627/1627 
f 1627/1627/1627 1632/1632/1632 1633/1633/1633 
f 1632/1632/1632 1634/1634/1634 1633/1633/1633 
f 1633/1633/1633 1634/1634/1634 1635/1635/1635 
f 1634/1634/1634 1636/1636/1636 1635/1635/1635 
f 1635/1635/1635 1636/1636/1636 1636/1636/1636 
f 1636/1636/1636 1631/1631/1631 1636/1636/1636 
f 1636/1636/1636 1631/1631/1631 1631/1631/1631 
f 1631/1631/1631 1630/1630/1630 1631/1631/1631 
f 1631/1631/1631 1630/1630/1630 1637/1637/1637 
f 1630/1630/1630 1629/1629/1629 1637/1637/1637 
f 1637/1637/1637 1629/1629/1629 1638/1638/1638 
f 1629/1629/1629 1628/1628/1628 1638/1638/1638 
f 1638/1638/1638 1628/1628/1628 1638/1638/1638 
f 1628/1628/1628 1627/1627/1627 1638/1638/1638 
f 1638/1638/1638 1627/1627/1627 1638/1638/1638 
f 1627/1627/1627 1633/1633/1633 1638/1638/1638 
f 1638/1638/1638 1633/1633/1633 1639/1639/1639 
f 1633/1633/1633 1635/1635/1635 1639/1639/1639 
f 1639/1639/1639 1635/1635/1635 1635/1635/1635 
f 1635/1635/1635 1639/1639/1639 1635/1635/1635 
f 1635/1635/1635 1639/1639/1639 1639/1639/1639 
f 1639/1639/1639 1640/1640/1640 1639/1639/1639 
f 1639/1639/1639 1640/1640/1640 1638/1638/1638 
f 1640/1640/1640 1640/1640/1640 1638/1638/1638 
f 1638/1638/1638 1640/1640/1640 1637/1637/1637 
f 1640/1640/1640 1640/1640/1640 1637/1637/1637 
f 1637/1637/1637 1640/1640/1640 1631/1631/1631 
f 1640/1640/1640 1641/1641/1641 1631/1631/1631 
f 1631/1631/1631 1641/1641/1641 1604/1604/1604 
f 1641/1641/1641 1641/1641/1641 1604/1604/1604 
f 1604/1604/1604 1641/1641/1641 1602/1602/1602 
f 1641/1641/1641 1642/1642/1642 1602/1602/1602 
f 1602/1602/1602 1642/1642/1642 1600/1600/1600 
f 1642/1642/1642 1643/1643/1643 1600/1600/1600 
f 1600/1600/1600 1643/1643/1643 1598/1598/1598 
f 1643/1643/1643 1644/1644/1644 1598/1598/1598 
f 1598/1598/1598 1644/1644/1644 1598/1598/1598 
f 1644/1644/1644 1645/1645/1645 1598/1598/1598 
f 1598/1598/1598 1645/1645/1645 1596/1596/1596 
f 1645/1645/1645 1646/1646/1646 1596/1596/1596 
f 1596/1596/1596 1646/1646/1646 1594/1594/1594 
f 1646/1646/1646 1647/1647/1647 1594/1594/1594 
f 1594/1594/1594 1647/1647/1647 1589/1589/1589 
f 1647/1647/1647 1648/1648/1648 1589/1589/1589 
f 1589/1589/1589 1648/1648/1648 1586/1586/1586 
f 1648/1648/1648 1648/1648/1648 1586/1586/1586 
f 1586/1586/1586 1648/1648/1648 1585/1585/1585 
f 1648/1648/1648 1649/1649/1649 1585/1585/1585 
f 1585/1585/1585 1649/1649/1649 1584/1584/1584 
f 1649/1649/1649 1584/1584/1584 1584/1584/1584 
f 1584/1584/1584 1584/1584/1584 1649/1649/1649 
f 1584/1584/1584 1649/1649/1649 1649/1649/1649 
f 1649/1649/1649 1649/1649/1649 1650/1650/1650 
f 1649/1649/1649 1648/1648/1648 1650/1650/1650 
f 1650/1650/1650 1648/1648/1648 1650/1650/1650 
f 1648/1648/1648 1647/1647/1647 1650/1650/1650 
f 1650/1650/1650 1647/1647/1647 1651/1651/1651 
f 1647/1647/1647 1646/1646/1646 1651/1651/1651 
f 1651/1651/1651 1646/1646/1646 1652/1652/1652 
f 1646/1646/1646 1645/1645/1645 1652/1652/1652 
f 1652/1652/1652 1645/1645/1645 1653/1653/1653 
f 1645/1645/1645 1644/1644/1644 1653/1653/1653 
f 1653/1653/1653 1644/1644/1644 1654/1654/1654 
f 1644/1644/1644 1643/1643/1643 1654/1654/1654 
f 1654/1654/1654 1643/1643/1643 1655/1655/1655 
f 1643/1643/1643 1643/1643/1643 1655/1655/1655 
f 1655/1655/1655 1643/1643/1643 1656/1656/1656 
f 1643/1643/1643 1642/1642/1642 1656/1656/1656 
f 1656/1656/1656 1642/1642/1642 1657/1657/1657 
f 1642/1642/1642 1641/1641/1641 1657/1657/1657 
f 1657/1657/1657 1641/1641/1641 1657/1657/1657 
f 1641/1641/1641 1640/1640/1640 1657/1657/1657 
f 1657/1657/1657 1640/1640/1640 1658/1658/1658 
f 1640/1640/1640 1639/1639/1639 1658/1658/1658 
f 1658/1658/1658 1639/1639/1639 1658/1658/1658 
f 1639/1639/1639 1635/1635/1635 1658/1658/1658 
f 1658/1658/1658 1635/1635/1635 1659/1659/1659 
f 1635/1635/1635 1636/1636/1636 1659/1659/1659 
f 1659/1659/1659 1636/1636/1636 1659/1659/1659 
f 1636/1636/1636 1660/1660/1660 1659/1659/1659 
f 1659/1659/1659 1660/1660/1660 1661/1661/1661 
f 1660/1660/1660 1662/1662/1662 1661/1661/1661 
f 1661/1661/1661 1662/1662/1662 1663/1663/1663 
f 1662/1662/1662 1664/1664/1664 1663/1663/1663 
f 1663/1663/1663 1664/1664/1664 1665/1665/1665 
f 1664/1664/1664 1664/1664/1664 1665/1665/1665 
f 1665/1665/1665 1664/1664/1664 1666/1666/1666 
f 1664/1664/1664 1667/1667/1667 1666/1666/1666 
f 1666/1666/1666 1667/1667/1667 1666/1666/1666 
f 1667/1667/1667 1668/1668/1668 1666/1666/1666 
f 1666/1666/1666 1668/1668/1668 1669/1669/1669 
f 1668/1668/1668 1668/1668/1668 1669/1669/1669 
f 1669/1669/1669 1668/1668/1668 1670/1670/1670 
f 1668/1668/1668 1671/1671/1671 1670/1670/1670 
f 1670/1670/1670 1671/1671/1671 1672/1672/1672 
f 1671/1671/1671 1673/1673/1673 1672/1672/1672 
f 1672/1672/1672 1673/1673/1673 1674/1674/1674 
f 1673/1673/1673 1675/1675/1675 1674/1674/1674 
f 1674/1674/1674 1675/1675/1675 1676/1676/1676 
f 1675/1675/1675 1677/1677/1677 1676/1676/1676 
f 1676/1676/1676 1677/1677/1677 1678/1678/1678 
f 1677/1677/1677 1679/1679/1679 1678/1678/1678 
f 1678/1678/1678 1679/1679/1679 1680/1680/1680 
f 1679/1679/1679 1681/1681/1681 1680/1680/1680 
f 1680/1680/1680 1681/1681/1681 1680/1680/1680 
f 1681/1681/1681 1682/1682/1682 1680/1680/1680 
f 1680/1680/1680 1682/1682/1682 1683/1683/1683 
f 1682/1682/1682 1684/1684/1684 1683/1683/1683 
f 1683/1683/1683 1684/1684/1684 1684/1684/1684 
f 1684/1684/1684 1683/1683/1683 1684/1684/1684 
f 1684/1684/1684 1683/1683/1683 1683/1683/1683 
f 1683/1683/1683 1582/1582/1582 1683/1683/1683 
f 1683/1683/1683 1582/1582/1582 1680/1680/1680 
f 1582/1582/1582 1582/1582/1582 1680/1680/1680 
f 1680/1680/1680 1582/1582/1582 1678/1678/1678 
f 1582/1582/1582 1583/1583/1583 1678/1678/1678 
f 1678/1678/1678 1583/1583/1583 1685/1685/1685 
f 1583/1583/1583 1584/1584/1584 1685/1685/1685 
f 1685/1685/1685 1584/1584/1584 1685/1685/1685 
f 1584/1584/1584 1649/1649/1649 1685/1685/1685 
f 1685/1685/1685 1649/1649/1649 1686/1686/1686 
f 1649/1649/1649 1687/1687/1687 1686/1686/1686 
f 1686/1686/1686 1687/1687/1687 1686/1686/1686 
f 1687/1687/1687 1674/1674/1674 1686/1686/1686 
f 1686/1686/1686 1674/1674/1674 1686/1686/1686 
f 1674/1674/1674 1676/1676/1676 1686/1686/1686 
f 1686/1686/1686 1676/1676/1676 1685/1685/1685 
f 1676/1676/1676 1678/1678/1678 1685/1685/1685 
f 1685/1685/1685 1678/1678/1678 1678/1678/1678 
f 1678/1678/1678 1649/1649/1649 1678/1678/1678 
f 1678/1678/1678 1649/1649/1649 1649/1649/1649 
f 1649/1649/1649 1650/1650/1650 1649/1649/1649 
f 1649/1649/1649 1650/1650/1650 1687/1687/1687 
f 1650/1650/1650 1650/1650/1650 1687/1687/1687 
f 1687/1687/1687 1650/1650/1650 1688/1688/1688 
f 1650/1650/1650 1651/1651/1651 1688/1688/1688 
f 1688/1688/1688 1651/1651/1651 1688/1688/1688 
f 1651/1651/1651 1652/1652/1652 1688/1688/1688 
f 1688/1688/1688 1652/1652/1652 1689/1689/1689 
f 1652/1652/1652 1653/1653/1653 1689/1689/1689 
f 1689/1689/1689 1653/1653/1653 1690/1690/1690 
f 1653/1653/1653 1654/1654/1654 1690/1690/1690 
f 1690/1690/1690 1654/1654/1654 1691/1691/1691 
f 1654/1654/1654 1655/1655/1655 1691/1691/1691 
f 1691/1691/1691 1655/1655/1655 1692/1692/1692 
f 1655/1655/1655 1656/1656/1656 1692/1692/1692 
f 1692/1692/1692 1656/1656/1656 1656/1656/1656 
f 1656/1656/1656 1692/1692/1692 1656/1656/1656 
f 1656/1656/1656 1692/1692/1692 1692/1692/1692 
f 1692/1692/1692 1665/1665/1665 1692/1692/1692 
f 1692/1692/1692 1665/1665/1665 1691/1691/1691 
f 1665/1665/1665 1665/1665/1665 1691/1691/1691 
f 1691/1691/1691 1665/1665/1665 1690/1690/1690 
f 1665/1665/1665 1666/1666/1666 1690/1690/1690 
f 1690/1690/1690 1666/1666/1666 1690/1690/1690 
f 1666/1666/1666 1669/1669/1669 1690/1690/1690 
f 1690/1690/1690 1669/1669/1669 1689/1689/1689 
f 1669/1669/1669 1670/1670/1670 1689/1689/1689 
f 1689/1689/1689 1670/1670/1670 1688/1688/1688 
f 1670/1670/1670 1672/1672/1672 1688/1688/1688 
f 1688/1688/1688 1672/1672/1672 1687/1687/1687 
f 1672/1672/1672 1674/1674/1674 1687/1687/1687 
f 1687/1687/1687 1674/1674/1674 1674/1674/1674 
f 1674/1674/1674 1665/1665/1665 1674/1674/1674 
f 1674/1674/1674 1665/1665/1665 1665/1665/1665 
f 1665/1665/1665 1692/1692/1692 1665/1665/1665 
f 1665/1665/1665 1692/1692/1692 1663/1663/1663 
f 1692/1692/1692 1692/1692/1692 1663/1663/1663 
f 1663/1663/1663 1692/1692/1692 1661/1661/1661 
f 1692/1692/1692 1693/1693/1693 1661/1661/1661 
f 1661/1661/1661 1693/1693/1693 1659/1659/1659 
f 1693/1693/1693 1693/1693/1693 1659/1659/1659 
f 1659/1659/1659 1693/1693/1693 1658/1658/1658 
f 1693/1693/1693 1693/1693/1693 1658/1658/1658 
f 1658/1658/1658 1693/1693/1693 1657/1657/1657 
f 1693/1693/1693 1693/1693/1693 1657/1657/1657 
f 1657/1657/1657 1693/1693/1693 1656/1656/1656 
f 1693/1693/1693 1692/1692/1692 1656/1656/1656 
f 1656/1656/1656 1692/1692/1692 1692/1692/1692 
f 1692/1692/1692 1694/1694/1694 1692/1692/1692 
f 1692/1692/1692 1694/1694/1694 1694/1694/1694 
f 1694/1694/1694 1695/1695/1695 1694/1694/1694 
f 1694/1694/1694 1695/1695/1695 1696/1696/1696 
f 1695/1695/1695 1695/1695/1695 1696/1696/1696 
f 1696/1696/1696 1695/1695/1695 1697/1697/1697 
f 1695/1695/1695 1698/1698/1698 1697/1697/1697 
f 1697/1697/1697 1698/1698/1698 1699/1699/1699 
f 1698/1698/1698 1700/1700/1700 1699/1699/1699 
f 1699/1699/1699 1700/1700/1700 1701/1701/1701 
f 1700/1700/1700 1702/1702/1702 1701/1701/1701 
f 1701/1701/1701 1702/1702/1702 1703/1703/1703 
f 1702/1702/1702 1704/1704/1704 1703/1703/1703 
f 1703/1703/1703 1704/1704/1704 1705/1705/1705 
f 1704/1704/1704 1706/1706/1706 1705/1705/1705 
f 1705/1705/1705 1706/1706/1706 1707/1707/1707 
f 1706/1706/1706 1708/1708/1708 1707/1707/1707 
f 1707/1707/1707 1708/1708/1708 1709/1709/1709 
f 1708/1708/1708 1710/1710/1710 1709/1709/1709 
f 1709/1709/1709 1710/1710/1710 1711/1711/1711 
f 1710/1710/1710 1711/1711/1711 1711/1711/1711 
f 1711/1711/1711 1711/1711/1711 1696/1696/1696 
f 1711/1711/1711 1696/1696/1696 1696/1696/1696 
f 1696/1696/1696 1696/1696/1696 1694/1694/1694 
f 1696/1696/1696 1712/1712/1712 1694/1694/1694 
f 1694/1694/1694 1712/1712/1712 1713/1713/1713 
f 1712/1712/1712 1714/1714/1714 1713/1713/1713 
f 1713/1713/1713 1714/1714/1714 1715/1715/1715 
f 1714/1714/1714 1716/1716/1716 1715/1715/1715 
f 1715/1715/1715 1716/1716/1716 1717/1717/1717 
f 1716/1716/1716 1718/1718/1718 1717/1717/1717 
f 1717/1717/1717 1718/1718/1718 1719/1719/1719 
f 1718/1718/1718 1718/1718/1718 1719/1719/1719 
f 1719/1719/1719 1718/1718/1718 1720/1720/1720 
f 1718/1718/1718 1721/1721/1721 1720/1720/1720 
f 1720/1720/1720 1721/1721/1721 1720/1720/1720 
f 1721/1721/1721 1722/1722/1722 1720/1720/1720 
f 1720/1720/1720 1722/1722/1722 1723/1723/1723 
f 1722/1722/1722 1724/1724/1724 1723/1723/1723 
f 1723/1723/1723 1724/1724/1724 1725/1725/1725 
f 1724/1724/1724 1726/1726/1726 1725/1725/1725 
f 1725/1725/1725 1726/1726/1726 1727/1727/1727 
f 1726/1726/1726 1726/1726/1726 1727/1727/1727 
f 1727/1727/1727 1726/1726/1726 1728/1728/1728 
f 1726/1726/1726 1729/1729/1729 1728/1728/1728 
f 1728/1728/1728 1729/1729/1729 1730/1730/1730 
f 1729/1729/1729 1731/1731/1731 1730/1730/1730 
f 1730/1730/1730 1731/1731/1731 1732/1732/1732 
f 1731/1731/1731 1733/1733/1733 1732/1732/1732 
f 1732/1732/1732 1733/1733/1733 1734/1734/1734 
f 1733/1733/1733 1735/1735/1735 1734/1734/1734 
f 1734/1734/1734 1735/1735/1735 1735/1735/1735 
f 1735/1735/1735 1721/1721/1721 1735/1735/1735 
f 1735/1735/1735 1721/1721/1721 1721/1721/1721 
f 1721/1721/1721 1718/1718/1718 1721/1721/1721 
f 1721/1721/1721 1718/1718/1718 1736/1736/1736 
f 1718/1718/1718 1736/1736/1736 1736/1736/1736 
f 1736/1736/1736 1736/1736/1736 1732/1732/1732 
f 1736/1736/1736 1732/1732/1732 1732/1732/1732 
f 1732/1732/1732 1732/1732/1732 1737/1737/1737 
f 1732/1732/1732 1734/1734/1734 1737/1737/1737 
f 1737/1737/1737 1734/1734/1734 1738/1738/1738 
f 1734/1734/1734 1739/1739/1739 1738/1738/1738 
f 1738/1738/1738 1739/1739/1739 1740/1740/1740 
f 1739/1739/1739 1741/1741/1741 1740/1740/1740 
f 1740/1740/1740 1741/1741/1741 1742/1742/1742 
f 1741/1741/1741 1743/1743/1743 1742/1742/1742 
f 1742/1742/1742 1743/1743/1743 1744/1744/1744 
f 1743/1743/1743 1745/1745/1745 1744/1744/1744 
f 1744/1744/1744 1745/1745/1745 1746/1746/1746 
f 1745/1745/1745 1747/1747/1747 1746/1746/1746 
f 1746/1746/1746 1747/1747/1747 1748/1748/1748 
f 1747/1747/1747 1749/1749/1749 1748/1748/1748 
f 1748/1748/1748 1749/1749/1749 1750/1750/1750 
f 1749/1749/1749 1751/1751/1751 1750/1750/1750 
f 1750/1750/1750 1751/1751/1751 1752/1752/1752 
f 1751/1751/1751 1753/1753/1753 1752/1752/1752 
f 1752/1752/1752 1753/1753/1753 1754/1754/1754 
f 1753/1753/1753 1755/1755/1755 1754/1754/1754 
f 1754/1754/1754 1755/1755/1755 1756/1756/1756 
f 1755/1755/1755 1757/1757/1757 1756/1756/1756 
f 1756/1756/1756 1757/1757/1757 1758/1758/1758 
f 1757/1757/1757 1759/1759/1759 1758/1758/1758 
f 1758/1758/1758 1759/1759/1759 1760/1760/1760 
f 1759/1759/1759 1761/1761/1761 1760/1760/1760 
f 1760/1760/1760 1761/1761/1761 1761/1761/1761 
f 1761/1761/1761 1762/1762/1762 1761/1761/1761 
f 1761/1761/1761 1762/1762/1762 1762/1762/1762 
f 1762/1762/1762 1763/1763/1763 1762/1762/1762 
f 1762/1762/1762 1763/1763/1763 1764/1764/1764 
f 1763/1763/1763 1765/1765/1765 1764/1764/1764 
f 1764/1764/1764 1765/1765/1765 1766/1766/1766 
f 1765/1765/1765 1767/1767/1767 1766/1766/1766 
f 1766/1766/1766 1767/1767/1767 1768/1768/1768 
f 1767/1767/1767 1768/1768/1768 1768/1768/1768 
f 1768/1768/1768 1768/1768/1768 1767/1767/1767 
f 1768/1768/1768 1767/1767/1767 1767/1767/1767 
f 1767/1767/1767 1767/1767/1767 1769/1769/1769 
f 1767/1767/1767 1765/1765/1765 1769/1769/1769 
f 1769/1769/1769 1765/1765/1765 1763/1763/1763 
f 1765/1765/1765 1763/1763/1763 1763/1763/1763 
f 1763/1763/1763 1763/1763/1763 1762/1762/1762 
f 1763/1763/1763 1762/1762/1762 1762/1762/1762 
f 1762/1762/1762 1762/1762/1762 1763/1763/1763 
f 1762/1762/1762 1770/1770/1770 1763/1763/1763 
f 1763/1763/1763 1770/1770/1770 1770/1770/1770 
f 1770/1770/1770 1762/1762/1762 1770/1770/1770 
f 1770/1770/1770 1762/1762/1762 1762/1762/1762 
f 1762/1762/1762 1764/1764/1764 1762/1762/1762 
f 1762/1762/1762 1764/1764/1764 1771/1771/1771 
f 1764/1764/1764 1772/1772/1772 1771/1771/1771 
f 1771/1771/1771 1772/1772/1772 1773/1773/1773 
f 1772/1772/1772 1774/1774/1774 1773/1773/1773 
f 1773/1773/1773 1774/1774/1774 1775/1775/1775 
f 1774/1774/1774 1775/1775/1775 1775/1775/1775 
f 1775/1775/1775 1775/1775/1775 1764/1764/1764 
f 1775/1775/1775 1764/1764/1764 1764/1764/1764 
f 1764/1764/1764 1764/1764/1764 1772/1772/1772 
f 1764/1764/1764 1766/1766/1766 1772/1772/1772 
f 1772/1772/1772 1766/1766/1766 1776/1776/1776 
f 1766/1766/1766 1777/1777/1777 1776/1776/1776 
f 1776/1776/1776 1777/1777/1777 1776/1776/1776 
f 1777/1777/1777 1778/1778/1778 1776/1776/1776 
f 1776/1776/1776 1778/1778/1778 1774/1774/1774 
f 1778/1778/1778 1779/1779/1779 1774/1774/1774 
f 1774/1774/1774 1779/1779/1779 1775/1775/1775 
f 1779/1779/1779 1779/1779/1779 1775/1775/1775 
f 1775/1775/1775 1779/1779/1779 1780/1780/1780 
f 1779/1779/1779 1779/1779/1779 1780/1780/1780 
f 1780/1780/1780 1779/1779/1779 1781/1781/1781 
f 1779/1779/1779 1779/1779/1779 1781/1781/1781 
f 1781/1781/1781 1779/1779/1779 1782/1782/1782 
f 1779/1779/1779 1778/1778/1778 1782/1782/1782 
f 1782/1782/1782 1778/1778/1778 1783/1783/1783 
f 1778/1778/1778 1777/1777/1777 1783/1783/1783 
f 1783/1783/1783 1777/1777/1777 1784/1784/1784 
f 1777/1777/1777 1777/1777/1777 1784/1784/1784 
f 1784/1784/1784 1777/1777/1777 1785/1785/1785 
f 1777/1777/1777 1768/1768/1768 1785/1785/1785 
f 1785/1785/1785 1768/1768/1768 1786/1786/1786 
f 1768/1768/1768 1767/1767/1767 1786/1786/1786 
f 1786/1786/1786 1767/1767/1767 1787/1787/1787 
f 1767/1767/1767 1767/1767/1767 1787/1787/1787 
f 1787/1787/1787 1767/1767/1767 1788/1788/1788 
f 1767/1767/1767 1769/1769/1769 1788/1788/1788 
f 1788/1788/1788 1769/1769/1769 1789/1789/1789 
f 1769/1769/1769 1769/1769/1769 1789/1789/1789 
f 1789/1789/1789 1769/1769/1769 1790/1790/1790 
f 1769/1769/1769 1763/1763/1763 1790/1790/1790 
f 1790/1790/1790 1763/1763/1763 1791/1791/1791 
f 1763/1763/1763 1770/1770/1770 1791/1791/1791 
f 1791/1791/1791 1770/1770/1770 1792/1792/1792 
f 1770/1770/1770 1792/1792/1792 1792/1792/1792 
f 1792/1792/1792 1792/1792/1792 1776/1776/1776 
f 1792/1792/1792 1776/1776/1776 1776/1776/1776 
f 1776/1776/1776 1776/1776/1776 1772/1772/1772 
f 1776/1776/1776 1774/1774/1774 1772/1772/1772 
f 1772/1772/1772 1774/1774/1774 1774/1774/1774 
f 1774/1774/1774 1777/1777/1777 1774/1774/1774 
f 1774/1774/1774 1777/1777/1777 1777/1777/1777 
f 1777/1777/1777 1766/1766/1766 1777/1777/1777 
f 1777/1777/1777 1766/1766/1766 1768/1768/1768 
f 1766/1766/1766 1768/1768/1768 1768/1768/1768 
f 1768/1768/1768 1768/1768/1768 1789/1789/1789 
f 1768/1768/1768 1789/1789/1789 1789/1789/1789 
f 1789/1789/1789 1789/1789/1789 1788/1788/1788 
f 1789/1789/1789 1793/1793/1793 1788/1788/1788 
f 1788/1788/1788 1793/1793/1793 1787/1787/1787 
f 1793/1793/1793 1787/1787/1787 1787/1787/1787 
f 1787/1787/1787 1787/1787/1787 1789/1789/1789 
f 1787/1787/1787 1789/1789/1789 1789/1789/1789 
f 1789/1789/1789 1789/1789/1789 1793/1793/1793 
f 1789/1789/1789 1794/1794/1794 1793/1793/1793 
f 1793/1793/1793 1794/1794/1794 1795/1795/1795 
f 1794/1794/1794 1796/1796/1796 1795/1795/1795 
f 1795/1795/1795 1796/1796/1796 1795/1795/1795 
f 1796/1796/1796 1797/1797/1797 1795/1795/1795 
f 1795/1795/1795 1797/1797/1797 1795/1795/1795 
f 1797/1797/1797 1798/1798/1798 1795/1795/1795 
f 1795/1795/1795 1798/1798/1798 1799/1799/1799 
f 1798/1798/1798 1800/1800/1800 1799/1799/1799 
f 1799/1799/1799 1800/1800/1800 1799/1799/1799 
f 1800/1800/1800 1801/1801/1801 1799/1799/1799 
f 1799/1799/1799 1801/1801/1801 1787/1787/1787 
f 1801/1801/1801 1801/1801/1801 1787/1787/1787 
f 1787/1787/1787 1801/1801/1801 1786/1786/1786 
f 1801/1801/1801 1802/1802/1802 1786/1786/1786 
f 1786/1786/1786 1802/1802/1802 1785/1785/1785 
f 1802/1802/1802 1802/1802/1802 1785/1785/1785 
f 1785/1785/1785 1802/1802/1802 1803/1803/1803 
f 1802/1802/1802 1804/1804/1804 1803/1803/1803 
f 1803/1803/1803 1804/1804/1804 1803/1803/1803 
f 1804/1804/1804 1805/1805/1805 1803/1803/1803 
f 1803/1803/1803 1805/1805/1805 1806/1806/1806 
f 1805/1805/1805 1806/1806/1806 1806/1806/1806 
f 1806/1806/1806 1806/1806/1806 1795/1795/1795 
f 1806/1806/1806 1795/1795/1795 1795/1795/1795 
f 1795/1795/1795 1795/1795/1795 1793/1793/1793 
f 1795/1795/1795 1799/1799/1799 1793/1793/1793 
f 1793/1793/1793 1799/1799/1799 1787/1787/1787 
f 1799/1799/1799 1787/1787/1787 1787/1787/1787 
f 1787/1787/1787 1787/1787/1787 1800/1800/1800 
f 1787/1787/1787 1800/1800/1800 1800/1800/1800 
f 1800/1800/1800 1800/1800/1800 1801/1801/1801 
f 1800/1800/1800 1807/1807/1807 1801/1801/1801 
f 1801/1801/1801 1807/1807/1807 1802/1802/1802 
f 1807/1807/1807 1804/1804/1804 1802/1802/1802 
f 1802/1802/1802 1804/1804/1804 1804/1804/1804 
f 1804/1804/1804 1785/1785/1785 1804/1804/1804 
f 1804/1804/1804 1785/1785/1785 1785/1785/1785 
f 1785/1785/1785 1803/1803/1803 1785/1785/1785 
f 1785/1785/1785 1803/1803/1803 1784/1784/1784 
f 1803/1803/1803 1808/1808/1808 1784/1784/1784 
f 1784/1784/1784 1808/1808/1808 1784/1784/1784 
f 1808/1808/1808 1809/1809/1809 1784/1784/1784 
f 1784/1784/1784 1809/1809/1809 1783/1783/1783 
f 1809/1809/1809 1810/1810/1810 1783/1783/1783 
f 1783/1783/1783 1810/1810/1810 1782/1782/1782 
f 1810/1810/1810 1811/1811/1811 1782/1782/1782 
f 1782/1782/1782 1811/1811/1811 1781/1781/1781 
f 1811/1811/1811 1812/1812/1812 1781/1781/1781 
f 1781/1781/1781 1812/1812/1812 1780/1780/1780 
f 1812/1812/1812 1812/1812/1812 1780/1780/1780 
f 1780/1780/1780 1812/1812/1812 1813/1813/1813 
f 1812/1812/1812 1812/1812/1812 1813/1813/1813 
f 1813/1813/1813 1812/1812/1812 1814/1814/1814 
f 1812/1812/1812 1815/1815/1815 1814/1814/1814 
f 1814/1814/1814 1815/1815/1815 1814/1814/1814 
f 1815/1815/1815 1816/1816/1816 1814/1814/1814 
f 1814/1814/1814 1816/1816/1816 1817/1817/1817 
f 1816/1816/1816 1818/1818/1818 1817/1817/1817 
f 1817/1817/1817 1818/1818/1818 1819/1819/1819 
f 1818/1818/1818 1820/1820/1820 1819/1819/1819 
f 1819/1819/1819 1820/1820/1820 1821/1821/1821 
f 1820/1820/1820 1822/1822/1822 1821/1821/1821 
f 1821/1821/1821 1822/1822/1822 1823/1823/1823 
f 1822/1822/1822 1824/1824/1824 1823/1823/1823 
f 1823/1823/1823 1824/1824/1824 1825/1825/1825 
f 1824/1824/1824 1826/1826/1826 1825/1825/1825 
f 1825/1825/1825 1826/1826/1826 1684/1684/1684 
f 1826/1826/1826 1826/1826/1826 1684/1684/1684 
f 1684/1684/1684 1826/1826/1826 1683/1683/1683 
f 1826/1826/1826 1826/1826/1826 1683/1683/1683 
f 1683/1683/1683 1826/1826/1826 1827/1827/1827 
f 1826/1826/1826 1826/1826/1826 1827/1827/1827 
f 1827/1827/1827 1826/1826/1826 1828/1828/1828 
f 1826/1826/1826 1824/1824/1824 1828/1828/1828 
f 1828/1828/1828 1824/1824/1824 1829/1829/1829 
f 1824/1824/1824 1822/1822/1822 1829/1829/1829 
f 1829/1829/1829 1822/1822/1822 1830/1830/1830 
f 1822/1822/1822 1820/1820/1820 1830/1830/1830 
f 1830/1830/1830 1820/1820/1820 1831/1831/1831 
f 1820/1820/1820 1818/1818/1818 1831/1831/1831 
f 1831/1831/1831 1818/1818/1818 1832/1832/1832 
f 1818/1818/1818 1816/1816/1816 1832/1832/1832 
f 1832/1832/1832 1816/1816/1816 1832/1832/1832 
f 1816/1816/1816 1815/1815/1815 1832/1832/1832 
f 1832/1832/1832 1815/1815/1815 1833/1833/1833 
f 1815/1815/1815 1811/1811/1811 1833/1833/1833 
f 1833/1833/1833 1811/1811/1811 1834/1834/1834 
f 1811/1811/1811 1810/1810/1810 1834/1834/1834 
f 1834/1834/1834 1810/1810/1810 1810/1810/1810 
f 1810/1810/1810 1806/1806/1806 1810/1810/1810 
f 1810/1810/1810 1806/1806/1806 1806/1806/1806 
f 1806/1806/1806 1808/1808/1808 1806/1806/1806 
f 1806/1806/1806 1808/1808/1808 1803/1803/1803 
f 1808/1808/1808 1803/1803/1803 1803/1803/1803 
f 1803/1803/1803 1803/1803/1803 1815/1815/1815 
f 1803/1803/1803 1815/1815/1815 1815/1815/1815 
f 1815/1815/1815 1815/1815/1815 1811/1811/1811 
f 1815/1815/1815 1812/1812/1812 1811/1811/1811 
f 1811/1811/1811 1812/1812/1812 1812/1812/1812 
f 1812/1812/1812 1834/1834/1834 1812/1812/1812 
f 1812/1812/1812 1834/1834/1834 1834/1834/1834 
f 1834/1834/1834 1835/1835/1835 1834/1834/1834 
f 1834/1834/1834 1835/1835/1835 1833/1833/1833 
f 1835/1835/1835 1835/1835/1835 1833/1833/1833 
f 1833/1833/1833 1835/1835/1835 1832/1832/1832 
f 1835/1835/1835 1836/1836/1836 1832/1832/1832 
f 1832/1832/1832 1836/1836/1836 1831/1831/1831 
f 1836/1836/1836 1837/1837/1837 1831/1831/1831 
f 1831/1831/1831 1837/1837/1837 1830/1830/1830 
f 1837/1837/1837 1838/1838/1838 1830/1830/1830 
f 1830/1830/1830 1838/1838/1838 1830/1830/1830 
f 1838/1838/1838 1839/1839/1839 1830/1830/1830 
f 1830/1830/1830 1839/1839/1839 1829/1829/1829 
f 1839/1839/1839 1840/1840/1840 1829/1829/1829 
f 1829/1829/1829 1840/1840/1840 1828/1828/1828 
f 1840/1840/1840 1840/1840/1840 1828/1828/1828 
f 1828/1828/1828 1840/1840/1840 1827/1827/1827 
f 1840/1840/1840 1579/1579/1579 1827/1827/1827 
f 1827/1827/1827 1579/1579/1579 1827/1827/1827 
f 1579/1579/1579 1581/1581/1581 1827/1827/1827 
f 1827/1827/1827 1581/1581/1581 1683/1683/1683 
f 1581/1581/1581 1582/1582/1582 1683/1683/1683 
f 1683/1683/1683 1582/1582/1582 1582/1582/1582 
f 1582/1582/1582 1579/1579/1579 1582/1582/1582 
f 1582/1582/1582 1579/1579/1579 1579/1579/1579 
f 1579/1579/1579 1840/1840/1840 1579/1579/1579 
f 1579/1579/1579 1840/1840/1840 1578/1578/1578 
f 1840/1840/1840 1841/1841/1841 1578/1578/1578 
f 1578/1578/1578 1841/1841/1841 1575/1575/1575 
f 1841/1841/1841 1575/1575/1575 1575/1575/1575 
f 1575/1575/1575 1575/1575/1575 1840/1840/1840 
f 1575/1575/1575 1840/1840/1840 1840/1840/1840 
f 1840/1840/1840 1840/1840/1840 1841/1841/1841 
f 1840/1840/1840 1839/1839/1839 1841/1841/1841 
f 1841/1841/1841 1839/1839/1839 1842/1842/1842 
f 1839/1839/1839 1838/1838/1838 1842/1842/1842 
f 1842/1842/1842 1838/1838/1838 1843/1843/1843 
f 1838/1838/1838 1837/1837/1837 1843/1843/1843 
f 1843/1843/1843 1837/1837/1837 1844/1844/1844 
f 1837/1837/1837 1836/1836/1836 1844/1844/1844 
f 1844/1844/1844 1836/1836/1836 1845/1845/1845 
f 1836/1836/1836 1835/1835/1835 1845/1845/1845 
f 1845/1845/1845 1835/1835/1835 1846/1846/1846 
f 1835/1835/1835 1834/1834/1834 1846/1846/1846 
f 1846/1846/1846 1834/1834/1834 1846/1846/1846 
f 1834/1834/1834 1810/1810/1810 1846/1846/1846 
f 1846/1846/1846 1810/1810/1810 1846/1846/1846 
f 1810/1810/1810 1809/1809/1809 1846/1846/1846 
f 1846/1846/1846 1809/1809/1809 1847/1847/1847 
f 1809/1809/1809 1808/1808/1808 1847/1847/1847 
f 1847/1847/1847 1808/1808/1808 1847/1847/1847 
f 1808/1808/1808 1806/1806/1806 1847/1847/1847 
f 1847/1847/1847 1806/1806/1806 1847/1847/1847 
f 1806/1806/1806 1848/1848/1848 1847/1847/1847 
f 1847/1847/1847 1848/1848/1848 1847/1847/1847 
f 1848/1848/1848 1849/1849/1849 1847/1847/1847 
f 1847/1847/1847 1849/1849/1849 1846/1846/1846 
f 1849/1849/1849 1849/1849/1849 1846/1846/1846 
f 1846/1846/1846 1849/1849/1849 1845/1845/1845 
f 1849/1849/1849 1849/1849/1849 1845/1845/1845 
f 1845/1845/1845 1849/1849/1849 1844/1844/1844 
f 1849/1849/1849 1850/1850/1850 1844/1844/1844 
f 1844/1844/1844 1850/1850/1850 1843/1843/1843 
f 1850/1850/1850 1851/1851/1851 1843/1843/1843 
f 1843/1843/1843 1851/1851/1851 1842/1842/1842 
f 1851/1851/1851 1852/1852/1852 1842/1842/1842 
f 1842/1842/1842 1852/1852/1852 1841/1841/1841 
f 1852/1852/1852 1852/1852/1852 1841/1841/1841 
f 1841/1841/1841 1852/1852/1852 1575/1575/1575 
f 1852/1852/1852 1852/1852/1852 1575/1575/1575 
f 1575/1575/1575 1852/1852/1852 1576/1576/1576 
f 1852/1852/1852 1853/1853/1853 1576/1576/1576 
f 1576/1576/1576 1853/1853/1853 1854/1854/1854 
f 1853/1853/1853 1854/1854/1854 1854/1854/1854 
f 1854/1854/1854 1854/1854/1854 1853/1853/1853 
f 1854/1854/1854 1853/1853/1853 1853/1853/1853 
f 1853/1853/1853 1853/1853/1853 1855/1855/1855 
f 1853/1853/1853 1852/1852/1852 1855/1855/1855 
f 1855/1855/1855 1852/1852/1852 1855/1855/1855 
f 1852/1852/1852 1851/1851/1851 1855/1855/1855 
f 1855/1855/1855 1851/1851/1851 1856/1856/1856 
f 1851/1851/1851 1850/1850/1850 1856/1856/1856 
f 1856/1856/1856 1850/1850/1850 1857/1857/1857 
f 1850/1850/1850 1849/1849/1849 1857/1857/1857 
f 1857/1857/1857 1849/1849/1849 1848/1848/1848 
f 1849/1849/1849 1848/1848/1848 1848/1848/1848 
f 1848/1848/1848 1848/1848/1848 1858/1858/1858 
f 1848/1848/1848 1858/1858/1858 1858/1858/1858 
f 1858/1858/1858 1858/1858/1858 1859/1859/1859 
f 1858/1858/1858 1860/1860/1860 1859/1859/1859 
f 1859/1859/1859 1860/1860/1860 1859/1859/1859 
f 1860/1860/1860 1861/1861/1861 1859/1859/1859 
f 1859/1859/1859 1861/1861/1861 1862/1862/1862 
f 1861/1861/1861 1861/1861/1861 1862/1862/1862 
f 1862/1862/1862 1861/1861/1861 1863/1863/1863 
f 1861/1861/1861 1864/1864/1864 1863/1863/1863 
f 1863/1863/1863 1864/1864/1864 1865/1865/1865 
f 1864/1864/1864 1866/1866/1866 1865/1865/1865 
f 1865/1865/1865 1866/1866/1866 1865/1865/1865 
f 1866/1866/1866 1867/1867/1867 1865/1865/1865 
f 1865/1865/1865 1867/1867/1867 1868/1868/1868 
f 1867/1867/1867 1869/1869/1869 1868/1868/1868 
f 1868/1868/1868 1869/1869/1869 1870/1870/1870 
f 1869/1869/1869 1869/1869/1869 1870/1870/1870 
f 1870/1870/1870 1869/1869/1869 1871/1871/1871 
f 1869/1869/1869 1872/1872/1872 1871/1871/1871 
f 1871/1871/1871 1872/1872/1872 1871/1871/1871 
f 1872/1872/1872 1873/1873/1873 1871/1871/1871 
f 1871/1871/1871 1873/1873/1873 1874/1874/1874 
f 1873/1873/1873 1873/1873/1873 1874/1874/1874 
f 1874/1874/1874 1873/1873/1873 1875/1875/1875 
f 1873/1873/1873 1876/1876/1876 1875/1875/1875 
f 1875/1875/1875 1876/1876/1876 1875/1875/1875 
f 1876/1876/1876 1877/1877/1877 1875/1875/1875 
f 1875/1875/1875 1877/1877/1877 1878/1878/1878 
f 1877/1877/1877 1877/1877/1877 1878/1878/1878 
f 1878/1878/1878 1877/1877/1877 1879/1879/1879 
f 1877/1877/1877 1880/1880/1880 1879/1879/1879 
f 1879/1879/1879 1880/1880/1880 1879/1879/1879 
f 1880/1880/1880 1881/1881/1881 1879/1879/1879 
f 1879/1879/1879 1881/1881/1881 1882/1882/1882 
f 1881/1881/1881 1881/1881/1881 1882/1882/1882 
f 1882/1882/1882 1881/1881/1881 1883/1883/1883 
f 1881/1881/1881 1884/1884/1884 1883/1883/1883 
f 1883/1883/1883 1884/1884/1884 1883/1883/1883 
f 1884/1884/1884 1885/1885/1885 1883/1883/1883 
f 1883/1883/1883 1885/1885/1885 1886/1886/1886 
f 1885/1885/1885 1885/1885/1885 1886/1886/1886 
f 1886/1886/1886 1885/1885/1885 1887/1887/1887 
f 1885/1885/1885 1888/1888/1888 1887/1887/1887 
f 1887/1887/1887 1888/1888/1888 1889/1889/1889 
f 1888/1888/1888 1890/1890/1890 1889/1889/1889 
f 1889/1889/1889 1890/1890/1890 1890/1890/1890 
f 1890/1890/1890 1891/1891/1891 1890/1890/1890 
f 1890/1890/1890 1891/1891/1891 1891/1891/1891 
f 1891/1891/1891 1892/1892/1892 1891/1891/1891 
f 1891/1891/1891 1892/1892/1892 1893/1893/1893 
f 1892/1892/1892 1894/1894/1894 1893/1893/1893 
f 1893/1893/1893 1894/1894/1894 1894/1894/1894 
f 1894/1894/1894 1859/1859/1859 1894/1894/1894 
f 1894/1894/1894 1859/1859/1859 1859/1859/1859 
f 1859/1859/1859 1895/1895/1895 1859/1859/1859 
f 1859/1859/1859 1895/1895/1895 1858/1858/1858 
f 1895/1895/1895 1896/1896/1896 1858/1858/1858 
f 1858/1858/1858 1896/1896/1896 1897/1897/1897 
f 1896/1896/1896 1896/1896/1896 1897/1897/1897 
f 1897/1897/1897 1896/1896/1896 1898/1898/1898 
f 1896/1896/1896 1899/1899/1899 1898/1898/1898 
f 1898/1898/1898 1899/1899/1899 1900/1900/1900 
f 1899/1899/1899 1901/1901/1901 1900/1900/1900 
f 1900/1900/1900 1901/1901/1901 1902/1902/1902 
f 1901/1901/1901 1903/1903/1903 1902/1902/1902 
f 1902/1902/1902 1903/1903/1903 1902/1902/1902 
f 1903/1903/1903 1904/1904/1904 1902/1902/1902 
f 1902/1902/1902 1904/1904/1904 1905/1905/1905 
f 1904/1904/1904 1904/1904/1904 1905/1905/1905 
f 1905/1905/1905 1904/1904/1904 1906/1906/1906 
f 1904/1904/1904 1907/1907/1907 1906/1906/1906 
f 1906/1906/1906 1907/1907/1907 1906/1906/1906 
f 1907/1907/1907 1908/1908/1908 1906/1906/1906 
f 1906/1906/1906 1908/1908/1908 1909/1909/1909 
f 1908/1908/1908 1910/1910/1910 1909/1909/1909 
f 1909/1909/1909 1910/1910/1910 1911/1911/1911 
f 1910/1910/1910 1911/1911/1911 1911/1911/1911 
f 1911/1911/1911 1911/1911/1911 1912/1912/1912 
f 1911/1911/1911 1912/1912/1912 1912/1912/1912 
f 1912/1912/1912 1912/1912/1912 1913/1913/1913 
f 1912/1912/1912 1914/1914/1914 1913/1913/1913 
f 1913/1913/1913 1914/1914/1914 1915/1915/1915 
f 1914/1914/1914 1915/1915/1915 1915/1915/1915 
f 1915/1915/1915 1915/1915/1915 1912/1912/1912 
f 1915/1915/1915 1912/1912/1912 1912/1912/1912 
f 1912/1912/1912 1912/1912/1912 1914/1914/1914 
f 1912/1912/1912 1916/1916/1916 1914/1914/1914 
f 1914/1914/1914 1916/1916/1916 1914/1914/1914 
f 1916/1916/1916 1917/1917/1917 1914/1914/1914 
f 1914/1914/1914 1917/1917/1917 1914/1914/1914 
f 1917/1917/1917 1918/1918/1918 1914/1914/1914 
f 1914/1914/1914 1918/1918/1918 1914/1914/1914 
f 1918/1918/1918 1919/1919/1919 1914/1914/1914 
f 1914/1914/1914 1919/1919/1919 1920/1920/1920 
f 1919/1919/1919 1919/1919/1919 1920/1920/1920 
f 1920/1920/1920 1919/1919/1919 1921/1921/1921 
f 1919/1919/1919 1919/1919/1919 1921/1921/1921 
f 1921/1921/1921 1919/1919/1919 1922/1922/1922 
f 1919/1919/1919 1923/1923/1923 1922/1922/1922 
f 1922/1922/1922 1923/1923/1923 1924/1924/1924 
f 1923/1923/1923 1925/1925/1925 1924/1924/1924 
f 1924/1924/1924 1925/1925/1925 1926/1926/1926 
f 1925/1925/1925 1926/1926/1926 1926/1926/1926 
f 1926/1926/1926 1926/1926/1926 1927/1927/1927 
f 1926/1926/1926 1927/1927/1927 1927/1927/1927 
f 1927/1927/1927 1927/1927/1927 1919/1919/1919 
f 1927/1927/1927 1928/1928/1928 1919/1919/1919 
f 1919/1919/1919 1928/1928/1928 1923/1923/1923 
f 1928/1928/1928 1929/1929/1929 1923/1923/1923 
f 1923/1923/1923 1929/1929/1929 1929/1929/1929 
f 1929/1929/1929 1923/1923/1923 1929/1929/1929 
f 1929/1929/1929 1923/1923/1923 1923/1923/1923 
f 1923/1923/1923 1930/1930/1930 1923/1923/1923 
f 1923/1923/1923 1930/1930/1930 1925/1925/1925 
f 1930/1930/1930 1925/1925/1925 1925/1925/1925 
f 1925/1925/1925 1925/1925/1925 1924/1924/1924 
f 1925/1925/1925 1924/1924/1924 1924/1924/1924 
f 1924/1924/1924 1924/1924/1924 1922/1922/1922 
f 1924/1924/1924 1931/1931/1931 1922/1922/1922 
f 1922/1922/1922 1931/1931/1931 1922/1922/1922 
f 1931/1931/1931 1932/1932/1932 1922/1922/1922 
f 1922/1922/1922 1932/1932/1932 1933/1933/1933 
f 1932/1932/1932 1933/1933/1933 1933/1933/1933 
f 1933/1933/1933 1933/1933/1933 1934/1934/1934 
f 1933/1933/1933 1934/1934/1934 1934/1934/1934 
f 1934/1934/1934 1934/1934/1934 1914/1914/1914 
f 1934/1934/1934 1935/1935/1935 1914/1914/1914 
f 1914/1914/1914 1935/1935/1935 1915/1915/1915 
f 1935/1935/1935 1936/1936/1936 1915/1915/1915 
f 1915/1915/1915 1936/1936/1936 1915/1915/1915 
f 1936/1936/1936 1937/1937/1937 1915/1915/1915 
f 1915/1915/1915 1937/1937/1937 1915/1915/1915 
f 1937/1937/1937 1938/1938/1938 1915/1915/1915 
f 1915/1915/1915 1938/1938/1938 1939/1939/1939 
f 1938/1938/1938 1939/1939/1939 1939/1939/1939 
f 1939/1939/1939 1939/1939/1939 1935/1935/1935 
f 1939/1939/1939 1935/1935/1935 1935/1935/1935 
f 1935/1935/1935 1935/1935/1935 1936/1936/1936 
f 1935/1935/1935 1940/1940/1940 1936/1936/1936 
f 1936/1936/1936 1940/1940/1940 1940/1940/1940 
f 1940/1940/1940 1913/1913/1913 1940/1940/1940 
f 1940/1940/1940 1913/1913/1913 1913/1913/1913 
f 1913/1913/1913 1915/1915/1915 1913/1913/1913 
f 1913/1913/1913 1915/1915/1915 1941/1941/1941 
f 1915/1915/1915 1915/1915/1915 1941/1941/1941 
f 1941/1941/1941 1915/1915/1915 1942/1942/1942 
f 1915/1915/1915 1943/1943/1943 1942/1942/1942 
f 1942/1942/1942 1943/1943/1943 1943/1943/1943 
f 1943/1943/1943 1944/1944/1944 1943/1943/1943 
f 1943/1943/1943 1944/1944/1944 1944/1944/1944 
f 1944/1944/1944 1945/1945/1945 1944/1944/1944 
f 1944/1944/1944 1945/1945/1945 1946/1946/1946 
f 1945/1945/1945 1947/1947/1947 1946/1946/1946 
f 1946/1946/1946 1947/1947/1947 1946/1946/1946 
f 1947/1947/1947 1948/1948/1948 1946/1946/1946 
f 1946/1946/1946 1948/1948/1948 1949/1949/1949 
f 1948/1948/1948 1950/1950/1950 1949/1949/1949 
f 1949/1949/1949 1950/1950/1950 1950/1950/1950 
f 1950/1950/1950 1951/1951/1951 1950/1950/1950 
f 1950/1950/1950 1951/1951/1951 1951/1951/1951 
f 1951/1951/1951 1952/1952/1952 1951/1951/1951 
f 1951/1951/1951 1952/1952/1952 1953/1953/1953 
f 1952/1952/1952 1954/1954/1954 1953/1953/1953 
f 1953/1953/1953 1954/1954/1954 1954/1954/1954 
f 1954/1954/1954 1952/1952/1952 1954/1954/1954 
f 1954/1954/1954 1952/1952/1952 1952/1952/1952 
f 1952/1952/1952 1951/1951/1951 1952/1952/1952 
f 1952/1952/1952 1951/1951/1951 1955/1955/1955 
f 1951/1951/1951 1956/1956/1956 1955/1955/1955 
f 1955/1955/1955 1956/1956/1956 1957/1957/1957 
f 1956/1956/1956 1958/1958/1958 1957/1957/1957 
f 1957/1957/1957 1958/1958/1958 1959/1959/1959 
f 1958/1958/1958 1960/1960/1960 1959/1959/1959 
f 1959/1959/1959 1960/1960/1960 1961/1961/1961 
f 1960/1960/1960 1962/1962/1962 1961/1961/1961 
f 1961/1961/1961 1962/1962/1962 1963/1963/1963 
f 1962/1962/1962 1964/1964/1964 1963/1963/1963 
f 1963/1963/1963 1964/1964/1964 1965/1965/1965 
f 1964/1964/1964 1966/1966/1966 1965/1965/1965 
f 1965/1965/1965 1966/1966/1966 1967/1967/1967 
f 1966/1966/1966 1968/1968/1968 1967/1967/1967 
f 1967/1967/1967 1968/1968/1968 1969/1969/1969 
f 1968/1968/1968 1970/1970/1970 1969/1969/1969 
f 1969/1969/1969 1970/1970/1970 1971/1971/1971 
f 1970/1970/1970 1972/1972/1972 1971/1971/1971 
f 1971/1971/1971 1972/1972/1972 1971/1971/1971 
f 1972/1972/1972 1973/1973/1973 1971/1971/1971 
f 1971/1971/1971 1973/1973/1973 1974/1974/1974 
f 1973/1973/1973 1975/1975/1975 1974/1974/1974 
f 1974/1974/1974 1975/1975/1975 1976/1976/1976 
f 1975/1975/1975 1977/1977/1977 1976/1976/1976 
f 1976/1976/1976 1977/1977/1977 1978/1978/1978 
f 1977/1977/1977 1979/1979/1979 1978/1978/1978 
f 1978/1978/1978 1979/1979/1979 1980/1980/1980 
f 1979/1979/1979 1981/1981/1981 1980/1980/1980 
f 1980/1980/1980 1981/1981/1981 1982/1982/1982 
f 1981/1981/1981 1983/1983/1983 1982/1982/1982 
f 1982/1982/1982 1983/1983/1983 1984/1984/1984 
f 1983/1983/1983 1985/1985/1985 1984/1984/1984 
f 1984/1984/1984 1985/1985/1985 1986/1986/1986 
f 1985/1985/1985 1987/1987/1987 1986/1986/1986 
f 1986/1986/1986 1987/1987/1987 1988/1988/1988 
f 1987/1987/1987 1989/1989/1989 1988/1988/1988 
f 1988/1988/1988 1989/1989/1989 1990/1990/1990 
f 1989/1989/1989 1991/1991/1991 1990/1990/1990 
f 1990/1990/1990 1991/1991/1991 1992/1992/1992 
f 1991/1991/1991 1993/1993/1993 1992/1992/1992 
f 1992/1992/1992 1993/1993/1993 1994/1994/1994 
f 1993/1993/1993 1995/1995/1995 1994/1994/1994 
f 1994/1994/1994 1995/1995/1995 1996/1996/1996 
f 1995/1995/1995 1997/1997/1997 1996/1996/1996 
f 1996/1996/1996 1997/1997/1997 1998/1998/1998 
f 1997/1997/1997 1999/1999/1999 1998/1998/1998 
f 1998/1998/1998 1999/1999/1999 2000/2000/2000 
f 1999/1999/1999 2001/2001/2001 2000/2000/2000 
f 2000/2000/2000 2001/2001/2001 2002/2002/2002 
f 2001/2001/2001 2003/2003/2003 2002/2002/2002 
f 2002/2002/2002 2003/2003/2003 2004/2004/2004 
f 2003/2003/2003 2004/2004/2004 2004/2004/2004 
f 2004/2004/2004 2004/2004/2004 2005/2005/2005 
f 2004/2004/2004 2005/2005/2005 2005/2005/2005 
f 2005/2005/2005 2005/2005/2005 2006/2006/2006 
f 2005/2005/2005 2007/2007/2007 2006/2006/2006 
f 2006/2006/2006 2007/2007/2007 2008/2008/2008 
f 2007/2007/2007 2009/2009/2009 2008/2008/2008 
f 2008/2008/2008 2009/2009/2009 2008/2008/2008 
f 2009/2009/2009 2010/2010/2010 2008/2008/2008 
f 2008/2008/2008 2010/2010/2010 2008/2008/2008 
f 2010/2010/2010 2011/2011/2011 2008/2008/2008 
f 2008/2008/2008 2011/2011/2011 2006/2006/2006 
f 2011/2011/2011 2012/2012/2012 2006/2006/2006 
f 2006/2006/2006 2012/2012/2012 2012/2012/2012 
f 2012/2012/2012 1953/1953/1953 2012/2012/2012 
f 2012/2012/2012 1953/1953/1953 1953/1953/1953 
f 1953/1953/1953 1954/1954/1954 1953/1953/1953 
f 1953/1953/1953 1954/1954/1954 2013/2013/2013 
f 1954/1954/1954 2014/2014/2014 2013/2013/2013 
f 2013/2013/2013 2014/2014/2014 2015/2015/2015 
f 2014/2014/2014 2016/2016/2016 2015/2015/2015 
f 2015/2015/2015 2016/2016/2016 2017/2017/2017 
f 2016/2016/2016 2018/2018/2018 2017/2017/2017 
f 2017/2017/2017 2018/2018/2018 2019/2019/2019 
f 2018/2018/2018 2020/2020/2020 2019/2019/2019 
f 2019/2019/2019 2020/2020/2020 2021/2021/2021 
f 2020/2020/2020 2022/2022/2022 2021/2021/2021 
f 2021/2021/2021 2022/2022/2022 2023/2023/2023 
f 2022/2022/2022 2024/2024/2024 2023/2023/2023 
f 2023/2023/2023 2024/2024/2024 2024/2024/2024 
f 2024/2024/2024 2025/2025/2025 2024/2024/2024 
f 2024/2024/2024 2025/2025/2025 2025/2025/2025 
f 2025/2025/2025 2026/2026/2026 2025/2025/2025 
f 2025/2025/2025 2026/2026/2026 2027/2027/2027 
f 2026/2026/2026 2028/2028/2028 2027/2027/2027 
f 2027/2027/2027 2028/2028/2028 2028/2028/2028 
f 2028/2028/2028 2029/2029/2029 2028/2028/2028 
f 2028/2028/2028 2029/2029/2029 2029/2029/2029 
f 2029/2029/2029 2030/2030/2030 2029/2029/2029 
f 2029/2029/2029 2030/2030/2030 2031/2031/2031 
f 2030/2030/2030 2032/2032/2032 2031/2031/2031 
f 2031/2031/2031 2032/2032/2032 2031/2031/2031 
f 2032/2032/2032 2033/2033/2033 2031/2031/2031 
f 2031/2031/2031 2033/2033/2033 2034/2034/2034 
f 2033/2033/2033 2035/2035/2035 2034/2034/2034 
f 2034/2034/2034 2035/2035/2035 2036/2036/2036 
f 2035/2035/2035 2037/2037/2037 2036/2036/2036 
f 2036/2036/2036 2037/2037/2037 2038/2038/2038 
f 2037/2037/2037 2037/2037/2037 2038/2038/2038 
f 2038/2038/2038 2037/2037/2037 2039/2039/2039 
f 2037/2037/2037 2037/2037/2037 2039/2039/2039 
f 2039/2039/2039 2037/2037/2037 2040/2040/2040 
f 2037/2037/2037 2037/2037/2037 2040/2040/2040 
f 2040/2040/2040 2037/2037/2037 2041/2041/2041 
f 2037/2037/2037 2037/2037/2037 2041/2041/2041 
f 2041/2041/2041 2037/2037/2037 2042/2042/2042 
f 2037/2037/2037 2035/2035/2035 2042/2042/2042 
f 2042/2042/2042 2035/2035/2035 2043/2043/2043 
f 2035/2035/2035 2035/2035/2035 2043/2043/2043 
f 2043/2043/2043 2035/2035/2035 2044/2044/2044 
f 2035/2035/2035 2035/2035/2035 2044/2044/2044 
f 2044/2044/2044 2035/2035/2035 2045/2045/2045 
f 2035/2035/2035 2033/2033/2033 2045/2045/2045 
f 2045/2045/2045 2033/2033/2033 2046/2046/2046 
f 2033/2033/2033 2032/2032/2032 2046/2046/2046 
f 2046/2046/2046 2032/2032/2032 2046/2046/2046 
f 2032/2032/2032 2047/2047/2047 2046/2046/2046 
f 2046/2046/2046 2047/2047/2047 2048/2048/2048 
f 2047/2047/2047 2049/2049/2049 2048/2048/2048 
f 2048/2048/2048 2049/2049/2049 2050/2050/2050 
f 2049/2049/2049 2042/2042/2042 2050/2050/2050 
f 2050/2050/2050 2042/2042/2042 2043/2043/2043 
f 2042/2042/2042 2043/2043/2043 2043/2043/2043 
f 2043/2043/2043 2043/2043/2043 2038/2038/2038 
f 2043/2043/2043 2038/2038/2038 2038/2038/2038 
f 2038/2038/2038 2038/2038/2038 2036/2036/2036 
f 2038/2038/2038 2051/2051/2051 2036/2036/2036 
f 2036/2036/2036 2051/2051/2051 2034/2034/2034 
f 2051/2051/2051 2051/2051/2051 2034/2034/2034 
f 2034/2034/2034 2051/2051/2051 2031/2031/2031 
f 2051/2051/2051 2029/2029/2029 2031/2031/2031 
f 2031/2031/2031 2029/2029/2029 2029/2029/2029 
f 2029/2029/2029 2042/2042/2042 2029/2029/2029 
f 2029/2029/2029 2042/2042/2042 2042/2042/2042 
f 2042/2042/2042 2049/2049/2049 2042/2042/2042 
f 2042/2042/2042 2049/2049/2049 2041/2041/2041 
f 2049/2049/2049 2052/2052/2052 2041/2041/2041 
f 2041/2041/2041 2052/2052/2052 2040/2040/2040 
f 2052/2052/2052 2052/2052/2052 2040/2040/2040 
f 2040/2040/2040 2052/2052/2052 2053/2053/2053 
f 2052/2052/2052 2052/2052/2052 2053/2053/2053 
f 2053/2053/2053 2052/2052/2052 2054/2054/2054 
f 2052/2052/2052 2047/2047/2047 2054/2054/2054 
f 2054/2054/2054 2047/2047/2047 2054/2054/2054 
f 2047/2047/2047 2032/2032/2032 2054/2054/2054 
f 2054/2054/2054 2032/2032/2032 2054/2054/2054 
f 2032/2032/2032 2030/2030/2030 2054/2054/2054 
f 2054/2054/2054 2030/2030/2030 2055/2055/2055 
f 2030/2030/2030 2029/2029/2029 2055/2055/2055 
f 2055/2055/2055 2029/2029/2029 2029/2029/2029 
f 2029/2029/2029 2052/2052/2052 2029/2029/2029 
f 2029/2029/2029 2052/2052/2052 2052/2052/2052 
f 2052/2052/2052 2049/2049/2049 2052/2052/2052 
f 2052/2052/2052 2049/2049/2049 2047/2047/2047 
f 2049/2049/2049 2047/2047/2047 2047/2047/2047 
f 2047/2047/2047 2047/2047/2047 2055/2055/2055 
f 2047/2047/2047 2055/2055/2055 2055/2055/2055 
f 2055/2055/2055 2055/2055/2055 2054/2054/2054 
f 2055/2055/2055 2056/2056/2056 2054/2054/2054 
f 2054/2054/2054 2056/2056/2056 2053/2053/2053 
f 2056/2056/2056 2053/2053/2053 2053/2053/2053 
f 2053/2053/2053 2053/2053/2053 2057/2057/2057 
f 2053/2053/2053 2057/2057/2057 2057/2057/2057 
f 2057/2057/2057 2057/2057/2057 2058/2058/2058 
f 2057/2057/2057 2059/2059/2059 2058/2058/2058 
f 2058/2058/2058 2059/2059/2059 2060/2060/2060 
f 2059/2059/2059 2059/2059/2059 2060/2060/2060 
f 2060/2060/2060 2059/2059/2059 2061/2061/2061 
f 2059/2059/2059 2062/2062/2062 2061/2061/2061 
f 2061/2061/2061 2062/2062/2062 2063/2063/2063 
f 2062/2062/2062 2063/2063/2063 2063/2063/2063 
f 2063/2063/2063 2063/2063/2063 2064/2064/2064 
f 2063/2063/2063 2064/2064/2064 2064/2064/2064 
f 2064/2064/2064 2064/2064/2064 2065/2065/2065 
f 2064/2064/2064 2066/2066/2066 2065/2065/2065 
f 2065/2065/2065 2066/2066/2066 2065/2065/2065 
f 2066/2066/2066 2067/2067/2067 2065/2065/2065 
f 2065/2065/2065 2067/2067/2067 2068/2068/2068 
f 2067/2067/2067 2069/2069/2069 2068/2068/2068 
f 2068/2068/2068 2069/2069/2069 2070/2070/2070 
f 2069/2069/2069 2069/2069/2069 2070/2070/2070 
f 2070/2070/2070 2069/2069/2069 2071/2071/2071 
f 2069/2069/2069 2072/2072/2072 2071/2071/2071 
f 2071/2071/2071 2072/2072/2072 2073/2073/2073 
f 2072/2072/2072 2072/2072/2072 2073/2073/2073 
f 2073/2073/2073 2072/2072/2072 2074/2074/2074 
f 2072/2072/2072 2075/2075/2075 2074/2074/2074 
f 2074/2074/2074 2075/2075/2075 2076/2076/2076 
f 2075/2075/2075 2076/2076/2076 2076/2076/2076 
f 2076/2076/2076 2076/2076/2076 2075/2075/2075 
f 2076/2076/2076 2075/2075/2075 2075/2075/2075 
f 2075/2075/2075 2075/2075/2075 2077/2077/2077 
f 2075/2075/2075 2072/2072/2072 2077/2077/2077 
f 2077/2077/2077 2072/2072/2072 2077/2077/2077 
f 2072/2072/2072 2069/2069/2069 2077/2077/2077 
f 2077/2077/2077 2069/2069/2069 2077/2077/2077 
f 2069/2069/2069 2067/2067/2067 2077/2077/2077 
f 2077/2077/2077 2067/2067/2067 2077/2077/2077 
f 2067/2067/2067 2066/2066/2066 2077/2077/2077 
f 2077/2077/2077 2066/2066/2066 2078/2078/2078 
f 2066/2066/2066 2079/2079/2079 2078/2078/2078 
f 2078/2078/2078 2079/2079/2079 2080/2080/2080 
f 2079/2079/2079 2080/2080/2080 2080/2080/2080 
f 2080/2080/2080 2080/2080/2080 2066/2066/2066 
f 2080/2080/2080 2066/2066/2066 2066/2066/2066 
f 2066/2066/2066 2066/2066/2066 2079/2079/2079 
f 2066/2066/2066 2064/2064/2064 2079/2079/2079 
f 2079/2079/2079 2064/2064/2064 2064/2064/2064 
f 2064/2064/2064 2081/2081/2081 2064/2064/2064 
f 2064/2064/2064 2081/2081/2081 2081/2081/2081 
f 2081/2081/2081 2082/2082/2082 2081/2081/2081 
f 2081/2081/2081 2082/2082/2082 2083/2083/2083 
f 2082/2082/2082 2082/2082/2082 2083/2083/2083 
f 2083/2083/2083 2082/2082/2082 2084/2084/2084 
f 2082/2082/2082 2085/2085/2085 2084/2084/2084 
f 2084/2084/2084 2085/2085/2085 2086/2086/2086 
f 2085/2085/2085 2087/2087/2087 2086/2086/2086 
f 2086/2086/2086 2087/2087/2087 2087/2087/2087 
f 2087/2087/2087 2088/2088/2088 2087/2087/2087 
f 2087/2087/2087 2088/2088/2088 2088/2088/2088 
f 2088/2088/2088 2089/2089/2089 2088/2088/2088 
f 2088/2088/2088 2089/2089/2089 2090/2090/2090 
f 2089/2089/2089 2091/2091/2091 2090/2090/2090 
f 2090/2090/2090 2091/2091/2091 2092/2092/2092 
f 2091/2091/2091 2091/2091/2091 2092/2092/2092 
f 2092/2092/2092 2091/2091/2091 2093/2093/2093 
f 2091/2091/2091 2094/2094/2094 2093/2093/2093 
f 2093/2093/2093 2094/2094/2094 2095/2095/2095 
f 2094/2094/2094 2096/2096/2096 2095/2095/2095 
f 2095/2095/2095 2096/2096/2096 2097/2097/2097 
f 2096/2096/2096 2097/2097/2097 2097/2097/2097 
f 2097/2097/2097 2097/2097/2097 2089/2089/2089 
f 2097/2097/2097 2089/2089/2089 2089/2089/2089 
f 2089/2089/2089 2089/2089/2089 2091/2091/2091 
f 2089/2089/2089 2098/2098/2098 2091/2091/2091 
f 2091/2091/2091 2098/2098/2098 2094/2094/2094 
f 2098/2098/2098 2099/2099/2099 2094/2094/2094 
f 2094/2094/2094 2099/2099/2099 2096/2096/2096 
f 2099/2099/2099 2100/2100/2100 2096/2096/2096 
f 2096/2096/2096 2100/2100/2100 2100/2100/2100 
f 2100/2100/2100 2101/2101/2101 2100/2100/2100 
f 2100/2100/2100 2101/2101/2101 2101/2101/2101 
f 2101/2101/2101 2102/2102/2102 2101/2101/2101 
f 2101/2101/2101 2102/2102/2102 2103/2103/2103 
f 2102/2102/2102 2104/2104/2104 2103/2103/2103 
f 2103/2103/2103 2104/2104/2104 2105/2105/2105 
f 2104/2104/2104 2106/2106/2106 2105/2105/2105 
f 2105/2105/2105 2106/2106/2106 2107/2107/2107 
f 2106/2106/2106 2107/2107/2107 2107/2107/2107 
f 2107/2107/2107 2107/2107/2107 2108/2108/2108 
f 2107/2107/2107 2108/2108/2108 2108/2108/2108 
f 2108/2108/2108 2108/2108/2108 2109/2109/2109 
f 2108/2108/2108 2110/2110/2110 2109/2109/2109 
f 2109/2109/2109 2110/2110/2110 2109/2109/2109 
f 2110/2110/2110 2111/2111/2111 2109/2109/2109 
f 2109/2109/2109 2111/2111/2111 2109/2109/2109 
f 2111/2111/2111 2112/2112/2112 2109/2109/2109 
f 2109/2109/2109 2112/2112/2112 2113/2113/2113 
f 2112/2112/2112 2113/2113/2113 2113/2113/2113 
f 2113/2113/2113 2113/2113/2113 2114/2114/2114 
f 2113/2113/2113 2114/2114/2114 2114/2114/2114 
f 2114/2114/2114 2114/2114/2114 2115/2115/2115 
f 2114/2114/2114 2116/2116/2116 2115/2115/2115 
f 2115/2115/2115 2116/2116/2116 2115/2115/2115 
f 2116/2116/2116 2117/2117/2117 2115/2115/2115 
f 2115/2115/2115 2117/2117/2117 2118/2118/2118 
f 2117/2117/2117 2117/2117/2117 2118/2118/2118 
f 2118/2118/2118 2117/2117/2117 2119/2119/2119 
f 2117/2117/2117 2120/2120/2120 2119/2119/2119 
f 2119/2119/2119 2120/2120/2120 2120/2120/2120 
f 2120/2120/2120 2118/2118/2118 2120/2120/2120 
f 2120/2120/2120 2118/2118/2118 2118/2118/2118 
f 2118/2118/2118 2121/2121/2121 2118/2118/2118 
f 2118/2118/2118 2121/2121/2121 2115/2115/2115 
f 2121/2121/2121 2122/2122/2122 2115/2115/2115 
f 2115/2115/2115 2122/2122/2122 2122/2122/2122 
f 2122/2122/2122 2123/2123/2123 2122/2122/2122 
f 2122/2122/2122 2123/2123/2123 2123/2123/2123 
f 2123/2123/2123 2124/2124/2124 2123/2123/2123 
f 2123/2123/2123 2124/2124/2124 2125/2125/2125 
f 2124/2124/2124 2126/2126/2126 2125/2125/2125 
f 2125/2125/2125 2126/2126/2126 2127/2127/2127 
f 2126/2126/2126 2128/2128/2128 2127/2127/2127 
f 2127/2127/2127 2128/2128/2128 2128/2128/2128 
f 2128/2128/2128 2129/2129/2129 2128/2128/2128 
f 2128/2128/2128 2129/2129/2129 2129/2129/2129 
f 2129/2129/2129 2125/2125/2125 2129/2129/2129 
f 2129/2129/2129 2125/2125/2125 2127/2127/2127 
f 2125/2125/2125 2127/2127/2127 2127/2127/2127 
f 2127/2127/2127 2127/2127/2127 2123/2123/2123 
f 2127/2127/2127 2123/2123/2123 2123/2123/2123 
f 2123/2123/2123 2123/2123/2123 2124/2124/2124 
f 2123/2123/2123 2130/2130/2130 2124/2124/2124 
f 2124/2124/2124 2130/2130/2130 2131/2131/2131 
f 2130/2130/2130 2130/2130/2130 2131/2131/2131 
f 2131/2131/2131 2130/2130/2130 2132/2132/2132 
f 2130/2130/2130 2133/2133/2133 2132/2132/2132 
f 2132/2132/2132 2133/2133/2133 2134/2134/2134 
f 2133/2133/2133 2135/2135/2135 2134/2134/2134 
f 2134/2134/2134 2135/2135/2135 2136/2136/2136 
f 2135/2135/2135 2137/2137/2137 2136/2136/2136 
f 2136/2136/2136 2137/2137/2137 2137/2137/2137 
f 2137/2137/2137 2138/2138/2138 2137/2137/2137 
f 2137/2137/2137 2138/2138/2138 2138/2138/2138 
f 2138/2138/2138 2129/2129/2129 2138/2138/2138 
f 2138/2138/2138 2129/2129/2129 2139/2139/2139 
f 2129/2129/2129 2129/2129/2129 2139/2139/2139 
f 2139/2139/2139 2129/2129/2129 2140/2140/2140 
f 2129/2129/2129 2127/2127/2127 2140/2140/2140 
f 2140/2140/2140 2127/2127/2127 2127/2127/2127 
f 2127/2127/2127 2138/2138/2138 2127/2127/2127 
f 2127/2127/2127 2138/2138/2138 2138/2138/2138 
f 2138/2138/2138 2139/2139/2139 2138/2138/2138 
f 2138/2138/2138 2139/2139/2139 2141/2141/2141 
f 2139/2139/2139 2142/2142/2142 2141/2141/2141 
f 2141/2141/2141 2142/2142/2142 2143/2143/2143 
f 2142/2142/2142 2142/2142/2142 2143/2143/2143 
f 2143/2143/2143 2142/2142/2142 2144/2144/2144 
f 2142/2142/2142 2142/2142/2142 2144/2144/2144 
f 2144/2144/2144 2142/2142/2142 2145/2145/2145 
f 2142/2142/2142 2139/2139/2139 2145/2145/2145 
f 2145/2145/2145 2139/2139/2139 2146/2146/2146 
f 2139/2139/2139 2139/2139/2139 2146/2146/2146 
f 2146/2146/2146 2139/2139/2139 2147/2147/2147 
f 2139/2139/2139 2140/2140/2140 2147/2147/2147 
f 2147/2147/2147 2140/2140/2140 2148/2148/2148 
f 2140/2140/2140 2127/2127/2127 2148/2148/2148 
f 2148/2148/2148 2127/2127/2127 2149/2149/2149 
f 2127/2127/2127 2128/2128/2128 2149/2149/2149 
f 2149/2149/2149 2128/2128/2128 2128/2128/2128 
f 2128/2128/2128 2149/2149/2149 2128/2128/2128 
f 2128/2128/2128 2149/2149/2149 2149/2149/2149 
f 2149/2149/2149 2150/2150/2150 2149/2149/2149 
f 2149/2149/2149 2150/2150/2150 2148/2148/2148 
f 2150/2150/2150 2151/2151/2151 2148/2148/2148 
f 2148/2148/2148 2151/2151/2151 2147/2147/2147 
f 2151/2151/2151 2152/2152/2152 2147/2147/2147 
f 2147/2147/2147 2152/2152/2152 2146/2146/2146 
f 2152/2152/2152 2153/2153/2153 2146/2146/2146 
f 2146/2146/2146 2153/2153/2153 2145/2145/2145 
f 2153/2153/2153 2154/2154/2154 2145/2145/2145 
f 2145/2145/2145 2154/2154/2154 2155/2155/2155 
f 2154/2154/2154 2156/2156/2156 2155/2155/2155 
f 2155/2155/2155 2156/2156/2156 2157/2157/2157 
f 2156/2156/2156 2158/2158/2158 2157/2157/2157 
f 2157/2157/2157 2158/2158/2158 2159/2159/2159 
f 2158/2158/2158 2160/2160/2160 2159/2159/2159 
f 2159/2159/2159 2160/2160/2160 2159/2159/2159 
f 2160/2160/2160 2161/2161/2161 2159/2159/2159 
f 2159/2159/2159 2161/2161/2161 2162/2162/2162 
f 2161/2161/2161 2163/2163/2163 2162/2162/2162 
f 2162/2162/2162 2163/2163/2163 2164/2164/2164 
f 2163/2163/2163 2165/2165/2165 2164/2164/2164 
f 2164/2164/2164 2165/2165/2165 2166/2166/2166 
f 2165/2165/2165 2167/2167/2167 2166/2166/2166 
f 2166/2166/2166 2167/2167/2167 2168/2168/2168 
f 2167/2167/2167 2169/2169/2169 2168/2168/2168 
f 2168/2168/2168 2169/2169/2169 2170/2170/2170 
f 2169/2169/2169 2171/2171/2171 2170/2170/2170 
f 2170/2170/2170 2171/2171/2171 2172/2172/2172 
f 2171/2171/2171 2173/2173/2173 2172/2172/2172 
f 2172/2172/2172 2173/2173/2173 2174/2174/2174 
f 2173/2173/2173 2173/2173/2173 2174/2174/2174 
f 2174/2174/2174 2173/2173/2173 2175/2175/2175 
f 2173/2173/2173 2176/2176/2176 2175/2175/2175 
f 2175/2175/2175 2176/2176/2176 2177/2177/2177 
f 2176/2176/2176 2178/2178/2178 2177/2177/2177 
f 2177/2177/2177 2178/2178/2178 2179/2179/2179 
f 2178/2178/2178 2180/2180/2180 2179/2179/2179 
f 2179/2179/2179 2180/2180/2180 2181/2181/2181 
f 2180/2180/2180 2182/2182/2182 2181/2181/2181 
f 2181/2181/2181 2182/2182/2182 2183/2183/2183 
f 2182/2182/2182 2184/2184/2184 2183/2183/2183 
f 2183/2183/2183 2184/2184/2184 2185/2185/2185 
f 2184/2184/2184 2186/2186/2186 2185/2185/2185 
f 2185/2185/2185 2186/2186/2186 2187/2187/2187 
f 2186/2186/2186 2188/2188/2188 2187/2187/2187 
f 2187/2187/2187 2188/2188/2188 2187/2187/2187 
f 2188/2188/2188 2189/2189/2189 2187/2187/2187 
f 2187/2187/2187 2189/2189/2189 2190/2190/2190 
f 2189/2189/2189 2191/2191/2191 2190/2190/2190 
f 2190/2190/2190 2191/2191/2191 2192/2192/2192 
f 2191/2191/2191 2193/2193/2193 2192/2192/2192 
f 2192/2192/2192 2193/2193/2193 2194/2194/2194 
f 2193/2193/2193 2195/2195/2195 2194/2194/2194 
f 2194/2194/2194 2195/2195/2195 2196/2196/2196 
f 2195/2195/2195 2197/2197/2197 2196/2196/2196 
f 2196/2196/2196 2197/2197/2197 2198/2198/2198 
f 2197/2197/2197 2199/2199/2199 2198/2198/2198 
f 2198/2198/2198 2199/2199/2199 2200/2200/2200 
f 2199/2199/2199 2201/2201/2201 2200/2200/2200 
f 2200/2200/2200 2201/2201/2201 2200/2200/2200 
f 2201/2201/2201 2202/2202/2202 2200/2200/2200 
f 2200/2200/2200 2202/2202/2202 2203/2203/2203 
f 2202/2202/2202 2204/2204/2204 2203/2203/2203 
f 2203/2203/2203 2204/2204/2204 2203/2203/2203 
f 2204/2204/2204 2205/2205/2205 2203/2203/2203 
f 2203/2203/2203 2205/2205/2205 2206/2206/2206 
f 2205/2205/2205 2207/2207/2207 2206/2206/2206 
f 2206/2206/2206 2207/2207/2207 2208/2208/2208 
f 2207/2207/2207 2208/2208/2208 2208/2208/2208 
f 2208/2208/2208 2208/2208/2208 2145/2145/2145 
f 2208/2208/2208 2145/2145/2145 2145/2145/2145 
f 2145/2145/2145 2145/2145/2145 2144/2144/2144 
f 2145/2145/2145 2155/2155/2155 2144/2144/2144 
f 2144/2144/2144 2155/2155/2155 2155/2155/2155 
f 2155/2155/2155 2206/2206/2206 2155/2155/2155 
f 2155/2155/2155 2206/2206/2206 2206/2206/2206 
f 2206/2206/2206 2209/2209/2209 2206/2206/2206 
f 2206/2206/2206 2209/2209/2209 2203/2203/2203 
f 2209/2209/2209 2210/2210/2210 2203/2203/2203 
f 2203/2203/2203 2210/2210/2210 2200/2200/2200 
f 2210/2210/2210 2210/2210/2210 2200/2200/2200 
f 2200/2200/2200 2210/2210/2210 2198/2198/2198 
f 2210/2210/2210 2211/2211/2211 2198/2198/2198 
f 2198/2198/2198 2211/2211/2211 2196/2196/2196 
f 2211/2211/2211 2211/2211/2211 2196/2196/2196 
f 2196/2196/2196 2211/2211/2211 2194/2194/2194 
f 2211/2211/2211 2212/2212/2212 2194/2194/2194 
f 2194/2194/2194 2212/2212/2212 2213/2213/2213 
f 2212/2212/2212 2212/2212/2212 2213/2213/2213 
f 2213/2213/2213 2212/2212/2212 2214/2214/2214 
f 2212/2212/2212 2212/2212/2212 2214/2214/2214 
f 2214/2214/2214 2212/2212/2212 2215/2215/2215 
f 2212/2212/2212 2211/2211/2211 2215/2215/2215 
f 2215/2215/2215 2211/2211/2211 2216/2216/2216 
f 2211/2211/2211 2211/2211/2211 2216/2216/2216 
f 2216/2216/2216 2211/2211/2211 2209/2209/2209 
f 2211/2211/2211 2210/2210/2210 2209/2209/2209 
f 2209/2209/2209 2210/2210/2210 2210/2210/2210 
f 2210/2210/2210 2194/2194/2194 2210/2210/2210 
f 2210/2210/2210 2194/2194/2194 2194/2194/2194 
f 2194/2194/2194 2213/2213/2213 2194/2194/2194 
f 2194/2194/2194 2213/2213/2213 2192/2192/2192 
f 2213/2213/2213 2217/2217/2217 2192/2192/2192 
f 2192/2192/2192 2217/2217/2217 2190/2190/2190 
f 2217/2217/2217 2218/2218/2218 2190/2190/2190 
f 2190/2190/2190 2218/2218/2218 2187/2187/2187 
f 2218/2218/2218 2218/2218/2218 2187/2187/2187 
f 2187/2187/2187 2218/2218/2218 2185/2185/2185 
f 2218/2218/2218 2219/2219/2219 2185/2185/2185 
f 2185/2185/2185 2219/2219/2219 2183/2183/2183 
f 2219/2219/2219 2183/2183/2183 2183/2183/2183 
f 2183/2183/2183 2183/2183/2183 2213/2213/2213 
f 2183/2183/2183 2213/2213/2213 2213/2213/2213 
f 2213/2213/2213 2213/2213/2213 2217/2217/2217 
f 2213/2213/2213 2214/2214/2214 2217/2217/2217 
f 2217/2217/2217 2214/2214/2214 2217/2217/2217 
f 2214/2214/2214 2220/2220/2220 2217/2217/2217 
f 2217/2217/2217 2220/2220/2220 2217/2217/2217 
f 2220/2220/2220 2221/2221/2221 2217/2217/2217 
f 2217/2217/2217 2221/2221/2221 2218/2218/2218 
f 2221/2221/2221 2222/2222/2222 2218/2218/2218 
f 2218/2218/2218 2222/2222/2222 2219/2219/2219 
f 2222/2222/2222 2223/2223/2223 2219/2219/2219 
f 2219/2219/2219 2223/2223/2223 2183/2183/2183 
f 2223/2223/2223 2223/2223/2223 2183/2183/2183 
f 2183/2183/2183 2223/2223/2223 2181/2181/2181 
f 2223/2223/2223 2223/2223/2223 2181/2181/2181 
f 2181/2181/2181 2223/2223/2223 2224/2224/2224 
f 2223/2223/2223 2225/2225/2225 2224/2224/2224 
f 2224/2224/2224 2225/2225/2225 2224/2224/2224 
f 2225/2225/2225 2226/2226/2226 2224/2224/2224 
f 2224/2224/2224 2226/2226/2226 2224/2224/2224 
f 2226/2226/2226 2227/2227/2227 2224/2224/2224 
f 2224/2224/2224 2227/2227/2227 2228/2228/2228 
f 2227/2227/2227 2229/2229/2229 2228/2228/2228 
f 2228/2228/2228 2229/2229/2229 2230/2230/2230 
f 2229/2229/2229 2231/2231/2231 2230/2230/2230 
f 2230/2230/2230 2231/2231/2231 2232/2232/2232 
f 2231/2231/2231 2233/2233/2233 2232/2232/2232 
f 2232/2232/2232 2233/2233/2233 2234/2234/2234 
f 2233/2233/2233 2235/2235/2235 2234/2234/2234 
f 2234/2234/2234 2235/2235/2235 2234/2234/2234 
f 2235/2235/2235 2174/2174/2174 2234/2234/2234 
f 2234/2234/2234 2174/2174/2174 2232/2232/2232 
f 2174/2174/2174 2175/2175/2175 2232/2232/2232 
f 2232/2232/2232 2175/2175/2175 2230/2230/2230 
f 2175/2175/2175 2177/2177/2177 2230/2230/2230 
f 2230/2230/2230 2177/2177/2177 2228/2228/2228 
f 2177/2177/2177 2179/2179/2179 2228/2228/2228 
f 2228/2228/2228 2179/2179/2179 2224/2224/2224 
f 2179/2179/2179 2181/2181/2181 2224/2224/2224 
f 2224/2224/2224 2181/2181/2181 2181/2181/2181 
f 2181/2181/2181 2222/2222/2222 2181/2181/2181 
f 2181/2181/2181 2222/2222/2222 2222/2222/2222 
f 2222/2222/2222 2225/2225/2225 2222/2222/2222 
f 2222/2222/2222 2225/2225/2225 2223/2223/2223 
f 2225/2225/2225 2223/2223/2223 2223/2223/2223 
f 2223/2223/2223 2223/2223/2223 2233/2233/2233 
f 2223/2223/2223 2233/2233/2233 2233/2233/2233 
f 2233/2233/2233 2233/2233/2233 2235/2235/2235 
f 2233/2233/2233 2236/2236/2236 2235/2235/2235 
f 2235/2235/2235 2236/2236/2236 2237/2237/2237 
f 2236/2236/2236 2238/2238/2238 2237/2237/2237 
f 2237/2237/2237 2238/2238/2238 2239/2239/2239 
f 2238/2238/2238 2240/2240/2240 2239/2239/2239 
f 2239/2239/2239 2240/2240/2240 2241/2241/2241 
f 2240/2240/2240 2242/2242/2242 2241/2241/2241 
f 2241/2241/2241 2242/2242/2242 2241/2241/2241 
f 2242/2242/2242 2243/2243/2243 2241/2241/2241 
f 2241/2241/2241 2243/2243/2243 2244/2244/2244 
f 2243/2243/2243 2245/2245/2245 2244/2244/2244 
f 2244/2244/2244 2245/2245/2245 2246/2246/2246 
f 2245/2245/2245 2245/2245/2245 2246/2246/2246 
f 2246/2246/2246 2245/2245/2245 2247/2247/2247 
f 2245/2245/2245 2248/2248/2248 2247/2247/2247 
f 2247/2247/2247 2248/2248/2248 2249/2249/2249 
f 2248/2248/2248 2250/2250/2250 2249/2249/2249 
f 2249/2249/2249 2250/2250/2250 2249/2249/2249 
f 2250/2250/2250 2143/2143/2143 2249/2249/2249 
f 2249/2249/2249 2143/2143/2143 2249/2249/2249 
f 2143/2143/2143 2144/2144/2144 2249/2249/2249 
f 2249/2249/2249 2144/2144/2144 2249/2249/2249 
f 2144/2144/2144 2155/2155/2155 2249/2249/2249 
f 2249/2249/2249 2155/2155/2155 2249/2249/2249 
f 2155/2155/2155 2157/2157/2157 2249/2249/2249 
f 2249/2249/2249 2157/2157/2157 2247/2247/2247 
f 2157/2157/2157 2159/2159/2159 2247/2247/2247 
f 2247/2247/2247 2159/2159/2159 2247/2247/2247 
f 2159/2159/2159 2162/2162/2162 2247/2247/2247 
f 2247/2247/2247 2162/2162/2162 2246/2246/2246 
f 2162/2162/2162 2164/2164/2164 2246/2246/2246 
f 2246/2246/2246 2164/2164/2164 2244/2244/2244 
f 2164/2164/2164 2166/2166/2166 2244/2244/2244 
f 2244/2244/2244 2166/2166/2166 2241/2241/2241 
f 2166/2166/2166 2168/2168/2168 2241/2241/2241 
f 2241/2241/2241 2168/2168/2168 2239/2239/2239 
f 2168/2168/2168 2170/2170/2170 2239/2239/2239 
f 2239/2239/2239 2170/2170/2170 2237/2237/2237 
f 2170/2170/2170 2172/2172/2172 2237/2237/2237 
f 2237/2237/2237 2172/2172/2172 2235/2235/2235 
f 2172/2172/2172 2174/2174/2174 2235/2235/2235 
f 2235/2235/2235 2174/2174/2174 2174/2174/2174 
f 2174/2174/2174 2150/2150/2150 2174/2174/2174 
f 2174/2174/2174 2150/2150/2150 2150/2150/2150 
f 2150/2150/2150 2149/2149/2149 2150/2150/2150 
f 2150/2150/2150 2149/2149/2149 2251/2251/2251 
f 2149/2149/2149 2252/2252/2252 2251/2251/2251 
f 2251/2251/2251 2252/2252/2252 2253/2253/2253 
f 2252/2252/2252 2252/2252/2252 2253/2253/2253 
f 2253/2253/2253 2252/2252/2252 2254/2254/2254 
f 2252/2252/2252 2255/2255/2255 2254/2254/2254 
f 2254/2254/2254 2255/2255/2255 2256/2256/2256 
f 2255/2255/2255 2257/2257/2257 2256/2256/2256 
f 2256/2256/2256 2257/2257/2257 2258/2258/2258 
f 2257/2257/2257 2259/2259/2259 2258/2258/2258 
f 2258/2258/2258 2259/2259/2259 2258/2258/2258 
f 2259/2259/2259 2260/2260/2260 2258/2258/2258 
f 2258/2258/2258 2260/2260/2260 2258/2258/2258 
f 2260/2260/2260 2261/2261/2261 2258/2258/2258 
f 2258/2258/2258 2261/2261/2261 2258/2258/2258 
f 2261/2261/2261 2262/2262/2262 2258/2258/2258 
f 2258/2258/2258 2262/2262/2262 2254/2254/2254 
f 2262/2262/2262 2262/2262/2262 2254/2254/2254 
f 2254/2254/2254 2262/2262/2262 2253/2253/2253 
f 2262/2262/2262 2262/2262/2262 2253/2253/2253 
f 2253/2253/2253 2262/2262/2262 2263/2263/2263 
f 2262/2262/2262 2262/2262/2262 2263/2263/2263 
f 2263/2263/2263 2262/2262/2262 2264/2264/2264 
f 2262/2262/2262 2261/2261/2261 2264/2264/2264 
f 2264/2264/2264 2261/2261/2261 2261/2261/2261 
f 2261/2261/2261 2257/2257/2257 2261/2261/2261 
f 2261/2261/2261 2257/2257/2257 2257/2257/2257 
f 2257/2257/2257 2255/2255/2255 2257/2257/2257 
f 2257/2257/2257 2255/2255/2255 2265/2265/2265 
f 2255/2255/2255 2255/2255/2255 2265/2265/2265 
f 2265/2265/2265 2255/2255/2255 2126/2126/2126 
f 2255/2255/2255 2255/2255/2255 2126/2126/2126 
f 2126/2126/2126 2255/2255/2255 2128/2128/2128 
f 2255/2255/2255 2252/2252/2252 2128/2128/2128 
f 2128/2128/2128 2252/2252/2252 2149/2149/2149 
f 2252/2252/2252 2149/2149/2149 2149/2149/2149 
f 2149/2149/2149 2149/2149/2149 2258/2258/2258 
f 2149/2149/2149 2258/2258/2258 2258/2258/2258 
f 2258/2258/2258 2258/2258/2258 2256/2256/2256 
f 2258/2258/2258 2254/2254/2254 2256/2256/2256 
f 2256/2256/2256 2254/2254/2254 2254/2254/2254 
f 2254/2254/2254 2263/2263/2263 2254/2254/2254 
f 2254/2254/2254 2263/2263/2263 2263/2263/2263 
f 2263/2263/2263 2264/2264/2264 2263/2263/2263 
f 2263/2263/2263 2264/2264/2264 2266/2266/2266 
f 2264/2264/2264 2266/2266/2266 2266/2266/2266 
f 2266/2266/2266 2266/2266/2266 2267/2267/2267 
f 2266/2266/2266 2267/2267/2267 2267/2267/2267 
f 2267/2267/2267 2267/2267/2267 2268/2268/2268 
f 2267/2267/2267 2269/2269/2269 2268/2268/2268 
f 2268/2268/2268 2269/2269/2269 2268/2268/2268 
f 2269/2269/2269 2270/2270/2270 2268/2268/2268 
f 2268/2268/2268 2270/2270/2270 2271/2271/2271 
f 2270/2270/2270 2272/2272/2272 2271/2271/2271 
f 2271/2271/2271 2272/2272/2272 2272/2272/2272 
f 2272/2272/2272 2273/2273/2273 2272/2272/2272 
f 2272/2272/2272 2273/2273/2273 2273/2273/2273 
f 2273/2273/2273 2274/2274/2274 2273/2273/2273 
f 2273/2273/2273 2274/2274/2274 2275/2275/2275 
f 2274/2274/2274 2274/2274/2274 2275/2275/2275 
f 2275/2275/2275 2274/2274/2274 2276/2276/2276 
f 2274/2274/2274 2277/2277/2277 2276/2276/2276 
f 2276/2276/2276 2277/2277/2277 2278/2278/2278 
f 2277/2277/2277 2279/2279/2279 2278/2278/2278 
f 2278/2278/2278 2279/2279/2279 2280/2280/2280 
f 2279/2279/2279 2280/2280/2280 2280/2280/2280 
f 2280/2280/2280 2280/2280/2280 2273/2273/2273 
f 2280/2280/2280 2273/2273/2273 2273/2273/2273 
f 2273/2273/2273 2273/2273/2273 2281/2281/2281 
f 2273/2273/2273 2275/2275/2275 2281/2281/2281 
f 2281/2281/2281 2275/2275/2275 2281/2281/2281 
f 2275/2275/2275 2282/2282/2282 2281/2281/2281 
f 2281/2281/2281 2282/2282/2282 2281/2281/2281 
f 2282/2282/2282 2283/2283/2283 2281/2281/2281 
f 2281/2281/2281 2283/2283/2283 2284/2284/2284 
f 2283/2283/2283 2285/2285/2285 2284/2284/2284 
f 2284/2284/2284 2285/2285/2285 2286/2286/2286 
f 2285/2285/2285 2285/2285/2285 2286/2286/2286 
f 2286/2286/2286 2285/2285/2285 2287/2287/2287 
f 2285/2285/2285 2288/2288/2288 2287/2287/2287 
f 2287/2287/2287 2288/2288/2288 2287/2287/2287 
f 2288/2288/2288 2289/2289/2289 2287/2287/2287 
f 2287/2287/2287 2289/2289/2289 2290/2290/2290 
f 2289/2289/2289 2289/2289/2289 2290/2290/2290 
f 2290/2290/2290 2289/2289/2289 2291/2291/2291 
f 2289/2289/2289 2292/2292/2292 2291/2291/2291 
f 2291/2291/2291 2292/2292/2292 2291/2291/2291 
f 2292/2292/2292 2293/2293/2293 2291/2291/2291 
f 2291/2291/2291 2293/2293/2293 2294/2294/2294 
f 2293/2293/2293 2293/2293/2293 2294/2294/2294 
f 2294/2294/2294 2293/2293/2293 2295/2295/2295 
f 2293/2293/2293 2296/2296/2296 2295/2295/2295 
f 2295/2295/2295 2296/2296/2296 2295/2295/2295 
f 2296/2296/2296 2297/2297/2297 2295/2295/2295 
f 2295/2295/2295 2297/2297/2297 2298/2298/2298 
f 2297/2297/2297 2297/2297/2297 2298/2298/2298 
f 2298/2298/2298 2297/2297/2297 2299/2299/2299 
f 2297/2297/2297 2300/2300/2300 2299/2299/2299 
f 2299/2299/2299 2300/2300/2300 2299/2299/2299 
f 2300/2300/2300 2301/2301/2301 2299/2299/2299 
f 2299/2299/2299 2301/2301/2301 2302/2302/2302 
f 2301/2301/2301 2301/2301/2301 2302/2302/2302 
f 2302/2302/2302 2301/2301/2301 2303/2303/2303 
f 2301/2301/2301 2304/2304/2304 2303/2303/2303 
f 2303/2303/2303 2304/2304/2304 2305/2305/2305 
f 2304/2304/2304 2306/2306/2306 2305/2305/2305 
f 2305/2305/2305 2306/2306/2306 2305/2305/2305 
f 2306/2306/2306 2307/2307/2307 2305/2305/2305 
f 2305/2305/2305 2307/2307/2307 2308/2308/2308 
f 2307/2307/2307 2309/2309/2309 2308/2308/2308 
f 2308/2308/2308 2309/2309/2309 2310/2310/2310 
f 2309/2309/2309 2309/2309/2309 2310/2310/2310 
f 2310/2310/2310 2309/2309/2309 2311/2311/2311 
f 2309/2309/2309 2312/2312/2312 2311/2311/2311 
f 2311/2311/2311 2312/2312/2312 2311/2311/2311 
f 2312/2312/2312 2313/2313/2313 2311/2311/2311 
f 2311/2311/2311 2313/2313/2313 2314/2314/2314 
f 2313/2313/2313 2313/2313/2313 2314/2314/2314 
f 2314/2314/2314 2313/2313/2313 2315/2315/2315 
f 2313/2313/2313 2316/2316/2316 2315/2315/2315 
f 2315/2315/2315 2316/2316/2316 2315/2315/2315 
f 2316/2316/2316 2317/2317/2317 2315/2315/2315 
f 2315/2315/2315 2317/2317/2317 2318/2318/2318 
f 2317/2317/2317 2317/2317/2317 2318/2318/2318 
f 2318/2318/2318 2317/2317/2317 2319/2319/2319 
f 2317/2317/2317 2320/2320/2320 2319/2319/2319 
f 2319/2319/2319 2320/2320/2320 2319/2319/2319 
f 2320/2320/2320 2321/2321/2321 2319/2319/2319 
f 2319/2319/2319 2321/2321/2321 2322/2322/2322 
f 2321/2321/2321 2321/2321/2321 2322/2322/2322 
f 2322/2322/2322 2321/2321/2321 2323/2323/2323 
f 2321/2321/2321 2324/2324/2324 2323/2323/2323 
f 2323/2323/2323 2324/2324/2324 2323/2323/2323 
f 2324/2324/2324 2325/2325/2325 2323/2323/2323 
f 2323/2323/2323 2325/2325/2325 2326/2326/2326 
f 2325/2325/2325 2325/2325/2325 2326/2326/2326 
f 2326/2326/2326 2325/2325/2325 2327/2327/2327 
f 2325/2325/2325 2328/2328/2328 2327/2327/2327 
f 2327/2327/2327 2328/2328/2328 2329/2329/2329 
f 2328/2328/2328 2330/2330/2330 2329/2329/2329 
f 2329/2329/2329 2330/2330/2330 2329/2329/2329 
f 2330/2330/2330 2331/2331/2331 2329/2329/2329 
f 2329/2329/2329 2331/2331/2331 2332/2332/2332 
f 2331/2331/2331 2331/2331/2331 2332/2332/2332 
f 2332/2332/2332 2331/2331/2331 2333/2333/2333 
f 2331/2331/2331 2334/2334/2334 2333/2333/2333 
f 2333/2333/2333 2334/2334/2334 2335/2335/2335 
f 2334/2334/2334 2336/2336/2336 2335/2335/2335 
f 2335/2335/2335 2336/2336/2336 2335/2335/2335 
f 2336/2336/2336 2280/2280/2280 2335/2335/2335 
f 2335/2335/2335 2280/2280/2280 2279/2279/2279 
f 2280/2280/2280 2279/2279/2279 2279/2279/2279 
f 2279/2279/2279 2279/2279/2279 2337/2337/2337 
f 2279/2279/2279 2337/2337/2337 2337/2337/2337 
f 2337/2337/2337 2337/2337/2337 2338/2338/2338 
f 2337/2337/2337 2339/2339/2339 2338/2338/2338 
f 2338/2338/2338 2339/2339/2339 2338/2338/2338 
f 2339/2339/2339 2340/2340/2340 2338/2338/2338 
f 2338/2338/2338 2340/2340/2340 2338/2338/2338 
f 2340/2340/2340 2341/2341/2341 2338/2338/2338 
f 2338/2338/2338 2341/2341/2341 2342/2342/2342 
f 2341/2341/2341 2343/2343/2343 2342/2342/2342 
f 2342/2342/2342 2343/2343/2343 2342/2342/2342 
f 2343/2343/2343 2344/2344/2344 2342/2342/2342 
f 2342/2342/2342 2344/2344/2344 2345/2345/2345 
f 2344/2344/2344 2346/2346/2346 2345/2345/2345 
f 2345/2345/2345 2346/2346/2346 2345/2345/2345 
f 2346/2346/2346 2347/2347/2347 2345/2345/2345 
f 2345/2345/2345 2347/2347/2347 2348/2348/2348 
f 2347/2347/2347 2348/2348/2348 2348/2348/2348 
f 2348/2348/2348 2348/2348/2348 2349/2349/2349 
f 2348/2348/2348 2349/2349/2349 2349/2349/2349 
f 2349/2349/2349 2349/2349/2349 2350/2350/2350 
f 2349/2349/2349 2338/2338/2338 2350/2350/2350 
f 2350/2350/2350 2338/2338/2338 2350/2350/2350 
f 2338/2338/2338 2342/2342/2342 2350/2350/2350 
f 2350/2350/2350 2342/2342/2342 2351/2351/2351 
f 2342/2342/2342 2351/2351/2351 2351/2351/2351 
f 2351/2351/2351 2351/2351/2351 2352/2352/2352 
f 2351/2351/2351 2352/2352/2352 2352/2352/2352 
f 2352/2352/2352 2352/2352/2352 2345/2345/2345 
f 2352/2352/2352 2353/2353/2353 2345/2345/2345 
f 2345/2345/2345 2353/2353/2353 2342/2342/2342 
f 2353/2353/2353 2354/2354/2354 2342/2342/2342 
f 2342/2342/2342 2354/2354/2354 2354/2354/2354 
f 2354/2354/2354 2355/2355/2355 2354/2354/2354 
f 2354/2354/2354 2355/2355/2355 2355/2355/2355 
f 2355/2355/2355 2344/2344/2344 2355/2355/2355 
f 2355/2355/2355 2344/2344/2344 2356/2356/2356 
f 2344/2344/2344 2343/2343/2343 2356/2356/2356 
f 2356/2356/2356 2343/2343/2343 2357/2357/2357 
f 2343/2343/2343 2343/2343/2343 2357/2357/2357 
f 2357/2357/2357 2343/2343/2343 2358/2358/2358 
f 2343/2343/2343 2343/2343/2343 2358/2358/2358 
f 2358/2358/2358 2343/2343/2343 2359/2359/2359 
f 2343/2343/2343 2360/2360/2360 2359/2359/2359 
f 2359/2359/2359 2360/2360/2360 2360/2360/2360 
f 2360/2360/2360 2357/2357/2357 2360/2360/2360 
f 2360/2360/2360 2357/2357/2357 2357/2357/2357 
f 2357/2357/2357 2361/2361/2361 2357/2357/2357 
f 2357/2357/2357 2361/2361/2361 2356/2356/2356 
f 2361/2361/2361 2356/2356/2356 2356/2356/2356 
f 2356/2356/2356 2356/2356/2356 2362/2362/2362 
f 2356/2356/2356 2362/2362/2362 2362/2362/2362 
f 2362/2362/2362 2362/2362/2362 2363/2363/2363 
f 2362/2362/2362 2343/2343/2343 2363/2363/2363 
f 2363/2363/2363 2343/2343/2343 2364/2364/2364 
f 2343/2343/2343 2343/2343/2343 2364/2364/2364 
f 2364/2364/2364 2343/2343/2343 2365/2365/2365 
f 2343/2343/2343 2366/2366/2366 2365/2365/2365 
f 2365/2365/2365 2366/2366/2366 2367/2367/2367 
f 2366/2366/2366 2367/2367/2367 2367/2367/2367 
f 2367/2367/2367 2367/2367/2367 2343/2343/2343 
f 2367/2367/2367 2343/2343/2343 2343/2343/2343 
f 2343/2343/2343 2343/2343/2343 2366/2366/2366 
f 2343/2343/2343 2341/2341/2341 2366/2366/2366 
f 2366/2366/2366 2341/2341/2341 2368/2368/2368 
f 2341/2341/2341 2368/2368/2368 2368/2368/2368 
f 2368/2368/2368 2368/2368/2368 2369/2369/2369 
f 2368/2368/2368 2369/2369/2369 2369/2369/2369 
f 2369/2369/2369 2369/2369/2369 2370/2370/2370 
f 2369/2369/2369 2371/2371/2371 2370/2370/2370 
f 2370/2370/2370 2371/2371/2371 2372/2372/2372 
f 2371/2371/2371 2372/2372/2372 2372/2372/2372 
f 2372/2372/2372 2372/2372/2372 2373/2373/2373 
f 2372/2372/2372 2373/2373/2373 2373/2373/2373 
f 2373/2373/2373 2373/2373/2373 2374/2374/2374 
f 2373/2373/2373 2375/2375/2375 2374/2374/2374 
f 2374/2374/2374 2375/2375/2375 2376/2376/2376 
f 2375/2375/2375 2376/2376/2376 2376/2376/2376 
f 2376/2376/2376 2376/2376/2376 2377/2377/2377 
f 2376/2376/2376 2377/2377/2377 2377/2377/2377 
f 2377/2377/2377 2377/2377/2377 2378/2378/2378 
f 2377/2377/2377 2379/2379/2379 2378/2378/2378 
f 2378/2378/2378 2379/2379/2379 2380/2380/2380 
f 2379/2379/2379 2380/2380/2380 2380/2380/2380 
f 2380/2380/2380 2380/2380/2380 2381/2381/2381 
f 2380/2380/2380 2381/2381/2381 2381/2381/2381 
f 2381/2381/2381 2381/2381/2381 2382/2382/2382 
f 2381/2381/2381 2383/2383/2383 2382/2382/2382 
f 2382/2382/2382 2383/2383/2383 2384/2384/2384 
f 2383/2383/2383 2384/2384/2384 2384/2384/2384 
f 2384/2384/2384 2384/2384/2384 2385/2385/2385 
f 2384/2384/2384 2385/2385/2385 2385/2385/2385 
f 2385/2385/2385 2385/2385/2385 2386/2386/2386 
f 2385/2385/2385 2387/2387/2387 2386/2386/2386 
f 2386/2386/2386 2387/2387/2387 2388/2388/2388 
f 2387/2387/2387 2388/2388/2388 2388/2388/2388 
f 2388/2388/2388 2388/2388/2388 2389/2389/2389 
f 2388/2388/2388 2389/2389/2389 2389/2389/2389 
f 2389/2389/2389 2389/2389/2389 2390/2390/2390 
f 2389/2389/2389 2391/2391/2391 2390/2390/2390 
f 2390/2390/2390 2391/2391/2391 2392/2392/2392 
f 2391/2391/2391 2392/2392/2392 2392/2392/2392 
f 2392/2392/2392 2392/2392/2392 2393/2393/2393 
f 2392/2392/2392 2393/2393/2393 2393/2393/2393 
f 2393/2393/2393 2393/2393/2393 2394/2394/2394 
f 2393/2393/2393 2395/2395/2395 2394/2394/2394 
f 2394/2394/2394 2395/2395/2395 2396/2396/2396 
f 2395/2395/2395 2397/2397/2397 2396/2396/2396 
f 2396/2396/2396 2397/2397/2397 2398/2398/2398 
f 2397/2397/2397 2398/2398/2398 2398/2398/2398 
f 2398/2398/2398 2398/2398/2398 2399/2399/2399 
f 2398/2398/2398 2399/2399/2399 2399/2399/2399 
f 2399/2399/2399 2399/2399/2399 2400/2400/2400 
f 2399/2399/2399 2401/2401/2401 2400/2400/2400 
f 2400/2400/2400 2401/2401/2401 2400/2400/2400 
f 2401/2401/2401 2402/2402/2402 2400/2400/2400 
f 2400/2400/2400 2402/2402/2402 2400/2400/2400 
f 2402/2402/2402 2403/2403/2403 2400/2400/2400 
f 2400/2400/2400 2403/2403/2403 2404/2404/2404 
f 2403/2403/2403 2403/2403/2403 2404/2404/2404 
f 2404/2404/2404 2403/2403/2403 2405/2405/2405 
f 2403/2403/2403 2406/2406/2406 2405/2405/2405 
f 2405/2405/2405 2406/2406/2406 2405/2405/2405 
f 2406/2406/2406 2407/2407/2407 2405/2405/2405 
f 2405/2405/2405 2407/2407/2407 2408/2408/2408 
f 2407/2407/2407 2407/2407/2407 2408/2408/2408 
f 2408/2408/2408 2407/2407/2407 2409/2409/2409 
f 2407/2407/2407 2410/2410/2410 2409/2409/2409 
f 2409/2409/2409 2410/2410/2410 2410/2410/2410 
f 2410/2410/2410 2411/2411/2411 2410/2410/2410 
f 2410/2410/2410 2411/2411/2411 2411/2411/2411 
f 2411/2411/2411 2412/2412/2412 2411/2411/2411 
f 2411/2411/2411 2412/2412/2412 2413/2413/2413 
f 2412/2412/2412 2414/2414/2414 2413/2413/2413 
f 2413/2413/2413 2414/2414/2414 2415/2415/2415 
f 2414/2414/2414 2416/2416/2416 2415/2415/2415 
f 2415/2415/2415 2416/2416/2416 2416/2416/2416 
f 2416/2416/2416 2417/2417/2417 2416/2416/2416 
f 2416/2416/2416 2417/2417/2417 2417/2417/2417 
f 2417/2417/2417 2418/2418/2418 2417/2417/2417 
f 2417/2417/2417 2418/2418/2418 2419/2419/2419 
f 2418/2418/2418 2418/2418/2418 2419/2419/2419 
f 2419/2419/2419 2418/2418/2418 2420/2420/2420 
f 2418/2418/2418 2418/2418/2418 2420/2420/2420 
f 2420/2420/2420 2418/2418/2418 2421/2421/2421 
f 2418/2418/2418 2418/2418/2418 2421/2421/2421 
f 2421/2421/2421 2418/2418/2418 2422/2422/2422 
f 2418/2418/2418 2423/2423/2423 2422/2422/2422 
f 2422/2422/2422 2423/2423/2423 2423/2423/2423 
f 2423/2423/2423 2424/2424/2424 2423/2423/2423 
f 2423/2423/2423 2424/2424/2424 2424/2424/2424 
f 2424/2424/2424 2425/2425/2425 2424/2424/2424 
f 2424/2424/2424 2425/2425/2425 2426/2426/2426 
f 2425/2425/2425 2427/2427/2427 2426/2426/2426 
f 2426/2426/2426 2427/2427/2427 2427/2427/2427 
f 2427/2427/2427 2428/2428/2428 2427/2427/2427 
f 2427/2427/2427 2428/2428/2428 2428/2428/2428 
f 2428/2428/2428 2429/2429/2429 2428/2428/2428 
f 2428/2428/2428 2429/2429/2429 2430/2430/2430 
f 2429/2429/2429 2431/2431/2431 2430/2430/2430 
f 2430/2430/2430 2431/2431/2431 2430/2430/2430 
f 2431/2431/2431 2432/2432/2432 2430/2430/2430 
f 2430/2430/2430 2432/2432/2432 2433/2433/2433 
f 2432/2432/2432 2434/2434/2434 2433/2433/2433 
f 2433/2433/2433 2434/2434/2434 2434/2434/2434 
f 2434/2434/2434 2435/2435/2435 2434/2434/2434 
f 2434/2434/2434 2435/2435/2435 2435/2435/2435 
f 2435/2435/2435 2436/2436/2436 2435/2435/2435 
f 2435/2435/2435 2436/2436/2436 2437/2437/2437 
f 2436/2436/2436 2438/2438/2438 2437/2437/2437 
f 2437/2437/2437 2438/2438/2438 2439/2439/2439 
f 2438/2438/2438 2440/2440/2440 2439/2439/2439 
f 2439/2439/2439 2440/2440/2440 2440/2440/2440 
f 2440/2440/2440 2441/2441/2441 2440/2440/2440 
f 2440/2440/2440 2441/2441/2441 2441/2441/2441 
f 2441/2441/2441 2442/2442/2442 2441/2441/2441 
f 2441/2441/2441 2442/2442/2442 2443/2443/2443 
f 2442/2442/2442 2444/2444/2444 2443/2443/2443 
f 2443/2443/2443 2444/2444/2444 2444/2444/2444 
f 2444/2444/2444 2445/2445/2445 2444/2444/2444 
f 2444/2444/2444 2445/2445/2445 2445/2445/2445 
f 2445/2445/2445 2446/2446/2446 2445/2445/2445 
f 2445/2445/2445 2446/2446/2446 2447/2447/2447 
f 2446/2446/2446 2448/2448/2448 2447/2447/2447 
f 2447/2447/2447 2448/2448/2448 2448/2448/2448 
f 2448/2448/2448 2449/2449/2449 2448/2448/2448 
f 2448/2448/2448 2449/2449/2449 2449/2449/2449 
f 2449/2449/2449 2450/2450/2450 2449/2449/2449 
f 2449/2449/2449 2450/2450/2450 2451/2451/2451 
f 2450/2450/2450 2452/2452/2452 2451/2451/2451 
f 2451/2451/2451 2452/2452/2452 2452/2452/2452 
f 2452/2452/2452 2453/2453/2453 2452/2452/2452 
f 2452/2452/2452 2453/2453/2453 2453/2453/2453 
f 2453/2453/2453 2454/2454/2454 2453/2453/2453 
f 2453/2453/2453 2454/2454/2454 2455/2455/2455 
f 2454/2454/2454 2456/2456/2456 2455/2455/2455 
f 2455/2455/2455 2456/2456/2456 2456/2456/2456 
f 2456/2456/2456 2457/2457/2457 2456/2456/2456 
f 2456/2456/2456 2457/2457/2457 2457/2457/2457 
f 2457/2457/2457 2458/2458/2458 2457/2457/2457 
f 2457/2457/2457 2458/2458/2458 2459/2459/2459 
f 2458/2458/2458 2458/2458/2458 2459/2459/2459 
f 2459/2459/2459 2458/2458/2458 2460/2460/2460 
f 2458/2458/2458 2461/2461/2461 2460/2460/2460 
f 2460/2460/2460 2461/2461/2461 2462/2462/2462 
f 2461/2461/2461 2461/2461/2461 2462/2462/2462 
f 2462/2462/2462 2461/2461/2461 2463/2463/2463 
f 2461/2461/2461 2461/2461/2461 2463/2463/2463 
f 2463/2463/2463 2461/2461/2461 2464/2464/2464 
f 2461/2461/2461 2461/2461/2461 2464/2464/2464 
f 2464/2464/2464 2461/2461/2461 2465/2465/2465 
f 2461/2461/2461 2458/2458/2458 2465/2465/2465 
f 2465/2465/2465 2458/2458/2458 2466/2466/2466 
f 2458/2458/2458 2467/2467/2467 2466/2466/2466 
f 2466/2466/2466 2467/2467/2467 2468/2468/2468 
f 2467/2467/2467 2468/2468/2468 2468/2468/2468 
f 2468/2468/2468 2468/2468/2468 2458/2458/2458 
f 2468/2468/2468 2458/2458/2458 2458/2458/2458 
f 2458/2458/2458 2458/2458/2458 2467/2467/2467 
f 2458/2458/2458 2469/2469/2469 2467/2467/2467 
f 2467/2467/2467 2469/2469/2469 2469/2469/2469 
f 2469/2469/2469 2470/2470/2470 2469/2469/2469 
f 2469/2469/2469 2470/2470/2470 2470/2470/2470 
f 2470/2470/2470 2471/2471/2471 2470/2470/2470 
f 2470/2470/2470 2471/2471/2471 2472/2472/2472 
f 2471/2471/2471 2471/2471/2471 2472/2472/2472 
f 2472/2472/2472 2471/2471/2471 2473/2473/2473 
f 2471/2471/2471 2471/2471/2471 2473/2473/2473 
f 2473/2473/2473 2471/2471/2471 2474/2474/2474 
f 2471/2471/2471 2475/2475/2475 2474/2474/2474 
f 2474/2474/2474 2475/2475/2475 2476/2476/2476 
f 2475/2475/2475 2477/2477/2477 2476/2476/2476 
f 2476/2476/2476 2477/2477/2477 2476/2476/2476 
f 2477/2477/2477 2478/2478/2478 2476/2476/2476 
f 2476/2476/2476 2478/2478/2478 2479/2479/2479 
f 2478/2478/2478 2479/2479/2479 2479/2479/2479 
f 2479/2479/2479 2479/2479/2479 2480/2480/2480 
f 2479/2479/2479 2480/2480/2480 2480/2480/2480 
f 2480/2480/2480 2480/2480/2480 2481/2481/2481 
f 2480/2480/2480 2482/2482/2482 2481/2481/2481 
f 2481/2481/2481 2482/2482/2482 2481/2481/2481 
f 2482/2482/2482 2483/2483/2483 2481/2481/2481 
f 2481/2481/2481 2483/2483/2483 2481/2481/2481 
f 2483/2483/2483 2484/2484/2484 2481/2481/2481 
f 2481/2481/2481 2484/2484/2484 2485/2485/2485 
f 2484/2484/2484 2485/2485/2485 2485/2485/2485 
f 2485/2485/2485 2485/2485/2485 2486/2486/2486 
f 2485/2485/2485 2486/2486/2486 2486/2486/2486 
f 2486/2486/2486 2486/2486/2486 2487/2487/2487 
f 2486/2486/2486 2488/2488/2488 2487/2487/2487 
f 2487/2487/2487 2488/2488/2488 2487/2487/2487 
f 2488/2488/2488 2489/2489/2489 2487/2487/2487 
f 2487/2487/2487 2489/2489/2489 2490/2490/2490 
f 2489/2489/2489 2491/2491/2491 2490/2490/2490 
f 2490/2490/2490 2491/2491/2491 2490/2490/2490 
f 2491/2491/2491 2492/2492/2492 2490/2490/2490 
f 2490/2490/2490 2492/2492/2492 2493/2493/2493 
f 2492/2492/2492 2492/2492/2492 2493/2493/2493 
f 2493/2493/2493 2492/2492/2492 2494/2494/2494 
f 2492/2492/2492 2495/2495/2495 2494/2494/2494 
f 2494/2494/2494 2495/2495/2495 2496/2496/2496 
f 2495/2495/2495 2497/2497/2497 2496/2496/2496 
f 2496/2496/2496 2497/2497/2497 2498/2498/2498 
f 2497/2497/2497 2499/2499/2499 2498/2498/2498 
f 2498/2498/2498 2499/2499/2499 2500/2500/2500 
f 2499/2499/2499 2501/2501/2501 2500/2500/2500 
f 2500/2500/2500 2501/2501/2501 2502/2502/2502 
f 2501/2501/2501 2503/2503/2503 2502/2502/2502 
f 2502/2502/2502 2503/2503/2503 2504/2504/2504 
f 2503/2503/2503 2505/2505/2505 2504/2504/2504 
f 2504/2504/2504 2505/2505/2505 2505/2505/2505 
f 2505/2505/2505 2502/2502/2502 2505/2505/2505 
f 2505/2505/2505 2502/2502/2502 2502/2502/2502 
f 2502/2502/2502 2506/2506/2506 2502/2502/2502 
f 2502/2502/2502 2506/2506/2506 2500/2500/2500 
f 2506/2506/2506 2500/2500/2500 2500/2500/2500 
f 2500/2500/2500 2500/2500/2500 2489/2489/2489 
f 2500/2500/2500 2489/2489/2489 2489/2489/2489 
f 2489/2489/2489 2489/2489/2489 2507/2507/2507 
f 2489/2489/2489 2488/2488/2488 2507/2507/2507 
f 2507/2507/2507 2488/2488/2488 2508/2508/2508 
f 2488/2488/2488 2509/2509/2509 2508/2508/2508 
f 2508/2508/2508 2509/2509/2509 2509/2509/2509 
f 2509/2509/2509 2510/2510/2510 2509/2509/2509 
f 2509/2509/2509 2510/2510/2510 2510/2510/2510 
f 2510/2510/2510 2511/2511/2511 2510/2510/2510 
f 2510/2510/2510 2511/2511/2511 2512/2512/2512 
f 2511/2511/2511 2513/2513/2513 2512/2512/2512 
f 2512/2512/2512 2513/2513/2513 2514/2514/2514 
f 2513/2513/2513 2515/2515/2515 2514/2514/2514 
f 2514/2514/2514 2515/2515/2515 2516/2516/2516 
f 2515/2515/2515 2517/2517/2517 2516/2516/2516 
f 2516/2516/2516 2517/2517/2517 2518/2518/2518 
f 2517/2517/2517 2519/2519/2519 2518/2518/2518 
f 2518/2518/2518 2519/2519/2519 2519/2519/2519 
f 2519/2519/2519 2520/2520/2520 2519/2519/2519 
f 2519/2519/2519 2520/2520/2520 2520/2520/2520 
f 2520/2520/2520 2521/2521/2521 2520/2520/2520 
f 2520/2520/2520 2521/2521/2521 2522/2522/2522 
f 2521/2521/2521 2521/2521/2521 2522/2522/2522 
f 2522/2522/2522 2521/2521/2521 2523/2523/2523 
f 2521/2521/2521 2521/2521/2521 2523/2523/2523 
f 2523/2523/2523 2521/2521/2521 2524/2524/2524 
f 2521/2521/2521 2525/2525/2525 2524/2524/2524 
f 2524/2524/2524 2525/2525/2525 2525/2525/2525 
f 2525/2525/2525 2526/2526/2526 2525/2525/2525 
f 2525/2525/2525 2526/2526/2526 2526/2526/2526 
f 2526/2526/2526 2527/2527/2527 2526/2526/2526 
f 2526/2526/2526 2527/2527/2527 2528/2528/2528 
f 2527/2527/2527 2529/2529/2529 2528/2528/2528 
f 2528/2528/2528 2529/2529/2529 2529/2529/2529 
f 2529/2529/2529 2530/2530/2530 2529/2529/2529 
f 2529/2529/2529 2530/2530/2530 2530/2530/2530 
f 2530/2530/2530 2531/2531/2531 2530/2530/2530 
f 2530/2530/2530 2531/2531/2531 2532/2532/2532 
f 2531/2531/2531 2531/2531/2531 2532/2532/2532 
f 2532/2532/2532 2531/2531/2531 2533/2533/2533 
f 2531/2531/2531 2531/2531/2531 2533/2533/2533 
f 2533/2533/2533 2531/2531/2531 2534/2534/2534 
f 2531/2531/2531 2535/2535/2535 2534/2534/2534 
f 2534/2534/2534 2535/2535/2535 2535/2535/2535 
f 2535/2535/2535 2536/2536/2536 2535/2535/2535 
f 2535/2535/2535 2536/2536/2536 2536/2536/2536 
f 2536/2536/2536 2537/2537/2537 2536/2536/2536 
f 2536/2536/2536 2537/2537/2537 2538/2538/2538 
f 2537/2537/2537 2539/2539/2539 2538/2538/2538 
f 2538/2538/2538 2539/2539/2539 2539/2539/2539 
f 2539/2539/2539 2540/2540/2540 2539/2539/2539 
f 2539/2539/2539 2540/2540/2540 2540/2540/2540 
f 2540/2540/2540 2541/2541/2541 2540/2540/2540 
f 2540/2540/2540 2541/2541/2541 2542/2542/2542 
f 2541/2541/2541 2543/2543/2543 2542/2542/2542 
f 2542/2542/2542 2543/2543/2543 2543/2543/2543 
f 2543/2543/2543 2544/2544/2544 2543/2543/2543 
f 2543/2543/2543 2544/2544/2544 2544/2544/2544 
f 2544/2544/2544 2545/2545/2545 2544/2544/2544 
f 2544/2544/2544 2545/2545/2545 2546/2546/2546 
f 2545/2545/2545 2547/2547/2547 2546/2546/2546 
f 2546/2546/2546 2547/2547/2547 2548/2548/2548 
f 2547/2547/2547 2549/2549/2549 2548/2548/2548 
f 2548/2548/2548 2549/2549/2549 2548/2548/2548 
f 2549/2549/2549 2550/2550/2550 2548/2548/2548 
f 2548/2548/2548 2550/2550/2550 2551/2551/2551 
f 2550/2550/2550 2551/2551/2551 2551/2551/2551 
f 2551/2551/2551 2551/2551/2551 2552/2552/2552 
f 2551/2551/2551 2552/2552/2552 2552/2552/2552 
f 2552/2552/2552 2552/2552/2552 2553/2553/2553 
f 2552/2552/2552 2554/2554/2554 2553/2553/2553 
f 2553/2553/2553 2554/2554/2554 2555/2555/2555 
f 2554/2554/2554 2555/2555/2555 2555/2555/2555 
f 2555/2555/2555 2555/2555/2555 2556/2556/2556 
f 2555/2555/2555 2556/2556/2556 2556/2556/2556 
f 2556/2556/2556 2556/2556/2556 2557/2557/2557 
f 2556/2556/2556 2558/2558/2558 2557/2557/2557 
f 2557/2557/2557 2558/2558/2558 2559/2559/2559 
f 2558/2558/2558 2559/2559/2559 2559/2559/2559 
f 2559/2559/2559 2559/2559/2559 2560/2560/2560 
f 2559/2559/2559 2560/2560/2560 2560/2560/2560 
f 2560/2560/2560 2560/2560/2560 2561/2561/2561 
f 2560/2560/2560 2562/2562/2562 2561/2561/2561 
f 2561/2561/2561 2562/2562/2562 2563/2563/2563 
f 2562/2562/2562 2563/2563/2563 2563/2563/2563 
f 2563/2563/2563 2563/2563/2563 2564/2564/2564 
f 2563/2563/2563 2564/2564/2564 2564/2564/2564 
f 2564/2564/2564 2564/2564/2564 2565/2565/2565 
f 2564/2564/2564 2566/2566/2566 2565/2565/2565 
f 2565/2565/2565 2566/2566/2566 2567/2567/2567 
f 2566/2566/2566 2567/2567/2567 2567/2567/2567 
f 2567/2567/2567 2567/2567/2567 2568/2568/2568 
f 2567/2567/2567 2568/2568/2568 2568/2568/2568 
f 2568/2568/2568 2568/2568/2568 2569/2569/2569 
f 2568/2568/2568 2570/2570/2570 2569/2569/2569 
f 2569/2569/2569 2570/2570/2570 2571/2571/2571 
f 2570/2570/2570 2572/2572/2572 2571/2571/2571 
f 2571/2571/2571 2572/2572/2572 2573/2573/2573 
f 2572/2572/2572 2574/2574/2574 2573/2573/2573 
f 2573/2573/2573 2574/2574/2574 2575/2575/2575 
f 2574/2574/2574 2576/2576/2576 2575/2575/2575 
f 2575/2575/2575 2576/2576/2576 2577/2577/2577 
f 2576/2576/2576 2578/2578/2578 2577/2577/2577 
f 2577/2577/2577 2578/2578/2578 2579/2579/2579 
f 2578/2578/2578 2579/2579/2579 2579/2579/2579 
f 2579/2579/2579 2579/2579/2579 2569/2569/2569 
f 2579/2579/2579 2569/2569/2569 2569/2569/2569 
f 2569/2569/2569 2569/2569/2569 2568/2568/2568 
f 2569/2569/2569 2580/2580/2580 2568/2568/2568 
f 2568/2568/2568 2580/2580/2580 2581/2581/2581 
f 2580/2580/2580 2582/2582/2582 2581/2581/2581 
f 2581/2581/2581 2582/2582/2582 2583/2583/2583 
f 2582/2582/2582 2584/2584/2584 2583/2583/2583 
f 2583/2583/2583 2584/2584/2584 2585/2585/2585 
f 2584/2584/2584 2586/2586/2586 2585/2585/2585 
f 2585/2585/2585 2586/2586/2586 2587/2587/2587 
f 2586/2586/2586 2588/2588/2588 2587/2587/2587 
f 2587/2587/2587 2588/2588/2588 2589/2589/2589 
f 2588/2588/2588 2590/2590/2590 2589/2589/2589 
f 2589/2589/2589 2590/2590/2590 2591/2591/2591 
f 2590/2590/2590 2592/2592/2592 2591/2591/2591 
f 2591/2591/2591 2592/2592/2592 2593/2593/2593 
f 2592/2592/2592 2593/2593/2593 2593/2593/2593 
f 2593/2593/2593 2593/2593/2593 2594/2594/2594 
f 2593/2593/2593 2594/2594/2594 2594/2594/2594 
f 2594/2594/2594 2594/2594/2594 2595/2595/2595 
f 2594/2594/2594 2596/2596/2596 2595/2595/2595 
f 2595/2595/2595 2596/2596/2596 2597/2597/2597 
f 2596/2596/2596 2596/2596/2596 2597/2597/2597 
f 2597/2597/2597 2596/2596/2596 2598/2598/2598 
f 2596/2596/2596 2599/2599/2599 2598/2598/2598 
f 2598/2598/2598 2599/2599/2599 2600/2600/2600 
f 2599/2599/2599 2601/2601/2601 2600/2600/2600 
f 2600/2600/2600 2601/2601/2601 2601/2601/2601 
f 2601/2601/2601 2602/2602/2602 2601/2601/2601 
f 2601/2601/2601 2602/2602/2602 2602/2602/2602 
f 2602/2602/2602 2603/2603/2603 2602/2602/2602 
f 2602/2602/2602 2603/2603/2603 2596/2596/2596 
f 2603/2603/2603 2603/2603/2603 2596/2596/2596 
f 2596/2596/2596 2603/2603/2603 2599/2599/2599 
f 2603/2603/2603 2604/2604/2604 2599/2599/2599 
f 2599/2599/2599 2604/2604/2604 2604/2604/2604 
f 2604/2604/2604 2600/2600/2600 2604/2604/2604 
f 2604/2604/2604 2600/2600/2600 2600/2600/2600 
f 2600/2600/2600 2605/2605/2605 2600/2600/2600 
f 2600/2600/2600 2605/2605/2605 2598/2598/2598 
f 2605/2605/2605 2598/2598/2598 2598/2598/2598 
f 2598/2598/2598 2598/2598/2598 2606/2606/2606 
f 2598/2598/2598 2606/2606/2606 2606/2606/2606 
f 2606/2606/2606 2606/2606/2606 2607/2607/2607 
f 2606/2606/2606 2608/2608/2608 2607/2607/2607 
f 2607/2607/2607 2608/2608/2608 2609/2609/2609 
f 2608/2608/2608 2610/2610/2610 2609/2609/2609 
f 2609/2609/2609 2610/2610/2610 2611/2611/2611 
f 2610/2610/2610 2611/2611/2611 2611/2611/2611 
f 2611/2611/2611 2611/2611/2611 2608/2608/2608 
f 2611/2611/2611 2608/2608/2608 2608/2608/2608 
f 2608/2608/2608 2608/2608/2608 2610/2610/2610 
f 2608/2608/2608 2612/2612/2612 2610/2610/2610 
f 2610/2610/2610 2612/2612/2612 2612/2612/2612 
f 2612/2612/2612 2613/2613/2613 2612/2612/2612 
f 2612/2612/2612 2613/2613/2613 2613/2613/2613 
f 2613/2613/2613 2607/2607/2607 2613/2613/2613 
f 2613/2613/2613 2607/2607/2607 2614/2614/2614 
f 2607/2607/2607 2609/2609/2609 2614/2614/2614 
f 2614/2614/2614 2609/2609/2609 2615/2615/2615 
f 2609/2609/2609 2616/2616/2616 2615/2615/2615 
f 2615/2615/2615 2616/2616/2616 2616/2616/2616 
f 2616/2616/2616 2615/2615/2615 2616/2616/2616 
f 2616/2616/2616 2615/2615/2615 2615/2615/2615 
f 2615/2615/2615 2617/2617/2617 2615/2615/2615 
f 2615/2615/2615 2617/2617/2617 2614/2614/2614 
f 2617/2617/2617 2614/2614/2614 2614/2614/2614 
f 2614/2614/2614 2614/2614/2614 2618/2618/2618 
f 2614/2614/2614 2618/2618/2618 2618/2618/2618 
f 2618/2618/2618 2618/2618/2618 2619/2619/2619 
f 2618/2618/2618 2620/2620/2620 2619/2619/2619 
f 2619/2619/2619 2620/2620/2620 2621/2621/2621 
f 2620/2620/2620 2621/2621/2621 2621/2621/2621 
f 2621/2621/2621 2621/2621/2621 2622/2622/2622 
f 2621/2621/2621 2622/2622/2622 2622/2622/2622 
f 2622/2622/2622 2622/2622/2622 2623/2623/2623 
f 2622/2622/2622 2624/2624/2624 2623/2623/2623 
f 2623/2623/2623 2624/2624/2624 2625/2625/2625 
f 2624/2624/2624 2625/2625/2625 2625/2625/2625 
f 2625/2625/2625 2625/2625/2625 2626/2626/2626 
f 2625/2625/2625 2626/2626/2626 2626/2626/2626 
f 2626/2626/2626 2626/2626/2626 2627/2627/2627 
f 2626/2626/2626 2628/2628/2628 2627/2627/2627 
f 2627/2627/2627 2628/2628/2628 2629/2629/2629 
f 2628/2628/2628 2629/2629/2629 2629/2629/2629 
f 2629/2629/2629 2629/2629/2629 2630/2630/2630 
f 2629/2629/2629 2630/2630/2630 2630/2630/2630 
f 2630/2630/2630 2630/2630/2630 2631/2631/2631 
f 2630/2630/2630 2632/2632/2632 2631/2631/2631 
f 2631/2631/2631 2632/2632/2632 2633/2633/2633 
f 2632/2632/2632 2633/2633/2633 2633/2633/2633 
f 2633/2633/2633 2633/2633/2633 2634/2634/2634 
f 2633/2633/2633 2634/2634/2634 2634/2634/2634 
f 2634/2634/2634 2634/2634/2634 2635/2635/2635 
f 2634/2634/2634 2636/2636/2636 2635/2635/2635 
f 2635/2635/2635 2636/2636/2636 2637/2637/2637 
f 2636/2636/2636 2638/2638/2638 2637/2637/2637 
f 2637/2637/2637 2638/2638/2638 2639/2639/2639 
f 2638/2638/2638 2640/2640/2640 2639/2639/2639 
f 2639/2639/2639 2640/2640/2640 2641/2641/2641 
f 2640/2640/2640 2642/2642/2642 2641/2641/2641 
f 2641/2641/2641 2642/2642/2642 2643/2643/2643 
f 2642/2642/2642 2644/2644/2644 2643/2643/2643 
f 2643/2643/2643 2644/2644/2644 2645/2645/2645 
f 2644/2644/2644 2646/2646/2646 2645/2645/2645 
f 2645/2645/2645 2646/2646/2646 2647/2647/2647 
f 2646/2646/2646 2648/2648/2648 2647/2647/2647 
f 2647/2647/2647 2648/2648/2648 2649/2649/2649 
f 2648/2648/2648 2650/2650/2650 2649/2649/2649 
f 2649/2649/2649 2650/2650/2650 2651/2651/2651 
f 2650/2650/2650 2651/2651/2651 2651/2651/2651 
f 2651/2651/2651 2651/2651/2651 2652/2652/2652 
f 2651/2651/2651 2652/2652/2652 2652/2652/2652 
f 2652/2652/2652 2652/2652/2652 2653/2653/2653 
f 2652/2652/2652 2654/2654/2654 2653/2653/2653 
f 2653/2653/2653 2654/2654/2654 2655/2655/2655 
f 2654/2654/2654 2656/2656/2656 2655/2655/2655 
f 2655/2655/2655 2656/2656/2656 2657/2657/2657 
f 2656/2656/2656 2657/2657/2657 2657/2657/2657 
f 2657/2657/2657 2657/2657/2657 2658/2658/2658 
f 2657/2657/2657 2658/2658/2658 2658/2658/2658 
f 2658/2658/2658 2658/2658/2658 2659/2659/2659 
f 2658/2658/2658 2660/2660/2660 2659/2659/2659 
f 2659/2659/2659 2660/2660/2660 2661/2661/2661 
f 2660/2660/2660 2660/2660/2660 2661/2661/2661 
f 2661/2661/2661 2660/2660/2660 2662/2662/2662 
f 2660/2660/2660 2663/2663/2663 2662/2662/2662 
f 2662/2662/2662 2663/2663/2663 2664/2664/2664 
f 2663/2663/2663 2665/2665/2665 2664/2664/2664 
f 2664/2664/2664 2665/2665/2665 2666/2666/2666 
f 2665/2665/2665 2667/2667/2667 2666/2666/2666 
f 2666/2666/2666 2667/2667/2667 2666/2666/2666 
f 2667/2667/2667 2668/2668/2668 2666/2666/2666 
f 2666/2666/2666 2668/2668/2668 2669/2669/2669 
f 2668/2668/2668 2669/2669/2669 2669/2669/2669 
f 2669/2669/2669 2669/2669/2669 2670/2670/2670 
f 2669/2669/2669 2670/2670/2670 2670/2670/2670 
f 2670/2670/2670 2670/2670/2670 2671/2671/2671 
f 2670/2670/2670 2672/2672/2672 2671/2671/2671 
f 2671/2671/2671 2672/2672/2672 2671/2671/2671 
f 2672/2672/2672 2673/2673/2673 2671/2671/2671 
f 2671/2671/2671 2673/2673/2673 2674/2674/2674 
f 2673/2673/2673 2675/2675/2675 2674/2674/2674 
f 2674/2674/2674 2675/2675/2675 2675/2675/2675 
f 2675/2675/2675 2676/2676/2676 2675/2675/2675 
f 2675/2675/2675 2676/2676/2676 2676/2676/2676 
f 2676/2676/2676 2677/2677/2677 2676/2676/2676 
f 2676/2676/2676 2677/2677/2677 2678/2678/2678 
f 2677/2677/2677 2679/2679/2679 2678/2678/2678 
f 2678/2678/2678 2679/2679/2679 2679/2679/2679 
f 2679/2679/2679 2680/2680/2680 2679/2679/2679 
f 2679/2679/2679 2680/2680/2680 2680/2680/2680 
f 2680/2680/2680 2681/2681/2681 2680/2680/2680 
f 2680/2680/2680 2681/2681/2681 2682/2682/2682 
f 2681/2681/2681 2683/2683/2683 2682/2682/2682 
f 2682/2682/2682 2683/2683/2683 2683/2683/2683 
f 2683/2683/2683 2684/2684/2684 2683/2683/2683 
f 2683/2683/2683 2684/2684/2684 2684/2684/2684 
f 2684/2684/2684 2685/2685/2685 2684/2684/2684 
f 2684/2684/2684 2685/2685/2685 2686/2686/2686 
f 2685/2685/2685 2687/2687/2687 2686/2686/2686 
f 2686/2686/2686 2687/2687/2687 2686/2686/2686 
f 2687/2687/2687 2688/2688/2688 2686/2686/2686 
f 2686/2686/2686 2688/2688/2688 2689/2689/2689 
f 2688/2688/2688 2689/2689/2689 2689/2689/2689 
f 2689/2689/2689 2689/2689/2689 2685/2685/2685 
f 2689/2689/2689 2685/2685/2685 2685/2685/2685 
f 2685/2685/2685 2685/2685/2685 2687/2687/2687 
f 2685/2685/2685 2690/2690/2690 2687/2687/2687 
f 2687/2687/2687 2690/2690/2690 2691/2691/2691 
f 2690/2690/2690 2691/2691/2691 2691/2691/2691 
f 2691/2691/2691 2691/2691/2691 2692/2692/2692 
f 2691/2691/2691 2692/2692/2692 2692/2692/2692 
f 2692/2692/2692 2692/2692/2692 2693/2693/2693 
f 2692/2692/2692 2694/2694/2694 2693/2693/2693 
f 2693/2693/2693 2694/2694/2694 2695/2695/2695 
f 2694/2694/2694 2696/2696/2696 2695/2695/2695 
f 2695/2695/2695 2696/2696/2696 2697/2697/2697 
f 2696/2696/2696 2697/2697/2697 2697/2697/2697 
f 2697/2697/2697 2697/2697/2697 2696/2696/2696 
f 2697/2697/2697 2696/2696/2696 2696/2696/2696 
f 2696/2696/2696 2696/2696/2696 2698/2698/2698 
f 2696/2696/2696 2694/2694/2694 2698/2698/2698 
f 2698/2698/2698 2694/2694/2694 2699/2699/2699 
f 2694/2694/2694 2699/2699/2699 2699/2699/2699 
f 2699/2699/2699 2699/2699/2699 2700/2700/2700 
f 2699/2699/2699 2700/2700/2700 2700/2700/2700 
f 2700/2700/2700 2700/2700/2700 2701/2701/2701 
f 2700/2700/2700 2702/2702/2702 2701/2701/2701 
f 2701/2701/2701 2702/2702/2702 2703/2703/2703 
f 2702/2702/2702 2703/2703/2703 2703/2703/2703 
f 2703/2703/2703 2703/2703/2703 2704/2704/2704 
f 2703/2703/2703 2704/2704/2704 2704/2704/2704 
f 2704/2704/2704 2704/2704/2704 2705/2705/2705 
f 2704/2704/2704 2706/2706/2706 2705/2705/2705 
f 2705/2705/2705 2706/2706/2706 2707/2707/2707 
f 2706/2706/2706 2706/2706/2706 2707/2707/2707 
f 2707/2707/2707 2706/2706/2706 2708/2708/2708 
f 2706/2706/2706 2706/2706/2706 2708/2708/2708 
f 2708/2708/2708 2706/2706/2706 2709/2709/2709 
f 2706/2706/2706 2710/2710/2710 2709/2709/2709 
f 2709/2709/2709 2710/2710/2710 2710/2710/2710 
f 2710/2710/2710 2711/2711/2711 2710/2710/2710 
f 2710/2710/2710 2711/2711/2711 2711/2711/2711 
f 2711/2711/2711 2712/2712/2712 2711/2711/2711 
f 2711/2711/2711 2712/2712/2712 2713/2713/2713 
f 2712/2712/2712 2714/2714/2714 2713/2713/2713 
f 2713/2713/2713 2714/2714/2714 2714/2714/2714 
f 2714/2714/2714 2715/2715/2715 2714/2714/2714 
f 2714/2714/2714 2715/2715/2715 2715/2715/2715 
f 2715/2715/2715 2716/2716/2716 2715/2715/2715 
f 2715/2715/2715 2716/2716/2716 2717/2717/2717 
f 2716/2716/2716 2718/2718/2718 2717/2717/2717 
f 2717/2717/2717 2718/2718/2718 2718/2718/2718 
f 2718/2718/2718 2719/2719/2719 2718/2718/2718 
f 2718/2718/2718 2719/2719/2719 2719/2719/2719 
f 2719/2719/2719 2720/2720/2720 2719/2719/2719 
f 2719/2719/2719 2720/2720/2720 2721/2721/2721 
f 2720/2720/2720 2722/2722/2722 2721/2721/2721 
f 2721/2721/2721 2722/2722/2722 2722/2722/2722 
f 2722/2722/2722 2723/2723/2723 2722/2722/2722 
f 2722/2722/2722 2723/2723/2723 2723/2723/2723 
f 2723/2723/2723 2724/2724/2724 2723/2723/2723 
f 2723/2723/2723 2724/2724/2724 2725/2725/2725 
f 2724/2724/2724 2726/2726/2726 2725/2725/2725 
f 2725/2725/2725 2726/2726/2726 2725/2725/2725 
f 2726/2726/2726 2727/2727/2727 2725/2725/2725 
f 2725/2725/2725 2727/2727/2727 2728/2728/2728 
f 2727/2727/2727 2729/2729/2729 2728/2728/2728 
f 2728/2728/2728 2729/2729/2729 2729/2729/2729 
f 2729/2729/2729 2730/2730/2730 2729/2729/2729 
f 2729/2729/2729 2730/2730/2730 2730/2730/2730 
f 2730/2730/2730 2731/2731/2731 2730/2730/2730 
f 2730/2730/2730 2731/2731/2731 2732/2732/2732 
f 2731/2731/2731 2733/2733/2733 2732/2732/2732 
f 2732/2732/2732 2733/2733/2733 2733/2733/2733 
f 2733/2733/2733 2734/2734/2734 2733/2733/2733 
f 2733/2733/2733 2734/2734/2734 2734/2734/2734 
f 2734/2734/2734 2735/2735/2735 2734/2734/2734 
f 2734/2734/2734 2735/2735/2735 2736/2736/2736 
f 2735/2735/2735 2737/2737/2737 2736/2736/2736 
f 2736/2736/2736 2737/2737/2737 2737/2737/2737 
f 2737/2737/2737 2738/2738/2738 2737/2737/2737 
f 2737/2737/2737 2738/2738/2738 2738/2738/2738 
f 2738/2738/2738 2739/2739/2739 2738/2738/2738 
f 2738/2738/2738 2739/2739/2739 2740/2740/2740 
f 2739/2739/2739 2741/2741/2741 2740/2740/2740 
f 2740/2740/2740 2741/2741/2741 2741/2741/2741 
f 2741/2741/2741 2742/2742/2742 2741/2741/2741 
f 2741/2741/2741 2742/2742/2742 2742/2742/2742 
f 2742/2742/2742 2743/2743/2743 2742/2742/2742 
f 2742/2742/2742 2743/2743/2743 2744/2744/2744 
f 2743/2743/2743 2745/2745/2745 2744/2744/2744 
f 2744/2744/2744 2745/2745/2745 2745/2745/2745 
f 2745/2745/2745 2743/2743/2743 2745/2745/2745 
f 2745/2745/2745 2743/2743/2743 2743/2743/2743 
f 2743/2743/2743 2742/2742/2742 2743/2743/2743 
f 2743/2743/2743 2742/2742/2742 2746/2746/2746 
f 2742/2742/2742 2747/2747/2747 2746/2746/2746 
f 2746/2746/2746 2747/2747/2747 2748/2748/2748 
f 2747/2747/2747 2749/2749/2749 2748/2748/2748 
f 2748/2748/2748 2749/2749/2749 2750/2750/2750 
f 2749/2749/2749 2751/2751/2751 2750/2750/2750 
f 2750/2750/2750 2751/2751/2751 2752/2752/2752 
f 2751/2751/2751 2753/2753/2753 2752/2752/2752 
f 2752/2752/2752 2753/2753/2753 2752/2752/2752 
f 2753/2753/2753 2754/2754/2754 2752/2752/2752 
f 2752/2752/2752 2754/2754/2754 2755/2755/2755 
f 2754/2754/2754 2756/2756/2756 2755/2755/2755 
f 2755/2755/2755 2756/2756/2756 2757/2757/2757 
f 2756/2756/2756 2758/2758/2758 2757/2757/2757 
f 2757/2757/2757 2758/2758/2758 2759/2759/2759 
f 2758/2758/2758 2760/2760/2760 2759/2759/2759 
f 2759/2759/2759 2760/2760/2760 2761/2761/2761 
f 2760/2760/2760 2762/2762/2762 2761/2761/2761 
f 2761/2761/2761 2762/2762/2762 2763/2763/2763 
f 2762/2762/2762 2764/2764/2764 2763/2763/2763 
f 2763/2763/2763 2764/2764/2764 2765/2765/2765 
f 2764/2764/2764 2766/2766/2766 2765/2765/2765 
f 2765/2765/2765 2766/2766/2766 2767/2767/2767 
f 2766/2766/2766 2767/2767/2767 2767/2767/2767 
f 2767/2767/2767 2767/2767/2767 2766/2766/2766 
f 2767/2767/2767 2766/2766/2766 2766/2766/2766 
f 2766/2766/2766 2766/2766/2766 2768/2768/2768 
f 2766/2766/2766 2764/2764/2764 2768/2768/2768 
f 2768/2768/2768 2764/2764/2764 2768/2768/2768 
f 2764/2764/2764 2762/2762/2762 2768/2768/2768 
f 2768/2768/2768 2762/2762/2762 2769/2769/2769 
f 2762/2762/2762 2760/2760/2760 2769/2769/2769 
f 2769/2769/2769 2760/2760/2760 2770/2770/2770 
f 2760/2760/2760 2758/2758/2758 2770/2770/2770 
f 2770/2770/2770 2758/2758/2758 2771/2771/2771 
f 2758/2758/2758 2756/2756/2756 2771/2771/2771 
f 2771/2771/2771 2756/2756/2756 2772/2772/2772 
f 2756/2756/2756 2754/2754/2754 2772/2772/2772 
f 2772/2772/2772 2754/2754/2754 2773/2773/2773 
f 2754/2754/2754 2753/2753/2753 2773/2773/2773 
f 2773/2773/2773 2753/2753/2753 2774/2774/2774 
f 2753/2753/2753 2751/2751/2751 2774/2774/2774 
f 2774/2774/2774 2751/2751/2751 2775/2775/2775 
f 2751/2751/2751 2749/2749/2749 2775/2775/2775 
f 2775/2775/2775 2749/2749/2749 2776/2776/2776 
f 2749/2749/2749 2747/2747/2747 2776/2776/2776 
f 2776/2776/2776 2747/2747/2747 2777/2777/2777 
f 2747/2747/2747 2742/2742/2742 2777/2777/2777 
f 2777/2777/2777 2742/2742/2742 2778/2778/2778 
f 2742/2742/2742 2744/2744/2744 2778/2778/2778 
f 2778/2778/2778 2744/2744/2744 2779/2779/2779 
f 2744/2744/2744 2744/2744/2744 2779/2779/2779 
f 2779/2779/2779 2744/2744/2744 2780/2780/2780 
f 2744/2744/2744 2745/2745/2745 2780/2780/2780 
f 2780/2780/2780 2745/2745/2745 2780/2780/2780 
f 2745/2745/2745 2781/2781/2781 2780/2780/2780 
f 2780/2780/2780 2781/2781/2781 2782/2782/2782 
f 2781/2781/2781 2783/2783/2783 2782/2782/2782 
f 2782/2782/2782 2783/2783/2783 2784/2784/2784 
f 2783/2783/2783 2785/2785/2785 2784/2784/2784 
f 2784/2784/2784 2785/2785/2785 2785/2785/2785 
f 2785/2785/2785 2784/2784/2784 2785/2785/2785 
f 2785/2785/2785 2784/2784/2784 2784/2784/2784 
f 2784/2784/2784 2786/2786/2786 2784/2784/2784 
f 2784/2784/2784 2786/2786/2786 2782/2782/2782 
f 2786/2786/2786 2787/2787/2787 2782/2782/2782 
f 2782/2782/2782 2787/2787/2787 2782/2782/2782 
f 2787/2787/2787 2788/2788/2788 2782/2782/2782 
f 2782/2782/2782 2788/2788/2788 2780/2780/2780 
f 2788/2788/2788 2779/2779/2779 2780/2780/2780 
f 2780/2780/2780 2779/2779/2779 2779/2779/2779 
f 2779/2779/2779 2789/2789/2789 2779/2779/2779 
f 2779/2779/2779 2789/2789/2789 2789/2789/2789 
f 2789/2789/2789 2790/2790/2790 2789/2789/2789 
f 2789/2789/2789 2790/2790/2790 2791/2791/2791 
f 2790/2790/2790 2792/2792/2792 2791/2791/2791 
f 2791/2791/2791 2792/2792/2792 2793/2793/2793 
f 2792/2792/2792 2792/2792/2792 2793/2793/2793 
f 2793/2793/2793 2792/2792/2792 2794/2794/2794 
f 2792/2792/2792 2792/2792/2792 2794/2794/2794 
f 2794/2794/2794 2792/2792/2792 2795/2795/2795 
f 2792/2792/2792 2796/2796/2796 2795/2795/2795 
f 2795/2795/2795 2796/2796/2796 2797/2797/2797 
f 2796/2796/2796 2798/2798/2798 2797/2797/2797 
f 2797/2797/2797 2798/2798/2798 2799/2799/2799 
f 2798/2798/2798 2800/2800/2800 2799/2799/2799 
f 2799/2799/2799 2800/2800/2800 2801/2801/2801 
f 2800/2800/2800 2802/2802/2802 2801/2801/2801 
f 2801/2801/2801 2802/2802/2802 2803/2803/2803 
f 2802/2802/2802 2804/2804/2804 2803/2803/2803 
f 2803/2803/2803 2804/2804/2804 2805/2805/2805 
f 2804/2804/2804 2806/2806/2806 2805/2805/2805 
f 2805/2805/2805 2806/2806/2806 2807/2807/2807 
f 2806/2806/2806 2808/2808/2808 2807/2807/2807 
f 2807/2807/2807 2808/2808/2808 2809/2809/2809 
f 2808/2808/2808 2810/2810/2810 2809/2809/2809 
f 2809/2809/2809 2810/2810/2810 2811/2811/2811 
f 2810/2810/2810 2812/2812/2812 2811/2811/2811 
f 2811/2811/2811 2812/2812/2812 2813/2813/2813 
f 2812/2812/2812 2814/2814/2814 2813/2813/2813 
f 2813/2813/2813 2814/2814/2814 2815/2815/2815 
f 2814/2814/2814 2816/2816/2816 2815/2815/2815 
f 2815/2815/2815 2816/2816/2816 2817/2817/2817 
f 2816/2816/2816 2818/2818/2818 2817/2817/2817 
f 2817/2817/2817 2818/2818/2818 2819/2819/2819 
f 2818/2818/2818 2820/2820/2820 2819/2819/2819 
f 2819/2819/2819 2820/2820/2820 2819/2819/2819 
f 2820/2820/2820 2821/2821/2821 2819/2819/2819 
f 2819/2819/2819 2821/2821/2821 2822/2822/2822 
f 2821/2821/2821 2821/2821/2821 2822/2822/2822 
f 2822/2822/2822 2821/2821/2821 2823/2823/2823 
f 2821/2821/2821 2824/2824/2824 2823/2823/2823 
f 2823/2823/2823 2824/2824/2824 2766/2766/2766 
f 2824/2824/2824 2824/2824/2824 2766/2766/2766 
f 2766/2766/2766 2824/2824/2824 2767/2767/2767 
f 2824/2824/2824 2824/2824/2824 2767/2767/2767 
f 2767/2767/2767 2824/2824/2824 2825/2825/2825 
f 2824/2824/2824 2824/2824/2824 2825/2825/2825 
f 2825/2825/2825 2824/2824/2824 2826/2826/2826 
f 2824/2824/2824 2821/2821/2821 2826/2826/2826 
f 2826/2826/2826 2821/2821/2821 2827/2827/2827 
f 2821/2821/2821 2820/2820/2820 2827/2827/2827 
f 2827/2827/2827 2820/2820/2820 2828/2828/2828 
f 2820/2820/2820 2818/2818/2818 2828/2828/2828 
f 2828/2828/2828 2818/2818/2818 2829/2829/2829 
f 2818/2818/2818 2816/2816/2816 2829/2829/2829 
f 2829/2829/2829 2816/2816/2816 2830/2830/2830 
f 2816/2816/2816 2814/2814/2814 2830/2830/2830 
f 2830/2830/2830 2814/2814/2814 2831/2831/2831 
f 2814/2814/2814 2812/2812/2812 2831/2831/2831 
f 2831/2831/2831 2812/2812/2812 2832/2832/2832 
f 2812/2812/2812 2810/2810/2810 2832/2832/2832 
f 2832/2832/2832 2810/2810/2810 2833/2833/2833 
f 2810/2810/2810 2808/2808/2808 2833/2833/2833 
f 2833/2833/2833 2808/2808/2808 2833/2833/2833 
f 2808/2808/2808 2806/2806/2806 2833/2833/2833 
f 2833/2833/2833 2806/2806/2806 2834/2834/2834 
f 2806/2806/2806 2804/2804/2804 2834/2834/2834 
f 2834/2834/2834 2804/2804/2804 2835/2835/2835 
f 2804/2804/2804 2802/2802/2802 2835/2835/2835 
f 2835/2835/2835 2802/2802/2802 2836/2836/2836 
f 2802/2802/2802 2800/2800/2800 2836/2836/2836 
f 2836/2836/2836 2800/2800/2800 2837/2837/2837 
f 2800/2800/2800 2798/2798/2798 2837/2837/2837 
f 2837/2837/2837 2798/2798/2798 2838/2838/2838 
f 2798/2798/2798 2796/2796/2796 2838/2838/2838 
f 2838/2838/2838 2796/2796/2796 2839/2839/2839 
f 2796/2796/2796 2792/2792/2792 2839/2839/2839 
f 2839/2839/2839 2792/2792/2792 2790/2790/2790 
f 2792/2792/2792 2790/2790/2790 2790/2790/2790 
f 2790/2790/2790 2790/2790/2790 2823/2823/2823 
f 2790/2790/2790 2823/2823/2823 2823/2823/2823 
f 2823/2823/2823 2823/2823/2823 2840/2840/2840 
f 2823/2823/2823 2766/2766/2766 2840/2840/2840 
f 2840/2840/2840 2766/2766/2766 2768/2768/2768 
f 2766/2766/2766 2768/2768/2768 2768/2768/2768 
f 2768/2768/2768 2768/2768/2768 2841/2841/2841 
f 2768/2768/2768 2841/2841/2841 2841/2841/2841 
f 2841/2841/2841 2841/2841/2841 2842/2842/2842 
f 2841/2841/2841 2843/2843/2843 2842/2842/2842 
f 2842/2842/2842 2843/2843/2843 2844/2844/2844 
f 2843/2843/2843 2843/2843/2843 2844/2844/2844 
f 2844/2844/2844 2843/2843/2843 2845/2845/2845 
f 2843/2843/2843 2846/2846/2846 2845/2845/2845 
f 2845/2845/2845 2846/2846/2846 2847/2847/2847 
f 2846/2846/2846 2848/2848/2848 2847/2847/2847 
f 2847/2847/2847 2848/2848/2848 2849/2849/2849 
f 2848/2848/2848 2849/2849/2849 2849/2849/2849 
f 2849/2849/2849 2849/2849/2849 2850/2850/2850 
f 2849/2849/2849 2850/2850/2850 2850/2850/2850 
f 2850/2850/2850 2850/2850/2850 2843/2843/2843 
f 2850/2850/2850 2851/2851/2851 2843/2843/2843 
f 2843/2843/2843 2851/2851/2851 2843/2843/2843 
f 2851/2851/2851 2852/2852/2852 2843/2843/2843 
f 2843/2843/2843 2852/2852/2852 2846/2846/2846 
f 2852/2852/2852 2846/2846/2846 2846/2846/2846 
f 2846/2846/2846 2846/2846/2846 2846/2846/2846 
f 2846/2846/2846 2846/2846/2846 2846/2846/2846 
f 2846/2846/2846 2846/2846/2846 2848/2848/2848 
f 2846/2846/2846 2853/2853/2853 2848/2848/2848 
f 2848/2848/2848 2853/2853/2853 2848/2848/2848 
f 2853/2853/2853 2854/2854/2854 2848/2848/2848 
f 2848/2848/2848 2854/2854/2854 2855/2855/2855 
f 2854/2854/2854 2855/2855/2855 2855/2855/2855 
f 2855/2855/2855 2855/2855/2855 2856/2856/2856 
f 2855/2855/2855 2856/2856/2856 2856/2856/2856 
f 2856/2856/2856 2856/2856/2856 2847/2847/2847 
f 2856/2856/2856 2857/2857/2857 2847/2847/2847 
f 2847/2847/2847 2857/2857/2857 2845/2845/2845 
f 2857/2857/2857 2857/2857/2857 2845/2845/2845 
f 2845/2845/2845 2857/2857/2857 2858/2858/2858 
f 2857/2857/2857 2859/2859/2859 2858/2858/2858 
f 2858/2858/2858 2859/2859/2859 2860/2860/2860 
f 2859/2859/2859 2859/2859/2859 2860/2860/2860 
f 2860/2860/2860 2859/2859/2859 2861/2861/2861 
f 2859/2859/2859 2862/2862/2862 2861/2861/2861 
f 2861/2861/2861 2862/2862/2862 2861/2861/2861 
f 2862/2862/2862 2863/2863/2863 2861/2861/2861 
f 2861/2861/2861 2863/2863/2863 2864/2864/2864 
f 2863/2863/2863 2864/2864/2864 2864/2864/2864 
f 2864/2864/2864 2864/2864/2864 2865/2865/2865 
f 2864/2864/2864 2865/2865/2865 2865/2865/2865 
f 2865/2865/2865 2865/2865/2865 2866/2866/2866 
f 2865/2865/2865 2858/2858/2858 2866/2866/2866 
f 2866/2866/2866 2858/2858/2858 2866/2866/2866 
f 2858/2858/2858 2860/2860/2860 2866/2866/2866 
f 2866/2866/2866 2860/2860/2860 2867/2867/2867 
f 2860/2860/2860 2868/2868/2868 2867/2867/2867 
f 2867/2867/2867 2868/2868/2868 2868/2868/2868 
f 2868/2868/2868 2867/2867/2867 2868/2868/2868 
f 2868/2868/2868 2867/2867/2867 2867/2867/2867 
f 2867/2867/2867 2869/2869/2869 2867/2867/2867 
f 2867/2867/2867 2869/2869/2869 2866/2866/2866 
f 2869/2869/2869 2866/2866/2866 2866/2866/2866 
f 2866/2866/2866 2866/2866/2866 2870/2870/2870 
f 2866/2866/2866 2870/2870/2870 2870/2870/2870 
f 2870/2870/2870 2870/2870/2870 2861/2861/2861 
f 2870/2870/2870 2871/2871/2871 2861/2861/2861 
f 2861/2861/2861 2871/2871/2871 2860/2860/2860 
f 2871/2871/2871 2872/2872/2872 2860/2860/2860 
f 2860/2860/2860 2872/2872/2872 2872/2872/2872 
f 2872/2872/2872 2873/2873/2873 2872/2872/2872 
f 2872/2872/2872 2873/2873/2873 2873/2873/2873 
f 2873/2873/2873 2874/2874/2874 2873/2873/2873 
f 2873/2873/2873 2874/2874/2874 2875/2875/2875 
f 2874/2874/2874 2876/2876/2876 2875/2875/2875 
f 2875/2875/2875 2876/2876/2876 2877/2877/2877 
f 2876/2876/2876 2878/2878/2878 2877/2877/2877 
f 2877/2877/2877 2878/2878/2878 2879/2879/2879 
f 2878/2878/2878 2880/2880/2880 2879/2879/2879 
f 2879/2879/2879 2880/2880/2880 2881/2881/2881 
f 2880/2880/2880 2882/2882/2882 2881/2881/2881 
f 2881/2881/2881 2882/2882/2882 2883/2883/2883 
f 2882/2882/2882 2884/2884/2884 2883/2883/2883 
f 2883/2883/2883 2884/2884/2884 2885/2885/2885 
f 2884/2884/2884 2886/2886/2886 2885/2885/2885 
f 2885/2885/2885 2886/2886/2886 2887/2887/2887 
f 2886/2886/2886 2888/2888/2888 2887/2887/2887 
f 2887/2887/2887 2888/2888/2888 2889/2889/2889 
f 2888/2888/2888 2890/2890/2890 2889/2889/2889 
f 2889/2889/2889 2890/2890/2890 2891/2891/2891 
f 2890/2890/2890 2892/2892/2892 2891/2891/2891 
f 2891/2891/2891 2892/2892/2892 2893/2893/2893 
f 2892/2892/2892 2894/2894/2894 2893/2893/2893 
f 2893/2893/2893 2894/2894/2894 2895/2895/2895 
f 2894/2894/2894 2896/2896/2896 2895/2895/2895 
f 2895/2895/2895 2896/2896/2896 2897/2897/2897 
f 2896/2896/2896 2898/2898/2898 2897/2897/2897 
f 2897/2897/2897 2898/2898/2898 2899/2899/2899 
f 2898/2898/2898 2900/2900/2900 2899/2899/2899 
f 2899/2899/2899 2900/2900/2900 2901/2901/2901 
f 2900/2900/2900 2902/2902/2902 2901/2901/2901 
f 2901/2901/2901 2902/2902/2902 2903/2903/2903 
f 2902/2902/2902 2904/2904/2904 2903/2903/2903 
f 2903/2903/2903 2904/2904/2904 2904/2904/2904 
f 2904/2904/2904 2905/2905/2905 2904/2904/2904 
f 2904/2904/2904 2905/2905/2905 2905/2905/2905 
f 2905/2905/2905 2906/2906/2906 2905/2905/2905 
f 2905/2905/2905 2906/2906/2906 2907/2907/2907 
f 2906/2906/2906 2906/2906/2906 2907/2907/2907 
f 2907/2907/2907 2906/2906/2906 2908/2908/2908 
f 2906/2906/2906 2909/2909/2909 2908/2908/2908 
f 2908/2908/2908 2909/2909/2909 2910/2910/2910 
f 2909/2909/2909 2911/2911/2911 2910/2910/2910 
f 2910/2910/2910 2911/2911/2911 2912/2912/2912 
f 2911/2911/2911 2913/2913/2913 2912/2912/2912 
f 2912/2912/2912 2913/2913/2913 2914/2914/2914 
f 2913/2913/2913 2915/2915/2915 2914/2914/2914 
f 2914/2914/2914 2915/2915/2915 2916/2916/2916 
f 2915/2915/2915 2917/2917/2917 2916/2916/2916 
f 2916/2916/2916 2917/2917/2917 2918/2918/2918 
f 2917/2917/2917 2919/2919/2919 2918/2918/2918 
f 2918/2918/2918 2919/2919/2919 2920/2920/2920 
f 2919/2919/2919 2921/2921/2921 2920/2920/2920 
f 2920/2920/2920 2921/2921/2921 2922/2922/2922 
f 2921/2921/2921 2923/2923/2923 2922/2922/2922 
f 2922/2922/2922 2923/2923/2923 2924/2924/2924 
f 2923/2923/2923 2925/2925/2925 2924/2924/2924 
f 2924/2924/2924 2925/2925/2925 2926/2926/2926 
f 2925/2925/2925 2927/2927/2927 2926/2926/2926 
f 2926/2926/2926 2927/2927/2927 2928/2928/2928 
f 2927/2927/2927 2929/2929/2929 2928/2928/2928 
f 2928/2928/2928 2929/2929/2929 2930/2930/2930 
f 2929/2929/2929 2931/2931/2931 2930/2930/2930 
f 2930/2930/2930 2931/2931/2931 2932/2932/2932 
f 2931/2931/2931 2933/2933/2933 2932/2932/2932 
f 2932/2932/2932 2933/2933/2933 2934/2934/2934 
f 2933/2933/2933 2935/2935/2935 2934/2934/2934 
f 2934/2934/2934 2935/2935/2935 2936/2936/2936 
f 2935/2935/2935 2936/2936/2936 2936/2936/2936 
f 2936/2936/2936 2936/2936/2936 2907/2907/2907 
f 2936/2936/2936 2907/2907/2907 2907/2907/2907 
f 2907/2907/2907 2907/2907/2907 2905/2905/2905 
f 2907/2907/2907 2937/2937/2937 2905/2905/2905 
f 2905/2905/2905 2937/2937/2937 2938/2938/2938 
f 2937/2937/2937 2937/2937/2937 2938/2938/2938 
f 2938/2938/2938 2937/2937/2937 2873/2873/2873 
f 2937/2937/2937 2874/2874/2874 2873/2873/2873 
f 2873/2873/2873 2874/2874/2874 2874/2874/2874 
f 2874/2874/2874 2939/2939/2939 2874/2874/2874 
f 2874/2874/2874 2939/2939/2939 2939/2939/2939 
f 2939/2939/2939 2940/2940/2940 2939/2939/2939 
f 2939/2939/2939 2940/2940/2940 2941/2941/2941 
f 2940/2940/2940 2940/2940/2940 2941/2941/2941 
f 2941/2941/2941 2940/2940/2940 2942/2942/2942 
f 2940/2940/2940 2940/2940/2940 2942/2942/2942 
f 2942/2942/2942 2940/2940/2940 2943/2943/2943 
f 2940/2940/2940 2940/2940/2940 2943/2943/2943 
f 2943/2943/2943 2940/2940/2940 2944/2944/2944 
f 2940/2940/2940 2945/2945/2945 2944/2944/2944 
f 2944/2944/2944 2945/2945/2945 2944/2944/2944 
f 2945/2945/2945 2946/2946/2946 2944/2944/2944 
f 2944/2944/2944 2946/2946/2946 2944/2944/2944 
f 2946/2946/2946 2947/2947/2947 2944/2944/2944 
f 2944/2944/2944 2947/2947/2947 2944/2944/2944 
f 2947/2947/2947 2948/2948/2948 2944/2944/2944 
f 2944/2944/2944 2948/2948/2948 2949/2949/2949 
f 2948/2948/2948 2950/2950/2950 2949/2949/2949 
f 2949/2949/2949 2950/2950/2950 2951/2951/2951 
f 2950/2950/2950 2952/2952/2952 2951/2951/2951 
f 2951/2951/2951 2952/2952/2952 2951/2951/2951 
f 2952/2952/2952 2953/2953/2953 2951/2951/2951 
f 2951/2951/2951 2953/2953/2953 2951/2951/2951 
f 2953/2953/2953 2954/2954/2954 2951/2951/2951 
f 2951/2951/2951 2954/2954/2954 2955/2955/2955 
f 2954/2954/2954 2955/2955/2955 2955/2955/2955 
f 2955/2955/2955 2955/2955/2955 2951/2951/2951 
f 2955/2955/2955 2951/2951/2951 2951/2951/2951 
f 2951/2951/2951 2951/2951/2951 2949/2949/2949 
f 2951/2951/2951 2956/2956/2956 2949/2949/2949 
f 2949/2949/2949 2956/2956/2956 2956/2956/2956 
f 2956/2956/2956 2957/2957/2957 2956/2956/2956 
f 2956/2956/2956 2957/2957/2957 2957/2957/2957 
f 2957/2957/2957 2952/2952/2952 2957/2957/2957 
f 2957/2957/2957 2952/2952/2952 2958/2958/2958 
f 2952/2952/2952 2950/2950/2950 2958/2958/2958 
f 2958/2958/2958 2950/2950/2950 2959/2959/2959 
f 2950/2950/2950 2960/2960/2960 2959/2959/2959 
f 2959/2959/2959 2960/2960/2960 2961/2961/2961 
f 2960/2960/2960 2961/2961/2961 2961/2961/2961 
f 2961/2961/2961 2961/2961/2961 2959/2959/2959 
f 2961/2961/2961 2959/2959/2959 2959/2959/2959 
f 2959/2959/2959 2959/2959/2959 2958/2958/2958 
f 2959/2959/2959 2962/2962/2962 2958/2958/2958 
f 2958/2958/2958 2962/2962/2962 2962/2962/2962 
f 2962/2962/2962 2950/2950/2950 2962/2962/2962 
f 2962/2962/2962 2950/2950/2950 2950/2950/2950 
f 2950/2950/2950 2963/2963/2963 2950/2950/2950 
f 2950/2950/2950 2963/2963/2963 2960/2960/2960 
f 2963/2963/2963 2960/2960/2960 2960/2960/2960 
f 2960/2960/2960 2960/2960/2960 2964/2964/2964 
f 2960/2960/2960 2964/2964/2964 2964/2964/2964 
f 2964/2964/2964 2964/2964/2964 2965/2965/2965 
f 2964/2964/2964 2966/2966/2966 2965/2965/2965 
f 2965/2965/2965 2966/2966/2966 2967/2967/2967 
f 2966/2966/2966 2966/2966/2966 2967/2967/2967 
f 2967/2967/2967 2966/2966/2966 2944/2944/2944 
f 2966/2966/2966 2968/2968/2968 2944/2944/2944 
f 2944/2944/2944 2968/2968/2968 2943/2943/2943 
f 2968/2968/2968 2969/2969/2969 2943/2943/2943 
f 2943/2943/2943 2969/2969/2969 2969/2969/2969 
f 2969/2969/2969 2966/2966/2966 2969/2969/2969 
f 2969/2969/2969 2966/2966/2966 2966/2966/2966 
f 2966/2966/2966 2970/2970/2970 2966/2966/2966 
f 2966/2966/2966 2970/2970/2970 2968/2968/2968 
f 2970/2970/2970 2968/2968/2968 2968/2968/2968 
f 2968/2968/2968 2968/2968/2968 2971/2971/2971 
f 2968/2968/2968 2971/2971/2971 2971/2971/2971 
f 2971/2971/2971 2971/2971/2971 2972/2972/2972 
f 2971/2971/2971 2973/2973/2973 2972/2972/2972 
f 2972/2972/2972 2973/2973/2973 2974/2974/2974 
f 2973/2973/2973 2975/2975/2975 2974/2974/2974 
f 2974/2974/2974 2975/2975/2975 2976/2976/2976 
f 2975/2975/2975 2977/2977/2977 2976/2976/2976 
f 2976/2976/2976 2977/2977/2977 2978/2978/2978 
f 2977/2977/2977 2979/2979/2979 2978/2978/2978 
f 2978/2978/2978 2979/2979/2979 2980/2980/2980 
f 2979/2979/2979 2981/2981/2981 2980/2980/2980 
f 2980/2980/2980 2981/2981/2981 2982/2982/2982 
f 2981/2981/2981 2983/2983/2983 2982/2982/2982 
f 2982/2982/2982 2983/2983/2983 2984/2984/2984 
f 2983/2983/2983 2985/2985/2985 2984/2984/2984 
f 2984/2984/2984 2985/2985/2985 2986/2986/2986 
f 2985/2985/2985 2987/2987/2987 2986/2986/2986 
f 2986/2986/2986 2987/2987/2987 2988/2988/2988 
f 2987/2987/2987 2989/2989/2989 2988/2988/2988 
f 2988/2988/2988 2989/2989/2989 2990/2990/2990 
f 2989/2989/2989 2990/2990/2990 2990/2990/2990 
f 2990/2990/2990 2990/2990/2990 2972/2972/2972 
f 2990/2990/2990 2972/2972/2972 2972/2972/2972 
f 2972/2972/2972 2972/2972/2972 2971/2971/2971 
f 2972/2972/2972 2991/2991/2991 2971/2971/2971 
f 2971/2971/2971 2991/2991/2991 2992/2992/2992 
f 2991/2991/2991 2993/2993/2993 2992/2992/2992 
f 2992/2992/2992 2993/2993/2993 2994/2994/2994 
f 2993/2993/2993 2995/2995/2995 2994/2994/2994 
f 2994/2994/2994 2995/2995/2995 2996/2996/2996 
f 2995/2995/2995 2996/2996/2996 2996/2996/2996 
f 2996/2996/2996 2996/2996/2996 2997/2997/2997 
f 2996/2996/2996 2997/2997/2997 2997/2997/2997 
f 2997/2997/2997 2997/2997/2997 2998/2998/2998 
f 2997/2997/2997 2999/2999/2999 2998/2998/2998 
f 2998/2998/2998 2999/2999/2999 3000/3000/3000 
f 2999/2999/2999 2999/2999/2999 3000/3000/3000 
f 3000/3000/3000 2999/2999/2999 3001/3001/3001 
f 2999/2999/2999 3002/3002/3002 3001/3001/3001 
f 3001/3001/3001 3002/3002/3002 3003/3003/3003 
f 3002/3002/3002 3004/3004/3004 3003/3003/3003 
f 3003/3003/3003 3004/3004/3004 3004/3004/3004 
f 3004/3004/3004 3005/3005/3005 3004/3004/3004 
f 3004/3004/3004 3005/3005/3005 3005/3005/3005 
f 3005/3005/3005 3006/3006/3006 3005/3005/3005 
f 3005/3005/3005 3006/3006/3006 2999/2999/2999 
f 3006/3006/3006 3006/3006/3006 2999/2999/2999 
f 2999/2999/2999 3006/3006/3006 3002/3002/3002 
f 3006/3006/3006 3007/3007/3007 3002/3002/3002 
f 3002/3002/3002 3007/3007/3007 3007/3007/3007 
f 3007/3007/3007 3003/3003/3003 3007/3007/3007 
f 3007/3007/3007 3003/3003/3003 3003/3003/3003 
f 3003/3003/3003 3008/3008/3008 3003/3003/3003 
f 3003/3003/3003 3008/3008/3008 3001/3001/3001 
f 3008/3008/3008 3001/3001/3001 3001/3001/3001 
f 3001/3001/3001 3001/3001/3001 3009/3009/3009 
f 3001/3001/3001 3009/3009/3009 3009/3009/3009 
f 3009/3009/3009 3009/3009/3009 3010/3010/3010 
f 3009/3009/3009 3011/3011/3011 3010/3010/3010 
f 3010/3010/3010 3011/3011/3011 3012/3012/3012 
f 3011/3011/3011 3013/3013/3013 3012/3012/3012 
f 3012/3012/3012 3013/3013/3013 3014/3014/3014 
f 3013/3013/3013 3014/3014/3014 3014/3014/3014 
f 3014/3014/3014 3014/3014/3014 3011/3011/3011 
f 3014/3014/3014 3011/3011/3011 3011/3011/3011 
f 3011/3011/3011 3011/3011/3011 3013/3013/3013 
f 3011/3011/3011 3015/3015/3015 3013/3013/3013 
f 3013/3013/3013 3015/3015/3015 3015/3015/3015 
f 3015/3015/3015 3016/3016/3016 3015/3015/3015 
f 3015/3015/3015 3016/3016/3016 3016/3016/3016 
f 3016/3016/3016 3010/3010/3010 3016/3016/3016 
f 3016/3016/3016 3010/3010/3010 3017/3017/3017 
f 3010/3010/3010 3012/3012/3012 3017/3017/3017 
f 3017/3017/3017 3012/3012/3012 3018/3018/3018 
f 3012/3012/3012 3019/3019/3019 3018/3018/3018 
f 3018/3018/3018 3019/3019/3019 3019/3019/3019 
f 3019/3019/3019 3018/3018/3018 3019/3019/3019 
f 3019/3019/3019 3018/3018/3018 3018/3018/3018 
f 3018/3018/3018 3020/3020/3020 3018/3018/3018 
f 3018/3018/3018 3020/3020/3020 3017/3017/3017 
f 3020/3020/3020 3017/3017/3017 3017/3017/3017 
f 3017/3017/3017 3017/3017/3017 3021/3021/3021 
f 3017/3017/3017 3021/3021/3021 3021/3021/3021 
f 3021/3021/3021 3021/3021/3021 3022/3022/3022 
f 3021/3021/3021 3023/3023/3023 3022/3022/3022 
f 3022/3022/3022 3023/3023/3023 3024/3024/3024 
f 3023/3023/3023 3025/3025/3025 3024/3024/3024 
f 3024/3024/3024 3025/3025/3025 3026/3026/3026 
f 3025/3025/3025 3027/3027/3027 3026/3026/3026 
f 3026/3026/3026 3027/3027/3027 3028/3028/3028 
f 3027/3027/3027 3029/3029/3029 3028/3028/3028 
f 3028/3028/3028 3029/3029/3029 3030/3030/3030 
f 3029/3029/3029 3031/3031/3031 3030/3030/3030 
f 3030/3030/3030 3031/3031/3031 3032/3032/3032 
f 3031/3031/3031 3033/3033/3033 3032/3032/3032 
f 3032/3032/3032 3033/3033/3033 3034/3034/3034 
f 3033/3033/3033 3035/3035/3035 3034/3034/3034 
f 3034/3034/3034 3035/3035/3035 3036/3036/3036 
f 3035/3035/3035 3037/3037/3037 3036/3036/3036 
f 3036/3036/3036 3037/3037/3037 3038/3038/3038 
f 3037/3037/3037 3038/3038/3038 3038/3038/3038 
f 3038/3038/3038 3038/3038/3038 3022/3022/3022 
f 3038/3038/3038 3022/3022/3022 3022/3022/3022 
f 3022/3022/3022 3022/3022/3022 3021/3021/3021 
f 3022/3022/3022 3039/3039/3039 3021/3021/3021 
f 3021/3021/3021 3039/3039/3039 3040/3040/3040 
f 3039/3039/3039 3041/3041/3041 3040/3040/3040 
f 3040/3040/3040 3041/3041/3041 3042/3042/3042 
f 3041/3041/3041 3043/3043/3043 3042/3042/3042 
f 3042/3042/3042 3043/3043/3043 3044/3044/3044 
f 3043/3043/3043 3045/3045/3045 3044/3044/3044 
f 3044/3044/3044 3045/3045/3045 3046/3046/3046 
f 3045/3045/3045 3046/3046/3046 3046/3046/3046 
f 3046/3046/3046 3046/3046/3046 3047/3047/3047 
f 3046/3046/3046 3047/3047/3047 3047/3047/3047 
f 3047/3047/3047 3047/3047/3047 3048/3048/3048 
f 3047/3047/3047 3049/3049/3049 3048/3048/3048 
f 3048/3048/3048 3049/3049/3049 3050/3050/3050 
f 3049/3049/3049 3051/3051/3051 3050/3050/3050 
f 3050/3050/3050 3051/3051/3051 3052/3052/3052 
f 3051/3051/3051 3053/3053/3053 3052/3052/3052 
f 3052/3052/3052 3053/3053/3053 3054/3054/3054 
f 3053/3053/3053 3055/3055/3055 3054/3054/3054 
f 3054/3054/3054 3055/3055/3055 3056/3056/3056 
f 3055/3055/3055 3057/3057/3057 3056/3056/3056 
f 3056/3056/3056 3057/3057/3057 3058/3058/3058 
f 3057/3057/3057 3059/3059/3059 3058/3058/3058 
f 3058/3058/3058 3059/3059/3059 3060/3060/3060 
f 3059/3059/3059 3060/3060/3060 3060/3060/3060 
f 3060/3060/3060 3060/3060/3060 3048/3048/3048 
f 3060/3060/3060 3048/3048/3048 3048/3048/3048 
f 3048/3048/3048 3048/3048/3048 3047/3047/3047 
f 3048/3048/3048 3061/3061/3061 3047/3047/3047 
f 3047/3047/3047 3061/3061/3061 3062/3062/3062 
f 3061/3061/3061 3063/3063/3063 3062/3062/3062 
f 3062/3062/3062 3063/3063/3063 3064/3064/3064 
f 3063/3063/3063 3065/3065/3065 3064/3064/3064 
f 3064/3064/3064 3065/3065/3065 3066/3066/3066 
f 3065/3065/3065 3067/3067/3067 3066/3066/3066 
f 3066/3066/3066 3067/3067/3067 3068/3068/3068 
f 3067/3067/3067 3069/3069/3069 3068/3068/3068 
f 3068/3068/3068 3069/3069/3069 3070/3070/3070 
f 3069/3069/3069 3071/3071/3071 3070/3070/3070 
f 3070/3070/3070 3071/3071/3071 3072/3072/3072 
f 3071/3071/3071 3072/3072/3072 3072/3072/3072 
f 3072/3072/3072 3072/3072/3072 3073/3073/3073 
f 3072/3072/3072 3073/3073/3073 3073/3073/3073 
f 3073/3073/3073 3073/3073/3073 3074/3074/3074 
f 3073/3073/3073 3075/3075/3075 3074/3074/3074 
f 3074/3074/3074 3075/3075/3075 3076/3076/3076 
f 3075/3075/3075 3076/3076/3076 3076/3076/3076 
f 3076/3076/3076 3076/3076/3076 3073/3073/3073 
f 3076/3076/3076 3073/3073/3073 3073/3073/3073 
f 3073/3073/3073 3073/3073/3073 3077/3077/3077 
f 3073/3073/3073 3074/3074/3074 3077/3077/3077 
f 3077/3077/3077 3074/3074/3074 3077/3077/3077 
f 3074/3074/3074 3078/3078/3078 3077/3077/3077 
f 3077/3077/3077 3078/3078/3078 3079/3079/3079 
f 3078/3078/3078 3080/3080/3080 3079/3079/3079 
f 3079/3079/3079 3080/3080/3080 3081/3081/3081 
f 3080/3080/3080 3082/3082/3082 3081/3081/3081 
f 3081/3081/3081 3082/3082/3082 3081/3081/3081 
f 3082/3082/3082 3083/3083/3083 3081/3081/3081 
f 3081/3081/3081 3083/3083/3083 3084/3084/3084 
f 3083/3083/3083 3085/3085/3085 3084/3084/3084 
f 3084/3084/3084 3085/3085/3085 3086/3086/3086 
f 3085/3085/3085 3087/3087/3087 3086/3086/3086 
f 3086/3086/3086 3087/3087/3087 3088/3088/3088 
f 3087/3087/3087 3087/3087/3087 3088/3088/3088 
f 3088/3088/3088 3087/3087/3087 3089/3089/3089 
f 3087/3087/3087 3090/3090/3090 3089/3089/3089 
f 3089/3089/3089 3090/3090/3090 3089/3089/3089 
f 3090/3090/3090 3091/3091/3091 3089/3089/3089 
f 3089/3089/3089 3091/3091/3091 3092/3092/3092 
f 3091/3091/3091 3093/3093/3093 3092/3092/3092 
f 3092/3092/3092 3093/3093/3093 3094/3094/3094 
f 3093/3093/3093 3095/3095/3095 3094/3094/3094 
f 3094/3094/3094 3095/3095/3095 3096/3096/3096 
f 3095/3095/3095 3076/3076/3076 3096/3096/3096 
f 3096/3096/3096 3076/3076/3076 3075/3075/3075 
f 3076/3076/3076 3075/3075/3075 3075/3075/3075 
f 3075/3075/3075 3075/3075/3075 3097/3097/3097 
f 3075/3075/3075 3097/3097/3097 3097/3097/3097 
f 3097/3097/3097 3097/3097/3097 3098/3098/3098 
f 3097/3097/3097 3099/3099/3099 3098/3098/3098 
f 3098/3098/3098 3099/3099/3099 3098/3098/3098 
f 3099/3099/3099 3100/3100/3100 3098/3098/3098 
f 3098/3098/3098 3100/3100/3100 3098/3098/3098 
f 3100/3100/3100 3101/3101/3101 3098/3098/3098 
f 3098/3098/3098 3101/3101/3101 3102/3102/3102 
f 3101/3101/3101 3101/3101/3101 3102/3102/3102 
f 3102/3102/3102 3101/3101/3101 3103/3103/3103 
f 3101/3101/3101 3104/3104/3104 3103/3103/3103 
f 3103/3103/3103 3104/3104/3104 3104/3104/3104 
f 3104/3104/3104 3105/3105/3105 3104/3104/3104 
f 3104/3104/3104 3105/3105/3105 3105/3105/3105 
f 3105/3105/3105 3106/3106/3106 3105/3105/3105 
f 3105/3105/3105 3106/3106/3106 3107/3107/3107 
f 3106/3106/3106 3106/3106/3106 3107/3107/3107 
f 3107/3107/3107 3106/3106/3106 3108/3108/3108 
f 3106/3106/3106 3106/3106/3106 3108/3108/3108 
f 3108/3108/3108 3106/3106/3106 3109/3109/3109 
f 3106/3106/3106 3110/3110/3110 3109/3109/3109 
f 3109/3109/3109 3110/3110/3110 3109/3109/3109 
f 3110/3110/3110 3111/3111/3111 3109/3109/3109 
f 3109/3109/3109 3111/3111/3111 3112/3112/3112 
f 3111/3111/3111 3112/3112/3112 3112/3112/3112 
f 3112/3112/3112 3112/3112/3112 3113/3113/3113 
f 3112/3112/3112 3113/3113/3113 3113/3113/3113 
f 3113/3113/3113 3113/3113/3113 3114/3114/3114 
f 3113/3113/3113 3115/3115/3115 3114/3114/3114 
f 3114/3114/3114 3115/3115/3115 3116/3116/3116 
f 3115/3115/3115 3116/3116/3116 3116/3116/3116 
f 3116/3116/3116 3116/3116/3116 3117/3117/3117 
f 3116/3116/3116 3117/3117/3117 3117/3117/3117 
f 3117/3117/3117 3117/3117/3117 3118/3118/3118 
f 3117/3117/3117 3119/3119/3119 3118/3118/3118 
f 3118/3118/3118 3119/3119/3119 3118/3118/3118 
f 3119/3119/3119 3120/3120/3120 3118/3118/3118 
f 3118/3118/3118 3120/3120/3120 3121/3121/3121 
f 3120/3120/3120 3122/3122/3122 3121/3121/3121 
f 3121/3121/3121 3122/3122/3122 3121/3121/3121 
f 3122/3122/3122 3123/3123/3123 3121/3121/3121 
f 3121/3121/3121 3123/3123/3123 3124/3124/3124 
f 3123/3123/3123 3124/3124/3124 3124/3124/3124 
f 3124/3124/3124 3124/3124/3124 3125/3125/3125 
f 3124/3124/3124 3125/3125/3125 3125/3125/3125 
f 3125/3125/3125 3125/3125/3125 3126/3126/3126 
f 3125/3125/3125 3127/3127/3127 3126/3126/3126 
f 3126/3126/3126 3127/3127/3127 3128/3128/3128 
f 3127/3127/3127 3128/3128/3128 3128/3128/3128 
f 3128/3128/3128 3128/3128/3128 3129/3129/3129 
f 3128/3128/3128 3129/3129/3129 3129/3129/3129 
f 3129/3129/3129 3129/3129/3129 3130/3130/3130 
f 3129/3129/3129 3131/3131/3131 3130/3130/3130 
f 3130/3130/3130 3131/3131/3131 3132/3132/3132 
f 3131/3131/3131 3132/3132/3132 3132/3132/3132 
f 3132/3132/3132 3132/3132/3132 3133/3133/3133 
f 3132/3132/3132 3133/3133/3133 3133/3133/3133 
f 3133/3133/3133 3133/3133/3133 3134/3134/3134 
f 3133/3133/3133 3135/3135/3135 3134/3134/3134 
f 3134/3134/3134 3135/3135/3135 3136/3136/3136 
f 3135/3135/3135 3136/3136/3136 3136/3136/3136 
f 3136/3136/3136 3136/3136/3136 3137/3137/3137 
f 3136/3136/3136 3137/3137/3137 3137/3137/3137 
f 3137/3137/3137 3137/3137/3137 3138/3138/3138 
f 3137/3137/3137 3139/3139/3139 3138/3138/3138 
f 3138/3138/3138 3139/3139/3139 3140/3140/3140 
f 3139/3139/3139 3140/3140/3140 3140/3140/3140 
f 3140/3140/3140 3140/3140/3140 3141/3141/3141 
f 3140/3140/3140 3141/3141/3141 3141/3141/3141 
f 3141/3141/3141 3141/3141/3141 3142/3142/3142 
f 3141/3141/3141 3143/3143/3143 3142/3142/3142 
f 3142/3142/3142 3143/3143/3143 3144/3144/3144 
f 3143/3143/3143 3144/3144/3144 3144/3144/3144 
f 3144/3144/3144 3144/3144/3144 3145/3145/3145 
f 3144/3144/3144 3145/3145/3145 3145/3145/3145 
f 3145/3145/3145 3145/3145/3145 3146/3146/3146 
f 3145/3145/3145 3147/3147/3147 3146/3146/3146 
f 3146/3146/3146 3147/3147/3147 3148/3148/3148 
f 3147/3147/3147 3148/3148/3148 3148/3148/3148 
f 3148/3148/3148 3148/3148/3148 3149/3149/3149 
f 3148/3148/3148 3149/3149/3149 3149/3149/3149 
f 3149/3149/3149 3149/3149/3149 3150/3150/3150 
f 3149/3149/3149 3151/3151/3151 3150/3150/3150 
f 3150/3150/3150 3151/3151/3151 3150/3150/3150 
f 3151/3151/3151 3152/3152/3152 3150/3150/3150 
f 3150/3150/3150 3152/3152/3152 3150/3150/3150 
f 3152/3152/3152 3153/3153/3153 3150/3150/3150 
f 3150/3150/3150 3153/3153/3153 3154/3154/3154 
f 3153/3153/3153 3155/3155/3155 3154/3154/3154 
f 3154/3154/3154 3155/3155/3155 3156/3156/3156 
f 3155/3155/3155 3157/3157/3157 3156/3156/3156 
f 3156/3156/3156 3157/3157/3157 3158/3158/3158 
f 3157/3157/3157 3158/3158/3158 3158/3158/3158 
f 3158/3158/3158 3158/3158/3158 3159/3159/3159 
f 3158/3158/3158 3159/3159/3159 3159/3159/3159 
f 3159/3159/3159 3159/3159/3159 3160/3160/3160 
f 3159/3159/3159 3161/3161/3161 3160/3160/3160 
f 3160/3160/3160 3161/3161/3161 3160/3160/3160 
f 3161/3161/3161 3162/3162/3162 3160/3160/3160 
f 3160/3160/3160 3162/3162/3162 3163/3163/3163 
f 3162/3162/3162 3164/3164/3164 3163/3163/3163 
f 3163/3163/3163 3164/3164/3164 3163/3163/3163 
f 3164/3164/3164 3165/3165/3165 3163/3163/3163 
f 3163/3163/3163 3165/3165/3165 3166/3166/3166 
f 3165/3165/3165 3165/3165/3165 3166/3166/3166 
f 3166/3166/3166 3165/3165/3165 3167/3167/3167 
f 3165/3165/3165 3168/3168/3168 3167/3167/3167 
f 3167/3167/3167 3168/3168/3168 3168/3168/3168 
f 3168/3168/3168 3169/3169/3169 3168/3168/3168 
f 3168/3168/3168 3169/3169/3169 3169/3169/3169 
f 3169/3169/3169 3170/3170/3170 3169/3169/3169 
f 3169/3169/3169 3170/3170/3170 3171/3171/3171 
f 3170/3170/3170 3170/3170/3170 3171/3171/3171 
f 3171/3171/3171 3170/3170/3170 3172/3172/3172 
f 3170/3170/3170 3170/3170/3170 3172/3172/3172 
f 3172/3172/3172 3170/3170/3170 3173/3173/3173 
f 3170/3170/3170 3174/3174/3174 3173/3173/3173 
f 3173/3173/3173 3174/3174/3174 3175/3175/3175 
f 3174/3174/3174 3176/3176/3176 3175/3175/3175 
f 3175/3175/3175 3176/3176/3176 3175/3175/3175 
f 3176/3176/3176 3177/3177/3177 3175/3175/3175 
f 3175/3175/3175 3177/3177/3177 3178/3178/3178 
f 3177/3177/3177 3178/3178/3178 3178/3178/3178 
f 3178/3178/3178 3178/3178/3178 3179/3179/3179 
f 3178/3178/3178 3179/3179/3179 3179/3179/3179 
f 3179/3179/3179 3179/3179/3179 3180/3180/3180 
f 3179/3179/3179 3181/3181/3181 3180/3180/3180 
f 3180/3180/3180 3181/3181/3181 3180/3180/3180 
f 3181/3181/3181 3182/3182/3182 3180/3180/3180 
f 3180/3180/3180 3182/3182/3182 3183/3183/3183 
f 3182/3182/3182 3184/3184/3184 3183/3183/3183 
f 3183/3183/3183 3184/3184/3184 3183/3183/3183 
f 3184/3184/3184 3185/3185/3185 3183/3183/3183 
f 3183/3183/3183 3185/3185/3185 3186/3186/3186 
f 3185/3185/3185 3185/3185/3185 3186/3186/3186 
f 3186/3186/3186 3185/3185/3185 3187/3187/3187 
f 3185/3185/3185 3188/3188/3188 3187/3187/3187 
f 3187/3187/3187 3188/3188/3188 3188/3188/3188 
f 3188/3188/3188 3189/3189/3189 3188/3188/3188 
f 3188/3188/3188 3189/3189/3189 3189/3189/3189 
f 3189/3189/3189 3190/3190/3190 3189/3189/3189 
f 3189/3189/3189 3190/3190/3190 3191/3191/3191 
f 3190/3190/3190 3192/3192/3192 3191/3191/3191 
f 3191/3191/3191 3192/3192/3192 3193/3193/3193 
f 3192/3192/3192 3194/3194/3194 3193/3193/3193 
f 3193/3193/3193 3194/3194/3194 3195/3195/3195 
f 3194/3194/3194 3196/3196/3196 3195/3195/3195 
f 3195/3195/3195 3196/3196/3196 3195/3195/3195 
f 3196/3196/3196 3190/3190/3190 3195/3195/3195 
f 3195/3195/3195 3190/3190/3190 3189/3189/3189 
f 3190/3190/3190 3189/3189/3189 3189/3189/3189 
f 3189/3189/3189 3189/3189/3189 3197/3197/3197 
f 3189/3189/3189 3197/3197/3197 3197/3197/3197 
f 3197/3197/3197 3197/3197/3197 3198/3198/3198 
f 3197/3197/3197 3199/3199/3199 3198/3198/3198 
f 3198/3198/3198 3199/3199/3199 3200/3200/3200 
f 3199/3199/3199 3200/3200/3200 3200/3200/3200 
f 3200/3200/3200 3200/3200/3200 3201/3201/3201 
f 3200/3200/3200 3201/3201/3201 3201/3201/3201 
f 3201/3201/3201 3201/3201/3201 3202/3202/3202 
f 3201/3201/3201 3203/3203/3203 3202/3202/3202 
f 3202/3202/3202 3203/3203/3203 3204/3204/3204 
f 3203/3203/3203 3204/3204/3204 3204/3204/3204 
f 3204/3204/3204 3204/3204/3204 3205/3205/3205 
f 3204/3204/3204 3205/3205/3205 3205/3205/3205 
f 3205/3205/3205 3205/3205/3205 3206/3206/3206 
f 3205/3205/3205 3207/3207/3207 3206/3206/3206 
f 3206/3206/3206 3207/3207/3207 3208/3208/3208 
f 3207/3207/3207 3208/3208/3208 3208/3208/3208 
f 3208/3208/3208 3208/3208/3208 3209/3209/3209 
f 3208/3208/3208 3209/3209/3209 3209/3209/3209 
f 3209/3209/3209 3209/3209/3209 3210/3210/3210 
f 3209/3209/3209 3211/3211/3211 3210/3210/3210 
f 3210/3210/3210 3211/3211/3211 3212/3212/3212 
f 3211/3211/3211 3212/3212/3212 3212/3212/3212 
f 3212/3212/3212 3212/3212/3212 3213/3213/3213 
f 3212/3212/3212 3213/3213/3213 3213/3213/3213 
f 3213/3213/3213 3213/3213/3213 3214/3214/3214 
f 3213/3213/3213 3215/3215/3215 3214/3214/3214 
f 3214/3214/3214 3215/3215/3215 3216/3216/3216 
f 3215/3215/3215 3216/3216/3216 3216/3216/3216 
f 3216/3216/3216 3216/3216/3216 3217/3217/3217 
f 3216/3216/3216 3217/3217/3217 3217/3217/3217 
f 3217/3217/3217 3217/3217/3217 3218/3218/3218 
f 3217/3217/3217 3219/3219/3219 3218/3218/3218 
f 3218/3218/3218 3219/3219/3219 3220/3220/3220 
f 3219/3219/3219 3220/3220/3220 3220/3220/3220 
f 3220/3220/3220 3220/3220/3220 3221/3221/3221 
f 3220/3220/3220 3221/3221/3221 3221/3221/3221 
f 3221/3221/3221 3221/3221/3221 3222/3222/3222 
f 3221/3221/3221 3223/3223/3223 3222/3222/3222 
f 3222/3222/3222 3223/3223/3223 3222/3222/3222 
f 3223/3223/3223 3224/3224/3224 3222/3222/3222 
f 3222/3222/3222 3224/3224/3224 3225/3225/3225 
f 3224/3224/3224 3226/3226/3226 3225/3225/3225 
f 3225/3225/3225 3226/3226/3226 3227/3227/3227 
f 3226/3226/3226 3228/3228/3228 3227/3227/3227 
f 3227/3227/3227 3228/3228/3228 3229/3229/3229 
f 3228/3228/3228 3230/3230/3230 3229/3229/3229 
f 3229/3229/3229 3230/3230/3230 3231/3231/3231 
f 3230/3230/3230 3232/3232/3232 3231/3231/3231 
f 3231/3231/3231 3232/3232/3232 3233/3233/3233 
f 3232/3232/3232 3234/3234/3234 3233/3233/3233 
f 3233/3233/3233 3234/3234/3234 3235/3235/3235 
f 3234/3234/3234 3236/3236/3236 3235/3235/3235 
f 3235/3235/3235 3236/3236/3236 3237/3237/3237 
f 3236/3236/3236 3238/3238/3238 3237/3237/3237 
f 3237/3237/3237 3238/3238/3238 3238/3238/3238 
f 3238/3238/3238 3239/3239/3239 3238/3238/3238 
f 3238/3238/3238 3239/3239/3239 3239/3239/3239 
f 3239/3239/3239 3240/3240/3240 3239/3239/3239 
f 3239/3239/3239 3240/3240/3240 3241/3241/3241 
f 3240/3240/3240 3242/3242/3242 3241/3241/3241 
f 3241/3241/3241 3242/3242/3242 3242/3242/3242 
f 3242/3242/3242 3243/3243/3243 3242/3242/3242 
f 3242/3242/3242 3243/3243/3243 3243/3243/3243 
f 3243/3243/3243 3244/3244/3244 3243/3243/3243 
f 3243/3243/3243 3244/3244/3244 3245/3245/3245 
f 3244/3244/3244 3246/3246/3246 3245/3245/3245 
f 3245/3245/3245 3246/3246/3246 3246/3246/3246 
f 3246/3246/3246 3247/3247/3247 3246/3246/3246 
f 3246/3246/3246 3247/3247/3247 3247/3247/3247 
f 3247/3247/3247 3248/3248/3248 3247/3247/3247 
f 3247/3247/3247 3248/3248/3248 3249/3249/3249 
f 3248/3248/3248 3250/3250/3250 3249/3249/3249 
f 3249/3249/3249 3250/3250/3250 3250/3250/3250 
f 3250/3250/3250 3251/3251/3251 3250/3250/3250 
f 3250/3250/3250 3251/3251/3251 3251/3251/3251 
f 3251/3251/3251 3252/3252/3252 3251/3251/3251 
f 3251/3251/3251 3252/3252/3252 3253/3253/3253 
f 3252/3252/3252 3254/3254/3254 3253/3253/3253 
f 3253/3253/3253 3254/3254/3254 3254/3254/3254 
f 3254/3254/3254 3255/3255/3255 3254/3254/3254 
f 3254/3254/3254 3255/3255/3255 3255/3255/3255 
f 3255/3255/3255 3256/3256/3256 3255/3255/3255 
f 3255/3255/3255 3256/3256/3256 3257/3257/3257 
f 3256/3256/3256 3258/3258/3258 3257/3257/3257 
f 3257/3257/3257 3258/3258/3258 3258/3258/3258 
f 3258/3258/3258 3259/3259/3259 3258/3258/3258 
f 3258/3258/3258 3259/3259/3259 3259/3259/3259 
f 3259/3259/3259 3260/3260/3260 3259/3259/3259 
f 3259/3259/3259 3260/3260/3260 3261/3261/3261 
f 3260/3260/3260 3262/3262/3262 3261/3261/3261 
f 3261/3261/3261 3262/3262/3262 3262/3262/3262 
f 3262/3262/3262 3263/3263/3263 3262/3262/3262 
f 3262/3262/3262 3263/3263/3263 3263/3263/3263 
f 3263/3263/3263 3264/3264/3264 3263/3263/3263 
f 3263/3263/3263 3264/3264/3264 3265/3265/3265 
f 3264/3264/3264 3266/3266/3266 3265/3265/3265 
f 3265/3265/3265 3266/3266/3266 3266/3266/3266 
f 3266/3266/3266 3267/3267/3267 3266/3266/3266 
f 3266/3266/3266 3267/3267/3267 3267/3267/3267 
f 3267/3267/3267 3268/3268/3268 3267/3267/3267 
f 3267/3267/3267 3268/3268/3268 3269/3269/3269 
f 3268/3268/3268 3270/3270/3270 3269/3269/3269 
f 3269/3269/3269 3270/3270/3270 3270/3270/3270 
f 3270/3270/3270 3271/3271/3271 3270/3270/3270 
f 3270/3270/3270 3271/3271/3271 3271/3271/3271 
f 3271/3271/3271 3272/3272/3272 3271/3271/3271 
f 3271/3271/3271 3272/3272/3272 3273/3273/3273 
f 3272/3272/3272 3272/3272/3272 3273/3273/3273 
f 3273/3273/3273 3272/3272/3272 3274/3274/3274 
f 3272/3272/3272 3272/3272/3272 3274/3274/3274 
f 3274/3274/3274 3272/3272/3272 3275/3275/3275 
f 3272/3272/3272 3276/3276/3276 3275/3275/3275 
f 3275/3275/3275 3276/3276/3276 3277/3277/3277 
f 3276/3276/3276 3278/3278/3278 3277/3277/3277 
f 3277/3277/3277 3278/3278/3278 3278/3278/3278 
f 3278/3278/3278 3279/3279/3279 3278/3278/3278 
f 3278/3278/3278 3279/3279/3279 3279/3279/3279 
f 3279/3279/3279 3280/3280/3280 3279/3279/3279 
f 3279/3279/3279 3280/3280/3280 3281/3281/3281 
f 3280/3280/3280 3282/3282/3282 3281/3281/3281 
f 3281/3281/3281 3282/3282/3282 3282/3282/3282 
f 3282/3282/3282 3283/3283/3283 3282/3282/3282 
f 3282/3282/3282 3283/3283/3283 3283/3283/3283 
f 3283/3283/3283 3284/3284/3284 3283/3283/3283 
f 3283/3283/3283 3284/3284/3284 3285/3285/3285 
f 3284/3284/3284 3286/3286/3286 3285/3285/3285 
f 3285/3285/3285 3286/3286/3286 3286/3286/3286 
f 3286/3286/3286 3287/3287/3287 3286/3286/3286 
f 3286/3286/3286 3287/3287/3287 3287/3287/3287 
f 3287/3287/3287 3288/3288/3288 3287/3287/3287 
f 3287/3287/3287 3288/3288/3288 3289/3289/3289 
f 3288/3288/3288 3290/3290/3290 3289/3289/3289 
f 3289/3289/3289 3290/3290/3290 3290/3290/3290 
f 3290/3290/3290 3291/3291/3291 3290/3290/3290 
f 3290/3290/3290 3291/3291/3291 3291/3291/3291 
f 3291/3291/3291 3292/3292/3292 3291/3291/3291 
f 3291/3291/3291 3292/3292/3292 3293/3293/3293 
f 3292/3292/3292 3294/3294/3294 3293/3293/3293 
f 3293/3293/3293 3294/3294/3294 3294/3294/3294 
f 3294/3294/3294 3295/3295/3295 3294/3294/3294 
f 3294/3294/3294 3295/3295/3295 3295/3295/3295 
f 3295/3295/3295 3296/3296/3296 3295/3295/3295 
f 3295/3295/3295 3296/3296/3296 3297/3297/3297 
f 3296/3296/3296 3298/3298/3298 3297/3297/3297 
f 3297/3297/3297 3298/3298/3298 3298/3298/3298 
f 3298/3298/3298 3299/3299/3299 3298/3298/3298 
f 3298/3298/3298 3299/3299/3299 3299/3299/3299 
f 3299/3299/3299 3300/3300/3300 3299/3299/3299 
f 3299/3299/3299 3300/3300/3300 3301/3301/3301 
f 3300/3300/3300 3302/3302/3302 3301/3301/3301 
f 3301/3301/3301 3302/3302/3302 3302/3302/3302 
f 3302/3302/3302 3303/3303/3303 3302/3302/3302 
f 3302/3302/3302 3303/3303/3303 3303/3303/3303 
f 3303/3303/3303 3304/3304/3304 3303/3303/3303 
f 3303/3303/3303 3304/3304/3304 3305/3305/3305 
f 3304/3304/3304 3306/3306/3306 3305/3305/3305 
f 3305/3305/3305 3306/3306/3306 3306/3306/3306 
f 3306/3306/3306 3307/3307/3307 3306/3306/3306 
f 3306/3306/3306 3307/3307/3307 3307/3307/3307 
f 3307/3307/3307 3308/3308/3308 3307/3307/3307 
f 3307/3307/3307 3308/3308/3308 3309/3309/3309 
f 3308/3308/3308 3310/3310/3310 3309/3309/3309 
f 3309/3309/3309 3310/3310/3310 3310/3310/3310 
f 3310/3310/3310 3311/3311/3311 3310/3310/3310 
f 3310/3310/3310 3311/3311/3311 3311/3311/3311 
f 3311/3311/3311 3312/3312/3312 3311/3311/3311 
f 3311/3311/3311 3312/3312/3312 3313/3313/3313 
f 3312/3312/3312 3314/3314/3314 3313/3313/3313 
f 3313/3313/3313 3314/3314/3314 3314/3314/3314 
f 3314/3314/3314 3315/3315/3315 3314/3314/3314 
f 3314/3314/3314 3315/3315/3315 3315/3315/3315 
f 3315/3315/3315 3316/3316/3316 3315/3315/3315 
f 3315/3315/3315 3316/3316/3316 3317/3317/3317 
f 3316/3316/3316 3318/3318/3318 3317/3317/3317 
f 3317/3317/3317 3318/3318/3318 3318/3318/3318 
f 3318/3318/3318 3319/3319/3319 3318/3318/3318 
f 3318/3318/3318 3319/3319/3319 3319/3319/3319 
f 3319/3319/3319 3320/3320/3320 3319/3319/3319 
f 3319/3319/3319 3320/3320/3320 3321/3321/3321 
f 3320/3320/3320 3322/3322/3322 3321/3321/3321 
f 3321/3321/3321 3322/3322/3322 3322/3322/3322 
f 3322/3322/3322 3323/3323/3323 3322/3322/3322 
f 3322/3322/3322 3323/3323/3323 3323/3323/3323 
f 3323/3323/3323 3324/3324/3324 3323/3323/3323 
f 3323/3323/3323 3324/3324/3324 3325/3325/3325 
f 3324/3324/3324 3326/3326/3326 3325/3325/3325 
f 3325/3325/3325 3326/3326/3326 3326/3326/3326 
f 3326/3326/3326 3327/3327/3327 3326/3326/3326 
f 3326/3326/3326 3327/3327/3327 3327/3327/3327 
f 3327/3327/3327 3328/3328/3328 3327/3327/3327 
f 3327/3327/3327 3328/3328/3328 3329/3329/3329 
f 3328/3328/3328 3330/3330/3330 3329/3329/3329 
f 3329/3329/3329 3330/3330/3330 3329/3329/3329 
f 3330/3330/3330 3331/3331/3331 3329/3329/3329 
f 3329/3329/3329 3331/3331/3331 3332/3332/3332 
f 3331/3331/3331 3333/3333/3333 3332/3332/3332 
f 3332/3332/3332 3333/3333/3333 3334/3334/3334 
f 3333/3333/3333 3334/3334/3334 3334/3334/3334 
f 3334/3334/3334 3334/3334/3334 3335/3335/3335 
f 3334/3334/3334 3335/3335/3335 3335/3335/3335 
f 3335/3335/3335 3335/3335/3335 3336/3336/3336 
f 3335/3335/3335 3337/3337/3337 3336/3336/3336 
f 3336/3336/3336 3337/3337/3337 3338/3338/3338 
f 3337/3337/3337 3338/3338/3338 3338/3338/3338 
f 3338/3338/3338 3338/3338/3338 3339/3339/3339 
f 3338/3338/3338 3339/3339/3339 3339/3339/3339 
f 3339/3339/3339 3339/3339/3339 3340/3340/3340 
f 3339/3339/3339 3341/3341/3341 3340/3340/3340 
f 3340/3340/3340 3341/3341/3341 3342/3342/3342 
f 3341/3341/3341 3342/3342/3342 3342/3342/3342 
f 3342/3342/3342 3342/3342/3342 3343/3343/3343 
f 3342/3342/3342 3343/3343/3343 3343/3343/3343 
f 3343/3343/3343 3343/3343/3343 3344/3344/3344 
f 3343/3343/3343 3345/3345/3345 3344/3344/3344 
f 3344/3344/3344 3345/3345/3345 3346/3346/3346 
f 3345/3345/3345 3346/3346/3346 3346/3346/3346 
f 3346/3346/3346 3346/3346/3346 3347/3347/3347 
f 3346/3346/3346 3347/3347/3347 3347/3347/3347 
f 3347/3347/3347 3347/3347/3347 3348/3348/3348 
f 3347/3347/3347 3349/3349/3349 3348/3348/3348 
f 3348/3348/3348 3349/3349/3349 3350/3350/3350 
f 3349/3349/3349 3350/3350/3350 3350/3350/3350 
f 3350/3350/3350 3350/3350/3350 3351/3351/3351 
f 3350/3350/3350 3351/3351/3351 3351/3351/3351 
f 3351/3351/3351 3351/3351/3351 3352/3352/3352 
f 3351/3351/3351 3353/3353/3353 3352/3352/3352 
f 3352/3352/3352 3353/3353/3353 3354/3354/3354 
f 3353/3353/3353 3354/3354/3354 3354/3354/3354 
f 3354/3354/3354 3354/3354/3354 3355/3355/3355 
f 3354/3354/3354 3355/3355/3355 3355/3355/3355 
f 3355/3355/3355 3355/3355/3355 3356/3356/3356 
f 3355/3355/3355 3357/3357/3357 3356/3356/3356 
f 3356/3356/3356 3357/3357/3357 3358/3358/3358 
f 3357/3357/3357 3358/3358/3358 3358/3358/3358 
f 3358/3358/3358 3358/3358/3358 3359/3359/3359 
f 3358/3358/3358 3359/3359/3359 3359/3359/3359 
f 3359/3359/3359 3359/3359/3359 3360/3360/3360 
f 3359/3359/3359 3361/3361/3361 3360/3360/3360 
f 3360/3360/3360 3361/3361/3361 3362/3362/3362 
f 3361/3361/3361 3362/3362/3362 3362/3362/3362 
f 3362/3362/3362 3362/3362/3362 3363/3363/3363 
f 3362/3362/3362 3363/3363/3363 3363/3363/3363 
f 3363/3363/3363 3363/3363/3363 3364/3364/3364 
f 3363/3363/3363 3365/3365/3365 3364/3364/3364 
f 3364/3364/3364 3365/3365/3365 3366/3366/3366 
f 3365/3365/3365 3366/3366/3366 3366/3366/3366 
f 3366/3366/3366 3366/3366/3366 3367/3367/3367 
f 3366/3366/3366 3367/3367/3367 3367/3367/3367 
f 3367/3367/3367 3367/3367/3367 3368/3368/3368 
f 3367/3367/3367 3369/3369/3369 3368/3368/3368 
f 3368/3368/3368 3369/3369/3369 3370/3370/3370 
f 3369/3369/3369 3370/3370/3370 3370/3370/3370 
f 3370/3370/3370 3370/3370/3370 3371/3371/3371 
f 3370/3370/3370 3371/3371/3371 3371/3371/3371 
f 3371/3371/3371 3371/3371/3371 3372/3372/3372 
f 3371/3371/3371 3373/3373/3373 3372/3372/3372 
f 3372/3372/3372 3373/3373/3373 3374/3374/3374 
f 3373/3373/3373 3374/3374/3374 3374/3374/3374 
f 3374/3374/3374 3374/3374/3374 3375/3375/3375 
f 3374/3374/3374 3375/3375/3375 3375/3375/3375 
f 3375/3375/3375 3375/3375/3375 3376/3376/3376 
f 3375/3375/3375 3377/3377/3377 3376/3376/3376 
f 3376/3376/3376 3377/3377/3377 3378/3378/3378 
f 3377/3377/3377 3378/3378/3378 3378/3378/3378 
f 3378/3378/3378 3378/3378/3378 3379/3379/3379 
f 3378/3378/3378 3379/3379/3379 3379/3379/3379 
f 3379/3379/3379 3379/3379/3379 3380/3380/3380 
f 3379/3379/3379 3381/3381/3381 3380/3380/3380 
f 3380/3380/3380 3381/3381/3381 3382/3382/3382 
f 3381/3381/3381 3382/3382/3382 3382/3382/3382 
f 3382/3382/3382 3382/3382/3382 3383/3383/3383 
f 3382/3382/3382 3383/3383/3383 3383/3383/3383 
f 3383/3383/3383 3383/3383/3383 3384/3384/3384 
f 3383/3383/3383 3385/3385/3385 3384/3384/3384 
f 3384/3384/3384 3385/3385/3385 3386/3386/3386 
f 3385/3385/3385 3387/3387/3387 3386/3386/3386 
f 3386/3386/3386 3387/3387/3387 3388/3388/3388 
f 3387/3387/3387 3387/3387/3387 3388/3388/3388 
f 3388/3388/3388 3387/3387/3387 3389/3389/3389 
f 3387/3387/3387 3390/3390/3390 3389/3389/3389 
f 3389/3389/3389 3390/3390/3390 3391/3391/3391 
f 3390/3390/3390 3392/3392/3392 3391/3391/3391 
f 3391/3391/3391 3392/3392/3392 3393/3393/3393 
f 3392/3392/3392 3394/3394/3394 3393/3393/3393 
f 3393/3393/3393 3394/3394/3394 3395/3395/3395 
f 3394/3394/3394 3396/3396/3396 3395/3395/3395 
f 3395/3395/3395 3396/3396/3396 3397/3397/3397 
f 3396/3396/3396 3397/3397/3397 3397/3397/3397 
f 3397/3397/3397 3397/3397/3397 3384/3384/3384 
f 3397/3397/3397 3384/3384/3384 3384/3384/3384 
f 3384/3384/3384 3384/3384/3384 3388/3388/3388 
f 3384/3384/3384 3386/3386/3386 3388/3388/3388 
f 3388/3388/3388 3386/3386/3386 3386/3386/3386 
f 3386/3386/3386 3387/3387/3387 3386/3386/3386 
f 3386/3386/3386 3387/3387/3387 3387/3387/3387 
f 3387/3387/3387 3385/3385/3385 3387/3387/3387 
f 3387/3387/3387 3385/3385/3385 3390/3390/3390 
f 3385/3385/3385 3385/3385/3385 3390/3390/3390 
f 3390/3390/3390 3385/3385/3385 3392/3392/3392 
f 3385/3385/3385 3385/3385/3385 3392/3392/3392 
f 3392/3392/3392 3385/3385/3385 3394/3394/3394 
f 3385/3385/3385 3398/3398/3398 3394/3394/3394 
f 3394/3394/3394 3398/3398/3398 3396/3396/3396 
f 3398/3398/3398 3398/3398/3398 3396/3396/3396 
f 3396/3396/3396 3398/3398/3398 3399/3399/3399 
f 3398/3398/3398 3400/3400/3400 3399/3399/3399 
f 3399/3399/3399 3400/3400/3400 3401/3401/3401 
f 3400/3400/3400 3401/3401/3401 3401/3401/3401 
f 3401/3401/3401 3401/3401/3401 3385/3385/3385 
f 3401/3401/3401 3385/3385/3385 3385/3385/3385 
f 3385/3385/3385 3385/3385/3385 3398/3398/3398 
f 3385/3385/3385 3383/3383/3383 3398/3398/3398 
f 3398/3398/3398 3383/3383/3383 3400/3400/3400 
f 3383/3383/3383 3400/3400/3400 3400/3400/3400 
f 3400/3400/3400 3400/3400/3400 3402/3402/3402 
f 3400/3400/3400 3402/3402/3402 3402/3402/3402 
f 3402/3402/3402 3402/3402/3402 3403/3403/3403 
f 3402/3402/3402 3404/3404/3404 3403/3403/3403 
f 3403/3403/3403 3404/3404/3404 3403/3403/3403 
f 3404/3404/3404 3405/3405/3405 3403/3403/3403 
f 3403/3403/3403 3405/3405/3405 3406/3406/3406 
f 3405/3405/3405 3407/3407/3407 3406/3406/3406 
f 3406/3406/3406 3407/3407/3407 3408/3408/3408 
f 3407/3407/3407 3408/3408/3408 3408/3408/3408 
f 3408/3408/3408 3408/3408/3408 3402/3402/3402 
f 3408/3408/3408 3402/3402/3402 3402/3402/3402 
f 3402/3402/3402 3402/3402/3402 3404/3404/3404 
f 3402/3402/3402 3409/3409/3409 3404/3404/3404 
f 3404/3404/3404 3409/3409/3409 3410/3410/3410 
f 3409/3409/3409 3411/3411/3411 3410/3410/3410 
f 3410/3410/3410 3411/3411/3411 3410/3410/3410 
f 3411/3411/3411 3412/3412/3412 3410/3410/3410 
f 3410/3410/3410 3412/3412/3412 3410/3410/3410 
f 3412/3412/3412 3413/3413/3413 3410/3410/3410 
f 3410/3410/3410 3413/3413/3413 3414/3414/3414 
f 3413/3413/3413 3415/3415/3415 3414/3414/3414 
f 3414/3414/3414 3415/3415/3415 3416/3416/3416 
f 3415/3415/3415 3417/3417/3417 3416/3416/3416 
f 3416/3416/3416 3417/3417/3417 3416/3416/3416 
f 3417/3417/3417 3418/3418/3418 3416/3416/3416 
f 3416/3416/3416 3418/3418/3418 3407/3407/3407 
f 3418/3418/3418 3418/3418/3418 3407/3407/3407 
f 3407/3407/3407 3418/3418/3418 3408/3408/3408 
f 3418/3418/3418 3419/3419/3419 3408/3408/3408 
f 3408/3408/3408 3419/3419/3419 3420/3420/3420 
f 3419/3419/3419 3419/3419/3419 3420/3420/3420 
f 3420/3420/3420 3419/3419/3419 3421/3421/3421 
f 3419/3419/3419 3419/3419/3419 3421/3421/3421 
f 3421/3421/3421 3419/3419/3419 3422/3422/3422 
f 3419/3419/3419 3423/3423/3423 3422/3422/3422 
f 3422/3422/3422 3423/3423/3423 3424/3424/3424 
f 3423/3423/3423 3425/3425/3425 3424/3424/3424 
f 3424/3424/3424 3425/3425/3425 3426/3426/3426 
f 3425/3425/3425 3425/3425/3425 3426/3426/3426 
f 3426/3426/3426 3425/3425/3425 3427/3427/3427 
f 3425/3425/3425 3425/3425/3425 3427/3427/3427 
f 3427/3427/3427 3425/3425/3425 3418/3418/3418 
f 3425/3425/3425 3423/3423/3423 3418/3418/3418 
f 3418/3418/3418 3423/3423/3423 3419/3419/3419 
f 3423/3423/3423 3419/3419/3419 3419/3419/3419 
f 3419/3419/3419 3419/3419/3419 3410/3410/3410 
f 3419/3419/3419 3410/3410/3410 3410/3410/3410 
f 3410/3410/3410 3410/3410/3410 3404/3404/3404 
f 3410/3410/3410 3414/3414/3414 3404/3404/3404 
f 3404/3404/3404 3414/3414/3414 3405/3405/3405 
f 3414/3414/3414 3414/3414/3414 3405/3405/3405 
f 3405/3405/3405 3414/3414/3414 3407/3407/3407 
f 3414/3414/3414 3416/3416/3416 3407/3407/3407 
f 3407/3407/3407 3416/3416/3416 3416/3416/3416 
f 3416/3416/3416 3426/3426/3426 3416/3416/3416 
f 3416/3416/3416 3426/3426/3426 3426/3426/3426 
f 3426/3426/3426 3427/3427/3427 3426/3426/3426 
f 3426/3426/3426 3427/3427/3427 3428/3428/3428 
f 3427/3427/3427 3418/3418/3418 3428/3428/3428 
f 3428/3428/3428 3418/3418/3418 3429/3429/3429 
f 3418/3418/3418 3417/3417/3417 3429/3429/3429 
f 3429/3429/3429 3417/3417/3417 3429/3429/3429 
f 3417/3417/3417 3430/3430/3430 3429/3429/3429 
f 3429/3429/3429 3430/3430/3430 3429/3429/3429 
f 3430/3430/3430 3431/3431/3431 3429/3429/3429 
f 3429/3429/3429 3431/3431/3431 3429/3429/3429 
f 3431/3431/3431 3432/3432/3432 3429/3429/3429 
f 3429/3429/3429 3432/3432/3432 3428/3428/3428 
f 3432/3432/3432 3426/3426/3426 3428/3428/3428 
f 3428/3428/3428 3426/3426/3426 3426/3426/3426 
f 3426/3426/3426 3433/3433/3433 3426/3426/3426 
f 3426/3426/3426 3433/3433/3433 3433/3433/3433 
f 3433/3433/3433 3434/3434/3434 3433/3433/3433 
f 3433/3433/3433 3434/3434/3434 3435/3435/3435 
f 3434/3434/3434 3436/3436/3436 3435/3435/3435 
f 3435/3435/3435 3436/3436/3436 3436/3436/3436 
f 3436/3436/3436 3433/3433/3433 3436/3436/3436 
f 3436/3436/3436 3433/3433/3433 3433/3433/3433 
f 3433/3433/3433 3435/3435/3435 3433/3433/3433 
f 3433/3433/3433 3435/3435/3435 3437/3437/3437 
f 3435/3435/3435 3437/3437/3437 3437/3437/3437 
f 3437/3437/3437 3437/3437/3437 3433/3433/3433 
f 3437/3437/3437 3433/3433/3433 3433/3433/3433 
f 3433/3433/3433 3433/3433/3433 3434/3434/3434 
f 3433/3433/3433 3438/3438/3438 3434/3434/3434 
f 3434/3434/3434 3438/3438/3438 3439/3439/3439 
f 3438/3438/3438 3438/3438/3438 3439/3439/3439 
f 3439/3439/3439 3438/3438/3438 3440/3440/3440 
f 3438/3438/3438 3441/3441/3441 3440/3440/3440 
f 3440/3440/3440 3441/3441/3441 3442/3442/3442 
f 3441/3441/3441 3443/3443/3443 3442/3442/3442 
f 3442/3442/3442 3443/3443/3443 3442/3442/3442 
f 3443/3443/3443 3444/3444/3444 3442/3442/3442 
f 3442/3442/3442 3444/3444/3444 3442/3442/3442 
f 3444/3444/3444 3445/3445/3445 3442/3442/3442 
f 3442/3442/3442 3445/3445/3445 3446/3446/3446 
f 3445/3445/3445 3447/3447/3447 3446/3446/3446 
f 3446/3446/3446 3447/3447/3447 3448/3448/3448 
f 3447/3447/3447 3449/3449/3449 3448/3448/3448 
f 3448/3448/3448 3449/3449/3449 3448/3448/3448 
f 3449/3449/3449 3450/3450/3450 3448/3448/3448 
f 3448/3448/3448 3450/3450/3450 3451/3451/3451 
f 3450/3450/3450 3452/3452/3452 3451/3451/3451 
f 3451/3451/3451 3452/3452/3452 3439/3439/3439 
f 3452/3452/3452 3452/3452/3452 3439/3439/3439 
f 3439/3439/3439 3452/3452/3452 3434/3434/3434 
f 3452/3452/3452 3452/3452/3452 3434/3434/3434 
f 3434/3434/3434 3452/3452/3452 3436/3436/3436 
f 3452/3452/3452 3453/3453/3453 3436/3436/3436 
f 3436/3436/3436 3453/3453/3453 3436/3436/3436 
f 3453/3453/3453 3454/3454/3454 3436/3436/3436 
f 3436/3436/3436 3454/3454/3454 3455/3455/3455 
f 3454/3454/3454 3456/3456/3456 3455/3455/3455 
f 3455/3455/3455 3456/3456/3456 3456/3456/3456 
f 3456/3456/3456 3442/3442/3442 3456/3456/3456 
f 3456/3456/3456 3442/3442/3442 3442/3442/3442 
f 3442/3442/3442 3446/3446/3446 3442/3442/3442 
f 3442/3442/3442 3446/3446/3446 3440/3440/3440 
f 3446/3446/3446 3448/3448/3448 3440/3440/3440 
f 3440/3440/3440 3448/3448/3448 3439/3439/3439 
f 3448/3448/3448 3451/3451/3451 3439/3439/3439 
f 3439/3439/3439 3451/3451/3451 3451/3451/3451 
f 3451/3451/3451 3450/3450/3450 3451/3451/3451 
f 3451/3451/3451 3450/3450/3450 3450/3450/3450 
f 3450/3450/3450 3453/3453/3453 3450/3450/3450 
f 3450/3450/3450 3453/3453/3453 3452/3452/3452 
f 3453/3453/3453 3452/3452/3452 3452/3452/3452 
f 3452/3452/3452 3452/3452/3452 3436/3436/3436 
f 3452/3452/3452 3436/3436/3436 3436/3436/3436 
f 3436/3436/3436 3436/3436/3436 3435/3435/3435 
f 3436/3436/3436 3455/3455/3455 3435/3435/3435 
f 3435/3435/3435 3455/3455/3455 3457/3457/3457 
f 3455/3455/3455 3458/3458/3458 3457/3457/3457 
f 3457/3457/3457 3458/3458/3458 3459/3459/3459 
f 3458/3458/3458 3460/3460/3460 3459/3459/3459 
f 3459/3459/3459 3460/3460/3460 3460/3460/3460 
f 3460/3460/3460 3435/3435/3435 3460/3460/3460 
f 3460/3460/3460 3435/3435/3435 3435/3435/3435 
f 3435/3435/3435 3457/3457/3457 3435/3435/3435 
f 3435/3435/3435 3457/3457/3457 3437/3437/3437 
f 3457/3457/3457 3459/3459/3459 3437/3437/3437 
f 3437/3437/3437 3459/3459/3459 3459/3459/3459 
f 3459/3459/3459 3458/3458/3458 3459/3459/3459 
f 3459/3459/3459 3458/3458/3458 3458/3458/3458 
f 3458/3458/3458 3455/3455/3455 3458/3458/3458 
f 3458/3458/3458 3455/3455/3455 3461/3461/3461 
f 3455/3455/3455 3456/3456/3456 3461/3461/3461 
f 3461/3461/3461 3456/3456/3456 3461/3461/3461 
f 3456/3456/3456 3462/3462/3462 3461/3461/3461 
f 3461/3461/3461 3462/3462/3462 3461/3461/3461 
f 3462/3462/3462 3463/3463/3463 3461/3461/3461 
f 3461/3461/3461 3463/3463/3463 3458/3458/3458 
f 3463/3463/3463 3464/3464/3464 3458/3458/3458 
f 3458/3458/3458 3464/3464/3464 3460/3460/3460 
f 3464/3464/3464 3465/3465/3465 3460/3460/3460 
f 3460/3460/3460 3465/3465/3465 3466/3466/3466 
f 3465/3465/3465 3467/3467/3467 3466/3466/3466 
f 3466/3466/3466 3467/3467/3467 3468/3468/3468 
f 3467/3467/3467 3469/3469/3469 3468/3468/3468 
f 3468/3468/3468 3469/3469/3469 3470/3470/3470 
f 3469/3469/3469 3471/3471/3471 3470/3470/3470 
f 3470/3470/3470 3471/3471/3471 3470/3470/3470 
f 3471/3471/3471 3472/3472/3472 3470/3470/3470 
f 3470/3470/3470 3472/3472/3472 3473/3473/3473 
f 3472/3472/3472 3474/3474/3474 3473/3473/3473 
f 3473/3473/3473 3474/3474/3474 3475/3475/3475 
f 3474/3474/3474 3474/3474/3474 3475/3475/3475 
f 3475/3475/3475 3474/3474/3474 3476/3476/3476 
f 3474/3474/3474 3477/3477/3477 3476/3476/3476 
f 3476/3476/3476 3477/3477/3477 3478/3478/3478 
f 3477/3477/3477 3477/3477/3477 3478/3478/3478 
f 3478/3478/3478 3477/3477/3477 3479/3479/3479 
f 3477/3477/3477 3480/3480/3480 3479/3479/3479 
f 3479/3479/3479 3480/3480/3480 3481/3481/3481 
f 3480/3480/3480 3480/3480/3480 3481/3481/3481 
f 3481/3481/3481 3480/3480/3480 3482/3482/3482 
f 3480/3480/3480 3483/3483/3483 3482/3482/3482 
f 3482/3482/3482 3483/3483/3483 3484/3484/3484 
f 3483/3483/3483 3471/3471/3471 3484/3484/3484 
f 3484/3484/3484 3471/3471/3471 3484/3484/3484 
f 3471/3471/3471 3469/3469/3469 3484/3484/3484 
f 3484/3484/3484 3469/3469/3469 3485/3485/3485 
f 3469/3469/3469 3467/3467/3467 3485/3485/3485 
f 3485/3485/3485 3467/3467/3467 3467/3467/3467 
f 3467/3467/3467 3474/3474/3474 3467/3467/3467 
f 3467/3467/3467 3474/3474/3474 3474/3474/3474 
f 3474/3474/3474 3472/3472/3472 3474/3474/3474 
f 3474/3474/3474 3472/3472/3472 3477/3477/3477 
f 3472/3472/3472 3472/3472/3472 3477/3477/3477 
f 3477/3477/3477 3472/3472/3472 3480/3480/3480 
f 3472/3472/3472 3471/3471/3471 3480/3480/3480 
f 3480/3480/3480 3471/3471/3471 3483/3483/3483 
f 3471/3471/3471 3483/3483/3483 3483/3483/3483 
f 3483/3483/3483 3483/3483/3483 3482/3482/3482 
f 3483/3483/3483 3482/3482/3482 3482/3482/3482 
f 3482/3482/3482 3482/3482/3482 3486/3486/3486 
f 3482/3482/3482 3484/3484/3484 3486/3486/3486 
f 3486/3486/3486 3484/3484/3484 3486/3486/3486 
f 3484/3484/3484 3485/3485/3485 3486/3486/3486 
f 3486/3486/3486 3485/3485/3485 3487/3487/3487 
f 3485/3485/3485 3488/3488/3488 3487/3487/3487 
f 3487/3487/3487 3488/3488/3488 3462/3462/3462 
f 3488/3488/3488 3488/3488/3488 3462/3462/3462 
f 3462/3462/3462 3488/3488/3488 3463/3463/3463 
f 3488/3488/3488 3488/3488/3488 3463/3463/3463 
f 3463/3463/3463 3488/3488/3488 3464/3464/3464 
f 3488/3488/3488 3488/3488/3488 3464/3464/3464 
f 3464/3464/3464 3488/3488/3488 3465/3465/3465 
f 3488/3488/3488 3488/3488/3488 3465/3465/3465 
f 3465/3465/3465 3488/3488/3488 3467/3467/3467 
f 3488/3488/3488 3485/3485/3485 3467/3467/3467 
f 3467/3467/3467 3485/3485/3485 3485/3485/3485 
f 3485/3485/3485 3489/3489/3489 3485/3485/3485 
f 3485/3485/3485 3489/3489/3489 3489/3489/3489 
f 3489/3489/3489 3490/3490/3490 3489/3489/3489 
f 3489/3489/3489 3490/3490/3490 3491/3491/3491 
f 3490/3490/3490 3490/3490/3490 3491/3491/3491 
f 3491/3491/3491 3490/3490/3490 3492/3492/3492 
f 3490/3490/3490 3490/3490/3490 3492/3492/3492 
f 3492/3492/3492 3490/3490/3490 3493/3493/3493 
f 3490/3490/3490 3494/3494/3494 3493/3493/3493 
f 3493/3493/3493 3494/3494/3494 3493/3493/3493 
f 3494/3494/3494 3495/3495/3495 3493/3493/3493 
f 3493/3493/3493 3495/3495/3495 3493/3493/3493 
f 3495/3495/3495 3496/3496/3496 3493/3493/3493 
f 3493/3493/3493 3496/3496/3496 3497/3497/3497 
f 3496/3496/3496 3498/3498/3498 3497/3497/3497 
f 3497/3497/3497 3498/3498/3498 3499/3499/3499 
f 3498/3498/3498 3500/3500/3500 3499/3499/3499 
f 3499/3499/3499 3500/3500/3500 3499/3499/3499 
f 3500/3500/3500 3501/3501/3501 3499/3499/3499 
f 3499/3499/3499 3501/3501/3501 3499/3499/3499 
f 3501/3501/3501 3502/3502/3502 3499/3499/3499 
f 3499/3499/3499 3502/3502/3502 3503/3503/3503 
f 3502/3502/3502 3504/3504/3504 3503/3503/3503 
f 3503/3503/3503 3504/3504/3504 3503/3503/3503 
f 3504/3504/3504 3505/3505/3505 3503/3503/3503 
f 3503/3503/3503 3505/3505/3505 3497/3497/3497 
f 3505/3505/3505 3505/3505/3505 3497/3497/3497 
f 3497/3497/3497 3505/3505/3505 3493/3493/3493 
f 3505/3505/3505 3506/3506/3506 3493/3493/3493 
f 3493/3493/3493 3506/3506/3506 3492/3492/3492 
f 3506/3506/3506 3507/3507/3507 3492/3492/3492 
f 3492/3492/3492 3507/3507/3507 3491/3491/3491 
f 3507/3507/3507 3491/3491/3491 3491/3491/3491 
f 3491/3491/3491 3491/3491/3491 3489/3489/3489 
f 3491/3491/3491 3489/3489/3489 3489/3489/3489 
f 3489/3489/3489 3489/3489/3489 3490/3490/3490 
f 3489/3489/3489 3508/3508/3508 3490/3490/3490 
f 3490/3490/3490 3508/3508/3508 3494/3494/3494 
f 3508/3508/3508 3494/3494/3494 3494/3494/3494 
f 3494/3494/3494 3494/3494/3494 3497/3497/3497 
f 3494/3494/3494 3497/3497/3497 3497/3497/3497 
f 3497/3497/3497 3497/3497/3497 3503/3503/3503 
f 3497/3497/3497 3499/3499/3499 3503/3503/3503 
f 3503/3503/3503 3499/3499/3499 3499/3499/3499 
f 3499/3499/3499 3506/3506/3506 3499/3499/3499 
f 3499/3499/3499 3506/3506/3506 3506/3506/3506 
f 3506/3506/3506 3505/3505/3505 3506/3506/3506 
f 3506/3506/3506 3505/3505/3505 3507/3507/3507 
f 3505/3505/3505 3504/3504/3504 3507/3507/3507 
f 3507/3507/3507 3504/3504/3504 3504/3504/3504 
f 3504/3504/3504 3509/3509/3509 3504/3504/3504 
f 3504/3504/3504 3509/3509/3509 3509/3509/3509 
f 3509/3509/3509 3510/3510/3510 3509/3509/3509 
f 3509/3509/3509 3510/3510/3510 3511/3511/3511 
f 3510/3510/3510 3512/3512/3512 3511/3511/3511 
f 3511/3511/3511 3512/3512/3512 3513/3513/3513 
f 3512/3512/3512 3512/3512/3512 3513/3513/3513 
f 3513/3513/3513 3512/3512/3512 3514/3514/3514 
f 3512/3512/3512 3512/3512/3512 3514/3514/3514 
f 3514/3514/3514 3512/3512/3512 3515/3515/3515 
f 3512/3512/3512 3516/3516/3516 3515/3515/3515 
f 3515/3515/3515 3516/3516/3516 3517/3517/3517 
f 3516/3516/3516 3518/3518/3518 3517/3517/3517 
f 3517/3517/3517 3518/3518/3518 3517/3517/3517 
f 3518/3518/3518 3519/3519/3519 3517/3517/3517 
f 3517/3517/3517 3519/3519/3519 3520/3520/3520 
f 3519/3519/3519 3521/3521/3521 3520/3520/3520 
f 3520/3520/3520 3521/3521/3521 3522/3522/3522 
f 3521/3521/3521 3523/3523/3523 3522/3522/3522 
f 3522/3522/3522 3523/3523/3523 3524/3524/3524 
f 3523/3523/3523 3525/3525/3525 3524/3524/3524 
f 3524/3524/3524 3525/3525/3525 3526/3526/3526 
f 3525/3525/3525 3527/3527/3527 3526/3526/3526 
f 3526/3526/3526 3527/3527/3527 3527/3527/3527 
f 3527/3527/3527 3516/3516/3516 3527/3527/3527 
f 3527/3527/3527 3516/3516/3516 3516/3516/3516 
f 3516/3516/3516 3512/3512/3512 3516/3516/3516 
f 3516/3516/3516 3512/3512/3512 3510/3510/3510 
f 3512/3512/3512 3510/3510/3510 3510/3510/3510 
f 3510/3510/3510 3510/3510/3510 3521/3521/3521 
f 3510/3510/3510 3521/3521/3521 3521/3521/3521 
f 3521/3521/3521 3521/3521/3521 3523/3523/3523 
f 3521/3521/3521 3528/3528/3528 3523/3523/3523 
f 3523/3523/3523 3528/3528/3528 3529/3529/3529 
f 3528/3528/3528 3530/3530/3530 3529/3529/3529 
f 3529/3529/3529 3530/3530/3530 3530/3530/3530 
f 3530/3530/3530 3525/3525/3525 3530/3530/3530 
f 3530/3530/3530 3525/3525/3525 3525/3525/3525 
f 3525/3525/3525 3523/3523/3523 3525/3525/3525 
f 3525/3525/3525 3523/3523/3523 3529/3529/3529 
f 3523/3523/3523 3529/3529/3529 3529/3529/3529 
f 3529/3529/3529 3529/3529/3529 3526/3526/3526 
f 3529/3529/3529 3526/3526/3526 3526/3526/3526 
f 3526/3526/3526 3526/3526/3526 3524/3524/3524 
f 3526/3526/3526 3531/3531/3531 3524/3524/3524 
f 3524/3524/3524 3531/3531/3531 3522/3522/3522 
f 3531/3531/3531 3532/3532/3532 3522/3522/3522 
f 3522/3522/3522 3532/3532/3532 3520/3520/3520 
f 3532/3532/3532 3533/3533/3533 3520/3520/3520 
f 3520/3520/3520 3533/3533/3533 3517/3517/3517 
f 3533/3533/3533 3517/3517/3517 3517/3517/3517 
f 3517/3517/3517 3517/3517/3517 3526/3526/3526 
f 3517/3517/3517 3526/3526/3526 3526/3526/3526 
f 3526/3526/3526 3526/3526/3526 3531/3531/3531 
f 3526/3526/3526 3534/3534/3534 3531/3531/3531 
f 3531/3531/3531 3534/3534/3534 3531/3531/3531 
f 3534/3534/3534 3535/3535/3535 3531/3531/3531 
f 3531/3531/3531 3535/3535/3535 3532/3532/3532 
f 3535/3535/3535 3536/3536/3536 3532/3532/3532 
f 3532/3532/3532 3536/3536/3536 3533/3533/3533 
f 3536/3536/3536 3537/3537/3537 3533/3533/3533 
f 3533/3533/3533 3537/3537/3537 3538/3538/3538 
f 3537/3537/3537 3539/3539/3539 3538/3538/3538 
f 3538/3538/3538 3539/3539/3539 3514/3514/3514 
f 3539/3539/3539 3539/3539/3539 3514/3514/3514 
f 3514/3514/3514 3539/3539/3539 3513/3513/3513 
f 3539/3539/3539 3540/3540/3540 3513/3513/3513 
f 3513/3513/3513 3540/3540/3540 3540/3540/3540 
f 3540/3540/3540 3533/3533/3533 3540/3540/3540 
f 3540/3540/3540 3533/3533/3533 3533/3533/3533 
f 3533/3533/3533 3538/3538/3538 3533/3533/3533 
f 3533/3533/3533 3538/3538/3538 3517/3517/3517 
f 3538/3538/3538 3538/3538/3538 3517/3517/3517 
f 3517/3517/3517 3538/3538/3538 3515/3515/3515 
f 3538/3538/3538 3514/3514/3514 3515/3515/3515 
f 3515/3515/3515 3514/3514/3514 3514/3514/3514 
f 3514/3514/3514 3541/3541/3541 3514/3514/3514 
f 3514/3514/3514 3541/3541/3541 3541/3541/3541 
f 3541/3541/3541 3542/3542/3542 3541/3541/3541 
f 3541/3541/3541 3542/3542/3542 3543/3543/3543 
f 3542/3542/3542 3544/3544/3544 3543/3543/3543 
f 3543/3543/3543 3544/3544/3544 3544/3544/3544 
f 3544/3544/3544 3542/3542/3542 3544/3544/3544 
f 3544/3544/3544 3542/3542/3542 3542/3542/3542 
f 3542/3542/3542 3541/3541/3541 3542/3542/3542 
f 3542/3542/3542 3541/3541/3541 3545/3545/3545 
f 3541/3541/3541 3546/3546/3546 3545/3545/3545 
f 3545/3545/3545 3546/3546/3546 3547/3547/3547 
f 3546/3546/3546 3548/3548/3548 3547/3547/3547 
f 3547/3547/3547 3548/3548/3548 3549/3549/3549 
f 3548/3548/3548 3550/3550/3550 3549/3549/3549 
f 3549/3549/3549 3550/3550/3550 3551/3551/3551 
f 3550/3550/3550 3552/3552/3552 3551/3551/3551 
f 3551/3551/3551 3552/3552/3552 3553/3553/3553 
f 3552/3552/3552 3552/3552/3552 3553/3553/3553 
f 3553/3553/3553 3552/3552/3552 3554/3554/3554 
f 3552/3552/3552 3555/3555/3555 3554/3554/3554 
f 3554/3554/3554 3555/3555/3555 3556/3556/3556 
f 3555/3555/3555 3557/3557/3557 3556/3556/3556 
f 3556/3556/3556 3557/3557/3557 3558/3558/3558 
f 3557/3557/3557 3559/3559/3559 3558/3558/3558 
f 3558/3558/3558 3559/3559/3559 3560/3560/3560 
f 3559/3559/3559 3561/3561/3561 3560/3560/3560 
f 3560/3560/3560 3561/3561/3561 3562/3562/3562 
f 3561/3561/3561 3563/3563/3563 3562/3562/3562 
f 3562/3562/3562 3563/3563/3563 3564/3564/3564 
f 3563/3563/3563 3565/3565/3565 3564/3564/3564 
f 3564/3564/3564 3565/3565/3565 3566/3566/3566 
f 3565/3565/3565 3565/3565/3565 3566/3566/3566 
f 3566/3566/3566 3565/3565/3565 3567/3567/3567 
f 3565/3565/3565 3563/3563/3563 3567/3567/3567 
f 3567/3567/3567 3563/3563/3563 3563/3563/3563 
f 3563/3563/3563 3548/3548/3548 3563/3563/3563 
f 3563/3563/3563 3548/3548/3548 3548/3548/3548 
f 3548/3548/3548 3546/3546/3546 3548/3548/3548 
f 3548/3548/3548 3546/3546/3546 3550/3550/3550 
f 3546/3546/3546 3541/3541/3541 3550/3550/3550 
f 3550/3550/3550 3541/3541/3541 3543/3543/3543 
f 3541/3541/3541 3543/3543/3543 3543/3543/3543 
f 3543/3543/3543 3543/3543/3543 3555/3555/3555 
f 3543/3543/3543 3555/3555/3555 3555/3555/3555 
f 3555/3555/3555 3555/3555/3555 3550/3550/3550 
f 3555/3555/3555 3552/3552/3552 3550/3550/3550 
f 3550/3550/3550 3552/3552/3552 3552/3552/3552 
f 3552/3552/3552 3559/3559/3559 3552/3552/3552 
f 3552/3552/3552 3559/3559/3559 3559/3559/3559 
f 3559/3559/3559 3557/3557/3557 3559/3559/3559 
f 3559/3559/3559 3557/3557/3557 3555/3555/3555 
f 3557/3557/3557 3555/3555/3555 3555/3555/3555 
f 3555/3555/3555 3555/3555/3555 3563/3563/3563 
f 3555/3555/3555 3563/3563/3563 3563/3563/3563 
f 3563/3563/3563 3563/3563/3563 3559/3559/3559 
f 3563/3563/3563 3561/3561/3561 3559/3559/3559 
f 3559/3559/3559 3561/3561/3561 3561/3561/3561 
f 3561/3561/3561 3566/3566/3566 3561/3561/3561 
f 3561/3561/3561 3566/3566/3566 3566/3566/3566 
f 3566/3566/3566 3567/3567/3567 3566/3566/3566 
f 3566/3566/3566 3567/3567/3567 3568/3568/3568 
f 3567/3567/3567 3569/3569/3569 3568/3568/3568 
f 3568/3568/3568 3569/3569/3569 3570/3570/3570 
f 3569/3569/3569 3571/3571/3571 3570/3570/3570 
f 3570/3570/3570 3571/3571/3571 3572/3572/3572 
f 3571/3571/3571 3573/3573/3573 3572/3572/3572 
f 3572/3572/3572 3573/3573/3573 3574/3574/3574 
f 3573/3573/3573 3567/3567/3567 3574/3574/3574 
f 3574/3574/3574 3567/3567/3567 3574/3574/3574 
f 3567/3567/3567 3563/3563/3563 3574/3574/3574 
f 3574/3574/3574 3563/3563/3563 3574/3574/3574 
f 3563/3563/3563 3559/3559/3559 3574/3574/3574 
f 3574/3574/3574 3559/3559/3559 3574/3574/3574 
f 3559/3559/3559 3555/3555/3555 3574/3574/3574 
f 3574/3574/3574 3555/3555/3555 3574/3574/3574 
f 3555/3555/3555 3550/3550/3550 3574/3574/3574 
f 3574/3574/3574 3550/3550/3550 3574/3574/3574 
f 3550/3550/3550 3543/3543/3543 3574/3574/3574 
f 3574/3574/3574 3543/3543/3543 3575/3575/3575 
f 3543/3543/3543 3544/3544/3544 3575/3575/3575 
f 3575/3575/3575 3544/3544/3544 3575/3575/3575 
f 3544/3544/3544 3576/3576/3576 3575/3575/3575 
f 3575/3575/3575 3576/3576/3576 3577/3577/3577 
f 3576/3576/3576 3578/3578/3578 3577/3577/3577 
f 3577/3577/3577 3578/3578/3578 3579/3579/3579 
f 3578/3578/3578 3580/3580/3580 3579/3579/3579 
f 3579/3579/3579 3580/3580/3580 3574/3574/3574 
f 3580/3580/3580 3572/3572/3572 3574/3574/3574 
f 3574/3574/3574 3572/3572/3572 3572/3572/3572 
f 3572/3572/3572 3569/3569/3569 3572/3572/3572 
f 3572/3572/3572 3569/3569/3569 3569/3569/3569 
f 3569/3569/3569 3567/3567/3567 3569/3569/3569 
f 3569/3569/3569 3567/3567/3567 3571/3571/3571 
f 3567/3567/3567 3573/3573/3573 3571/3571/3571 
f 3571/3571/3571 3573/3573/3573 3573/3573/3573 
f 3573/3573/3573 3575/3575/3575 3573/3573/3573 
f 3573/3573/3573 3575/3575/3575 3575/3575/3575 
f 3575/3575/3575 3577/3577/3577 3575/3575/3575 
f 3575/3575/3575 3577/3577/3577 3574/3574/3574 
f 3577/3577/3577 3579/3579/3579 3574/3574/3574 
f 3574/3574/3574 3579/3579/3579 3579/3579/3579 
f 3579/3579/3579 3581/3581/3581 3579/3579/3579 
f 3579/3579/3579 3581/3581/3581 3581/3581/3581 
f 3581/3581/3581 3582/3582/3582 3581/3581/3581 
f 3581/3581/3581 3582/3582/3582 3583/3583/3583 
f 3582/3582/3582 3584/3584/3584 3583/3583/3583 
f 3583/3583/3583 3584/3584/3584 3585/3585/3585 
f 3584/3584/3584 3586/3586/3586 3585/3585/3585 
f 3585/3585/3585 3586/3586/3586 3587/3587/3587 
f 3586/3586/3586 3588/3588/3588 3587/3587/3587 
f 3587/3587/3587 3588/3588/3588 3587/3587/3587 
f 3588/3588/3588 3589/3589/3589 3587/3587/3587 
f 3587/3587/3587 3589/3589/3589 3587/3587/3587 
f 3589/3589/3589 3590/3590/3590 3587/3587/3587 
f 3587/3587/3587 3590/3590/3590 3587/3587/3587 
f 3590/3590/3590 3591/3591/3591 3587/3587/3587 
f 3587/3587/3587 3591/3591/3591 3592/3592/3592 
f 3591/3591/3591 3593/3593/3593 3592/3592/3592 
f 3592/3592/3592 3593/3593/3593 3594/3594/3594 
f 3593/3593/3593 3593/3593/3593 3594/3594/3594 
f 3594/3594/3594 3593/3593/3593 3595/3595/3595 
f 3593/3593/3593 3596/3596/3596 3595/3595/3595 
f 3595/3595/3595 3596/3596/3596 3597/3597/3597 
f 3596/3596/3596 3598/3598/3598 3597/3597/3597 
f 3597/3597/3597 3598/3598/3598 3599/3599/3599 
f 3598/3598/3598 3600/3600/3600 3599/3599/3599 
f 3599/3599/3599 3600/3600/3600 3601/3601/3601 
f 3600/3600/3600 3602/3602/3602 3601/3601/3601 
f 3601/3601/3601 3602/3602/3602 3603/3603/3603 
f 3602/3602/3602 3604/3604/3604 3603/3603/3603 
f 3603/3603/3603 3604/3604/3604 3605/3605/3605 
f 3604/3604/3604 3606/3606/3606 3605/3605/3605 
f 3605/3605/3605 3606/3606/3606 3607/3607/3607 
f 3606/3606/3606 3608/3608/3608 3607/3607/3607 
f 3607/3607/3607 3608/3608/3608 3609/3609/3609 
f 3608/3608/3608 3610/3610/3610 3609/3609/3609 
f 3609/3609/3609 3610/3610/3610 3610/3610/3610 
f 3610/3610/3610 3582/3582/3582 3610/3610/3610 
f 3610/3610/3610 3582/3582/3582 3582/3582/3582 
f 3582/3582/3582 3588/3588/3588 3582/3582/3582 
f 3582/3582/3582 3588/3588/3588 3584/3584/3584 
f 3588/3588/3588 3586/3586/3586 3584/3584/3584 
f 3584/3584/3584 3586/3586/3586 3586/3586/3586 
f 3586/3586/3586 3581/3581/3581 3586/3586/3586 
f 3586/3586/3586 3581/3581/3581 3581/3581/3581 
f 3581/3581/3581 3583/3583/3583 3581/3581/3581 
f 3581/3581/3581 3583/3583/3583 3592/3592/3592 
f 3583/3583/3583 3585/3585/3585 3592/3592/3592 
f 3592/3592/3592 3585/3585/3585 3587/3587/3587 
f 3585/3585/3585 3587/3587/3587 3587/3587/3587 
f 3587/3587/3587 3587/3587/3587 3611/3611/3611 
f 3587/3587/3587 3611/3611/3611 3611/3611/3611 
f 3611/3611/3611 3611/3611/3611 3612/3612/3612 
f 3611/3611/3611 3613/3613/3613 3612/3612/3612 
f 3612/3612/3612 3613/3613/3613 3614/3614/3614 
f 3613/3613/3613 3614/3614/3614 3614/3614/3614 
f 3614/3614/3614 3614/3614/3614 3613/3613/3613 
f 3614/3614/3614 3613/3613/3613 3613/3613/3613 
f 3613/3613/3613 3613/3613/3613 3615/3615/3615 
f 3613/3613/3613 3611/3611/3611 3615/3615/3615 
f 3615/3615/3615 3611/3611/3611 3615/3615/3615 
f 3611/3611/3611 3616/3616/3616 3615/3615/3615 
f 3615/3615/3615 3616/3616/3616 3617/3617/3617 
f 3616/3616/3616 3618/3618/3618 3617/3617/3617 
f 3617/3617/3617 3618/3618/3618 3619/3619/3619 
f 3618/3618/3618 3620/3620/3620 3619/3619/3619 
f 3619/3619/3619 3620/3620/3620 3621/3621/3621 
f 3620/3620/3620 3622/3622/3622 3621/3621/3621 
f 3621/3621/3621 3622/3622/3622 3623/3623/3623 
f 3622/3622/3622 3624/3624/3624 3623/3623/3623 
f 3623/3623/3623 3624/3624/3624 3588/3588/3588 
f 3624/3624/3624 3589/3589/3589 3588/3588/3588 
f 3588/3588/3588 3589/3589/3589 3589/3589/3589 
f 3589/3589/3589 3612/3612/3612 3589/3589/3589 
f 3589/3589/3589 3612/3612/3612 3612/3612/3612 
f 3612/3612/3612 3614/3614/3614 3612/3612/3612 
f 3612/3612/3612 3614/3614/3614 3625/3625/3625 
f 3614/3614/3614 3626/3626/3626 3625/3625/3625 
f 3625/3625/3625 3626/3626/3626 3627/3627/3627 
f 3626/3626/3626 3628/3628/3628 3627/3627/3627 
f 3627/3627/3627 3628/3628/3628 3628/3628/3628 
f 3628/3628/3628 3629/3629/3629 3628/3628/3628 
f 3628/3628/3628 3629/3629/3629 3629/3629/3629 
f 3629/3629/3629 3630/3630/3630 3629/3629/3629 
f 3629/3629/3629 3630/3630/3630 3631/3631/3631 
f 3630/3630/3630 3632/3632/3632 3631/3631/3631 
f 3631/3631/3631 3632/3632/3632 3633/3633/3633 
f 3632/3632/3632 3634/3634/3634 3633/3633/3633 
f 3633/3633/3633 3634/3634/3634 3635/3635/3635 
f 3634/3634/3634 3636/3636/3636 3635/3635/3635 
f 3635/3635/3635 3636/3636/3636 3637/3637/3637 
f 3636/3636/3636 3638/3638/3638 3637/3637/3637 
f 3637/3637/3637 3638/3638/3638 3639/3639/3639 
f 3638/3638/3638 3640/3640/3640 3639/3639/3639 
f 3639/3639/3639 3640/3640/3640 3641/3641/3641 
f 3640/3640/3640 3641/3641/3641 3641/3641/3641 
f 3641/3641/3641 3641/3641/3641 3634/3634/3634 
f 3641/3641/3641 3634/3634/3634 3634/3634/3634 
f 3634/3634/3634 3634/3634/3634 3636/3636/3636 
f 3634/3634/3634 3632/3632/3632 3636/3636/3636 
f 3636/3636/3636 3632/3632/3632 3642/3642/3642 
f 3632/3632/3632 3632/3632/3632 3642/3642/3642 
f 3642/3642/3642 3632/3632/3632 3643/3643/3643 
f 3632/3632/3632 3630/3630/3630 3643/3643/3643 
f 3643/3643/3643 3630/3630/3630 3643/3643/3643 
f 3630/3630/3630 3629/3629/3629 3643/3643/3643 
f 3643/3643/3643 3629/3629/3629 3643/3643/3643 
f 3629/3629/3629 3644/3644/3644 3643/3643/3643 
f 3643/3643/3643 3644/3644/3644 3645/3645/3645 
f 3644/3644/3644 3646/3646/3646 3645/3645/3645 
f 3645/3645/3645 3646/3646/3646 3647/3647/3647 
f 3646/3646/3646 3648/3648/3648 3647/3647/3647 
f 3647/3647/3647 3648/3648/3648 3649/3649/3649 
f 3648/3648/3648 3650/3650/3650 3649/3649/3649 
f 3649/3649/3649 3650/3650/3650 3651/3651/3651 
f 3650/3650/3650 3652/3652/3652 3651/3651/3651 
f 3651/3651/3651 3652/3652/3652 3651/3651/3651 
f 3652/3652/3652 3653/3653/3653 3651/3651/3651 
f 3651/3651/3651 3653/3653/3653 3651/3651/3651 
f 3653/3653/3653 3654/3654/3654 3651/3651/3651 
f 3651/3651/3651 3654/3654/3654 3651/3651/3651 
f 3654/3654/3654 3642/3642/3642 3651/3651/3651 
f 3651/3651/3651 3642/3642/3642 3649/3649/3649 
f 3642/3642/3642 3642/3642/3642 3649/3649/3649 
f 3649/3649/3649 3642/3642/3642 3647/3647/3647 
f 3642/3642/3642 3643/3643/3643 3647/3647/3647 
f 3647/3647/3647 3643/3643/3643 3645/3645/3645 
f 3643/3643/3643 3645/3645/3645 3645/3645/3645 
f 3645/3645/3645 3645/3645/3645 3638/3638/3638 
f 3645/3645/3645 3638/3638/3638 3638/3638/3638 
f 3638/3638/3638 3638/3638/3638 3640/3640/3640 
f 3638/3638/3638 3636/3636/3636 3640/3640/3640 
f 3640/3640/3640 3636/3636/3636 3642/3642/3642 
f 3636/3636/3636 3642/3642/3642 3642/3642/3642 
f 3642/3642/3642 3642/3642/3642 3653/3653/3653 
f 3642/3642/3642 3653/3653/3653 3653/3653/3653 
f 3653/3653/3653 3653/3653/3653 3654/3654/3654 
f 3653/3653/3653 3655/3655/3655 3654/3654/3654 
f 3654/3654/3654 3655/3655/3655 3642/3642/3642 
f 3655/3655/3655 3656/3656/3656 3642/3642/3642 
f 3642/3642/3642 3656/3656/3656 3657/3657/3657 
f 3656/3656/3656 3658/3658/3658 3657/3657/3657 
f 3657/3657/3657 3658/3658/3658 3659/3659/3659 
f 3658/3658/3658 3660/3660/3660 3659/3659/3659 
f 3659/3659/3659 3660/3660/3660 3661/3661/3661 
f 3660/3660/3660 3662/3662/3662 3661/3661/3661 
f 3661/3661/3661 3662/3662/3662 3663/3663/3663 
f 3662/3662/3662 3664/3664/3664 3663/3663/3663 
f 3663/3663/3663 3664/3664/3664 3665/3665/3665 
f 3664/3664/3664 3666/3666/3666 3665/3665/3665 
f 3665/3665/3665 3666/3666/3666 3667/3667/3667 
f 3666/3666/3666 3641/3641/3641 3667/3667/3667 
f 3667/3667/3667 3641/3641/3641 3667/3667/3667 
f 3641/3641/3641 3668/3668/3668 3667/3667/3667 
f 3667/3667/3667 3668/3668/3668 3640/3640/3640 
f 3668/3668/3668 3641/3641/3641 3640/3640/3640 
f 3640/3640/3640 3641/3641/3641 3641/3641/3641 
f 3641/3641/3641 3657/3657/3657 3641/3641/3641 
f 3641/3641/3641 3657/3657/3657 3657/3657/3657 
f 3657/3657/3657 3659/3659/3659 3657/3657/3657 
f 3657/3657/3657 3659/3659/3659 3642/3642/3642 
f 3659/3659/3659 3659/3659/3659 3642/3642/3642 
f 3642/3642/3642 3659/3659/3659 3640/3640/3640 
f 3659/3659/3659 3663/3663/3663 3640/3640/3640 
f 3640/3640/3640 3663/3663/3663 3640/3640/3640 
f 3663/3663/3663 3665/3665/3665 3640/3640/3640 
f 3640/3640/3640 3665/3665/3665 3667/3667/3667 
f 3665/3665/3665 3667/3667/3667 3667/3667/3667 
f 3667/3667/3667 3667/3667/3667 3659/3659/3659 
f 3667/3667/3667 3659/3659/3659 3659/3659/3659 
f 3659/3659/3659 3659/3659/3659 3663/3663/3663 
f 3659/3659/3659 3661/3661/3661 3663/3663/3663 
f 3663/3663/3663 3661/3661/3661 3661/3661/3661 
f 3661/3661/3661 3669/3669/3669 3661/3661/3661 
f 3661/3661/3661 3669/3669/3669 3669/3669/3669 
f 3669/3669/3669 3670/3670/3670 3669/3669/3669 
f 3669/3669/3669 3670/3670/3670 3671/3671/3671 
f 3670/3670/3670 3672/3672/3672 3671/3671/3671 
f 3671/3671/3671 3672/3672/3672 3673/3673/3673 
f 3672/3672/3672 3674/3674/3674 3673/3673/3673 
f 3673/3673/3673 3674/3674/3674 3673/3673/3673 
f 3674/3674/3674 3675/3675/3675 3673/3673/3673 
f 3673/3673/3673 3675/3675/3675 3676/3676/3676 
f 3675/3675/3675 3677/3677/3677 3676/3676/3676 
f 3676/3676/3676 3677/3677/3677 3678/3678/3678 
f 3677/3677/3677 3679/3679/3679 3678/3678/3678 
f 3678/3678/3678 3679/3679/3679 3680/3680/3680 
f 3679/3679/3679 3681/3681/3681 3680/3680/3680 
f 3680/3680/3680 3681/3681/3681 3682/3682/3682 
f 3681/3681/3681 3683/3683/3683 3682/3682/3682 
f 3682/3682/3682 3683/3683/3683 3684/3684/3684 
f 3683/3683/3683 3685/3685/3685 3684/3684/3684 
f 3684/3684/3684 3685/3685/3685 3686/3686/3686 
f 3685/3685/3685 3687/3687/3687 3686/3686/3686 
f 3686/3686/3686 3687/3687/3687 3688/3688/3688 
f 3687/3687/3687 3689/3689/3689 3688/3688/3688 
f 3688/3688/3688 3689/3689/3689 3690/3690/3690 
f 3689/3689/3689 3691/3691/3691 3690/3690/3690 
f 3690/3690/3690 3691/3691/3691 3692/3692/3692 
f 3691/3691/3691 3692/3692/3692 3692/3692/3692 
f 3692/3692/3692 3692/3692/3692 3676/3676/3676 
f 3692/3692/3692 3676/3676/3676 3676/3676/3676 
f 3676/3676/3676 3676/3676/3676 3673/3673/3673 
f 3676/3676/3676 3693/3693/3693 3673/3673/3673 
f 3673/3673/3673 3693/3693/3693 3693/3693/3693 
f 3693/3693/3693 3694/3694/3694 3693/3693/3693 
f 3693/3693/3693 3694/3694/3694 3694/3694/3694 
f 3694/3694/3694 3695/3695/3695 3694/3694/3694 
f 3694/3694/3694 3695/3695/3695 3696/3696/3696 
f 3695/3695/3695 3695/3695/3695 3696/3696/3696 
f 3696/3696/3696 3695/3695/3695 3697/3697/3697 
f 3695/3695/3695 3698/3698/3698 3697/3697/3697 
f 3697/3697/3697 3698/3698/3698 3699/3699/3699 
f 3698/3698/3698 3700/3700/3700 3699/3699/3699 
f 3699/3699/3699 3700/3700/3700 3701/3701/3701 
f 3700/3700/3700 3702/3702/3702 3701/3701/3701 
f 3701/3701/3701 3702/3702/3702 3703/3703/3703 
f 3702/3702/3702 3704/3704/3704 3703/3703/3703 
f 3703/3703/3703 3704/3704/3704 3705/3705/3705 
f 3704/3704/3704 3706/3706/3706 3705/3705/3705 
f 3705/3705/3705 3706/3706/3706 3707/3707/3707 
f 3706/3706/3706 3708/3708/3708 3707/3707/3707 
f 3707/3707/3707 3708/3708/3708 3709/3709/3709 
f 3708/3708/3708 3708/3708/3708 3709/3709/3709 
f 3709/3709/3709 3708/3708/3708 3710/3710/3710 
f 3708/3708/3708 3711/3711/3711 3710/3710/3710 
f 3710/3710/3710 3711/3711/3711 3710/3710/3710 
f 3711/3711/3711 3669/3669/3669 3710/3710/3710 
f 3710/3710/3710 3669/3669/3669 3712/3712/3712 
f 3669/3669/3669 3671/3671/3671 3712/3712/3712 
f 3712/3712/3712 3671/3671/3671 3713/3713/3713 
f 3671/3671/3671 3673/3673/3673 3713/3713/3713 
f 3713/3713/3713 3673/3673/3673 3693/3693/3693 
f 3673/3673/3673 3693/3693/3693 3693/3693/3693 
f 3693/3693/3693 3693/3693/3693 3714/3714/3714 
f 3693/3693/3693 3714/3714/3714 3714/3714/3714 
f 3714/3714/3714 3714/3714/3714 3715/3715/3715 
f 3714/3714/3714 3716/3716/3716 3715/3715/3715 
f 3715/3715/3715 3716/3716/3716 3717/3717/3717 
f 3716/3716/3716 3718/3718/3718 3717/3717/3717 
f 3717/3717/3717 3718/3718/3718 3719/3719/3719 
f 3718/3718/3718 3720/3720/3720 3719/3719/3719 
f 3719/3719/3719 3720/3720/3720 3721/3721/3721 
f 3720/3720/3720 3722/3722/3722 3721/3721/3721 
f 3721/3721/3721 3722/3722/3722 3721/3721/3721 
f 3722/3722/3722 3723/3723/3723 3721/3721/3721 
f 3721/3721/3721 3723/3723/3723 3724/3724/3724 
f 3723/3723/3723 3725/3725/3725 3724/3724/3724 
f 3724/3724/3724 3725/3725/3725 3726/3726/3726 
f 3725/3725/3725 3725/3725/3725 3726/3726/3726 
f 3726/3726/3726 3725/3725/3725 3727/3727/3727 
f 3725/3725/3725 3728/3728/3728 3727/3727/3727 
f 3727/3727/3727 3728/3728/3728 3729/3729/3729 
f 3728/3728/3728 3730/3730/3730 3729/3729/3729 
f 3729/3729/3729 3730/3730/3730 3729/3729/3729 
f 3730/3730/3730 3731/3731/3731 3729/3729/3729 
f 3729/3729/3729 3731/3731/3731 3732/3732/3732 
f 3731/3731/3731 3733/3733/3733 3732/3732/3732 
f 3732/3732/3732 3733/3733/3733 3734/3734/3734 
f 3733/3733/3733 3735/3735/3735 3734/3734/3734 
f 3734/3734/3734 3735/3735/3735 3736/3736/3736 
f 3735/3735/3735 3735/3735/3735 3736/3736/3736 
f 3736/3736/3736 3735/3735/3735 3737/3737/3737 
f 3735/3735/3735 3738/3738/3738 3737/3737/3737 
f 3737/3737/3737 3738/3738/3738 3739/3739/3739 
f 3738/3738/3738 3740/3740/3740 3739/3739/3739 
f 3739/3739/3739 3740/3740/3740 3741/3741/3741 
f 3740/3740/3740 3742/3742/3742 3741/3741/3741 
f 3741/3741/3741 3742/3742/3742 3743/3743/3743 
f 3742/3742/3742 3744/3744/3744 3743/3743/3743 
f 3743/3743/3743 3744/3744/3744 3745/3745/3745 
f 3744/3744/3744 3746/3746/3746 3745/3745/3745 
f 3745/3745/3745 3746/3746/3746 3747/3747/3747 
f 3746/3746/3746 3748/3748/3748 3747/3747/3747 
f 3747/3747/3747 3748/3748/3748 3749/3749/3749 
f 3748/3748/3748 3750/3750/3750 3749/3749/3749 
f 3749/3749/3749 3750/3750/3750 3751/3751/3751 
f 3750/3750/3750 3752/3752/3752 3751/3751/3751 
f 3751/3751/3751 3752/3752/3752 3753/3753/3753 
f 3752/3752/3752 3754/3754/3754 3753/3753/3753 
f 3753/3753/3753 3754/3754/3754 3753/3753/3753 
f 3754/3754/3754 3755/3755/3755 3753/3753/3753 
f 3753/3753/3753 3755/3755/3755 3714/3714/3714 
f 3755/3755/3755 3716/3716/3716 3714/3714/3714 

