mtllib model_3.mtl
o model_3
v 245.93743896484375 176.4814910888672 -1060.267578125 
v 245.93743896484375 176.4814910888672 -1042.7464599609375 
v 245.93743896484375 113.48237609863281 -1060.267578125 
v 245.93743896484375 113.48237609863281 -1042.7464599609375 
v 236.19508361816406 148.78668212890625 -1075.0963134765625 
v 236.19508361816406 148.7866973876953 -1128.19775390625 
v 243.06687927246094 148.78668212890625 -1075.0963134765625 
v 243.06687927246094 148.7866973876953 -1128.19775390625 
v 236.19508361816406 148.78668212890625 -1075.0963134765625 
v 243.06687927246094 148.78668212890625 -1075.0963134765625 
v 236.19508361816406 179.60353088378906 -1075.0963134765625 
v 486.9458312988281 148.78668212890625 -1075.0963134765625 
v 493.817626953125 179.60353088378906 -1075.0963134765625 
v 493.817626953125 148.78668212890625 -1075.0963134765625 
v 483.38671875 113.57183837890625 -1074.8076171875 
v 486.9458312988281 113.57183837890625 -1074.8076171875 
v 483.38671875 128.7705841064453 -1074.8076171875 
v 246.62599182128906 128.7705841064453 -1074.8076171875 
v 243.06687927246094 113.57183837890625 -1074.8076171875 
v 246.62599182128906 113.57183837890625 -1074.8076171875 
v 236.19508361816406 148.7866973876953 -1128.19775390625 
v 243.06687927246094 148.7866973876953 -1128.19775390625 
v 236.19508361816406 179.60354614257812 -1128.19775390625 
v 486.9458312988281 148.7866973876953 -1128.1978759765625 
v 493.817626953125 179.60354614257812 -1128.1978759765625 
v 493.817626953125 148.7866973876953 -1128.1978759765625 
v 483.38671875 113.57184600830078 -1128.1978759765625 
v 486.9458312988281 113.57184600830078 -1128.1978759765625 
v 483.38671875 128.7705841064453 -1128.1978759765625 
v 246.62599182128906 128.7705841064453 -1128.19775390625 
v 243.06687927246094 113.57184600830078 -1128.19775390625 
v 246.62599182128906 113.57184600830078 -1128.19775390625 
v 484.07525634765625 142.873779296875 -1131.037353515625 
v 480.8793029785156 142.873779296875 -1131.037353515625 
v 484.07525634765625 142.873779296875 -1020.5888671875 
v 480.8793029785156 142.873779296875 -1020.5888671875 
v 238.89932250976562 4.437368869781494 -1180.65283203125 
v 238.89932250976562 149.55926513671875 -1180.65283203125 
v 213.70668029785156 4.437368869781494 -1180.65283203125 
v 213.70668029785156 179.60353088378906 -1180.65283203125 
v 491.1133728027344 149.55926513671875 -1180.65283203125 
v 516.3060302734375 179.60353088378906 -1180.65283203125 
v 516.3060302734375 4.437368869781494 -1180.65283203125 
v 491.1133728027344 4.437368869781494 -1180.65283203125 
v 238.89932250976562 4.437367916107178 -1207.8526611328125 
v 238.89932250976562 4.437368869781494 -1180.65283203125 
v 213.70668029785156 4.437367916107178 -1207.8526611328125 
v 213.70668029785156 4.437368869781494 -1180.65283203125 
v 491.1133728027344 4.437367916107178 -1207.8526611328125 
v 491.1133728027344 149.55926513671875 -1207.8526611328125 
v 516.3060302734375 4.437367916107178 -1207.8526611328125 
v 516.3060302734375 179.60354614257812 -1207.8526611328125 
v 213.70668029785156 179.60354614257812 -1207.8526611328125 
v 238.89932250976562 149.55926513671875 -1207.8526611328125 
v 213.70668029785156 4.437367916107178 -1207.8526611328125 
v 238.89932250976562 4.437367916107178 -1207.8526611328125 
v 238.89932250976562 149.55926513671875 -1207.8526611328125 
v 491.1133728027344 149.55926513671875 -1207.8526611328125 
v 238.89932250976562 149.55926513671875 -1180.65283203125 
v 491.1133728027344 149.55926513671875 -1180.65283203125 
v 514.6458740234375 172.51246643066406 -1207.8526611328125 
v 514.6458740234375 172.51246643066406 -1226.4000244140625 
v 215.36683654785156 172.51246643066406 -1207.8526611328125 
v 215.36683654785156 172.51246643066406 -1226.4000244140625 
v 480.8793029785156 104.31944274902344 -1131.037353515625 
v 480.8793029785156 104.31944274902344 -1032.72607421875 
v 480.8793029785156 142.873779296875 -1131.037353515625 
v 480.8793029785156 142.873779296875 -1020.5888671875 
v 480.8793029785156 104.31944274902344 -1020.5888671875 
v 480.8793029785156 85.19686889648438 -1020.5888671875 
v 484.07525634765625 142.873779296875 -1131.037353515625 
v 484.07525634765625 104.31945037841797 -1131.037353515625 
v 480.8793029785156 142.873779296875 -1131.037353515625 
v 480.8793029785156 104.31944274902344 -1131.037353515625 
v 491.0789489746094 93.29945373535156 -1142.0626220703125 
v 238.983154296875 95.9659423828125 -1139.357177734375 
v 264.04315185546875 93.95742797851562 -1173.419921875 
v 238.89932250976562 93.95742797851562 -1210.3365478515625 
v 264.04315185546875 93.95742797851562 -1210.3365478515625 
v 491.1133728027344 104.31945037841797 -1131.037353515625 
v 249.13339233398438 104.31944274902344 -1131.037353515625 
v 245.93743896484375 104.31945037841797 -1131.037353515625 
v 238.89932250976562 104.31945037841797 -1131.037353515625 
v 249.13339233398438 142.873779296875 -1131.037353515625 
v 245.93743896484375 142.873779296875 -1131.037353515625 
v 465.9695739746094 93.95742797851562 -1173.419921875 
v 491.1133728027344 93.95742797851562 -1210.3365478515625 
v 465.9695739746094 93.95742797851562 -1210.3365478515625 
v 215.36683654785156 172.51246643066406 -1226.4000244140625 
v 215.36683654785156 154.59112548828125 -1226.4000244140625 
v 514.6458740234375 172.51246643066406 -1226.4000244140625 
v 514.6458740234375 154.59112548828125 -1226.4000244140625 
v 215.36683654785156 142.4681854248047 -1207.8526611328125 
v 514.6458740234375 142.4681854248047 -1207.8526611328125 
v 215.36683654785156 172.51246643066406 -1207.8526611328125 
v 514.6458740234375 172.51246643066406 -1207.8526611328125 
v 215.36683654785156 142.4681854248047 -1207.8526611328125 
v 215.36683654785156 172.51246643066406 -1207.8526611328125 
v 215.36683654785156 154.59112548828125 -1226.4000244140625 
v 215.36683654785156 172.51246643066406 -1226.4000244140625 
v 401.16204833984375 136.96221923828125 -1026.8465576171875 
v 401.16204833984375 132.56446838378906 -1031.9185791015625 
v 401.16204833984375 132.22877502441406 -1026.8465576171875 
v 401.16204833984375 127.83103942871094 -1031.9185791015625 
v 401.16204833984375 127.83103942871094 -1047.1961669921875 
v 401.16204833984375 132.56446838378906 -1047.1961669921875 
v 459.5044250488281 132.56446838378906 -1047.1961669921875 
v 459.5044250488281 132.56446838378906 -1031.9185791015625 
v 459.5044250488281 127.83103942871094 -1047.1961669921875 
v 459.5044250488281 127.83103942871094 -1031.9185791015625 
v 459.5044250488281 132.22877502441406 -1026.8465576171875 
v 459.5044250488281 136.96221923828125 -1026.8465576171875 
v 242.5076446533203 17.08506202697754 -1036.7313232421875 
v 487.50506591796875 17.08506202697754 -1036.7313232421875 
v 242.5076446533203 17.08506202697754 -1023.857421875 
v 487.50506591796875 17.08506202697754 -1023.857421875 
v 486.9458312988281 113.57183837890625 -1074.8076171875 
v 486.9458312988281 113.57184600830078 -1128.1978759765625 
v 486.9458312988281 148.78668212890625 -1075.0963134765625 
v 486.9458312988281 148.7866973876953 -1128.1978759765625 
v 491.1133728027344 93.95742797851562 -1210.3365478515625 
v 491.0789489746094 93.29945373535156 -1142.0626220703125 
v 491.1133728027344 34.06409454345703 -1210.3365478515625 
v 491.1133728027344 4.4373626708984375 -1210.3365478515625 
v 491.1133728027344 4.4373626708984375 -1020.5888671875 
v 491.1133728027344 104.31945037841797 -1131.037353515625 
v 491.1133728027344 104.31945037841797 -1020.5888671875 
v 491.1133728027344 34.06409454345703 -1228.0306396484375 
v 491.1133728027344 73.50662231445312 -1228.03076171875 
v 491.1133728027344 85.18260955810547 -1210.3365478515625 
v 242.5076446533203 28.835853576660156 -1036.7313232421875 
v 487.50506591796875 28.835853576660156 -1036.7313232421875 
v 242.5076446533203 28.835851669311523 -1033.5350341796875 
v 487.50506591796875 28.835851669311523 -1033.53515625 
v 487.50506591796875 19.345060348510742 -1034.4713134765625 
v 242.5076446533203 19.345060348510742 -1034.4713134765625 
v 487.50506591796875 20.281286239624023 -1023.857421875 
v 242.5076446533203 20.281286239624023 -1023.857421875 
v 487.50506591796875 17.08506202697754 -1023.857421875 
v 242.5076446533203 17.08506202697754 -1023.857421875 
v 247.17340087890625 136.96221923828125 -1026.8465576171875 
v 247.17340087890625 132.56446838378906 -1031.9185791015625 
v 482.83929443359375 136.96221923828125 -1026.8465576171875 
v 482.83929443359375 132.56446838378906 -1031.9185791015625 
v 482.83929443359375 132.56446838378906 -1047.1961669921875 
v 247.17340087890625 132.56446838378906 -1047.1961669921875 
v 247.17340087890625 135.7606964111328 -1047.1961669921875 
v 247.17340087890625 135.55897521972656 -1033.0360107421875 
v 482.83929443359375 135.7606964111328 -1047.1961669921875 
v 482.83929443359375 135.55897521972656 -1033.0360107421875 
v 247.17340087890625 139.3771209716797 -1028.9403076171875 
v 482.83929443359375 139.3771209716797 -1028.9403076171875 
v 482.83929443359375 136.96221923828125 -1026.8465576171875 
v 247.17340087890625 136.96221923828125 -1026.8465576171875 
v 247.1474609375 140.76437377929688 -1160.4061279296875 
v 482.865234375 140.76437377929688 -1160.4061279296875 
v 247.1474609375 140.76437377929688 -1149.6639404296875 
v 482.865234375 140.76437377929688 -1149.6639404296875 
v 247.1474609375 150.06727600097656 -1144.29296875 
v 482.865234375 150.06727600097656 -1144.29296875 
v 247.1474609375 159.3701629638672 -1149.6639404296875 
v 482.865234375 159.3701629638672 -1149.6639404296875 
v 247.1474609375 159.37017822265625 -1160.4061279296875 
v 482.865234375 159.37017822265625 -1160.4061279296875 
v 247.1474609375 150.06727600097656 -1165.7769775390625 
v 482.865234375 150.06727600097656 -1165.777099609375 
v 247.1474609375 140.76437377929688 -1160.4061279296875 
v 482.865234375 140.76437377929688 -1160.4061279296875 
v 470.0718994140625 218.39263916015625 -1155.0350341796875 
v 470.0718994140625 187.01576232910156 -1155.0350341796875 
v 473.0988464355469 218.39263916015625 -1147.7271728515625 
v 473.0988464355469 187.0157470703125 -1147.7271728515625 
v 480.40667724609375 218.39263916015625 -1144.7001953125 
v 480.40667724609375 187.0157470703125 -1144.7001953125 
v 487.7144775390625 218.39263916015625 -1147.7271728515625 
v 487.7144775390625 187.0157470703125 -1147.7271728515625 
v 490.741455078125 218.39263916015625 -1155.0350341796875 
v 490.741455078125 187.01576232910156 -1155.0350341796875 
v 487.7144775390625 218.39263916015625 -1162.3427734375 
v 487.7144775390625 187.01576232910156 -1162.3427734375 
v 480.40667724609375 218.39263916015625 -1165.3697509765625 
v 480.40667724609375 187.01576232910156 -1165.3697509765625 
v 473.0988464355469 218.39263916015625 -1162.3427734375 
v 473.0988464355469 187.01576232910156 -1162.3427734375 
v 470.0718994140625 218.39263916015625 -1155.0350341796875 
v 470.0718994140625 187.01576232910156 -1155.0350341796875 
v 404.3583984375 132.56446838378906 -1047.1961669921875 
v 401.16204833984375 132.56446838378906 -1047.1961669921875 
v 404.3583984375 132.56446838378906 -1031.9185791015625 
v 401.16204833984375 132.56446838378906 -1031.9185791015625 
v 404.3583984375 136.96221923828125 -1026.8465576171875 
v 401.16204833984375 136.96221923828125 -1026.8465576171875 
v 404.3583984375 132.22877502441406 -1026.8465576171875 
v 401.16204833984375 132.22877502441406 -1026.8465576171875 
v 404.3583984375 127.83103942871094 -1031.9185791015625 
v 401.16204833984375 127.83103942871094 -1031.9185791015625 
v 404.3583984375 127.83103942871094 -1047.1961669921875 
v 401.16204833984375 127.83103942871094 -1047.1961669921875 
v 238.89932250976562 4.437368869781494 -1180.65283203125 
v 238.89932250976562 4.437367916107178 -1207.8526611328125 
v 238.89932250976562 149.55926513671875 -1180.65283203125 
v 238.89932250976562 149.55926513671875 -1207.8526611328125 
v 213.70668029785156 179.60354614257812 -1207.8526611328125 
v 213.70668029785156 4.437367916107178 -1207.8526611328125 
v 213.70668029785156 179.60353088378906 -1180.65283203125 
v 213.70668029785156 4.437368869781494 -1180.65283203125 
v 273.7046203613281 136.96221923828125 -1026.8465576171875 
v 273.7046203613281 132.22877502441406 -1026.8465576171875 
v 273.7046203613281 132.56446838378906 -1031.9185791015625 
v 273.7046203613281 127.83103942871094 -1031.9185791015625 
v 273.7046203613281 127.83103942871094 -1047.1961669921875 
v 273.7046203613281 132.56446838378906 -1047.1961669921875 
v 328.85064697265625 136.96221923828125 -1026.8465576171875 
v 328.85064697265625 132.56446838378906 -1031.9185791015625 
v 328.85064697265625 132.22877502441406 -1026.8465576171875 
v 328.85064697265625 127.83103942871094 -1031.9185791015625 
v 328.85064697265625 127.83103942871094 -1047.1961669921875 
v 328.85064697265625 132.56446838378906 -1047.1961669921875 
v 236.19508361816406 179.60353088378906 -1075.0963134765625 
v 236.19508361816406 148.78668212890625 -1075.0963134765625 
v 236.19508361816406 179.60354614257812 -1128.19775390625 
v 236.19508361816406 148.7866973876953 -1128.19775390625 
v 484.07525634765625 176.4814910888672 -1060.267578125 
v 484.07525634765625 176.4814910888672 -1042.7464599609375 
v 484.07525634765625 113.48237609863281 -1060.267578125 
v 484.07525634765625 113.48237609863281 -1042.7464599609375 
v 491.1133728027344 4.437368392944336 -1192.9881591796875 
v 491.1133728027344 4.437368392944336 -1206.4852294921875 
v 491.1133728027344 1.2411413192749023 -1192.9881591796875 
v 491.1133728027344 1.2411413192749023 -1206.4852294921875 
v 514.6458740234375 172.51246643066406 -1226.4000244140625 
v 514.6458740234375 154.59112548828125 -1226.4000244140625 
v 514.6458740234375 172.51246643066406 -1207.8526611328125 
v 514.6458740234375 142.4681854248047 -1207.8526611328125 
v 480.8793029785156 4.437356948852539 -1020.5888671875 
v 480.8793029785156 54.3309211730957 -1020.5888671875 
v 491.1133728027344 4.4373626708984375 -1020.5888671875 
v 491.1133728027344 104.31945037841797 -1020.5888671875 
v 480.8793029785156 85.19686889648438 -1020.5888671875 
v 480.8793029785156 104.31944274902344 -1020.5888671875 
v 484.07525634765625 104.31945037841797 -1020.5888671875 
v 480.8793029785156 142.873779296875 -1020.5888671875 
v 484.07525634765625 142.873779296875 -1020.5888671875 
v 484.07525634765625 104.31945037841797 -1131.037353515625 
v 484.07525634765625 142.873779296875 -1131.037353515625 
v 484.07525634765625 104.31945037841797 -1020.5888671875 
v 484.07525634765625 142.873779296875 -1020.5888671875 
v 478.85638427734375 1.2411413192749023 -1022.1603393554688 
v 478.85638427734375 1.2411413192749023 -1035.6573486328125 
v 491.1133728027344 1.2411413192749023 -1022.1603393554688 
v 491.1133728027344 1.2411413192749023 -1035.6573486328125 
v 247.17340087890625 132.56446838378906 -1047.1961669921875 
v 247.17340087890625 135.7606964111328 -1047.1961669921875 
v 482.83929443359375 132.56446838378906 -1047.1961669921875 
v 482.83929443359375 135.7606964111328 -1047.1961669921875 
v 251.1563262939453 1.2411413192749023 -1022.1603393554688 
v 238.89932250976562 1.2411413192749023 -1022.1603393554688 
v 251.1563262939453 1.2411413192749023 -1035.6573486328125 
v 238.89932250976562 1.2411413192749023 -1035.6573486328125 
v 251.1563262939453 1.2411413192749023 -1192.9881591796875 
v 238.89932250976562 1.2411413192749023 -1192.9881591796875 
v 251.1563262939453 1.2411413192749023 -1206.4852294921875 
v 238.89932250976562 1.2411413192749023 -1206.4852294921875 
v 242.74110412597656 176.4814910888672 -1060.267578125 
v 242.74110412597656 113.48237609863281 -1060.267578125 
v 242.74110412597656 176.4814910888672 -1042.7464599609375 
v 242.74110412597656 113.48237609863281 -1042.7464599609375 
v 365.00634765625 170.25247192382812 -1210.1126708984375 
v 217.21200561523438 170.66709899902344 -1209.697998046875 
v 365.00634765625 145.279296875 -1209.37353515625 
v 217.13380432128906 144.8105926513672 -1209.1199951171875 
v 217.32911682128906 155.79151916503906 -1224.18115234375 
v 365.00634765625 156.11204528808594 -1223.5888671875 
v 365.00634765625 170.25247192382812 -1224.1400146484375 
v 512.68359375 155.79151916503906 -1224.18115234375 
v 512.8007202148438 170.66709899902344 -1224.5546875 
v 512.8007202148438 170.66709899902344 -1209.697998046875 
v 365.00634765625 170.25247192382812 -1210.1126708984375 
v 217.21200561523438 170.66709899902344 -1209.697998046875 
v 217.21200561523438 170.66709899902344 -1224.5546875 
v 512.8007202148438 170.66709899902344 -1209.697998046875 
v 512.87890625 144.8105926513672 -1209.1199951171875 
v 217.13380432128906 144.8105926513672 -1209.1199951171875 
v 217.21200561523438 170.66709899902344 -1209.697998046875 
v 217.32911682128906 155.79151916503906 -1224.18115234375 
v 217.21200561523438 170.66709899902344 -1224.5546875 
v 242.5076446533203 28.835853576660156 -1036.7313232421875 
v 487.50506591796875 28.835853576660156 -1036.7313232421875 
v 242.5076446533203 17.08506202697754 -1036.7313232421875 
v 487.50506591796875 17.08506202697754 -1036.7313232421875 
v 463.3999938964844 192.0646514892578 -1119.6280517578125 
v 266.61273193359375 192.0646514892578 -1119.6280517578125 
v 463.3999938964844 181.86354064941406 -1119.8089599609375 
v 266.61273193359375 181.86354064941406 -1119.8089599609375 
v 463.3999938964844 196.5289306640625 -1141.6126708984375 
v 266.61273193359375 196.5289306640625 -1141.6126708984375 
v 463.3999938964844 196.5289306640625 -1161.956787109375 
v 266.61273193359375 196.5289306640625 -1161.956787109375 
v 463.3999938964844 192.06463623046875 -1183.94140625 
v 266.61273193359375 192.06463623046875 -1183.94140625 
v 463.3999938964844 181.86354064941406 -1183.760498046875 
v 266.61273193359375 181.86354064941406 -1183.760498046875 
v 463.3999938964844 182.7997589111328 -1197.1463623046875 
v 266.61273193359375 182.7997589111328 -1197.1463623046875 
v 266.61273193359375 179.60354614257812 -1197.1463623046875 
v 463.3999938964844 179.60354614257812 -1197.1463623046875 
v 463.3999938964844 182.79974365234375 -1108.409912109375 
v 266.61273193359375 182.79974365234375 -1108.409912109375 
v 266.61273193359375 179.60353088378906 -1108.409912109375 
v 463.3999938964844 179.60353088378906 -1108.409912109375 
v 478.85638427734375 4.437368392944336 -1022.1603393554688 
v 491.1133728027344 4.437368392944336 -1022.1603393554688 
v 478.85638427734375 1.2411413192749023 -1022.1603393554688 
v 491.1133728027344 1.2411413192749023 -1022.1603393554688 
v 270.50830078125 136.96221923828125 -1026.8465576171875 
v 270.50830078125 132.22877502441406 -1026.8465576171875 
v 270.50830078125 132.56446838378906 -1031.9185791015625 
v 270.50830078125 127.83103942871094 -1031.9185791015625 
v 270.50830078125 127.83103942871094 -1047.1961669921875 
v 270.50830078125 132.56446838378906 -1047.1961669921875 
v 325.6543273925781 136.96221923828125 -1026.8465576171875 
v 325.6543273925781 132.56446838378906 -1031.9185791015625 
v 325.6543273925781 132.22877502441406 -1026.8465576171875 
v 325.6543273925781 127.83103942871094 -1031.9185791015625 
v 325.6543273925781 127.83103942871094 -1047.1961669921875 
v 325.6543273925781 132.56446838378906 -1047.1961669921875 
v 516.3060302734375 179.60354614257812 -1207.8526611328125 
v 213.70668029785156 179.60354614257812 -1207.8526611328125 
v 516.3060302734375 179.60353088378906 -1180.65283203125 
v 213.70668029785156 179.60353088378906 -1180.65283203125 
v 478.85638427734375 4.437368392944336 -1206.4852294921875 
v 478.85638427734375 1.2411413192749023 -1206.4852294921875 
v 478.85638427734375 4.437368392944336 -1192.9881591796875 
v 478.85638427734375 1.2411413192749023 -1192.9881591796875 
v 491.1133728027344 4.4373626708984375 -1020.5888671875 
v 480.8793029785156 4.437356948852539 -1020.5888671875 
v 491.1133728027344 4.4373626708984375 -1210.3365478515625 
v 480.8789367675781 4.437356472015381 -1044.4346923828125 
v 238.89932250976562 4.4373626708984375 -1210.3365478515625 
v 249.13377380371094 4.437356472015381 -1044.4346923828125 
v 249.13339233398438 4.437356948852539 -1020.5888061523438 
v 238.89932250976562 4.4373626708984375 -1020.5888061523438 
v 463.3999938964844 182.7997589111328 -1197.1463623046875 
v 463.3999938964844 179.60354614257812 -1197.1463623046875 
v 463.3999938964844 181.86354064941406 -1183.760498046875 
v 463.3999938964844 179.60353088378906 -1181.5006103515625 
v 463.3999938964844 190.00119018554688 -1181.5006103515625 
v 463.3999938964844 192.06463623046875 -1183.94140625 
v 463.3999938964844 196.5289306640625 -1161.956787109375 
v 463.3999938964844 193.3439178466797 -1161.68994140625 
v 463.3999938964844 193.3439178466797 -1141.8795166015625 
v 463.3999938964844 196.5289306640625 -1141.6126708984375 
v 463.3999938964844 190.00120544433594 -1122.06884765625 
v 463.3999938964844 192.0646514892578 -1119.6280517578125 
v 463.3999938964844 181.86354064941406 -1119.8089599609375 
v 463.3999938964844 179.60354614257812 -1122.06884765625 
v 463.3999938964844 179.60353088378906 -1108.409912109375 
v 463.3999938964844 182.79974365234375 -1108.409912109375 
v 484.07525634765625 113.48237609863281 -1042.7464599609375 
v 487.2716064453125 113.48237609863281 -1042.7464599609375 
v 484.07525634765625 176.4814910888672 -1042.7464599609375 
v 487.2716064453125 176.4814910888672 -1042.7464599609375 
v 491.1133728027344 4.437368392944336 -1022.1603393554688 
v 491.1133728027344 1.2411413192749023 -1022.1603393554688 
v 491.1133728027344 4.437368392944336 -1035.6573486328125 
v 491.1133728027344 1.2411413192749023 -1035.6573486328125 
v 484.07525634765625 176.4814910888672 -1060.267578125 
v 487.2716064453125 176.4814910888672 -1060.267578125 
v 484.07525634765625 113.48237609863281 -1060.267578125 
v 487.2716064453125 113.48237609863281 -1060.267578125 
v 251.1563262939453 4.437368392944336 -1022.1603393554688 
v 238.89932250976562 4.437368392944336 -1022.1603393554688 
v 251.1563262939453 1.2411413192749023 -1022.1603393554688 
v 238.89932250976562 1.2411413192749023 -1022.1603393554688 
v 238.89932250976562 4.437368392944336 -1035.6573486328125 
v 251.1563262939453 4.437368392944336 -1035.6573486328125 
v 238.89932250976562 1.2411413192749023 -1035.6573486328125 
v 251.1563262939453 1.2411413192749023 -1035.6573486328125 
v 251.1563262939453 4.437368392944336 -1035.6573486328125 
v 251.1563262939453 4.437368392944336 -1022.1603393554688 
v 251.1563262939453 1.2411413192749023 -1035.6573486328125 
v 251.1563262939453 1.2411413192749023 -1022.1603393554688 
v 238.89932250976562 4.437368392944336 -1022.1603393554688 
v 238.89932250976562 4.437368392944336 -1035.6573486328125 
v 238.89932250976562 1.2411413192749023 -1022.1603393554688 
v 238.89932250976562 1.2411413192749023 -1035.6573486328125 
v 251.1563262939453 4.437368392944336 -1192.9881591796875 
v 238.89932250976562 4.437368392944336 -1192.9881591796875 
v 251.1563262939453 1.2411413192749023 -1192.9881591796875 
v 238.89932250976562 1.2411413192749023 -1192.9881591796875 
v 238.89932250976562 4.437368392944336 -1206.4852294921875 
v 251.1563262939453 4.437368392944336 -1206.4852294921875 
v 238.89932250976562 1.2411413192749023 -1206.4852294921875 
v 251.1563262939453 1.2411413192749023 -1206.4852294921875 
v 251.1563262939453 4.437368392944336 -1206.4852294921875 
v 251.1563262939453 4.437368392944336 -1192.9881591796875 
v 251.1563262939453 1.2411413192749023 -1206.4852294921875 
v 251.1563262939453 1.2411413192749023 -1192.9881591796875 
v 238.89932250976562 4.437368392944336 -1192.9881591796875 
v 238.89932250976562 4.437368392944336 -1206.4852294921875 
v 238.89932250976562 1.2411413192749023 -1192.9881591796875 
v 238.89932250976562 1.2411413192749023 -1206.4852294921875 
v 245.93743896484375 176.4814910888672 -1060.267578125 
v 245.93743896484375 113.48237609863281 -1060.267578125 
v 242.74110412597656 176.4814910888672 -1060.267578125 
v 242.74110412597656 113.48237609863281 -1060.267578125 
v 245.93743896484375 113.48237609863281 -1042.7464599609375 
v 245.93743896484375 176.4814910888672 -1042.7464599609375 
v 242.74110412597656 113.48237609863281 -1042.7464599609375 
v 242.74110412597656 176.4814910888672 -1042.7464599609375 
v 245.93743896484375 176.4814910888672 -1042.7464599609375 
v 245.93743896484375 176.4814910888672 -1060.267578125 
v 242.74110412597656 176.4814910888672 -1042.7464599609375 
v 242.74110412597656 176.4814910888672 -1060.267578125 
v 245.93743896484375 113.48237609863281 -1060.267578125 
v 245.93743896484375 113.48237609863281 -1042.7464599609375 
v 242.74110412597656 113.48237609863281 -1060.267578125 
v 242.74110412597656 113.48237609863281 -1042.7464599609375 
v 463.3999938964844 179.60354614257812 -1197.1463623046875 
v 463.3999938964844 179.60353088378906 -1181.5006103515625 
v 266.61273193359375 179.60354614257812 -1197.1463623046875 
v 266.61273193359375 179.60353088378906 -1181.5006103515625 
v 266.61273193359375 182.79974365234375 -1108.409912109375 
v 266.61273193359375 181.86354064941406 -1119.8089599609375 
v 266.61273193359375 179.60353088378906 -1108.409912109375 
v 266.61273193359375 179.60354614257812 -1122.06884765625 
v 266.61273193359375 190.00120544433594 -1122.06884765625 
v 266.61273193359375 192.0646514892578 -1119.6280517578125 
v 266.61273193359375 196.5289306640625 -1141.6126708984375 
v 266.61273193359375 193.3439178466797 -1141.8795166015625 
v 266.61273193359375 196.5289306640625 -1161.956787109375 
v 266.61273193359375 193.3439178466797 -1161.68994140625 
v 266.61273193359375 190.00119018554688 -1181.5006103515625 
v 266.61273193359375 192.06463623046875 -1183.94140625 
v 266.61273193359375 181.86354064941406 -1183.760498046875 
v 266.61273193359375 179.60353088378906 -1181.5006103515625 
v 266.61273193359375 179.60354614257812 -1197.1463623046875 
v 266.61273193359375 182.7997589111328 -1197.1463623046875 
v 270.50830078125 132.56446838378906 -1047.1961669921875 
v 270.50830078125 132.56446838378906 -1031.9185791015625 
v 273.7046203613281 132.56446838378906 -1047.1961669921875 
v 273.7046203613281 132.56446838378906 -1031.9185791015625 
v 270.50830078125 136.96221923828125 -1026.8465576171875 
v 273.7046203613281 136.96221923828125 -1026.8465576171875 
v 270.50830078125 132.22877502441406 -1026.8465576171875 
v 273.7046203613281 132.22877502441406 -1026.8465576171875 
v 270.50830078125 127.83103942871094 -1031.9185791015625 
v 273.7046203613281 127.83103942871094 -1031.9185791015625 
v 270.50830078125 127.83103942871094 -1047.1961669921875 
v 273.7046203613281 127.83103942871094 -1047.1961669921875 
v 325.6543273925781 132.56446838378906 -1047.1961669921875 
v 328.85064697265625 132.56446838378906 -1047.1961669921875 
v 325.6543273925781 132.56446838378906 -1031.9185791015625 
v 328.85064697265625 132.56446838378906 -1031.9185791015625 
v 325.6543273925781 136.96221923828125 -1026.8465576171875 
v 328.85064697265625 136.96221923828125 -1026.8465576171875 
v 325.6543273925781 132.22877502441406 -1026.8465576171875 
v 328.85064697265625 132.22877502441406 -1026.8465576171875 
v 325.6543273925781 127.83103942871094 -1031.9185791015625 
v 328.85064697265625 127.83103942871094 -1031.9185791015625 
v 325.6543273925781 127.83103942871094 -1047.1961669921875 
v 328.85064697265625 127.83103942871094 -1047.1961669921875 
v 484.07525634765625 176.4814910888672 -1042.7464599609375 
v 484.07525634765625 176.4814910888672 -1060.267578125 
v 487.2716064453125 176.4814910888672 -1042.7464599609375 
v 487.2716064453125 176.4814910888672 -1060.267578125 
v 478.85638427734375 4.437368392944336 -1192.9881591796875 
v 491.1133728027344 4.437368392944336 -1192.9881591796875 
v 478.85638427734375 1.2411413192749023 -1192.9881591796875 
v 491.1133728027344 1.2411413192749023 -1192.9881591796875 
v 459.5044250488281 132.56446838378906 -1047.1961669921875 
v 459.5044250488281 132.56446838378906 -1031.9185791015625 
v 456.3080749511719 132.56446838378906 -1047.1961669921875 
v 456.3080749511719 132.56446838378906 -1031.9185791015625 
v 459.5044250488281 136.96221923828125 -1026.8465576171875 
v 456.3080749511719 136.96221923828125 -1026.8465576171875 
v 459.5044250488281 132.22877502441406 -1026.8465576171875 
v 456.3080749511719 132.22877502441406 -1026.8465576171875 
v 459.5044250488281 127.83103942871094 -1031.9185791015625 
v 456.3080749511719 127.83103942871094 -1031.9185791015625 
v 459.5044250488281 127.83103942871094 -1047.1961669921875 
v 456.3080749511719 127.83103942871094 -1047.1961669921875 
v 487.2716064453125 176.4814910888672 -1060.267578125 
v 487.2716064453125 176.4814910888672 -1042.7464599609375 
v 487.2716064453125 113.48237609863281 -1060.267578125 
v 487.2716064453125 113.48237609863281 -1042.7464599609375 
v 404.3583984375 136.96221923828125 -1026.8465576171875 
v 404.3583984375 132.22877502441406 -1026.8465576171875 
v 404.3583984375 132.56446838378906 -1031.9185791015625 
v 404.3583984375 127.83103942871094 -1031.9185791015625 
v 404.3583984375 127.83103942871094 -1047.1961669921875 
v 404.3583984375 132.56446838378906 -1047.1961669921875 
v 493.817626953125 148.78668212890625 -1075.0963134765625 
v 493.817626953125 148.7866973876953 -1128.1978759765625 
v 486.9458312988281 148.78668212890625 -1075.0963134765625 
v 486.9458312988281 148.7866973876953 -1128.1978759765625 
v 491.1133728027344 4.437368392944336 -1206.4852294921875 
v 478.85638427734375 4.437368392944336 -1206.4852294921875 
v 491.1133728027344 1.2411413192749023 -1206.4852294921875 
v 478.85638427734375 1.2411413192749023 -1206.4852294921875 
v 491.1133728027344 4.437367916107178 -1207.8526611328125 
v 491.1133728027344 4.437368869781494 -1180.65283203125 
v 516.3060302734375 4.437367916107178 -1207.8526611328125 
v 516.3060302734375 4.437368869781494 -1180.65283203125 
v 456.3080749511719 136.96221923828125 -1026.8465576171875 
v 456.3080749511719 132.22877502441406 -1026.8465576171875 
v 456.3080749511719 132.56446838378906 -1031.9185791015625 
v 456.3080749511719 127.83103942871094 -1031.9185791015625 
v 456.3080749511719 127.83103942871094 -1047.1961669921875 
v 456.3080749511719 132.56446838378906 -1047.1961669921875 
v 478.85638427734375 4.437368392944336 -1035.6573486328125 
v 478.85638427734375 1.2411413192749023 -1035.6573486328125 
v 478.85638427734375 4.437368392944336 -1022.1603393554688 
v 478.85638427734375 1.2411413192749023 -1022.1603393554688 
v 465.9695739746094 93.95742797851562 -1210.3365478515625 
v 465.9695739746094 108.38139343261719 -1173.419921875 
v 465.9695739746094 93.95742797851562 -1173.419921875 
v 516.3060302734375 179.60354614257812 -1207.8526611328125 
v 516.3060302734375 4.437367916107178 -1207.8526611328125 
v 516.3060302734375 179.60353088378906 -1180.65283203125 
v 516.3060302734375 4.437368869781494 -1180.65283203125 
v 491.1133728027344 4.437368392944336 -1035.6573486328125 
v 478.85638427734375 4.437368392944336 -1035.6573486328125 
v 491.1133728027344 1.2411413192749023 -1035.6573486328125 
v 478.85638427734375 1.2411413192749023 -1035.6573486328125 
v 480.8793029785156 104.31944274902344 -1131.037353515625 
v 480.8793029785156 104.31944274902344 -1032.72607421875 
v 249.13339233398438 104.31944274902344 -1131.037353515625 
v 249.13339233398438 104.31944274902344 -1032.72607421875 
v 249.13339233398438 101.33540344238281 -1030.8321533203125 
v 480.8793029785156 85.19686889648438 -1020.5888671875 
v 246.9124755859375 85.24160766601562 -1020.5888061523438 
v 478.85638427734375 1.2411413192749023 -1192.9881591796875 
v 478.85638427734375 1.2411413192749023 -1206.4852294921875 
v 491.1133728027344 1.2411413192749023 -1192.9881591796875 
v 491.1133728027344 1.2411413192749023 -1206.4852294921875 
v 491.1133728027344 4.437368869781494 -1180.65283203125 
v 491.1133728027344 149.55926513671875 -1180.65283203125 
v 491.1133728027344 4.437367916107178 -1207.8526611328125 
v 491.1133728027344 149.55926513671875 -1207.8526611328125 
v 245.93743896484375 104.31945037841797 -1131.037353515625 
v 245.93743896484375 104.31945037841797 -1020.5888061523438 
v 245.93743896484375 142.873779296875 -1131.037353515625 
v 245.93743896484375 142.873779296875 -1020.5888061523438 
v 238.89932250976562 34.06409454345703 -1228.0306396484375 
v 491.1133728027344 34.06409454345703 -1228.0306396484375 
v 238.89932250976562 34.06409454345703 -1210.3365478515625 
v 491.1133728027344 34.06409454345703 -1210.3365478515625 
v 245.93743896484375 104.31945037841797 -1020.5888061523438 
v 245.93743896484375 104.31945037841797 -1131.037353515625 
v 238.89932250976562 104.31945037841797 -1020.5888061523438 
v 238.89932250976562 104.31945037841797 -1131.037353515625 
v 491.1133728027344 34.06409454345703 -1228.0306396484375 
v 238.89932250976562 34.06409454345703 -1228.0306396484375 
v 491.1133728027344 73.50662231445312 -1228.03076171875 
v 238.89932250976562 73.50662231445312 -1228.03076171875 
v 491.1133728027344 85.18260955810547 -1210.3365478515625 
v 238.89932250976562 85.18260955810547 -1210.3365478515625 
v 465.9695739746094 93.95742797851562 -1210.3365478515625 
v 264.04315185546875 93.95742797851562 -1210.3365478515625 
v 465.9695739746094 108.38139343261719 -1173.419921875 
v 264.04315185546875 108.38139343261719 -1173.419921875 
v 491.1133728027344 93.95742797851562 -1210.3365478515625 
v 238.89932250976562 93.95742797851562 -1210.3365478515625 
v 238.89932250976562 104.31945037841797 -1020.5888061523438 
v 238.89932250976562 104.31945037841797 -1131.037353515625 
v 238.89932250976562 4.4373626708984375 -1020.5888061523438 
v 238.983154296875 95.9659423828125 -1139.357177734375 
v 238.89932250976562 4.4373626708984375 -1210.3365478515625 
v 238.89932250976562 34.06409454345703 -1210.3365478515625 
v 238.89932250976562 93.95742797851562 -1210.3365478515625 
v 245.93743896484375 142.873779296875 -1020.5888061523438 
v 245.93743896484375 104.31945037841797 -1020.5888061523438 
v 249.13339233398438 142.873779296875 -1020.5888061523438 
v 249.13339233398438 104.31944274902344 -1020.5888061523438 
v 246.68092346191406 101.69135284423828 -1020.5888061523438 
v 238.89932250976562 104.31945037841797 -1020.5888061523438 
v 246.9124755859375 85.24160766601562 -1020.5888061523438 
v 249.13339233398438 54.3309211730957 -1020.5888061523438 
v 238.89932250976562 4.4373626708984375 -1020.5888061523438 
v 249.13339233398438 4.437356948852539 -1020.5888061523438 
v 249.13339233398438 101.33540344238281 -1030.8321533203125 
v 249.13339233398438 101.60002899169922 -1020.5888061523438 
v 249.13339233398438 104.31944274902344 -1020.5888061523438 
v 249.13339233398438 104.31944274902344 -1032.72607421875 
v 249.13339233398438 142.873779296875 -1020.5888061523438 
v 249.13339233398438 142.873779296875 -1131.037353515625 
v 249.13339233398438 104.31944274902344 -1131.037353515625 
v 245.93743896484375 142.873779296875 -1131.037353515625 
v 249.13339233398438 142.873779296875 -1131.037353515625 
v 245.93743896484375 142.873779296875 -1020.5888061523438 
v 249.13339233398438 142.873779296875 -1020.5888061523438 
v 264.04315185546875 93.95742797851562 -1210.3365478515625 
v 264.04315185546875 108.38139343261719 -1173.419921875 
v 264.04315185546875 93.95742797851562 -1173.419921875 
v 238.89932250976562 85.18260955810547 -1210.3365478515625 
v 238.89932250976562 73.50662231445312 -1228.03076171875 
v 238.89932250976562 34.06409454345703 -1210.3365478515625 
v 238.89932250976562 34.06409454345703 -1228.0306396484375 
v 493.817626953125 179.60353088378906 -1075.0963134765625 
v 493.817626953125 148.78668212890625 -1075.0963134765625 
v 493.817626953125 179.60354614257812 -1128.1978759765625 
v 493.817626953125 148.7866973876953 -1128.1978759765625 
v 243.06687927246094 148.7866973876953 -1128.19775390625 
v 243.06687927246094 113.57184600830078 -1128.19775390625 
v 243.06687927246094 148.78668212890625 -1075.0963134765625 
v 243.06687927246094 113.57183837890625 -1074.8076171875 
v 484.07525634765625 113.48237609863281 -1060.267578125 
v 487.2716064453125 113.48237609863281 -1060.267578125 
v 484.07525634765625 113.48237609863281 -1042.7464599609375 
v 487.2716064453125 113.48237609863281 -1042.7464599609375 
v 512.8007202148438 170.66709899902344 -1224.5546875 
v 512.8007202148438 170.66709899902344 -1209.697998046875 
v 512.68359375 155.79151916503906 -1224.18115234375 
v 512.87890625 144.8105926513672 -1209.1199951171875 
v 491.1133728027344 4.4373626708984375 -1210.3365478515625 
v 238.89932250976562 4.4373626708984375 -1210.3365478515625 
v 491.1133728027344 34.06409454345703 -1210.3365478515625 
v 238.89932250976562 34.06409454345703 -1210.3365478515625 
v 463.3999938964844 179.60353088378906 -1181.5006103515625 
v 463.3999938964844 190.00119018554688 -1181.5006103515625 
v 266.61273193359375 179.60353088378906 -1181.5006103515625 
v 266.61273193359375 190.00119018554688 -1181.5006103515625 
v 463.3999938964844 193.3439178466797 -1161.68994140625 
v 266.61273193359375 193.3439178466797 -1161.68994140625 
v 463.3999938964844 193.3439178466797 -1141.8795166015625 
v 266.61273193359375 193.3439178466797 -1141.8795166015625 
v 463.3999938964844 190.00120544433594 -1122.06884765625 
v 266.61273193359375 190.00120544433594 -1122.06884765625 
v 266.61273193359375 179.60354614257812 -1122.06884765625 
v 463.3999938964844 179.60354614257812 -1122.06884765625 
v 480.8789367675781 4.437356472015381 -1044.4346923828125 
v 480.8793029785156 4.437356948852539 -1020.5888671875 
v 480.8789367675781 47.11452865600586 -1044.4346923828125 
v 480.8793029785156 54.3309211730957 -1020.5888671875 
v 249.13339233398438 54.3309211730957 -1020.5888061523438 
v 249.13339233398438 4.437356948852539 -1020.5888061523438 
v 249.13377380371094 47.11452865600586 -1044.4346923828125 
v 249.13377380371094 4.437356472015381 -1044.4346923828125 
v 480.8793029785156 54.3309211730957 -1020.5888671875 
v 480.8793029785156 85.19686889648438 -1020.5888671875 
v 249.13339233398438 54.3309211730957 -1020.5888061523438 
v 246.9124755859375 85.24160766601562 -1020.5888061523438 
v 480.8789367675781 4.437356472015381 -1044.4346923828125 
v 480.8789367675781 47.11452865600586 -1044.4346923828125 
v 249.13377380371094 4.437356472015381 -1044.4346923828125 
v 249.13377380371094 47.11452865600586 -1044.4346923828125 
v 480.8793029785156 54.3309211730957 -1020.5888671875 
v 249.13339233398438 54.3309211730957 -1020.5888061523438 
v 465.9695739746094 93.95742797851562 -1173.419921875 
v 264.04315185546875 93.95742797851562 -1173.419921875 
v 465.9695739746094 108.38139343261719 -1173.419921875 
v 264.04315185546875 108.38139343261719 -1173.419921875 
v 484.07525634765625 104.31945037841797 -1020.5888671875 
v 484.07525634765625 104.31945037841797 -1131.037353515625 
v 491.1133728027344 104.31945037841797 -1020.5888671875 
v 491.1133728027344 104.31945037841797 -1131.037353515625 
v 243.06687927246094 113.57184600830078 -1128.19775390625 
v 243.06687927246094 113.57183837890625 -1074.8076171875 
v 246.62599182128906 113.57184600830078 -1128.19775390625 
v 246.62599182128906 113.57183837890625 -1074.8076171875 
v 236.19508361816406 179.60353088378906 -1075.0963134765625 
v 236.19508361816406 179.60354614257812 -1128.19775390625 
v 493.817626953125 179.60353088378906 -1075.0963134765625 
v 493.817626953125 179.60354614257812 -1128.1978759765625 
v 483.38671875 128.7705841064453 -1128.1978759765625 
v 246.62599182128906 128.7705841064453 -1128.19775390625 
v 483.38671875 128.7705841064453 -1074.8076171875 
v 246.62599182128906 128.7705841064453 -1074.8076171875 
v 486.9458312988281 113.57184600830078 -1128.1978759765625 
v 483.38671875 113.57184600830078 -1128.1978759765625 
v 486.9458312988281 113.57183837890625 -1074.8076171875 
v 483.38671875 113.57183837890625 -1074.8076171875 
v 483.0884094238281 105.96826171875 -1160.4061279296875 
v 246.92430114746094 105.96826171875 -1160.4061279296875 
v 483.0884094238281 105.96824645996094 -1149.6639404296875 
v 246.92430114746094 105.96824645996094 -1149.6639404296875 
v 483.0884094238281 115.27114868164062 -1144.29296875 
v 246.92430114746094 115.27114868164062 -1144.29296875 
v 483.0884094238281 124.57404327392578 -1149.6639404296875 
v 246.92430114746094 124.57404327392578 -1149.6639404296875 
v 483.0884094238281 124.57405090332031 -1160.4061279296875 
v 246.92430114746094 124.57405090332031 -1160.4061279296875 
v 483.0884094238281 115.27116394042969 -1165.777099609375 
v 246.92430114746094 115.27116394042969 -1165.7769775390625 
v 483.0884094238281 105.96826171875 -1160.4061279296875 
v 246.92430114746094 105.96826171875 -1160.4061279296875 
v 259.9408264160156 187.01576232910156 -1155.0350341796875 
v 259.9408264160156 218.39263916015625 -1155.0350341796875 
v 256.9138488769531 187.01576232910156 -1162.3427734375 
v 256.9138488769531 218.39263916015625 -1162.3427734375 
v 249.6060333251953 187.01576232910156 -1165.3697509765625 
v 249.6060333251953 218.39263916015625 -1165.3697509765625 
v 242.2982177734375 187.01576232910156 -1162.3427734375 
v 242.2982177734375 218.39263916015625 -1162.3427734375 
v 239.27125549316406 187.01576232910156 -1155.0350341796875 
v 239.27125549316406 218.39263916015625 -1155.0350341796875 
v 242.2982177734375 187.0157470703125 -1147.7271728515625 
v 242.2982177734375 218.39263916015625 -1147.7271728515625 
v 249.6060333251953 187.0157470703125 -1144.7001953125 
v 249.6060333251953 218.39263916015625 -1144.7001953125 
v 256.9138488769531 187.0157470703125 -1147.7271728515625 
v 256.9138488769531 218.39263916015625 -1147.7271728515625 
v 259.9408264160156 187.01576232910156 -1155.0350341796875 
v 259.9408264160156 218.39263916015625 -1155.0350341796875 
v 256.9138488769531 218.39263916015625 -1147.7271728515625 
v 249.6060333251953 218.39263916015625 -1144.7001953125 
v 259.9408264160156 218.39263916015625 -1155.0350341796875 
v 249.6060333251953 218.39263916015625 -1165.3697509765625 
v 256.9138488769531 218.39263916015625 -1162.3427734375 
v 242.2982177734375 218.39263916015625 -1162.3427734375 
v 239.27125549316406 218.39263916015625 -1155.0350341796875 
v 242.2982177734375 218.39263916015625 -1147.7271728515625 
v 244.04306030273438 193.4338836669922 -1138.1551513671875 
v 255.28268432617188 193.4338836669922 -1138.1551513671875 
v 244.04306030273438 193.4338836669922 -1171.9149169921875 
v 255.28268432617188 193.4338836669922 -1171.9149169921875 
v 255.28268432617188 193.4338836669922 -1138.1551513671875 
v 255.28268432617188 93.65943908691406 -1138.1551513671875 
v 255.28268432617188 193.4338836669922 -1171.9149169921875 
v 255.28268432617188 93.65943908691406 -1171.9149169921875 
v 244.04306030273438 193.4338836669922 -1171.9149169921875 
v 244.04306030273438 93.65943908691406 -1171.9149169921875 
v 244.04306030273438 193.4338836669922 -1138.1551513671875 
v 244.04306030273438 93.65943908691406 -1138.1551513671875 
v 255.28268432617188 193.4338836669922 -1171.9149169921875 
v 255.28268432617188 93.65943908691406 -1171.9149169921875 
v 244.04306030273438 193.4338836669922 -1171.9149169921875 
v 244.04306030273438 93.65943908691406 -1171.9149169921875 
v 244.04306030273438 193.4338836669922 -1138.1551513671875 
v 244.04306030273438 93.65943908691406 -1138.1551513671875 
v 255.28268432617188 193.4338836669922 -1138.1551513671875 
v 255.28268432617188 93.65943908691406 -1138.1551513671875 
v 487.7144775390625 218.39263916015625 -1162.3427734375 
v 480.40667724609375 218.39263916015625 -1165.3697509765625 
v 490.741455078125 218.39263916015625 -1155.0350341796875 
v 470.0718994140625 218.39263916015625 -1155.0350341796875 
v 487.7144775390625 218.39263916015625 -1147.7271728515625 
v 480.40667724609375 218.39263916015625 -1144.7001953125 
v 473.0988464355469 218.39263916015625 -1147.7271728515625 
v 473.0988464355469 218.39263916015625 -1162.3427734375 
v 474.7300109863281 193.4338836669922 -1138.1551513671875 
v 474.7300109863281 193.4338836669922 -1171.9149169921875 
v 485.9696350097656 193.4338836669922 -1138.1551513671875 
v 485.9696350097656 193.4338836669922 -1171.9149169921875 
v 474.7300109863281 193.4338836669922 -1138.1551513671875 
v 474.7300109863281 93.65943908691406 -1138.1551513671875 
v 474.7300109863281 193.4338836669922 -1171.9149169921875 
v 474.7300109863281 93.65943908691406 -1171.9149169921875 
v 485.9696350097656 193.4338836669922 -1171.9149169921875 
v 485.9696350097656 93.65943908691406 -1171.9149169921875 
v 485.9696350097656 193.4338836669922 -1138.1551513671875 
v 485.9696350097656 93.65943908691406 -1138.1551513671875 
v 474.7300109863281 193.4338836669922 -1171.9149169921875 
v 474.7300109863281 93.65943908691406 -1171.9149169921875 
v 485.9696350097656 193.4338836669922 -1171.9149169921875 
v 485.9696350097656 93.65943908691406 -1171.9149169921875 
v 485.9696350097656 193.4338836669922 -1138.1551513671875 
v 485.9696350097656 93.65943908691406 -1138.1551513671875 
v 474.7300109863281 193.4338836669922 -1138.1551513671875 
v 474.7300109863281 93.65943908691406 -1138.1551513671875 
v 243.46475219726562 165.67453002929688 -1054.90283203125 
v 485.2524719238281 165.67453002929688 -1054.9029541015625 
v 243.46475219726562 170.22654724121094 -1054.90283203125 
v 485.2524719238281 170.22654724121094 -1054.9029541015625 
v 485.2524719238281 173.2809295654297 -1047.2965087890625 
v 243.46475219726562 173.2809295654297 -1047.2965087890625 
v 243.46475219726562 165.67453002929688 -1047.2965087890625 
v 485.2524719238281 165.67453002929688 -1047.2965087890625 
v 243.46475219726562 165.67453002929688 -1054.90283203125 
v 485.2524719238281 165.67453002929688 -1054.9029541015625 
v 251.1563262939453 1.2411413192749023 -1108.6224365234375 
v 251.1563262939453 1.2411413192749023 -1122.1195068359375 
v 238.89932250976562 1.2411413192749023 -1108.6224365234375 
v 238.89932250976562 1.2411413192749023 -1122.1195068359375 
v 251.1563262939453 4.437368392944336 -1108.6224365234375 
v 251.1563262939453 1.2411413192749023 -1108.6224365234375 
v 238.89932250976562 4.437368392944336 -1108.6224365234375 
v 238.89932250976562 1.2411413192749023 -1108.6224365234375 
v 238.89932250976562 4.437368392944336 -1122.1195068359375 
v 238.89932250976562 1.2411413192749023 -1122.1195068359375 
v 251.1563262939453 4.437368392944336 -1122.1195068359375 
v 251.1563262939453 1.2411413192749023 -1122.1195068359375 
v 251.1563262939453 4.437368392944336 -1122.1195068359375 
v 251.1563262939453 1.2411413192749023 -1122.1195068359375 
v 251.1563262939453 4.437368392944336 -1108.6224365234375 
v 251.1563262939453 1.2411413192749023 -1108.6224365234375 
v 238.89932250976562 4.437368392944336 -1108.6224365234375 
v 238.89932250976562 1.2411413192749023 -1108.6224365234375 
v 238.89932250976562 4.437368392944336 -1122.1195068359375 
v 238.89932250976562 1.2411413192749023 -1122.1195068359375 
v 491.0408935546875 1.2411413192749023 -1108.6224365234375 
v 491.0408935546875 1.2411413192749023 -1122.1195068359375 
v 478.7839050292969 1.2411413192749023 -1108.6224365234375 
v 478.7839050292969 1.2411413192749023 -1122.1195068359375 
v 491.0408935546875 4.437368392944336 -1108.6224365234375 
v 491.0408935546875 1.2411413192749023 -1108.6224365234375 
v 478.7839050292969 4.437368392944336 -1108.6224365234375 
v 478.7839050292969 1.2411413192749023 -1108.6224365234375 
v 478.7839050292969 4.437368392944336 -1122.1195068359375 
v 478.7839050292969 1.2411413192749023 -1122.1195068359375 
v 491.0408935546875 4.437368392944336 -1122.1195068359375 
v 491.0408935546875 1.2411413192749023 -1122.1195068359375 
v 491.0408935546875 4.437368392944336 -1122.1195068359375 
v 491.0408935546875 1.2411413192749023 -1122.1195068359375 
v 491.0408935546875 4.437368392944336 -1108.6224365234375 
v 491.0408935546875 1.2411413192749023 -1108.6224365234375 
v 478.7839050292969 4.437368392944336 -1108.6224365234375 
v 478.7839050292969 1.2411413192749023 -1108.6224365234375 
v 478.7839050292969 4.437368392944336 -1122.1195068359375 
v 478.7839050292969 1.2411413192749023 -1122.1195068359375 
v 256.9138488769531 187.0157470703125 -1147.7271728515625 
v 259.9408264160156 187.01576232910156 -1155.0350341796875 
v 249.6060333251953 187.0157470703125 -1144.7001953125 
v 239.27125549316406 187.01576232910156 -1155.0350341796875 
v 242.2982177734375 187.0157470703125 -1147.7271728515625 
v 256.9138488769531 187.01576232910156 -1162.3427734375 
v 249.6060333251953 187.01576232910156 -1165.3697509765625 
v 242.2982177734375 187.01576232910156 -1162.3427734375 
v 487.7144775390625 187.0157470703125 -1147.7271728515625 
v 480.40667724609375 187.0157470703125 -1144.7001953125 
v 490.741455078125 187.01576232910156 -1155.0350341796875 
v 480.40667724609375 187.01576232910156 -1165.3697509765625 
v 487.7144775390625 187.01576232910156 -1162.3427734375 
v 473.0988464355469 187.0157470703125 -1147.7271728515625 
v 470.0718994140625 187.01576232910156 -1155.0350341796875 
v 473.0988464355469 187.01576232910156 -1162.3427734375 
v 188.2953643798828 168.84437561035156 -926.2914428710938 
v 189.3352508544922 169.88430786132812 -926.2914428710938 
v 188.2953643798828 168.84439086914062 -905.2229614257812 
v 189.3352508544922 169.88430786132812 -905.2229614257812 
v 239.83917236328125 169.88430786132812 -905.2229614257812 
v 239.83917236328125 169.88430786132812 -926.2914428710938 
v 240.87905883789062 168.84437561035156 -926.2914428710938 
v 240.87905883789062 168.84439086914062 -905.2229614257812 
v 189.3352508544922 169.88430786132812 -777.8340454101562 
v 239.83917236328125 169.88430786132812 -777.833984375 
v 255.2814483642578 203.56411743164062 -777.833984375 
v 240.87905883789062 168.84439086914062 -777.833984375 
v 240.87905883789062 103.27273559570312 -777.833984375 
v 254.4811248779297 22.887083053588867 -778.1964111328125 
v 188.2953643798828 103.27273559570312 -777.8340454101562 
v 158.4087371826172 22.887083053588867 -778.1964111328125 
v 158.31947326660156 203.56411743164062 -777.8340454101562 
v 156.95037841796875 203.43124389648438 -779.4226684570312 
v 158.4087371826172 205.10220336914062 -779.84521484375 
v 253.73497009277344 205.10220336914062 -779.84521484375 
v 255.93948364257812 202.89776611328125 -779.8497314453125 
v 255.93948364257812 22.8870849609375 -780.2075805664062 
v 188.2953643798828 168.84439086914062 -777.8340454101562 
v 156.95037841796875 22.8870849609375 -780.2075805664062 
v 156.95037841796875 186.6936798095703 -795.3358154296875 
v 142.90390014648438 178.55226135253906 -801.7310791015625 
v 156.95037841796875 109.98460388183594 -795.3358154296875 
v 142.90390014648438 118.12602233886719 -801.7310791015625 
v 156.95037841796875 22.8870849609375 -780.2075805664062 
v 156.95037841796875 109.98458862304688 -890.068603515625 
v 156.95037841796875 22.887083053588867 -905.19677734375 
v 156.95037841796875 203.4312744140625 -905.9818115234375 
v 156.95037841796875 186.69366455078125 -890.068603515625 
v 156.95037841796875 203.43124389648438 -779.4226684570312 
v 156.95037841796875 186.6936798095703 -795.3358154296875 
v 156.95037841796875 109.98460388183594 -795.3358154296875 
v 156.95037841796875 186.69366455078125 -890.068603515625 
v 142.90390014648438 178.55226135253906 -883.6732788085938 
v 156.95037841796875 186.6936798095703 -795.3358154296875 
v 142.90390014648438 178.55226135253906 -801.7310791015625 
v 188.2953643798828 103.27273559570312 -905.2229614257812 
v 188.2953643798828 168.84439086914062 -905.2229614257812 
v 188.2953643798828 103.27272033691406 -926.2913818359375 
v 188.2953643798828 168.84437561035156 -926.2914428710938 
v 156.95037841796875 186.69366455078125 -890.068603515625 
v 156.95037841796875 109.98458862304688 -890.068603515625 
v 142.90390014648438 178.55226135253906 -883.6732788085938 
v 142.90390014648438 118.12602233886719 -883.6732788085938 
v 156.95037841796875 109.98458862304688 -890.068603515625 
v 156.95037841796875 109.98460388183594 -795.3358154296875 
v 142.90390014648438 118.12602233886719 -883.6732788085938 
v 142.90390014648438 118.12602233886719 -801.7310791015625 
v 156.95037841796875 22.887083053588867 -905.19677734375 
v 156.95037841796875 203.4312744140625 -905.9818115234375 
v 158.4087371826172 22.887083053588867 -907.2080688476562 
v 158.31947326660156 203.56414794921875 -907.5703735351562 
v 188.2953643798828 103.27273559570312 -907.5703735351562 
v 188.2953643798828 168.84439086914062 -907.5703735351562 
v 189.3352508544922 169.88430786132812 -907.5703735351562 
v 255.28182983398438 203.56414794921875 -907.5703735351562 
v 239.83917236328125 169.88430786132812 -907.5703735351562 
v 240.87905883789062 168.84439086914062 -907.5703735351562 
v 240.87905883789062 103.27273559570312 -907.5703735351562 
v 254.4811248779297 22.887083053588867 -907.2080688476562 
v 158.4087371826172 205.10223388671875 -905.5591430664062 
v 253.73497009277344 205.10223388671875 -905.5591430664062 
v 255.93948364257812 202.8977813720703 -905.5545654296875 
v 255.93948364257812 22.887083053588867 -905.19677734375 
v 188.2953643798828 103.27272033691406 -779.8038940429688 
v 188.2953643798828 103.27273559570312 -759.1129150390625 
v 188.2953643798828 168.84437561035156 -779.8038940429688 
v 188.2953643798828 168.84439086914062 -759.1129150390625 
v 188.2953643798828 103.27273559570312 -759.1129150390625 
v 188.2953643798828 103.27272033691406 -779.8038940429688 
v 189.3352508544922 103.27273559570312 -757.6788330078125 
v 239.83917236328125 103.27273559570312 -757.6788330078125 
v 240.87905883789062 103.27272033691406 -779.8038330078125 
v 240.87905883789062 103.27273559570312 -759.1129150390625 
v 240.87905883789062 103.27272033691406 -926.2913818359375 
v 239.83917236328125 168.84437561035156 -927.7255249023438 
v 239.83917236328125 103.27272033691406 -927.7255249023438 
v 189.3352508544922 168.84437561035156 -927.7255859375 
v 189.3352508544922 103.27272033691406 -927.7255249023438 
v 188.2953643798828 168.84437561035156 -926.2914428710938 
v 188.2953643798828 103.27272033691406 -926.2913818359375 
v 240.87905883789062 168.84437561035156 -926.2914428710938 
v 239.83917236328125 169.88430786132812 -926.2914428710938 
v 189.3352508544922 169.88430786132812 -926.2914428710938 
v 329.1317138671875 40.94783401489258 -907.3800048828125 
v 329.1317138671875 40.94783401489258 -917.7379760742188 
v 329.1317138671875 31.140140533447266 -907.3800048828125 
v 329.1317138671875 31.140140533447266 -917.7379760742188 
v 365.26983642578125 31.140140533447266 -907.3800048828125 
v 365.2702331542969 31.140140533447266 -917.7379760742188 
v 365.26983642578125 40.94783401489258 -907.3800048828125 
v 365.2702331542969 40.94783401489258 -917.7379760742188 
v 329.1317138671875 31.140140533447266 -907.3800048828125 
v 329.1317138671875 31.140140533447266 -917.7379760742188 
v 320.1927185058594 31.140140533447266 -907.3800048828125 
v 320.1927185058594 31.140140533447266 -917.7379760742188 
v 373.00531005859375 31.140140533447266 -917.7379760742188 
v 365.2702331542969 31.140140533447266 -917.7379760742188 
v 373.00531005859375 31.140140533447266 -907.3800048828125 
v 365.26983642578125 31.140140533447266 -907.3800048828125 
v 463.0851745605469 5.1824774742126465 -918.1249389648438 
v 463.0851745605469 5.1824774742126465 -901.995849609375 
v 471.63427734375 5.1824774742126465 -918.1249389648438 
v 471.63427734375 5.1824774742126465 -901.995849609375 
v 463.0851745605469 28.03359603881836 -901.995849609375 
v 463.0851745605469 28.03359603881836 -918.1249389648438 
v 471.63427734375 28.03359603881836 -901.995849609375 
v 471.63427734375 28.03359603881836 -918.1249389648438 
v 463.0851745605469 28.03359603881836 -918.1249389648438 
v 463.0851745605469 28.03359603881836 -901.995849609375 
v 463.0851745605469 5.1824774742126465 -918.1249389648438 
v 463.0851745605469 5.1824774742126465 -901.995849609375 
v 454.95263671875 5.1824774742126465 -918.1249389648438 
v 463.0851745605469 5.1824774742126465 -918.1249389648438 
v 454.95263671875 5.1824774742126465 -930.5994262695312 
v 463.0851745605469 5.1824774742126465 -930.5994262695312 
v 459.002685546875 5.1824774742126465 -918.1249389648438 
v 459.002685546875 5.1824774742126465 -930.5994262695312 
v 459.002685546875 28.03359603881836 -918.1249389648438 
v 146.21620178222656 28.03359603881836 -907.3800048828125 
v 462.8837585449219 28.03359603881836 -907.3800048828125 
v 146.21620178222656 28.03359603881836 -917.7379760742188 
v 463.0851745605469 28.03359603881836 -918.1249389648438 
v 463.0851745605469 5.1824774742126465 -918.1249389648438 
v 462.8837585449219 5.1824774742126465 -907.3800048828125 
v 146.21620178222656 5.1824774742126465 -917.7379760742188 
v 146.21620178222656 5.1824774742126465 -907.3800048828125 
v 146.21620178222656 28.03359603881836 -907.3800048828125 
v 146.21620178222656 5.1824774742126465 -907.3800048828125 
v 462.8837585449219 28.03359603881836 -907.3800048828125 
v 462.8837585449219 5.1824774742126465 -907.3800048828125 
v 365.2702331542969 40.94783401489258 -917.7379760742188 
v 365.26983642578125 40.94783401489258 -907.3800048828125 
v 329.1317138671875 40.94783401489258 -917.7379760742188 
v 329.1317138671875 40.94783401489258 -907.3800048828125 
v 463.0851745605469 28.03359603881836 -918.1249389648438 
v 454.95263671875 28.03359603881836 -918.1249389648438 
v 463.0851745605469 5.1824774742126465 -918.1249389648438 
v 454.95263671875 5.1824774742126465 -918.1249389648438 
v 330.4569091796875 39.62267303466797 -907.3800048828125 
v 330.4569091796875 39.62267303466797 -917.7379760742188 
v 330.4569091796875 29.81497573852539 -907.3800048828125 
v 330.4569091796875 29.81497573852539 -917.7379760742188 
v 363.94500732421875 29.81497573852539 -907.3800048828125 
v 363.94500732421875 29.81497573852539 -917.7379760742188 
v 363.94500732421875 39.62267303466797 -907.3800048828125 
v 363.94500732421875 39.62267303466797 -917.7379760742188 
v 461.75994873046875 3.857316732406616 -901.995849609375 
v 471.63427734375 3.308354377746582 -901.995849609375 
v 462.8837585449219 3.308354377746582 -917.7379760742188 
v 471.63427734375 3.308354377746582 -918.1249389648438 
v 461.75994873046875 29.35875701904297 -901.995849609375 
v 462.0029296875 29.115617752075195 -917.0429077148438 
v 471.63427734375 29.90771484375 -901.995849609375 
v 471.63427734375 29.90771484375 -918.1249389648438 
v 461.75994873046875 29.35875701904297 -901.995849609375 
v 461.75994873046875 3.857316732406616 -901.995849609375 
v 462.0029296875 29.115617752075195 -917.0429077148438 
v 462.8837585449219 3.308354377746582 -917.7379760742188 
v 454.95263671875 3.857316732406616 -916.7998046875 
v 462.8837585449219 3.308354377746582 -917.7379760742188 
v 454.95263671875 3.308354377746582 -930.5994262695312 
v 463.0851745605469 3.308354377746582 -930.5994262695312 
v 457.1285400390625 5.1824774742126465 -918.1249389648438 
v 457.1285400390625 5.1824774742126465 -930.5994262695312 
v 457.1285400390625 28.03359603881836 -918.1249389648438 
v 462.8837585449219 29.35875701904297 -906.0548706054688 
v 462.8837585449219 29.90771484375 -917.7379760742188 
v 146.21620178222656 29.35875701904297 -906.0548706054688 
v 146.21620178222656 29.90771484375 -917.7379760742188 
v 146.21620178222656 28.03359603881836 -917.7379760742188 
v 463.0851745605469 28.03359603881836 -918.1249389648438 
v 462.8837585449219 3.857316732406616 -906.0548706054688 
v 146.21620178222656 3.857316732406616 -906.0548706054688 
v 462.8837585449219 3.308354377746582 -917.7379760742188 
v 146.21620178222656 3.308354377746582 -917.7379760742188 
v 146.21620178222656 5.1824774742126465 -917.7379760742188 
v 463.0851745605469 5.1824774742126465 -918.1249389648438 
v 146.21620178222656 29.35875701904297 -906.0548706054688 
v 462.8837585449219 29.35875701904297 -906.0548706054688 
v 146.21620178222656 3.857316732406616 -906.0548706054688 
v 462.8837585449219 3.857316732406616 -906.0548706054688 
v 363.94500732421875 39.62267303466797 -917.7379760742188 
v 330.4569091796875 39.62267303466797 -917.7379760742188 
v 363.94500732421875 39.62267303466797 -907.3800048828125 
v 330.4569091796875 39.62267303466797 -907.3800048828125 
v 462.0029296875 29.115617752075195 -917.0429077148438 
v 462.8837585449219 3.308354377746582 -917.7379760742188 
v 454.95263671875 28.03359603881836 -916.2509155273438 
v 454.95263671875 3.857316732406616 -916.7998046875 
v 463.0851745605469 28.03359603881836 -918.1249389648438 
v 462.8837585449219 28.03359603881836 -907.3800048828125 
v 462.8837585449219 29.90771484375 -917.7379760742188 
v 462.8837585449219 29.35875701904297 -906.0548706054688 
v 462.8837585449219 3.857316732406616 -906.0548706054688 
v 462.8837585449219 5.1824774742126465 -907.3800048828125 
v 462.8837585449219 3.308354377746582 -917.7379760742188 
v 463.0851745605469 5.1824774742126465 -918.1249389648438 
v 146.21620178222656 28.03359603881836 -917.7379760742188 
v 146.21620178222656 29.90771484375 -917.7379760742188 
v 146.21620178222656 28.03359603881836 -907.3800048828125 
v 146.21620178222656 29.35875701904297 -906.0548706054688 
v 146.21620178222656 5.1824774742126465 -907.3800048828125 
v 146.21620178222656 3.857316732406616 -906.0548706054688 
v 146.21620178222656 3.308354377746582 -917.7379760742188 
v 146.21620178222656 5.1824774742126465 -917.7379760742188 
v 320.1927185058594 31.140140533447266 -907.3800048828125 
v 320.1927185058594 31.140140533447266 -917.7379760742188 
v 320.1927185058594 29.266019821166992 -907.3800048828125 
v 320.1927185058594 29.266019821166992 -917.7379760742188 
v 320.1927185058594 31.140140533447266 -907.3800048828125 
v 320.1927185058594 29.266019821166992 -907.3800048828125 
v 329.1317138671875 31.140140533447266 -907.3800048828125 
v 330.4569091796875 29.81497573852539 -907.3800048828125 
v 330.4569091796875 39.62267303466797 -907.3800048828125 
v 329.1317138671875 40.94783401489258 -907.3800048828125 
v 365.26983642578125 40.94783401489258 -907.3800048828125 
v 363.94500732421875 39.62267303466797 -907.3800048828125 
v 365.26983642578125 31.140140533447266 -907.3800048828125 
v 363.94500732421875 29.81497573852539 -907.3800048828125 
v 373.00531005859375 29.266019821166992 -907.3800048828125 
v 373.00531005859375 31.140140533447266 -907.3800048828125 
v 320.1927185058594 31.140140533447266 -917.7379760742188 
v 320.1927185058594 29.266019821166992 -917.7379760742188 
v 329.1317138671875 31.140140533447266 -917.7379760742188 
v 330.4569091796875 29.81497573852539 -917.7379760742188 
v 330.4569091796875 39.62267303466797 -917.7379760742188 
v 329.1317138671875 40.94783401489258 -917.7379760742188 
v 365.2702331542969 40.94783401489258 -917.7379760742188 
v 363.94500732421875 39.62267303466797 -917.7379760742188 
v 365.2702331542969 31.140140533447266 -917.7379760742188 
v 363.94500732421875 29.81497573852539 -917.7379760742188 
v 373.00531005859375 29.266019821166992 -917.7379760742188 
v 373.00531005859375 31.140140533447266 -917.7379760742188 
v 373.00531005859375 31.140140533447266 -917.7379760742188 
v 373.00531005859375 31.140140533447266 -907.3800048828125 
v 373.00531005859375 29.266019821166992 -917.7379760742188 
v 373.00531005859375 29.266019821166992 -907.3800048828125 
v 261.01263427734375 28.03359603881836 -778.4817504882812 
v 261.01263427734375 26.159473419189453 -778.4817504882812 
v 261.01263427734375 28.03359603881836 -907.0287475585938 
v 261.01263427734375 26.159473419189453 -907.0287475585938 
v 251.97982788085938 26.708438873291016 -907.0287475585938 
v 251.97982788085938 26.708438873291016 -778.4817504882812 
v 471.63427734375 5.1824774742126465 -918.1249389648438 
v 471.63427734375 5.1824774742126465 -901.995849609375 
v 471.63427734375 3.308354377746582 -918.1249389648438 
v 471.63427734375 3.308354377746582 -901.995849609375 
v 471.63427734375 5.1824774742126465 -901.995849609375 
v 463.0851745605469 5.1824774742126465 -901.995849609375 
v 471.63427734375 3.308354377746582 -901.995849609375 
v 461.75994873046875 3.857316732406616 -901.995849609375 
v 462.8837585449219 3.308354377746582 -917.7379760742188 
v 463.0851745605469 5.1824774742126465 -918.1249389648438 
v 471.63427734375 3.308354377746582 -918.1249389648438 
v 471.63427734375 5.1824774742126465 -918.1249389648438 
v 471.63427734375 28.03359603881836 -901.995849609375 
v 471.63427734375 28.03359603881836 -918.1249389648438 
v 471.63427734375 29.90771484375 -901.995849609375 
v 471.63427734375 29.90771484375 -918.1249389648438 
v 471.63427734375 28.03359603881836 -918.1249389648438 
v 463.0851745605469 28.03359603881836 -918.1249389648438 
v 471.63427734375 29.90771484375 -918.1249389648438 
v 462.0029296875 29.115617752075195 -917.0429077148438 
v 461.75994873046875 29.35875701904297 -901.995849609375 
v 463.0851745605469 28.03359603881836 -901.995849609375 
v 471.63427734375 29.90771484375 -901.995849609375 
v 471.63427734375 28.03359603881836 -901.995849609375 
v 463.0851745605469 28.03359603881836 -918.1249389648438 
v 454.95263671875 28.03359603881836 -918.1249389648438 
v 462.0029296875 29.115617752075195 -917.0429077148438 
v 454.95263671875 28.03359603881836 -916.2509155273438 
v 454.95263671875 5.1824774742126465 -930.5994262695312 
v 463.0851745605469 5.1824774742126465 -930.5994262695312 
v 454.95263671875 3.308354377746582 -930.5994262695312 
v 463.0851745605469 3.308354377746582 -930.5994262695312 
v 463.0851745605469 5.1824774742126465 -930.5994262695312 
v 463.0851745605469 5.1824774742126465 -918.1249389648438 
v 463.0851745605469 3.308354377746582 -930.5994262695312 
v 462.8837585449219 3.308354377746582 -917.7379760742188 
v 454.95263671875 3.857316732406616 -916.7998046875 
v 454.95263671875 5.1824774742126465 -918.1249389648438 
v 454.95263671875 3.308354377746582 -930.5994262695312 
v 454.95263671875 5.1824774742126465 -930.5994262695312 
v 459.002685546875 28.03359603881836 -918.1249389648438 
v 459.002685546875 5.1824774742126465 -930.5994262695312 
v 457.1285400390625 28.03359603881836 -918.1249389648438 
v 457.1285400390625 5.1824774742126465 -930.5994262695312 
v 146.21620178222656 28.03359603881836 -907.3800048828125 
v 146.21620178222656 28.03359603881836 -778.4817504882812 
v 146.21620178222656 29.90771484375 -907.0287475585938 
v 146.21620178222656 29.90771484375 -778.4817504882812 
v 157.89947509765625 29.35875701904297 -907.0287475585938 
v 157.89947509765625 29.35875701904297 -778.4817504882812 
v 454.95263671875 28.03359603881836 -918.1249389648438 
v 454.95263671875 5.1824774742126465 -918.1249389648438 
v 454.95263671875 28.03359603881836 -916.2509155273438 
v 454.95263671875 3.857316732406616 -916.7998046875 
v 463.0851745605469 5.1824774742126465 -901.995849609375 
v 463.0851745605469 28.03359603881836 -901.995849609375 
v 461.75994873046875 3.857316732406616 -901.995849609375 
v 461.75994873046875 29.35875701904297 -901.995849609375 
v 329.1317138671875 40.94783401489258 -778.1304321289062 
v 329.1317138671875 31.140140533447266 -778.1304321289062 
v 329.1317138671875 40.94783401489258 -767.7724609375 
v 329.1317138671875 31.140140533447266 -767.7724609375 
v 365.26983642578125 31.140140533447266 -778.1304321289062 
v 365.26983642578125 40.94783401489258 -778.1304321289062 
v 365.26983642578125 31.140140533447266 -767.7724609375 
v 365.26983642578125 40.94783401489258 -767.7724609375 
v 329.1317138671875 31.140140533447266 -778.1304321289062 
v 320.1927185058594 31.140140533447266 -778.1304321289062 
v 329.1317138671875 31.140140533447266 -767.7724609375 
v 320.1927185058594 31.140140533447266 -767.7724609375 
v 365.26983642578125 31.140140533447266 -767.7724609375 
v 373.00531005859375 31.140140533447266 -767.7724609375 
v 365.26983642578125 31.140140533447266 -778.1304321289062 
v 373.00531005859375 31.140140533447266 -778.1304321289062 
v 157.89947509765625 29.35875701904297 -907.0287475585938 
v 157.89947509765625 29.35875701904297 -778.4817504882812 
v 157.89947509765625 3.857316732406616 -907.0287475585938 
v 157.89947509765625 3.857316732406616 -778.4817504882812 
v 146.21620178222656 28.03359603881836 -907.3800048828125 
v 156.57424926757812 28.03359603881836 -907.0287475585938 
v 146.21620178222656 28.03359603881836 -778.4817504882812 
v 156.57424926757812 28.03359603881836 -778.4817504882812 
v 251.97982788085938 26.708438873291016 -907.0287475585938 
v 251.97982788085938 26.708438873291016 -778.4817504882812 
v 251.97982788085938 6.507629871368408 -907.0287475585938 
v 251.97982788085938 6.507629871368408 -778.4817504882812 
v 261.01263427734375 28.03359603881836 -907.0287475585938 
v 250.6549835205078 28.03359603881836 -907.0287475585938 
v 261.01263427734375 28.03359603881836 -778.4817504882812 
v 250.6549835205078 28.03359603881836 -778.4817504882812 
v 250.6549835205078 5.182476997375488 -907.0287475585938 
v 261.01263427734375 5.182476997375488 -907.0287475585938 
v 250.6549835205078 5.1824774742126465 -778.4817504882812 
v 261.01263427734375 5.1824774742126465 -778.4817504882812 
v 463.0851745605469 5.182476997375488 -767.3854370117188 
v 471.63427734375 5.182476997375488 -767.3854370117188 
v 463.0851745605469 5.182476997375488 -783.5145263671875 
v 471.63427734375 5.182476997375488 -783.5145263671875 
v 463.0851745605469 28.03359603881836 -783.5145263671875 
v 471.63427734375 28.03359603881836 -783.5145263671875 
v 462.8837585449219 28.03359603881836 -767.7724609375 
v 471.63427734375 28.03359603881836 -767.3854370117188 
v 463.0851745605469 28.03359603881836 -783.5145263671875 
v 462.8837585449219 28.03359603881836 -767.7724609375 
v 463.0851745605469 5.182476997375488 -783.5145263671875 
v 463.0851745605469 5.182476997375488 -767.3854370117188 
v 454.95263671875 5.182476997375488 -767.3854370117188 
v 454.95263671875 5.182476997375488 -754.9110107421875 
v 463.0851745605469 5.182476997375488 -767.3854370117188 
v 463.0851745605469 5.182476997375488 -754.9110107421875 
v 459.002685546875 5.182476997375488 -767.3854370117188 
v 459.002685546875 28.03359603881836 -767.3854370117188 
v 459.002685546875 5.182476997375488 -754.9110107421875 
v 462.8837585449219 28.03359603881836 -767.7724609375 
v 462.8837585449219 28.03359603881836 -778.1304321289062 
v 146.21620178222656 28.03359603881836 -767.7724609375 
v 146.21620178222656 28.03359603881836 -778.4817504882812 
v 156.57424926757812 5.1824774742126465 -778.4817504882812 
v 146.21620178222656 5.1824774742126465 -778.4817504882812 
v 156.57424926757812 5.182476997375488 -907.0287475585938 
v 146.21620178222656 5.1824774742126465 -907.3800048828125 
v 146.21620178222656 5.1824774742126465 -778.4817504882812 
v 462.8837585449219 5.1824774742126465 -778.1304321289062 
v 146.21620178222656 5.1824774742126465 -767.7724609375 
v 463.0851745605469 5.182476997375488 -767.3854370117188 
v 146.21620178222656 28.03359603881836 -778.4817504882812 
v 462.8837585449219 28.03359603881836 -778.1304321289062 
v 146.21620178222656 5.1824774742126465 -778.4817504882812 
v 462.8837585449219 5.1824774742126465 -778.1304321289062 
v 365.26983642578125 40.94783401489258 -767.7724609375 
v 329.1317138671875 40.94783401489258 -767.7724609375 
v 365.26983642578125 40.94783401489258 -778.1304321289062 
v 329.1317138671875 40.94783401489258 -778.1304321289062 
v 463.0851745605469 5.182476997375488 -767.3854370117188 
v 454.95263671875 5.182476997375488 -767.3854370117188 
v 462.8837585449219 28.03359603881836 -767.7724609375 
v 454.95263671875 28.03359603881836 -767.3854370117188 
v 330.4569091796875 39.62267303466797 -778.1304321289062 
v 330.4569091796875 29.81497573852539 -778.1304321289062 
v 330.4569091796875 39.62267303466797 -767.7724609375 
v 330.4569091796875 29.81497573852539 -767.7724609375 
v 363.94500732421875 29.81497573852539 -778.1304321289062 
v 363.94500732421875 39.62267303466797 -778.1304321289062 
v 363.94500732421875 29.81497573852539 -767.7724609375 
v 363.94500732421875 39.62267303466797 -767.7724609375 
v 146.21620178222656 5.1824774742126465 -907.3800048828125 
v 146.21620178222656 5.1824774742126465 -778.4817504882812 
v 146.21620178222656 3.308354377746582 -907.0287475585938 
v 146.21620178222656 3.308354377746582 -778.4817504882812 
v 157.89947509765625 3.857316732406616 -778.4817504882812 
v 157.89947509765625 3.857316732406616 -907.0287475585938 
v 261.01263427734375 5.1824774742126465 -778.4817504882812 
v 261.01263427734375 5.182476997375488 -907.0287475585938 
v 261.01263427734375 7.0565924644470215 -778.4817504882812 
v 261.01263427734375 7.0565924644470215 -907.0287475585938 
v 251.97982788085938 6.507629871368408 -778.4817504882812 
v 251.97982788085938 6.507629871368408 -907.0287475585938 
v 471.63427734375 3.308354377746582 -767.3854370117188 
v 462.3199462890625 3.65226674079895 -768.1505126953125 
v 471.63427734375 3.308354377746582 -783.5145263671875 
v 461.75994873046875 3.857316732406616 -783.5145263671875 
v 461.75994873046875 29.35875701904297 -783.5145263671875 
v 462.0029296875 29.115617752075195 -768.4674682617188 
v 471.63427734375 29.90771484375 -783.5145263671875 
v 471.63427734375 29.90771484375 -767.3854370117188 
v 462.3199462890625 3.65226674079895 -768.1505126953125 
v 462.0029296875 29.115617752075195 -768.4674682617188 
v 461.75994873046875 3.857316732406616 -783.5145263671875 
v 461.75994873046875 29.35875701904297 -783.5145263671875 
v 454.95263671875 3.857316732406616 -768.7105712890625 
v 462.3199462890625 3.65226674079895 -768.1505126953125 
v 454.95263671875 3.308354377746582 -754.9110107421875 
v 463.0851745605469 3.308354377746582 -754.9110107421875 
v 457.1285400390625 5.182476997375488 -767.3854370117188 
v 457.1285400390625 5.182476997375488 -754.9110107421875 
v 457.1285400390625 28.03359603881836 -767.3854370117188 
v 146.21620178222656 29.35875701904297 -779.4556274414062 
v 462.8837585449219 29.35875701904297 -779.45556640625 
v 146.21620178222656 29.90771484375 -767.7724609375 
v 462.8837585449219 29.90771484375 -767.7724609375 
v 146.21620178222656 28.03359603881836 -767.7724609375 
v 462.8837585449219 28.03359603881836 -767.7724609375 
v 462.8837585449219 3.857316732406616 -779.45556640625 
v 146.21620178222656 3.857316732406616 -779.4556274414062 
v 462.3199462890625 3.65226674079895 -768.1505126953125 
v 146.21620178222656 3.308353900909424 -767.7724609375 
v 146.21620178222656 5.1824774742126465 -767.7724609375 
v 463.0851745605469 5.182476997375488 -767.3854370117188 
v 146.21620178222656 29.35875701904297 -779.4556274414062 
v 462.8837585449219 29.35875701904297 -779.45556640625 
v 146.21620178222656 3.857316732406616 -779.4556274414062 
v 462.8837585449219 3.857316732406616 -779.45556640625 
v 363.94500732421875 39.62267303466797 -767.7724609375 
v 330.4569091796875 39.62267303466797 -767.7724609375 
v 363.94500732421875 39.62267303466797 -778.1304321289062 
v 330.4569091796875 39.62267303466797 -778.1304321289062 
v 462.0029296875 29.115617752075195 -768.4674682617188 
v 462.3199462890625 3.65226674079895 -768.1505126953125 
v 454.95263671875 28.03359603881836 -769.259521484375 
v 454.95263671875 3.857316732406616 -768.7105712890625 
v 462.8837585449219 28.03359603881836 -767.7724609375 
v 462.8837585449219 28.03359603881836 -778.1304321289062 
v 462.8837585449219 29.90771484375 -767.7724609375 
v 462.8837585449219 29.35875701904297 -779.45556640625 
v 462.8837585449219 3.857316732406616 -779.45556640625 
v 462.8837585449219 5.1824774742126465 -778.1304321289062 
v 462.3199462890625 3.65226674079895 -768.1505126953125 
v 463.0851745605469 5.182476997375488 -767.3854370117188 
v 146.21620178222656 28.03359603881836 -767.7724609375 
v 146.21620178222656 29.90771484375 -767.7724609375 
v 146.21620178222656 28.03359603881836 -778.4817504882812 
v 146.21620178222656 29.35875701904297 -779.4556274414062 
v 146.21620178222656 5.1824774742126465 -778.4817504882812 
v 146.21620178222656 3.857316732406616 -779.4556274414062 
v 146.21620178222656 3.308353900909424 -767.7724609375 
v 146.21620178222656 5.1824774742126465 -767.7724609375 
v 320.1927185058594 31.140140533447266 -778.1304321289062 
v 320.1927185058594 31.140140533447266 -767.7724609375 
v 320.1927185058594 29.266019821166992 -778.1304321289062 
v 320.1927185058594 29.266019821166992 -767.7724609375 
v 320.1927185058594 31.140140533447266 -778.1304321289062 
v 320.1927185058594 29.266019821166992 -778.1304321289062 
v 329.1317138671875 31.140140533447266 -778.1304321289062 
v 330.4569091796875 29.81497573852539 -778.1304321289062 
v 330.4569091796875 39.62267303466797 -778.1304321289062 
v 329.1317138671875 40.94783401489258 -778.1304321289062 
v 365.26983642578125 40.94783401489258 -778.1304321289062 
v 363.94500732421875 39.62267303466797 -778.1304321289062 
v 365.26983642578125 31.140140533447266 -778.1304321289062 
v 363.94500732421875 29.81497573852539 -778.1304321289062 
v 373.00531005859375 29.266019821166992 -778.1304321289062 
v 373.00531005859375 31.140140533447266 -778.1304321289062 
v 320.1927185058594 31.140140533447266 -767.7724609375 
v 320.1927185058594 29.266019821166992 -767.7724609375 
v 329.1317138671875 31.140140533447266 -767.7724609375 
v 330.4569091796875 29.81497573852539 -767.7724609375 
v 330.4569091796875 39.62267303466797 -767.7724609375 
v 329.1317138671875 40.94783401489258 -767.7724609375 
v 365.26983642578125 40.94783401489258 -767.7724609375 
v 363.94500732421875 39.62267303466797 -767.7724609375 
v 365.26983642578125 31.140140533447266 -767.7724609375 
v 363.94500732421875 29.81497573852539 -767.7724609375 
v 373.00531005859375 29.266019821166992 -767.7724609375 
v 373.00531005859375 31.140140533447266 -767.7724609375 
v 373.00531005859375 31.140140533447266 -767.7724609375 
v 373.00531005859375 31.140140533447266 -778.1304321289062 
v 373.00531005859375 29.266019821166992 -767.7724609375 
v 373.00531005859375 29.266019821166992 -778.1304321289062 
v 156.57424926757812 28.03359603881836 -907.0287475585938 
v 156.57424926757812 28.03359603881836 -778.4817504882812 
v 156.57424926757812 5.182476997375488 -907.0287475585938 
v 156.57424926757812 5.1824774742126465 -778.4817504882812 
v 250.6549835205078 28.03359603881836 -907.0287475585938 
v 250.6549835205078 28.03359603881836 -778.4817504882812 
v 250.6549835205078 5.182476997375488 -907.0287475585938 
v 250.6549835205078 5.1824774742126465 -778.4817504882812 
v 471.63427734375 5.182476997375488 -767.3854370117188 
v 471.63427734375 5.182476997375488 -783.5145263671875 
v 471.63427734375 3.308354377746582 -767.3854370117188 
v 471.63427734375 3.308354377746582 -783.5145263671875 
v 471.63427734375 5.182476997375488 -783.5145263671875 
v 463.0851745605469 5.182476997375488 -783.5145263671875 
v 471.63427734375 3.308354377746582 -783.5145263671875 
v 461.75994873046875 3.857316732406616 -783.5145263671875 
v 471.63427734375 5.182476997375488 -767.3854370117188 
v 471.63427734375 3.308354377746582 -767.3854370117188 
v 463.0851745605469 5.182476997375488 -767.3854370117188 
v 462.3199462890625 3.65226674079895 -768.1505126953125 
v 471.63427734375 28.03359603881836 -783.5145263671875 
v 471.63427734375 28.03359603881836 -767.3854370117188 
v 471.63427734375 29.90771484375 -783.5145263671875 
v 471.63427734375 29.90771484375 -767.3854370117188 
v 471.63427734375 28.03359603881836 -767.3854370117188 
v 462.8837585449219 28.03359603881836 -767.7724609375 
v 471.63427734375 29.90771484375 -767.3854370117188 
v 462.0029296875 29.115617752075195 -768.4674682617188 
v 471.63427734375 28.03359603881836 -783.5145263671875 
v 471.63427734375 29.90771484375 -783.5145263671875 
v 463.0851745605469 28.03359603881836 -783.5145263671875 
v 461.75994873046875 29.35875701904297 -783.5145263671875 
v 462.8837585449219 28.03359603881836 -767.7724609375 
v 454.95263671875 28.03359603881836 -767.3854370117188 
v 462.0029296875 29.115617752075195 -768.4674682617188 
v 454.95263671875 28.03359603881836 -769.259521484375 
v 454.95263671875 5.182476997375488 -754.9110107421875 
v 463.0851745605469 5.182476997375488 -754.9110107421875 
v 454.95263671875 3.308354377746582 -754.9110107421875 
v 463.0851745605469 3.308354377746582 -754.9110107421875 
v 463.0851745605469 5.182476997375488 -754.9110107421875 
v 463.0851745605469 5.182476997375488 -767.3854370117188 
v 463.0851745605469 3.308354377746582 -754.9110107421875 
v 462.3199462890625 3.65226674079895 -768.1505126953125 
v 454.95263671875 5.182476997375488 -754.9110107421875 
v 454.95263671875 3.308354377746582 -754.9110107421875 
v 454.95263671875 5.182476997375488 -767.3854370117188 
v 454.95263671875 3.857316732406616 -768.7105712890625 
v 459.002685546875 28.03359603881836 -767.3854370117188 
v 459.002685546875 5.182476997375488 -754.9110107421875 
v 457.1285400390625 28.03359603881836 -767.3854370117188 
v 457.1285400390625 5.182476997375488 -754.9110107421875 
v 454.95263671875 28.03359603881836 -767.3854370117188 
v 454.95263671875 5.182476997375488 -767.3854370117188 
v 454.95263671875 28.03359603881836 -769.259521484375 
v 454.95263671875 3.857316732406616 -768.7105712890625 
v 463.0851745605469 5.182476997375488 -783.5145263671875 
v 463.0851745605469 28.03359603881836 -783.5145263671875 
v 461.75994873046875 3.857316732406616 -783.5145263671875 
v 461.75994873046875 29.35875701904297 -783.5145263671875 
v 188.2953643798828 168.84437561035156 -779.8038940429688 
v 189.3352508544922 169.88430786132812 -779.8038940429688 
v 188.2953643798828 168.84439086914062 -759.1129150390625 
v 189.3352508544922 169.88430786132812 -759.1129150390625 
v 239.83917236328125 169.88430786132812 -779.8038330078125 
v 239.83917236328125 169.88430786132812 -759.1129150390625 
v 240.87905883789062 168.84437561035156 -779.8038330078125 
v 240.87905883789062 168.84439086914062 -759.1129150390625 
v 240.87905883789062 168.84439086914062 -905.2229614257812 
v 240.87905883789062 103.27273559570312 -905.2229614257812 
v 240.87905883789062 168.84437561035156 -926.2914428710938 
v 240.87905883789062 103.27272033691406 -926.2913818359375 
v 188.2953643798828 103.27272033691406 -926.2913818359375 
v 189.3352508544922 103.27272033691406 -927.7255249023438 
v 188.2953643798828 103.27273559570312 -905.2229614257812 
v 239.83917236328125 103.27272033691406 -927.7255249023438 
v 240.87905883789062 103.27273559570312 -905.2229614257812 
v 240.87905883789062 103.27272033691406 -926.2913818359375 
v 240.87905883789062 168.84437561035156 -779.8038330078125 
v 240.87905883789062 168.84439086914062 -759.1129150390625 
v 240.87905883789062 103.27272033691406 -779.8038330078125 
v 240.87905883789062 103.27273559570312 -759.1129150390625 
v 239.83917236328125 103.27273559570312 -757.6788330078125 
v 189.3352508544922 168.84439086914062 -757.6788330078125 
v 189.3352508544922 103.27273559570312 -757.6788330078125 
v 188.2953643798828 103.27273559570312 -759.1129150390625 
v 188.2953643798828 168.84439086914062 -759.1129150390625 
v 189.3352508544922 169.88430786132812 -759.1129150390625 
v 239.83917236328125 168.84439086914062 -757.6788330078125 
v 239.83917236328125 169.88430786132812 -759.1129150390625 
v 240.87905883789062 168.84439086914062 -759.1129150390625 
v 240.87905883789062 103.27273559570312 -759.1129150390625 
v 142.90390014648438 118.12602233886719 -883.6732788085938 
v 142.90390014648438 118.12602233886719 -801.7310791015625 
v 142.90390014648438 178.55226135253906 -883.6732788085938 
v 142.90390014648438 178.55226135253906 -801.7310791015625 
v 156.95037841796875 203.4312744140625 -905.9818115234375 
v 156.95037841796875 203.43124389648438 -779.4226684570312 
v 158.4087371826172 205.10223388671875 -905.5591430664062 
v 158.4087371826172 205.10220336914062 -779.84521484375 
v 253.73497009277344 205.10223388671875 -905.5591430664062 
v 253.73497009277344 205.10220336914062 -779.84521484375 
v 255.93948364257812 202.8977813720703 -905.5545654296875 
v 255.93948364257812 202.89776611328125 -779.8497314453125 
v 255.93948364257812 22.8870849609375 -780.2075805664062 
v 255.93948364257812 22.887083053588867 -905.19677734375 
v 255.93948364257812 202.89776611328125 -779.8497314453125 
v 255.93948364257812 202.8977813720703 -905.5545654296875 
v 254.4811248779297 22.887083053588867 -907.2080688476562 
v 255.93948364257812 22.887083053588867 -905.19677734375 
v 158.4087371826172 22.887083053588867 -907.2080688476562 
v 156.95037841796875 22.887083053588867 -905.19677734375 
v 156.95037841796875 22.8870849609375 -780.2075805664062 
v 255.93948364257812 22.8870849609375 -780.2075805664062 
v 254.4811248779297 22.887083053588867 -778.1964111328125 
v 158.4087371826172 22.887083053588867 -778.1964111328125 
v 160.5731964111328 1.241093635559082 -768.1802978515625 
v 160.5731964111328 1.241093635559082 -778.8585205078125 
v 146.2810516357422 1.241093635559082 -768.1802978515625 
v 146.2810516357422 1.241093635559082 -778.8585205078125 
v 160.5731964111328 4.437320709228516 -768.1802978515625 
v 160.5731964111328 1.241093635559082 -768.1802978515625 
v 146.2810516357422 4.437320709228516 -768.1802978515625 
v 146.2810516357422 1.241093635559082 -768.1802978515625 
v 146.2810516357422 4.437320232391357 -778.8585205078125 
v 146.2810516357422 1.241093635559082 -778.8585205078125 
v 160.5731964111328 4.437320232391357 -778.8585205078125 
v 160.5731964111328 1.241093635559082 -778.8585205078125 
v 160.5731964111328 4.437320232391357 -778.8585205078125 
v 160.5731964111328 1.241093635559082 -778.8585205078125 
v 160.5731964111328 4.437320709228516 -768.1802978515625 
v 160.5731964111328 1.241093635559082 -768.1802978515625 
v 146.2810516357422 4.437320709228516 -768.1802978515625 
v 146.2810516357422 1.241093635559082 -768.1802978515625 
v 146.2810516357422 4.437320232391357 -778.8585205078125 
v 146.2810516357422 1.241093635559082 -778.8585205078125 
v 283.02496337890625 1.241093635559082 -768.1802978515625 
v 283.02496337890625 1.241093635559082 -778.8585205078125 
v 262.93182373046875 1.241093635559082 -768.1802978515625 
v 262.93182373046875 1.241093635559082 -778.8585205078125 
v 283.02496337890625 4.437320709228516 -768.1802978515625 
v 283.02496337890625 1.241093635559082 -768.1802978515625 
v 262.93182373046875 4.437320709228516 -768.1802978515625 
v 262.93182373046875 1.241093635559082 -768.1802978515625 
v 262.93182373046875 4.437320232391357 -778.8585205078125 
v 262.93182373046875 1.241093635559082 -778.8585205078125 
v 283.02496337890625 4.437320232391357 -778.8585205078125 
v 283.02496337890625 1.241093635559082 -778.8585205078125 
v 283.02496337890625 4.437320232391357 -778.8585205078125 
v 283.02496337890625 1.241093635559082 -778.8585205078125 
v 283.02496337890625 4.437320709228516 -768.1802978515625 
v 283.02496337890625 1.241093635559082 -768.1802978515625 
v 262.93182373046875 4.437320709228516 -768.1802978515625 
v 262.93182373046875 1.241093635559082 -768.1802978515625 
v 262.93182373046875 4.437320232391357 -778.8585205078125 
v 262.93182373046875 1.241093635559082 -778.8585205078125 
v 432.5198974609375 1.241093635559082 -778.8585205078125 
v 432.5198974609375 1.241093635559082 -768.1802978515625 
v 455.2490234375 1.241093635559082 -778.8585205078125 
v 455.2490234375 1.241093635559082 -768.1802978515625 
v 462.0147705078125 1.241093635559082 -778.8585205078125 
v 462.0147705078125 1.241093635559082 -768.1802978515625 
v 471.2944030761719 1.241093635559082 -778.8585205078125 
v 471.2944030761719 1.241093635559082 -768.1802978515625 
v 455.2490234375 4.437320709228516 -768.1802978515625 
v 455.2490234375 1.241093635559082 -768.1802978515625 
v 432.5198974609375 4.437320709228516 -768.1802978515625 
v 432.5198974609375 1.241093635559082 -768.1802978515625 
v 471.2944030761719 1.241093635559082 -778.8585205078125 
v 471.2944030761719 4.437320232391357 -778.8585205078125 
v 462.0147705078125 1.241093635559082 -778.8585205078125 
v 462.0147705078125 4.437320232391357 -778.8585205078125 
v 455.2490234375 1.241093635559082 -778.8585205078125 
v 455.2490234375 4.437320232391357 -778.8585205078125 
v 432.5198974609375 1.241093635559082 -778.8585205078125 
v 432.5198974609375 4.437320232391357 -778.8585205078125 
v 471.2944030761719 4.437320232391357 -778.8585205078125 
v 471.2944030761719 1.241093635559082 -778.8585205078125 
v 471.2944030761719 4.437320709228516 -768.1802978515625 
v 471.2944030761719 1.241093635559082 -768.1802978515625 
v 432.5198974609375 4.437320709228516 -768.1802978515625 
v 432.5198974609375 1.241093635559082 -768.1802978515625 
v 432.5198974609375 4.437320232391357 -778.8585205078125 
v 432.5198974609375 1.241093635559082 -778.8585205078125 
v 462.0147705078125 4.437320709228516 -768.1802978515625 
v 462.0147705078125 4.437320709228516 -755.4625854492188 
v 455.2490234375 4.437320709228516 -768.1802978515625 
v 455.2490234375 4.437320709228516 -755.4625854492188 
v 471.2944030761719 4.437320709228516 -768.1802978515625 
v 471.2944030761719 1.241093635559082 -768.1802978515625 
v 462.0147705078125 4.437320709228516 -768.1802978515625 
v 462.0147705078125 1.241093635559082 -768.1802978515625 
v 462.0147705078125 4.437320709228516 -755.4625854492188 
v 462.0147705078125 1.241093635559082 -755.4625854492188 
v 455.2490234375 4.437320709228516 -755.4625854492188 
v 455.2490234375 1.241093635559082 -755.4625854492188 
v 455.2490234375 4.437320709228516 -768.1802978515625 
v 455.2490234375 4.437320709228516 -755.4625854492188 
v 455.2490234375 1.241093635559082 -768.1802978515625 
v 455.2490234375 1.241093635559082 -755.4625854492188 
v 462.0147705078125 1.241093635559082 -768.1802978515625 
v 462.0147705078125 1.241093635559082 -755.4625854492188 
v 462.0147705078125 4.437320709228516 -768.1802978515625 
v 462.0147705078125 4.437320709228516 -755.4625854492188 
v 455.2490234375 1.241093635559082 -768.1802978515625 
v 455.2490234375 1.241093635559082 -755.4625854492188 
v 462.0147705078125 1.241093635559082 -768.1802978515625 
v 462.0147705078125 1.241093635559082 -755.4625854492188 
v 160.5731964111328 1.241093635559082 -916.7330932617188 
v 146.2810516357422 1.241093635559082 -916.7330932617188 
v 160.5731964111328 1.241093635559082 -906.0548706054688 
v 146.2810516357422 1.241093635559082 -906.0548706054688 
v 160.5731964111328 4.437320709228516 -916.7330932617188 
v 146.2810516357422 4.437320709228516 -916.7330932617188 
v 160.5731964111328 1.241093635559082 -916.7330932617188 
v 146.2810516357422 1.241093635559082 -916.7330932617188 
v 146.2810516357422 4.437320709228516 -906.0548706054688 
v 160.5731964111328 4.437320709228516 -906.0548706054688 
v 146.2810516357422 1.241093635559082 -906.0548706054688 
v 160.5731964111328 1.241093635559082 -906.0548706054688 
v 160.5731964111328 4.437320709228516 -906.0548706054688 
v 160.5731964111328 4.437320709228516 -916.7330932617188 
v 160.5731964111328 1.241093635559082 -906.0548706054688 
v 160.5731964111328 1.241093635559082 -916.7330932617188 
v 146.2810516357422 4.437320709228516 -916.7330932617188 
v 146.2810516357422 4.437320709228516 -906.0548706054688 
v 146.2810516357422 1.241093635559082 -916.7330932617188 
v 146.2810516357422 1.241093635559082 -906.0548706054688 
v 283.02496337890625 1.241093635559082 -916.7330932617188 
v 262.93182373046875 1.241093635559082 -916.7330932617188 
v 283.02496337890625 1.241093635559082 -906.0548706054688 
v 262.93182373046875 1.241093635559082 -906.0548706054688 
v 283.02496337890625 4.437320709228516 -916.7330932617188 
v 262.93182373046875 4.437320709228516 -916.7330932617188 
v 283.02496337890625 1.241093635559082 -916.7330932617188 
v 262.93182373046875 1.241093635559082 -916.7330932617188 
v 262.93182373046875 4.437320709228516 -906.0548706054688 
v 283.02496337890625 4.437320709228516 -906.0548706054688 
v 262.93182373046875 1.241093635559082 -906.0548706054688 
v 283.02496337890625 1.241093635559082 -906.0548706054688 
v 283.02496337890625 4.437320709228516 -906.0548706054688 
v 283.02496337890625 4.437320709228516 -916.7330932617188 
v 283.02496337890625 1.241093635559082 -906.0548706054688 
v 283.02496337890625 1.241093635559082 -916.7330932617188 
v 262.93182373046875 4.437320709228516 -916.7330932617188 
v 262.93182373046875 4.437320709228516 -906.0548706054688 
v 262.93182373046875 1.241093635559082 -916.7330932617188 
v 262.93182373046875 1.241093635559082 -906.0548706054688 
v 432.5198974609375 1.241093635559082 -906.0548706054688 
v 455.2490234375 1.241093635559082 -906.0548706054688 
v 432.5198974609375 1.241093635559082 -916.7330932617188 
v 455.2490234375 1.241093635559082 -916.7330932617188 
v 462.0147705078125 1.241093635559082 -906.0548706054688 
v 462.0147705078125 1.241093635559082 -916.7330932617188 
v 471.2944030761719 1.241093635559082 -906.0548706054688 
v 471.2944030761719 1.241093635559082 -916.7330932617188 
v 455.2490234375 4.437320709228516 -916.7330932617188 
v 455.2490234375 1.241093635559082 -916.7330932617188 
v 432.5198974609375 4.437320709228516 -916.7330932617188 
v 432.5198974609375 1.241093635559082 -916.7330932617188 
v 471.2944030761719 1.241093635559082 -906.0548706054688 
v 471.2944030761719 4.437320709228516 -906.0548706054688 
v 462.0147705078125 1.241093635559082 -906.0548706054688 
v 462.0147705078125 4.437320709228516 -906.0548706054688 
v 455.2490234375 1.241093635559082 -906.0548706054688 
v 455.2490234375 4.437320709228516 -906.0548706054688 
v 432.5198974609375 1.241093635559082 -906.0548706054688 
v 432.5198974609375 4.437320709228516 -906.0548706054688 
v 471.2944030761719 4.437320709228516 -906.0548706054688 
v 471.2944030761719 1.241093635559082 -906.0548706054688 
v 471.2944030761719 4.437320709228516 -916.7330932617188 
v 471.2944030761719 1.241093635559082 -916.7330932617188 
v 432.5198974609375 4.437320709228516 -916.7330932617188 
v 432.5198974609375 1.241093635559082 -916.7330932617188 
v 432.5198974609375 4.437320709228516 -906.0548706054688 
v 432.5198974609375 1.241093635559082 -906.0548706054688 
v 462.0147705078125 4.437320709228516 -916.7330932617188 
v 462.0147705078125 4.437320709228516 -929.4508056640625 
v 455.2490234375 4.437320709228516 -916.7330932617188 
v 455.2490234375 4.437320709228516 -929.4508056640625 
v 471.2944030761719 4.437320709228516 -916.7330932617188 
v 471.2944030761719 1.241093635559082 -916.7330932617188 
v 462.0147705078125 4.437320709228516 -916.7330932617188 
v 462.0147705078125 1.241093635559082 -916.7330932617188 
v 462.0147705078125 4.437320709228516 -929.4508056640625 
v 462.0147705078125 1.241093635559082 -929.4508056640625 
v 455.2490234375 4.437320709228516 -929.4508056640625 
v 455.2490234375 1.241093635559082 -929.4508056640625 
v 455.2490234375 4.437320709228516 -916.7330932617188 
v 455.2490234375 4.437320709228516 -929.4508056640625 
v 455.2490234375 1.241093635559082 -916.7330932617188 
v 455.2490234375 1.241093635559082 -929.4508056640625 
v 462.0147705078125 1.241093635559082 -916.7330932617188 
v 462.0147705078125 1.241093635559082 -929.4508056640625 
v 462.0147705078125 4.437320709228516 -916.7330932617188 
v 462.0147705078125 4.437320709228516 -929.4508056640625 
v 455.2490234375 1.241093635559082 -916.7330932617188 
v 455.2490234375 1.241093635559082 -929.4508056640625 
v 462.0147705078125 1.241093635559082 -916.7330932617188 
v 462.0147705078125 1.241093635559082 -929.4508056640625 
v 454.2904052734375 179.17282104492188 -852.5964965820312 
v 454.2904052734375 182.69650268554688 -841.4208374023438 
v 474.0715026855469 179.17282104492188 -852.5964965820312 
v 474.0715026855469 182.69650268554688 -841.4208374023438 
v 454.2904052734375 177.28573608398438 -831.0269165039062 
v 474.0715026855469 177.28573608398438 -831.0269165039062 
v 454.2904052734375 166.1101531982422 -827.5032958984375 
v 474.0715026855469 166.1101531982422 -827.5032958984375 
v 454.2904052734375 155.7161865234375 -832.9139404296875 
v 474.0715026855469 155.7161865234375 -832.9139404296875 
v 454.2904052734375 152.1925506591797 -844.089599609375 
v 474.0715026855469 152.1925506591797 -844.089599609375 
v 454.2904052734375 157.603271484375 -854.4835815429688 
v 474.0715026855469 157.603271484375 -854.4835815429688 
v 454.2904052734375 168.7788848876953 -858.0072631835938 
v 474.0715026855469 168.7788848876953 -858.0072631835938 
v 454.2904052734375 179.17282104492188 -852.5964965820312 
v 474.0715026855469 179.17282104492188 -852.5964965820312 
v 452.7336120605469 168.7788848876953 -858.0072631835938 
v 452.7336120605469 152.1925506591797 -844.089599609375 
v 252.59666442871094 155.7161865234375 -832.9139404296875 
v 452.7336120605469 166.1101531982422 -827.5032958984375 
v 252.59666442871094 166.1101531982422 -827.5032958984375 
v 252.59666442871094 179.17282104492188 -852.5964965820312 
v 252.59666442871094 168.7788848876953 -858.0072631835938 
v 252.59666442871094 152.1925506591797 -844.089599609375 
v 452.7336120605469 182.69650268554688 -841.4208374023438 
v 252.59666442871094 179.17282104492188 -852.5964965820312 
v 252.59666442871094 182.69650268554688 -841.4208374023438 
v 292.33587646484375 176.77899169921875 -821.8553466796875 
v 292.33587646484375 186.40586853027344 -829.933349609375 
v 436.82861328125 176.77902221679688 -821.85546875 
v 436.82861328125 186.40591430664062 -829.933349609375 
v 292.33587646484375 180.8769989013672 -861.2890014648438 
v 436.82861328125 180.8769989013672 -861.2890014648438 
v 292.33587646484375 169.06793212890625 -865.5872192382812 
v 436.82861328125 169.06793212890625 -865.5872192382812 
v 292.33587646484375 176.77899169921875 -821.8553466796875 
v 292.33587646484375 186.40586853027344 -829.933349609375 
v 292.33587646484375 146.85972595214844 -832.7451782226562 
v 292.33587646484375 180.8769989013672 -861.2890014648438 
v 292.33587646484375 169.06793212890625 -865.5872192382812 
v 292.33587646484375 144.677490234375 -845.1212158203125 
v 436.82861328125 169.06793212890625 -865.5872192382812 
v 292.33587646484375 169.06793212890625 -865.5872192382812 
v 436.82861328125 144.677490234375 -845.1212158203125 
v 292.33587646484375 144.677490234375 -845.1212158203125 
v 436.82861328125 176.77902221679688 -821.85546875 
v 436.82861328125 146.85972595214844 -832.7451782226562 
v 292.33587646484375 176.77899169921875 -821.8553466796875 
v 292.33587646484375 146.85972595214844 -832.7451782226562 
v 436.82861328125 144.677490234375 -845.1212158203125 
v 292.33587646484375 144.677490234375 -845.1212158203125 
v 436.82861328125 169.06793212890625 -865.5872192382812 
v 436.82861328125 180.8769989013672 -861.2890014648438 
v 436.82861328125 144.677490234375 -845.1212158203125 
v 436.82861328125 146.85972595214844 -832.7451782226562 
v 436.82861328125 176.77902221679688 -821.85546875 
v 436.82861328125 186.40591430664062 -829.933349609375 
v 295.85382080078125 149.79876708984375 -842.4043579101562 
v 295.85382080078125 150.7429656982422 -837.049560546875 
v 451.6021728515625 149.79876708984375 -842.4043579101562 
v 451.6021728515625 150.7429656982422 -837.049560546875 
v 295.85382080078125 131.61752319335938 -839.1986083984375 
v 451.6021728515625 131.61752319335938 -839.1986083984375 
v 295.85382080078125 132.56167602539062 -833.8436889648438 
v 451.6021728515625 132.5616912841797 -833.8438110351562 
v 451.6021728515625 150.7429656982422 -837.049560546875 
v 295.85382080078125 150.7429656982422 -837.049560546875 
v 451.6021728515625 132.5616912841797 -833.8438110351562 
v 295.85382080078125 132.56167602539062 -833.8436889648438 
v 295.85382080078125 149.79876708984375 -842.4043579101562 
v 451.6021728515625 149.79876708984375 -842.4043579101562 
v 295.85382080078125 131.61752319335938 -839.1986083984375 
v 451.6021728515625 131.61752319335938 -839.1986083984375 
v 451.6021728515625 131.61752319335938 -839.1986083984375 
v 451.6021728515625 149.79876708984375 -842.4043579101562 
v 451.6021728515625 132.5616912841797 -833.8438110351562 
v 451.6021728515625 150.7429656982422 -837.049560546875 
v 295.85382080078125 132.56167602539062 -833.8436889648438 
v 295.85382080078125 150.7429656982422 -837.049560546875 
v 295.85382080078125 131.61752319335938 -839.1986083984375 
v 295.85382080078125 149.79876708984375 -842.4043579101562 
v 295.85382080078125 176.57119750976562 -827.64892578125 
v 295.85382080078125 180.73655700683594 -831.14404296875 
v 451.6021728515625 176.5712127685547 -827.6490478515625 
v 451.6021728515625 180.736572265625 -831.1441650390625 
v 295.85382080078125 188.43814086914062 -813.5064086914062 
v 451.6021728515625 188.43817138671875 -813.5064086914062 
v 295.85382080078125 192.603515625 -817.0015258789062 
v 451.6021728515625 192.603515625 -817.0015258789062 
v 451.6021728515625 180.736572265625 -831.1441650390625 
v 295.85382080078125 180.73655700683594 -831.14404296875 
v 451.6021728515625 192.603515625 -817.0015258789062 
v 295.85382080078125 192.603515625 -817.0015258789062 
v 295.85382080078125 176.57119750976562 -827.64892578125 
v 451.6021728515625 176.5712127685547 -827.6490478515625 
v 295.85382080078125 188.43814086914062 -813.5064086914062 
v 451.6021728515625 188.43817138671875 -813.5064086914062 
v 451.6021728515625 176.5712127685547 -827.6490478515625 
v 451.6021728515625 180.736572265625 -831.1441650390625 
v 451.6021728515625 188.43817138671875 -813.5064086914062 
v 451.6021728515625 192.603515625 -817.0015258789062 
v 295.85382080078125 192.603515625 -817.0015258789062 
v 295.85382080078125 180.73655700683594 -831.14404296875 
v 295.85382080078125 188.43814086914062 -813.5064086914062 
v 295.85382080078125 176.57119750976562 -827.64892578125 
v 295.85382080078125 175.96359252929688 -858.2122802734375 
v 295.85382080078125 170.8540496826172 -860.072021484375 
v 451.6021728515625 175.96356201171875 -858.2122802734375 
v 451.6021728515625 170.85403442382812 -860.072021484375 
v 295.85382080078125 182.27792358398438 -875.5606689453125 
v 451.6021728515625 182.2779083251953 -875.5606689453125 
v 295.85382080078125 177.16835021972656 -877.42041015625 
v 451.6021728515625 177.16835021972656 -877.42041015625 
v 451.6021728515625 170.85403442382812 -860.072021484375 
v 295.85382080078125 170.8540496826172 -860.072021484375 
v 451.6021728515625 177.16835021972656 -877.42041015625 
v 295.85382080078125 177.16835021972656 -877.42041015625 
v 295.85382080078125 175.96359252929688 -858.2122802734375 
v 451.6021728515625 175.96356201171875 -858.2122802734375 
v 295.85382080078125 182.27792358398438 -875.5606689453125 
v 451.6021728515625 182.2779083251953 -875.5606689453125 
v 451.6021728515625 182.2779083251953 -875.5606689453125 
v 451.6021728515625 175.96356201171875 -858.2122802734375 
v 451.6021728515625 177.16835021972656 -877.42041015625 
v 451.6021728515625 170.85403442382812 -860.072021484375 
v 295.85382080078125 177.16835021972656 -877.42041015625 
v 295.85382080078125 170.8540496826172 -860.072021484375 
v 295.85382080078125 182.27792358398438 -875.5606689453125 
v 295.85382080078125 175.96359252929688 -858.2122802734375 
v 452.7191162109375 132.3597412109375 -829.142578125 
v 268.08740234375 129.75662231445312 -841.3525390625 
v 452.7191162109375 129.75662231445312 -841.3525390625 
v 452.7191162109375 131.2419891357422 -852.5736083984375 
v 268.08740234375 131.2419891357422 -852.5736083984375 
v 268.08740234375 135.24603271484375 -862.1622924804688 
v 452.7191162109375 135.24603271484375 -862.1622924804688 
v 452.7191162109375 140.32992553710938 -868.80419921875 
v 268.08740234375 140.32992553710938 -868.80419921875 
v 452.7191162109375 143.2237091064453 -866.52490234375 
v 268.08740234375 143.22366333007812 -866.5247802734375 
v 268.08740234375 132.3597412109375 -829.142578125 
v 268.08740234375 138.67420959472656 -818.6652221679688 
v 452.7191162109375 138.67420959472656 -818.6652221679688 
v 452.7191162109375 147.1858673095703 -811.0797729492188 
v 268.08740234375 147.1858367919922 -811.0797729492188 
v 268.08740234375 149.4651641845703 -813.9735107421875 
v 452.7191162109375 149.4652099609375 -813.9735107421875 
v 268.08740234375 149.4651641845703 -813.9735107421875 
v 452.7191162109375 149.4652099609375 -813.9735107421875 
v 268.08740234375 141.53138732910156 -820.9661254882812 
v 452.7191162109375 141.53138732910156 -820.9661254882812 
v 268.08740234375 135.74441528320312 -830.4368286132812 
v 452.7191162109375 135.74444580078125 -830.4368896484375 
v 268.08740234375 133.44334411621094 -841.4806518554688 
v 452.7191162109375 133.44334411621094 -841.4806518554688 
v 268.08740234375 134.75692749023438 -851.6294555664062 
v 452.7191162109375 134.7569580078125 -851.6294555664062 
v 268.08740234375 138.40223693847656 -860.26513671875 
v 452.7191162109375 138.40228271484375 -860.2652587890625 
v 268.08740234375 143.22366333007812 -866.5247802734375 
v 452.7191162109375 143.2237091064453 -866.52490234375 
v 268.08740234375 143.22366333007812 -866.5247802734375 
v 268.08740234375 140.32992553710938 -868.80419921875 
v 268.08740234375 138.40223693847656 -860.26513671875 
v 268.08740234375 135.24603271484375 -862.1622924804688 
v 268.08740234375 131.2419891357422 -852.5736083984375 
v 268.08740234375 134.75692749023438 -851.6294555664062 
v 268.08740234375 133.44334411621094 -841.4806518554688 
v 268.08740234375 129.75662231445312 -841.3525390625 
v 268.08740234375 132.3597412109375 -829.142578125 
v 268.08740234375 135.74441528320312 -830.4368286132812 
v 268.08740234375 138.67420959472656 -818.6652221679688 
v 268.08740234375 141.53138732910156 -820.9661254882812 
v 268.08740234375 147.1858367919922 -811.0797729492188 
v 268.08740234375 149.4651641845703 -813.9735107421875 
v 452.7191162109375 149.4652099609375 -813.9735107421875 
v 452.7191162109375 141.53138732910156 -820.9661254882812 
v 452.7191162109375 147.1858673095703 -811.0797729492188 
v 452.7191162109375 138.67420959472656 -818.6652221679688 
v 452.7191162109375 135.74444580078125 -830.4368896484375 
v 452.7191162109375 132.3597412109375 -829.142578125 
v 452.7191162109375 133.44334411621094 -841.4806518554688 
v 452.7191162109375 129.75662231445312 -841.3525390625 
v 452.7191162109375 131.2419891357422 -852.5736083984375 
v 452.7191162109375 134.7569580078125 -851.6294555664062 
v 452.7191162109375 138.40228271484375 -860.2652587890625 
v 452.7191162109375 135.24603271484375 -862.1622924804688 
v 452.7191162109375 140.32992553710938 -868.80419921875 
v 452.7191162109375 143.2237091064453 -866.52490234375 
v 283.2893371582031 105.52501678466797 -819.2886352539062 
v 283.2893371582031 100.92955780029297 -830.8115844726562 
v 283.2893371582031 110.7774887084961 -824.1521606445312 
v 283.2893371582031 106.85530853271484 -831.8565673828125 
v 283.2893371582031 107.82390594482422 -840.9028930664062 
v 283.2893371582031 101.23320770263672 -843.62890625 
v 283.2893371582031 128.1327667236328 -854.8927001953125 
v 283.2893371582031 130.6849822998047 -864.2967529296875 
v 283.2893371582031 131.81651306152344 -850.4368896484375 
v 283.2893371582031 153.1013641357422 -882.4603271484375 
v 283.2893371582031 166.6720428466797 -879.5186157226562 
v 283.2893371582031 163.6494140625 -883.616455078125 
v 283.2893371582031 178.4464874267578 -908.0518798828125 
v 283.2893371582031 179.99319458007812 -901.0625610351562 
v 283.2893371582031 190.7132568359375 -906.20166015625 
v 283.2893371582031 188.62371826171875 -900.5589599609375 
v 283.2893371582031 195.94381713867188 -895.1558837890625 
v 283.2893371582031 201.62411499023438 -899.468994140625 
v 283.2893371582031 110.7774887084961 -824.1521606445312 
v 283.2893371582031 134.08815002441406 -818.8512573242188 
v 283.2893371582031 105.52501678466797 -819.2886352539062 
v 283.2893371582031 140.41119384765625 -810.3296508789062 
v 283.2893371582031 136.099609375 -823.5292358398438 
v 283.2893371582031 178.50900268554688 -808.0286254882812 
v 283.2893371582031 167.0498046875 -800.1506958007812 
v 283.2893371582031 176.47686767578125 -802.6160888671875 
v 283.2893371582031 199.6320343017578 -784.8875732421875 
v 283.2893371582031 198.71719360351562 -791.9608764648438 
v 287.3008728027344 131.81651306152344 -850.4368896484375 
v 287.3008728027344 166.6720428466797 -879.5186157226562 
v 287.3008728027344 153.1013641357422 -882.4603271484375 
v 287.3008728027344 163.6494140625 -883.616455078125 
v 287.3008728027344 178.4464874267578 -908.0518798828125 
v 287.3008728027344 179.99319458007812 -901.0625610351562 
v 287.3008728027344 190.7132568359375 -906.20166015625 
v 287.3008728027344 188.62371826171875 -900.5589599609375 
v 287.3008728027344 195.94381713867188 -895.1558837890625 
v 287.3008728027344 201.62411499023438 -899.468994140625 
v 287.3008728027344 130.6849822998047 -864.2967529296875 
v 287.3008728027344 128.1327667236328 -854.8927001953125 
v 287.3008728027344 101.23320770263672 -843.62890625 
v 287.3008728027344 107.82390594482422 -840.9028930664062 
v 287.3008728027344 100.92955780029297 -830.8115844726562 
v 287.3008728027344 106.85530853271484 -831.8565673828125 
v 287.3008728027344 110.7774887084961 -824.1521606445312 
v 287.3008728027344 105.52501678466797 -819.2886352539062 
v 287.3008728027344 110.7774887084961 -824.1521606445312 
v 287.3008728027344 105.52501678466797 -819.2886352539062 
v 287.3008728027344 134.08815002441406 -818.8512573242188 
v 287.3008728027344 140.41119384765625 -810.3296508789062 
v 287.3008728027344 136.099609375 -823.5292358398438 
v 287.3008728027344 178.50900268554688 -808.0286254882812 
v 287.3008728027344 167.0498046875 -800.1506958007812 
v 287.3008728027344 176.47686767578125 -802.6160888671875 
v 287.3008728027344 199.6320343017578 -784.8875732421875 
v 287.3008728027344 198.71719360351562 -791.9608764648438 
v 283.2893371582031 201.62411499023438 -899.468994140625 
v 283.2893371582031 204.59683227539062 -863.6119995117188 
v 287.3008728027344 201.62411499023438 -899.468994140625 
v 287.3008728027344 204.59683227539062 -863.6119995117188 
v 283.2893371582031 209.02227783203125 -835.4403686523438 
v 287.3008728027344 209.02227783203125 -835.4403686523438 
v 287.3008728027344 218.6096954345703 -800.7216186523438 
v 283.2893371582031 218.6096954345703 -800.7216186523438 
v 283.2893371582031 210.90109252929688 -791.0017700195312 
v 287.3008728027344 210.90109252929688 -791.0017700195312 
v 283.2893371582031 199.6320343017578 -784.8875732421875 
v 287.3008728027344 199.6320343017578 -784.8875732421875 
v 283.2893371582031 131.81651306152344 -850.4368896484375 
v 287.3008728027344 131.81651306152344 -850.4368896484375 
v 283.2893371582031 128.1327667236328 -854.8927001953125 
v 287.3008728027344 128.1327667236328 -854.8927001953125 
v 283.2893371582031 107.82390594482422 -840.9028930664062 
v 287.3008728027344 107.82390594482422 -840.9028930664062 
v 283.2893371582031 106.85530853271484 -831.8565673828125 
v 287.3008728027344 106.85530853271484 -831.8565673828125 
v 283.2893371582031 110.7774887084961 -824.1521606445312 
v 287.3008728027344 110.7774887084961 -824.1521606445312 
v 283.2893371582031 110.7774887084961 -824.1521606445312 
v 287.3008728027344 110.7774887084961 -824.1521606445312 
v 283.2893371582031 134.08815002441406 -818.8512573242188 
v 287.3008728027344 134.08815002441406 -818.8512573242188 
v 283.2893371582031 136.099609375 -823.5292358398438 
v 287.3008728027344 136.099609375 -823.5292358398438 
v 283.2893371582031 105.52501678466797 -819.2886352539062 
v 283.2893371582031 140.41119384765625 -810.3296508789062 
v 287.3008728027344 105.52501678466797 -819.2886352539062 
v 287.3008728027344 140.41119384765625 -810.3296508789062 
v 287.3008728027344 167.0498046875 -800.1506958007812 
v 283.2893371582031 167.0498046875 -800.1506958007812 
v 287.3008728027344 199.6320343017578 -784.8875732421875 
v 283.2893371582031 199.6320343017578 -784.8875732421875 
v 283.2893371582031 105.52501678466797 -819.2886352539062 
v 287.3008728027344 105.52501678466797 -819.2886352539062 
v 283.2893371582031 100.92955780029297 -830.8115844726562 
v 287.3008728027344 100.92955780029297 -830.8115844726562 
v 283.2893371582031 101.23320770263672 -843.62890625 
v 287.3008728027344 101.23320770263672 -843.62890625 
v 283.2893371582031 130.6849822998047 -864.2967529296875 
v 287.3008728027344 130.6849822998047 -864.2967529296875 
v 283.2893371582031 153.1013641357422 -882.4603271484375 
v 287.3008728027344 153.1013641357422 -882.4603271484375 
v 287.3008728027344 178.4464874267578 -908.0518798828125 
v 283.2893371582031 178.4464874267578 -908.0518798828125 
v 283.2893371582031 190.7132568359375 -906.20166015625 
v 287.3008728027344 190.7132568359375 -906.20166015625 
v 283.2893371582031 201.62411499023438 -899.468994140625 
v 287.3008728027344 201.62411499023438 -899.468994140625 
v 474.0715026855469 166.1101531982422 -827.5032958984375 
v 474.0715026855469 177.28573608398438 -831.0269165039062 
v 474.0715026855469 155.7161865234375 -832.9139404296875 
v 474.0715026855469 182.69650268554688 -841.4208374023438 
v 474.0715026855469 179.17282104492188 -852.5964965820312 
v 474.0715026855469 168.7788848876953 -858.0072631835938 
v 474.0715026855469 157.603271484375 -854.4835815429688 
v 474.0715026855469 152.1925506591797 -844.089599609375 
v 283.2893371582031 199.6320343017578 -784.8875732421875 
v 283.2893371582031 210.90109252929688 -791.0017700195312 
v 283.2893371582031 198.71719360351562 -791.9608764648438 
v 283.2893371582031 207.04620361328125 -795.6220092773438 
v 283.2893371582031 211.7774200439453 -802.857666015625 
v 283.2893371582031 218.6096954345703 -800.7216186523438 
v 283.2893371582031 204.77667236328125 -825.7154541015625 
v 283.2893371582031 209.02227783203125 -835.4403686523438 
v 283.2893371582031 199.71810913085938 -825.132568359375 
v 283.2893371582031 192.06153869628906 -869.632080078125 
v 283.2893371582031 204.59683227539062 -863.6119995117188 
v 283.2893371582031 197.76760864257812 -870.5624389648438 
v 283.2893371582031 201.62411499023438 -899.468994140625 
v 283.2893371582031 195.94381713867188 -895.1558837890625 
v 287.3008728027344 199.6320343017578 -784.8875732421875 
v 287.3008728027344 210.90109252929688 -791.0017700195312 
v 287.3008728027344 198.71719360351562 -791.9608764648438 
v 287.3008728027344 207.04620361328125 -795.6220092773438 
v 287.3008728027344 211.7774200439453 -802.857666015625 
v 287.3008728027344 218.6096954345703 -800.7216186523438 
v 287.3008728027344 204.77667236328125 -825.7154541015625 
v 287.3008728027344 209.02227783203125 -835.4403686523438 
v 287.3008728027344 199.71810913085938 -825.132568359375 
v 287.3008728027344 192.06153869628906 -869.632080078125 
v 287.3008728027344 204.59683227539062 -863.6119995117188 
v 287.3008728027344 197.76760864257812 -870.5624389648438 
v 287.3008728027344 201.62411499023438 -899.468994140625 
v 287.3008728027344 195.94381713867188 -895.1558837890625 
v 287.3008728027344 198.71719360351562 -791.9608764648438 
v 287.3008728027344 176.47686767578125 -802.6160888671875 
v 283.2893371582031 198.71719360351562 -791.9608764648438 
v 283.2893371582031 176.47686767578125 -802.6160888671875 
v 283.2893371582031 178.50900268554688 -808.0286254882812 
v 287.3008728027344 178.50900268554688 -808.0286254882812 
v 287.3008728027344 199.71810913085938 -825.132568359375 
v 287.3008728027344 204.77667236328125 -825.7154541015625 
v 283.2893371582031 199.71810913085938 -825.132568359375 
v 283.2893371582031 204.77667236328125 -825.7154541015625 
v 287.3008728027344 211.7774200439453 -802.857666015625 
v 283.2893371582031 211.7774200439453 -802.857666015625 
v 287.3008728027344 207.04620361328125 -795.6220092773438 
v 283.2893371582031 207.04620361328125 -795.6220092773438 
v 287.3008728027344 198.71719360351562 -791.9608764648438 
v 283.2893371582031 198.71719360351562 -791.9608764648438 
v 287.3008728027344 195.94381713867188 -895.1558837890625 
v 283.2893371582031 195.94381713867188 -895.1558837890625 
v 287.3008728027344 197.76760864257812 -870.5624389648438 
v 283.2893371582031 197.76760864257812 -870.5624389648438 
v 287.3008728027344 192.06153869628906 -869.632080078125 
v 283.2893371582031 192.06153869628906 -869.632080078125 
v 287.3008728027344 166.6720428466797 -879.5186157226562 
v 283.2893371582031 166.6720428466797 -879.5186157226562 
v 287.3008728027344 163.6494140625 -883.616455078125 
v 283.2893371582031 163.6494140625 -883.616455078125 
v 287.3008728027344 179.99319458007812 -901.0625610351562 
v 283.2893371582031 179.99319458007812 -901.0625610351562 
v 287.3008728027344 188.62371826171875 -900.5589599609375 
v 283.2893371582031 188.62371826171875 -900.5589599609375 
v 287.3008728027344 195.94381713867188 -895.1558837890625 
v 283.2893371582031 195.94381713867188 -895.1558837890625 
v 452.7191162109375 197.7593231201172 -820.4559326171875 
v 452.7191162109375 188.853515625 -811.7069091796875 
v 268.08740234375 188.853515625 -811.7068481445312 
v 452.7191162109375 178.58807373046875 -806.9384765625 
v 268.08740234375 178.58807373046875 -806.9384765625 
v 268.08740234375 168.34832763671875 -805.1712036132812 
v 452.7191162109375 168.34832763671875 -805.1712036132812 
v 452.7191162109375 160.01556396484375 -805.8965454101562 
v 268.08740234375 160.01556396484375 -805.8965454101562 
v 452.7191162109375 160.38592529296875 -809.5615234375 
v 268.08740234375 160.38592529296875 -809.5615234375 
v 268.08740234375 197.75933837890625 -820.4559326171875 
v 268.08740234375 203.21145629882812 -831.4068603515625 
v 452.7191162109375 203.21145629882812 -831.4068603515625 
v 452.7191162109375 205.04421997070312 -842.6597900390625 
v 268.08740234375 205.04425048828125 -842.6597900390625 
v 268.08740234375 201.37930297851562 -843.0301513671875 
v 452.7191162109375 201.3792724609375 -843.0301513671875 
v 268.08740234375 201.37930297851562 -843.0301513671875 
v 452.7191162109375 201.3792724609375 -843.0301513671875 
v 268.08740234375 199.73660278320312 -832.5829467773438 
v 452.7191162109375 199.73658752441406 -832.5829467773438 
v 268.08740234375 194.850830078125 -822.617431640625 
v 452.7191162109375 194.850830078125 -822.617431640625 
v 268.08740234375 186.76693725585938 -814.7490234375 
v 452.7191162109375 186.76693725585938 -814.7490234375 
v 268.08740234375 177.49844360351562 -810.4109497070312 
v 452.7191162109375 177.49844360351562 -810.4110717773438 
v 268.08740234375 168.25526428222656 -808.8524780273438 
v 452.7191162109375 168.25526428222656 -808.8524780273438 
v 268.08740234375 160.38592529296875 -809.5615234375 
v 452.7191162109375 160.38592529296875 -809.5615234375 
v 268.08740234375 160.38592529296875 -809.5615234375 
v 268.08740234375 160.01556396484375 -805.8965454101562 
v 268.08740234375 168.25526428222656 -808.8524780273438 
v 268.08740234375 168.34832763671875 -805.1712036132812 
v 268.08740234375 178.58807373046875 -806.9384765625 
v 268.08740234375 177.49844360351562 -810.4109497070312 
v 268.08740234375 186.76693725585938 -814.7490234375 
v 268.08740234375 188.853515625 -811.7068481445312 
v 268.08740234375 197.75933837890625 -820.4559326171875 
v 268.08740234375 194.850830078125 -822.617431640625 
v 268.08740234375 203.21145629882812 -831.4068603515625 
v 268.08740234375 199.73660278320312 -832.5829467773438 
v 268.08740234375 205.04425048828125 -842.6597900390625 
v 268.08740234375 201.37930297851562 -843.0301513671875 
v 452.7191162109375 201.3792724609375 -843.0301513671875 
v 452.7191162109375 199.73658752441406 -832.5829467773438 
v 452.7191162109375 205.04421997070312 -842.6597900390625 
v 452.7191162109375 203.21145629882812 -831.4068603515625 
v 452.7191162109375 194.850830078125 -822.617431640625 
v 452.7191162109375 197.7593231201172 -820.4559326171875 
v 452.7191162109375 186.76693725585938 -814.7490234375 
v 452.7191162109375 188.853515625 -811.7069091796875 
v 452.7191162109375 178.58807373046875 -806.9384765625 
v 452.7191162109375 177.49844360351562 -810.4110717773438 
v 452.7191162109375 168.25526428222656 -808.8524780273438 
v 452.7191162109375 168.34832763671875 -805.1712036132812 
v 452.7191162109375 160.01556396484375 -805.8965454101562 
v 452.7191162109375 160.38592529296875 -809.5615234375 
v 452.7191162109375 171.24310302734375 -880.1961059570312 
v 452.7191162109375 183.30410766601562 -876.972412109375 
v 268.08740234375 183.30410766601562 -876.972412109375 
v 452.7191162109375 192.62786865234375 -870.5548095703125 
v 452.7191162109375 149.9617919921875 -871.8412475585938 
v 452.7191162109375 148.41819763183594 -875.1858520507812 
v 268.08740234375 149.9617919921875 -871.84130859375 
v 268.08740234375 148.41818237304688 -875.1858520507812 
v 268.08740234375 159.04100036621094 -879.3262329101562 
v 452.7191162109375 159.041015625 -879.3262329101562 
v 268.08740234375 171.24307250976562 -880.1961059570312 
v 268.08740234375 192.6278533935547 -870.554931640625 
v 268.08740234375 199.35382080078125 -862.6341552734375 
v 452.7191162109375 199.35382080078125 -862.6341552734375 
v 268.08740234375 202.96385192871094 -855.089111328125 
v 452.7191162109375 202.96388244628906 -855.089111328125 
v 452.7191162109375 199.61929321289062 -853.5454711914062 
v 268.08740234375 199.6192626953125 -853.5454711914062 
v 268.08740234375 149.9617919921875 -871.84130859375 
v 452.7191162109375 149.9617919921875 -871.8412475585938 
v 268.08740234375 159.79408264160156 -875.73583984375 
v 452.7191162109375 159.79409790039062 -875.73583984375 
v 268.08740234375 170.8597412109375 -876.5927124023438 
v 452.7191162109375 170.8597412109375 -876.5927124023438 
v 268.08740234375 181.74452209472656 -873.62939453125 
v 452.7191162109375 181.74452209472656 -873.62939453125 
v 268.08740234375 190.19091796875 -867.8516235351562 
v 452.7191162109375 190.19091796875 -867.8516235351562 
v 268.08740234375 196.23062133789062 -860.6831665039062 
v 452.7191162109375 196.2306365966797 -860.6831665039062 
v 268.08740234375 199.6192626953125 -853.5454711914062 
v 452.7191162109375 199.61929321289062 -853.5454711914062 
v 268.08740234375 199.6192626953125 -853.5454711914062 
v 268.08740234375 202.96385192871094 -855.089111328125 
v 268.08740234375 196.23062133789062 -860.6831665039062 
v 268.08740234375 199.35382080078125 -862.6341552734375 
v 268.08740234375 192.6278533935547 -870.554931640625 
v 268.08740234375 190.19091796875 -867.8516235351562 
v 268.08740234375 181.74452209472656 -873.62939453125 
v 268.08740234375 183.30410766601562 -876.972412109375 
v 268.08740234375 171.24307250976562 -880.1961059570312 
v 268.08740234375 170.8597412109375 -876.5927124023438 
v 268.08740234375 159.04100036621094 -879.3262329101562 
v 268.08740234375 159.79408264160156 -875.73583984375 
v 268.08740234375 148.41818237304688 -875.1858520507812 
v 268.08740234375 149.9617919921875 -871.84130859375 
v 452.7191162109375 149.9617919921875 -871.8412475585938 
v 452.7191162109375 159.79409790039062 -875.73583984375 
v 452.7191162109375 148.41819763183594 -875.1858520507812 
v 452.7191162109375 159.041015625 -879.3262329101562 
v 452.7191162109375 170.8597412109375 -876.5927124023438 
v 452.7191162109375 171.24310302734375 -880.1961059570312 
v 452.7191162109375 181.74452209472656 -873.62939453125 
v 452.7191162109375 183.30410766601562 -876.972412109375 
v 452.7191162109375 192.62786865234375 -870.5548095703125 
v 452.7191162109375 190.19091796875 -867.8516235351562 
v 452.7191162109375 196.2306365966797 -860.6831665039062 
v 452.7191162109375 199.35382080078125 -862.6341552734375 
v 452.7191162109375 202.96388244628906 -855.089111328125 
v 452.7191162109375 199.61929321289062 -853.5454711914062 
v 238.89932250976562 85.18260955810547 -1210.3365478515625 
vn 0.999997615814209 0 0.002184694167226553 
vn 0.999997615814209 0 0.002184694167226553 
vn 0.999997615814209 0 0.002184694167226553 
vn 0.999997615814209 0 0.002184694167226553 
vn 3.097898456858039e-13 -0.999997615814209 -0.002184694167226553 
vn 3.097898456858039e-13 -0.999997615814209 -0.002184694167226553 
vn 3.097898456858039e-13 -0.999997615814209 -0.002184694167226553 
vn 3.097898456858039e-13 -0.999997615814209 -0.002184694167226553 
vn 0 0 1 
vn 0.0013502120273187757 0.0041555254720151424 0.9999904632568359 
vn 0 0 1 
vn 0.0013502120273187757 0.0041555254720151424 0.9999904632568359 
vn 0 0 1 
vn 0 0 1 
vn 0 0 1 
vn 0.004369377624243498 0 0.9999904632568359 
vn 0.020776038989424706 0.006750544533133507 0.9997613430023193 
vn -0.020776038989424706 0.006750544533133507 0.9997613430023193 
vn -0.0035349009558558464 0.002568255877122283 0.9999904632568359 
vn 0 0 1 
vn -2.0682311115474694e-13 0 -1 
vn 2.0682311115474694e-13 4.2775797696334704e-26 -1 
vn 2.0682311115474694e-13 4.2775797696334704e-26 -1 
vn 2.0682311115474694e-13 4.2775797696334704e-26 -1 
vn 2.0682311115474694e-13 4.2775797696334704e-26 -1 
vn -2.0682311115474694e-13 0 -1 
vn -2.0682311115474694e-13 0 -1 
vn -2.0682311115474694e-13 0 -1 
vn 2.0682311115474694e-13 4.2775797696334704e-26 -1 
vn 2.0682311115474694e-13 4.2775797696334704e-26 -1 
vn -2.0682311115474694e-13 0 -1 
vn -2.0682311115474694e-13 0 -1 
vn -1.0341130485562108e-13 0.999997615814209 0.002184694167226553 
vn -1.0341130485562108e-13 0.999997615814209 0.002184694167226553 
vn -1.0341130485562108e-13 0.999997615814209 0.002184694167226553 
vn -1.0341130485562108e-13 0.999997615814209 0.002184694167226553 
vn 0 0 1 
vn 0 0 1 
vn 0 0 1 
vn 0 0 1 
vn 0 0 1 
vn 0 0 1 
vn 0 0 1 
vn 0 0 1 
vn 3.097898456858039e-13 -0.999997615814209 0.002184694167226553 
vn 3.097898456858039e-13 -0.999997615814209 0.002184694167226553 
vn 3.097898456858039e-13 -0.999997615814209 0.002184694167226553 
vn 3.097898456858039e-13 -0.999997615814209 0.002184694167226553 
vn -2.0682311115474694e-13 0 -1 
vn -2.0682311115474694e-13 0 -1 
vn -2.0682311115474694e-13 0 -1 
vn -2.0682311115474694e-13 0 -1 
vn -2.0682311115474694e-13 0 -1 
vn -2.0682311115474694e-13 0 -1 
vn -2.0682311115474694e-13 0 -1 
vn -2.0682311115474694e-13 0 -1 
vn 3.097898456858039e-13 -0.999997615814209 -0.002184694167226553 
vn 3.097898456858039e-13 -0.999997615814209 -0.002184694167226553 
vn 3.097898456858039e-13 -0.999997615814209 -0.002184694167226553 
vn 3.097898456858039e-13 -0.999997615814209 -0.002184694167226553 
vn -1.0341130485562108e-13 0.999997615814209 0.002184694167226553 
vn -1.0341130485562108e-13 0.999997615814209 0.002184694167226553 
vn -1.0341130485562108e-13 0.999997615814209 0.002184694167226553 
vn -1.0341130485562108e-13 0.999997615814209 0.002184694167226553 
vn -0.999997615814209 -2.0682260971124217e-13 0.002184694167226553 
vn -0.999997615814209 -2.0682260971124217e-13 0.002184694167226553 
vn -0.999997615814209 -2.0682260971124217e-13 0.002184694167226553 
vn -0.999997615814209 -2.0682260971124217e-13 0.002184694167226553 
vn -0.999997615814209 -2.0682260971124217e-13 0.002184694167226553 
vn -0.999997615814209 -2.0682260971124217e-13 0.002184694167226553 
vn -2.0682311115474694e-13 0 -1 
vn -0.0018909800564870238 0.504404604434967 -0.8634653687477112 
vn -2.0682311115474694e-13 0 -1 
vn -0.0018909800564870238 0.504404604434967 -0.8634653687477112 
vn 0.007549809291958809 0.9228001236915588 -0.3852050006389618 
vn 0.013224530965089798 0.9176072478294373 -0.3972681760787964 
vn 0.022649399936199188 0.9995501041412354 -0.01966099627315998 
vn 0.015102335251867771 0.9998263120651245 -0.010923261754214764 
vn -1.0341130485562108e-13 0.999997615814209 0.002184694167226553 
vn 0.0018878303235396743 0.7078762650489807 -0.7063339352607727 
vn -0.0018909800564870238 0.504404604434967 -0.8634653687477112 
vn -0.0018909800564870238 0.504404604434967 -0.8634653687477112 
vn 0.0037783945444971323 0.7047756314277649 -0.7094202041625977 
vn -2.0682311115474694e-13 0 -1 
vn -2.0682311115474694e-13 0 -1 
vn 0.0075516714714467525 0.9999499917030334 -0.006554040592163801 
vn 0.007551815826445818 0.9999691247940063 0.002184694167226553 
vn -1.0341130485562108e-13 0.999997615814209 0.002184694167226553 
vn -2.0682311115474694e-13 0 -1 
vn 0.0018903579330071807 -0.4777628779411316 -0.8784868121147156 
vn -2.0682311115474694e-13 0 -1 
vn 0.0018903579330071807 -0.4777628779411316 -0.8784868121147156 
vn 2.732507959051639e-13 -0.8795284628868103 0.4758462607860565 
vn 2.732507959051639e-13 -0.8795284628868103 0.4758462607860565 
vn 0 0 1 
vn 0 0 1 
vn -0.999997615814209 -2.0682260971124217e-13 0.002184694167226553 
vn -0.999997615814209 -2.0682260971124217e-13 0.002184694167226553 
vn -0.999997615814209 -2.0682260971124217e-13 0.002184694167226553 
vn -0.999997615814209 -2.0682260971124217e-13 0.002184694167226553 
vn -0.999997615814209 -2.0682260971124217e-13 0.002184694167226553 
vn -0.999997615814209 -2.0682260971124217e-13 0.002184694167226553 
vn -0.999997615814209 -2.0682260971124217e-13 0.002184694167226553 
vn -0.999997615814209 -2.0682260971124217e-13 0.002184694167226553 
vn -0.999997615814209 -2.0682260971124217e-13 0.002184694167226553 
vn -0.999997615814209 -2.0682260971124217e-13 0.002184694167226553 
vn 0.999997615814209 0 0.002184694167226553 
vn 0.999997615814209 0 0.002184694167226553 
vn 0.999997615814209 0 0.002184694167226553 
vn 0.999997615814209 0 0.002184694167226553 
vn 0.999997615814209 0 0.002184694167226553 
vn 0.999997615814209 0 0.002184694167226553 
vn 3.097898456858039e-13 -0.999997615814209 0.002184694167226553 
vn 3.097898456858039e-13 -0.999997615814209 0.002184694167226553 
vn 3.097898456858039e-13 -0.999997615814209 0.002184694167226553 
vn 3.097898456858039e-13 -0.999997615814209 0.002184694167226553 
vn 0.999997615814209 0 0.002184694167226553 
vn 0.999997615814209 0 0.002184694167226553 
vn 0.999997615814209 0 0.002184694167226553 
vn 0.999997615814209 0 0.002184694167226553 
vn 0.999997615814209 0 0.002184694167226553 
vn 0.999997615814209 0 -0.002184694167226553 
vn 0.999997615814209 0 0.002184694167226553 
vn 0.999997615814209 0 0.002184694167226553 
vn 0.999997615814209 0 -0.002184694167226553 
vn 0.999997615814209 0 -0.002184694167226553 
vn 0.999997615814209 0 0.002184694167226553 
vn 0.999997615814209 0 0.002184694167226553 
vn 0.999997615814209 0 0.002184694167226553 
vn 0.5303624868392944 -0.015116861090064049 -0.8476362228393555 
vn -1.0341130485562108e-13 0.999997615814209 0.002184694167226553 
vn -1.0341130485562108e-13 0.999997615814209 0.002184694167226553 
vn 0.0037715123035013676 0.669877290725708 0.7424622178077698 
vn 0.0037715123035013676 0.669877290725708 0.7424622178077698 
vn -0.0018859856063500047 0.7047832608222961 0.7094202041625977 
vn -0.0018859856063500047 0.7047832608222961 0.7094202041625977 
vn -0.001885096076875925 0.7380534410476685 0.67473965883255 
vn -0.001885096076875925 0.7380534410476685 0.67473965883255 
vn 0 0 1 
vn 0 0 1 
vn 0.0018866752507165074 -0.7554870247840881 0.6551609039306641 
vn 2.9035484411764345e-13 -0.937261700630188 0.34862664341926575 
vn 0.0018866752507165074 -0.7554870247840881 0.6551609039306641 
vn 2.9035484411764345e-13 -0.937261700630188 0.34862664341926575 
vn 3.097898456858039e-13 -0.999997615814209 0.002184694167226553 
vn 3.097898456858039e-13 -0.999997615814209 0.002184694167226553 
vn -1.0339945994688668e-13 0.9998830556869507 0.0152922747656703 
vn -9.644279867987784e-14 0.9326114058494568 -0.36088213324546814 
vn -1.0339945994688668e-13 0.9998830556869507 0.0152922747656703 
vn -9.644279867987784e-14 0.9326114058494568 -0.36088213324546814 
vn -0.0018874284578487277 0.9985070824623108 0.05459024757146835 
vn -0.0018874284578487277 0.9985070824623108 0.05459024757146835 
vn 0.0018835372757166624 0.6535061001777649 0.7569189071655273 
vn 0.0018835372757166624 0.6535061001777649 0.7569189071655273 
vn 3.097898456858039e-13 -0.999997615814209 -0.002184694167226553 
vn 3.097898456858039e-13 -0.999997615814209 -0.002184694167226553 
vn 0.0037714340724051 -0.8667445182800293 0.4987381398677826 
vn 0.0037714340724051 -0.8667445182800293 0.4987381398677826 
vn 0 0 1 
vn 0 0 1 
vn 0.0037714340724051 0.8667445182800293 0.4987381398677826 
vn 0.0037714340724051 0.8667445182800293 0.4987381398677826 
vn 0.0018883368466049433 0.8667506575584412 -0.4987381398677826 
vn 0.0018883368466049433 0.8667506575584412 -0.4987381398677826 
vn 2.0682311115474694e-13 4.2775797696334704e-26 -1 
vn 2.0682311115474694e-13 4.2775797696334704e-26 -1 
vn 1.550906213350356e-13 -0.5006305575370789 -0.865661084651947 
vn 1.550906213350356e-13 -0.5006305575370789 -0.865661084651947 
vn -0.924505352973938 -1.9120906843538704e-13 0.3811691105365753 
vn -0.924505352973938 -1.9120906843538704e-13 0.3811691105365753 
vn -0.7078787684440613 -1.4640568759497624e-13 0.7063339352607727 
vn -0.7078787684440613 -1.4640568759497624e-13 0.7063339352607727 
vn 0 0 1 
vn 0 0 1 
vn 0.7078787684440613 0 0.7063339352607727 
vn 0.7078787684440613 0 0.7063339352607727 
vn 0.999997615814209 0 -0.002184694167226553 
vn 0.999997615814209 0 -0.002184694167226553 
vn 0.7078787684440613 0 -0.7063339352607727 
vn 0.7078787684440613 0 -0.7063339352607727 
vn 2.0682311115474694e-13 4.2775797696334704e-26 -1 
vn 2.0682311115474694e-13 4.2775797696334704e-26 -1 
vn -0.7078686952590942 0.0037756471429020166 -0.7063339352607727 
vn -0.7078686952590942 0.0037756471429020166 -0.7063339352607727 
vn -0.9244976043701172 0.0037768674083054066 -0.3811691105365753 
vn -0.9244976043701172 0.0037768674083054066 -0.3811691105365753 
vn -1.0341130485562108e-13 0.999997615814209 0.002184694167226553 
vn -1.0341130485562108e-13 0.999997615814209 0.002184694167226553 
vn -9.692368977722021e-14 0.937261700630188 -0.34862664341926575 
vn -9.692368977722021e-14 0.937261700630188 -0.34862664341926575 
vn 0.0018857949180528522 0.9088032245635986 0.417220801115036 
vn 0.0018857949180528522 0.9088032245635986 0.417220801115036 
vn -0.0018796725198626518 -0.4152300953865051 0.9097144603729248 
vn -0.0018796725198626518 -0.4152300953865051 0.9097144603729248 
vn 2.9035484411764345e-13 -0.937261700630188 0.34862664341926575 
vn 2.9035484411764345e-13 -0.937261700630188 0.34862664341926575 
vn 3.097898456858039e-13 -0.999997615814209 0.002184694167226553 
vn 3.097898456858039e-13 -0.999997615814209 0.002184694167226553 
vn 0.999997615814209 0 0.002184694167226553 
vn 0.999997615814209 0 -0.002184694167226553 
vn 0.999997615814209 0 -0.002184694167226553 
vn 0.999997615814209 0 -0.002184694167226553 
vn -0.999997615814209 -2.0682260971124217e-13 0.002184694167226553 
vn -0.999997615814209 -2.0682260971124217e-13 0.002184694167226553 
vn -0.999997615814209 -2.0682260971124217e-13 0.002184694167226553 
vn -0.999997615814209 -2.0682260971124217e-13 0.002184694167226553 
vn 0.999997615814209 0 0.002184694167226553 
vn 0.999997615814209 0 0.002184694167226553 
vn 0.999997615814209 0 0.002184694167226553 
vn 0.999997615814209 0 0.002184694167226553 
vn 0.999997615814209 0 0.002184694167226553 
vn 0.999997615814209 0 0.002184694167226553 
vn 0.999997615814209 0 -0.002184694167226553 
vn 0.999997615814209 0 -0.002184694167226553 
vn 0.999997615814209 0 -0.002184694167226553 
vn 0.999997615814209 0 0.002184694167226553 
vn 0.999997615814209 0 0.002184694167226553 
vn 0.999997615814209 0 0.002184694167226553 
vn -0.999997615814209 -2.0682260971124217e-13 0.002184694167226553 
vn -0.999997615814209 -2.0682260971124217e-13 0.002184694167226553 
vn -0.999997615814209 -2.0682260971124217e-13 0.002184694167226553 
vn -0.999997615814209 -2.0682260971124217e-13 0.002184694167226553 
vn -0.999997615814209 -2.0682260971124217e-13 0.002184694167226553 
vn -0.999997615814209 -2.0682260971124217e-13 0.002184694167226553 
vn -0.999997615814209 -2.0682260971124217e-13 0.002184694167226553 
vn -0.999997615814209 -2.0682260971124217e-13 0.002184694167226553 
vn 0.999997615814209 0 0.002184694167226553 
vn 0.999997615814209 0 0.002184694167226553 
vn 0.999997615814209 0 0.002184694167226553 
vn 0.999997615814209 0 0.002184694167226553 
vn 0.999997615814209 0 0.002184694167226553 
vn 0.999997615814209 0 0.002184694167226553 
vn 0.999997615814209 0 0.002184694167226553 
vn 0.999997615814209 0 0.002184694167226553 
vn 0 0 1 
vn 0 0 1 
vn 0 0 1 
vn 0 0 1 
vn 0 0 1 
vn 0 0 1 
vn 0.0037732303608208895 -0.8623530864715576 0.5062933564186096 
vn 0 0 1 
vn 0 0 1 
vn 0.999997615814209 0 0.002184694167226553 
vn 0.999997615814209 0 0.002184694167226553 
vn 0.999997615814209 0 0.002184694167226553 
vn 0.999997615814209 0 0.002184694167226553 
vn 3.097898456858039e-13 -0.999997615814209 0.002184694167226553 
vn 3.097898456858039e-13 -0.999997615814209 0.002184694167226553 
vn 3.097898456858039e-13 -0.999997615814209 0.002184694167226553 
vn 3.097898456858039e-13 -0.999997615814209 0.002184694167226553 
vn -2.0682311115474694e-13 0 -1 
vn -2.0682311115474694e-13 0 -1 
vn -2.0682311115474694e-13 0 -1 
vn -2.0682311115474694e-13 0 -1 
vn 3.097898456858039e-13 -0.999997615814209 0.002184694167226553 
vn 3.097898456858039e-13 -0.999997615814209 0.002184694167226553 
vn 3.097898456858039e-13 -0.999997615814209 0.002184694167226553 
vn 3.097898456858039e-13 -0.999997615814209 0.002184694167226553 
vn 3.097898456858039e-13 -0.999997615814209 0.002184694167226553 
vn 3.097898456858039e-13 -0.999997615814209 0.002184694167226553 
vn 3.097898456858039e-13 -0.999997615814209 0.002184694167226553 
vn 3.097898456858039e-13 -0.999997615814209 0.002184694167226553 
vn -0.999997615814209 -2.0682260971124217e-13 0.002184694167226553 
vn -0.999997615814209 -2.0682260971124217e-13 0.002184694167226553 
vn -0.999997615814209 -2.0682260971124217e-13 0.002184694167226553 
vn -0.999997615814209 -2.0682260971124217e-13 0.002184694167226553 
vn -0.0017888620495796204 0.026152238249778748 0.9996563792228699 
vn 0.005333262961357832 0.025665070861577988 0.9996563792228699 
vn -0.0018868892220780253 -0.8877083659172058 0.46040233969688416 
vn 0.0037702838890254498 -0.8856821656227112 0.4642767012119293 
vn 1.4322877194168637e-13 -0.4623406231403351 -0.8867024183273315 
vn 1.4322877194168637e-13 -0.4623406231403351 -0.8867024183273315 
vn -0.0037798190023750067 0.6954160332679749 -0.7185974717140198 
vn 1.4322877194168637e-13 -0.4623406231403351 -0.8867024183273315 
vn -0.00566583126783371 0.6985365152359009 -0.715552031993866 
vn -1.0341130485562108e-13 0.999997615814209 0.002184694167226553 
vn -1.0341130485562108e-13 0.999997615814209 0.002184694167226553 
vn -1.0341130485562108e-13 0.999997615814209 0.002184694167226553 
vn 0.0018886286998167634 0.6985569000244141 -0.715552031993866 
vn -0.0017888620495796204 0.026152238249778748 0.9996563792228699 
vn -0.0037702838890254498 -0.8856821656227112 0.4642767012119293 
vn -0.9999785423278809 -2.0681866592583975e-13 -0.006554040592163801 
vn -0.9999785423278809 -2.0681866592583975e-13 -0.006554040592163801 
vn -0.9999785423278809 -2.0681866592583975e-13 -0.006554040592163801 
vn -0.9999785423278809 -2.0681866592583975e-13 -0.006554040592163801 
vn -2.0682311115474694e-13 0 -1 
vn -2.0682311115474694e-13 0 -1 
vn -2.0682311115474694e-13 0 -1 
vn -2.0682311115474694e-13 0 -1 
vn 0.003771433839574456 0.6266454458236694 0.7792953848838806 
vn 0.003771433839574456 0.6266454458236694 0.7792953848838806 
vn -7.540233086349157e-14 0.7291480898857117 0.6843559741973877 
vn -7.540233086349157e-14 0.7291480898857117 0.6843559741973877 
vn -1.0291221271430812e-13 0.995171308517456 0.0981530249118805 
vn -1.0291221271430812e-13 0.995171308517456 0.0981530249118805 
vn -1.0291221271430812e-13 0.995171308517456 -0.0981530249118805 
vn -1.0291221271430812e-13 0.995171308517456 -0.0981530249118805 
vn 0.0018893448868766427 0.6266539096832275 -0.7792953848838806 
vn 0.0018893448868766427 0.6266539096832275 -0.7792953848838806 
vn -7.509239134369586e-14 0.7261508703231812 -0.6875353455543518 
vn -7.509239134369586e-14 0.7261508703231812 -0.6875353455543518 
vn 0.0018883873708546162 0.7321288585662842 -0.681163489818573 
vn 0.0018883873708546162 0.7321288585662842 -0.681163489818573 
vn -2.0682311115474694e-13 0 -1 
vn -2.0682311115474694e-13 0 -1 
vn 0.0018836738308891654 0.7350981831550598 0.677958071231842 
vn 0.0018836738308891654 0.7350981831550598 0.677958071231842 
vn 0 0 1 
vn 0 0 1 
vn 0 0 1 
vn 0 0 1 
vn 0 0 1 
vn 0 0 1 
vn -0.999997615814209 -2.0682260971124217e-13 0.002184694167226553 
vn -0.999997615814209 -2.0682260971124217e-13 0.002184694167226553 
vn -0.999997615814209 -2.0682260971124217e-13 0.002184694167226553 
vn -0.999997615814209 -2.0682260971124217e-13 0.002184694167226553 
vn -0.999997615814209 -2.0682260971124217e-13 0.002184694167226553 
vn -0.999997615814209 -2.0682260971124217e-13 0.002184694167226553 
vn -0.999997615814209 -2.0682260971124217e-13 0.002184694167226553 
vn -0.999997615814209 -2.0682260971124217e-13 0.002184694167226553 
vn -0.999997615814209 -2.0682260971124217e-13 0.002184694167226553 
vn -0.999997615814209 -2.0682260971124217e-13 0.002184694167226553 
vn -0.999997615814209 -2.0682260971124217e-13 0.002184694167226553 
vn -0.999997615814209 -2.0682260971124217e-13 0.002184694167226553 
vn -1.0341130485562108e-13 0.999997615814209 0.002184694167226553 
vn -1.0341130485562108e-13 0.999997615814209 0.002184694167226553 
vn -1.0341130485562108e-13 0.999997615814209 0.002184694167226553 
vn -1.0341130485562108e-13 0.999997615814209 0.002184694167226553 
vn -0.999997615814209 -2.0682260971124217e-13 0.002184694167226553 
vn -0.999997615814209 -2.0682260971124217e-13 0.002184694167226553 
vn -0.999997615814209 -2.0682260971124217e-13 0.002184694167226553 
vn -0.999997615814209 -2.0682260971124217e-13 0.002184694167226553 
vn 3.097898456858039e-13 -0.999997615814209 0.002184694167226553 
vn 3.097898456858039e-13 -0.999997615814209 0.002184694167226553 
vn 3.097898456858039e-13 -0.999997615814209 -0.002184694167226553 
vn 3.097898456858039e-13 -0.999997615814209 -0.002184694167226553 
vn 3.097898456858039e-13 -0.999997615814209 -0.002184694167226553 
vn 3.097898456858039e-13 -0.999997615814209 -0.002184694167226553 
vn 3.097898456858039e-13 -0.999997615814209 0.002184694167226553 
vn 3.097898456858039e-13 -0.999997615814209 0.002184694167226553 
vn 0.999997615814209 0 0.002184694167226553 
vn 0.999997615814209 0 0.002184694167226553 
vn 0.999997615814209 0 -0.002184694167226553 
vn 0.999997615814209 0 -0.002184694167226553 
vn 0.999997615814209 0 0.002184694167226553 
vn 0.999997615814209 0 0.002184694167226553 
vn 0.999997615814209 0 0.002184694167226553 
vn 0.999997615814209 0 0.002184694167226553 
vn 0.999997615814209 0 0.002184694167226553 
vn 0.999997615814209 0 -0.002184694167226553 
vn 0.999997615814209 0 -0.002184694167226553 
vn 0.999997615814209 0 -0.002184694167226553 
vn 0.999997615814209 0 0.002184694167226553 
vn 0.999997615814209 0 0.002184694167226553 
vn 0.999997615814209 0 -0.002184694167226553 
vn 0.999997615814209 0 0.002184694167226553 
vn 0 0 1 
vn 0 0 1 
vn 0 0 1 
vn 0 0 1 
vn 0.999997615814209 0 0.002184694167226553 
vn 0.999997615814209 0 0.002184694167226553 
vn 0.999997615814209 0 0.002184694167226553 
vn 0.999997615814209 0 0.002184694167226553 
vn -2.0682311115474694e-13 0 -1 
vn -2.0682311115474694e-13 0 -1 
vn -2.0682311115474694e-13 0 -1 
vn -2.0682311115474694e-13 0 -1 
vn 0 0 1 
vn 0 0 1 
vn 0 0 1 
vn 0 0 1 
vn -2.0682311115474694e-13 0 -1 
vn -2.0682311115474694e-13 0 -1 
vn -2.0682311115474694e-13 0 -1 
vn -2.0682311115474694e-13 0 -1 
vn 0.999997615814209 0 0.002184694167226553 
vn 0.999997615814209 0 0.002184694167226553 
vn 0.999997615814209 0 0.002184694167226553 
vn 0.999997615814209 0 0.002184694167226553 
vn -0.999997615814209 -2.0682260971124217e-13 0.002184694167226553 
vn -0.999997615814209 -2.0682260971124217e-13 0.002184694167226553 
vn -0.999997615814209 -2.0682260971124217e-13 0.002184694167226553 
vn -0.999997615814209 -2.0682260971124217e-13 0.002184694167226553 
vn 0 0 1 
vn 0 0 1 
vn 0 0 1 
vn 0 0 1 
vn -2.0682311115474694e-13 0 -1 
vn -2.0682311115474694e-13 0 -1 
vn -2.0682311115474694e-13 0 -1 
vn -2.0682311115474694e-13 0 -1 
vn 0.999997615814209 0 0.002184694167226553 
vn 0.999997615814209 0 0.002184694167226553 
vn 0.999997615814209 0 0.002184694167226553 
vn 0.999997615814209 0 0.002184694167226553 
vn -0.999997615814209 -2.0682260971124217e-13 0.002184694167226553 
vn -0.999997615814209 -2.0682260971124217e-13 0.002184694167226553 
vn -0.999997615814209 -2.0682260971124217e-13 0.002184694167226553 
vn -0.999997615814209 -2.0682260971124217e-13 0.002184694167226553 
vn -2.0682311115474694e-13 0 -1 
vn -2.0682311115474694e-13 0 -1 
vn -2.0682311115474694e-13 0 -1 
vn -2.0682311115474694e-13 0 -1 
vn 0 0 1 
vn 0 0 1 
vn 0 0 1 
vn 0 0 1 
vn -1.0341130485562108e-13 0.999997615814209 0.002184694167226553 
vn -1.0341130485562108e-13 0.999997615814209 0.002184694167226553 
vn -1.0341130485562108e-13 0.999997615814209 0.002184694167226553 
vn -1.0341130485562108e-13 0.999997615814209 0.002184694167226553 
vn 3.097898456858039e-13 -0.999997615814209 0.002184694167226553 
vn 3.097898456858039e-13 -0.999997615814209 0.002184694167226553 
vn 3.097898456858039e-13 -0.999997615814209 0.002184694167226553 
vn 3.097898456858039e-13 -0.999997615814209 0.002184694167226553 
vn 3.097898456858039e-13 -0.999997615814209 -0.002184694167226553 
vn 3.097898456858039e-13 -0.999997615814209 -0.002184694167226553 
vn 3.097898456858039e-13 -0.999997615814209 -0.002184694167226553 
vn 3.097898456858039e-13 -0.999997615814209 -0.002184694167226553 
vn -0.999997615814209 -2.0682260971124217e-13 -0.002184694167226553 
vn -0.999997615814209 -2.0682260971124217e-13 0.002184694167226553 
vn -0.999997615814209 -2.0682260971124217e-13 -0.002184694167226553 
vn -0.999997615814209 -2.0682260971124217e-13 0.002184694167226553 
vn -0.999997615814209 -2.0682260971124217e-13 0.002184694167226553 
vn -0.999997615814209 -2.0682260971124217e-13 0.002184694167226553 
vn -0.999997615814209 -2.0682260971124217e-13 -0.002184694167226553 
vn -0.999997615814209 -2.0682260971124217e-13 -0.002184694167226553 
vn -0.999997615814209 -2.0682260971124217e-13 0.002184694167226553 
vn -0.999997615814209 -2.0682260971124217e-13 0.002184694167226553 
vn -0.999997615814209 -2.0682260971124217e-13 -0.002184694167226553 
vn -0.999997615814209 -2.0682260971124217e-13 0.002184694167226553 
vn -0.999997615814209 -2.0682260971124217e-13 -0.002184694167226553 
vn -0.999997615814209 -2.0682260971124217e-13 -0.002184694167226553 
vn -0.999997615814209 -2.0682260971124217e-13 0.002184694167226553 
vn -0.999997615814209 -2.0682260971124217e-13 0.002184694167226553 
vn -1.0341130485562108e-13 0.999997615814209 0.002184694167226553 
vn -9.692368977722021e-14 0.937261700630188 -0.34862664341926575 
vn -1.0341130485562108e-13 0.999997615814209 0.002184694167226553 
vn -9.692368977722021e-14 0.937261700630188 -0.34862664341926575 
vn 0.0018857949180528522 0.9088032245635986 0.417220801115036 
vn 0.0018857949180528522 0.9088032245635986 0.417220801115036 
vn -0.0018796725198626518 -0.4152300953865051 0.9097144603729248 
vn -0.0018796725198626518 -0.4152300953865051 0.9097144603729248 
vn 2.9035484411764345e-13 -0.937261700630188 0.34862664341926575 
vn 2.9035484411764345e-13 -0.937261700630188 0.34862664341926575 
vn 3.097898456858039e-13 -0.999997615814209 0.002184694167226553 
vn 3.097898456858039e-13 -0.999997615814209 0.002184694167226553 
vn -1.0341130485562108e-13 0.999997615814209 0.002184694167226553 
vn -1.0341130485562108e-13 0.999997615814209 0.002184694167226553 
vn -9.692368977722021e-14 0.937261700630188 -0.34862664341926575 
vn -9.692368977722021e-14 0.937261700630188 -0.34862664341926575 
vn 0.0018857949180528522 0.9088032245635986 0.417220801115036 
vn 0.0018857949180528522 0.9088032245635986 0.417220801115036 
vn -0.0018796725198626518 -0.4152300953865051 0.9097144603729248 
vn -0.0018796725198626518 -0.4152300953865051 0.9097144603729248 
vn 2.9035484411764345e-13 -0.937261700630188 0.34862664341926575 
vn 2.9035484411764345e-13 -0.937261700630188 0.34862664341926575 
vn 3.097898456858039e-13 -0.999997615814209 0.002184694167226553 
vn 3.097898456858039e-13 -0.999997615814209 0.002184694167226553 
vn -1.0341130485562108e-13 0.999997615814209 0.002184694167226553 
vn -1.0341130485562108e-13 0.999997615814209 0.002184694167226553 
vn -1.0341130485562108e-13 0.999997615814209 0.002184694167226553 
vn -1.0341130485562108e-13 0.999997615814209 0.002184694167226553 
vn 0 0 1 
vn 0 0 1 
vn 0 0 1 
vn 0 0 1 
vn -1.0341130485562108e-13 0.999997615814209 0.002184694167226553 
vn -9.692368977722021e-14 0.937261700630188 -0.34862664341926575 
vn -1.0341130485562108e-13 0.999997615814209 0.002184694167226553 
vn -9.692368977722021e-14 0.937261700630188 -0.34862664341926575 
vn 0.0018857949180528522 0.9088032245635986 0.417220801115036 
vn 0.0018857949180528522 0.9088032245635986 0.417220801115036 
vn -0.0018796725198626518 -0.4152300953865051 0.9097144603729248 
vn -0.0018796725198626518 -0.4152300953865051 0.9097144603729248 
vn 2.9035484411764345e-13 -0.937261700630188 0.34862664341926575 
vn 2.9035484411764345e-13 -0.937261700630188 0.34862664341926575 
vn 3.097898456858039e-13 -0.999997615814209 0.002184694167226553 
vn 3.097898456858039e-13 -0.999997615814209 0.002184694167226553 
vn 0.999997615814209 0 0.002184694167226553 
vn 0.999997615814209 0 0.002184694167226553 
vn 0.999997615814209 0 0.002184694167226553 
vn 0.999997615814209 0 0.002184694167226553 
vn 0.999997615814209 0 0.002184694167226553 
vn 0.999997615814209 0 -0.002184694167226553 
vn 0.999997615814209 0 -0.002184694167226553 
vn 0.999997615814209 0 -0.002184694167226553 
vn 0.999997615814209 0 0.002184694167226553 
vn 0.999997615814209 0 0.002184694167226553 
vn 3.097898456858039e-13 -0.999997615814209 -0.002184694167226553 
vn 3.097898456858039e-13 -0.999997615814209 -0.002184694167226553 
vn 3.097898456858039e-13 -0.999997615814209 -0.002184694167226553 
vn 3.097898456858039e-13 -0.999997615814209 -0.002184694167226553 
vn -2.0682311115474694e-13 0 -1 
vn -2.0682311115474694e-13 0 -1 
vn -2.0682311115474694e-13 0 -1 
vn -2.0682311115474694e-13 0 -1 
vn 3.097898456858039e-13 -0.999997615814209 0.002184694167226553 
vn 3.097898456858039e-13 -0.999997615814209 0.002184694167226553 
vn 3.097898456858039e-13 -0.999997615814209 0.002184694167226553 
vn 3.097898456858039e-13 -0.999997615814209 0.002184694167226553 
vn -0.999997615814209 -2.0682260971124217e-13 0.002184694167226553 
vn -0.999997615814209 -2.0682260971124217e-13 0.002184694167226553 
vn -0.999997615814209 -2.0682260971124217e-13 0.002184694167226553 
vn -0.999997615814209 -2.0682260971124217e-13 0.002184694167226553 
vn -0.999997615814209 -2.0682260971124217e-13 0.002184694167226553 
vn -0.999997615814209 -2.0682260971124217e-13 0.002184694167226553 
vn -0.999997615814209 -2.0682260971124217e-13 0.002184694167226553 
vn -0.999997615814209 -2.0682260971124217e-13 0.002184694167226553 
vn -0.999997615814209 -2.0682260971124217e-13 0.002184694167226553 
vn -0.999997615814209 -2.0682260971124217e-13 0.002184694167226553 
vn 0.999997615814209 0 0.002184694167226553 
vn 0.999997615814209 0 0.002184694167226553 
vn 0.999997615814209 0 0.002184694167226553 
vn 0.999997615814209 0 -0.002184694167226553 
vn 0.999997615814209 0 -0.002184694167226553 
vn 0.999997615814209 0 -0.002184694167226553 
vn 0.999997615814209 0 -0.002184694167226553 
vn -2.0682311115474694e-13 0 -1 
vn -2.0682311115474694e-13 0 -1 
vn -2.0682311115474694e-13 0 -1 
vn -2.0682311115474694e-13 0 -1 
vn -1.0341130485562108e-13 0.999997615814209 0.002184694167226553 
vn 0.0018861104035750031 0.875334620475769 0.4835140109062195 
vn -1.0341130485562108e-13 0.999997615814209 0.002184694167226553 
vn 0.0018861104035750031 0.875334620475769 0.4835140109062195 
vn 0.0018820299301296473 0.5379615426063538 0.8429672718048096 
vn 0.0037633744068443775 0.5342631936073303 0.8453097939491272 
vn 0.0018820299301296473 0.5379615426063538 0.8429672718048096 
vn 3.097898456858039e-13 -0.999997615814209 0.002184694167226553 
vn 3.097898456858039e-13 -0.999997615814209 0.002184694167226553 
vn 3.097898456858039e-13 -0.999997615814209 0.002184694167226553 
vn 3.097898456858039e-13 -0.999997615814209 0.002184694167226553 
vn -0.999997615814209 -2.0682260971124217e-13 0.002184694167226553 
vn -0.999997615814209 -2.0682260971124217e-13 0.002184694167226553 
vn -0.999997615814209 -2.0682260971124217e-13 0.002184694167226553 
vn -0.999997615814209 -2.0682260971124217e-13 0.002184694167226553 
vn -0.999997615814209 -2.0682260971124217e-13 0.002184694167226553 
vn -0.999997615814209 -2.0682260971124217e-13 0.002184694167226553 
vn -0.999997615814209 -2.0682260971124217e-13 0.002184694167226553 
vn -0.999997615814209 -2.0682260971124217e-13 0.002184694167226553 
vn 3.097898456858039e-13 -0.999997615814209 0.002184694167226553 
vn 3.097898456858039e-13 -0.999997615814209 0.002184694167226553 
vn 3.097898456858039e-13 -0.999997615814209 0.002184694167226553 
vn 3.097898456858039e-13 -0.999997615814209 0.002184694167226553 
vn -1.0341130485562108e-13 0.999997615814209 0.002184694167226553 
vn -1.0341130485562108e-13 0.999997615814209 0.002184694167226553 
vn -1.0341130485562108e-13 0.999997615814209 0.002184694167226553 
vn -1.0341130485562108e-13 0.999997615814209 0.002184694167226553 
vn -2.0682311115474694e-13 0 -1 
vn -2.0682311115474694e-13 0 -1 
vn 0.0037788304034620523 0.47390857338905334 -0.8805659413337708 
vn 0.0037788304034620523 0.47390857338905334 -0.8805659413337708 
vn 0.0037788304034620523 0.47390857338905334 -0.8805659413337708 
vn 0.0037788304034620523 0.47390857338905334 -0.8805659413337708 
vn 0.0018900291761383414 0.3669818937778473 -0.9302261471748352 
vn 0.0018900291761383414 0.3669818937778473 -0.9302261471748352 
vn -0.0018870332278311253 0.9310237765312195 -0.3649536371231079 
vn -0.0018870332278311253 0.9310237765312195 -0.3649536371231079 
vn -2.0682311115474694e-13 0 -1 
vn -2.0682311115474694e-13 0 -1 
vn -0.999997615814209 -2.0682260971124217e-13 0.002184694167226553 
vn -0.999997615814209 -2.0682260971124217e-13 -0.002184694167226553 
vn -0.999997615814209 -2.0682260971124217e-13 -0.002184694167226553 
vn -0.999997615814209 -2.0682260971124217e-13 -0.002184694167226553 
vn -0.999997615814209 -2.0682260971124217e-13 0.002184694167226553 
vn -0.999997615814209 -2.0682260971124217e-13 0.002184694167226553 
vn -0.999997615814209 -2.0682260971124217e-13 0.002184694167226553 
vn 0 0 1 
vn 0 0 1 
vn 0 0 1 
vn 0 0 1 
vn 0.26127517223358154 -0.2399820238351822 0.9349566102027893 
vn 0 0 1 
vn 0.1738872230052948 0 0.9847655892372131 
vn 0 0 1 
vn 0 0 1 
vn 0 0 1 
vn 0.9947648048400879 -0.06787930428981781 0.0763898640871048 
vn 0.5670362114906311 -0.5816962718963623 0.5831804275512695 
vn 0.999997615814209 0 0.002184694167226553 
vn 0.999997615814209 0 0.002184694167226553 
vn 0.999997615814209 0 0.002184694167226553 
vn 0.999997615814209 0 0.002184694167226553 
vn 0.999997615814209 0 0.002184694167226553 
vn -1.0341130485562108e-13 0.999997615814209 0.002184694167226553 
vn -1.0341130485562108e-13 0.999997615814209 0.002184694167226553 
vn -1.0341130485562108e-13 0.999997615814209 0.002184694167226553 
vn -1.0341130485562108e-13 0.999997615814209 0.002184694167226553 
vn -0.999997615814209 -2.0682260971124217e-13 0.002184694167226553 
vn -0.999997615814209 -2.0682260971124217e-13 0.002184694167226553 
vn -0.999997615814209 -2.0682260971124217e-13 0.002184694167226553 
vn -0.999997615814209 -2.0682260971124217e-13 -0.002184694167226553 
vn -0.999997615814209 -2.0682260971124217e-13 -0.002184694167226553 
vn -0.999997615814209 -2.0682260971124217e-13 -0.002184694167226553 
vn -0.999997615814209 -2.0682260971124217e-13 0.002184694167226553 
vn 0.999997615814209 0 0.002184694167226553 
vn 0.999997615814209 0 0.002184694167226553 
vn 0.999997615814209 0 0.002184694167226553 
vn 0.999997615814209 0 0.002184694167226553 
vn -0.999997615814209 -2.0682260971124217e-13 0.002184694167226553 
vn -0.999997615814209 -2.0682260971124217e-13 0.002184694167226553 
vn -0.999997615814209 -2.0682260971124217e-13 -0.002184694167226553 
vn -0.999997615814209 -2.0682260971124217e-13 -0.002184694167226553 
vn 3.097898456858039e-13 -0.999997615814209 0.002184694167226553 
vn 3.097898456858039e-13 -0.999997615814209 0.002184694167226553 
vn 3.097898456858039e-13 -0.999997615814209 0.002184694167226553 
vn 3.097898456858039e-13 -0.999997615814209 0.002184694167226553 
vn 0.9999785423278809 0 -0.006554040592163801 
vn 0.9999785423278809 0 -0.006554040592163801 
vn 0.9999785423278809 0 -0.006554040592163801 
vn 0.9999785423278809 0 -0.006554040592163801 
vn -2.0682311115474694e-13 0 -1 
vn 2.0682311115474694e-13 4.2775797696334704e-26 -1 
vn 2.0682311115474694e-13 4.2775797696334704e-26 -1 
vn 2.0682311115474694e-13 4.2775797696334704e-26 -1 
vn 0 0 1 
vn -0.0018851550994440913 -0.6468666195869446 0.762600839138031 
vn 0 0 1 
vn -0.0018851550994440913 -0.6468666195869446 0.762600839138031 
vn 0.0018879338167607784 -0.9963706135749817 0.08510008454322815 
vn 0.0018879338167607784 -0.9963706135749817 0.08510008454322815 
vn 0.0018879338167607784 -0.9963706135749817 -0.08510008454322815 
vn 0.0018879338167607784 -0.9963706135749817 -0.08510008454322815 
vn 0.0037773021031171083 -0.6468583345413208 -0.762600839138031 
vn 0.0037773021031171083 -0.6468583345413208 -0.762600839138031 
vn -2.0682311115474694e-13 0 -1 
vn -2.0682311115474694e-13 0 -1 
vn -0.999997615814209 -2.0682260971124217e-13 0.002184694167226553 
vn -0.999997615814209 -2.0682260971124217e-13 0.002184694167226553 
vn -0.999997615814209 -2.0682260971124217e-13 0.002184694167226553 
vn -0.999997615814209 -2.0682260971124217e-13 0.002184694167226553 
vn 0.999997615814209 0 0.002184694167226553 
vn 0.999997615814209 0 0.002184694167226553 
vn 0.999997615814209 0 0.002184694167226553 
vn 0.999997615814209 0 0.002184694167226553 
vn 0 0 1 
vn 0 0 1 
vn 0 0 1 
vn 0 0 1 
vn 0 0 1 
vn 0.0018822179408743978 -0.5955318212509155 0.8033295273780823 
vn 0 0 1 
vn 0.0018822179408743978 -0.5955318212509155 0.8033295273780823 
vn 0.0018857847899198532 -0.956819474697113 0.29067665338516235 
vn 0.0018857847899198532 -0.956819474697113 0.29067665338516235 
vn 0 0 1 
vn 0 0 1 
vn 0 0 1 
vn 0 0 1 
vn -1.0341130485562108e-13 0.999997615814209 0.002184694167226553 
vn -1.0341130485562108e-13 0.999997615814209 0.002184694167226553 
vn -1.0341130485562108e-13 0.999997615814209 0.002184694167226553 
vn -1.0341130485562108e-13 0.999997615814209 0.002184694167226553 
vn 3.097898456858039e-13 -0.999997615814209 -0.002184694167226553 
vn 3.097898456858039e-13 -0.999997615814209 -0.002184694167226553 
vn 3.097898456858039e-13 -0.999997615814209 -0.002184694167226553 
vn 3.097898456858039e-13 -0.999997615814209 -0.002184694167226553 
vn -1.0341130485562108e-13 0.999997615814209 0.002184694167226553 
vn -1.0341130485562108e-13 0.999997615814209 0.002184694167226553 
vn -1.0341130485562108e-13 0.999997615814209 0.002184694167226553 
vn -1.0341130485562108e-13 0.999997615814209 0.002184694167226553 
vn 3.097898456858039e-13 -0.999997615814209 -0.002184694167226553 
vn 3.097898456858039e-13 -0.999997615814209 -0.002184694167226553 
vn 3.097898456858039e-13 -0.999997615814209 -0.002184694167226553 
vn 3.097898456858039e-13 -0.999997615814209 -0.002184694167226553 
vn 3.097898456858039e-13 -0.999997615814209 -0.002184694167226553 
vn 3.097898456858039e-13 -0.999997615814209 -0.002184694167226553 
vn 3.097898456858039e-13 -0.999997615814209 -0.002184694167226553 
vn 3.097898456858039e-13 -0.999997615814209 -0.002184694167226553 
vn 3.097898456858039e-13 -0.999997615814209 -0.002184694167226553 
vn 3.097898456858039e-13 -0.999997615814209 -0.002184694167226553 
vn 0.0037714340724051 -0.8667445182800293 0.4987381398677826 
vn 0.0037714340724051 -0.8667445182800293 0.4987381398677826 
vn 0 0 1 
vn 0 0 1 
vn 0.0037714340724051 0.8667445182800293 0.4987381398677826 
vn 0.0037714340724051 0.8667445182800293 0.4987381398677826 
vn 0.0018883368466049433 0.8667506575584412 -0.4987381398677826 
vn 0.0018883368466049433 0.8667506575584412 -0.4987381398677826 
vn 2.0682311115474694e-13 4.2775797696334704e-26 -1 
vn 2.0682311115474694e-13 4.2775797696334704e-26 -1 
vn 1.550906213350356e-13 -0.5006305575370789 -0.865661084651947 
vn 1.550906213350356e-13 -0.5006305575370789 -0.865661084651947 
vn 0.924505352973938 0 -0.3811691105365753 
vn 0.924505352973938 0 -0.3811691105365753 
vn 0.7078787684440613 0 -0.7063339352607727 
vn 0.7078787684440613 0 -0.7063339352607727 
vn -2.0682311115474694e-13 0 -1 
vn 2.0682311115474694e-13 4.2775797696334704e-26 -1 
vn -0.7078686952590942 0.0037756471429020166 -0.7063339352607727 
vn -0.7078686952590942 0.0037756471429020166 -0.7063339352607727 
vn -0.999997615814209 -2.0682260971124217e-13 -0.002184694167226553 
vn -0.999997615814209 -2.0682260971124217e-13 0.002184694167226553 
vn -0.7078787684440613 -1.4640568759497624e-13 0.7063339352607727 
vn -0.7078787684440613 -1.4640568759497624e-13 0.7063339352607727 
vn 0 0 1 
vn 0 0 1 
vn 0.7078787684440613 0 0.7063339352607727 
vn 0.7078787684440613 0 0.7063339352607727 
vn 0.924505352973938 0 0.3811691105365753 
vn 0.924505352973938 0 0.3811691105365753 
vn -1.0341130485562108e-13 0.999997615814209 0.002184694167226553 
vn -1.0341130485562108e-13 0.999997615814209 0.002184694167226553 
vn -1.0341130485562108e-13 0.999997615814209 0.002184694167226553 
vn -1.0341130485562108e-13 0.999997615814209 0.002184694167226553 
vn -1.0341130485562108e-13 0.999997615814209 0.002184694167226553 
vn -1.0341130485562108e-13 0.999997615814209 0.002184694167226553 
vn -1.0341130485562108e-13 0.999997615814209 0.002184694167226553 
vn -1.0341130485562108e-13 0.999997615814209 0.002184694167226553 
vn -1.0341130485562108e-13 0.999997615814209 0.002184694167226553 
vn -1.0341130485562108e-13 0.999997615814209 0.002184694167226553 
vn -1.0341130485562108e-13 0.999997615814209 0.002184694167226553 
vn -1.0341130485562108e-13 0.999997615814209 0.002184694167226553 
vn 0.999997615814209 0 0.002184694167226553 
vn 0.999997615814209 0 0.002184694167226553 
vn 0.999997615814209 0 0.002184694167226553 
vn 0.999997615814209 0 0.002184694167226553 
vn -0.999997615814209 -2.0682260971124217e-13 0.002184694167226553 
vn -0.999997615814209 -2.0682260971124217e-13 0.002184694167226553 
vn -0.999997615814209 -2.0682260971124217e-13 0.002184694167226553 
vn -0.999997615814209 -2.0682260971124217e-13 0.002184694167226553 
vn -2.0682311115474694e-13 0 -1 
vn -2.0682311115474694e-13 0 -1 
vn -2.0682311115474694e-13 0 -1 
vn -2.0682311115474694e-13 0 -1 
vn 0 0 1 
vn 0 0 1 
vn 0 0 1 
vn 0 0 1 
vn -1.0341130485562108e-13 0.999997615814209 0.002184694167226553 
vn -1.0341130485562108e-13 0.999997615814209 0.002184694167226553 
vn -1.0341130485562108e-13 0.999997615814209 0.002184694167226553 
vn -1.0341130485562108e-13 0.999997615814209 0.002184694167226553 
vn -1.0341130485562108e-13 0.999997615814209 0.002184694167226553 
vn -1.0341130485562108e-13 0.999997615814209 0.002184694167226553 
vn -1.0341130485562108e-13 0.999997615814209 0.002184694167226553 
vn -1.0341130485562108e-13 0.999997615814209 0.002184694167226553 
vn -1.0341130485562108e-13 0.999997615814209 0.002184694167226553 
vn -1.0341130485562108e-13 0.999997615814209 0.002184694167226553 
vn -1.0341130485562108e-13 0.999997615814209 0.002184694167226553 
vn -1.0341130485562108e-13 0.999997615814209 0.002184694167226553 
vn -0.999997615814209 -2.0682260971124217e-13 0.002184694167226553 
vn -0.999997615814209 -2.0682260971124217e-13 0.002184694167226553 
vn -0.999997615814209 -2.0682260971124217e-13 0.002184694167226553 
vn -0.999997615814209 -2.0682260971124217e-13 0.002184694167226553 
vn 0.999997615814209 0 0.002184694167226553 
vn 0.999997615814209 0 0.002184694167226553 
vn 0.999997615814209 0 0.002184694167226553 
vn 0.999997615814209 0 0.002184694167226553 
vn -2.0682311115474694e-13 0 -1 
vn -2.0682311115474694e-13 0 -1 
vn -2.0682311115474694e-13 0 -1 
vn -2.0682311115474694e-13 0 -1 
vn 0 0 1 
vn 0 0 1 
vn 0 0 1 
vn 0 0 1 
vn 2.0682311115474694e-13 4.2775797696334704e-26 -1 
vn 2.0682311115474694e-13 4.2775797696334704e-26 -1 
vn 0.0018912923987954855 0.5598737597465515 -0.8285757899284363 
vn 0.0018912923987954855 0.5598737597465515 -0.8285757899284363 
vn 0.001886209356598556 0.8273484706878662 0.5616858005523682 
vn 0.001886209356598556 0.8273484706878662 0.5616858005523682 
vn 0.00376924779266119 -0.707868754863739 0.7063339352607727 
vn 0.00376924779266119 -0.707868754863739 0.7063339352607727 
vn 3.097898456858039e-13 -0.999997615814209 0.002184694167226553 
vn 3.097898456858039e-13 -0.999997615814209 0.002184694167226553 
vn 3.097898456858039e-13 -0.999997615814209 0.002184694167226553 
vn 3.097898456858039e-13 -0.999997615814209 0.002184694167226553 
vn 3.097898456858039e-13 -0.999997615814209 0.002184694167226553 
vn 3.097898456858039e-13 -0.999997615814209 0.002184694167226553 
vn 0 0 1 
vn 0 0 1 
vn 0 0 1 
vn 0 0 1 
vn -2.0682311115474694e-13 0 -1 
vn -2.0682311115474694e-13 0 -1 
vn -2.0682311115474694e-13 0 -1 
vn -2.0682311115474694e-13 0 -1 
vn 0.999997615814209 0 0.002184694167226553 
vn 0.999997615814209 0 0.002184694167226553 
vn 0.999997615814209 0 0.002184694167226553 
vn 0.999997615814209 0 0.002184694167226553 
vn -0.999997615814209 -2.0682260971124217e-13 0.002184694167226553 
vn -0.999997615814209 -2.0682260971124217e-13 0.002184694167226553 
vn -0.999997615814209 -2.0682260971124217e-13 0.002184694167226553 
vn -0.999997615814209 -2.0682260971124217e-13 0.002184694167226553 
vn 3.097898456858039e-13 -0.999997615814209 0.002184694167226553 
vn 3.097898456858039e-13 -0.999997615814209 0.002184694167226553 
vn 3.097898456858039e-13 -0.999997615814209 0.002184694167226553 
vn 3.097898456858039e-13 -0.999997615814209 0.002184694167226553 
vn 0 0 1 
vn 0 0 1 
vn 0 0 1 
vn 0 0 1 
vn -2.0682311115474694e-13 0 -1 
vn -2.0682311115474694e-13 0 -1 
vn -2.0682311115474694e-13 0 -1 
vn -2.0682311115474694e-13 0 -1 
vn 0.999997615814209 0 0.002184694167226553 
vn 0.999997615814209 0 0.002184694167226553 
vn 0.999997615814209 0 0.002184694167226553 
vn 0.999997615814209 0 0.002184694167226553 
vn -0.999997615814209 -2.0682260971124217e-13 0.002184694167226553 
vn -0.999997615814209 -2.0682260971124217e-13 0.002184694167226553 
vn -0.999997615814209 -2.0682260971124217e-13 0.002184694167226553 
vn -0.999997615814209 -2.0682260971124217e-13 0.002184694167226553 
vn 3.097898456858039e-13 -0.999997615814209 -0.002184694167226553 
vn 3.097898456858039e-13 -0.999997615814209 -0.002184694167226553 
vn 3.097898456858039e-13 -0.999997615814209 -0.002184694167226553 
vn 3.097898456858039e-13 -0.999997615814209 -0.002184694167226553 
vn 3.097898456858039e-13 -0.999997615814209 -0.002184694167226553 
vn 3.097898456858039e-13 -0.999997615814209 0.002184694167226553 
vn 3.097898456858039e-13 -0.999997615814209 0.002184694167226553 
vn 3.097898456858039e-13 -0.999997615814209 0.002184694167226553 
vn 3.097898456858039e-13 -0.999997615814209 -0.002184694167226553 
vn 3.097898456858039e-13 -0.999997615814209 -0.002184694167226553 
vn 3.097898456858039e-13 -0.999997615814209 -0.002184694167226553 
vn 3.097898456858039e-13 -0.999997615814209 -0.002184694167226553 
vn 3.097898456858039e-13 -0.999997615814209 0.002184694167226553 
vn 3.097898456858039e-13 -0.999997615814209 -0.002184694167226553 
vn 3.097898456858039e-13 -0.999997615814209 -0.002184694167226553 
vn 3.097898456858039e-13 -0.999997615814209 0.002184694167226553 
vn -0.7071051001548767 0.7071051001548767 -0.002184694167226553 
vn -0.38268253207206726 0.9238772988319397 -0.002184694167226553 
vn -0.7071051001548767 0.7071051001548767 -0.002184694167226553 
vn -0.38268253207206726 0.9238772988319397 -0.002184694167226553 
vn 0.38268253207206726 0.9238772988319397 -0.002184694167226553 
vn 0.38268253207206726 0.9238772988319397 -0.002184694167226553 
vn 0.7071051001548767 0.7071051001548767 -0.002184694167226553 
vn 0.7071051001548767 0.7071051001548767 -0.002184694167226553 
vn 0 0 1 
vn 0 0 1 
vn 0.5268176198005676 0.4442406892776489 0.7246471047401428 
vn 0.008738672360777855 0 0.999961793422699 
vn 0.006694211158901453 -0.005617110058665276 0.999961793422699 
vn 0.5156829357147217 0 0.8567795157432556 
vn -0.0035349009558558464 -0.002568255877122283 0.9999904632568359 
vn -0.43893831968307495 -9.078258571314571e-14 0.8985171914100647 
vn -0.3806453347206116 0.40061497688293457 0.8334367275238037 
vn -0.7529206871986389 0.29810240864753723 0.5867242813110352 
vn -0.22501833736896515 0.777895450592041 0.5867242813110352 
vn 0.20380786061286926 0.846899688243866 0.4911448359489441 
vn 0.9021549224853516 0.2895577847957611 0.3198012113571167 
vn 0.8856902122497559 0 0.4642767012119293 
vn -0.0035349009558558464 -0.002568255877122283 0.9999904632568359 
vn -0.7860849499702454 -0.003770347684621811 0.6181069612503052 
vn -0.4152173399925232 0.003759306389838457 0.9097144603729248 
vn -0.4152173399925232 0.003759306389838457 0.9097144603729248 
vn -0.4152173399925232 0.003759306389838457 0.9097144603729248 
vn -0.4152173399925232 0.003759306389838457 0.9097144603729248 
vn -0.999997615814209 -2.0682260971124217e-13 0.002184694167226553 
vn -0.999997615814209 -2.0682260971124217e-13 0.002184694167226553 
vn -0.999997615814209 -2.0682260971124217e-13 0.002184694167226553 
vn -0.999997615814209 -2.0682260971124217e-13 0.002184694167226553 
vn -0.999997615814209 -2.0682260971124217e-13 0.002184694167226553 
vn -0.999997615814209 -2.0682260971124217e-13 -0.002184694167226553 
vn -0.999997615814209 -2.0682260971124217e-13 -0.002184694167226553 
vn -0.999997615814209 -2.0682260971124217e-13 0.002184694167226553 
vn -0.5043525099754333 0.8634950518608093 -0.002184694167226553 
vn -0.5043525099754333 0.8634950518608093 -0.002184694167226553 
vn -0.5043525099754333 0.8634950518608093 -0.002184694167226553 
vn -0.5043525099754333 0.8634950518608093 0.002184694167226553 
vn -0.999997615814209 -2.0682260971124217e-13 -0.002184694167226553 
vn -0.999997615814209 -2.0682260971124217e-13 -0.002184694167226553 
vn -0.999997615814209 -2.0682260971124217e-13 -0.002184694167226553 
vn -0.999997615814209 -2.0682260971124217e-13 0.002184694167226553 
vn -0.4152171313762665 0.003781098872423172 -0.9097144603729248 
vn -0.4152171313762665 0.003781098872423172 -0.9097144603729248 
vn -0.4152171313762665 0.003781098872423172 -0.9097144603729248 
vn -0.4152171313762665 0.003781098872423172 -0.9097144603729248 
vn -0.5043525099754333 -0.8634950518608093 0.002184694167226553 
vn -0.5043525099754333 -0.8634950518608093 0.002184694167226553 
vn -0.5043525099754333 -0.8634950518608093 0.002184694167226553 
vn -0.5043525099754333 -0.8634950518608093 0.002184694167226553 
vn -0.7860940098762512 -1.6223330458978863e-13 -0.6181069612503052 
vn -0.7541370987892151 0.29501157999038696 -0.5867242813110352 
vn -0.43892204761505127 -0.003777940757572651 -0.8985171914100647 
vn -0.38469401001930237 0.39672884345054626 -0.8334367275238037 
vn -0.002184688812121749 -0.0037839922588318586 -0.9999904632568359 
vn -0.002184688812121749 -0.0037839922588318586 -0.9999904632568359 
vn -2.0682311115474694e-13 0 -1 
vn 0.5262740850448608 0.44488444924354553 -0.7246471047401428 
vn -2.0682311115474694e-13 0 -1 
vn 0.008738672360777855 0 -0.999961793422699 
vn 0.008738672360777855 0 -0.999961793422699 
vn 0.5156276226043701 -0.0075524840503931046 -0.8567795157432556 
vn -0.227155402302742 0.7772741317749023 -0.5867242813110352 
vn 0.20380786061286926 0.846899688243866 -0.4911448359489441 
vn 0.9020407199859619 0.2899133563041687 -0.3198012113571167 
vn 0.8856902122497559 0 -0.4642767012119293 
vn -0.999997615814209 -2.0682260971124217e-13 0.002184694167226553 
vn -0.999997615814209 -2.0682260971124217e-13 0.002184694167226553 
vn -0.999997615814209 -2.0682260971124217e-13 0.002184694167226553 
vn -0.999997615814209 -2.0682260971124217e-13 0.002184694167226553 
vn 3.097898456858039e-13 -0.999997615814209 0.002184694167226553 
vn 3.097898456858039e-13 -0.999997615814209 0.002184694167226553 
vn 3.097898456858039e-13 -0.999997615814209 0.002184694167226553 
vn 3.097898456858039e-13 -0.999997615814209 0.002184694167226553 
vn 3.097898456858039e-13 -0.999997615814209 0.002184694167226553 
vn 3.097898456858039e-13 -0.999997615814209 0.002184694167226553 
vn 0.8097867965698242 0 -0.5867242813110352 
vn 0.3965608775615692 0.39522355794906616 -0.8285757899284363 
vn 0.4545743763446808 0 -0.8907088041305542 
vn -0.3938816785812378 0.3978937268257141 -0.8285757899284363 
vn -0.4545743763446808 -9.401648296686327e-14 -0.8907088041305542 
vn -0.7780279517173767 0.2813921868801117 -0.5616858005523682 
vn -0.8097867965698242 -1.6748261848567592e-13 -0.5867242813110352 
vn 0.7780279517173767 0.2813921868801117 -0.5616858005523682 
vn 0.2813921868801117 0.7780279517173767 -0.5616858005523682 
vn -0.2813921868801117 0.7780279517173767 -0.5616858005523682 
vn -0.999997615814209 -2.0682260971124217e-13 0.002184694167226553 
vn -0.999997615814209 -2.0682260971124217e-13 0.002184694167226553 
vn -0.999997615814209 -2.0682260971124217e-13 0.002184694167226553 
vn -0.999997615814209 -2.0682260971124217e-13 0.002184694167226553 
vn 0.999997615814209 0 0.002184694167226553 
vn 0.999997615814209 0 0.002184694167226553 
vn 0.999997615814209 0 0.002184694167226553 
vn 0.999997615814209 0 0.002184694167226553 
vn -1.0341130485562108e-13 0.999997615814209 0.002184694167226553 
vn -1.0341130485562108e-13 0.999997615814209 0.002184694167226553 
vn -1.0341130485562108e-13 0.999997615814209 0.002184694167226553 
vn -1.0341130485562108e-13 0.999997615814209 0.002184694167226553 
vn -1.0341130485562108e-13 0.999997615814209 0.002184694167226553 
vn -1.0341130485562108e-13 0.999997615814209 0.002184694167226553 
vn -1.0341130485562108e-13 0.999997615814209 0.002184694167226553 
vn -1.0341130485562108e-13 0.999997615814209 0.002184694167226553 
vn -1.0341130485562108e-13 0.999997615814209 0.002184694167226553 
vn -1.0341130485562108e-13 0.999997615814209 0.002184694167226553 
vn -1.0341130485562108e-13 0.999997615814209 0.002184694167226553 
vn -1.0341130485562108e-13 0.999997615814209 0.002184694167226553 
vn 3.097898456858039e-13 -0.999997615814209 0.002184694167226553 
vn 3.097898456858039e-13 -0.999997615814209 0.002184694167226553 
vn 3.097898456858039e-13 -0.999997615814209 0.002184694167226553 
vn 3.097898456858039e-13 -0.999997615814209 0.002184694167226553 
vn 0.999997615814209 0 0.002184694167226553 
vn 0.999997615814209 0 0.002184694167226553 
vn 0.999997615814209 0 0.002184694167226553 
vn 0.999997615814209 0 0.002184694167226553 
vn -1.0341130485562108e-13 0.999997615814209 0.002184694167226553 
vn -1.0341130485562108e-13 0.999997615814209 0.002184694167226553 
vn -1.0341130485562108e-13 0.999997615814209 0.002184694167226553 
vn -1.0341130485562108e-13 0.999997615814209 0.002184694167226553 
vn 0.999997615814209 0 0.002184694167226553 
vn 0.999997615814209 0 0.002184694167226553 
vn 0.999997615814209 0 0.002184694167226553 
vn 3.097898456858039e-13 -0.999997615814209 0.002184694167226553 
vn 3.097898456858039e-13 -0.999997615814209 0.002184694167226553 
vn 3.097898456858039e-13 -0.999997615814209 0.002184694167226553 
vn 3.097898456858039e-13 -0.999997615814209 0.002184694167226553 
vn -1.0341130485562108e-13 0.999997615814209 0.002184694167226553 
vn -1.0341130485562108e-13 0.999997615814209 0.002184694167226553 
vn -1.0341130485562108e-13 0.999997615814209 0.002184694167226553 
vn -1.0341130485562108e-13 0.999997615814209 0.002184694167226553 
vn -2.0682311115474694e-13 0 -1 
vn -2.0682311115474694e-13 0 -1 
vn -2.0682311115474694e-13 0 -1 
vn -2.0682311115474694e-13 0 -1 
vn -1.0341130485562108e-13 0.999997615814209 0.002184694167226553 
vn -1.0341130485562108e-13 0.999997615814209 0.002184694167226553 
vn -1.0341130485562108e-13 0.999997615814209 0.002184694167226553 
vn -1.0341130485562108e-13 0.999997615814209 0.002184694167226553 
vn -2.0682311115474694e-13 0 -1 
vn -2.0682311115474694e-13 0 -1 
vn -2.0682311115474694e-13 0 -1 
vn -2.0682311115474694e-13 0 -1 
vn 0.999997615814209 0 0.002184694167226553 
vn 0.999997615814209 0 0.002184694167226553 
vn 0.999997615814209 0 0.002184694167226553 
vn 0.999997615814209 0 0.002184694167226553 
vn -0.999997615814209 -2.0682260971124217e-13 0.002184694167226553 
vn -0.999997615814209 -2.0682260971124217e-13 0.002184694167226553 
vn -0.999997615814209 -2.0682260971124217e-13 0.002184694167226553 
vn -0.999997615814209 -2.0682260971124217e-13 0.002184694167226553 
vn -0.03019949607551098 -0.9994269013404846 0.0152922747656703 
vn -0.03019949607551098 -0.9994269013404846 0.0152922747656703 
vn -0.03019949607551098 -0.9994269013404846 0.0152922747656703 
vn -0.03019949607551098 -0.9994269013404846 0.0152922747656703 
vn -0.06791337579488754 0.9976696968078613 -0.006554040592163801 
vn -0.06791337579488754 0.9976696968078613 -0.006554040592163801 
vn -0.06791337579488754 0.9976696968078613 -0.006554040592163801 
vn -0.06791337579488754 0.9976696968078613 -0.006554040592163801 
vn -0.9987692832946777 -0.01888146810233593 -0.04586252197623253 
vn -0.9987692832946777 -0.01888146810233593 -0.04586252197623253 
vn -0.9987692832946777 -0.01888146810233593 -0.04586252197623253 
vn -0.9987692832946777 -0.01888146810233593 -0.04586252197623253 
vn -0.03019719012081623 -0.9993505477905273 0.01966099627315998 
vn -0.03019719012081623 -0.9993505477905273 0.01966099627315998 
vn -0.03019719012081623 -0.9993505477905273 0.01966099627315998 
vn -0.03019719012081623 -0.9993505477905273 0.01966099627315998 
vn -0.999997615814209 -2.0682260971124217e-13 0.002184694167226553 
vn -0.999997615814209 -2.0682260971124217e-13 0.002184694167226553 
vn -0.999997615814209 -2.0682260971124217e-13 0.002184694167226553 
vn -0.0018882581498473883 0.998945951461792 0.04586252197623253 
vn -0.00377632025629282 0.7380461692810059 -0.67473965883255 
vn -0.0018882581498473883 0.998945951461792 0.04586252197623253 
vn -0.001887803548015654 0.7583425045013428 -0.651853621006012 
vn -0.0018897876143455505 0.10465624928474426 -0.9945066571235657 
vn -0.0018897876143455505 0.10465624928474426 -0.9945066571235657 
vn -0.0018882581498473883 -0.998945951461792 0.04586252197623253 
vn -0.0018882581498473883 -0.998945951461792 0.04586252197623253 
vn -0.00377632025629282 -0.7380461692810059 -0.67473965883255 
vn -0.001887803548015654 -0.7583425045013428 -0.651853621006012 
vn -0.0018897876143455505 -0.10465624928474426 -0.9945066571235657 
vn -0.0018897876143455505 -0.10465624928474426 -0.9945066571235657 
vn 0 0 1 
vn 0 0 1 
vn 0 0 1 
vn 0 0 1 
vn 3.097898456858039e-13 -0.999997615814209 0.002184694167226553 
vn 3.097898456858039e-13 -0.999997615814209 0.002184694167226553 
vn 3.097898456858039e-13 -0.999997615814209 0.002184694167226553 
vn 3.097898456858039e-13 -0.999997615814209 0.002184694167226553 
vn 0.11557311564683914 -0.022274892777204514 0.9930492043495178 
vn 0.11557311564683914 -0.022274892777204514 0.9930492043495178 
vn 0.11557311564683914 -0.022274892777204514 0.9930492043495178 
vn 0.11557311564683914 -0.022274892777204514 0.9930492043495178 
vn 0.9981160163879395 0.060374896973371506 0.010923261754214764 
vn 0.99952232837677 0.030202379450201988 0.006554040592163801 
vn 0.9981160163879395 0.060374896973371506 0.010923261754214764 
vn 0.99952232837677 0.030202379450201988 0.006554040592163801 
vn 0.99952232837677 -0.030202379450201988 0.006554040592163801 
vn 0.99952232837677 -0.030202379450201988 0.006554040592163801 
vn 0.9981160163879395 -0.060374896973371506 0.010923261754214764 
vn 0.9981160163879395 -0.060374896973371506 0.010923261754214764 
vn -0.999997615814209 -2.0682260971124217e-13 0.002184694167226553 
vn -0.999997615814209 -2.0682260971124217e-13 0.002184694167226553 
vn -0.999997615814209 -2.0682260971124217e-13 0.002184694167226553 
vn -0.999997615814209 -2.0682260971124217e-13 0.002184694167226553 
vn -0.999997615814209 -2.0682260971124217e-13 -0.002184694167226553 
vn -0.999997615814209 -2.0682260971124217e-13 -0.002184694167226553 
vn -0.999997615814209 -2.0682260971124217e-13 -0.002184694167226553 
vn -0.999997615814209 -2.0682260971124217e-13 0.002184694167226553 
vn -0.999997615814209 -2.0682260971124217e-13 0.002184694167226553 
vn -0.999997615814209 -2.0682260971124217e-13 0.002184694167226553 
vn -0.999997615814209 -2.0682260971124217e-13 0.002184694167226553 
vn -0.999997615814209 -2.0682260971124217e-13 0.002184694167226553 
vn 0 0 1 
vn 0 0 1 
vn 0 0 1 
vn 0 0 1 
vn 0 0 1 
vn 0 0 1 
vn 0 0 1 
vn 0 0 1 
vn 0 0 1 
vn 0 0 1 
vn 0 0 1 
vn 0 0 1 
vn -2.0682311115474694e-13 0 -1 
vn -2.0682311115474694e-13 0 -1 
vn -2.0682311115474694e-13 0 -1 
vn -2.0682311115474694e-13 0 -1 
vn -2.0682311115474694e-13 0 -1 
vn -2.0682311115474694e-13 0 -1 
vn -2.0682311115474694e-13 0 -1 
vn -2.0682311115474694e-13 0 -1 
vn -2.0682311115474694e-13 0 -1 
vn -2.0682311115474694e-13 0 -1 
vn -2.0682311115474694e-13 0 -1 
vn -2.0682311115474694e-13 0 -1 
vn 0.999997615814209 0 0.002184694167226553 
vn 0.999997615814209 0 0.002184694167226553 
vn 0.999997615814209 0 0.002184694167226553 
vn 0.999997615814209 0 0.002184694167226553 
vn 0.999997615814209 0 0.002184694167226553 
vn 0.6854257583618164 -0.7281392216682434 0.002184694167226553 
vn 0.999997615814209 0 0.002184694167226553 
vn 0.6854257583618164 -0.7281392216682434 0.002184694167226553 
vn -0.06037835404276848 -0.998173177242279 0.002184694167226553 
vn -0.06037835404276848 -0.998173177242279 0.002184694167226553 
vn 0.999997615814209 0 0.002184694167226553 
vn 0.999997615814209 0 0.002184694167226553 
vn 0.999997615814209 0 0.002184694167226553 
vn 0.999997615814209 0 0.002184694167226553 
vn 0 0 1 
vn 0 0 1 
vn 0 0 1 
vn 0 0 1 
vn -0.02434360608458519 -0.10180319845676422 -0.9945066571235657 
vn -0.02434360608458519 -0.10180319845676422 -0.9945066571235657 
vn -0.02434360608458519 -0.10180319845676422 -0.9945066571235657 
vn -0.02434360608458519 -0.10180319845676422 -0.9945066571235657 
vn 0.999997615814209 0 0.002184694167226553 
vn 0.999997615814209 0 0.002184694167226553 
vn 0.999997615814209 0 0.002184694167226553 
vn 0.999997615814209 0 0.002184694167226553 
vn -0.06938110291957855 0.318535715341568 -0.9453682899475098 
vn -0.06938110291957855 0.318535715341568 -0.9453682899475098 
vn -0.06938110291957855 0.318535715341568 -0.9453682899475098 
vn -0.06938110291957855 0.318535715341568 -0.9453682899475098 
vn 0 0 1 
vn 0 0 1 
vn 0 0 1 
vn 0 0 1 
vn -0.08863205462694168 0.9251864552497864 -0.3690181374549866 
vn -0.08863205462694168 0.9251864552497864 -0.3690181374549866 
vn -0.08863205462694168 0.9251864552497864 -0.3690181374549866 
vn -0.08863205462694168 0.9251864552497864 -0.3690181374549866 
vn -2.0682311115474694e-13 0 -1 
vn -2.0682311115474694e-13 0 -1 
vn -2.0682311115474694e-13 0 -1 
vn -2.0682311115474694e-13 0 -1 
vn 0.99858158826828 -0.05283758416771889 0.006554040592163801 
vn 0.99858158826828 -0.05283758416771889 0.006554040592163801 
vn 0.99858158826828 -0.05283758416771889 0.006554040592163801 
vn 0.99858158826828 -0.05283758416771889 0.006554040592163801 
vn -0.999997615814209 -2.0682260971124217e-13 0.002184694167226553 
vn -0.999997615814209 -2.0682260971124217e-13 0.002184694167226553 
vn -0.999997615814209 -2.0682260971124217e-13 0.002184694167226553 
vn -0.999997615814209 -2.0682260971124217e-13 0.002184694167226553 
vn 0.0018903579330071807 0.4777628779411316 -0.8784868121147156 
vn 0.0018903579330071807 0.4777628779411316 -0.8784868121147156 
vn 0.0018903579330071807 0.4777628779411316 -0.8784868121147156 
vn 0.0018903579330071807 0.4777628779411316 -0.8784868121147156 
vn -0.999997615814209 -2.0682260971124217e-13 0.002184694167226553 
vn -0.999997615814209 -2.0682260971124217e-13 0.002184694167226553 
vn -0.733294665813446 0.6799074411392212 0.002184694167226553 
vn -0.6909050345420837 0.7229422330856323 0.002184694167226553 
vn 0.04529581964015961 0.9989712238311768 0.002184694167226553 
vn 0.04529581964015961 0.9989712238311768 0.002184694167226553 
vn -0.999997615814209 -2.0682260971124217e-13 0.002184694167226553 
vn -0.999997615814209 -2.0682260971124217e-13 -0.002184694167226553 
vn -0.999997615814209 -2.0682260971124217e-13 -0.002184694167226553 
vn -0.999997615814209 -2.0682260971124217e-13 -0.002184694167226553 
vn 0 0 1 
vn 0 0 1 
vn 0 0 1 
vn 0 0 1 
vn -0.999997615814209 -2.0682260971124217e-13 0.002184694167226553 
vn -0.999997615814209 -2.0682260971124217e-13 0.002184694167226553 
vn -0.999997615814209 -2.0682260971124217e-13 0.002184694167226553 
vn -0.999997615814209 -2.0682260971124217e-13 0.002184694167226553 
vn 0.999997615814209 0 0.002184694167226553 
vn 0.999997615814209 0 0.002184694167226553 
vn 0.999997615814209 0 0.002184694167226553 
vn 0.999997615814209 0 0.002184694167226553 
vn -1.0341130485562108e-13 0.999997615814209 0.002184694167226553 
vn -1.0341130485562108e-13 0.999997615814209 0.002184694167226553 
vn -1.0341130485562108e-13 0.999997615814209 0.002184694167226553 
vn -1.0341130485562108e-13 0.999997615814209 0.002184694167226553 
vn -1.0341130485562108e-13 0.999997615814209 0.002184694167226553 
vn -1.0341130485562108e-13 0.999997615814209 0.002184694167226553 
vn -1.0341130485562108e-13 0.999997615814209 0.002184694167226553 
vn -1.0341130485562108e-13 0.999997615814209 0.002184694167226553 
vn 0.999997615814209 0 0.002184694167226553 
vn 0.999997615814209 0 0.002184694167226553 
vn 0.999997615814209 0 0.002184694167226553 
vn 0.999997615814209 0 0.002184694167226553 
vn 3.097898456858039e-13 -0.999997615814209 0.002184694167226553 
vn 3.097898456858039e-13 -0.999997615814209 0.002184694167226553 
vn 3.097898456858039e-13 -0.999997615814209 0.002184694167226553 
vn 3.097898456858039e-13 -0.999997615814209 0.002184694167226553 
vn 0.999997615814209 0 0.002184694167226553 
vn 0.999997615814209 0 0.002184694167226553 
vn 0.999997615814209 0 0.002184694167226553 
vn 0.999997615814209 0 0.002184694167226553 
vn -1.0341130485562108e-13 0.999997615814209 0.002184694167226553 
vn -1.0341130485562108e-13 0.999997615814209 0.002184694167226553 
vn -1.0341130485562108e-13 0.999997615814209 0.002184694167226553 
vn -1.0341130485562108e-13 0.999997615814209 0.002184694167226553 
vn 3.097898456858039e-13 -0.999997615814209 0.002184694167226553 
vn 3.097898456858039e-13 -0.999997615814209 0.002184694167226553 
vn 3.097898456858039e-13 -0.999997615814209 0.002184694167226553 
vn 3.097898456858039e-13 -0.999997615814209 0.002184694167226553 
vn -1.0341130485562108e-13 0.999997615814209 0.002184694167226553 
vn -1.0341130485562108e-13 0.999997615814209 0.002184694167226553 
vn -1.0341130485562108e-13 0.999997615814209 0.002184694167226553 
vn -1.0341130485562108e-13 0.999997615814209 0.002184694167226553 
vn 3.097898456858039e-13 -0.999997615814209 0.002184694167226553 
vn 3.097898456858039e-13 -0.999997615814209 0.002184694167226553 
vn 3.097898456858039e-13 -0.999997615814209 0.002184694167226553 
vn 3.097898456858039e-13 -0.999997615814209 0.002184694167226553 
vn 0.9999499917030334 0.0075516714714467525 0.006554040592163801 
vn 0.9999499917030334 0.0075516714714467525 0.006554040592163801 
vn 0.9999499917030334 0.0075516714714467525 0.006554040592163801 
vn 0.9999499917030334 0.0075516714714467525 0.006554040592163801 
vn -1.0341130485562108e-13 0.999997615814209 0.002184694167226553 
vn -1.0341130485562108e-13 0.999997615814209 0.002184694167226553 
vn -1.0341130485562108e-13 0.999997615814209 0.002184694167226553 
vn -1.0341130485562108e-13 0.999997615814209 0.002184694167226553 
vn 0.999997615814209 0 0.002184694167226553 
vn 0.999997615814209 0 0.002184694167226553 
vn 0.999997615814209 0 0.002184694167226553 
vn 3.097898456858039e-13 -0.999997615814209 0.002184694167226553 
vn 3.097898456858039e-13 -0.999997615814209 0.002184694167226553 
vn 3.097898456858039e-13 -0.999997615814209 0.002184694167226553 
vn 3.097898456858039e-13 -0.999997615814209 0.002184694167226553 
vn -1.0341130485562108e-13 0.999997615814209 -0.002184694167226553 
vn -1.0341130485562108e-13 0.999997615814209 -0.002184694167226553 
vn -1.0341130485562108e-13 0.999997615814209 -0.002184694167226553 
vn -1.0341130485562108e-13 0.999997615814209 0.002184694167226553 
vn -1.0341130485562108e-13 0.999997615814209 0.002184694167226553 
vn -1.0341130485562108e-13 0.999997615814209 0.002184694167226553 
vn -1.0341130485562108e-13 0.999997615814209 0.002184694167226553 
vn -1.0341130485562108e-13 0.999997615814209 0.002184694167226553 
vn 0 0 1 
vn 0 0 1 
vn 0 0 1 
vn 0 0 1 
vn -1.0341130485562108e-13 0.999997615814209 0.002184694167226553 
vn -1.0341130485562108e-13 0.999997615814209 0.002184694167226553 
vn -1.0341130485562108e-13 0.999997615814209 0.002184694167226553 
vn -1.0341130485562108e-13 0.999997615814209 0.002184694167226553 
vn 0.02524128556251526 0.007072276435792446 0.9996563792228699 
vn 0.02524128556251526 0.007072276435792446 0.9996563792228699 
vn 0.02524128556251526 0.007072276435792446 0.9996563792228699 
vn 0.02524128556251526 0.007072276435792446 0.9996563792228699 
vn 0.999997615814209 0 0.002184694167226553 
vn 0.999997615814209 0 0.002184694167226553 
vn 0.999997615814209 0 0.002184694167226553 
vn 0.999997615814209 0 0.002184694167226553 
vn -0.999997615814209 -2.0682260971124217e-13 0.002184694167226553 
vn -0.999997615814209 -2.0682260971124217e-13 0.002184694167226553 
vn -0.999997615814209 -2.0682260971124217e-13 0.002184694167226553 
vn -0.999997615814209 -2.0682260971124217e-13 0.002184694167226553 
vn -0.999997615814209 -2.0682260971124217e-13 0.002184694167226553 
vn -0.999997615814209 -2.0682260971124217e-13 0.002184694167226553 
vn -0.733294665813446 -0.6799074411392212 0.002184694167226553 
vn -0.6909050345420837 -0.7229422330856323 0.002184694167226553 
vn 0.04529581964015961 -0.9989712238311768 0.002184694167226553 
vn 0.04529581964015961 -0.9989712238311768 0.002184694167226553 
vn 0.999997615814209 0 -0.002184694167226553 
vn 0.999997615814209 0 -0.002184694167226553 
vn 0.6854257583618164 0.7281392216682434 -0.002184694167226553 
vn 0.6854257583618164 0.7281392216682434 0.002184694167226553 
vn -0.06037835404276848 0.998173177242279 0.002184694167226553 
vn -0.06037835404276848 0.998173177242279 0.002184694167226553 
vn -0.045294955372810364 -0.9989521503448486 -0.006554040592163801 
vn -0.045294955372810364 -0.9989521503448486 -0.006554040592163801 
vn -0.045294955372810364 -0.9989521503448486 -0.006554040592163801 
vn -0.045294955372810364 -0.9989521503448486 -0.006554040592163801 
vn -0.06791337579488754 0.9976696968078613 0.006554040592163801 
vn -0.06791337579488754 0.9976696968078613 0.006554040592163801 
vn -0.06791337579488754 0.9976696968078613 0.006554040592163801 
vn -0.06791337579488754 0.9976696968078613 0.006554040592163801 
vn -0.9995682239532471 -0.007548788096755743 0.028397228568792343 
vn -0.9995682239532471 -0.007548788096755743 0.028397228568792343 
vn -0.9995682239532471 -0.007548788096755743 0.028397228568792343 
vn -0.9995682239532471 -0.007548788096755743 0.028397228568792343 
vn -0.015095127746462822 -0.9993491172790527 -0.03276457265019417 
vn -0.015095127746462822 -0.9993491172790527 -0.03276457265019417 
vn -0.015095127746462822 -0.9993491172790527 -0.03276457265019417 
vn -0.015095127746462822 -0.9993491172790527 -0.03276457265019417 
vn -0.999997615814209 -2.0682260971124217e-13 0.002184694167226553 
vn -0.999997615814209 -2.0682260971124217e-13 0.002184694167226553 
vn -0.999997615814209 -2.0682260971124217e-13 0.002184694167226553 
vn -0.0018882581498473883 0.998945951461792 -0.04586252197623253 
vn -0.0018882581498473883 0.998945951461792 -0.04586252197623253 
vn -0.001883754855953157 0.7231374382972717 0.6907016038894653 
vn -0.001883754855953157 0.7231374382972717 0.6907016038894653 
vn 0 0 1 
vn 0 0 1 
vn 3.0962423380395676e-13 -0.9994630813598633 -0.03276457265019417 
vn 3.0962423380395676e-13 -0.9994630813598633 -0.03276457265019417 
vn 0.0018836738308891654 -0.7350981831550598 0.677958071231842 
vn -0.0018865399761125445 -0.7914631962776184 0.6112139225006104 
vn 0.0018764362903311849 -0.2209913283586502 0.9752739667892456 
vn 0.0018764362903311849 -0.2209913283586502 0.9752739667892456 
vn -2.0682311115474694e-13 0 -1 
vn -2.0682311115474694e-13 0 -1 
vn -2.0682311115474694e-13 0 -1 
vn -2.0682311115474694e-13 0 -1 
vn 3.097898456858039e-13 -0.999997615814209 0.002184694167226553 
vn 3.097898456858039e-13 -0.999997615814209 0.002184694167226553 
vn 3.097898456858039e-13 -0.999997615814209 0.002184694167226553 
vn 3.097898456858039e-13 -0.999997615814209 0.002184694167226553 
vn 0.09476695209741592 -0.015202827751636505 -0.9953833818435669 
vn 0.09476695209741592 -0.015202827751636505 -0.9953833818435669 
vn 0.09476695209741592 -0.015202827751636505 -0.9953833818435669 
vn 0.09476695209741592 -0.015202827751636505 -0.9953833818435669 
vn 0.999997615814209 0 0.002184694167226553 
vn 0.999997615814209 0 -0.002184694167226553 
vn 0.999997615814209 0 0.002184694167226553 
vn 0.999997615814209 0 -0.002184694167226553 
vn 0.9907538890838623 -0.13551314175128937 0.006554040592163801 
vn 0.9907538890838623 -0.13551314175128937 0.006554040592163801 
vn 0.9631581902503967 -0.2685004770755768 0.0152922747656703 
vn 0.9631581902503967 -0.2685004770755768 0.0152922747656703 
vn -0.999997615814209 -2.0682260971124217e-13 0.002184694167226553 
vn -0.999997615814209 -2.0682260971124217e-13 0.002184694167226553 
vn -0.999997615814209 -2.0682260971124217e-13 -0.002184694167226553 
vn -0.999997615814209 -2.0682260971124217e-13 -0.002184694167226553 
vn -0.999997615814209 -2.0682260971124217e-13 0.002184694167226553 
vn -0.999997615814209 -2.0682260971124217e-13 0.002184694167226553 
vn -0.999997615814209 -2.0682260971124217e-13 0.002184694167226553 
vn -0.999997615814209 -2.0682260971124217e-13 0.002184694167226553 
vn -0.999997615814209 -2.0682260971124217e-13 0.002184694167226553 
vn -0.999997615814209 -2.0682260971124217e-13 0.002184694167226553 
vn -0.999997615814209 -2.0682260971124217e-13 0.002184694167226553 
vn -0.999997615814209 -2.0682260971124217e-13 0.002184694167226553 
vn -2.0682311115474694e-13 0 -1 
vn -2.0682311115474694e-13 0 -1 
vn -2.0682311115474694e-13 0 -1 
vn -2.0682311115474694e-13 0 -1 
vn -2.0682311115474694e-13 0 -1 
vn -2.0682311115474694e-13 0 -1 
vn -2.0682311115474694e-13 0 -1 
vn -2.0682311115474694e-13 0 -1 
vn -2.0682311115474694e-13 0 -1 
vn -2.0682311115474694e-13 0 -1 
vn -2.0682311115474694e-13 0 -1 
vn -2.0682311115474694e-13 0 -1 
vn 0 0 1 
vn 0 0 1 
vn 0 0 1 
vn 0 0 1 
vn 0 0 1 
vn 0 0 1 
vn 0 0 1 
vn 0 0 1 
vn 0 0 1 
vn 0 0 1 
vn 0 0 1 
vn 0 0 1 
vn 0.999997615814209 0 0.002184694167226553 
vn 0.999997615814209 0 0.002184694167226553 
vn 0.999997615814209 0 0.002184694167226553 
vn 0.999997615814209 0 0.002184694167226553 
vn -0.999997615814209 -2.0682260971124217e-13 0.002184694167226553 
vn -0.999997615814209 -2.0682260971124217e-13 0.002184694167226553 
vn -0.999997615814209 -2.0682260971124217e-13 0.002184694167226553 
vn -0.999997615814209 -2.0682260971124217e-13 0.002184694167226553 
vn -0.999997615814209 -2.0682260971124217e-13 0.002184694167226553 
vn -0.999997615814209 -2.0682260971124217e-13 0.002184694167226553 
vn -0.999997615814209 -2.0682260971124217e-13 0.002184694167226553 
vn -0.999997615814209 -2.0682260971124217e-13 0.002184694167226553 
vn 0.999997615814209 0 0.002184694167226553 
vn 0.999997615814209 0 0.002184694167226553 
vn 0.999997615814209 0 0.002184694167226553 
vn 0.999997615814209 0 0.002184694167226553 
vn -2.0682311115474694e-13 0 -1 
vn -2.0682311115474694e-13 0 -1 
vn -2.0682311115474694e-13 0 -1 
vn -2.0682311115474694e-13 0 -1 
vn -0.04832257702946663 -0.2069001942873001 0.9771679639816284 
vn -0.04832257702946663 -0.2069001942873001 0.9771679639816284 
vn -0.04832257702946663 -0.2069001942873001 0.9771679639816284 
vn -0.04832257702946663 -0.2069001942873001 0.9771679639816284 
vn 0.999997615814209 0 0.002184694167226553 
vn 0.999997615814209 0 0.002184694167226553 
vn 0.999997615814209 0 0.002184694167226553 
vn 0.999997615814209 0 0.002184694167226553 
vn -0.08587125688791275 0.20363402366638184 0.9752739667892456 
vn -0.08587125688791275 0.20363402366638184 0.9752739667892456 
vn -0.08587125688791275 0.20363402366638184 0.9752739667892456 
vn -0.08587125688791275 0.20363402366638184 0.9752739667892456 
vn -2.0682311115474694e-13 0 -1 
vn -2.0682311115474694e-13 0 -1 
vn -2.0682311115474694e-13 0 -1 
vn -2.0682311115474694e-13 0 -1 
vn -0.07534675300121307 0.9093000292778015 0.40926313400268555 
vn -0.07534675300121307 0.9093000292778015 0.40926313400268555 
vn -0.07534675300121307 0.9093000292778015 0.40926313400268555 
vn -0.07534675300121307 0.9093000292778015 0.40926313400268555 
vn 0 0 1 
vn 0 0 1 
vn 0 0 1 
vn 0 0 1 
vn 0.9772019982337952 -0.2097684144973755 -0.03276457265019417 
vn 0.9772019982337952 -0.2097684144973755 -0.03276457265019417 
vn 0.9772019982337952 -0.2097684144973755 -0.03276457265019417 
vn 0.9772019982337952 -0.2097684144973755 -0.03276457265019417 
vn -0.999997615814209 -2.0682260971124217e-13 0.002184694167226553 
vn -0.999997615814209 -2.0682260971124217e-13 -0.002184694167226553 
vn -0.999997615814209 -2.0682260971124217e-13 -0.002184694167226553 
vn -0.999997615814209 -2.0682260971124217e-13 -0.002184694167226553 
vn -0.001880882540717721 0.47776293754577637 0.8784868121147156 
vn -0.001880882540717721 0.47776293754577637 0.8784868121147156 
vn -0.001880882540717721 0.47776293754577637 0.8784868121147156 
vn -0.001880882540717721 0.47776293754577637 0.8784868121147156 
vn -0.999997615814209 -2.0682260971124217e-13 0.002184694167226553 
vn -0.999997615814209 -2.0682260971124217e-13 0.002184694167226553 
vn -0.999997615814209 -2.0682260971124217e-13 0.002184694167226553 
vn -0.999997615814209 -2.0682260971124217e-13 0.002184694167226553 
vn -2.0682311115474694e-13 0 -1 
vn -2.0682311115474694e-13 0 -1 
vn -2.0682311115474694e-13 0 -1 
vn -2.0682311115474694e-13 0 -1 
vn -0.7071051001548767 0.7071051001548767 0.002184694167226553 
vn -0.38268253207206726 0.9238772988319397 -0.002184694167226553 
vn -0.7071051001548767 0.7071051001548767 -0.002184694167226553 
vn -0.38268253207206726 0.9238772988319397 -0.002184694167226553 
vn 0.38268253207206726 0.9238772988319397 0.002184694167226553 
vn 0.38268253207206726 0.9238772988319397 -0.002184694167226553 
vn 0.7071051001548767 0.7071051001548767 0.002184694167226553 
vn 0.7071051001548767 0.7071051001548767 -0.002184694167226553 
vn 0.999997615814209 0 -0.002184694167226553 
vn 0.999997615814209 0 0.002184694167226553 
vn 0.999997615814209 0 -0.002184694167226553 
vn 0.999997615814209 0 0.002184694167226553 
vn 3.097898456858039e-13 -0.999997615814209 0.002184694167226553 
vn 3.097898456858039e-13 -0.999997615814209 0.002184694167226553 
vn 3.097898456858039e-13 -0.999997615814209 0.002184694167226553 
vn 3.097898456858039e-13 -0.999997615814209 0.002184694167226553 
vn 3.097898456858039e-13 -0.999997615814209 0.002184694167226553 
vn 3.097898456858039e-13 -0.999997615814209 0.002184694167226553 
vn 0.999997615814209 0 0.002184694167226553 
vn 0.999997615814209 0 -0.002184694167226553 
vn 0.999997615814209 0 -0.002184694167226553 
vn 0.999997615814209 0 -0.002184694167226553 
vn 0.4545743763446808 0 0.8907088041305542 
vn -0.3952264189720154 0.3965580463409424 0.8285757899284363 
vn -0.45455875992774963 0.0037679977249354124 0.8907088041305542 
vn -0.8097780346870422 0.003768905298784375 0.5867242813110352 
vn -0.7768802642822266 0.28454551100730896 0.5616858005523682 
vn -0.2792254686355591 0.7788081765174866 0.5616858005523682 
vn 0.39788517355918884 0.3938903212547302 0.8285757899284363 
vn 0.2827736437320709 0.7775269150733948 0.5616858005523682 
vn 0.778169572353363 0.2810002863407135 0.5616858005523682 
vn 0.8097867965698242 0 0.5867242813110352 
vn -0.999997615814209 -2.0682260971124217e-13 0.002184694167226553 
vn -0.999997615814209 -2.0682260971124217e-13 0.002184694167226553 
vn -0.999997615814209 -2.0682260971124217e-13 0.002184694167226553 
vn -0.999997615814209 -2.0682260971124217e-13 0.002184694167226553 
vn -0.7534953951835632 0.6574495434761047 0.002184694167226553 
vn -0.7534953951835632 0.6574495434761047 0.002184694167226553 
vn -0.4377666711807251 0.8990859389305115 0.002184694167226553 
vn -0.4377666711807251 0.8990859389305115 0.002184694167226553 
vn 0.38268253207206726 0.9238772988319397 0.002184694167226553 
vn 0.38268253207206726 0.9238772988319397 0.002184694167226553 
vn 0.7071051001548767 0.7071051001548767 0.002184694167226553 
vn 0.7071051001548767 0.7071051001548767 0.002184694167226553 
vn 0.999997615814209 0 0.002184694167226553 
vn 0.999997615814209 0 -0.002184694167226553 
vn 0.999997615814209 0 -0.002184694167226553 
vn 0.999997615814209 0 -0.002184694167226553 
vn 3.097898456858039e-13 -0.999997615814209 0.002184694167226553 
vn 3.097898456858039e-13 -0.999997615814209 0.002184694167226553 
vn 3.097898456858039e-13 -0.999997615814209 0.002184694167226553 
vn 3.097898456858039e-13 -0.999997615814209 0.002184694167226553 
vn 3.097898456858039e-13 -0.999997615814209 -0.002184694167226553 
vn 3.097898456858039e-13 -0.999997615814209 -0.002184694167226553 
vn 3.097898456858039e-13 -0.999997615814209 -0.002184694167226553 
vn 3.097898456858039e-13 -0.999997615814209 -0.002184694167226553 
vn 3.097898456858039e-13 -0.999997615814209 0.002184694167226553 
vn 3.097898456858039e-13 -0.999997615814209 0.002184694167226553 
vn 3.097898456858039e-13 -0.999997615814209 0.002184694167226553 
vn 3.097898456858039e-13 -0.999997615814209 0.002184694167226553 
vn 0 0 1 
vn 0 0 1 
vn 0 0 1 
vn 0 0 1 
vn -2.0682311115474694e-13 0 -1 
vn -2.0682311115474694e-13 0 -1 
vn -2.0682311115474694e-13 0 -1 
vn -2.0682311115474694e-13 0 -1 
vn 0.999997615814209 0 0.002184694167226553 
vn 0.999997615814209 0 0.002184694167226553 
vn 0.999997615814209 0 0.002184694167226553 
vn 0.999997615814209 0 0.002184694167226553 
vn -0.999997615814209 -2.0682260971124217e-13 -0.002184694167226553 
vn -0.999997615814209 -2.0682260971124217e-13 -0.002184694167226553 
vn -0.999997615814209 -2.0682260971124217e-13 -0.002184694167226553 
vn -0.999997615814209 -2.0682260971124217e-13 0.002184694167226553 
vn 3.097898456858039e-13 -0.999997615814209 0.002184694167226553 
vn 3.097898456858039e-13 -0.999997615814209 0.002184694167226553 
vn 3.097898456858039e-13 -0.999997615814209 0.002184694167226553 
vn 3.097898456858039e-13 -0.999997615814209 0.002184694167226553 
vn 0 0 1 
vn 0 0 1 
vn 0 0 1 
vn 0 0 1 
vn -2.0682311115474694e-13 0 -1 
vn -2.0682311115474694e-13 0 -1 
vn -2.0682311115474694e-13 0 -1 
vn -2.0682311115474694e-13 0 -1 
vn 0.999997615814209 0 0.002184694167226553 
vn 0.999997615814209 0 0.002184694167226553 
vn 0.999997615814209 0 0.002184694167226553 
vn 0.999997615814209 0 0.002184694167226553 
vn -0.999997615814209 -2.0682260971124217e-13 -0.002184694167226553 
vn -0.999997615814209 -2.0682260971124217e-13 -0.002184694167226553 
vn -0.999997615814209 -2.0682260971124217e-13 -0.002184694167226553 
vn -0.999997615814209 -2.0682260971124217e-13 0.002184694167226553 
vn 3.097898456858039e-13 -0.999997615814209 0.002184694167226553 
vn 3.097898456858039e-13 -0.999997615814209 0.002184694167226553 
vn 3.097898456858039e-13 -0.999997615814209 0.002184694167226553 
vn 3.097898456858039e-13 -0.999997615814209 0.002184694167226553 
vn 3.097898456858039e-13 -0.999997615814209 0.002184694167226553 
vn 3.097898456858039e-13 -0.999997615814209 0.002184694167226553 
vn 3.097898456858039e-13 -0.999997615814209 0.002184694167226553 
vn 3.097898456858039e-13 -0.999997615814209 0.002184694167226553 
vn -0.7078787684440613 -1.4640568759497624e-13 0.7063339352607727 
vn -0.5759913921356201 -0.5799909830093384 0.5760593414306641 
vn 0 0 1 
vn 0 0 1 
vn -2.0682311115474694e-13 0 -1 
vn -2.0682311115474694e-13 0 -1 
vn -2.0682311115474694e-13 0 -1 
vn -2.0682311115474694e-13 0 -1 
vn -2.0682311115474694e-13 0 -1 
vn -2.0682311115474694e-13 0 -1 
vn -2.0682311115474694e-13 0 -1 
vn -2.0682311115474694e-13 0 -1 
vn 0.999997615814209 0 0.002184694167226553 
vn 0.999997615814209 0 0.002184694167226553 
vn 0.999997615814209 0 0.002184694167226553 
vn 0.999997615814209 0 0.002184694167226553 
vn -0.999997615814209 -2.0682260971124217e-13 -0.002184694167226553 
vn -0.999997615814209 -2.0682260971124217e-13 -0.002184694167226553 
vn -0.999997615814209 -2.0682260971124217e-13 -0.002184694167226553 
vn -0.999997615814209 -2.0682260971124217e-13 0.002184694167226553 
vn -1.0341130485562108e-13 0.999997615814209 0.002184694167226553 
vn -1.0341130485562108e-13 0.999997615814209 0.002184694167226553 
vn -1.0341130485562108e-13 0.999997615814209 0.002184694167226553 
vn -1.0341130485562108e-13 0.999997615814209 0.002184694167226553 
vn 0 0 1 
vn 0 0 1 
vn 0.7078787684440613 0 0.7063339352607727 
vn 0.5786608457565308 -0.5773276686668396 0.5760593414306641 
vn 0.7078787684440613 0 0.7063339352607727 
vn 0.5786608457565308 -0.5773276686668396 0.5760593414306641 
vn -0.7078787684440613 -1.4640568759497624e-13 0.7063339352607727 
vn -0.5759913921356201 -0.5799909830093384 0.5760593414306641 
vn -0.7078787684440613 -1.4640568759497624e-13 0.7063339352607727 
vn -0.7078787684440613 -1.4640568759497624e-13 0.7063339352607727 
vn -0.5759913921356201 -0.5799909830093384 0.5760593414306641 
vn -0.5759913921356201 -0.5799909830093384 0.5760593414306641 
vn 0.5786608457565308 -0.5773276686668396 0.5760593414306641 
vn 0.5786608457565308 -0.5773276686668396 0.5760593414306641 
vn 0.7078787684440613 0 0.7063339352607727 
vn 0.7078787684440613 0 0.7063339352607727 
vn -0.5759913921356201 -0.5799909830093384 0.5760593414306641 
vn -0.5759913921356201 -0.5799909830093384 0.5760593414306641 
vn 0.5786608457565308 -0.5773276686668396 0.5760593414306641 
vn 0.5786608457565308 -0.5773276686668396 0.5760593414306641 
vn 3.097898456858039e-13 -0.999997615814209 0.002184694167226553 
vn 3.097898456858039e-13 -0.999997615814209 0.002184694167226553 
vn 3.097898456858039e-13 -0.999997615814209 0.002184694167226553 
vn 3.097898456858039e-13 -0.999997615814209 0.002184694167226553 
vn -2.0682311115474694e-13 0 -1 
vn -2.0682311115474694e-13 0 -1 
vn -2.0682311115474694e-13 0 -1 
vn -2.0682311115474694e-13 0 -1 
vn 0 0 1 
vn 0 0 1 
vn 0 0 1 
vn 0 0 1 
vn 0.999997615814209 0 0.002184694167226553 
vn 0.999997615814209 0 0.002184694167226553 
vn 0.999997615814209 0 0.002184694167226553 
vn 0.999997615814209 0 0.002184694167226553 
vn -0.999997615814209 -2.0682260971124217e-13 0.002184694167226553 
vn -0.999997615814209 -2.0682260971124217e-13 0.002184694167226553 
vn -0.999997615814209 -2.0682260971124217e-13 0.002184694167226553 
vn -0.999997615814209 -2.0682260971124217e-13 0.002184694167226553 
vn 3.097898456858039e-13 -0.999997615814209 0.002184694167226553 
vn 3.097898456858039e-13 -0.999997615814209 0.002184694167226553 
vn 3.097898456858039e-13 -0.999997615814209 0.002184694167226553 
vn 3.097898456858039e-13 -0.999997615814209 0.002184694167226553 
vn -2.0682311115474694e-13 0 -1 
vn -2.0682311115474694e-13 0 -1 
vn -2.0682311115474694e-13 0 -1 
vn -2.0682311115474694e-13 0 -1 
vn 0 0 1 
vn 0 0 1 
vn 0 0 1 
vn 0 0 1 
vn 0.999997615814209 0 0.002184694167226553 
vn 0.999997615814209 0 0.002184694167226553 
vn 0.999997615814209 0 0.002184694167226553 
vn 0.999997615814209 0 0.002184694167226553 
vn -0.999997615814209 -2.0682260971124217e-13 0.002184694167226553 
vn -0.999997615814209 -2.0682260971124217e-13 0.002184694167226553 
vn -0.999997615814209 -2.0682260971124217e-13 0.002184694167226553 
vn -0.999997615814209 -2.0682260971124217e-13 0.002184694167226553 
vn 3.097898456858039e-13 -0.999997615814209 0.002184694167226553 
vn 3.097898456858039e-13 -0.999997615814209 0.002184694167226553 
vn 3.097898456858039e-13 -0.999997615814209 0.002184694167226553 
vn 3.097898456858039e-13 -0.999997615814209 0.002184694167226553 
vn 3.097898456858039e-13 -0.999997615814209 0.002184694167226553 
vn 3.097898456858039e-13 -0.999997615814209 0.002184694167226553 
vn 3.097898456858039e-13 -0.999997615814209 0.002184694167226553 
vn 3.097898456858039e-13 -0.999997615814209 0.002184694167226553 
vn -0.7078686952590942 0.0037756471429020166 -0.7063339352607727 
vn -0.5779946446418762 -0.5779946446418762 -0.5760593414306641 
vn -2.0682311115474694e-13 0 -1 
vn -2.0682311115474694e-13 0 -1 
vn 0 0 1 
vn 0 0 1 
vn 0 0 1 
vn 0 0 1 
vn 0 0 1 
vn 0 0 1 
vn 0 0 1 
vn 0 0 1 
vn 0.999997615814209 0 0.002184694167226553 
vn 0.999997615814209 0 0.002184694167226553 
vn 0.999997615814209 0 0.002184694167226553 
vn 0.999997615814209 0 0.002184694167226553 
vn -0.999997615814209 -2.0682260971124217e-13 0.002184694167226553 
vn -0.999997615814209 -2.0682260971124217e-13 0.002184694167226553 
vn -0.999997615814209 -2.0682260971124217e-13 0.002184694167226553 
vn -0.999997615814209 -2.0682260971124217e-13 0.002184694167226553 
vn -1.0341130485562108e-13 0.999997615814209 0.002184694167226553 
vn -1.0341130485562108e-13 0.999997615814209 0.002184694167226553 
vn -1.0341130485562108e-13 0.999997615814209 0.002184694167226553 
vn -1.0341130485562108e-13 0.999997615814209 0.002184694167226553 
vn -2.0682311115474694e-13 0 -1 
vn -2.0682311115474694e-13 0 -1 
vn 0.7078787684440613 0 -0.7063339352607727 
vn 0.5779946446418762 -0.5779946446418762 -0.5760593414306641 
vn 0.7078787684440613 0 -0.7063339352607727 
vn 0.5779946446418762 -0.5779946446418762 -0.5760593414306641 
vn -0.7078686952590942 0.0037756471429020166 -0.7063339352607727 
vn -0.5779946446418762 -0.5779946446418762 -0.5760593414306641 
vn -0.7078686952590942 0.0037756471429020166 -0.7063339352607727 
vn -0.7078686952590942 0.0037756471429020166 -0.7063339352607727 
vn -0.5779946446418762 -0.5779946446418762 -0.5760593414306641 
vn -0.5779946446418762 -0.5779946446418762 -0.5760593414306641 
vn 0.5779946446418762 -0.5779946446418762 -0.5760593414306641 
vn 0.5779946446418762 -0.5779946446418762 -0.5760593414306641 
vn 0.7078787684440613 0 -0.7063339352607727 
vn 0.7078787684440613 0 -0.7063339352607727 
vn -0.5779946446418762 -0.5779946446418762 -0.5760593414306641 
vn -0.5779946446418762 -0.5779946446418762 -0.5760593414306641 
vn 0.5779946446418762 -0.5779946446418762 -0.5760593414306641 
vn 0.5779946446418762 -0.5779946446418762 -0.5760593414306641 
vn 0.0037756175734102726 0.9542372226715088 -0.2990269064903259 
vn -0.27026355266571045 0.9612374901771545 0.05459024757146835 
vn 0.0037756175734102726 0.9542372226715088 -0.2990269064903259 
vn 0.0018879338167607784 0.9963706135749817 0.08510008454322815 
vn -0.44937533140182495 0.5928614139556885 0.6682642698287964 
vn -6.654855296385834e-14 0.6435311436653137 0.7654199600219727 
vn 0.003704126225784421 -0.08719801157712936 0.9961841106414795 
vn 0.003704126225784421 -0.08719801157712936 0.9961841106414795 
vn -0.0018850128399208188 -0.7668217420578003 0.641857385635376 
vn -0.0018850128399208188 -0.7668217420578003 0.641857385635376 
vn -0.27026355266571045 -0.9612374901771545 -0.05459024757146835 
vn 0.0018879338167607784 -0.9963706135749817 -0.08510008454322815 
vn -0.4514981210231781 -0.5912464261054993 -0.6682642698287964 
vn -0.0018894483800977468 -0.6435283422470093 -0.7654199600219727 
vn -9.02541387980127e-15 0.0872766524553299 -0.9961841106414795 
vn -9.02541387980127e-15 0.0872766524553299 -0.9961841106414795 
vn -4.791402463590749e-14 0.4623406231403351 -0.8867024183273315 
vn -4.791402463590749e-14 0.4623406231403351 -0.8867024183273315 
vn -0.0661967322230339 -0.022304276004433632 -0.9975572824478149 
vn -0.2865736782550812 -0.9455198049545288 -0.15449213981628418 
vn -0.0018850128399208188 -0.7668217420578003 0.641857385635376 
vn -0.0650569349527359 0.02543783001601696 0.9975572824478149 
vn -1.1273688349500675e-14 0.10901768505573273 0.9940398335456848 
vn -4.791402463590749e-14 0.4623406231403351 -0.8867024183273315 
vn 0.003804662497714162 -0.10895127803087234 -0.9940398335456848 
vn -0.0018883934244513512 -0.9605474472045898 -0.2781098484992981 
vn -0.2865736782550812 0.9455198049545288 0.15449213981628418 
vn 0.0037756175734102726 0.9542372226715088 -0.2990269064903259 
vn -9.93318925376907e-14 0.9605492949485779 0.2781098484992981 
vn -6.654855296385834e-14 0.6435311436653137 0.7654199600219727 
vn -0.0018863033037632704 0.9402705430984497 0.34042292833328247 
vn -6.654855296385834e-14 0.6435311436653137 0.7654199600219727 
vn -0.0018863033037632704 0.9402705430984497 0.34042292833328247 
vn -0.00377592328004539 0.7668147683143616 -0.641857385635376 
vn 0.00377592328004539 0.7668147683143616 -0.641857385635376 
vn 0.0018875712994486094 0.3424711227416992 -0.9395264387130737 
vn 0.0018875712994486094 0.3424711227416992 -0.9395264387130737 
vn -0.999997615814209 -2.0682260971124217e-13 0.002184694167226553 
vn -0.999997615814209 -2.0682260971124217e-13 0.002184694167226553 
vn -0.999997615814209 -2.0682260971124217e-13 0.002184694167226553 
vn -0.999997615814209 -2.0682260971124217e-13 0.002184694167226553 
vn -0.999997615814209 -2.0682260971124217e-13 0.002184694167226553 
vn -0.999997615814209 -2.0682260971124217e-13 0.002184694167226553 
vn -0.0018894483800977468 -0.6435283422470093 -0.7654199600219727 
vn -0.0018894483800977468 -0.6435283422470093 -0.7654199600219727 
vn -0.0018894483800977468 -0.6435283422470093 -0.7654199600219727 
vn -0.0018894483800977468 -0.6435283422470093 -0.7654199600219727 
vn 0.003761886153370142 -0.34245565533638 0.9395264387130737 
vn -0.0018850128399208188 -0.7668217420578003 0.641857385635376 
vn 0.003761886153370142 -0.34245565533638 0.9395264387130737 
vn -0.0018850128399208188 -0.7668217420578003 0.641857385635376 
vn 3.0518805798490645e-13 -0.9851431250572205 0.17173540592193604 
vn 3.0518805798490645e-13 -0.9851431250572205 0.17173540592193604 
vn 0.999997615814209 0 -0.002184694167226553 
vn 0.999997615814209 0 -0.002184694167226553 
vn 0.999997615814209 0 0.002184694167226553 
vn 0.999997615814209 0 0.002184694167226553 
vn 0.999997615814209 0 0.002184694167226553 
vn 0.999997615814209 0 0.002184694167226553 
vn -1.0187518011258931e-13 0.9851431250572205 -0.17173540592193604 
vn -1.0187518011258931e-13 0.9851431250572205 -0.17173540592193604 
vn -1.0187518011258931e-13 0.9851431250572205 -0.17173540592193604 
vn -1.0187518011258931e-13 0.9851431250572205 -0.17173540592193604 
vn 3.0518805798490645e-13 -0.9851431250572205 0.17173540592193604 
vn 3.0518805798490645e-13 -0.9851431250572205 0.17173540592193604 
vn 3.0518805798490645e-13 -0.9851431250572205 0.17173540592193604 
vn 3.0518805798490645e-13 -0.9851431250572205 0.17173540592193604 
vn 0.003741374472156167 0.17384697496891022 0.9847655892372131 
vn 0.003741374472156167 0.17384697496891022 0.9847655892372131 
vn 0.003741374472156167 0.17384697496891022 0.9847655892372131 
vn 0.003741374472156167 0.17384697496891022 0.9847655892372131 
vn 5.3868625597523756e-14 -0.1738872230052948 -0.9847655892372131 
vn 5.3868625597523756e-14 -0.1738872230052948 -0.9847655892372131 
vn 5.3868625597523756e-14 -0.1738872230052948 -0.9847655892372131 
vn 5.3868625597523756e-14 -0.1738872230052948 -0.9847655892372131 
vn 0.999997615814209 0 0.002184694167226553 
vn 0.999997615814209 0 0.002184694167226553 
vn 0.999997615814209 0 0.002184694167226553 
vn 0.999997615814209 0 0.002184694167226553 
vn -0.999997615814209 -2.0682260971124217e-13 0.002184694167226553 
vn -0.999997615814209 -2.0682260971124217e-13 0.002184694167226553 
vn -0.999997615814209 -2.0682260971124217e-13 0.002184694167226553 
vn -0.999997615814209 -2.0682260971124217e-13 0.002184694167226553 
vn -0.0018894483800977468 -0.6435283422470093 -0.7654199600219727 
vn -0.0018894483800977468 -0.6435283422470093 -0.7654199600219727 
vn -0.0018894483800977468 -0.6435283422470093 -0.7654199600219727 
vn -0.0018894483800977468 -0.6435283422470093 -0.7654199600219727 
vn -6.654855296385834e-14 0.6435311436653137 0.7654199600219727 
vn -6.654855296385834e-14 0.6435311436653137 0.7654199600219727 
vn -6.654855296385834e-14 0.6435311436653137 0.7654199600219727 
vn -6.654855296385834e-14 0.6435311436653137 0.7654199600219727 
vn -0.00377592328004539 0.7668147683143616 -0.641857385635376 
vn -0.00377592328004539 0.7668147683143616 -0.641857385635376 
vn -0.00377592328004539 0.7668147683143616 -0.641857385635376 
vn 0.00377592328004539 0.7668147683143616 -0.641857385635376 
vn -0.0018850128399208188 -0.7668217420578003 0.641857385635376 
vn -0.0018850128399208188 -0.7668217420578003 0.641857385635376 
vn -0.0018850128399208188 -0.7668217420578003 0.641857385635376 
vn -0.0018850128399208188 -0.7668217420578003 0.641857385635376 
vn 0.999997615814209 0 0.002184694167226553 
vn 0.999997615814209 0 -0.002184694167226553 
vn 0.999997615814209 0 -0.002184694167226553 
vn 0.999997615814209 0 -0.002184694167226553 
vn -0.999997615814209 -2.0682260971124217e-13 0.002184694167226553 
vn -0.999997615814209 -2.0682260971124217e-13 0.002184694167226553 
vn -0.999997615814209 -2.0682260971124217e-13 0.002184694167226553 
vn -0.999997615814209 -2.0682260971124217e-13 0.002184694167226553 
vn 0.003761886153370142 -0.34245565533638 0.9395264387130737 
vn -0.003761886153370142 -0.34245565533638 0.9395264387130737 
vn -0.003761886153370142 -0.34245565533638 0.9395264387130737 
vn -0.003761886153370142 -0.34245565533638 0.9395264387130737 
vn 0.0018875712994486094 0.3424711227416992 -0.9395264387130737 
vn 0.0018875712994486094 0.3424711227416992 -0.9395264387130737 
vn 0.0018875712994486094 0.3424711227416992 -0.9395264387130737 
vn 0.0018875712994486094 0.3424711227416992 -0.9395264387130737 
vn -0.0037774231750518084 -0.9402648210525513 -0.34042292833328247 
vn -0.0037774231750518084 -0.9402648210525513 -0.34042292833328247 
vn -0.0037774231750518084 -0.9402648210525513 -0.34042292833328247 
vn 0.0037774231750518084 -0.9402648210525513 -0.34042292833328247 
vn -0.0018863033037632704 0.9402705430984497 0.34042292833328247 
vn -0.0018863033037632704 0.9402705430984497 0.34042292833328247 
vn -0.0018863033037632704 0.9402705430984497 0.34042292833328247 
vn -0.0018863033037632704 0.9402705430984497 0.34042292833328247 
vn 0.999997615814209 0 0.002184694167226553 
vn 0.999997615814209 0 0.002184694167226553 
vn 0.999997615814209 0 0.002184694167226553 
vn 0.999997615814209 0 0.002184694167226553 
vn -0.999997615814209 -2.0682260971124217e-13 0.002184694167226553 
vn -0.999997615814209 -2.0682260971124217e-13 -0.002184694167226553 
vn -0.999997615814209 -2.0682260971124217e-13 0.002184694167226553 
vn -0.999997615814209 -2.0682260971124217e-13 -0.002184694167226553 
vn 0.003772426163777709 -0.9294145107269287 0.3690181374549866 
vn 3.095769354841821e-13 -0.9993103742599487 0.03713129088282585 
vn 3.095769354841821e-13 -0.9993103742599487 0.03713129088282585 
vn -0.0018882075091823936 -0.9652611613273621 -0.2612801790237427 
vn -0.0018882075091823936 -0.9652611613273621 -0.2612801790237427 
vn -0.001888810656964779 -0.8645632266998291 -0.5025205612182617 
vn -0.001888810656964779 -0.8645632266998291 -0.5025205612182617 
vn 0.001890473417006433 -0.12635940313339233 -0.9919826984405518 
vn 0.001890473417006433 -0.12635940313339233 -0.9919826984405518 
vn -0.0018905125325545669 0.6198199391365051 -0.7847417593002319 
vn -0.0018905125325545669 0.6198199391365051 -0.7847417593002319 
vn 0.003772426163777709 -0.9294145107269287 0.3690181374549866 
vn 0.0018859859555959702 -0.7696189284324646 0.6385006904602051 
vn 0.0018859859555959702 -0.7696189284324646 0.6385006904602051 
vn -0.003704126225784421 0.08719801157712936 0.9961841106414795 
vn -0.003704126225784421 0.08719801157712936 0.9961841106414795 
vn -0.0018851791974157095 0.7860917448997498 0.6181069612503052 
vn -0.0018851791974157095 0.7860917448997498 0.6181069612503052 
vn 0.0018886676989495754 0.6600956320762634 -0.7511792182922363 
vn 0.0018886676989495754 0.6600956320762634 -0.7511792182922363 
vn -0.00377592328004539 0.7668147683143616 -0.641857385635376 
vn -0.00377592328004539 0.7668147683143616 -0.641857385635376 
vn 0.0018886571051552892 0.9294202923774719 -0.3690181374549866 
vn 0.0018886571051552892 0.9294202923774719 -0.3690181374549866 
vn -1.0334024217947824e-13 0.9993103742599487 -0.03713129088282585 
vn -1.0334024217947824e-13 0.9993103742599487 -0.03713129088282585 
vn -9.981934983444019e-14 0.9652630090713501 0.2612801790237427 
vn -9.981934983444019e-14 0.9652630090713501 0.2612801790237427 
vn -8.959800674827878e-14 0.8645652532577515 0.5025205612182617 
vn -8.959800674827878e-14 0.8645652532577515 0.5025205612182617 
vn -0.0018865399761125445 0.7914631962776184 0.6112139225006104 
vn -0.0018865399761125445 0.7914631962776184 0.6112139225006104 
vn -0.999997615814209 -2.0682260971124217e-13 0.002184694167226553 
vn -0.999997615814209 -2.0682260971124217e-13 0.002184694167226553 
vn -0.999997615814209 -2.0682260971124217e-13 0.002184694167226553 
vn -0.999997615814209 -2.0682260971124217e-13 0.002184694167226553 
vn -0.999997615814209 -2.0682260971124217e-13 0.002184694167226553 
vn -0.999997615814209 -2.0682260971124217e-13 0.002184694167226553 
vn -0.999997615814209 -2.0682260971124217e-13 0.002184694167226553 
vn -0.999997615814209 -2.0682260971124217e-13 0.002184694167226553 
vn -0.999997615814209 -2.0682260971124217e-13 -0.002184694167226553 
vn -0.999997615814209 -2.0682260971124217e-13 -0.002184694167226553 
vn -0.999997615814209 -2.0682260971124217e-13 0.002184694167226553 
vn -0.999997615814209 -2.0682260971124217e-13 0.002184694167226553 
vn -0.999997615814209 -2.0682260971124217e-13 0.002184694167226553 
vn -0.999997615814209 -2.0682260971124217e-13 0.002184694167226553 
vn 0.999997615814209 0 0.002184694167226553 
vn 0.999997615814209 0 -0.002184694167226553 
vn 0.999997615814209 0 0.002184694167226553 
vn 0.999997615814209 0 -0.002184694167226553 
vn 0.999997615814209 0 -0.002184694167226553 
vn 0.999997615814209 0 0.002184694167226553 
vn 0.999997615814209 0 -0.002184694167226553 
vn 0.999997615814209 0 0.002184694167226553 
vn 0.999997615814209 0 -0.002184694167226553 
vn 0.999997615814209 0 -0.002184694167226553 
vn 0.999997615814209 0 -0.002184694167226553 
vn 0.999997615814209 0 0.002184694167226553 
vn 0.999997615814209 0 0.002184694167226553 
vn 0.999997615814209 0 0.002184694167226553 
vn -0.999997615814209 -2.0682260971124217e-13 0.002184694167226553 
vn -0.999997615814209 -2.0682260971124217e-13 0.002184694167226553 
vn -0.999997615814209 -2.0682260971124217e-13 0.002184694167226553 
vn -0.999997615814209 -2.0682260971124217e-13 0.002184694167226553 
vn -0.999997615814209 -2.0682260971124217e-13 -0.002184694167226553 
vn -0.999997615814209 -2.0682260971124217e-13 -0.002184694167226553 
vn -0.999997615814209 -2.0682260971124217e-13 -0.002184694167226553 
vn -0.999997615814209 -2.0682260971124217e-13 0.002184694167226553 
vn -0.999997615814209 -2.0682260971124217e-13 0.002184694167226553 
vn -0.999997615814209 -2.0682260971124217e-13 -0.002184694167226553 
vn -0.999997615814209 -2.0682260971124217e-13 -0.002184694167226553 
vn -0.999997615814209 -2.0682260971124217e-13 -0.002184694167226553 
vn -0.999997615814209 -2.0682260971124217e-13 0.002184694167226553 
vn -0.999997615814209 -2.0682260971124217e-13 -0.002184694167226553 
vn -0.999997615814209 -2.0682260971124217e-13 -0.002184694167226553 
vn -0.999997615814209 -2.0682260971124217e-13 -0.002184694167226553 
vn -0.999997615814209 -2.0682260971124217e-13 0.002184694167226553 
vn -0.999997615814209 -2.0682260971124217e-13 0.002184694167226553 
vn -0.999997615814209 -2.0682260971124217e-13 0.002184694167226553 
vn -0.999997615814209 -2.0682260971124217e-13 -0.002184694167226553 
vn -0.999997615814209 -2.0682260971124217e-13 -0.002184694167226553 
vn -0.999997615814209 -2.0682260971124217e-13 0.002184694167226553 
vn -0.999997615814209 -2.0682260971124217e-13 0.002184694167226553 
vn -0.999997615814209 -2.0682260971124217e-13 -0.002184694167226553 
vn -0.999997615814209 -2.0682260971124217e-13 -0.002184694167226553 
vn -0.999997615814209 -2.0682260971124217e-13 0.002184694167226553 
vn -0.999997615814209 -2.0682260971124217e-13 0.002184694167226553 
vn -0.999997615814209 -2.0682260971124217e-13 0.002184694167226553 
vn 0.999997615814209 0 0.002184694167226553 
vn 0.999997615814209 0 0.002184694167226553 
vn 0.999997615814209 0 0.002184694167226553 
vn 0.999997615814209 0 0.002184694167226553 
vn 0.999997615814209 0 -0.002184694167226553 
vn 0.999997615814209 0 -0.002184694167226553 
vn 0.999997615814209 0 0.002184694167226553 
vn 0.999997615814209 0 0.002184694167226553 
vn 0.999997615814209 0 -0.002184694167226553 
vn 0.999997615814209 0 0.002184694167226553 
vn 0.999997615814209 0 -0.002184694167226553 
vn 0.999997615814209 0 -0.002184694167226553 
vn 0.999997615814209 0 0.002184694167226553 
vn 0.999997615814209 0 0.002184694167226553 
vn 0.999997615814209 0 -0.002184694167226553 
vn 0.999997615814209 0 -0.002184694167226553 
vn 0.999997615814209 0 -0.002184694167226553 
vn 0.999997615814209 0 0.002184694167226553 
vn 0.999997615814209 0 0.002184694167226553 
vn 0.999997615814209 0 -0.002184694167226553 
vn 0.999997615814209 0 -0.002184694167226553 
vn 0.999997615814209 0 -0.002184694167226553 
vn 0.999997615814209 0 -0.002184694167226553 
vn 0.999997615814209 0 0.002184694167226553 
vn 0.999997615814209 0 0.002184694167226553 
vn 0.999997615814209 0 -0.002184694167226553 
vn 0.999997615814209 0 -0.002184694167226553 
vn 0.999997615814209 0 -0.002184694167226553 
vn 0.0018886204343289137 0.9967329502105713 -0.08074574917554855 
vn 0.003775948192924261 0.992782473564148 -0.11986933648586273 
vn 0.0018886204343289137 0.9967329502105713 -0.08074574917554855 
vn 0.003775948192924261 0.992782473564148 -0.11986933648586273 
vn 0.0018888761987909675 0.9776279926300049 -0.2103329300880432 
vn 0.0018888761987909675 0.9776279926300049 -0.2103329300880432 
vn -1.0115697071221702e-13 0.9803028106689453 0.1975002884864807 
vn -1.0115697071221702e-13 0.9803028106689453 0.1975002884864807 
vn -6.654855296385834e-14 0.6435311436653137 0.7654199600219727 
vn -6.654855296385834e-14 0.6435311436653137 0.7654199600219727 
vn -0.001880882540717721 0.47776293754577637 0.8784868121147156 
vn -0.001880882540717721 0.47776293754577637 0.8784868121147156 
vn 0.0018859859555959702 -0.7696189284324646 0.6385006904602051 
vn 0.0018859859555959702 -0.7696189284324646 0.6385006904602051 
vn 0.0018710092408582568 -0.13935284316539764 0.9902410507202148 
vn 0.0018710092408582568 -0.13935284316539764 0.9902410507202148 
vn -8.913949764953466e-14 0.8601409196853638 0.5100564956665039 
vn -8.913949764953466e-14 0.8601409196853638 0.5100564956665039 
vn 0.0037776012904942036 0.9835975170135498 -0.18033768236637115 
vn 0.0037776012904942036 0.9835975170135498 -0.18033768236637115 
vn 0.0037754031363874674 0.8916917443275452 -0.45262736082077026 
vn 0.0037754031363874674 0.8916917443275452 -0.45262736082077026 
vn -0.001896943198516965 0.22099114954471588 -0.9752739667892456 
vn -0.001896943198516965 0.22099114954471588 -0.9752739667892456 
vn 0.0037779659032821655 -0.45455867052078247 -0.8907088041305542 
vn 0.0037779659032821655 -0.45455867052078247 -0.8907088041305542 
vn 0.001887889695353806 -0.9194276928901672 -0.3932546079158783 
vn 0.001887889695353806 -0.9194276928901672 -0.3932546079158783 
vn 0.0037506339140236378 -0.2506926953792572 0.9680594801902771 
vn -0.0018804754363372922 -0.3052688241004944 0.9522643685340881 
vn 0.0037506339140236378 -0.2506926953792572 0.9680594801902771 
vn -0.0018804754363372922 -0.3052688241004944 0.9522643685340881 
vn -0.0018794001080095768 -0.3912404775619507 0.9202865362167358 
vn -0.0018794001080095768 -0.3912404775619507 0.9202865362167358 
vn 0.0018830278422683477 -0.4231640100479126 0.9060511589050293 
vn 0.0018830278422683477 -0.4231640100479126 0.9060511589050293 
vn 0.003772426163777709 -0.9294145107269287 0.3690181374549866 
vn 0.003772426163777709 -0.9294145107269287 0.3690181374549866 
vn -0.001887991209514439 -0.9843814969062805 0.1760382205247879 
vn -0.001887991209514439 -0.9843814969062805 0.1760382205247879 
vn 0.0018892384832724929 -0.8815972208976746 -0.4719987213611603 
vn 0.0018892384832724929 -0.8815972208976746 -0.4719987213611603 
vn 0.0018891289364546537 -0.6025291085243225 -0.7980946898460388 
vn 0.0018891289364546537 -0.6025291085243225 -0.7980946898460388 
vn 0.0018891491927206516 -0.6698852777481079 -0.7424622178077698 
vn 0.0018891491927206516 -0.6698852777481079 -0.7424622178077698 
vn 9.714552431797432e-14 -0.31358450651168823 -0.949560284614563 
vn 9.714552431797432e-14 -0.31358450651168823 -0.949560284614563 
vn 0.0018875712994486094 0.3424711227416992 -0.9395264387130737 
vn 0.0018875712994486094 0.3424711227416992 -0.9395264387130737 
vn 0.0037789817433804274 0.5268555879592896 -0.8499464392662048 
vn 0.0037789817433804274 0.5268555879592896 -0.8499464392662048 
vn 0.999997615814209 0 0.002184694167226553 
vn 0.999997615814209 0 0.002184694167226553 
vn 0.999997615814209 0 0.002184694167226553 
vn 0.999997615814209 0 0.002184694167226553 
vn 0.999997615814209 0 0.002184694167226553 
vn 0.999997615814209 0 0.002184694167226553 
vn 0.999997615814209 0 0.002184694167226553 
vn 0.999997615814209 0 0.002184694167226553 
vn -0.999997615814209 -2.0682260971124217e-13 0.002184694167226553 
vn -0.999997615814209 -2.0682260971124217e-13 0.002184694167226553 
vn -0.999997615814209 -2.0682260971124217e-13 0.002184694167226553 
vn -0.999997615814209 -2.0682260971124217e-13 0.002184694167226553 
vn -0.999997615814209 -2.0682260971124217e-13 0.002184694167226553 
vn -0.999997615814209 -2.0682260971124217e-13 0.002184694167226553 
vn -0.999997615814209 -2.0682260971124217e-13 0.002184694167226553 
vn -0.999997615814209 -2.0682260971124217e-13 -0.002184694167226553 
vn -0.999997615814209 -2.0682260971124217e-13 0.002184694167226553 
vn -0.999997615814209 -2.0682260971124217e-13 -0.002184694167226553 
vn -0.999997615814209 -2.0682260971124217e-13 -0.002184694167226553 
vn -0.999997615814209 -2.0682260971124217e-13 -0.002184694167226553 
vn -0.999997615814209 -2.0682260971124217e-13 -0.002184694167226553 
vn -0.999997615814209 -2.0682260971124217e-13 -0.002184694167226553 
vn 0.999997615814209 0 0.002184694167226553 
vn 0.999997615814209 0 0.002184694167226553 
vn 0.999997615814209 0 -0.002184694167226553 
vn 0.999997615814209 0 0.002184694167226553 
vn 0.999997615814209 0 -0.002184694167226553 
vn 0.999997615814209 0 -0.002184694167226553 
vn 0.999997615814209 0 0.002184694167226553 
vn 0.999997615814209 0 0.002184694167226553 
vn 0.999997615814209 0 0.002184694167226553 
vn 0.999997615814209 0 -0.002184694167226553 
vn 0.999997615814209 0 -0.002184694167226553 
vn 0.999997615814209 0 0.002184694167226553 
vn 0.999997615814209 0 0.002184694167226553 
vn 0.999997615814209 0 0.002184694167226553 
vn 0.0037827598862349987 0.431053102016449 -0.9023185968399048 
vn -9.57393208765242e-14 0.9278009533882141 -0.37307560443878174 
vn 0.0037827598862349987 0.431053102016449 -0.9023185968399048 
vn -9.57393208765242e-14 0.9278009533882141 -0.37307560443878174 
vn -0.0018868284532800317 0.9357275366783142 0.3527185618877411 
vn -0.0018868284532800317 0.9357275366783142 0.3527185618877411 
vn -1.1747903133152784e-14 0.1133599802851677 0.9935539960861206 
vn 0.003765546716749668 -0.5489551424980164 0.8358433246612549 
vn -1.1747903133152784e-14 0.1133599802851677 0.9935539960861206 
vn 0.003765546716749668 -0.5489551424980164 0.8358433246612549 
vn 3.066722765489305e-13 -0.9899342060089111 -0.1415284425020218 
vn 3.066722765489305e-13 -0.9899342060089111 -0.1415284425020218 
vn 0.0037773021031171083 -0.6468583345413208 -0.762600839138031 
vn 0.0037773021031171083 -0.6468583345413208 -0.762600839138031 
vn -0.0018909238278865814 -0.40326988697052 -0.9150791168212891 
vn -0.0018909238278865814 -0.40326988697052 -0.9150791168212891 
vn 0.0037752098869532347 -0.9973951578140259 0.07203252613544464 
vn 0.0037752098869532347 -0.9973951578140259 0.07203252613544464 
vn 0.0037761125713586807 -0.7860849499702454 -0.6181069612503052 
vn 0.0037761125713586807 -0.7860849499702454 -0.6181069612503052 
vn 0.0019010230898857117 -0.16095295548439026 -0.986960232257843 
vn 0.0019010230898857117 -0.16095295548439026 -0.986960232257843 
vn 0.0018892475636675954 0.80462646484375 -0.5937783122062683 
vn 0.0018892475636675954 0.80462646484375 -0.5937783122062683 
vn -0.0018869596533477306 0.9982590079307556 0.058952588587999344 
vn -0.0018869596533477306 0.9982590079307556 0.058952588587999344 
vn 0.0037601967342197895 0.37102872133255005 0.9286137819290161 
vn 0.0037601967342197895 0.37102872133255005 0.9286137819290161 
vn -0.001878107083030045 -0.3383626937866211 0.9410139322280884 
vn -0.001878107083030045 -0.3383626937866211 0.9410139322280884 
vn 0.0018822179408743978 -0.5955318212509155 0.8033295273780823 
vn 0.0018822179408743978 -0.5955318212509155 0.8033295273780823 
vn -0.0018844576552510262 0.8097845911979675 0.5867242813110352 
vn -5.9015902516453e-14 0.5706896185874939 0.8211658596992493 
vn -5.9015902516453e-14 0.5706896185874939 0.8211658596992493 
vn -3.070717711681735e-14 0.29694145917892456 0.9548956751823425 
vn -3.070717711681735e-14 0.29694145917892456 0.9548956751823425 
vn 0.003607067046687007 0.04353082552552223 0.9990455508232117 
vn 0.003607067046687007 0.04353082552552223 0.9990455508232117 
vn 0.0018859859555959702 -0.7696189284324646 0.6385006904602051 
vn 0.0018859859555959702 -0.7696189284324646 0.6385006904602051 
vn 3.090423967080924e-13 -0.9947329759597778 -0.10250037163496017 
vn 3.090423967080924e-13 -0.9947329759597778 -0.10250037163496017 
vn -0.0018844576552510262 0.8097845911979675 0.5867242813110352 
vn -9.840592967227946e-14 0.95159512758255 0.30735430121421814 
vn -9.840592967227946e-14 0.95159512758255 0.30735430121421814 
vn -8.212206007449444e-14 0.7941284775733948 -0.607749879360199 
vn -8.212206007449444e-14 0.7941284775733948 -0.607749879360199 
vn -0.0018985996721312404 0.10030896961688995 -0.994954526424408 
vn -0.0018985996721312404 0.10030896961688995 -0.994954526424408 
vn 0.003775994060561061 -0.9879868030548096 -0.15449213981628418 
vn -0.003775994060561061 -0.9879868030548096 -0.15449213981628418 
vn 0.0018875868991017342 -0.9529271721839905 -0.30319350957870483 
vn 0.0018875868991017342 -0.9529271721839905 -0.30319350957870483 
vn 0.0037744969595223665 -0.8097779750823975 -0.5867242813110352 
vn 0.0037744969595223665 -0.8097779750823975 -0.5867242813110352 
vn -0.001891275984235108 -0.5670930743217468 -0.8236515522003174 
vn -0.001891275984235108 -0.5670930743217468 -0.8236515522003174 
vn -0.001888386206701398 -0.29693543910980225 -0.9548956751823425 
vn -0.001888386206701398 -0.29693543910980225 -0.9548956751823425 
vn 1.2214145642705336e-14 -0.0393143892288208 -0.9992268681526184 
vn 1.2214145642705336e-14 -0.0393143892288208 -0.9992268681526184 
vn -9.47544841390811e-15 0.09162852168083191 -0.9957932829856873 
vn -9.47544841390811e-15 0.09162852168083191 -0.9957932829856873 
vn -0.999997615814209 -2.0682260971124217e-13 0.002184694167226553 
vn -0.999997615814209 -2.0682260971124217e-13 0.002184694167226553 
vn -0.999997615814209 -2.0682260971124217e-13 0.002184694167226553 
vn -0.999997615814209 -2.0682260971124217e-13 0.002184694167226553 
vn -0.999997615814209 -2.0682260971124217e-13 -0.002184694167226553 
vn -0.999997615814209 -2.0682260971124217e-13 0.002184694167226553 
vn -0.999997615814209 -2.0682260971124217e-13 0.002184694167226553 
vn -0.999997615814209 -2.0682260971124217e-13 0.002184694167226553 
vn -0.999997615814209 -2.0682260971124217e-13 -0.002184694167226553 
vn -0.999997615814209 -2.0682260971124217e-13 -0.002184694167226553 
vn -0.999997615814209 -2.0682260971124217e-13 0.002184694167226553 
vn -0.999997615814209 -2.0682260971124217e-13 0.002184694167226553 
vn -0.999997615814209 -2.0682260971124217e-13 -0.002184694167226553 
vn -0.999997615814209 -2.0682260971124217e-13 -0.002184694167226553 
vn 0.999997615814209 0 0.002184694167226553 
vn 0.999997615814209 0 0.002184694167226553 
vn 0.999997615814209 0 0.002184694167226553 
vn 0.999997615814209 0 0.002184694167226553 
vn 0.999997615814209 0 0.002184694167226553 
vn 0.999997615814209 0 0.002184694167226553 
vn 0.999997615814209 0 0.002184694167226553 
vn 0.999997615814209 0 0.002184694167226553 
vn 0.999997615814209 0 -0.002184694167226553 
vn 0.999997615814209 0 -0.002184694167226553 
vn 0.999997615814209 0 -0.002184694167226553 
vn 0.999997615814209 0 0.002184694167226553 
vn 0.999997615814209 0 0.002184694167226553 
vn 0.999997615814209 0 0.002184694167226553 
vn -0.0019082654034718871 0.09595967084169388 -0.9953833818435669 
vn -4.335066851389284e-14 0.41920527815818787 -0.9078915119171143 
vn -4.335066851389284e-14 0.41920527815818787 -0.9078915119171143 
vn 0.0018891491927206516 0.6698852777481079 -0.7424622178077698 
vn 0.0018857949180528522 -0.9088032245635986 0.417220801115036 
vn 2.882480224560696e-13 -0.9278009533882141 -0.37307560443878174 
vn 0.0018857949180528522 -0.9088032245635986 0.417220801115036 
vn 2.882480224560696e-13 -0.9278009533882141 -0.37307560443878174 
vn -0.001896943198516965 -0.22099114954471588 -0.9752739667892456 
vn -0.001896943198516965 -0.22099114954471588 -0.9752739667892456 
vn -0.0019082654034718871 0.09595967084169388 -0.9953833818435669 
vn 0.0018891491927206516 0.6698852777481079 -0.7424622178077698 
vn 0.0037781051360070705 0.8394148349761963 -0.5434780716896057 
vn -0.0037781051360070705 0.8394148349761963 -0.5434780716896057 
vn -0.0018863033037632704 0.9402705430984497 0.34042292833328247 
vn -0.0018863033037632704 0.9402705430984497 0.34042292833328247 
vn -0.0037627271376550198 0.41918838024139404 0.9078915119171143 
vn 0.0037627271376550198 0.41918838024139404 0.9078915119171143 
vn -0.0018777163932099938 0.36698195338249207 0.9302261471748352 
vn -0.0018777163932099938 0.36698195338249207 0.9302261471748352 
vn 0.0018721226369962096 0.2252507358789444 0.9742990136146545 
vn 0.0018721226369962096 0.2252507358789444 0.9742990136146545 
vn 0.0018611537525430322 -0.0959606021642685 0.9953833818435669 
vn 0.0018611537525430322 -0.0959606021642685 0.9953833818435669 
vn 0.0037627271376550198 -0.41918838024139404 0.9078915119171143 
vn 0.0037627271376550198 -0.41918838024139404 0.9078915119171143 
vn 0.0037715123035013676 -0.669877290725708 0.7424622178077698 
vn 0.0037715123035013676 -0.669877290725708 0.7424622178077698 
vn 0.0018862760625779629 -0.8417878746986389 0.5398051738739014 
vn 0.0018862760625779629 -0.8417878746986389 0.5398051738739014 
vn 2.806231267325765e-13 -0.903258204460144 0.42909738421440125 
vn 2.806231267325765e-13 -0.903258204460144 0.42909738421440125 
vn -0.999997615814209 -2.0682260971124217e-13 -0.002184694167226553 
vn -0.999997615814209 -2.0682260971124217e-13 -0.002184694167226553 
vn -0.999997615814209 -2.0682260971124217e-13 0.002184694167226553 
vn -0.999997615814209 -2.0682260971124217e-13 0.002184694167226553 
vn -0.999997615814209 -2.0682260971124217e-13 -0.002184694167226553 
vn -0.999997615814209 -2.0682260971124217e-13 0.002184694167226553 
vn -0.999997615814209 -2.0682260971124217e-13 -0.002184694167226553 
vn -0.999997615814209 -2.0682260971124217e-13 -0.002184694167226553 
vn -0.999997615814209 -2.0682260971124217e-13 0.002184694167226553 
vn -0.999997615814209 -2.0682260971124217e-13 0.002184694167226553 
vn -0.999997615814209 -2.0682260971124217e-13 -0.002184694167226553 
vn -0.999997615814209 -2.0682260971124217e-13 -0.002184694167226553 
vn -0.999997615814209 -2.0682260971124217e-13 -0.002184694167226553 
vn -0.999997615814209 -2.0682260971124217e-13 0.002184694167226553 
vn 0.999997615814209 0 0.002184694167226553 
vn 0.999997615814209 0 -0.002184694167226553 
vn 0.999997615814209 0 0.002184694167226553 
vn 0.999997615814209 0 -0.002184694167226553 
vn 0.999997615814209 0 -0.002184694167226553 
vn 0.999997615814209 0 0.002184694167226553 
vn 0.999997615814209 0 0.002184694167226553 
vn 0.999997615814209 0 0.002184694167226553 
vn 0.999997615814209 0 0.002184694167226553 
vn 0.999997615814209 0 0.002184694167226553 
vn 0.999997615814209 0 0.002184694167226553 
vn 0.999997615814209 0 0.002184694167226553 
vn 0.999997615814209 0 0.002184694167226553 
vn 0.999997615814209 0 0.002184694167226553 
vn -0.269613116979599 0.272289901971817 -0.9236704111099243 
vt 0.9323368668556213 0.9633159637451172 
vt 0.9323368668556213 0.9792776703834534 
vt 0.8750715851783752 0.9633159637451172 
vt 0.8750715851783752 0.9792776703834534 
vt 0.7242324352264404 0.14573603868484497 
vt 0.7242324352264404 0.1939866542816162 
vt 0.7178966999053955 0.14573603868484497 
vt 0.7178966999053955 0.1939866542816162 
vt 0.3655325174331665 0.5394172072410583 
vt 0.3717464208602905 0.5394172072410583 
vt 0.3655325174331665 0.5674415826797485 
vt 0.5933752059936523 0.5394172072410583 
vt 0.5995891094207764 0.5674415826797485 
vt 0.5995891094207764 0.5394172072410583 
vt 0.5902073383331299 0.5073720216751099 
vt 0.5933752059936523 0.5073720216751099 
vt 0.5902073383331299 0.521140456199646 
vt 0.3750361204147339 0.521140456199646 
vt 0.3717464208602905 0.5073720216751099 
vt 0.3750361204147339 0.5073720216751099 
vt 0.2787817418575287 0.7598348259925842 
vt 0.2787817418575287 0.753498911857605 
vt 0.2507582902908325 0.7598348259925842 
vt 0.2787817418575287 0.5318628549575806 
vt 0.2507582902908325 0.5256487727165222 
vt 0.2787817418575287 0.5256487727165222 
vt 0.310825914144516 0.5351526737213135 
vt 0.310825914144516 0.5318628549575806 
vt 0.29693603515625 0.5351526737213135 
vt 0.29693603515625 0.750330924987793 
vt 0.310825914144516 0.753498911857605 
vt 0.310825914144516 0.750330924987793 
vt 0.9833882451057434 0.14427389204502106 
vt 0.9861905574798584 0.14427389204502106 
vt 0.9833882451057434 0.2446741759777069 
vt 0.9861905574798584 0.2446741759777069 
vt 0.16023044288158417 0.023891035467386246 
vt 0.028276635333895683 0.023891035467386246 
vt 0.16023044288158417 0.0009841759456321597 
vt 0.000984251033514738 0.0009841759456321597 
vt 0.028276635333895683 0.25308147072792053 
vt 0.000984251033514738 0.2759883403778076 
vt 0.16023044288158417 0.2759883403778076 
vt 0.16023044288158417 0.25308147072792053 
vt 0.9721788763999939 0.3265540301799774 
vt 0.9969125986099243 0.3265540301799774 
vt 0.9721788763999939 0.3494608700275421 
vt 0.9969125986099243 0.3494608700275421 
vt 0.32130423188209534 0.023891035467386246 
vt 0.1894722729921341 0.023891035467386246 
vt 0.32130423188209534 0.0009841759456321597 
vt 0.1621798872947693 0.0009841759456321597 
vt 0.1621798872947693 0.2759883403778076 
vt 0.1894722729921341 0.25308147072792053 
vt 0.32130423188209534 0.2759883403778076 
vt 0.32130423188209534 0.25308147072792053 
vt 0.5915475487709045 0.717310905456543 
vt 0.36236464977264404 0.717310905456543 
vt 0.5915475487709045 0.6925764083862305 
vt 0.36236464977264404 0.6925764083862305 
vt 0.14694976806640625 0.8537773489952087 
vt 0.14694976806640625 0.8368408679962158 
vt 0.41889888048171997 0.8537773489952087 
vt 0.41889888048171997 0.8368408679962158 
vt 0.03607445955276489 0.7485032677650452 
vt 0.03607445955276489 0.8378156423568726 
vt 0.000984251033514738 0.7485032677650452 
vt 0.000984251033514738 0.8487817049026489 
vt 0.03607445955276489 0.8487817049026489 
vt 0.05337588116526604 0.8487817049026489 
vt 0.4020848274230957 0.3720022141933441 
vt 0.36711645126342773 0.3720022141933441 
vt 0.4020848274230957 0.3690779209136963 
vt 0.36711645126342773 0.3690779209136963 
vt 0.3560289144515991 0.37845999002456665 
vt 0.3560289144515991 0.14914768934249878 
vt 0.32325369119644165 0.17205455899238586 
vt 0.289747416973114 0.14914768934249878 
vt 0.289747416973114 0.17205455899238586 
vt 0.36711645126342773 0.37845999002456665 
vt 0.36711645126342773 0.15852975845336914 
vt 0.36711645126342773 0.1556054800748825 
vt 0.36711645126342773 0.14914768934249878 
vt 0.4020848274230957 0.15852975845336914 
vt 0.4020848274230957 0.1556054800748825 
vt 0.32325369119644165 0.35555312037467957 
vt 0.289747416973114 0.37845999002456665 
vt 0.289747416973114 0.35555312037467957 
vt 0.6161594390869141 0.36115798354148865 
vt 0.6161594390869141 0.3774852156639099 
vt 0.8881085515022278 0.36115798354148865 
vt 0.8881085515022278 0.3774852156639099 
vt 0.6161594390869141 0.39758965373039246 
vt 0.8881085515022278 0.39758965373039246 
vt 0.6161594390869141 0.4248829185962677 
vt 0.8881085515022278 0.4248829185962677 
vt 0.9987401962280273 0.4374329745769501 
vt 0.9987401962280273 0.4647262394428253 
vt 0.9819261431694031 0.44839900732040405 
vt 0.9819261431694031 0.4647262394428253 
vt 0.9740064740180969 0.6855093836784363 
vt 0.9769306778907776 0.680148184299469 
vt 0.9782708883285522 0.6845346093177795 
vt 0.9811950922012329 0.679173469543457 
vt 0.9782708883285522 0.6656486392021179 
vt 0.9740064740180969 0.6666234135627747 
vt 0.9883837103843689 0.6855093836784363 
vt 0.9913079142570496 0.6718627214431763 
vt 0.9925262928009033 0.6863623261451721 
vt 0.995450496673584 0.672837495803833 
vt 0.9925262928009033 0.6674762964248657 
vt 0.9883837103843689 0.6666234135627747 
vt 0.9567050337791443 0.0009841759456321597 
vt 0.9567050337791443 0.22359499335289001 
vt 0.9450083374977112 0.0009841759456321597 
vt 0.9450083374977112 0.22359499335289001 
vt 0.8826256990432739 0.24540524184703827 
vt 0.8341330289840698 0.24540524184703827 
vt 0.8823820352554321 0.2134818583726883 
vt 0.8341330289840698 0.2134818583726883 
vt 0.07896248996257782 0.4052658975124359 
vt 0.08091194927692413 0.4687471389770508 
vt 0.026814542710781097 0.40684986114501953 
vt 0.000984251033514738 0.407702773809433 
vt 0.000984251033514738 0.5799916386604309 
vt 0.09175579249858856 0.47971317172050476 
vt 0.09175579249858856 0.5799916386604309 
vt 0.025961656123399734 0.38881680369377136 
vt 0.06616918742656708 0.3868672847747803 
vt 0.07896248996257782 0.4042911231517792 
vt 0.46934106945991516 0.8428112864494324 
vt 0.6834157109260559 0.8428112864494324 
vt 0.46934106945991516 0.8390340805053711 
vt 0.6834157109260559 0.8390340805053711 
vt 0.6834157109260559 0.8306267857551575 
vt 0.46934106945991516 0.8306267857551575 
vt 0.6834157109260559 0.821366548538208 
vt 0.46934106945991516 0.821366548538208 
vt 0.6834157109260559 0.8175893425941467 
vt 0.46934106945991516 0.8175893425941467 
vt 0.24503177404403687 0.7634902000427246 
vt 0.23893971741199493 0.7634902000427246 
vt 0.24503177404403687 0.549408495426178 
vt 0.23893971741199493 0.549408495426178 
vt 0.22504985332489014 0.549408495426178 
vt 0.22504985332489014 0.7634902000427246 
vt 0.8900580406188965 0.2134818583726883 
vt 0.9027295112609863 0.2134818583726883 
vt 0.8900580406188965 0.423420786857605 
vt 0.9027295112609863 0.423420786857605 
vt 0.9077249765396118 0.2134818583726883 
vt 0.9077249765396118 0.423420786857605 
vt 0.9113802313804626 0.423420786857605 
vt 0.9113802313804626 0.2134818583726883 
vt 0.36236464977264404 0.5696347951889038 
vt 0.5765611529350281 0.5696347951889038 
vt 0.36236464977264404 0.5793824195861816 
vt 0.5765611529350281 0.5793824195861816 
vt 0.36236464977264404 0.5891299843788147 
vt 0.5765611529350281 0.5891299843788147 
vt 0.36236464977264404 0.5988776087760925 
vt 0.5765611529350281 0.5988776087760925 
vt 0.36236464977264404 0.6086251735687256 
vt 0.5765611529350281 0.6086251735687256 
vt 0.36236464977264404 0.6184946298599243 
vt 0.5765611529350281 0.6184946298599243 
vt 0.36236464977264404 0.6282422542572021 
vt 0.5765611529350281 0.6282422542572021 
vt 0.3717464208602905 0.3739517331123352 
vt 0.3947743773460388 0.3739517331123352 
vt 0.3717464208602905 0.3811405897140503 
vt 0.3947743773460388 0.3811405897140503 
vt 0.3717464208602905 0.388329416513443 
vt 0.3947743773460388 0.388329416513443 
vt 0.3717464208602905 0.3955182731151581 
vt 0.3947743773460388 0.3955182731151581 
vt 0.3717464208602905 0.40270712971687317 
vt 0.3947743773460388 0.40270712971687317 
vt 0.3717464208602905 0.40989598631858826 
vt 0.3947743773460388 0.40989598631858826 
vt 0.3717464208602905 0.41708484292030334 
vt 0.3947743773460388 0.41708484292030334 
vt 0.3717464208602905 0.42427369952201843 
vt 0.3947743773460388 0.42427369952201843 
vt 0.3717464208602905 0.4314625561237335 
vt 0.3947743773460388 0.4314625561237335 
vt 0.7153380513191223 0.6239776611328125 
vt 0.7153380513191223 0.6269019246101379 
vt 0.7014481425285339 0.6239776611328125 
vt 0.7014481425285339 0.6269019246101379 
vt 0.6953561305999756 0.6239776611328125 
vt 0.6953561305999756 0.6269019246101379 
vt 0.6909698247909546 0.6239776611328125 
vt 0.6909698247909546 0.6269019246101379 
vt 0.6848778128623962 0.6239776611328125 
vt 0.6848778128623962 0.6269019246101379 
vt 0.6709879040718079 0.6239776611328125 
vt 0.6709879040718079 0.6269019246101379 
vt 0.7104644179344177 0.5972936153411865 
vt 0.7104644179344177 0.622028112411499 
vt 0.578510582447052 0.5972936153411865 
vt 0.578510582447052 0.622028112411499 
vt 0.5091830492019653 0.8843604326248169 
vt 0.6684292554855347 0.8843604326248169 
vt 0.5091830492019653 0.9090949892997742 
vt 0.6684292554855347 0.9090949892997742 
vt 0.7468948364257812 0.6724720001220703 
vt 0.7510374188423157 0.6734467148780823 
vt 0.7498190402984619 0.6778331398963928 
vt 0.7539616227149963 0.6788079142570496 
vt 0.7510374188423157 0.6923326849937439 
vt 0.7468948364257812 0.6913579702377319 
vt 0.724719762802124 0.6769802570343018 
vt 0.7276439666748047 0.6823413968086243 
vt 0.7289842367172241 0.6778331398963928 
vt 0.73190838098526 0.6831943392753601 
vt 0.7289842367172241 0.6967191100120544 
vt 0.724719762802124 0.6958662271499634 
vt 0.19751378893852234 0.9765970706939697 
vt 0.19751378893852234 0.9485727548599243 
vt 0.14914290606975555 0.9765970706939697 
vt 0.14914290606975555 0.9485727548599243 
vt 0.1408577263355255 0.9703829884529114 
vt 0.1408577263355255 0.9545431733131409 
vt 0.08359245210886002 0.9703829884529114 
vt 0.08359245210886002 0.9545431733131409 
vt 0.5530458092689514 0.22335129976272583 
vt 0.5530458092689514 0.23553580045700073 
vt 0.5559700131416321 0.22335129976272583 
vt 0.5559700131416321 0.23553580045700073 
vt 0.9891147613525391 0.48836418986320496 
vt 0.9891147613525391 0.4721587896347046 
vt 0.9723007082939148 0.48836418986320496 
vt 0.9723007082939148 0.4610708951950073 
vt 0.41499996185302734 0.02121044509112835 
vt 0.41499996185302734 0.06921737641096115 
vt 0.4248690903186798 0.02121044509112835 
vt 0.4248690903186798 0.1172243058681488 
vt 0.41499996185302734 0.09882570803165436 
vt 0.41499996185302734 0.1172243058681488 
vt 0.41499996185302734 0.11746799945831299 
vt 0.41292867064476013 0.1172243058681488 
vt 0.41292867064476013 0.11746799945831299 
vt 0.831452488899231 0.9193299412727356 
vt 0.831452488899231 0.8843604326248169 
vt 0.931849479675293 0.9193299412727356 
vt 0.931849479675293 0.8843604326248169 
vt 0.7765021920204163 0.6217844486236572 
vt 0.7641962766647339 0.6217844486236572 
vt 0.7765021920204163 0.6105747222900391 
vt 0.7641962766647339 0.6105747222900391 
vt 0.9989838600158691 0.32423895597457886 
vt 0.9956941604614258 0.32411712408065796 
vt 0.9989838600158691 0.13537921011447906 
vt 0.9956941604614258 0.13537921011447906 
vt 0.7245979309082031 0.5972936153411865 
vt 0.7245979309082031 0.6083815097808838 
vt 0.7124138474464417 0.5972936153411865 
vt 0.7124138474464417 0.6083815097808838 
vt 0.16449487209320068 0.5441691875457764 
vt 0.16449487209320068 0.5330812931060791 
vt 0.17667897045612335 0.5441691875457764 
vt 0.17667897045612335 0.5330812931060791 
vt 0.7511593103408813 0.9564926624298096 
vt 0.8083027005195618 0.9564926624298096 
vt 0.7511593103408813 0.9723325371742249 
vt 0.8083027005195618 0.9723325371742249 
vt 0.18277102708816528 0.4125765860080719 
vt 0.18143077194690704 0.2784252464771271 
vt 0.2055552899837494 0.4125765860080719 
vt 0.20494608581066132 0.2781815528869629 
vt 0.22176013886928558 0.2783033847808838 
vt 0.22176013886928558 0.4125765860080719 
vt 0.23467528820037842 0.4125765860080719 
vt 0.22176013886928558 0.5469716191291809 
vt 0.2352844923734665 0.5469716191291809 
vt 0.2488088458776474 0.5469716191291809 
vt 0.24746859073638916 0.4125765860080719 
vt 0.2488088458776474 0.2783033847808838 
vt 0.2352844923734665 0.2781815528869629 
vt 0.18143077194690704 0.54684978723526 
vt 0.20494608581066132 0.5470934510231018 
vt 0.9925262928009033 0.4126984179019928 
vt 0.9925262928009033 0.43621450662612915 
vt 0.9791237711906433 0.4229333996772766 
vt 0.9790019392967224 0.43645820021629333 
vt 0.9513440728187561 0.44839900732040405 
vt 0.9513440728187561 0.2257882058620453 
vt 0.9620660543441772 0.44839900732040405 
vt 0.9620660543441772 0.2257882058620453 
vt 0.17948131263256073 0.3008447289466858 
vt 0.000984251033514738 0.3008447289466858 
vt 0.17948131263256073 0.29158449172973633 
vt 0.000984251033514738 0.29158449172973633 
vt 0.17948131263256073 0.32119283080101013 
vt 0.000984251033514738 0.32119283080101013 
vt 0.17948131263256073 0.33971327543258667 
vt 0.000984251033514738 0.33971327543258667 
vt 0.17948131263256073 0.360061377286911 
vt 0.000984251033514738 0.360061377286911 
vt 0.17948131263256073 0.3693216145038605 
vt 0.000984251033514738 0.3693216145038605 
vt 0.17948131263256073 0.3815061151981354 
vt 0.000984251033514738 0.3815061151981354 
vt 0.000984251033514738 0.3845522403717041 
vt 0.17948131263256073 0.3845522403717041 
vt 0.17948131263256073 0.2812276780605316 
vt 0.000984251033514738 0.2812276780605316 
vt 0.000984251033514738 0.2781815528869629 
vt 0.17948131263256073 0.2781815528869629 
vt 0.25014910101890564 0.4752049148082733 
vt 0.25014910101890564 0.4864146411418915 
vt 0.2530732750892639 0.4752049148082733 
vt 0.2530732750892639 0.4864146411418915 
vt 0.9356265664100647 0.6109402179718018 
vt 0.93989098072052 0.6099655032157898 
vt 0.9385507702827454 0.6055790781974792 
vt 0.9428151845932007 0.6046043038368225 
vt 0.93989098072052 0.5910795331001282 
vt 0.9356265664100647 0.5919324159622192 
vt 0.9804640412330627 0.6855093836784363 
vt 0.9833882451057434 0.680148184299469 
vt 0.9847284555435181 0.6845346093177795 
vt 0.9876526594161987 0.679173469543457 
vt 0.9847284555435181 0.6656486392021179 
vt 0.9804640412330627 0.6666234135627747 
vt 0.12026658654212952 0.8742473125457764 
vt 0.12026658654212952 0.5992431044578552 
vt 0.14500030875205994 0.8742473125457764 
vt 0.14500030875205994 0.5992431044578552 
vt 0.5688851475715637 0.25429993867874146 
vt 0.5659609436988831 0.25429993867874146 
vt 0.5688851475715637 0.24211543798446655 
vt 0.5659609436988831 0.24211543798446655 
vt 0.7824724316596985 0.716336190700531 
vt 0.7824724316596985 0.7192604541778564 
vt 0.729106068611145 0.7168235778808594 
vt 0.7757711410522461 0.7197478413581848 
vt 0.729106068611145 0.7878592014312744 
vt 0.7757711410522461 0.7849348783493042 
vt 0.7942910194396973 0.7851786017417908 
vt 0.7941691875457764 0.7887120842933655 
vt 0.0816429927945137 0.9573456048965454 
vt 0.0816429927945137 0.9544212818145752 
vt 0.06945889443159103 0.9564926624298096 
vt 0.06738759577274323 0.9544212818145752 
vt 0.06738759577274323 0.9639251828193665 
vt 0.06958073377609253 0.965752899646759 
vt 0.0495988093316555 0.969895601272583 
vt 0.04935512691736221 0.9669713377952576 
vt 0.031444501131772995 0.9669713377952576 
vt 0.031200818717479706 0.969895601272583 
vt 0.013412033207714558 0.9639251828193665 
vt 0.011218895204365253 0.965752899646759 
vt 0.011340736411511898 0.9564926624298096 
vt 0.013412033207714558 0.9544212818145752 
vt 0.000984251033514738 0.9544212818145752 
vt 0.000984251033514738 0.9573456048965454 
vt 0.09151211380958557 0.4441344439983368 
vt 0.0885879322886467 0.4441344439983368 
vt 0.09151211380958557 0.3868672847747803 
vt 0.0885879322886467 0.3868672847747803 
vt 0.9844847917556763 0.3216802179813385 
vt 0.9844847917556763 0.32448264956474304 
vt 0.9721788763999939 0.3216802179813385 
vt 0.9721788763999939 0.32448264956474304 
vt 0.7248416543006897 0.4297567307949066 
vt 0.7248416543006897 0.4268324375152588 
vt 0.7819850444793701 0.4297567307949066 
vt 0.7819850444793701 0.4268324375152588 
vt 0.4599592983722687 0.23468288779258728 
vt 0.4710468351840973 0.23468288779258728 
vt 0.4599592983722687 0.2376071661710739 
vt 0.4710468351840973 0.2376071661710739 
vt 0.958654522895813 0.22310760617256165 
vt 0.958654522895813 0.2118978649377823 
vt 0.9615786671638489 0.22310760617256165 
vt 0.9615786671638489 0.2118978649377823 
vt 0.9363576173782349 0.2237168401479721 
vt 0.9363576173782349 0.2114104926586151 
vt 0.9391599297523499 0.2237168401479721 
vt 0.9391599297523499 0.2114104926586151 
vt 0.6190836429595947 0.3443433940410614 
vt 0.6190836429595947 0.3566497266292572 
vt 0.6161594390869141 0.3443433940410614 
vt 0.6161594390869141 0.3566497266292572 
vt 0.25027093291282654 0.499695748090744 
vt 0.25027093291282654 0.48860785365104675 
vt 0.2531951069831848 0.499695748090744 
vt 0.2531951069831848 0.48860785365104675 
vt 0.023159312084317207 0.3868672847747803 
vt 0.023159312084317207 0.39795517921447754 
vt 0.02035696990787983 0.3868672847747803 
vt 0.02035696990787983 0.39795517921447754 
vt 0.5971522927284241 0.34531813859939575 
vt 0.6094582080841064 0.34531813859939575 
vt 0.5971522927284241 0.3482424318790436 
vt 0.6094582080841064 0.3482424318790436 
vt 0.4343726933002472 0.24796399474143982 
vt 0.44667863845825195 0.24796399474143982 
vt 0.4343726933002472 0.25088825821876526 
vt 0.44667863845825195 0.25088825821876526 
vt 0.7824724316596985 0.5790168642997742 
vt 0.7824724316596985 0.52174973487854 
vt 0.7852747440338135 0.5790168642997742 
vt 0.7852747440338135 0.52174973487854 
vt 0.3379964530467987 0.5280856490135193 
vt 0.280731201171875 0.5280856490135193 
vt 0.3379964530467987 0.5251613855361938 
vt 0.280731201171875 0.5251613855361938 
vt 0.46568581461906433 0.21750274300575256 
vt 0.46568581461906433 0.20154105126857758 
vt 0.468610018491745 0.21750274300575256 
vt 0.468610018491745 0.20154105126857758 
vt 0.2466157078742981 0.23858192563056946 
vt 0.2624550461769104 0.23858192563056946 
vt 0.2466157078742981 0.2415062040090561 
vt 0.2624550461769104 0.2415062040090561 
vt 0.15669704973697662 0.20507454872131348 
vt 0.14244164526462555 0.20507454872131348 
vt 0.15669704973697662 0.026206091046333313 
vt 0.14244164526462555 0.026206091046333313 
vt 0.7914886474609375 0.6611403822898865 
vt 0.7923415303230286 0.6507835388183594 
vt 0.7944128513336182 0.6611403822898865 
vt 0.7944128513336182 0.6487122178077698 
vt 0.7850310802459717 0.6487122178077698 
vt 0.7830816507339478 0.650905430316925 
vt 0.7790609002113342 0.6309228539466858 
vt 0.7819850444793701 0.6306791305541992 
vt 0.7790609002113342 0.6125242114067078 
vt 0.7819850444793701 0.6127679347991943 
vt 0.7850310802459717 0.5947348475456238 
vt 0.7830816507339478 0.5925416350364685 
vt 0.7923415303230286 0.5926634669303894 
vt 0.7944128513336182 0.5947348475456238 
vt 0.7944128513336182 0.5804789662361145 
vt 0.7914886474609375 0.5804789662361145 
vt 0.6227388978004456 0.6269019246101379 
vt 0.6089708209037781 0.6269019246101379 
vt 0.6227388978004456 0.6239776611328125 
vt 0.6089708209037781 0.6239776611328125 
vt 0.6027569770812988 0.6269019246101379 
vt 0.6027569770812988 0.6239776611328125 
vt 0.5984925031661987 0.6269019246101379 
vt 0.5984925031661987 0.6239776611328125 
vt 0.5924004912376404 0.6269019246101379 
vt 0.5924004912376404 0.6239776611328125 
vt 0.578510582447052 0.6269019246101379 
vt 0.578510582447052 0.6239776611328125 
vt 0.9450083374977112 0.6501743197441101 
vt 0.9420841336250305 0.6501743197441101 
vt 0.9450083374977112 0.6640646457672119 
vt 0.9420841336250305 0.6640646457672119 
vt 0.9450083374977112 0.6701568961143494 
vt 0.9420841336250305 0.6701568961143494 
vt 0.9450083374977112 0.674421489238739 
vt 0.9420841336250305 0.674421489238739 
vt 0.9450083374977112 0.6805137395858765 
vt 0.9420841336250305 0.6805137395858765 
vt 0.9450083374977112 0.6944040656089783 
vt 0.9420841336250305 0.6944040656089783 
vt 0.8873775005340576 0.2293217033147812 
vt 0.8873775005340576 0.2134818583726883 
vt 0.8844533562660217 0.2293217033147812 
vt 0.8844533562660217 0.2134818583726883 
vt 0.40318140387535095 0.14671079814434052 
vt 0.39209386706352234 0.14671079814434052 
vt 0.40318140387535095 0.14963507652282715 
vt 0.39209386706352234 0.14963507652282715 
vt 0.6690384745597839 0.6239776611328125 
vt 0.6551485657691956 0.6239776611328125 
vt 0.6690384745597839 0.6269019246101379 
vt 0.6551485657691956 0.6269019246101379 
vt 0.6490565538406372 0.6239776611328125 
vt 0.6490565538406372 0.6269019246101379 
vt 0.6447920799255371 0.6239776611328125 
vt 0.6447920799255371 0.6269019246101379 
vt 0.6387000679969788 0.6239776611328125 
vt 0.6387000679969788 0.6269019246101379 
vt 0.6248101592063904 0.6239776611328125 
vt 0.6248101592063904 0.6269019246101379 
vt 0.4775044023990631 0.9679461121559143 
vt 0.4775044023990631 0.9519844055175781 
vt 0.5347696542739868 0.9679461121559143 
vt 0.5347696542739868 0.9519844055175781 
vt 0.3934341073036194 0.16413463652133942 
vt 0.3976985514163971 0.16498754918575287 
vt 0.39635828137397766 0.16949580609798431 
vt 0.40062272548675537 0.17034871876239777 
vt 0.3976985514163971 0.18399536609649658 
vt 0.3934341073036194 0.18302060663700104 
vt 0.3925812244415283 0.11661507934331894 
vt 0.34433218836784363 0.11661507934331894 
vt 0.3925812244415283 0.12282917648553848 
vt 0.34433218836784363 0.12282917648553848 
vt 0.3797879219055176 0.16340355575084686 
vt 0.3908754587173462 0.16340355575084686 
vt 0.3797879219055176 0.16060112416744232 
vt 0.3908754587173462 0.16060112416744232 
vt 0.39379963278770447 0.34385600686073303 
vt 0.36906591057777405 0.34385600686073303 
vt 0.39379963278770447 0.3667628765106201 
vt 0.36906591057777405 0.3667628765106201 
vt 0.7378786206245422 0.6800263524055481 
vt 0.7420212030410767 0.679173469543457 
vt 0.7408028244972229 0.6746651530265808 
vt 0.7449454069137573 0.6738122701644897 
vt 0.7420212030410767 0.6601656079292297 
vt 0.7378786206245422 0.6611403822898865 
vt 0.852896511554718 0.35616233944892883 
vt 0.852896511554718 0.3532380759716034 
vt 0.8652024865150452 0.35616233944892883 
vt 0.8652024865150452 0.3532380759716034 
vt 0.973884642124176 0.5079812407493591 
vt 0.9870434403419495 0.5416104197502136 
vt 0.973884642124176 0.5416104197502136 
vt 0.6703786849975586 0.9090949892997742 
vt 0.829503059387207 0.9090949892997742 
vt 0.6703786849975586 0.8843604326248169 
vt 0.829503059387207 0.8843604326248169 
vt 0.9465922713279724 0.4226897358894348 
vt 0.9465922713279724 0.41147997975349426 
vt 0.9436680674552917 0.4226897358894348 
vt 0.9436680674552917 0.41147997975349426 
vt 0.14037035405635834 0.026206091046333313 
vt 0.05118274316191673 0.026206091046333313 
vt 0.14049220085144043 0.23663240671157837 
vt 0.05130458250641823 0.23663240671157837 
vt 0.04752751439809799 0.23663240671157837 
vt 0.030591614544391632 0.026206091046333313 
vt 0.0302260909229517 0.23858192563056946 
vt 0.5908165574073792 0.5807226896286011 
vt 0.578510582447052 0.5807226896286011 
vt 0.5908165574073792 0.5696347951889038 
vt 0.578510582447052 0.5696347951889038 
vt 0.9183251261711121 0.1328204721212387 
vt 0.9183251261711121 0.0009841759456321597 
vt 0.9429370164871216 0.1328204721212387 
vt 0.9429370164871216 0.0009841759456321597 
vt 0.27707594633102417 0.12660637497901917 
vt 0.27707594633102417 0.026206091046333313 
vt 0.31216615438461304 0.12660637497901917 
vt 0.31216615438461304 0.026206091046333313 
vt 0.9335552453994751 0.39271584153175354 
vt 0.9335552453994751 0.6219062805175781 
vt 0.917472243309021 0.39271584153175354 
vt 0.917472243309021 0.6219062805175781 
vt 0.31411561369895935 0.12660637497901917 
vt 0.31411561369895935 0.026206091046333313 
vt 0.3204513490200043 0.12660637497901917 
vt 0.3204513490200043 0.026206091046333313 
vt 0.6445484161376953 0.25990480184555054 
vt 0.8738531470298767 0.25990480184555054 
vt 0.6445484161376953 0.2957272231578827 
vt 0.8738531470298767 0.2957272231578827 
vt 0.6445484161376953 0.3149787485599518 
vt 0.8738531470298767 0.3149787485599518 
vt 0.6674545407295227 0.32289865612983704 
vt 0.8509470820426941 0.32289865612983704 
vt 0.6674545407295227 0.35896480083465576 
vt 0.8509470820426941 0.35896480083465576 
vt 0.6445484161376953 0.32289865612983704 
vt 0.8738531470298767 0.32289865612983704 
vt 0.6161594390869141 0.4268324375152588 
vt 0.7185059189796448 0.4268324375152588 
vt 0.6161594390869141 0.5194346308708191 
vt 0.7269129157066345 0.43450868129730225 
vt 0.7919760346412659 0.5194346308708191 
vt 0.7928289175033569 0.49201953411102295 
vt 0.7944128513336182 0.43645820021629333 
vt 0.7983117699623108 0.7192604541778564 
vt 0.7700446248054504 0.7056137919425964 
vt 0.7995301485061646 0.7169454097747803 
vt 0.7711412310600281 0.7032987475395203 
vt 0.7676078081130981 0.7041516900062561 
vt 0.7696791291236877 0.7114623785018921 
vt 0.7516466379165649 0.7057356834411621 
vt 0.7232577204704285 0.7062230110168457 
vt 0.6785420775413513 0.7195041179656982 
vt 0.6776891946792603 0.7102439403533936 
vt 0.7639526128768921 0.6944040656089783 
vt 0.7691917419433594 0.7020803093910217 
vt 0.771263062953949 0.7007400393486023 
vt 0.7652928233146667 0.6914798021316528 
vt 0.8006267547607422 0.6816103458404541 
vt 0.7457982897758484 0.597659170627594 
vt 0.7165564298629761 0.6167888045310974 
vt 0.252951443195343 0.3724895715713501 
vt 0.25002726912498474 0.3724895715713501 
vt 0.252951443195343 0.47288987040519714 
vt 0.25002726912498474 0.47288987040519714 
vt 0.4386371374130249 0.1872851848602295 
vt 0.47226524353027344 0.20032259821891785 
vt 0.47226524353027344 0.1872851848602295 
vt 0.07896248996257782 0.4042911231517792 
vt 0.06616918742656708 0.3868672847747803 
vt 0.026814542710781097 0.40684986114501953 
vt 0.025961656123399734 0.38881680369377136 
vt 0.04923328757286072 0.8853352069854736 
vt 0.04923328757286072 0.913359522819519 
vt 0.000984251033514738 0.8853352069854736 
vt 0.000984251033514738 0.913359522819519 
vt 0.04947696998715401 0.851218581199646 
vt 0.04947696998715401 0.8832638263702393 
vt 0.00122793298214674 0.851218581199646 
vt 0.000984251033514738 0.8832638263702393 
vt 0.3860018253326416 0.23322074115276337 
vt 0.3889259994029999 0.23322074115276337 
vt 0.3860018253326416 0.24906060099601746 
vt 0.3889259994029999 0.24906060099601746 
vt 0.1593775451183319 0.2376071661710739 
vt 0.15913386642932892 0.25113195180892944 
vt 0.1458532065153122 0.237729012966156 
vt 0.13561855256557465 0.25113195180892944 
vt 0.8297467231750488 0.6393301486968994 
vt 0.8297467231750488 0.8685205578804016 
vt 0.8029417395591736 0.6393301486968994 
vt 0.8028198480606079 0.8685205578804016 
vt 0.7804011106491089 0.52174973487854 
vt 0.7804011106491089 0.5311317443847656 
vt 0.6016603708267212 0.52174973487854 
vt 0.6016603708267212 0.5311317443847656 
vt 0.7804011106491089 0.549408495426178 
vt 0.6016603708267212 0.549408495426178 
vt 0.7804011106491089 0.5674415826797485 
vt 0.6016603708267212 0.5674415826797485 
vt 0.7804011106491089 0.5857183337211609 
vt 0.6016603708267212 0.5857183337211609 
vt 0.6016603708267212 0.5951004028320312 
vt 0.7804011106491089 0.5951004028320312 
vt 0.3204513490200043 0.2222546935081482 
vt 0.3204513490200043 0.24394311010837555 
vt 0.28158408403396606 0.2222546935081482 
vt 0.27512648701667786 0.24394311010837555 
vt 0.7505500912666321 0.9781810641288757 
vt 0.7052252292633057 0.9781810641288757 
vt 0.7439706921577454 0.9564926624298096 
vt 0.7052252292633057 0.9564926624298096 
vt 0.14694976806640625 0.793829619884491 
vt 0.14694976806640625 0.7658052444458008 
vt 0.35761284828186035 0.793829619884491 
vt 0.35956230759620667 0.7658052444458008 
vt 0.36041519045829773 0.7481377124786377 
vt 0.3215479254722595 0.7481377124786377 
vt 0.36041519045829773 0.5374677181243896 
vt 0.3215479254722595 0.5374677181243896 
vt 0.2988854944705963 0.7481377124786377 
vt 0.2988854944705963 0.5374677181243896 
vt 0.9493945837020874 0.409286767244339 
vt 0.9493945837020874 0.2257882058620453 
vt 0.9363576173782349 0.409286767244339 
vt 0.9363576173782349 0.2257882058620453 
vt 0.9749811887741089 0.17534437775611877 
vt 0.9749811887741089 0.27574464678764343 
vt 0.9813169240951538 0.17534437775611877 
vt 0.9813169240951538 0.27574464678764343 
vt 0.3127753734588623 0.5333249568939209 
vt 0.3612680733203888 0.5333249568939209 
vt 0.3127753734588623 0.5301570296287537 
vt 0.3612680733203888 0.5301570296287537 
vt 0.9154009819030762 0.4268324375152588 
vt 0.8671519160270691 0.4268324375152588 
vt 0.9154009819030762 0.6610185503959656 
vt 0.8671519160270691 0.6610185503959656 
vt 0.03802391514182091 0.7485032677650452 
vt 0.03802391514182091 0.8157616853713989 
vt 0.05313219875097275 0.7485032677650452 
vt 0.05313219875097275 0.8157616853713989 
vt 0.7873460650444031 0.5702440142631531 
vt 0.7905139327049255 0.5702440142631531 
vt 0.7873460650444031 0.52174973487854 
vt 0.7905139327049255 0.52174973487854 
vt 0.22297854721546173 0.763977587223053 
vt 0.22297854721546173 0.549408495426178 
vt 0.21323128044605255 0.763977587223053 
vt 0.21323128044605255 0.549408495426178 
vt 0.20348399877548218 0.763977587223053 
vt 0.20348399877548218 0.549408495426178 
vt 0.1937367171049118 0.763977587223053 
vt 0.1937367171049118 0.549408495426178 
vt 0.18398943543434143 0.763977587223053 
vt 0.18398943543434143 0.549408495426178 
vt 0.17424215376377106 0.763977587223053 
vt 0.17424215376377106 0.549408495426178 
vt 0.16449487209320068 0.763977587223053 
vt 0.16449487209320068 0.549408495426178 
vt 0.6068995594978333 0.43621450662612915 
vt 0.5837497711181641 0.43621450662612915 
vt 0.6068995594978333 0.44340336322784424 
vt 0.5837497711181641 0.44340336322784424 
vt 0.6068995594978333 0.4505922198295593 
vt 0.5837497711181641 0.4505922198295593 
vt 0.6068995594978333 0.4577810764312744 
vt 0.5837497711181641 0.4577810764312744 
vt 0.6068995594978333 0.4649699330329895 
vt 0.5837497711181641 0.4649699330329895 
vt 0.6068995594978333 0.4721587896347046 
vt 0.5837497711181641 0.4721587896347046 
vt 0.6068995594978333 0.4793476462364197 
vt 0.5837497711181641 0.4793476462364197 
vt 0.6068995594978333 0.48653650283813477 
vt 0.5837497711181641 0.48653650283813477 
vt 0.6068995594978333 0.49372535943984985 
vt 0.5837497711181641 0.49372535943984985 
vt 0.9896021485328674 0.5028637051582336 
vt 0.9896021485328674 0.49567487835884094 
vt 0.9846066236495972 0.5079812407493591 
vt 0.9723007082939148 0.5028637051582336 
vt 0.9774180054664612 0.5079812407493591 
vt 0.9723007082939148 0.49567487835884094 
vt 0.9774180054664612 0.49055737257003784 
vt 0.9846066236495972 0.49055737257003784 
vt 0.8656898140907288 0.24747660756111145 
vt 0.8656898140907288 0.25771158933639526 
vt 0.8349859118461609 0.24747660756111145 
vt 0.8349859118461609 0.25771158933639526 
vt 0.6355322003364563 0.22530081868171692 
vt 0.7220392823219299 0.22530081868171692 
vt 0.6355322003364563 0.25600576400756836 
vt 0.7220392823219299 0.25600576400756836 
vt 0.23577186465263367 0.9461358189582825 
vt 0.14914290606975555 0.9461358189582825 
vt 0.23577186465263367 0.9154309034347534 
vt 0.14914290606975555 0.9154309034347534 
vt 0.886037290096283 0.24747660756111145 
vt 0.886037290096283 0.3339865505695343 
vt 0.8758026361465454 0.24747660756111145 
vt 0.8758026361465454 0.3339865505695343 
vt 0.9653557538986206 0.8937425017356873 
vt 0.9653557538986206 0.8072325587272644 
vt 0.9755904078483582 0.8937425017356873 
vt 0.9755904078483582 0.8072325587272644 
vt 0.013290192000567913 0.4041692912578583 
vt 0.006101572886109352 0.4041692912578583 
vt 0.01828567311167717 0.3990517854690552 
vt 0.000984251033514738 0.3918629288673401 
vt 0.01828567311167717 0.3918629288673401 
vt 0.013290192000567913 0.3868672847747803 
vt 0.006101572886109352 0.3868672847747803 
vt 0.000984251033514738 0.3990517854690552 
vt 0.36906591057777405 0.29146265983581543 
vt 0.36906591057777405 0.32216760516166687 
vt 0.3793005645275116 0.29146265983581543 
vt 0.3793005645275116 0.32216760516166687 
vt 0.2377213090658188 0.9644125699996948 
vt 0.324228435754776 0.9644125699996948 
vt 0.2377213090658188 0.9337076544761658 
vt 0.324228435754776 0.9337076544761658 
vt 0.3261778652667999 0.9644125699996948 
vt 0.41268497705459595 0.9644125699996948 
vt 0.3261778652667999 0.9337076544761658 
vt 0.41268497705459595 0.9337076544761658 
vt 0.048136718571186066 0.24881690740585327 
vt 0.1346438229084015 0.24881690740585327 
vt 0.048136718571186066 0.23858192563056946 
vt 0.1346438229084015 0.23858192563056946 
vt 0.9653557538986206 0.7182856798171997 
vt 0.9653557538986206 0.8049175143241882 
vt 0.9755904078483582 0.7182856798171997 
vt 0.9755904078483582 0.8049175143241882 
vt 0.8594759106636047 0.8590166568756104 
vt 0.8594759106636047 0.6393301486968994 
vt 0.8525310158729553 0.8590166568756104 
vt 0.8525310158729553 0.6393301486968994 
vt 0.8455860614776611 0.6393301486968994 
vt 0.8455860614776611 0.8590166568756104 
vt 0.8386411070823669 0.8590166568756104 
vt 0.8386411070823669 0.6393301486968994 
vt 0.8318180441856384 0.8590166568756104 
vt 0.8318180441856384 0.6393301486968994 
vt 0.5908165574073792 0.5829159021377563 
vt 0.578510582447052 0.5829159021377563 
vt 0.5908165574073792 0.5941256284713745 
vt 0.578510582447052 0.5941256284713745 
vt 0.9843629598617554 0.5102962851524353 
vt 0.9815606474876404 0.5102962851524353 
vt 0.9843629598617554 0.5215060114860535 
vt 0.9815606474876404 0.5215060114860535 
vt 0.5982488393783569 0.5196783542633057 
vt 0.5953246355056763 0.5196783542633057 
vt 0.5982488393783569 0.5308880805969238 
vt 0.5953246355056763 0.5308880805969238 
vt 0.25490090250968933 0.3724895715713501 
vt 0.25490090250968933 0.3754138648509979 
vt 0.2672068476676941 0.3724895715713501 
vt 0.2672068476676941 0.3754138648509979 
vt 0.2814622223377228 0.3754138648509979 
vt 0.2814622223377228 0.3724895715713501 
vt 0.269156277179718 0.3754138648509979 
vt 0.269156277179718 0.3724895715713501 
vt 0.08005905896425247 0.5819411277770996 
vt 0.06775312125682831 0.5819411277770996 
vt 0.08005905896425247 0.5931508541107178 
vt 0.06775312125682831 0.5931508541107178 
vt 0.339945912361145 0.5251613855361938 
vt 0.339945912361145 0.5280856490135193 
vt 0.35115528106689453 0.5251613855361938 
vt 0.35115528106689453 0.5280856490135193 
vt 0.994475781917572 0.42366448044776917 
vt 0.9973999261856079 0.42366448044776917 
vt 0.994475781917572 0.4125765860080719 
vt 0.9973999261856079 0.4125765860080719 
vt 0.2531951069831848 0.33154967427253723 
vt 0.25027093291282654 0.33154967427253723 
vt 0.2531951069831848 0.34373417496681213 
vt 0.25027093291282654 0.34373417496681213 
vt 0.38478338718414307 0.2636820077896118 
vt 0.38770759105682373 0.2636820077896118 
vt 0.38478338718414307 0.2514975070953369 
vt 0.38770759105682373 0.2514975070953369 
vt 0.6137226223945618 0.9967015385627747 
vt 0.6212767958641052 0.9891471266746521 
vt 0.6030006408691406 0.9967015385627747 
vt 0.5954464673995972 0.9785466194152832 
vt 0.5954464673995972 0.9891471266746521 
vt 0.6212767958641052 0.9785466194152832 
vt 0.6137226223945618 0.9709922075271606 
vt 0.6030006408691406 0.9709922075271606 
vt 0.5878923535346985 0.9967015385627747 
vt 0.5772922039031982 0.9967015385627747 
vt 0.5954464673995972 0.9891471266746521 
vt 0.5878923535346985 0.9709922075271606 
vt 0.5954464673995972 0.9785466194152832 
vt 0.5697380304336548 0.9891471266746521 
vt 0.5697380304336548 0.9785466194152832 
vt 0.5772922039031982 0.9709922075271606 
vt 0.441804975271225 0.9086076021194458 
vt 0.4433889091014862 0.9086076021194458 
vt 0.441804975271225 0.8872846961021423 
vt 0.4433889091014862 0.8872846961021423 
vt 0.5008978843688965 0.8872846961021423 
vt 0.5008978843688965 0.9086076021194458 
vt 0.5026036500930786 0.9086076021194458 
vt 0.5026036500930786 0.8872846961021423 
vt 0.4734836518764496 0.18509197235107422 
vt 0.420239120721817 0.18277691304683685 
vt 0.40817686915397644 0.15146274864673615 
vt 0.41902071237564087 0.1838735193014145 
vt 0.4114665687084198 0.25259411334991455 
vt 0.38283395767211914 0.3406880497932434 
vt 0.4727526009082794 0.25771158933639526 
vt 0.507720947265625 0.3479987382888794 
vt 0.5083301663398743 0.14926953613758087 
vt 0.5112543702125549 0.1487821638584137 
vt 0.5090612173080444 0.14622341096401215 
vt 0.4087860882282257 0.14817292988300323 
vt 0.40525269508361816 0.15085352957248688 
vt 0.3795442283153534 0.34032249450683594 
vt 0.47470206022262573 0.18631042540073395 
vt 0.5112543702125549 0.3479987382888794 
vt 0.5536550283432007 0.9656310677528381 
vt 0.5629149675369263 0.948085367679596 
vt 0.6408931612968445 0.9656310677528381 
vt 0.6316332817077637 0.948085367679596 
vt 0.5240476727485657 0.14403021335601807 
vt 0.4296208918094635 0.019139081239700317 
vt 0.5240476727485657 0.0018370910547673702 
vt 0.32337552309036255 0.0009841759456321597 
vt 0.3423827290534973 0.019139081239700317 
vt 0.32337552309036255 0.1450049728155136 
vt 0.3423827290534973 0.12685005366802216 
vt 0.4296208918094635 0.12685005366802216 
vt 0.9634063243865967 0.8309923410415649 
vt 0.9450083374977112 0.8236815929412842 
vt 0.9634063243865967 0.7232813239097595 
vt 0.9450083374977112 0.7304701805114746 
vt 0.8719037175178528 0.8576763868331909 
vt 0.9464704394340515 0.8576763868331909 
vt 0.8719037175178528 0.8789992332458496 
vt 0.9464704394340515 0.8789992332458496 
vt 0.9401347041130066 0.6240994930267334 
vt 0.9401347041130066 0.7113405466079712 
vt 0.9225896000862122 0.6333597302436829 
vt 0.9225896000862122 0.7020803093910217 
vt 0.6858525276184082 0.8175893425941467 
vt 0.7935599684715271 0.8175893425941467 
vt 0.6931629776954651 0.8361098170280457 
vt 0.7863713502883911 0.8361098170280457 
vt 0.5132037997245789 0.3479987382888794 
vt 0.5132037997245789 0.1487821638584137 
vt 0.5167372226715088 0.3479987382888794 
vt 0.5161280035972595 0.14926953613758087 
vt 0.5517055988311768 0.25771158933639526 
vt 0.5497561097145081 0.18631042540073395 
vt 0.5508526563644409 0.18509197235107422 
vt 0.6162813305854797 0.15146274864673615 
vt 0.6042190194129944 0.18277691304683685 
vt 0.6054374575614929 0.1838735193014145 
vt 0.6129915714263916 0.25259411334991455 
vt 0.6416242122650146 0.3406880497932434 
vt 0.5153969526290894 0.14622341096401215 
vt 0.6155502796173096 0.14817292988300323 
vt 0.6192054748535156 0.15085352957248688 
vt 0.644913911819458 0.34032249450683594 
vt 0.7159472107887268 0.2203051745891571 
vt 0.6946250796318054 0.2203051745891571 
vt 0.7159472107887268 0.14573603868484497 
vt 0.6946250796318054 0.14573603868484497 
vt 0.7794263958930969 0.7218192219734192 
vt 0.8006267547607422 0.7218192219734192 
vt 0.7777206301689148 0.7230376601219177 
vt 0.7777206301689148 0.7804266214370728 
vt 0.8006267547607422 0.7816451191902161 
vt 0.7794263958930969 0.7816451191902161 
vt 0.2508801519870758 0.2784252464771271 
vt 0.26172399520874023 0.3536036014556885 
vt 0.2531951069831848 0.2781815528869629 
vt 0.3131408989429474 0.3498264253139496 
vt 0.31825822591781616 0.2781815528869629 
vt 0.3150903582572937 0.35031378269195557 
vt 0.3202076852321625 0.2783033847808838 
vt 0.2597745358943939 0.35445651412010193 
vt 0.26135846972465515 0.35567498207092285 
vt 0.31375008821487427 0.3516540825366974 
vt 0.9870434403419495 0.6367713809013367 
vt 0.9870434403419495 0.6249524354934692 
vt 0.9981309771537781 0.6367713809013367 
vt 0.9981309771537781 0.6249524354934692 
vt 0.9857032299041748 0.6499306559562683 
vt 0.973884642124176 0.6499306559562683 
vt 0.9857032299041748 0.638842761516571 
vt 0.973884642124176 0.638842761516571 
vt 0.7245979309082031 0.6644302010536194 
vt 0.736294686794281 0.6644302010536194 
vt 0.7245979309082031 0.6746651530265808 
vt 0.736294686794281 0.6746651530265808 
vt 0.6093363761901855 0.24211543798446655 
vt 0.6093363761901855 0.25088825821876526 
vt 0.5975177884101868 0.24211543798446655 
vt 0.5975177884101868 0.25088825821876526 
vt 0.9849721789360046 0.04704158753156662 
vt 0.9849721789360046 0.028642991557717323 
vt 0.9947194457054138 0.04704158753156662 
vt 0.9947194457054138 0.028642991557717323 
vt 0.9849721789360046 0.11417818069458008 
vt 0.9849721789360046 0.09577958285808563 
vt 0.9947194457054138 0.11417818069458008 
vt 0.9947194457054138 0.09577958285808563 
vt 0.852896511554718 0.3250918686389923 
vt 0.8712944984436035 0.3250918686389923 
vt 0.852896511554718 0.3510448634624481 
vt 0.8712944984436035 0.3510448634624481 
vt 0.09126843512058258 0.5961970090866089 
vt 0.08200851827859879 0.5961970090866089 
vt 0.09126843512058258 0.5819411277770996 
vt 0.08200851827859879 0.5819411277770996 
vt 0.9989838600158691 0.6095999479293823 
vt 0.9847284555435181 0.6095999479293823 
vt 0.9989838600158691 0.5836469531059265 
vt 0.5094267725944519 0.8821672201156616 
vt 0.8697105646133423 0.8821672201156616 
vt 0.5094267725944519 0.8704701066017151 
vt 0.8699542880058289 0.8699827194213867 
vt 0.14694976806640625 0.8586511015892029 
vt 0.14719344675540924 0.8708356022834778 
vt 0.5074772834777832 0.8591384887695312 
vt 0.5074772834777832 0.8708356022834778 
vt 0.7225266695022583 0.7477721571922302 
vt 0.7225266695022583 0.7218192219734192 
vt 0.36236464977264404 0.7477721571922302 
vt 0.36236464977264404 0.7218192219734192 
vt 0.9839974641799927 0.2781815528869629 
vt 0.9721788763999939 0.2781815528869629 
vt 0.9839974641799927 0.31924331188201904 
vt 0.9721788763999939 0.31924331188201904 
vt 0.6098237037658691 0.5053006410598755 
vt 0.6098237037658691 0.496040403842926 
vt 0.5837497711181641 0.5053006410598755 
vt 0.5837497711181641 0.496040403842926 
vt 0.9523187875747681 0.6141082048416138 
vt 0.9523187875747681 0.625927209854126 
vt 0.9635281562805176 0.6141082048416138 
vt 0.9635281562805176 0.625927209854126 
vt 0.9876526594161987 0.652611255645752 
vt 0.9876526594161987 0.6644302010536194 
vt 0.9988620281219482 0.652611255645752 
vt 0.9988620281219482 0.6644302010536194 
vt 0.5535331964492798 0.5074938535690308 
vt 0.5535331964492798 0.5187035799026489 
vt 0.5714437961578369 0.5087122917175293 
vt 0.5718093514442444 0.5187035799026489 
vt 0.6463760137557983 0.33630162477493286 
vt 0.6635556221008301 0.3360579311847687 
vt 0.6463760137557983 0.3250918686389923 
vt 0.6647740006446838 0.3250918686389923 
vt 0.30680516362190247 0.12892141938209534 
vt 0.27780699729919434 0.12892141938209534 
vt 0.3065614700317383 0.14610156416893005 
vt 0.27707594633102417 0.1469544917345047 
vt 0.5955683588981628 0.2362668663263321 
vt 0.586552083492279 0.23736347258090973 
vt 0.5955683588981628 0.2519848644733429 
vt 0.5863084197044373 0.2519848644733429 
vt 0.973884642124176 0.5701221823692322 
vt 0.9881400465965271 0.5701221823692322 
vt 0.973884642124176 0.5440473556518555 
vt 0.4669042229652405 0.797850489616394 
vt 0.4669042229652405 0.8096694350242615 
vt 0.14694976806640625 0.797850489616394 
vt 0.14694976806640625 0.8096694350242615 
vt 0.14694976806640625 0.8152742981910706 
vt 0.46751344203948975 0.8152742981910706 
vt 0.3607807159423828 0.7781115770339966 
vt 0.680735170841217 0.7781115770339966 
vt 0.3607807159423828 0.789930522441864 
vt 0.680735170841217 0.789930522441864 
vt 0.680735170841217 0.7955354452133179 
vt 0.360537052154541 0.7955354452133179 
vt 0.7225266695022583 0.6304354667663574 
vt 0.36236464977264404 0.6304354667663574 
vt 0.7225266695022583 0.6594345569610596 
vt 0.36236464977264404 0.6594345569610596 
vt 0.9841192960739136 0.41013967990875244 
vt 0.9841192960739136 0.3720022141933441 
vt 0.9723007082939148 0.41013967990875244 
vt 0.9723007082939148 0.3720022141933441 
vt 0.36906591057777405 0.1730293184518814 
vt 0.36906591057777405 0.20239396393299103 
vt 0.3772292733192444 0.17400407791137695 
vt 0.37808215618133545 0.20141920447349548 
vt 0.4452165365219116 0.23188045620918274 
vt 0.4452165365219116 0.24418678879737854 
vt 0.4474096894264221 0.23236782848834991 
vt 0.44680047035217285 0.24564893543720245 
vt 0.4176804721355438 0.24564893543720245 
vt 0.41926440596580505 0.24418678879737854 
vt 0.41707125306129456 0.23236782848834991 
vt 0.41926440596580505 0.23188045620918274 
vt 0.9855813980102539 0.41513532400131226 
vt 0.9855813980102539 0.41306397318840027 
vt 0.9737628102302551 0.41513532400131226 
vt 0.9723007082939148 0.41367319226264954 
vt 0.9737628102302551 0.44121015071868896 
vt 0.9723007082939148 0.4426723122596741 
vt 0.9855813980102539 0.44328153133392334 
vt 0.9855813980102539 0.44121015071868896 
vt 0.7178966999053955 0.20787698030471802 
vt 0.7178966999053955 0.19617986679077148 
vt 0.720089852809906 0.20787698030471802 
vt 0.720089852809906 0.19617986679077148 
vt 0.9926481246948242 0.0009841759456321597 
vt 0.9948412775993347 0.0009841759456321597 
vt 0.9926481246948242 0.011097311042249203 
vt 0.9942320585250854 0.012681296095252037 
vt 0.9830226898193359 0.012681296095252037 
vt 0.9815606474876404 0.011097311042249203 
vt 0.9815606474876404 0.05228092148900032 
vt 0.9830226898193359 0.050818782299757004 
vt 0.9926481246948242 0.05228092148900032 
vt 0.9942320585250854 0.050818782299757004 
vt 0.9948412775993347 0.06105376034975052 
vt 0.9926481246948242 0.06105376034975052 
vt 0.9871653318405151 0.08201110363006592 
vt 0.9850940108299255 0.08201110363006592 
vt 0.9871653318405151 0.09212423861026764 
vt 0.9857032299041748 0.09370822459459305 
vt 0.9967907667160034 0.09370822459459305 
vt 0.9983747005462646 0.09212423861026764 
vt 0.9983747005462646 0.13330784440040588 
vt 0.9967907667160034 0.13172386586666107 
vt 0.9871653318405151 0.13330784440040588 
vt 0.9857032299041748 0.13172386586666107 
vt 0.9850940108299255 0.14208067953586578 
vt 0.9871653318405151 0.14208067953586578 
vt 0.4015974700450897 0.3739517331123352 
vt 0.4015974700450897 0.38577067852020264 
vt 0.3995261490345001 0.3739517331123352 
vt 0.3995261490345001 0.38577067852020264 
vt 0.14694976806640625 0.5992431044578552 
vt 0.14950843155384064 0.5992431044578552 
vt 0.14694976806640625 0.7431420683860779 
vt 0.14950843155384064 0.7431420683860779 
vt 0.1596212387084961 0.7431420683860779 
vt 0.1596212387084961 0.5992431044578552 
vt 0.9833882451057434 0.2653878331184387 
vt 0.9833882451057434 0.24698923528194427 
vt 0.9854595065116882 0.2653878331184387 
vt 0.9854595065116882 0.24698923528194427 
vt 0.25490090250968933 0.3547002077102661 
vt 0.25490090250968933 0.34507444500923157 
vt 0.25697219371795654 0.3547002077102661 
vt 0.2563629746437073 0.34349048137664795 
vt 0.27719780802726746 0.17217640578746796 
vt 0.27744147181510925 0.16998319327831268 
vt 0.2871887683868408 0.17205455899238586 
vt 0.2871887683868408 0.16998319327831268 
vt 0.9967907667160034 0.019382771104574203 
vt 0.9967907667160034 0.0009841759456321597 
vt 0.9989838600158691 0.019382771104574203 
vt 0.9989838600158691 0.0009841759456321597 
vt 0.470924973487854 0.24174989759922028 
vt 0.4611777067184448 0.24174989759922028 
vt 0.470924973487854 0.2396785318851471 
vt 0.4599592983722687 0.24016590416431427 
vt 0.3198421597480774 0.3114452362060547 
vt 0.32130423188209534 0.3129073679447174 
vt 0.3192329406738281 0.32265496253967285 
vt 0.32130423188209534 0.32265496253967285 
vt 0.32069504261016846 0.21067942678928375 
vt 0.32069504261016846 0.21981780230998993 
vt 0.31886741518974304 0.2118978649377823 
vt 0.31850188970565796 0.22006148099899292 
vt 0.8698323965072632 0.24747660756111145 
vt 0.8698323965072632 0.2567368447780609 
vt 0.8676393032073975 0.24747660756111145 
vt 0.8676393032073975 0.2567368447780609 
vt 0.690482497215271 0.20751145482063293 
vt 0.690482497215271 0.19337743520736694 
vt 0.6926755905151367 0.20751145482063293 
vt 0.6926755905151367 0.19289004802703857 
vt 0.9830226898193359 0.0754314735531807 
vt 0.9815606474876404 0.07396933436393738 
vt 0.9836319088935852 0.05983531102538109 
vt 0.9815606474876404 0.05983531102538109 
vt 0.958654522895813 0.2099483460187912 
vt 0.958654522895813 0.1803400218486786 
vt 0.9607257843017578 0.2099483460187912 
vt 0.9607257843017578 0.1803400218486786 
vt 0.9621878862380981 0.45022669434547424 
vt 0.9621878862380981 0.5949785709381104 
vt 0.959629237651825 0.4507140815258026 
vt 0.959629237651825 0.5949785709381104 
vt 0.9464704394340515 0.4507140815258026 
vt 0.9464704394340515 0.5949785709381104 
vt 0.6048282384872437 0.23906931281089783 
vt 0.6048282384872437 0.21311631798744202 
vt 0.6070213913917542 0.23906931281089783 
vt 0.6064121723175049 0.2116541862487793 
vt 0.15864650905132294 0.08444800227880478 
vt 0.15864650905132294 0.058495014905929565 
vt 0.16023044288158417 0.08603198826313019 
vt 0.16023044288158417 0.05703287571668625 
vt 0.9876526594161987 0.638842761516571 
vt 0.9988620281219482 0.638842761516571 
vt 0.9876526594161987 0.6505398750305176 
vt 0.9988620281219482 0.6505398750305176 
vt 0.9870434403419495 0.622759222984314 
vt 0.9870434403419495 0.6116713285446167 
vt 0.9988620281219482 0.622759222984314 
vt 0.9988620281219482 0.6116713285446167 
vt 0.7841781973838806 0.6200786232948303 
vt 0.7944128513336182 0.6200786232948303 
vt 0.7841781973838806 0.6317757368087769 
vt 0.7944128513336182 0.6317757368087769 
vt 0.36906591057777405 0.32460448145866394 
vt 0.37783846259117126 0.32460448145866394 
vt 0.36906591057777405 0.33630162477493286 
vt 0.37783846259117126 0.33630162477493286 
vt 0.08444533497095108 0.7658052444458008 
vt 0.08444533497095108 0.9120192527770996 
vt 0.055447179824113846 0.7658052444458008 
vt 0.055447179824113846 0.9120192527770996 
vt 0.5614528656005859 0.9460139870643616 
vt 0.5619401931762695 0.9341950416564941 
vt 0.7081494331359863 0.9460139870643616 
vt 0.7081494331359863 0.9341950416564941 
vt 0.000984251033514738 0.9154309034347534 
vt 0.14719344675540924 0.9154309034347534 
vt 0.000984251033514738 0.9384596347808838 
vt 0.14719344675540924 0.9384596347808838 
vt 0.8563080430030823 0.9426023364067078 
vt 0.8563080430030823 0.9544212818145752 
vt 0.7100988626480103 0.9426023364067078 
vt 0.7100988626480103 0.9544212818145752 
vt 0.000984251033514738 0.9524717926979065 
vt 0.000984251033514738 0.9406527876853943 
vt 0.14719344675540924 0.9524717926979065 
vt 0.14719344675540924 0.9406527876853943 
vt 0.28682324290275574 0.16754628717899323 
vt 0.27707594633102417 0.16754628717899323 
vt 0.28682324290275574 0.14914768934249878 
vt 0.27707594633102417 0.14914768934249878 
vt 0.6137226223945618 0.5076156854629517 
vt 0.6137226223945618 0.5173633098602295 
vt 0.5958120226860046 0.5073720216751099 
vt 0.5954464673995972 0.5173633098602295 
vt 0.9723007082939148 0.36968713998794556 
vt 0.9723007082939148 0.3517759442329407 
vt 0.998252809047699 0.36968713998794556 
vt 0.998252809047699 0.3512885570526123 
vt 0.2623331844806671 0.35774633288383484 
vt 0.2765885889530182 0.35774633288383484 
vt 0.2623331844806671 0.366884708404541 
vt 0.2765885889530182 0.366884708404541 
vt 0.973884642124176 0.5982683897018433 
vt 0.973884642124176 0.5723153948783875 
vt 0.9881400465965271 0.5982683897018433 
vt 0.5072336196899414 0.8850914835929871 
vt 0.5072336196899414 0.8733943700790405 
vt 0.14694976806640625 0.8850914835929871 
vt 0.14694976806640625 0.8729069828987122 
vt 0.3769855797290802 0.5073720216751099 
vt 0.3769855797290802 0.5191909670829773 
vt 0.5231947898864746 0.5073720216751099 
vt 0.5235602855682373 0.5191909670829773 
vt 0.4209701716899872 0.8570671677589417 
vt 0.781132161617279 0.8570671677589417 
vt 0.4209701716899872 0.8448826670646667 
vt 0.7813758850097656 0.8447607755661011 
vt 0.36236464977264404 0.7759183645248413 
vt 0.7225266695022583 0.7759183645248413 
vt 0.36236464977264404 0.7499653697013855 
vt 0.7225266695022583 0.7499653697013855 
vt 0.622495174407959 0.35567498207092285 
vt 0.6635556221008301 0.35567498207092285 
vt 0.622495174407959 0.34385600686073303 
vt 0.6635556221008301 0.34385600686073303 
vt 0.5514618754386902 0.5166321992874146 
vt 0.5514618754386902 0.5073720216751099 
vt 0.525509774684906 0.5163885354995728 
vt 0.525509774684906 0.5073720216751099 
vt 0.973884642124176 0.6521238684654236 
vt 0.973884642124176 0.6633335947990417 
vt 0.9857032299041748 0.6521238684654236 
vt 0.9857032299041748 0.6633335947990417 
vt 0.7245979309082031 0.6624806523323059 
vt 0.7356854677200317 0.6624806523323059 
vt 0.7245979309082031 0.6506617069244385 
vt 0.7356854677200317 0.6506617069244385 
vt 0.41487812995910645 0.9499130249023438 
vt 0.5595033764839172 0.9499130249023438 
vt 0.41524365544319153 0.9473543167114258 
vt 0.5595033764839172 0.9473543167114258 
vt 0.5595033764839172 0.9341950416564941 
vt 0.41524365544319153 0.9341950416564941 
vt 0.17704449594020844 0.3868672847747803 
vt 0.17704449594020844 0.530644416809082 
vt 0.17460767924785614 0.3868672847747803 
vt 0.17460767924785614 0.530644416809082 
vt 0.16449487209320068 0.3868672847747803 
vt 0.16449487209320068 0.530644416809082 
vt 0.8732439875602722 0.3360579311847687 
vt 0.8838441371917725 0.33691084384918213 
vt 0.8732439875602722 0.35433468222618103 
vt 0.8844533562660217 0.35433468222618103 
vt 0.30948567390441895 0.1469544917345047 
vt 0.30972933769226074 0.12977434694766998 
vt 0.32069504261016846 0.1469544917345047 
vt 0.32069504261016846 0.12855589389801025 
vt 0.14244164526462555 0.23577949404716492 
vt 0.14280717074871063 0.20678037405014038 
vt 0.15998674929141998 0.23553580045700073 
vt 0.15998674929141998 0.2065366953611374 
vt 0.030347932130098343 0.24893875420093536 
vt 0.030957136303186417 0.24053144454956055 
vt 0.04606541991233826 0.24893875420093536 
vt 0.04606541991233826 0.2396785318851471 
vt 0.9989838600158691 0.5814537405967712 
vt 0.9847284555435181 0.5814537405967712 
vt 0.9989838600158691 0.5555007457733154 
vt 0.7894173860549927 0.797850489616394 
vt 0.46970656514167786 0.797850489616394 
vt 0.7894173860549927 0.8096694350242615 
vt 0.46970656514167786 0.8096694350242615 
vt 0.7894173860549927 0.8152742981910706 
vt 0.46958473324775696 0.8152742981910706 
vt 0.46507662534713745 0.8179548978805542 
vt 0.14694976806640625 0.8175893425941467 
vt 0.4644674062728882 0.8294083476066589 
vt 0.14694976806640625 0.8294083476066589 
vt 0.14707161486148834 0.8348913788795471 
vt 0.46702608466148376 0.8348913788795471 
vt 0.7225266695022583 0.6905050277709961 
vt 0.36236464977264404 0.6905050277709961 
vt 0.7225266695022583 0.661505937576294 
vt 0.36236464977264404 0.661505937576294 
vt 0.9978873133659363 0.3720022141933441 
vt 0.9978873133659363 0.41013967990875244 
vt 0.9860687255859375 0.3720022141933441 
vt 0.9860687255859375 0.41013967990875244 
vt 0.9904550313949585 0.5344215631484985 
vt 0.9904550313949585 0.5054224729537964 
vt 0.9984965324401855 0.5333249568939209 
vt 0.9988620281219482 0.5057880282402039 
vt 0.2556319534778595 0.35713711380958557 
vt 0.2556319534778595 0.3689560890197754 
vt 0.2535606324672699 0.35713711380958557 
vt 0.25416985154151917 0.3704182207584381 
vt 0.2831680178642273 0.3704182207584381 
vt 0.28170591592788696 0.3689560890197754 
vt 0.2834116816520691 0.35762450098991394 
vt 0.2814622223377228 0.3567715883255005 
vt 0.7178966999053955 0.2099483460187912 
vt 0.720089852809906 0.2099483460187912 
vt 0.7178966999053955 0.2221328467130661 
vt 0.7194806337356567 0.22322945296764374 
vt 0.6919445395469666 0.2221328467130661 
vt 0.690482497215271 0.22322945296764374 
vt 0.6897514462471008 0.2099483460187912 
vt 0.6919445395469666 0.2099483460187912 
vt 0.2875542938709259 0.36798131465911865 
vt 0.2875542938709259 0.35616233944892883 
vt 0.2853611409664154 0.36798131465911865 
vt 0.2853611409664154 0.35616233944892883 
vt 0.9871653318405151 0.014874505810439587 
vt 0.9850940108299255 0.014874505810439587 
vt 0.9871653318405151 0.024987641721963882 
vt 0.9857032299041748 0.0264497809112072 
vt 0.9967907667160034 0.0264497809112072 
vt 0.9983747005462646 0.024987641721963882 
vt 0.9983747005462646 0.06604940444231033 
vt 0.9967907667160034 0.06458726525306702 
vt 0.9871653318405151 0.06604940444231033 
vt 0.9857032299041748 0.06458726525306702 
vt 0.9850940108299255 0.07494409382343292 
vt 0.9871653318405151 0.07494409382343292 
vt 0.9926481246948242 0.06812077015638351 
vt 0.9948412775993347 0.06812077015638351 
vt 0.9926481246948242 0.07835575193166733 
vt 0.9942320585250854 0.07981789112091064 
vt 0.9830226898193359 0.07981789112091064 
vt 0.9815606474876404 0.07835575193166733 
vt 0.9815606474876404 0.11941751837730408 
vt 0.9830226898193359 0.11795537918806076 
vt 0.9926481246948242 0.11941751837730408 
vt 0.9942320585250854 0.11795537918806076 
vt 0.9948412775993347 0.12831220030784607 
vt 0.9926481246948242 0.12831220030784607 
vt 0.8789705038070679 0.3566497266292572 
vt 0.8671519160270691 0.3566497266292572 
vt 0.8789705038070679 0.3588429391384125 
vt 0.8671519160270691 0.3588429391384125 
vt 0.11441822350025177 0.9132376909255981 
vt 0.260627418756485 0.9132376909255981 
vt 0.11441822350025177 0.8872846961021423 
vt 0.260627418756485 0.8872846961021423 
vt 0.11246876418590546 0.9120192527770996 
vt 0.11246876418590546 0.7658052444458008 
vt 0.0863947942852974 0.9120192527770996 
vt 0.0863947942852974 0.7658052444458008 
vt 0.4324232339859009 0.24796399474143982 
vt 0.4140252470970154 0.24796399474143982 
vt 0.4324232339859009 0.2501572072505951 
vt 0.4140252470970154 0.2501572072505951 
vt 0.36906591057777405 0.2045871764421463 
vt 0.36906591057777405 0.21421292424201965 
vt 0.37125906348228455 0.2045871764421463 
vt 0.3705280125141144 0.21579691767692566 
vt 0.9836319088935852 0.12161072343587875 
vt 0.9815606474876404 0.12148888409137726 
vt 0.9835100769996643 0.1313583254814148 
vt 0.9815606474876404 0.13221123814582825 
vt 0.9989838600158691 0.08651936799287796 
vt 0.9989838600158691 0.06812077015638351 
vt 0.9967907667160034 0.08651936799287796 
vt 0.9967907667160034 0.06812077015638351 
vt 0.43583476543426514 0.3479987382888794 
vt 0.4458257555961609 0.3479987382888794 
vt 0.43583476543426514 0.345927357673645 
vt 0.44680047035217285 0.3466584384441376 
vt 0.5876486897468567 0.3479987382888794 
vt 0.5876486897468567 0.345927357673645 
vt 0.5779013633728027 0.3479987382888794 
vt 0.5763174295425415 0.3465366065502167 
vt 0.5758301019668579 0.18679779767990112 
vt 0.5668138265609741 0.18679779767990112 
vt 0.574855387210846 0.18825994431972504 
vt 0.5666919946670532 0.1888691633939743 
vt 0.2737862467765808 0.23858192563056946 
vt 0.2645263373851776 0.23858192563056946 
vt 0.2737862467765808 0.24077513813972473 
vt 0.2645263373851776 0.24077513813972473 
vt 0.4182896614074707 0.3479987382888794 
vt 0.4324232339859009 0.3477550446987152 
vt 0.4181678295135498 0.3458055257797241 
vt 0.43327611684799194 0.3458055257797241 
vt 0.8879867196083069 0.33642345666885376 
vt 0.8857935667037964 0.33642345666885376 
vt 0.8879867196083069 0.35067933797836304 
vt 0.8864027857780457 0.35214146971702576 
vt 0.390144407749176 0.20154105126857758 
vt 0.390144407749176 0.23114937543869019 
vt 0.39221569895744324 0.20154105126857758 
vt 0.39221569895744324 0.23114937543869019 
vt 0.7222829461097717 0.19617986679077148 
vt 0.7222829461097717 0.2221328467130661 
vt 0.7243542671203613 0.19617986679077148 
vt 0.7237450480461121 0.22359499335289001 
vt 0.16023044288158417 0.05386490747332573 
vt 0.16023044288158417 0.027911920100450516 
vt 0.15864650905132294 0.055327046662569046 
vt 0.15864650905132294 0.026327935978770256 
vt 0.41475629806518555 0.9733072519302368 
vt 0.4163402318954468 0.9733072519302368 
vt 0.41475629806518555 0.9519844055175781 
vt 0.4163402318954468 0.9519844055175781 
vt 0.47384917736053467 0.9733072519302368 
vt 0.47384917736053467 0.9519844055175781 
vt 0.4755549430847168 0.9733072519302368 
vt 0.4755549430847168 0.9519844055175781 
vt 0.9183251261711121 0.20946097373962402 
vt 0.9183251261711121 0.1348918378353119 
vt 0.9395254850387573 0.20946097373962402 
vt 0.9395254850387573 0.1348918378353119 
vt 0.6434518694877625 0.949669361114502 
vt 0.6445484161376953 0.948085367679596 
vt 0.6434518694877625 0.9709922075271606 
vt 0.7020573616027832 0.948085367679596 
vt 0.7032757997512817 0.9709922075271606 
vt 0.7032757997512817 0.949669361114502 
vt 0.6680637001991272 0.6926982402801514 
vt 0.6680637001991272 0.7138992547988892 
vt 0.5934970378875732 0.6926982402801514 
vt 0.5934970378875732 0.7138992547988892 
vt 0.6906043291091919 0.14622341096401215 
vt 0.6324861645698547 0.21896487474441528 
vt 0.6256630420684814 0.14622341096401215 
vt 0.6234699487686157 0.14646710455417633 
vt 0.630536675453186 0.21957410871982574 
vt 0.6319987773895264 0.22091439366340637 
vt 0.6840248703956604 0.22091439366340637 
vt 0.6845122575759888 0.22286392748355865 
vt 0.6859743595123291 0.22164547443389893 
vt 0.6926755905151367 0.14646710455417633 
vt 0.41305050253868103 0.02121044509112835 
vt 0.41305050253868103 0.11442187428474426 
vt 0.34433218836784363 0.02121044509112835 
vt 0.34433218836784363 0.11442187428474426 
vt 0.3697969615459442 0.3796784281730652 
vt 0.3697969615459442 0.5235773921012878 
vt 0.36723828315734863 0.38016581535339355 
vt 0.36723828315734863 0.5230900049209595 
vt 0.25879982113838196 0.38016581535339355 
vt 0.25879982113838196 0.5230900049209595 
vt 0.2552664279937744 0.38016581535339355 
vt 0.2552664279937744 0.5230900049209595 
vt 0.7260600328445435 0.0013497109757736325 
vt 0.7260600328445435 0.1435428261756897 
vt 0.5259971022605896 0.0009841759456321597 
vt 0.5259971022605896 0.14403021335601807 
vt 0.27756333351135254 0.2203051745891571 
vt 0.27707594633102417 0.21957410871982574 
vt 0.31180062890052795 0.2203051745891571 
vt 0.3122880160808563 0.21957410871982574 
vt 0.3122880160808563 0.1751006841659546 
vt 0.27707594633102417 0.1751006841659546 
vt 0.27756333351135254 0.17436961829662323 
vt 0.31180062890052795 0.17436961829662323 
vt 0.973884642124176 0.6116713285446167 
vt 0.973884642124176 0.6238558292388916 
vt 0.9850940108299255 0.6116713285446167 
vt 0.9850940108299255 0.6238558292388916 
vt 0.36419227719306946 0.5280856490135193 
vt 0.36419227719306946 0.5251613855361938 
vt 0.35310474038124084 0.5280856490135193 
vt 0.35310474038124084 0.5251613855361938 
vt 0.9465922713279724 0.4248829185962677 
vt 0.9436680674552917 0.4248829185962677 
vt 0.9465922713279724 0.43597081303596497 
vt 0.9436680674552917 0.43597081303596497 
vt 0.6404058337211609 0.2584426701068878 
vt 0.6374816298484802 0.2584426701068878 
vt 0.6404058337211609 0.2706271708011627 
vt 0.6374816298484802 0.2706271708011627 
vt 0.36906591057777405 0.2725766897201538 
vt 0.3719900846481323 0.2725766897201538 
vt 0.36906591057777405 0.2603921890258789 
vt 0.3719900846481323 0.2603921890258789 
vt 0.5738806128501892 0.5184599161148071 
vt 0.5860647559165955 0.5184599161148071 
vt 0.5738806128501892 0.5073720216751099 
vt 0.5860647559165955 0.5073720216751099 
vt 0.36906591057777405 0.5256487727165222 
vt 0.36614173650741577 0.5256487727165222 
vt 0.36906591057777405 0.5367366671562195 
vt 0.36614173650741577 0.5367366671562195 
vt 0.7377567887306213 0.600217878818512 
vt 0.7377567887306213 0.5972936153411865 
vt 0.7266692519187927 0.600217878818512 
vt 0.7266692519187927 0.5972936153411865 
vt 0.6423552632331848 0.2726985216140747 
vt 0.6394311189651489 0.2726985216140747 
vt 0.6423552632331848 0.2850048840045929 
vt 0.6394311189651489 0.2850048840045929 
vt 0.36906591057777405 0.286954402923584 
vt 0.3719900846481323 0.286954402923584 
vt 0.36906591057777405 0.2746480405330658 
vt 0.3719900846481323 0.2746480405330658 
vt 0.767729640007019 0.5972936153411865 
vt 0.7555455565452576 0.5972936153411865 
vt 0.767729640007019 0.6028984785079956 
vt 0.7555455565452576 0.6028984785079956 
vt 0.767729640007019 0.6057009100914001 
vt 0.7555455565452576 0.6057009100914001 
vt 0.767729640007019 0.6083815097808838 
vt 0.7555455565452576 0.6083815097808838 
vt 0.9885055422782898 0.12148888409137726 
vt 0.9855813980102539 0.12148888409137726 
vt 0.9885055422782898 0.12709374725818634 
vt 0.9855813980102539 0.12709374725818634 
vt 0.0770130380988121 0.39795517921447754 
vt 0.07993721961975098 0.39795517921447754 
vt 0.0770130380988121 0.395152747631073 
vt 0.07993721961975098 0.395152747631073 
vt 0.0770130380988121 0.39235031604766846 
vt 0.07993721961975098 0.39235031604766846 
vt 0.0770130380988121 0.3868672847747803 
vt 0.07993721961975098 0.3868672847747803 
vt 0.2533169686794281 0.31717196106910706 
vt 0.25039276480674744 0.31717196106910706 
vt 0.2533169686794281 0.32947829365730286 
vt 0.25039276480674744 0.32947829365730286 
vt 0.6591693162918091 0.3412972688674927 
vt 0.6591693162918091 0.33837297558784485 
vt 0.6469852328300476 0.3412972688674927 
vt 0.6469852328300476 0.33837297558784485 
vt 0.9916734099388123 0.49007001519203186 
vt 0.9916734099388123 0.5026200413703918 
vt 0.9983747005462646 0.49007001519203186 
vt 0.9983747005462646 0.5026200413703918 
vt 0.9906986951828003 0.05752025544643402 
vt 0.9906986951828003 0.0543522872030735 
vt 0.9815606474876404 0.05752025544643402 
vt 0.9815606474876404 0.0543522872030735 
vt 0.9922826290130615 0.014874505810439587 
vt 0.9891147613525391 0.014874505810439587 
vt 0.9922826290130615 0.021575981751084328 
vt 0.9891147613525391 0.021575981751084328 
vt 0.3929467499256134 0.18631042540073395 
vt 0.3929467499256134 0.19886045157909393 
vt 0.39611461758613586 0.18631042540073395 
vt 0.39611461758613586 0.19886045157909393 
vt 0.8845751881599426 0.23175860941410065 
vt 0.8845751881599426 0.24430863559246063 
vt 0.8877430558204651 0.23175860941410065 
vt 0.8877430558204651 0.24430863559246063 
vt 0.9723007082939148 0.44510918855667114 
vt 0.9723007082939148 0.4576592445373535 
vt 0.9790019392967224 0.44510918855667114 
vt 0.9790019392967224 0.4576592445373535 
vt 0.973884642124176 0.6116713285446167 
vt 0.9850940108299255 0.6116713285446167 
vt 0.973884642124176 0.6238558292388916 
vt 0.9850940108299255 0.6238558292388916 
vt 0.36419227719306946 0.5280856490135193 
vt 0.35310474038124084 0.5280856490135193 
vt 0.36419227719306946 0.5251613855361938 
vt 0.35310474038124084 0.5251613855361938 
vt 0.9465922713279724 0.4248829185962677 
vt 0.9465922713279724 0.43597081303596497 
vt 0.9436680674552917 0.4248829185962677 
vt 0.9436680674552917 0.43597081303596497 
vt 0.6404058337211609 0.2584426701068878 
vt 0.6404058337211609 0.2706271708011627 
vt 0.6374816298484802 0.2584426701068878 
vt 0.6374816298484802 0.2706271708011627 
vt 0.36906591057777405 0.2725766897201538 
vt 0.36906591057777405 0.2603921890258789 
vt 0.3719900846481323 0.2725766897201538 
vt 0.3719900846481323 0.2603921890258789 
vt 0.5738806128501892 0.5184599161148071 
vt 0.5738806128501892 0.5073720216751099 
vt 0.5860647559165955 0.5184599161148071 
vt 0.5860647559165955 0.5073720216751099 
vt 0.36906591057777405 0.5256487727165222 
vt 0.36906591057777405 0.5367366671562195 
vt 0.36614173650741577 0.5256487727165222 
vt 0.36614173650741577 0.5367366671562195 
vt 0.7377567887306213 0.600217878818512 
vt 0.7266692519187927 0.600217878818512 
vt 0.7377567887306213 0.5972936153411865 
vt 0.7266692519187927 0.5972936153411865 
vt 0.6423552632331848 0.2726985216140747 
vt 0.6423552632331848 0.2850048840045929 
vt 0.6394311189651489 0.2726985216140747 
vt 0.6394311189651489 0.2850048840045929 
vt 0.36906591057777405 0.286954402923584 
vt 0.36906591057777405 0.2746480405330658 
vt 0.3719900846481323 0.286954402923584 
vt 0.3719900846481323 0.2746480405330658 
vt 0.767729640007019 0.5972936153411865 
vt 0.767729640007019 0.6028984785079956 
vt 0.7555455565452576 0.5972936153411865 
vt 0.7555455565452576 0.6028984785079956 
vt 0.767729640007019 0.6057009100914001 
vt 0.7555455565452576 0.6057009100914001 
vt 0.767729640007019 0.6083815097808838 
vt 0.7555455565452576 0.6083815097808838 
vt 0.9885055422782898 0.12148888409137726 
vt 0.9855813980102539 0.12148888409137726 
vt 0.9885055422782898 0.12709374725818634 
vt 0.9855813980102539 0.12709374725818634 
vt 0.0770130380988121 0.39795517921447754 
vt 0.07993721961975098 0.39795517921447754 
vt 0.0770130380988121 0.395152747631073 
vt 0.07993721961975098 0.395152747631073 
vt 0.0770130380988121 0.39235031604766846 
vt 0.07993721961975098 0.39235031604766846 
vt 0.0770130380988121 0.3868672847747803 
vt 0.07993721961975098 0.3868672847747803 
vt 0.2533169686794281 0.31717196106910706 
vt 0.25039276480674744 0.31717196106910706 
vt 0.2533169686794281 0.32947829365730286 
vt 0.25039276480674744 0.32947829365730286 
vt 0.6591693162918091 0.3412972688674927 
vt 0.6591693162918091 0.33837297558784485 
vt 0.6469852328300476 0.3412972688674927 
vt 0.6469852328300476 0.33837297558784485 
vt 0.9916734099388123 0.49007001519203186 
vt 0.9916734099388123 0.5026200413703918 
vt 0.9983747005462646 0.49007001519203186 
vt 0.9983747005462646 0.5026200413703918 
vt 0.9906986951828003 0.05752025544643402 
vt 0.9906986951828003 0.0543522872030735 
vt 0.9815606474876404 0.05752025544643402 
vt 0.9815606474876404 0.0543522872030735 
vt 0.9922826290130615 0.014874505810439587 
vt 0.9891147613525391 0.014874505810439587 
vt 0.9922826290130615 0.021575981751084328 
vt 0.9891147613525391 0.021575981751084328 
vt 0.3929467499256134 0.18631042540073395 
vt 0.3929467499256134 0.19886045157909393 
vt 0.39611461758613586 0.18631042540073395 
vt 0.39611461758613586 0.19886045157909393 
vt 0.8845751881599426 0.23175860941410065 
vt 0.8845751881599426 0.24430863559246063 
vt 0.8877430558204651 0.23175860941410065 
vt 0.8877430558204651 0.24430863559246063 
vt 0.9723007082939148 0.44510918855667114 
vt 0.9723007082939148 0.4576592445373535 
vt 0.9790019392967224 0.44510918855667114 
vt 0.9790019392967224 0.4576592445373535 
vt 0.727278470993042 0.232489675283432 
vt 0.7408028244972229 0.23370812833309174 
vt 0.7249634861946106 0.25551837682724 
vt 0.7386096715927124 0.2567368447780609 
vt 0.7528650760650635 0.23687610030174255 
vt 0.7527432441711426 0.25758975744247437 
vt 0.7654146552085876 0.2345610409975052 
vt 0.765902042388916 0.2572242021560669 
vt 0.7791827321052551 0.23395182192325592 
vt 0.7791827321052551 0.257102370262146 
vt 0.7929507493972778 0.2344391942024231 
vt 0.7925852537155151 0.2574678957462311 
vt 0.8052566647529602 0.23663240671157837 
vt 0.8065969347953796 0.2572242021560669 
vt 0.8174408078193665 0.23370812833309174 
vt 0.8197557926177979 0.25600576400756836 
vt 0.8308433294296265 0.23236782848834991 
vt 0.8330364227294922 0.25466546416282654 
vt 0.817075252532959 0.23175860941410065 
vt 0.7931944131851196 0.232489675283432 
vt 0.7789390087127686 0.0012278660433366895 
vt 0.7651709914207458 0.2326115220785141 
vt 0.7660238742828369 0.0012278660433366895 
vt 0.8285283446311951 0.0009841759456321597 
vt 0.8156131505966187 0.0011060209944844246 
vt 0.791854202747345 0.0012278660433366895 
vt 0.7410464882850647 0.23188045620918274 
vt 0.7293497323989868 0.0009841759456321597 
vt 0.7422648668289185 0.0011060209944844246 
vt 0.065803661942482 0.5819411277770996 
vt 0.05154826492071152 0.5819411277770996 
vt 0.065803661942482 0.7463100552558899 
vt 0.05154826492071152 0.7463100552558899 
vt 0.015239647589623928 0.5819411277770996 
vt 0.015239647589623928 0.7463100552558899 
vt 0.000984251033514738 0.5819411277770996 
vt 0.000984251033514738 0.7463100552558899 
vt 0.4199954569339752 0.19301189482212067 
vt 0.4324232339859009 0.18594488501548767 
vt 0.4199954569339752 0.2293217033147812 
vt 0.463736355304718 0.20397794246673584 
vt 0.463736355304718 0.21835565567016602 
vt 0.4324232339859009 0.23638871312141418 
vt 0.8614253997802734 0.6629680395126343 
vt 0.8614253997802734 0.8273369669914246 
vt 0.8976121544837952 0.6629680395126343 
vt 0.8976121544837952 0.8273369669914246 
vt 0.1183171346783638 0.5992431044578552 
vt 0.08213035762310028 0.5992431044578552 
vt 0.1183171346783638 0.7636120319366455 
vt 0.08213035762310028 0.7636120319366455 
vt 0.06775312125682831 0.5992431044578552 
vt 0.06775312125682831 0.7636120319366455 
vt 0.5839934349060059 0.18594488501548767 
vt 0.5962993502616882 0.19301189482212067 
vt 0.5525584816932678 0.20397794246673584 
vt 0.5525584816932678 0.21835565567016602 
vt 0.5839934349060059 0.23638871312141418 
vt 0.5962993502616882 0.2293217033147812 
vt 0.9702293872833252 0.35750263929367065 
vt 0.964015543460846 0.35750263929367065 
vt 0.9702293872833252 0.1803400218486786 
vt 0.964015543460846 0.1803400218486786 
vt 0.9703512191772461 0.3596958518028259 
vt 0.9703512191772461 0.5368584990501404 
vt 0.9641373753547668 0.3596958518028259 
vt 0.9641373753547668 0.5368584990501404 
vt 0.43973368406295776 0.9315144419670105 
vt 0.2625768780708313 0.9315144419670105 
vt 0.43973368406295776 0.9105570912361145 
vt 0.2625768780708313 0.9105570912361145 
vt 0.9206401109695435 0.6629680395126343 
vt 0.9206401109695435 0.8401306867599487 
vt 0.8995616436004639 0.6629680395126343 
vt 0.8995616436004639 0.8401306867599487 
vt 0.7868586778640747 0.6177635788917542 
vt 0.7868586778640747 0.5968062281608582 
vt 0.7929507493972778 0.6177635788917542 
vt 0.7929507493972778 0.5968062281608582 
vt 0.3900225758552551 0.15292489528656006 
vt 0.36906591057777405 0.15292489528656006 
vt 0.3900225758552551 0.14671079814434052 
vt 0.36906591057777405 0.14671079814434052 
vt 0.9657213091850281 0.5390517115592957 
vt 0.9719351530075073 0.5390517115592957 
vt 0.9657213091850281 0.7162142992019653 
vt 0.9719351530075073 0.7162142992019653 
vt 0.964868426322937 0.0009841759456321597 
vt 0.964868426322937 0.17814680933952332 
vt 0.958654522895813 0.0009841759456321597 
vt 0.958654522895813 0.17814680933952332 
vt 0.2625768780708313 0.8872846961021423 
vt 0.43985554575920105 0.8872846961021423 
vt 0.2625768780708313 0.9082420468330383 
vt 0.43985554575920105 0.9082420468330383 
vt 0.7980680465698242 0.9320018291473389 
vt 0.6209112405776978 0.9320018291473389 
vt 0.7980680465698242 0.9110444784164429 
vt 0.6209112405776978 0.9110444784164429 
vt 0.5989798903465271 0.5905921459197998 
vt 0.5927659869194031 0.5905921459197998 
vt 0.5989798903465271 0.5696347951889038 
vt 0.5927659869194031 0.5696347951889038 
vt 0.4019629955291748 0.3443433940410614 
vt 0.4019629955291748 0.365300714969635 
vt 0.3957490921020508 0.3443433940410614 
vt 0.3957490921020508 0.365300714969635 
vt 0.973031759262085 0.17814680933952332 
vt 0.9668178558349609 0.17814680933952332 
vt 0.973031759262085 0.0009841759456321597 
vt 0.9668178558349609 0.0009841759456321597 
vt 0.9355047345161438 0.5887644290924072 
vt 0.9355047345161438 0.41147997975349426 
vt 0.9417186379432678 0.5887644290924072 
vt 0.9417186379432678 0.41147997975349426 
vt 0.9133296608924866 0.39064449071884155 
vt 0.9133296608924866 0.2134818583726883 
vt 0.9342862963676453 0.39064449071884155 
vt 0.9342862963676453 0.2134818583726883 
vt 0.6189618110656738 0.9320018291473389 
vt 0.441804975271225 0.9320018291473389 
vt 0.6189618110656738 0.9110444784164429 
vt 0.441804975271225 0.9110444784164429 
vt 0.9911860823631287 0.4878768026828766 
vt 0.9911860823631287 0.4669194519519806 
vt 0.997278094291687 0.4878768026828766 
vt 0.997278094291687 0.4669194519519806 
vt 0.08907529711723328 0.4460839629173279 
vt 0.08907529711723328 0.4671631455421448 
vt 0.08286140114068985 0.4460839629173279 
vt 0.08286140114068985 0.4671631455421448 
vt 0.2440570443868637 0.026206091046333313 
vt 0.22980165481567383 0.2362668663263321 
vt 0.22980165481567383 0.026206091046333313 
vt 0.2170083373785019 0.026206091046333313 
vt 0.2170083373785019 0.2362668663263321 
vt 0.2051897644996643 0.2362668663263321 
vt 0.2051897644996643 0.026206091046333313 
vt 0.19568617641925812 0.026206091046333313 
vt 0.19568617641925812 0.2362668663263321 
vt 0.1914217323064804 0.026206091046333313 
vt 0.1914217323064804 0.2362668663263321 
vt 0.2440570443868637 0.2362668663263321 
vt 0.2579469084739685 0.2362668663263321 
vt 0.2579469084739685 0.026206091046333313 
vt 0.27098390460014343 0.026206091046333313 
vt 0.27098390460014343 0.2362668663263321 
vt 0.27512648701667786 0.2362668663263321 
vt 0.27512648701667786 0.026206091046333313 
vt 0.8652024865150452 0.4268324375152588 
vt 0.8652024865150452 0.6368932127952576 
vt 0.8531401753425598 0.4268324375152588 
vt 0.8531401753425598 0.6368932127952576 
vt 0.8405905961990356 0.4268324375152588 
vt 0.8405905961990356 0.6368932127952576 
vt 0.8277972936630249 0.4268324375152588 
vt 0.8277972936630249 0.6368932127952576 
vt 0.816100537776947 0.4268324375152588 
vt 0.816100537776947 0.6368932127952576 
vt 0.8053785562515259 0.4268324375152588 
vt 0.8053785562515259 0.6368932127952576 
vt 0.796484112739563 0.4268324375152588 
vt 0.796484112739563 0.6368932127952576 
vt 0.9671833515167236 0.9217668175697327 
vt 0.9701075553894043 0.9188425540924072 
vt 0.9735190868377686 0.9282246232032776 
vt 0.9768088459968567 0.9256658554077148 
vt 0.9826571941375732 0.935900866985321 
vt 0.9787582755088806 0.937484860420227 
vt 0.9815606474876404 0.9488164186477661 
vt 0.9858250617980957 0.9484509229660034 
vt 0.9844847917556763 0.962584912776947 
vt 0.9804640412330627 0.9616101384162903 
vt 0.9787582755088806 0.9752568006515503 
vt 0.9752249121665955 0.973063588142395 
vt 0.9701075553894043 0.9850044250488281 
vt 0.9671833515167236 0.981958270072937 
vt 0.31167879700660706 0.9854917526245117 
vt 0.32069504261016846 0.9774500131607056 
vt 0.3087546229362488 0.9824456572532654 
vt 0.31850188970565796 0.9739165306091309 
vt 0.33214807510375977 0.9720888137817383 
vt 0.3311733603477478 0.9681897759437561 
vt 0.3449414074420929 0.9709922075271606 
vt 0.3453069031238556 0.9668495059013367 
vt 0.35773470997810364 0.9700174331665039 
vt 0.3562726080417633 0.9739165306091309 
vt 0.3655325174331665 0.9791558384895325 
vt 0.3680911958217621 0.9758660197257996 
vt 0.374914288520813 0.9824456572532654 
vt 0.3719900846481323 0.9853699207305908 
vt 0.9469577670097351 0.7128026485443115 
vt 0.9335552453994751 0.7171890735626221 
vt 0.9465922713279724 0.7209662795066833 
vt 0.9369668364524841 0.7231594920158386 
vt 0.9297782182693481 0.7305920124053955 
vt 0.9225896000862122 0.726814866065979 
vt 0.9323368668556213 0.7584945559501648 
vt 0.9260011315345764 0.7676329016685486 
vt 0.9389162659645081 0.7584945559501648 
vt 0.92648845911026 0.800409197807312 
vt 0.9389162659645081 0.8101568222045898 
vt 0.9331897497177124 0.8104004859924316 
vt 0.9225896000862122 0.8412272930145264 
vt 0.9297782182693481 0.8374500870704651 
vt 0.9331897497177124 0.8506093621253967 
vt 0.9366012811660767 0.8446389436721802 
vt 0.9465922713279724 0.847075879573822 
vt 0.9469577670097351 0.8552394509315491 
vt 0.9601166248321533 0.9562489986419678 
vt 0.9331897497177124 0.9528372883796692 
vt 0.9638936519622803 0.9635596871376038 
vt 0.9230769276618958 0.9595388174057007 
vt 0.9328241944313049 0.9471105933189392 
vt 0.8815291523933411 0.9471105933189392 
vt 0.8906672596931458 0.9599043130874634 
vt 0.8815291523933411 0.953690230846405 
vt 0.8498504757881165 0.9635596871376038 
vt 0.8536275625228882 0.9563708305358887 
vt 0.8972466588020325 0.9240819215774536 
vt 0.8455860614776611 0.9240819215774536 
vt 0.8552114963531494 0.9365100860595703 
vt 0.8452205657958984 0.9298086166381836 
vt 0.8145166039466858 0.9404091238975525 
vt 0.8181718587875366 0.9332202672958374 
vt 0.8051348328590393 0.9298086166381836 
vt 0.8111050724983215 0.9263969659805298 
vt 0.8085464239120483 0.9164056777954102 
vt 0.8005048632621765 0.9160401225090027 
vt 0.8881085515022278 0.9369974732398987 
vt 0.8971248269081116 0.9306614995002747 
vt 0.9289253354072571 0.9404091238975525 
vt 0.9251482486724854 0.9332202672958374 
vt 0.9384288787841797 0.9294430613517761 
vt 0.9325805306434631 0.9260314106941223 
vt 0.9347736835479736 0.9164056777954102 
vt 0.9428151845932007 0.9160401225090027 
vt 0.9539027214050293 0.8303830623626709 
vt 0.9465922713279724 0.8267277479171753 
vt 0.9573142528533936 0.8573108315467834 
vt 0.9506130218505859 0.867423951625824 
vt 0.9630407691001892 0.8576763868331909 
vt 0.9630407691001892 0.9090949892997742 
vt 0.9501256346702576 0.8998347520828247 
vt 0.9564613699913025 0.9089730978012085 
vt 0.9465922713279724 0.9406527876853943 
vt 0.9537808895111084 0.9368756413459778 
vt 0.9891147613525391 0.2784252464771271 
vt 0.9891147613525391 0.23748531937599182 
vt 0.9937447309494019 0.2784252464771271 
vt 0.9937447309494019 0.23748531937599182 
vt 0.9891147613525391 0.20507454872131348 
vt 0.9937447309494019 0.20507454872131348 
vt 0.9937447309494019 0.16401278972625732 
vt 0.9891147613525391 0.16401278972625732 
vt 0.9891147613525391 0.15000061690807343 
vt 0.9937447309494019 0.15000061690807343 
vt 0.9891147613525391 0.13537921011447906 
vt 0.9937447309494019 0.13537921011447906 
vt 0.5983706712722778 0.24004407227039337 
vt 0.6028788089752197 0.24004407227039337 
vt 0.5983706712722778 0.23346443474292755 
vt 0.6028788089752197 0.23346443474292755 
vt 0.5983706712722778 0.20544008910655975 
vt 0.6028788089752197 0.20544008910655975 
vt 0.5983706712722778 0.19508326053619385 
vt 0.6028788089752197 0.19508326053619385 
vt 0.5983706712722778 0.1852138191461563 
vt 0.6028788089752197 0.1852138191461563 
vt 0.4275496006011963 0.12416946887969971 
vt 0.4275496006011963 0.11953935772180557 
vt 0.4003790616989136 0.12416946887969971 
vt 0.4003790616989136 0.11953935772180557 
vt 0.39453068375587463 0.12416946887969971 
vt 0.39453068375587463 0.11953935772180557 
vt 0.1914217323064804 0.25064459443092346 
vt 0.23236030340194702 0.25064459443092346 
vt 0.1914217323064804 0.24601447582244873 
vt 0.23236030340194702 0.24601447582244873 
vt 0.2648918628692627 0.24601447582244873 
vt 0.2648918628692627 0.25064459443092346 
vt 0.3058304190635681 0.24601447582244873 
vt 0.3058304190635681 0.25064459443092346 
vt 0.9794893264770508 0.0009841759456321597 
vt 0.9749811887741089 0.0009841759456321597 
vt 0.9794893264770508 0.015118195675313473 
vt 0.9749811887741089 0.015118195675313473 
vt 0.9794893264770508 0.02973959594964981 
vt 0.9749811887741089 0.02973959594964981 
vt 0.9794893264770508 0.07055766880512238 
vt 0.9749811887741089 0.07055766880512238 
vt 0.9794893264770508 0.10345581918954849 
vt 0.9749811887741089 0.10345581918954849 
vt 0.9749811887741089 0.14439573884010315 
vt 0.9794893264770508 0.14439573884010315 
vt 0.9794893264770508 0.15852975845336914 
vt 0.9749811887741089 0.15852975845336914 
vt 0.9794893264770508 0.1731511652469635 
vt 0.9749811887741089 0.1731511652469635 
vt 0.3771074116230011 0.976231575012207 
vt 0.3771074116230011 0.9896345138549805 
vt 0.3864891827106476 0.9668495059013367 
vt 0.3864891827106476 0.9990165829658508 
vt 0.3998916745185852 0.9990165829658508 
vt 0.4092734456062317 0.9896345138549805 
vt 0.4092734456062317 0.976231575012207 
vt 0.3998916745185852 0.9668495059013367 
vt 0.36943143606185913 0.1610885113477707 
vt 0.38283395767211914 0.16693706810474396 
vt 0.36906591057777405 0.16913028061389923 
vt 0.3789350390434265 0.17254193127155304 
vt 0.38490524888038635 0.1802181750535965 
vt 0.3924593925476074 0.17717204988002777 
vt 0.3793005645275116 0.20678037405014038 
vt 0.38502708077430725 0.21738089621067047 
vt 0.37345218658447266 0.20665854215621948 
vt 0.36918774247169495 0.25783342123031616 
vt 0.38271209597587585 0.24979166686534882 
vt 0.37564533948898315 0.25832080841064453 
vt 0.38283395767211914 0.2907315790653229 
vt 0.37601083517074585 0.28634515404701233 
vt 0.9634063243865967 0.5968062281608582 
vt 0.9500038027763367 0.6026548147201538 
vt 0.9637718200683594 0.6048479676246643 
vt 0.9539027214050293 0.6082596778869629 
vt 0.9479324817657471 0.6159358620643616 
vt 0.9403783679008484 0.6128897666931152 
vt 0.9535371661186218 0.6426199674606323 
vt 0.9478106498718262 0.6532204747200012 
vt 0.9593855738639832 0.6423762440681458 
vt 0.9636499881744385 0.6935511827468872 
vt 0.9501256346702576 0.6855093836784363 
vt 0.9571924209594727 0.6940385103225708 
vt 0.9500038027763367 0.7264493107795715 
vt 0.95682692527771 0.7221847176551819 
vt 0.9905768632888794 0.28061845898628235 
vt 0.9905768632888794 0.30864280462265015 
vt 0.9859468936920166 0.28061845898628235 
vt 0.9859468936920166 0.30864280462265015 
vt 0.9859468936920166 0.31522244215011597 
vt 0.9905768632888794 0.31522244215011597 
vt 0.24466624855995178 0.243212029337883 
vt 0.23881788551807404 0.243212029337883 
vt 0.24466624855995178 0.23858192563056946 
vt 0.23881788551807404 0.23858192563056946 
vt 0.21164734661579132 0.243212029337883 
vt 0.21164734661579132 0.23858192563056946 
vt 0.20177821815013885 0.243212029337883 
vt 0.20177821815013885 0.23858192563056946 
vt 0.1914217323064804 0.243212029337883 
vt 0.1914217323064804 0.23858192563056946 
vt 0.31886741518974304 0.17436961829662323 
vt 0.31435930728912354 0.17436961829662323 
vt 0.31886741518974304 0.20239396393299103 
vt 0.31435930728912354 0.20239396393299103 
vt 0.31886741518974304 0.20897358655929565 
vt 0.31435930728912354 0.20897358655929565 
vt 0.08213035762310028 0.43999171257019043 
vt 0.08663847297430038 0.43999171257019043 
vt 0.08213035762310028 0.43426498770713806 
vt 0.08663847297430038 0.43426498770713806 
vt 0.08213035762310028 0.4069717228412628 
vt 0.08663847297430038 0.4069717228412628 
vt 0.08213035762310028 0.3972241282463074 
vt 0.08663847297430038 0.3972241282463074 
vt 0.08213035762310028 0.3868672847747803 
vt 0.08663847297430038 0.3868672847747803 
vt 0.8637403845787048 0.21104495227336884 
vt 0.877873957157135 0.21104495227336884 
vt 0.877873957157135 0.0009841759456321597 
vt 0.8907890915870667 0.21104495227336884 
vt 0.8907890915870667 0.0009841759456321597 
vt 0.9026076793670654 0.0009841759456321597 
vt 0.9026076793670654 0.21104495227336884 
vt 0.912111222743988 0.21104495227336884 
vt 0.912111222743988 0.0009841759456321597 
vt 0.9162538647651672 0.21104495227336884 
vt 0.9162538647651672 0.0009841759456321597 
vt 0.8637403845787048 0.0009841759456321597 
vt 0.8497286438941956 0.0009841759456321597 
vt 0.8497286438941956 0.21104495227336884 
vt 0.8368135094642639 0.21104495227336884 
vt 0.8368135094642639 0.0009841759456321597 
vt 0.8325490951538086 0.0009841759456321597 
vt 0.8325490951538086 0.21104495227336884 
vt 0.5818002820014954 0.5050569176673889 
vt 0.3717464208602905 0.5050569176673889 
vt 0.5818002820014954 0.4929942786693573 
vt 0.3717464208602905 0.4929942786693573 
vt 0.5818002820014954 0.4803224205970764 
vt 0.3717464208602905 0.4803224205970764 
vt 0.5818002820014954 0.46752867102622986 
vt 0.3717464208602905 0.46752867102622986 
vt 0.5818002820014954 0.4559534192085266 
vt 0.3717464208602905 0.4559534192085266 
vt 0.5818002820014954 0.44523105025291443 
vt 0.3717464208602905 0.44523105025291443 
vt 0.5818002820014954 0.43621450662612915 
vt 0.3717464208602905 0.43621450662612915 
vt 0.9783927798271179 0.9597824811935425 
vt 0.9753467440605164 0.9628285765647888 
vt 0.972057044506073 0.9533246755599976 
vt 0.9687672853469849 0.9560052752494812 
vt 0.9629189372062683 0.9456484317779541 
vt 0.9668178558349609 0.9440644979476929 
vt 0.964015543460846 0.9328547120094299 
vt 0.9597510695457458 0.9332202672958374 
vt 0.9610913395881653 0.9190862774848938 
vt 0.9651120901107788 0.9200609922409058 
vt 0.9668178558349609 0.9062924981117249 
vt 0.9703512191772461 0.9086076021194458 
vt 0.9754685759544373 0.8966667652130127 
vt 0.9783927798271179 0.8995910286903381 
vt 0.1986103504896164 0.9839078187942505 
vt 0.2076265811920166 0.9759878516197205 
vt 0.19568617641925812 0.9809834957122803 
vt 0.2054334431886673 0.9724543690681458 
vt 0.2190796434879303 0.970626711845398 
vt 0.21810491383075714 0.9667276740074158 
vt 0.23187294602394104 0.9695301055908203 
vt 0.23223847150802612 0.9653873443603516 
vt 0.24466624855995178 0.9685553312301636 
vt 0.24320416152477264 0.9723325371742249 
vt 0.25246408581733704 0.9776936769485474 
vt 0.25502273440361023 0.9744038581848145 
vt 0.26184582710266113 0.9809834957122803 
vt 0.25879982113838196 0.9839078187942505 
vt 0.6140881776809692 0.40282899141311646 
vt 0.6140881776809692 0.38869497179985046 
vt 0.4041561186313629 0.38869497179985046 
vt 0.6140881776809692 0.375779390335083 
vt 0.6140881776809692 0.433899462223053 
vt 0.6140881776809692 0.4297567307949066 
vt 0.4041561186313629 0.433899462223053 
vt 0.4041561186313629 0.4297567307949066 
vt 0.4041561186313629 0.41684114933013916 
vt 0.6140881776809692 0.41684114933013916 
vt 0.4041561186313629 0.40282899141311646 
vt 0.4041561186313629 0.375779390335083 
vt 0.4041561186313629 0.3639604449272156 
vt 0.6140881776809692 0.3639604449272156 
vt 0.4041561186313629 0.35445651412010193 
vt 0.6140881776809692 0.35445651412010193 
vt 0.6140881776809692 0.35031378269195557 
vt 0.4041561186313629 0.35031378269195557 
vt 0.09370525181293488 0.596928060054779 
vt 0.09370525181293488 0.3868672847747803 
vt 0.10576751083135605 0.596928060054779 
vt 0.10576751083135605 0.3868672847747803 
vt 0.1183171346783638 0.596928060054779 
vt 0.1183171346783638 0.3868672847747803 
vt 0.13123227655887604 0.596928060054779 
vt 0.13123227655887604 0.3868672847747803 
vt 0.14280717074871063 0.596928060054779 
vt 0.14280717074871063 0.3868672847747803 
vt 0.15352918207645416 0.596928060054779 
vt 0.15352918207645416 0.3868672847747803 
vt 0.16242358088493347 0.596928060054779 
vt 0.16242358088493347 0.3868672847747803 
vt 0.8073279857635498 0.9824456572532654 
vt 0.8044037818908691 0.9795213937759399 
vt 0.8137855529785156 0.976231575012207 
vt 0.8112269043922424 0.9728199243545532 
vt 0.82146155834198 0.9670931696891785 
vt 0.8230454921722412 0.9708703756332397 
vt 0.8342548608779907 0.9680679440498352 
vt 0.8340111970901489 0.9639251828193665 
vt 0.8481447100639343 0.9651436805725098 
vt 0.8470481634140015 0.9691645503044128 
vt 0.8608161807060242 0.9708703756332397 
vt 0.8586230278015137 0.9744038581848145 
vt 0.8704416155815125 0.9795213937759399 
vt 0.8675174713134766 0.9824456572532654 
vt 0.31667429208755493 0.9672150015830994 
vt 0.30777987837791443 0.9752568006515503 
vt 0.3197202980518341 0.9701393246650696 
vt 0.3099730312824249 0.978790283203125 
vt 0.2963268458843231 0.9804961085319519 
vt 0.2973015606403351 0.9845170378684998 
vt 0.2835335433483124 0.9815927147865295 
vt 0.2831680178642273 0.9858573079109192 
vt 0.27061837911605835 0.9826893210411072 
vt 0.2722023129463196 0.978790283203125 
vt 0.2629424035549164 0.9735509753227234 
vt 0.2603837251663208 0.9768407940864563 
vt 0.2535606324672699 0.9701393246650696 
vt 0.25648483633995056 0.9672150015830994 
vt 0.7938036322593689 0.49201953411102295 
s on 
f 1/1/1 2/2/2 3/3/3 
f 2/2/2 4/4/4 3/3/3 
f 3/3/3 4/4/4 4/4/4 
f 4/4/4 5/5/5 4/4/4 
f 4/4/4 5/5/5 5/5/5 
f 5/5/5 6/6/6 5/5/5 
f 5/5/5 6/6/6 7/7/7 
f 6/6/6 8/8/8 7/7/7 
f 7/7/7 8/8/8 8/8/8 
f 8/8/8 9/9/9 8/8/8 
f 8/8/8 9/9/9 9/9/9 
f 9/9/9 10/10/10 9/9/9 
f 9/9/9 10/10/10 11/11/11 
f 10/10/10 12/12/12 11/11/11 
f 11/11/11 12/12/12 13/13/13 
f 12/12/12 14/14/14 13/13/13 
f 13/13/13 14/14/14 14/14/14 
f 14/14/14 15/15/15 14/14/14 
f 14/14/14 15/15/15 15/15/15 
f 15/15/15 16/16/16 15/15/15 
f 15/15/15 16/16/16 17/17/17 
f 16/16/16 12/12/12 17/17/17 
f 17/17/17 12/12/12 17/17/17 
f 12/12/12 10/10/10 17/17/17 
f 17/17/17 10/10/10 18/18/18 
f 10/10/10 19/19/19 18/18/18 
f 18/18/18 19/19/19 20/20/20 
f 19/19/19 20/20/20 20/20/20 
f 20/20/20 20/20/20 21/21/21 
f 20/20/20 21/21/21 21/21/21 
f 21/21/21 21/21/21 22/22/22 
f 21/21/21 23/23/23 22/22/22 
f 22/22/22 23/23/23 24/24/24 
f 23/23/23 25/25/25 24/24/24 
f 24/24/24 25/25/25 26/26/26 
f 25/25/25 26/26/26 26/26/26 
f 26/26/26 26/26/26 27/27/27 
f 26/26/26 27/27/27 27/27/27 
f 27/27/27 27/27/27 28/28/28 
f 27/27/27 29/29/29 28/28/28 
f 28/28/28 29/29/29 24/24/24 
f 29/29/29 29/29/29 24/24/24 
f 24/24/24 29/29/29 22/22/22 
f 29/29/29 30/30/30 22/22/22 
f 22/22/22 30/30/30 31/31/31 
f 30/30/30 32/32/32 31/31/31 
f 31/31/31 32/32/32 32/32/32 
f 32/32/32 33/33/33 32/32/32 
f 32/32/32 33/33/33 33/33/33 
f 33/33/33 34/34/34 33/33/33 
f 33/33/33 34/34/34 35/35/35 
f 34/34/34 36/36/36 35/35/35 
f 35/35/35 36/36/36 36/36/36 
f 36/36/36 37/37/37 36/36/36 
f 36/36/36 37/37/37 37/37/37 
f 37/37/37 38/38/38 37/37/37 
f 37/37/37 38/38/38 39/39/39 
f 38/38/38 38/38/38 39/39/39 
f 39/39/39 38/38/38 40/40/40 
f 38/38/38 41/41/41 40/40/40 
f 40/40/40 41/41/41 42/42/42 
f 41/41/41 41/41/41 42/42/42 
f 42/42/42 41/41/41 43/43/43 
f 41/41/41 44/44/44 43/43/43 
f 43/43/43 44/44/44 44/44/44 
f 44/44/44 45/45/45 44/44/44 
f 44/44/44 45/45/45 45/45/45 
f 45/45/45 46/46/46 45/45/45 
f 45/45/45 46/46/46 47/47/47 
f 46/46/46 48/48/48 47/47/47 
f 47/47/47 48/48/48 48/48/48 
f 48/48/48 49/49/49 48/48/48 
f 48/48/48 49/49/49 49/49/49 
f 49/49/49 50/50/50 49/49/49 
f 49/49/49 50/50/50 51/51/51 
f 50/50/50 50/50/50 51/51/51 
f 51/51/51 50/50/50 52/52/52 
f 50/50/50 50/50/50 52/52/52 
f 52/52/52 50/50/50 53/53/53 
f 50/50/50 54/54/54 53/53/53 
f 53/53/53 54/54/54 55/55/55 
f 54/54/54 56/56/56 55/55/55 
f 55/55/55 56/56/56 56/56/56 
f 56/56/56 57/57/57 56/56/56 
f 56/56/56 57/57/57 57/57/57 
f 57/57/57 58/58/58 57/57/57 
f 57/57/57 58/58/58 59/59/59 
f 58/58/58 60/60/60 59/59/59 
f 59/59/59 60/60/60 60/60/60 
f 60/60/60 61/61/61 60/60/60 
f 60/60/60 61/61/61 61/61/61 
f 61/61/61 62/62/62 61/61/61 
f 61/61/61 62/62/62 63/63/63 
f 62/62/62 64/64/64 63/63/63 
f 63/63/63 64/64/64 64/64/64 
f 64/64/64 65/65/65 64/64/64 
f 64/64/64 65/65/65 65/65/65 
f 65/65/65 66/66/66 65/65/65 
f 65/65/65 66/66/66 67/67/67 
f 66/66/66 66/66/66 67/67/67 
f 67/67/67 66/66/66 68/68/68 
f 66/66/66 66/66/66 68/68/68 
f 68/68/68 66/66/66 69/69/69 
f 66/66/66 70/70/70 69/69/69 
f 69/69/69 70/70/70 70/70/70 
f 70/70/70 71/71/71 70/70/70 
f 70/70/70 71/71/71 71/71/71 
f 71/71/71 72/72/72 71/71/71 
f 71/71/71 72/72/72 73/73/73 
f 72/72/72 72/72/72 73/73/73 
f 73/73/73 72/72/72 74/74/74 
f 72/72/72 75/75/75 74/74/74 
f 74/74/74 75/75/75 76/76/76 
f 75/75/75 77/77/77 76/76/76 
f 76/76/76 77/77/77 78/78/78 
f 77/77/77 79/79/79 78/78/78 
f 78/78/78 79/79/79 79/79/79 
f 79/79/79 72/72/72 79/79/79 
f 79/79/79 72/72/72 72/72/72 
f 72/72/72 80/80/80 72/72/72 
f 72/72/72 80/80/80 75/75/75 
f 80/80/80 75/75/75 75/75/75 
f 75/75/75 75/75/75 74/74/74 
f 75/75/75 74/74/74 74/74/74 
f 74/74/74 74/74/74 81/81/81 
f 74/74/74 76/76/76 81/81/81 
f 81/81/81 76/76/76 82/82/82 
f 76/76/76 83/83/83 82/82/82 
f 82/82/82 83/83/83 83/83/83 
f 83/83/83 81/81/81 83/83/83 
f 83/83/83 81/81/81 81/81/81 
f 81/81/81 82/82/82 81/81/81 
f 81/81/81 82/82/82 84/84/84 
f 82/82/82 85/85/85 84/84/84 
f 84/84/84 85/85/85 85/85/85 
f 85/85/85 77/77/77 85/85/85 
f 85/85/85 77/77/77 77/77/77 
f 77/77/77 75/75/75 77/77/77 
f 77/77/77 75/75/75 86/86/86 
f 75/75/75 87/87/87 86/86/86 
f 86/86/86 87/87/87 88/88/88 
f 87/87/87 88/88/88 88/88/88 
f 88/88/88 88/88/88 89/89/89 
f 88/88/88 89/89/89 89/89/89 
f 89/89/89 89/89/89 90/90/90 
f 89/89/89 91/91/91 90/90/90 
f 90/90/90 91/91/91 90/90/90 
f 91/91/91 92/92/92 90/90/90 
f 90/90/90 92/92/92 93/93/93 
f 92/92/92 94/94/94 93/93/93 
f 93/93/93 94/94/94 95/95/95 
f 94/94/94 96/96/96 95/95/95 
f 95/95/95 96/96/96 96/96/96 
f 96/96/96 97/97/97 96/96/96 
f 96/96/96 97/97/97 97/97/97 
f 97/97/97 98/98/98 97/97/97 
f 97/97/97 98/98/98 99/99/99 
f 98/98/98 100/100/100 99/99/99 
f 99/99/99 100/100/100 100/100/100 
f 100/100/100 101/101/101 100/100/100 
f 100/100/100 101/101/101 101/101/101 
f 101/101/101 102/102/102 101/101/101 
f 101/101/101 102/102/102 103/103/103 
f 102/102/102 102/102/102 103/103/103 
f 103/103/103 102/102/102 104/104/104 
f 102/102/102 102/102/102 104/104/104 
f 104/104/104 102/102/102 105/105/105 
f 102/102/102 106/106/106 105/105/105 
f 105/105/105 106/106/106 106/106/106 
f 106/106/106 107/107/107 106/106/106 
f 106/106/106 107/107/107 107/107/107 
f 107/107/107 108/108/108 107/107/107 
f 107/107/107 108/108/108 109/109/109 
f 108/108/108 108/108/108 109/109/109 
f 109/109/109 108/108/108 110/110/110 
f 108/108/108 108/108/108 110/110/110 
f 110/110/110 108/108/108 111/111/111 
f 108/108/108 112/112/112 111/111/111 
f 111/111/111 112/112/112 112/112/112 
f 112/112/112 113/113/113 112/112/112 
f 112/112/112 113/113/113 113/113/113 
f 113/113/113 114/114/114 113/113/113 
f 113/113/113 114/114/114 115/115/115 
f 114/114/114 116/116/116 115/115/115 
f 115/115/115 116/116/116 116/116/116 
f 116/116/116 117/117/117 116/116/116 
f 116/116/116 117/117/117 117/117/117 
f 117/117/117 118/118/118 117/117/117 
f 117/117/117 118/118/118 119/119/119 
f 118/118/118 120/120/120 119/119/119 
f 119/119/119 120/120/120 120/120/120 
f 120/120/120 121/121/121 120/120/120 
f 120/120/120 121/121/121 121/121/121 
f 121/121/121 122/122/122 121/121/121 
f 121/121/121 122/122/122 123/123/123 
f 122/122/122 122/122/122 123/123/123 
f 123/123/123 122/122/122 124/124/124 
f 122/122/122 122/122/122 124/124/124 
f 124/124/124 122/122/122 125/125/125 
f 122/122/122 126/126/126 125/125/125 
f 125/125/125 126/126/126 127/127/127 
f 126/126/126 127/127/127 127/127/127 
f 127/127/127 127/127/127 128/128/128 
f 127/127/127 128/128/128 128/128/128 
f 128/128/128 128/128/128 123/123/123 
f 128/128/128 129/129/129 123/123/123 
f 123/123/123 129/129/129 130/130/130 
f 129/129/129 130/130/130 130/130/130 
f 130/130/130 130/130/130 131/131/131 
f 130/130/130 131/131/131 131/131/131 
f 131/131/131 131/131/131 132/132/132 
f 131/131/131 133/133/133 132/132/132 
f 132/132/132 133/133/133 134/134/134 
f 133/133/133 133/133/133 134/134/134 
f 134/134/134 133/133/133 135/135/135 
f 133/133/133 136/136/136 135/135/135 
f 135/135/135 136/136/136 137/137/137 
f 136/136/136 138/138/138 137/137/137 
f 137/137/137 138/138/138 139/139/139 
f 138/138/138 140/140/140 139/139/139 
f 139/139/139 140/140/140 140/140/140 
f 140/140/140 141/141/141 140/140/140 
f 140/140/140 141/141/141 141/141/141 
f 141/141/141 142/142/142 141/141/141 
f 141/141/141 142/142/142 143/143/143 
f 142/142/142 142/142/142 143/143/143 
f 143/143/143 142/142/142 144/144/144 
f 142/142/142 142/142/142 144/144/144 
f 144/144/144 142/142/142 145/145/145 
f 142/142/142 146/146/146 145/145/145 
f 145/145/145 146/146/146 146/146/146 
f 146/146/146 147/147/147 146/146/146 
f 146/146/146 147/147/147 147/147/147 
f 147/147/147 148/148/148 147/147/147 
f 147/147/147 148/148/148 149/149/149 
f 148/148/148 148/148/148 149/149/149 
f 149/149/149 148/148/148 150/150/150 
f 148/148/148 151/151/151 150/150/150 
f 150/150/150 151/151/151 152/152/152 
f 151/151/151 151/151/151 152/152/152 
f 152/152/152 151/151/151 153/153/153 
f 151/151/151 154/154/154 153/153/153 
f 153/153/153 154/154/154 154/154/154 
f 154/154/154 155/155/155 154/154/154 
f 154/154/154 155/155/155 155/155/155 
f 155/155/155 156/156/156 155/155/155 
f 155/155/155 156/156/156 157/157/157 
f 156/156/156 158/158/158 157/157/157 
f 157/157/157 158/158/158 159/159/159 
f 158/158/158 160/160/160 159/159/159 
f 159/159/159 160/160/160 161/161/161 
f 160/160/160 162/162/162 161/161/161 
f 161/161/161 162/162/162 163/163/163 
f 162/162/162 164/164/164 163/163/163 
f 163/163/163 164/164/164 165/165/165 
f 164/164/164 166/166/166 165/165/165 
f 165/165/165 166/166/166 167/167/167 
f 166/166/166 168/168/168 167/167/167 
f 167/167/167 168/168/168 168/168/168 
f 168/168/168 169/169/169 168/168/168 
f 168/168/168 169/169/169 169/169/169 
f 169/169/169 170/170/170 169/169/169 
f 169/169/169 170/170/170 171/171/171 
f 170/170/170 172/172/172 171/171/171 
f 171/171/171 172/172/172 173/173/173 
f 172/172/172 174/174/174 173/173/173 
f 173/173/173 174/174/174 175/175/175 
f 174/174/174 176/176/176 175/175/175 
f 175/175/175 176/176/176 177/177/177 
f 176/176/176 178/178/178 177/177/177 
f 177/177/177 178/178/178 179/179/179 
f 178/178/178 180/180/180 179/179/179 
f 179/179/179 180/180/180 181/181/181 
f 180/180/180 182/182/182 181/181/181 
f 181/181/181 182/182/182 183/183/183 
f 182/182/182 184/184/184 183/183/183 
f 183/183/183 184/184/184 185/185/185 
f 184/184/184 186/186/186 185/185/185 
f 185/185/185 186/186/186 186/186/186 
f 186/186/186 187/187/187 186/186/186 
f 186/186/186 187/187/187 187/187/187 
f 187/187/187 188/188/188 187/187/187 
f 187/187/187 188/188/188 189/189/189 
f 188/188/188 190/190/190 189/189/189 
f 189/189/189 190/190/190 191/191/191 
f 190/190/190 192/192/192 191/191/191 
f 191/191/191 192/192/192 193/193/193 
f 192/192/192 194/194/194 193/193/193 
f 193/193/193 194/194/194 195/195/195 
f 194/194/194 196/196/196 195/195/195 
f 195/195/195 196/196/196 197/197/197 
f 196/196/196 198/198/198 197/197/197 
f 197/197/197 198/198/198 198/198/198 
f 198/198/198 199/199/199 198/198/198 
f 198/198/198 199/199/199 199/199/199 
f 199/199/199 200/200/200 199/199/199 
f 199/199/199 200/200/200 201/201/201 
f 200/200/200 202/202/202 201/201/201 
f 201/201/201 202/202/202 202/202/202 
f 202/202/202 203/203/203 202/202/202 
f 202/202/202 203/203/203 203/203/203 
f 203/203/203 204/204/204 203/203/203 
f 203/203/203 204/204/204 205/205/205 
f 204/204/204 206/206/206 205/205/205 
f 205/205/205 206/206/206 206/206/206 
f 206/206/206 207/207/207 206/206/206 
f 206/206/206 207/207/207 207/207/207 
f 207/207/207 208/208/208 207/207/207 
f 207/207/207 208/208/208 209/209/209 
f 208/208/208 210/210/210 209/209/209 
f 209/209/209 210/210/210 209/209/209 
f 210/210/210 211/211/211 209/209/209 
f 209/209/209 211/211/211 212/212/212 
f 211/211/211 212/212/212 212/212/212 
f 212/212/212 212/212/212 213/213/213 
f 212/212/212 213/213/213 213/213/213 
f 213/213/213 213/213/213 214/214/214 
f 213/213/213 215/215/215 214/214/214 
f 214/214/214 215/215/215 214/214/214 
f 215/215/215 216/216/216 214/214/214 
f 214/214/214 216/216/216 214/214/214 
f 216/216/216 217/217/217 214/214/214 
f 214/214/214 217/217/217 218/218/218 
f 217/217/217 218/218/218 218/218/218 
f 218/218/218 218/218/218 219/219/219 
f 218/218/218 219/219/219 219/219/219 
f 219/219/219 219/219/219 220/220/220 
f 219/219/219 221/221/221 220/220/220 
f 220/220/220 221/221/221 222/222/222 
f 221/221/221 222/222/222 222/222/222 
f 222/222/222 222/222/222 223/223/223 
f 222/222/222 223/223/223 223/223/223 
f 223/223/223 223/223/223 224/224/224 
f 223/223/223 225/225/225 224/224/224 
f 224/224/224 225/225/225 226/226/226 
f 225/225/225 226/226/226 226/226/226 
f 226/226/226 226/226/226 227/227/227 
f 226/226/226 227/227/227 227/227/227 
f 227/227/227 227/227/227 228/228/228 
f 227/227/227 229/229/229 228/228/228 
f 228/228/228 229/229/229 230/230/230 
f 229/229/229 230/230/230 230/230/230 
f 230/230/230 230/230/230 231/231/231 
f 230/230/230 231/231/231 231/231/231 
f 231/231/231 231/231/231 232/232/232 
f 231/231/231 233/233/233 232/232/232 
f 232/232/232 233/233/233 234/234/234 
f 233/233/233 234/234/234 234/234/234 
f 234/234/234 234/234/234 235/235/235 
f 234/234/234 235/235/235 235/235/235 
f 235/235/235 235/235/235 236/236/236 
f 235/235/235 237/237/237 236/236/236 
f 236/236/236 237/237/237 236/236/236 
f 237/237/237 238/238/238 236/236/236 
f 236/236/236 238/238/238 239/239/239 
f 238/238/238 238/238/238 239/239/239 
f 239/239/239 238/238/238 240/240/240 
f 238/238/238 241/241/241 240/240/240 
f 240/240/240 241/241/241 242/242/242 
f 241/241/241 243/243/243 242/242/242 
f 242/242/242 243/243/243 243/243/243 
f 243/243/243 244/244/244 243/243/243 
f 243/243/243 244/244/244 244/244/244 
f 244/244/244 245/245/245 244/244/244 
f 244/244/244 245/245/245 246/246/246 
f 245/245/245 247/247/247 246/246/246 
f 246/246/246 247/247/247 247/247/247 
f 247/247/247 248/248/248 247/247/247 
f 247/247/247 248/248/248 248/248/248 
f 248/248/248 249/249/249 248/248/248 
f 248/248/248 249/249/249 250/250/250 
f 249/249/249 251/251/251 250/250/250 
f 250/250/250 251/251/251 251/251/251 
f 251/251/251 252/252/252 251/251/251 
f 251/251/251 252/252/252 252/252/252 
f 252/252/252 253/253/253 252/252/252 
f 252/252/252 253/253/253 254/254/254 
f 253/253/253 255/255/255 254/254/254 
f 254/254/254 255/255/255 255/255/255 
f 255/255/255 256/256/256 255/255/255 
f 255/255/255 256/256/256 256/256/256 
f 256/256/256 257/257/257 256/256/256 
f 256/256/256 257/257/257 258/258/258 
f 257/257/257 259/259/259 258/258/258 
f 258/258/258 259/259/259 259/259/259 
f 259/259/259 260/260/260 259/259/259 
f 259/259/259 260/260/260 260/260/260 
f 260/260/260 261/261/261 260/260/260 
f 260/260/260 261/261/261 262/262/262 
f 261/261/261 263/263/263 262/262/262 
f 262/262/262 263/263/263 263/263/263 
f 263/263/263 264/264/264 263/263/263 
f 263/263/263 264/264/264 264/264/264 
f 264/264/264 265/265/265 264/264/264 
f 264/264/264 265/265/265 266/266/266 
f 265/265/265 267/267/267 266/266/266 
f 266/266/266 267/267/267 267/267/267 
f 267/267/267 268/268/268 267/267/267 
f 267/267/267 268/268/268 268/268/268 
f 268/268/268 269/269/269 268/268/268 
f 268/268/268 269/269/269 270/270/270 
f 269/269/269 271/271/271 270/270/270 
f 270/270/270 271/271/271 270/270/270 
f 271/271/271 272/272/272 270/270/270 
f 270/270/270 272/272/272 273/273/273 
f 272/272/272 274/274/274 273/273/273 
f 273/273/273 274/274/274 275/275/275 
f 274/274/274 274/274/274 275/275/275 
f 275/275/275 274/274/274 276/276/276 
f 274/274/274 274/274/274 276/276/276 
f 276/276/276 274/274/274 277/277/277 
f 274/274/274 274/274/274 277/277/277 
f 277/277/277 274/274/274 278/278/278 
f 274/274/274 274/274/274 278/278/278 
f 278/278/278 274/274/274 279/279/279 
f 274/274/274 274/274/274 279/279/279 
f 279/279/279 274/274/274 280/280/280 
f 274/274/274 272/272/272 280/280/280 
f 280/280/280 272/272/272 272/272/272 
f 272/272/272 268/268/268 272/272/272 
f 272/272/272 268/268/268 268/268/268 
f 268/268/268 270/270/270 268/268/268 
f 268/268/268 270/270/270 281/281/281 
f 270/270/270 270/270/270 281/281/281 
f 281/281/281 270/270/270 282/282/282 
f 270/270/270 270/270/270 282/282/282 
f 282/282/282 270/270/270 275/275/275 
f 270/270/270 273/273/273 275/275/275 
f 275/275/275 273/273/273 273/273/273 
f 273/273/273 283/283/283 273/273/273 
f 273/273/273 283/283/283 283/283/283 
f 283/283/283 284/284/284 283/283/283 
f 283/283/283 284/284/284 285/285/285 
f 284/284/284 286/286/286 285/285/285 
f 285/285/285 286/286/286 286/286/286 
f 286/286/286 287/287/287 286/286/286 
f 286/286/286 287/287/287 287/287/287 
f 287/287/287 288/288/288 287/287/287 
f 287/287/287 288/288/288 289/289/289 
f 288/288/288 290/290/290 289/289/289 
f 289/289/289 290/290/290 290/290/290 
f 290/290/290 291/291/291 290/290/290 
f 290/290/290 291/291/291 291/291/291 
f 291/291/291 292/292/292 291/291/291 
f 291/291/291 292/292/292 293/293/293 
f 292/292/292 294/294/294 293/293/293 
f 293/293/293 294/294/294 294/294/294 
f 294/294/294 291/291/291 294/294/294 
f 294/294/294 291/291/291 291/291/291 
f 291/291/291 295/295/295 291/291/291 
f 291/291/291 295/295/295 292/292/292 
f 295/295/295 295/295/295 292/292/292 
f 292/292/292 295/295/295 296/296/296 
f 295/295/295 297/297/297 296/296/296 
f 296/296/296 297/297/297 298/298/298 
f 297/297/297 299/299/299 298/298/298 
f 298/298/298 299/299/299 300/300/300 
f 299/299/299 301/301/301 300/300/300 
f 300/300/300 301/301/301 302/302/302 
f 301/301/301 303/303/303 302/302/302 
f 302/302/302 303/303/303 304/304/304 
f 303/303/303 303/303/303 304/304/304 
f 304/304/304 303/303/303 305/305/305 
f 303/303/303 306/306/306 305/305/305 
f 305/305/305 306/306/306 306/306/306 
f 306/306/306 293/293/293 306/306/306 
f 306/306/306 293/293/293 293/293/293 
f 293/293/293 294/294/294 293/293/293 
f 293/293/293 294/294/294 307/307/307 
f 294/294/294 308/308/308 307/307/307 
f 307/307/307 308/308/308 307/307/307 
f 308/308/308 309/309/309 307/307/307 
f 307/307/307 309/309/309 310/310/310 
f 309/309/309 310/310/310 310/310/310 
f 310/310/310 310/310/310 311/311/311 
f 310/310/310 311/311/311 311/311/311 
f 311/311/311 311/311/311 312/312/312 
f 311/311/311 313/313/313 312/312/312 
f 312/312/312 313/313/313 314/314/314 
f 313/313/313 314/314/314 314/314/314 
f 314/314/314 314/314/314 315/315/315 
f 314/314/314 315/315/315 315/315/315 
f 315/315/315 315/315/315 316/316/316 
f 315/315/315 317/317/317 316/316/316 
f 316/316/316 317/317/317 318/318/318 
f 317/317/317 317/317/317 318/318/318 
f 318/318/318 317/317/317 319/319/319 
f 317/317/317 320/320/320 319/319/319 
f 319/319/319 320/320/320 320/320/320 
f 320/320/320 321/321/321 320/320/320 
f 320/320/320 321/321/321 321/321/321 
f 321/321/321 322/322/322 321/321/321 
f 321/321/321 322/322/322 323/323/323 
f 322/322/322 322/322/322 323/323/323 
f 323/323/323 322/322/322 324/324/324 
f 322/322/322 322/322/322 324/324/324 
f 324/324/324 322/322/322 325/325/325 
f 322/322/322 326/326/326 325/325/325 
f 325/325/325 326/326/326 326/326/326 
f 326/326/326 327/327/327 326/326/326 
f 326/326/326 327/327/327 327/327/327 
f 327/327/327 328/328/328 327/327/327 
f 327/327/327 328/328/328 329/329/329 
f 328/328/328 330/330/330 329/329/329 
f 329/329/329 330/330/330 330/330/330 
f 330/330/330 331/331/331 330/330/330 
f 330/330/330 331/331/331 331/331/331 
f 331/331/331 332/332/332 331/331/331 
f 331/331/331 332/332/332 333/333/333 
f 332/332/332 334/334/334 333/333/333 
f 333/333/333 334/334/334 334/334/334 
f 334/334/334 335/335/335 334/334/334 
f 334/334/334 335/335/335 335/335/335 
f 335/335/335 336/336/336 335/335/335 
f 335/335/335 336/336/336 337/337/337 
f 336/336/336 338/338/338 337/337/337 
f 337/337/337 338/338/338 339/339/339 
f 338/338/338 340/340/340 339/339/339 
f 339/339/339 340/340/340 339/339/339 
f 340/340/340 341/341/341 339/339/339 
f 339/339/339 341/341/341 342/342/342 
f 341/341/341 342/342/342 342/342/342 
f 342/342/342 342/342/342 343/343/343 
f 342/342/342 343/343/343 343/343/343 
f 343/343/343 343/343/343 344/344/344 
f 343/343/343 345/345/345 344/344/344 
f 344/344/344 345/345/345 346/346/346 
f 345/345/345 345/345/345 346/346/346 
f 346/346/346 345/345/345 347/347/347 
f 345/345/345 348/348/348 347/347/347 
f 347/347/347 348/348/348 347/347/347 
f 348/348/348 349/349/349 347/347/347 
f 347/347/347 349/349/349 350/350/350 
f 349/349/349 349/349/349 350/350/350 
f 350/350/350 349/349/349 351/351/351 
f 349/349/349 352/352/352 351/351/351 
f 351/351/351 352/352/352 353/353/353 
f 352/352/352 354/354/354 353/353/353 
f 353/353/353 354/354/354 353/353/353 
f 354/354/354 355/355/355 353/353/353 
f 353/353/353 355/355/355 356/356/356 
f 355/355/355 355/355/355 356/356/356 
f 356/356/356 355/355/355 357/357/357 
f 355/355/355 358/358/358 357/357/357 
f 357/357/357 358/358/358 358/358/358 
f 358/358/358 359/359/359 358/358/358 
f 358/358/358 359/359/359 359/359/359 
f 359/359/359 360/360/360 359/359/359 
f 359/359/359 360/360/360 361/361/361 
f 360/360/360 362/362/362 361/361/361 
f 361/361/361 362/362/362 362/362/362 
f 362/362/362 363/363/363 362/362/362 
f 362/362/362 363/363/363 363/363/363 
f 363/363/363 364/364/364 363/363/363 
f 363/363/363 364/364/364 365/365/365 
f 364/364/364 366/366/366 365/365/365 
f 365/365/365 366/366/366 366/366/366 
f 366/366/366 367/367/367 366/366/366 
f 366/366/366 367/367/367 367/367/367 
f 367/367/367 368/368/368 367/367/367 
f 367/367/367 368/368/368 369/369/369 
f 368/368/368 370/370/370 369/369/369 
f 369/369/369 370/370/370 370/370/370 
f 370/370/370 371/371/371 370/370/370 
f 370/370/370 371/371/371 371/371/371 
f 371/371/371 372/372/372 371/371/371 
f 371/371/371 372/372/372 373/373/373 
f 372/372/372 374/374/374 373/373/373 
f 373/373/373 374/374/374 374/374/374 
f 374/374/374 375/375/375 374/374/374 
f 374/374/374 375/375/375 375/375/375 
f 375/375/375 376/376/376 375/375/375 
f 375/375/375 376/376/376 377/377/377 
f 376/376/376 378/378/378 377/377/377 
f 377/377/377 378/378/378 378/378/378 
f 378/378/378 379/379/379 378/378/378 
f 378/378/378 379/379/379 379/379/379 
f 379/379/379 380/380/380 379/379/379 
f 379/379/379 380/380/380 381/381/381 
f 380/380/380 382/382/382 381/381/381 
f 381/381/381 382/382/382 382/382/382 
f 382/382/382 383/383/383 382/382/382 
f 382/382/382 383/383/383 383/383/383 
f 383/383/383 384/384/384 383/383/383 
f 383/383/383 384/384/384 385/385/385 
f 384/384/384 386/386/386 385/385/385 
f 385/385/385 386/386/386 386/386/386 
f 386/386/386 387/387/387 386/386/386 
f 386/386/386 387/387/387 387/387/387 
f 387/387/387 388/388/388 387/387/387 
f 387/387/387 388/388/388 389/389/389 
f 388/388/388 390/390/390 389/389/389 
f 389/389/389 390/390/390 390/390/390 
f 390/390/390 391/391/391 390/390/390 
f 390/390/390 391/391/391 391/391/391 
f 391/391/391 392/392/392 391/391/391 
f 391/391/391 392/392/392 393/393/393 
f 392/392/392 394/394/394 393/393/393 
f 393/393/393 394/394/394 394/394/394 
f 394/394/394 395/395/395 394/394/394 
f 394/394/394 395/395/395 395/395/395 
f 395/395/395 396/396/396 395/395/395 
f 395/395/395 396/396/396 397/397/397 
f 396/396/396 398/398/398 397/397/397 
f 397/397/397 398/398/398 398/398/398 
f 398/398/398 399/399/399 398/398/398 
f 398/398/398 399/399/399 399/399/399 
f 399/399/399 400/400/400 399/399/399 
f 399/399/399 400/400/400 401/401/401 
f 400/400/400 402/402/402 401/401/401 
f 401/401/401 402/402/402 402/402/402 
f 402/402/402 403/403/403 402/402/402 
f 402/402/402 403/403/403 403/403/403 
f 403/403/403 404/404/404 403/403/403 
f 403/403/403 404/404/404 405/405/405 
f 404/404/404 406/406/406 405/405/405 
f 405/405/405 406/406/406 406/406/406 
f 406/406/406 407/407/407 406/406/406 
f 406/406/406 407/407/407 407/407/407 
f 407/407/407 408/408/408 407/407/407 
f 407/407/407 408/408/408 409/409/409 
f 408/408/408 410/410/410 409/409/409 
f 409/409/409 410/410/410 410/410/410 
f 410/410/410 411/411/411 410/410/410 
f 410/410/410 411/411/411 411/411/411 
f 411/411/411 412/412/412 411/411/411 
f 411/411/411 412/412/412 413/413/413 
f 412/412/412 414/414/414 413/413/413 
f 413/413/413 414/414/414 414/414/414 
f 414/414/414 415/415/415 414/414/414 
f 414/414/414 415/415/415 415/415/415 
f 415/415/415 416/416/416 415/415/415 
f 415/415/415 416/416/416 417/417/417 
f 416/416/416 418/418/418 417/417/417 
f 417/417/417 418/418/418 418/418/418 
f 418/418/418 419/419/419 418/418/418 
f 418/418/418 419/419/419 419/419/419 
f 419/419/419 420/420/420 419/419/419 
f 419/419/419 420/420/420 421/421/421 
f 420/420/420 422/422/422 421/421/421 
f 421/421/421 422/422/422 422/422/422 
f 422/422/422 423/423/423 422/422/422 
f 422/422/422 423/423/423 423/423/423 
f 423/423/423 424/424/424 423/423/423 
f 423/423/423 424/424/424 425/425/425 
f 424/424/424 424/424/424 425/425/425 
f 425/425/425 424/424/424 426/426/426 
f 424/424/424 424/424/424 426/426/426 
f 426/426/426 424/424/424 427/427/427 
f 424/424/424 428/428/428 427/427/427 
f 427/427/427 428/428/428 427/427/427 
f 428/428/428 429/429/429 427/427/427 
f 427/427/427 429/429/429 430/430/430 
f 429/429/429 431/431/431 430/430/430 
f 430/430/430 431/431/431 432/432/432 
f 431/431/431 431/431/431 432/432/432 
f 432/432/432 431/431/431 433/433/433 
f 431/431/431 434/434/434 433/433/433 
f 433/433/433 434/434/434 433/433/433 
f 434/434/434 435/435/435 433/433/433 
f 433/433/433 435/435/435 436/436/436 
f 435/435/435 435/435/435 436/436/436 
f 436/436/436 435/435/435 437/437/437 
f 435/435/435 438/438/438 437/437/437 
f 437/437/437 438/438/438 438/438/438 
f 438/438/438 439/439/439 438/438/438 
f 438/438/438 439/439/439 439/439/439 
f 439/439/439 440/440/440 439/439/439 
f 439/439/439 440/440/440 441/441/441 
f 440/440/440 440/440/440 441/441/441 
f 441/441/441 440/440/440 442/442/442 
f 440/440/440 443/443/443 442/442/442 
f 442/442/442 443/443/443 444/444/444 
f 443/443/443 445/445/445 444/444/444 
f 444/444/444 445/445/445 446/446/446 
f 445/445/445 447/447/447 446/446/446 
f 446/446/446 447/447/447 448/448/448 
f 447/447/447 449/449/449 448/448/448 
f 448/448/448 449/449/449 450/450/450 
f 449/449/449 450/450/450 450/450/450 
f 450/450/450 450/450/450 451/451/451 
f 450/450/450 451/451/451 451/451/451 
f 451/451/451 451/451/451 452/452/452 
f 451/451/451 453/453/453 452/452/452 
f 452/452/452 453/453/453 454/454/454 
f 453/453/453 455/455/455 454/454/454 
f 454/454/454 455/455/455 456/456/456 
f 455/455/455 457/457/457 456/456/456 
f 456/456/456 457/457/457 458/458/458 
f 457/457/457 459/459/459 458/458/458 
f 458/458/458 459/459/459 460/460/460 
f 459/459/459 461/461/461 460/460/460 
f 460/460/460 461/461/461 462/462/462 
f 461/461/461 462/462/462 462/462/462 
f 462/462/462 462/462/462 463/463/463 
f 462/462/462 463/463/463 463/463/463 
f 463/463/463 463/463/463 464/464/464 
f 463/463/463 465/465/465 464/464/464 
f 464/464/464 465/465/465 466/466/466 
f 465/465/465 466/466/466 466/466/466 
f 466/466/466 466/466/466 467/467/467 
f 466/466/466 467/467/467 467/467/467 
f 467/467/467 467/467/467 468/468/468 
f 467/467/467 469/469/469 468/468/468 
f 468/468/468 469/469/469 470/470/470 
f 469/469/469 470/470/470 470/470/470 
f 470/470/470 470/470/470 471/471/471 
f 470/470/470 471/471/471 471/471/471 
f 471/471/471 471/471/471 472/472/472 
f 471/471/471 473/473/473 472/472/472 
f 472/472/472 473/473/473 472/472/472 
f 473/473/473 474/474/474 472/472/472 
f 472/472/472 474/474/474 475/475/475 
f 474/474/474 476/476/476 475/475/475 
f 475/475/475 476/476/476 477/477/477 
f 476/476/476 478/478/478 477/477/477 
f 477/477/477 478/478/478 479/479/479 
f 478/478/478 480/480/480 479/479/479 
f 479/479/479 480/480/480 481/481/481 
f 480/480/480 482/482/482 481/481/481 
f 481/481/481 482/482/482 482/482/482 
f 482/482/482 483/483/483 482/482/482 
f 482/482/482 483/483/483 483/483/483 
f 483/483/483 484/484/484 483/483/483 
f 483/483/483 484/484/484 485/485/485 
f 484/484/484 486/486/486 485/485/485 
f 485/485/485 486/486/486 486/486/486 
f 486/486/486 487/487/487 486/486/486 
f 486/486/486 487/487/487 487/487/487 
f 487/487/487 488/488/488 487/487/487 
f 487/487/487 488/488/488 489/489/489 
f 488/488/488 490/490/490 489/489/489 
f 489/489/489 490/490/490 489/489/489 
f 490/490/490 491/491/491 489/489/489 
f 489/489/489 491/491/491 492/492/492 
f 491/491/491 492/492/492 492/492/492 
f 492/492/492 492/492/492 493/493/493 
f 492/492/492 493/493/493 493/493/493 
f 493/493/493 493/493/493 494/494/494 
f 493/493/493 495/495/495 494/494/494 
f 494/494/494 495/495/495 496/496/496 
f 495/495/495 496/496/496 496/496/496 
f 496/496/496 496/496/496 497/497/497 
f 496/496/496 497/497/497 497/497/497 
f 497/497/497 497/497/497 498/498/498 
f 497/497/497 499/499/499 498/498/498 
f 498/498/498 499/499/499 500/500/500 
f 499/499/499 500/500/500 500/500/500 
f 500/500/500 500/500/500 501/501/501 
f 500/500/500 501/501/501 501/501/501 
f 501/501/501 501/501/501 502/502/502 
f 501/501/501 503/503/503 502/502/502 
f 502/502/502 503/503/503 504/504/504 
f 503/503/503 504/504/504 504/504/504 
f 504/504/504 504/504/504 505/505/505 
f 504/504/504 505/505/505 505/505/505 
f 505/505/505 505/505/505 506/506/506 
f 505/505/505 507/507/507 506/506/506 
f 506/506/506 507/507/507 508/508/508 
f 507/507/507 507/507/507 508/508/508 
f 508/508/508 507/507/507 509/509/509 
f 507/507/507 510/510/510 509/509/509 
f 509/509/509 510/510/510 510/510/510 
f 510/510/510 511/511/511 510/510/510 
f 510/510/510 511/511/511 511/511/511 
f 511/511/511 512/512/512 511/511/511 
f 511/511/511 512/512/512 513/513/513 
f 512/512/512 514/514/514 513/513/513 
f 513/513/513 514/514/514 514/514/514 
f 514/514/514 515/515/515 514/514/514 
f 514/514/514 515/515/515 515/515/515 
f 515/515/515 516/516/516 515/515/515 
f 515/515/515 516/516/516 517/517/517 
f 516/516/516 517/517/517 517/517/517 
f 517/517/517 517/517/517 518/518/518 
f 517/517/517 518/518/518 518/518/518 
f 518/518/518 518/518/518 519/519/519 
f 518/518/518 520/520/520 519/519/519 
f 519/519/519 520/520/520 521/521/521 
f 520/520/520 521/521/521 521/521/521 
f 521/521/521 521/521/521 522/522/522 
f 521/521/521 522/522/522 522/522/522 
f 522/522/522 522/522/522 523/523/523 
f 522/522/522 524/524/524 523/523/523 
f 523/523/523 524/524/524 525/525/525 
f 524/524/524 525/525/525 525/525/525 
f 525/525/525 525/525/525 526/526/526 
f 525/525/525 526/526/526 526/526/526 
f 526/526/526 526/526/526 527/527/527 
f 526/526/526 528/528/528 527/527/527 
f 527/527/527 528/528/528 527/527/527 
f 528/528/528 529/529/529 527/527/527 
f 527/527/527 529/529/529 527/527/527 
f 529/529/529 530/530/530 527/527/527 
f 527/527/527 530/530/530 531/531/531 
f 530/530/530 532/532/532 531/531/531 
f 531/531/531 532/532/532 532/532/532 
f 532/532/532 533/533/533 532/532/532 
f 532/532/532 533/533/533 533/533/533 
f 533/533/533 534/534/534 533/533/533 
f 533/533/533 534/534/534 535/535/535 
f 534/534/534 536/536/536 535/535/535 
f 535/535/535 536/536/536 536/536/536 
f 536/536/536 537/537/537 536/536/536 
f 536/536/536 537/537/537 537/537/537 
f 537/537/537 538/538/538 537/537/537 
f 537/537/537 538/538/538 539/539/539 
f 538/538/538 540/540/540 539/539/539 
f 539/539/539 540/540/540 540/540/540 
f 540/540/540 541/541/541 540/540/540 
f 540/540/540 541/541/541 541/541/541 
f 541/541/541 542/542/542 541/541/541 
f 541/541/541 542/542/542 543/543/543 
f 542/542/542 544/544/544 543/543/543 
f 543/543/543 544/544/544 544/544/544 
f 544/544/544 545/545/545 544/544/544 
f 544/544/544 545/545/545 545/545/545 
f 545/545/545 546/546/546 545/545/545 
f 545/545/545 546/546/546 547/547/547 
f 546/546/546 548/548/548 547/547/547 
f 547/547/547 548/548/548 548/548/548 
f 548/548/548 549/549/549 548/548/548 
f 548/548/548 549/549/549 549/549/549 
f 549/549/549 550/550/550 549/549/549 
f 549/549/549 550/550/550 551/551/551 
f 550/550/550 552/552/552 551/551/551 
f 551/551/551 552/552/552 552/552/552 
f 552/552/552 553/553/553 552/552/552 
f 552/552/552 553/553/553 553/553/553 
f 553/553/553 554/554/554 553/553/553 
f 553/553/553 554/554/554 555/555/555 
f 554/554/554 556/556/556 555/555/555 
f 555/555/555 556/556/556 557/557/557 
f 556/556/556 558/558/558 557/557/557 
f 557/557/557 558/558/558 559/559/559 
f 558/558/558 560/560/560 559/559/559 
f 559/559/559 560/560/560 561/561/561 
f 560/560/560 562/562/562 561/561/561 
f 561/561/561 562/562/562 562/562/562 
f 562/562/562 563/563/563 562/562/562 
f 562/562/562 563/563/563 563/563/563 
f 563/563/563 557/557/557 563/563/563 
f 563/563/563 557/557/557 559/559/559 
f 557/557/557 559/559/559 559/559/559 
f 559/559/559 559/559/559 564/564/564 
f 559/559/559 564/564/564 564/564/564 
f 564/564/564 564/564/564 558/558/558 
f 564/564/564 560/560/560 558/558/558 
f 558/558/558 560/560/560 560/560/560 
f 560/560/560 565/565/565 560/560/560 
f 560/560/560 565/565/565 565/565/565 
f 565/565/565 566/566/566 565/565/565 
f 565/565/565 566/566/566 567/567/567 
f 566/566/566 568/568/568 567/567/567 
f 567/567/567 568/568/568 569/569/569 
f 568/568/568 568/568/568 569/569/569 
f 569/569/569 568/568/568 570/570/570 
f 568/568/568 571/571/571 570/570/570 
f 570/570/570 571/571/571 571/571/571 
f 571/571/571 572/572/572 571/571/571 
f 571/571/571 572/572/572 572/572/572 
f 572/572/572 573/573/573 572/572/572 
f 572/572/572 573/573/573 574/574/574 
f 573/573/573 573/573/573 574/574/574 
f 574/574/574 573/573/573 575/575/575 
f 573/573/573 573/573/573 575/575/575 
f 575/575/575 573/573/573 576/576/576 
f 573/573/573 577/577/577 576/576/576 
f 576/576/576 577/577/577 578/578/578 
f 577/577/577 577/577/577 578/578/578 
f 578/578/578 577/577/577 579/579/579 
f 577/577/577 580/580/580 579/579/579 
f 579/579/579 580/580/580 581/581/581 
f 580/580/580 581/581/581 581/581/581 
f 581/581/581 581/581/581 578/578/578 
f 581/581/581 578/578/578 578/578/578 
f 578/578/578 578/578/578 576/576/576 
f 578/578/578 582/582/582 576/576/576 
f 576/576/576 582/582/582 583/583/583 
f 582/582/582 582/582/582 583/583/583 
f 583/583/583 582/582/582 584/584/584 
f 582/582/582 585/585/585 584/584/584 
f 584/584/584 585/585/585 586/586/586 
f 585/585/585 585/585/585 586/586/586 
f 586/586/586 585/585/585 587/587/587 
f 585/585/585 588/588/588 587/587/587 
f 587/587/587 588/588/588 588/588/588 
f 588/588/588 576/576/576 588/588/588 
f 588/588/588 576/576/576 576/576/576 
f 576/576/576 583/583/583 576/576/576 
f 576/576/576 583/583/583 575/575/575 
f 583/583/583 575/575/575 575/575/575 
f 575/575/575 575/575/575 589/589/589 
f 575/575/575 589/589/589 589/589/589 
f 589/589/589 589/589/589 590/590/590 
f 589/589/589 591/591/591 590/590/590 
f 590/590/590 591/591/591 592/592/592 
f 591/591/591 592/592/592 592/592/592 
f 592/592/592 592/592/592 593/593/593 
f 592/592/592 593/593/593 593/593/593 
f 593/593/593 593/593/593 594/594/594 
f 593/593/593 595/595/595 594/594/594 
f 594/594/594 595/595/595 595/595/595 
f 595/595/595 596/596/596 595/595/595 
f 595/595/595 596/596/596 596/596/596 
f 596/596/596 597/597/597 596/596/596 
f 596/596/596 597/597/597 598/598/598 
f 597/597/597 599/599/599 598/598/598 
f 598/598/598 599/599/599 599/599/599 
f 599/599/599 600/600/600 599/599/599 
f 599/599/599 600/600/600 600/600/600 
f 600/600/600 601/601/601 600/600/600 
f 600/600/600 601/601/601 602/602/602 
f 601/601/601 603/603/603 602/602/602 
f 602/602/602 603/603/603 603/603/603 
f 603/603/603 604/604/604 603/603/603 
f 603/603/603 604/604/604 604/604/604 
f 604/604/604 605/605/605 604/604/604 
f 604/604/604 605/605/605 606/606/606 
f 605/605/605 607/607/607 606/606/606 
f 606/606/606 607/607/607 607/607/607 
f 607/607/607 608/608/608 607/607/607 
f 607/607/607 608/608/608 608/608/608 
f 608/608/608 609/609/609 608/608/608 
f 608/608/608 609/609/609 610/610/610 
f 609/609/609 611/611/611 610/610/610 
f 610/610/610 611/611/611 611/611/611 
f 611/611/611 612/612/612 611/611/611 
f 611/611/611 612/612/612 612/612/612 
f 612/612/612 613/613/613 612/612/612 
f 612/612/612 613/613/613 614/614/614 
f 613/613/613 615/615/615 614/614/614 
f 614/614/614 615/615/615 615/615/615 
f 615/615/615 616/616/616 615/615/615 
f 615/615/615 616/616/616 616/616/616 
f 616/616/616 617/617/617 616/616/616 
f 616/616/616 617/617/617 618/618/618 
f 617/617/617 619/619/619 618/618/618 
f 618/618/618 619/619/619 619/619/619 
f 619/619/619 620/620/620 619/619/619 
f 619/619/619 620/620/620 620/620/620 
f 620/620/620 621/621/621 620/620/620 
f 620/620/620 621/621/621 622/622/622 
f 621/621/621 621/621/621 622/622/622 
f 622/622/622 621/621/621 623/623/623 
f 621/621/621 624/624/624 623/623/623 
f 623/623/623 624/624/624 625/625/625 
f 624/624/624 626/626/626 625/625/625 
f 625/625/625 626/626/626 627/627/627 
f 626/626/626 628/628/628 627/627/627 
f 627/627/627 628/628/628 629/629/629 
f 628/628/628 628/628/628 629/629/629 
f 629/629/629 628/628/628 630/630/630 
f 628/628/628 631/631/631 630/630/630 
f 630/630/630 631/631/631 631/631/631 
f 631/631/631 632/632/632 631/631/631 
f 631/631/631 632/632/632 632/632/632 
f 632/632/632 633/633/633 632/632/632 
f 632/632/632 633/633/633 634/634/634 
f 633/633/633 635/635/635 634/634/634 
f 634/634/634 635/635/635 635/635/635 
f 635/635/635 636/636/636 635/635/635 
f 635/635/635 636/636/636 636/636/636 
f 636/636/636 637/637/637 636/636/636 
f 636/636/636 637/637/637 638/638/638 
f 637/637/637 639/639/639 638/638/638 
f 638/638/638 639/639/639 639/639/639 
f 639/639/639 640/640/640 639/639/639 
f 639/639/639 640/640/640 640/640/640 
f 640/640/640 641/641/641 640/640/640 
f 640/640/640 641/641/641 642/642/642 
f 641/641/641 643/643/643 642/642/642 
f 642/642/642 643/643/643 643/643/643 
f 643/643/643 644/644/644 643/643/643 
f 643/643/643 644/644/644 644/644/644 
f 644/644/644 645/645/645 644/644/644 
f 644/644/644 645/645/645 646/646/646 
f 645/645/645 645/645/645 646/646/646 
f 646/646/646 645/645/645 647/647/647 
f 645/645/645 648/648/648 647/647/647 
f 647/647/647 648/648/648 649/649/649 
f 648/648/648 649/649/649 649/649/649 
f 649/649/649 649/649/649 650/650/650 
f 649/649/649 650/650/650 650/650/650 
f 650/650/650 650/650/650 651/651/651 
f 650/650/650 652/652/652 651/651/651 
f 651/651/651 652/652/652 653/653/653 
f 652/652/652 653/653/653 653/653/653 
f 653/653/653 653/653/653 654/654/654 
f 653/653/653 654/654/654 654/654/654 
f 654/654/654 654/654/654 655/655/655 
f 654/654/654 656/656/656 655/655/655 
f 655/655/655 656/656/656 657/657/657 
f 656/656/656 657/657/657 657/657/657 
f 657/657/657 657/657/657 658/658/658 
f 657/657/657 658/658/658 658/658/658 
f 658/658/658 658/658/658 659/659/659 
f 658/658/658 660/660/660 659/659/659 
f 659/659/659 660/660/660 661/661/661 
f 660/660/660 661/661/661 661/661/661 
f 661/661/661 661/661/661 662/662/662 
f 661/661/661 662/662/662 662/662/662 
f 662/662/662 662/662/662 663/663/663 
f 662/662/662 664/664/664 663/663/663 
f 663/663/663 664/664/664 665/665/665 
f 664/664/664 665/665/665 665/665/665 
f 665/665/665 665/665/665 666/666/666 
f 665/665/665 666/666/666 666/666/666 
f 666/666/666 666/666/666 667/667/667 
f 666/666/666 668/668/668 667/667/667 
f 667/667/667 668/668/668 669/669/669 
f 668/668/668 669/669/669 669/669/669 
f 669/669/669 669/669/669 670/670/670 
f 669/669/669 670/670/670 670/670/670 
f 670/670/670 670/670/670 671/671/671 
f 670/670/670 672/672/672 671/671/671 
f 671/671/671 672/672/672 673/673/673 
f 672/672/672 673/673/673 673/673/673 
f 673/673/673 673/673/673 674/674/674 
f 673/673/673 674/674/674 674/674/674 
f 674/674/674 674/674/674 675/675/675 
f 674/674/674 676/676/676 675/675/675 
f 675/675/675 676/676/676 677/677/677 
f 676/676/676 678/678/678 677/677/677 
f 677/677/677 678/678/678 679/679/679 
f 678/678/678 680/680/680 679/679/679 
f 679/679/679 680/680/680 681/681/681 
f 680/680/680 682/682/682 681/681/681 
f 681/681/681 682/682/682 683/683/683 
f 682/682/682 684/684/684 683/683/683 
f 683/683/683 684/684/684 685/685/685 
f 684/684/684 686/686/686 685/685/685 
f 685/685/685 686/686/686 687/687/687 
f 686/686/686 687/687/687 687/687/687 
f 687/687/687 687/687/687 688/688/688 
f 687/687/687 688/688/688 688/688/688 
f 688/688/688 688/688/688 689/689/689 
f 688/688/688 690/690/690 689/689/689 
f 689/689/689 690/690/690 691/691/691 
f 690/690/690 692/692/692 691/691/691 
f 691/691/691 692/692/692 693/693/693 
f 692/692/692 694/694/694 693/693/693 
f 693/693/693 694/694/694 695/695/695 
f 694/694/694 696/696/696 695/695/695 
f 695/695/695 696/696/696 697/697/697 
f 696/696/696 698/698/698 697/697/697 
f 697/697/697 698/698/698 699/699/699 
f 698/698/698 700/700/700 699/699/699 
f 699/699/699 700/700/700 701/701/701 
f 700/700/700 702/702/702 701/701/701 
f 701/701/701 702/702/702 703/703/703 
f 702/702/702 704/704/704 703/703/703 
f 703/703/703 704/704/704 705/705/705 
f 704/704/704 705/705/705 705/705/705 
f 705/705/705 705/705/705 706/706/706 
f 705/705/705 706/706/706 706/706/706 
f 706/706/706 706/706/706 707/707/707 
f 706/706/706 708/708/708 707/707/707 
f 707/707/707 708/708/708 709/709/709 
f 708/708/708 710/710/710 709/709/709 
f 709/709/709 710/710/710 710/710/710 
f 710/710/710 711/711/711 710/710/710 
f 710/710/710 711/711/711 711/711/711 
f 711/711/711 712/712/712 711/711/711 
f 711/711/711 712/712/712 709/709/709 
f 712/712/712 712/712/712 709/709/709 
f 709/709/709 712/712/712 707/707/707 
f 712/712/712 713/713/713 707/707/707 
f 707/707/707 713/713/713 713/713/713 
f 713/713/713 714/714/714 713/713/713 
f 713/713/713 714/714/714 714/714/714 
f 714/714/714 715/715/715 714/714/714 
f 714/714/714 715/715/715 716/716/716 
f 715/715/715 717/717/717 716/716/716 
f 716/716/716 717/717/717 717/717/717 
f 717/717/717 718/718/718 717/717/717 
f 717/717/717 718/718/718 718/718/718 
f 718/718/718 719/719/719 718/718/718 
f 718/718/718 719/719/719 720/720/720 
f 719/719/719 721/721/721 720/720/720 
f 720/720/720 721/721/721 721/721/721 
f 721/721/721 722/722/722 721/721/721 
f 721/721/721 722/722/722 722/722/722 
f 722/722/722 723/723/723 722/722/722 
f 722/722/722 723/723/723 724/724/724 
f 723/723/723 725/725/725 724/724/724 
f 724/724/724 725/725/725 725/725/725 
f 725/725/725 726/726/726 725/725/725 
f 725/725/725 726/726/726 726/726/726 
f 726/726/726 727/727/727 726/726/726 
f 726/726/726 727/727/727 728/728/728 
f 727/727/727 729/729/729 728/728/728 
f 728/728/728 729/729/729 729/729/729 
f 729/729/729 730/730/730 729/729/729 
f 729/729/729 730/730/730 730/730/730 
f 730/730/730 731/731/731 730/730/730 
f 730/730/730 731/731/731 732/732/732 
f 731/731/731 733/733/733 732/732/732 
f 732/732/732 733/733/733 733/733/733 
f 733/733/733 734/734/734 733/733/733 
f 733/733/733 734/734/734 734/734/734 
f 734/734/734 735/735/735 734/734/734 
f 734/734/734 735/735/735 736/736/736 
f 735/735/735 737/737/737 736/736/736 
f 736/736/736 737/737/737 738/738/738 
f 737/737/737 737/737/737 738/738/738 
f 738/738/738 737/737/737 739/739/739 
f 737/737/737 740/740/740 739/739/739 
f 739/739/739 740/740/740 740/740/740 
f 740/740/740 735/735/735 740/740/740 
f 740/740/740 735/735/735 735/735/735 
f 735/735/735 741/741/741 735/735/735 
f 735/735/735 741/741/741 737/737/737 
f 741/741/741 737/737/737 737/737/737 
f 737/737/737 737/737/737 742/742/742 
f 737/737/737 742/742/742 742/742/742 
f 742/742/742 742/742/742 743/743/743 
f 742/742/742 744/744/744 743/743/743 
f 743/743/743 744/744/744 745/745/745 
f 744/744/744 745/745/745 745/745/745 
f 745/745/745 745/745/745 746/746/746 
f 745/745/745 746/746/746 746/746/746 
f 746/746/746 746/746/746 747/747/747 
f 746/746/746 748/748/748 747/747/747 
f 747/747/747 748/748/748 749/749/749 
f 748/748/748 749/749/749 749/749/749 
f 749/749/749 749/749/749 750/750/750 
f 749/749/749 750/750/750 750/750/750 
f 750/750/750 750/750/750 751/751/751 
f 750/750/750 752/752/752 751/751/751 
f 751/751/751 752/752/752 753/753/753 
f 752/752/752 753/753/753 753/753/753 
f 753/753/753 753/753/753 754/754/754 
f 753/753/753 754/754/754 754/754/754 
f 754/754/754 754/754/754 755/755/755 
f 754/754/754 756/756/756 755/755/755 
f 755/755/755 756/756/756 757/757/757 
f 756/756/756 757/757/757 757/757/757 
f 757/757/757 757/757/757 758/758/758 
f 757/757/757 758/758/758 758/758/758 
f 758/758/758 758/758/758 759/759/759 
f 758/758/758 760/760/760 759/759/759 
f 759/759/759 760/760/760 761/761/761 
f 760/760/760 761/761/761 761/761/761 
f 761/761/761 761/761/761 762/762/762 
f 761/761/761 762/762/762 762/762/762 
f 762/762/762 762/762/762 763/763/763 
f 762/762/762 764/764/764 763/763/763 
f 763/763/763 764/764/764 765/765/765 
f 764/764/764 764/764/764 765/765/765 
f 765/765/765 764/764/764 766/766/766 
f 764/764/764 767/767/767 766/766/766 
f 766/766/766 767/767/767 766/766/766 
f 767/767/767 768/768/768 766/766/766 
f 766/766/766 768/768/768 769/769/769 
f 768/768/768 770/770/770 769/769/769 
f 769/769/769 770/770/770 771/771/771 
f 770/770/770 771/771/771 771/771/771 
f 771/771/771 771/771/771 772/772/772 
f 771/771/771 772/772/772 772/772/772 
f 772/772/772 772/772/772 773/773/773 
f 772/772/772 774/774/774 773/773/773 
f 773/773/773 774/774/774 775/775/775 
f 774/774/774 775/775/775 775/775/775 
f 775/775/775 775/775/775 776/776/776 
f 775/775/775 776/776/776 776/776/776 
f 776/776/776 776/776/776 777/777/777 
f 776/776/776 778/778/778 777/777/777 
f 777/777/777 778/778/778 779/779/779 
f 778/778/778 779/779/779 779/779/779 
f 779/779/779 779/779/779 780/780/780 
f 779/779/779 780/780/780 780/780/780 
f 780/780/780 780/780/780 781/781/781 
f 780/780/780 782/782/782 781/781/781 
f 781/781/781 782/782/782 783/783/783 
f 782/782/782 783/783/783 783/783/783 
f 783/783/783 783/783/783 784/784/784 
f 783/783/783 784/784/784 784/784/784 
f 784/784/784 784/784/784 785/785/785 
f 784/784/784 786/786/786 785/785/785 
f 785/785/785 786/786/786 787/787/787 
f 786/786/786 787/787/787 787/787/787 
f 787/787/787 787/787/787 788/788/788 
f 787/787/787 788/788/788 788/788/788 
f 788/788/788 788/788/788 789/789/789 
f 788/788/788 790/790/790 789/789/789 
f 789/789/789 790/790/790 791/791/791 
f 790/790/790 791/791/791 791/791/791 
f 791/791/791 791/791/791 792/792/792 
f 791/791/791 792/792/792 792/792/792 
f 792/792/792 792/792/792 793/793/793 
f 792/792/792 794/794/794 793/793/793 
f 793/793/793 794/794/794 795/795/795 
f 794/794/794 795/795/795 795/795/795 
f 795/795/795 795/795/795 796/796/796 
f 795/795/795 796/796/796 796/796/796 
f 796/796/796 796/796/796 797/797/797 
f 796/796/796 798/798/798 797/797/797 
f 797/797/797 798/798/798 799/799/799 
f 798/798/798 799/799/799 799/799/799 
f 799/799/799 799/799/799 800/800/800 
f 799/799/799 800/800/800 800/800/800 
f 800/800/800 800/800/800 801/801/801 
f 800/800/800 802/802/802 801/801/801 
f 801/801/801 802/802/802 803/803/803 
f 802/802/802 803/803/803 803/803/803 
f 803/803/803 803/803/803 804/804/804 
f 803/803/803 804/804/804 804/804/804 
f 804/804/804 804/804/804 805/805/805 
f 804/804/804 806/806/806 805/805/805 
f 805/805/805 806/806/806 807/807/807 
f 806/806/806 807/807/807 807/807/807 
f 807/807/807 807/807/807 808/808/808 
f 807/807/807 808/808/808 808/808/808 
f 808/808/808 808/808/808 809/809/809 
f 808/808/808 810/810/810 809/809/809 
f 809/809/809 810/810/810 811/811/811 
f 810/810/810 811/811/811 811/811/811 
f 811/811/811 811/811/811 812/812/812 
f 811/811/811 812/812/812 812/812/812 
f 812/812/812 812/812/812 813/813/813 
f 812/812/812 814/814/814 813/813/813 
f 813/813/813 814/814/814 815/815/815 
f 814/814/814 816/816/816 815/815/815 
f 815/815/815 816/816/816 816/816/816 
f 816/816/816 813/813/813 816/816/816 
f 816/816/816 813/813/813 813/813/813 
f 813/813/813 815/815/815 813/813/813 
f 813/813/813 815/815/815 817/817/817 
f 815/815/815 815/815/815 817/817/817 
f 817/817/817 815/815/815 818/818/818 
f 815/815/815 819/819/819 818/818/818 
f 818/818/818 819/819/819 819/819/819 
f 819/819/819 820/820/820 819/819/819 
f 819/819/819 820/820/820 820/820/820 
f 820/820/820 821/821/821 820/820/820 
f 820/820/820 821/821/821 822/822/822 
f 821/821/821 823/823/823 822/822/822 
f 822/822/822 823/823/823 824/824/824 
f 823/823/823 824/824/824 824/824/824 
f 824/824/824 824/824/824 821/821/821 
f 824/824/824 821/821/821 821/821/821 
f 821/821/821 821/821/821 823/823/823 
f 821/821/821 825/825/825 823/823/823 
f 823/823/823 825/825/825 823/823/823 
f 825/825/825 826/826/826 823/823/823 
f 823/823/823 826/826/826 827/827/827 
f 826/826/826 827/827/827 827/827/827 
f 827/827/827 827/827/827 828/828/828 
f 827/827/827 828/828/828 828/828/828 
f 828/828/828 828/828/828 829/829/829 
f 828/828/828 830/830/830 829/829/829 
f 829/829/829 830/830/830 829/829/829 
f 830/830/830 831/831/831 829/829/829 
f 829/829/829 831/831/831 829/829/829 
f 831/831/831 832/832/832 829/829/829 
f 829/829/829 832/832/832 833/833/833 
f 832/832/832 832/832/832 833/833/833 
f 833/833/833 832/832/832 834/834/834 
f 832/832/832 835/835/835 834/834/834 
f 834/834/834 835/835/835 835/835/835 
f 835/835/835 836/836/836 835/835/835 
f 835/835/835 836/836/836 836/836/836 
f 836/836/836 837/837/837 836/836/836 
f 836/836/836 837/837/837 838/838/838 
f 837/837/837 839/839/839 838/838/838 
f 838/838/838 839/839/839 838/838/838 
f 839/839/839 840/840/840 838/838/838 
f 838/838/838 840/840/840 841/841/841 
f 840/840/840 842/842/842 841/841/841 
f 841/841/841 842/842/842 843/843/843 
f 842/842/842 844/844/844 843/843/843 
f 843/843/843 844/844/844 845/845/845 
f 844/844/844 844/844/844 845/845/845 
f 845/845/845 844/844/844 846/846/846 
f 844/844/844 844/844/844 846/846/846 
f 846/846/846 844/844/844 847/847/847 
f 844/844/844 838/838/838 847/847/847 
f 847/847/847 838/838/838 848/848/848 
f 838/838/838 841/841/841 848/848/848 
f 848/848/848 841/841/841 849/849/849 
f 841/841/841 849/849/849 849/849/849 
f 849/849/849 849/849/849 842/842/842 
f 849/849/849 842/842/842 842/842/842 
f 842/842/842 842/842/842 844/844/844 
f 842/842/842 850/850/850 844/844/844 
f 844/844/844 850/850/850 844/844/844 
f 850/850/850 836/836/836 844/844/844 
f 844/844/844 836/836/836 838/838/838 
f 836/836/836 838/838/838 838/838/838 
f 838/838/838 838/838/838 843/843/843 
f 838/838/838 843/843/843 843/843/843 
f 843/843/843 843/843/843 851/851/851 
f 843/843/843 845/845/845 851/851/851 
f 851/851/851 845/845/845 845/845/845 
f 845/845/845 852/852/852 845/845/845 
f 845/845/845 852/852/852 852/852/852 
f 852/852/852 853/853/853 852/852/852 
f 852/852/852 853/853/853 854/854/854 
f 853/853/853 855/855/855 854/854/854 
f 854/854/854 855/855/855 855/855/855 
f 855/855/855 856/856/856 855/855/855 
f 855/855/855 856/856/856 856/856/856 
f 856/856/856 857/857/857 856/856/856 
f 856/856/856 857/857/857 858/858/858 
f 857/857/857 857/857/857 858/858/858 
f 858/858/858 857/857/857 859/859/859 
f 857/857/857 860/860/860 859/859/859 
f 859/859/859 860/860/860 861/861/861 
f 860/860/860 862/862/862 861/861/861 
f 861/861/861 862/862/862 861/861/861 
f 862/862/862 863/863/863 861/861/861 
f 861/861/861 863/863/863 856/856/856 
f 863/863/863 857/857/857 856/856/856 
f 856/856/856 857/857/857 857/857/857 
f 857/857/857 864/864/864 857/857/857 
f 857/857/857 864/864/864 864/864/864 
f 864/864/864 865/865/865 864/864/864 
f 864/864/864 865/865/865 866/866/866 
f 865/865/865 867/867/867 866/866/866 
f 866/866/866 867/867/867 867/867/867 
f 867/867/867 868/868/868 867/867/867 
f 867/867/867 868/868/868 868/868/868 
f 868/868/868 869/869/869 868/868/868 
f 868/868/868 869/869/869 870/870/870 
f 869/869/869 871/871/871 870/870/870 
f 870/870/870 871/871/871 871/871/871 
f 871/871/871 872/872/872 871/871/871 
f 871/871/871 872/872/872 872/872/872 
f 872/872/872 873/873/873 872/872/872 
f 872/872/872 873/873/873 874/874/874 
f 873/873/873 875/875/875 874/874/874 
f 874/874/874 875/875/875 875/875/875 
f 875/875/875 876/876/876 875/875/875 
f 875/875/875 876/876/876 876/876/876 
f 876/876/876 877/877/877 876/876/876 
f 876/876/876 877/877/877 878/878/878 
f 877/877/877 879/879/879 878/878/878 
f 878/878/878 879/879/879 879/879/879 
f 879/879/879 880/880/880 879/879/879 
f 879/879/879 880/880/880 880/880/880 
f 880/880/880 881/881/881 880/880/880 
f 880/880/880 881/881/881 882/882/882 
f 881/881/881 883/883/883 882/882/882 
f 882/882/882 883/883/883 884/884/884 
f 883/883/883 883/883/883 884/884/884 
f 884/884/884 883/883/883 885/885/885 
f 883/883/883 883/883/883 885/885/885 
f 885/885/885 883/883/883 886/886/886 
f 883/883/883 887/887/887 886/886/886 
f 886/886/886 887/887/887 888/888/888 
f 887/887/887 887/887/887 888/888/888 
f 888/888/888 887/887/887 889/889/889 
f 887/887/887 887/887/887 889/889/889 
f 889/889/889 887/887/887 890/890/890 
f 887/887/887 891/891/891 890/890/890 
f 890/890/890 891/891/891 884/884/884 
f 891/891/891 882/882/882 884/884/884 
f 884/884/884 882/882/882 882/882/882 
f 882/882/882 881/881/881 882/882/882 
f 882/882/882 881/881/881 881/881/881 
f 881/881/881 892/892/892 881/881/881 
f 881/881/881 892/892/892 883/883/883 
f 892/892/892 893/893/893 883/883/883 
f 883/883/883 893/893/893 887/887/887 
f 893/893/893 894/894/894 887/887/887 
f 887/887/887 894/894/894 891/891/891 
f 894/894/894 895/895/895 891/891/891 
f 891/891/891 895/895/895 895/895/895 
f 895/895/895 896/896/896 895/895/895 
f 895/895/895 896/896/896 896/896/896 
f 896/896/896 897/897/897 896/896/896 
f 896/896/896 897/897/897 898/898/898 
f 897/897/897 899/899/899 898/898/898 
f 898/898/898 899/899/899 899/899/899 
f 899/899/899 900/900/900 899/899/899 
f 899/899/899 900/900/900 900/900/900 
f 900/900/900 901/901/901 900/900/900 
f 900/900/900 901/901/901 902/902/902 
f 901/901/901 901/901/901 902/902/902 
f 902/902/902 901/901/901 903/903/903 
f 901/901/901 904/904/904 903/903/903 
f 903/903/903 904/904/904 905/905/905 
f 904/904/904 905/905/905 905/905/905 
f 905/905/905 905/905/905 906/906/906 
f 905/905/905 906/906/906 906/906/906 
f 906/906/906 906/906/906 907/907/907 
f 906/906/906 908/908/908 907/907/907 
f 907/907/907 908/908/908 909/909/909 
f 908/908/908 910/910/910 909/909/909 
f 909/909/909 910/910/910 911/911/911 
f 910/910/910 912/912/912 911/911/911 
f 911/911/911 912/912/912 912/912/912 
f 912/912/912 906/906/906 912/912/912 
f 912/912/912 906/906/906 906/906/906 
f 906/906/906 907/907/907 906/906/906 
f 906/906/906 907/907/907 913/913/913 
f 907/907/907 907/907/907 913/913/913 
f 913/913/913 907/907/907 914/914/914 
f 907/907/907 909/909/909 914/914/914 
f 914/914/914 909/909/909 915/915/915 
f 909/909/909 911/911/911 915/915/915 
f 915/915/915 911/911/911 911/911/911 
f 911/911/911 916/916/916 911/911/911 
f 911/911/911 916/916/916 916/916/916 
f 916/916/916 917/917/917 916/916/916 
f 916/916/916 917/917/917 918/918/918 
f 917/917/917 919/919/919 918/918/918 
f 918/918/918 919/919/919 919/919/919 
f 919/919/919 920/920/920 919/919/919 
f 919/919/919 920/920/920 920/920/920 
f 920/920/920 921/921/921 920/920/920 
f 920/920/920 921/921/921 922/922/922 
f 921/921/921 923/923/923 922/922/922 
f 922/922/922 923/923/923 923/923/923 
f 923/923/923 924/924/924 923/923/923 
f 923/923/923 924/924/924 924/924/924 
f 924/924/924 925/925/925 924/924/924 
f 924/924/924 925/925/925 926/926/926 
f 925/925/925 927/927/927 926/926/926 
f 926/926/926 927/927/927 927/927/927 
f 927/927/927 928/928/928 927/927/927 
f 927/927/927 928/928/928 928/928/928 
f 928/928/928 929/929/929 928/928/928 
f 928/928/928 929/929/929 930/930/930 
f 929/929/929 931/931/931 930/930/930 
f 930/930/930 931/931/931 931/931/931 
f 931/931/931 932/932/932 931/931/931 
f 931/931/931 932/932/932 932/932/932 
f 932/932/932 933/933/933 932/932/932 
f 932/932/932 933/933/933 934/934/934 
f 933/933/933 935/935/935 934/934/934 
f 934/934/934 935/935/935 935/935/935 
f 935/935/935 936/936/936 935/935/935 
f 935/935/935 936/936/936 936/936/936 
f 936/936/936 937/937/937 936/936/936 
f 936/936/936 937/937/937 938/938/938 
f 937/937/937 939/939/939 938/938/938 
f 938/938/938 939/939/939 939/939/939 
f 939/939/939 940/940/940 939/939/939 
f 939/939/939 940/940/940 940/940/940 
f 940/940/940 941/941/941 940/940/940 
f 940/940/940 941/941/941 942/942/942 
f 941/941/941 943/943/943 942/942/942 
f 942/942/942 943/943/943 943/943/943 
f 943/943/943 944/944/944 943/943/943 
f 943/943/943 944/944/944 944/944/944 
f 944/944/944 945/945/945 944/944/944 
f 944/944/944 945/945/945 946/946/946 
f 945/945/945 947/947/947 946/946/946 
f 946/946/946 947/947/947 947/947/947 
f 947/947/947 948/948/948 947/947/947 
f 947/947/947 948/948/948 948/948/948 
f 948/948/948 949/949/949 948/948/948 
f 948/948/948 949/949/949 950/950/950 
f 949/949/949 950/950/950 950/950/950 
f 950/950/950 950/950/950 951/951/951 
f 950/950/950 951/951/951 951/951/951 
f 951/951/951 951/951/951 952/952/952 
f 951/951/951 953/953/953 952/952/952 
f 952/952/952 953/953/953 954/954/954 
f 953/953/953 954/954/954 954/954/954 
f 954/954/954 954/954/954 955/955/955 
f 954/954/954 955/955/955 955/955/955 
f 955/955/955 955/955/955 956/956/956 
f 955/955/955 957/957/957 956/956/956 
f 956/956/956 957/957/957 958/958/958 
f 957/957/957 958/958/958 958/958/958 
f 958/958/958 958/958/958 959/959/959 
f 958/958/958 959/959/959 959/959/959 
f 959/959/959 959/959/959 960/960/960 
f 959/959/959 961/961/961 960/960/960 
f 960/960/960 961/961/961 962/962/962 
f 961/961/961 962/962/962 962/962/962 
f 962/962/962 962/962/962 963/963/963 
f 962/962/962 963/963/963 963/963/963 
f 963/963/963 963/963/963 964/964/964 
f 963/963/963 965/965/965 964/964/964 
f 964/964/964 965/965/965 966/966/966 
f 965/965/965 966/966/966 966/966/966 
f 966/966/966 966/966/966 967/967/967 
f 966/966/966 967/967/967 967/967/967 
f 967/967/967 967/967/967 968/968/968 
f 967/967/967 969/969/969 968/968/968 
f 968/968/968 969/969/969 970/970/970 
f 969/969/969 970/970/970 970/970/970 
f 970/970/970 970/970/970 971/971/971 
f 970/970/970 971/971/971 971/971/971 
f 971/971/971 971/971/971 972/972/972 
f 971/971/971 973/973/973 972/972/972 
f 972/972/972 973/973/973 974/974/974 
f 973/973/973 974/974/974 974/974/974 
f 974/974/974 974/974/974 975/975/975 
f 974/974/974 975/975/975 975/975/975 
f 975/975/975 975/975/975 976/976/976 
f 975/975/975 977/977/977 976/976/976 
f 976/976/976 977/977/977 978/978/978 
f 977/977/977 978/978/978 978/978/978 
f 978/978/978 978/978/978 979/979/979 
f 978/978/978 979/979/979 979/979/979 
f 979/979/979 979/979/979 980/980/980 
f 979/979/979 981/981/981 980/980/980 
f 980/980/980 981/981/981 982/982/982 
f 981/981/981 982/982/982 982/982/982 
f 982/982/982 982/982/982 983/983/983 
f 982/982/982 983/983/983 983/983/983 
f 983/983/983 983/983/983 984/984/984 
f 983/983/983 985/985/985 984/984/984 
f 984/984/984 985/985/985 986/986/986 
f 985/985/985 986/986/986 986/986/986 
f 986/986/986 986/986/986 987/987/987 
f 986/986/986 987/987/987 987/987/987 
f 987/987/987 987/987/987 988/988/988 
f 987/987/987 989/989/989 988/988/988 
f 988/988/988 989/989/989 990/990/990 
f 989/989/989 990/990/990 990/990/990 
f 990/990/990 990/990/990 991/991/991 
f 990/990/990 991/991/991 991/991/991 
f 991/991/991 991/991/991 992/992/992 
f 991/991/991 993/993/993 992/992/992 
f 992/992/992 993/993/993 994/994/994 
f 993/993/993 994/994/994 994/994/994 
f 994/994/994 994/994/994 995/995/995 
f 994/994/994 995/995/995 995/995/995 
f 995/995/995 995/995/995 996/996/996 
f 995/995/995 997/997/997 996/996/996 
f 996/996/996 997/997/997 997/997/997 
f 997/997/997 998/998/998 997/997/997 
f 997/997/997 998/998/998 998/998/998 
f 998/998/998 999/999/999 998/998/998 
f 998/998/998 999/999/999 1000/1000/1000 
f 999/999/999 999/999/999 1000/1000/1000 
f 1000/1000/1000 999/999/999 1001/1001/1001 
f 999/999/999 999/999/999 1001/1001/1001 
f 1001/1001/1001 999/999/999 1002/1002/1002 
f 999/999/999 1003/1003/1003 1002/1002/1002 
f 1002/1002/1002 1003/1003/1003 1003/1003/1003 
f 1003/1003/1003 1004/1004/1004 1003/1003/1003 
f 1003/1003/1003 1004/1004/1004 1004/1004/1004 
f 1004/1004/1004 1005/1005/1005 1004/1004/1004 
f 1004/1004/1004 1005/1005/1005 1006/1006/1006 
f 1005/1005/1005 1007/1007/1007 1006/1006/1006 
f 1006/1006/1006 1007/1007/1007 1006/1006/1006 
f 1007/1007/1007 1008/1008/1008 1006/1006/1006 
f 1006/1006/1006 1008/1008/1008 1009/1009/1009 
f 1008/1008/1008 1009/1009/1009 1009/1009/1009 
f 1009/1009/1009 1009/1009/1009 1010/1010/1010 
f 1009/1009/1009 1010/1010/1010 1010/1010/1010 
f 1010/1010/1010 1010/1010/1010 1011/1011/1011 
f 1010/1010/1010 1012/1012/1012 1011/1011/1011 
f 1011/1011/1011 1012/1012/1012 1013/1013/1013 
f 1012/1012/1012 1013/1013/1013 1013/1013/1013 
f 1013/1013/1013 1013/1013/1013 1014/1014/1014 
f 1013/1013/1013 1014/1014/1014 1014/1014/1014 
f 1014/1014/1014 1014/1014/1014 1015/1015/1015 
f 1014/1014/1014 1016/1016/1016 1015/1015/1015 
f 1015/1015/1015 1016/1016/1016 1017/1017/1017 
f 1016/1016/1016 1017/1017/1017 1017/1017/1017 
f 1017/1017/1017 1017/1017/1017 1018/1018/1018 
f 1017/1017/1017 1018/1018/1018 1018/1018/1018 
f 1018/1018/1018 1018/1018/1018 1019/1019/1019 
f 1018/1018/1018 1020/1020/1020 1019/1019/1019 
f 1019/1019/1019 1020/1020/1020 1021/1021/1021 
f 1020/1020/1020 1021/1021/1021 1021/1021/1021 
f 1021/1021/1021 1021/1021/1021 1022/1022/1022 
f 1021/1021/1021 1022/1022/1022 1022/1022/1022 
f 1022/1022/1022 1022/1022/1022 1023/1023/1023 
f 1022/1022/1022 1024/1024/1024 1023/1023/1023 
f 1023/1023/1023 1024/1024/1024 1023/1023/1023 
f 1024/1024/1024 1025/1025/1025 1023/1023/1023 
f 1023/1023/1023 1025/1025/1025 1023/1023/1023 
f 1025/1025/1025 1026/1026/1026 1023/1023/1023 
f 1023/1023/1023 1026/1026/1026 1027/1027/1027 
f 1026/1026/1026 1028/1028/1028 1027/1027/1027 
f 1027/1027/1027 1028/1028/1028 1029/1029/1029 
f 1028/1028/1028 1029/1029/1029 1029/1029/1029 
f 1029/1029/1029 1029/1029/1029 1030/1030/1030 
f 1029/1029/1029 1030/1030/1030 1030/1030/1030 
f 1030/1030/1030 1030/1030/1030 1031/1031/1031 
f 1030/1030/1030 1032/1032/1032 1031/1031/1031 
f 1031/1031/1031 1032/1032/1032 1033/1033/1033 
f 1032/1032/1032 1034/1034/1034 1033/1033/1033 
f 1033/1033/1033 1034/1034/1034 1035/1035/1035 
f 1034/1034/1034 1034/1034/1034 1035/1035/1035 
f 1035/1035/1035 1034/1034/1034 1036/1036/1036 
f 1034/1034/1034 1037/1037/1037 1036/1036/1036 
f 1036/1036/1036 1037/1037/1037 1037/1037/1037 
f 1037/1037/1037 1038/1038/1038 1037/1037/1037 
f 1037/1037/1037 1038/1038/1038 1038/1038/1038 
f 1038/1038/1038 1039/1039/1039 1038/1038/1038 
f 1038/1038/1038 1039/1039/1039 1040/1040/1040 
f 1039/1039/1039 1041/1041/1041 1040/1040/1040 
f 1040/1040/1040 1041/1041/1041 1041/1041/1041 
f 1041/1041/1041 1042/1042/1042 1041/1041/1041 
f 1041/1041/1041 1042/1042/1042 1042/1042/1042 
f 1042/1042/1042 1043/1043/1043 1042/1042/1042 
f 1042/1042/1042 1043/1043/1043 1044/1044/1044 
f 1043/1043/1043 1045/1045/1045 1044/1044/1044 
f 1044/1044/1044 1045/1045/1045 1044/1044/1044 
f 1045/1045/1045 1046/1046/1046 1044/1044/1044 
f 1044/1044/1044 1046/1046/1046 1047/1047/1047 
f 1046/1046/1046 1046/1046/1046 1047/1047/1047 
f 1047/1047/1047 1046/1046/1046 1048/1048/1048 
f 1046/1046/1046 1049/1049/1049 1048/1048/1048 
f 1048/1048/1048 1049/1049/1049 1050/1050/1050 
f 1049/1049/1049 1051/1051/1051 1050/1050/1050 
f 1050/1050/1050 1051/1051/1051 1050/1050/1050 
f 1051/1051/1051 1052/1052/1052 1050/1050/1050 
f 1050/1050/1050 1052/1052/1052 1053/1053/1053 
f 1052/1052/1052 1053/1053/1053 1053/1053/1053 
f 1053/1053/1053 1053/1053/1053 1054/1054/1054 
f 1053/1053/1053 1054/1054/1054 1054/1054/1054 
f 1054/1054/1054 1054/1054/1054 1055/1055/1055 
f 1054/1054/1054 1056/1056/1056 1055/1055/1055 
f 1055/1055/1055 1056/1056/1056 1057/1057/1057 
f 1056/1056/1056 1056/1056/1056 1057/1057/1057 
f 1057/1057/1057 1056/1056/1056 1058/1058/1058 
f 1056/1056/1056 1059/1059/1059 1058/1058/1058 
f 1058/1058/1058 1059/1059/1059 1058/1058/1058 
f 1059/1059/1059 1060/1060/1060 1058/1058/1058 
f 1058/1058/1058 1060/1060/1060 1061/1061/1061 
f 1060/1060/1060 1062/1062/1062 1061/1061/1061 
f 1061/1061/1061 1062/1062/1062 1063/1063/1063 
f 1062/1062/1062 1062/1062/1062 1063/1063/1063 
f 1063/1063/1063 1062/1062/1062 1064/1064/1064 
f 1062/1062/1062 1065/1065/1065 1064/1064/1064 
f 1064/1064/1064 1065/1065/1065 1065/1065/1065 
f 1065/1065/1065 1066/1066/1066 1065/1065/1065 
f 1065/1065/1065 1066/1066/1066 1066/1066/1066 
f 1066/1066/1066 1067/1067/1067 1066/1066/1066 
f 1066/1066/1066 1067/1067/1067 1068/1068/1068 
f 1067/1067/1067 1069/1069/1069 1068/1068/1068 
f 1068/1068/1068 1069/1069/1069 1069/1069/1069 
f 1069/1069/1069 1070/1070/1070 1069/1069/1069 
f 1069/1069/1069 1070/1070/1070 1070/1070/1070 
f 1070/1070/1070 1071/1071/1071 1070/1070/1070 
f 1070/1070/1070 1071/1071/1071 1072/1072/1072 
f 1071/1071/1071 1071/1071/1071 1072/1072/1072 
f 1072/1072/1072 1071/1071/1071 1073/1073/1073 
f 1071/1071/1071 1071/1071/1071 1073/1073/1073 
f 1073/1073/1073 1071/1071/1071 1074/1074/1074 
f 1071/1071/1071 1075/1075/1075 1074/1074/1074 
f 1074/1074/1074 1075/1075/1075 1075/1075/1075 
f 1075/1075/1075 1076/1076/1076 1075/1075/1075 
f 1075/1075/1075 1076/1076/1076 1076/1076/1076 
f 1076/1076/1076 1077/1077/1077 1076/1076/1076 
f 1076/1076/1076 1077/1077/1077 1078/1078/1078 
f 1077/1077/1077 1079/1079/1079 1078/1078/1078 
f 1078/1078/1078 1079/1079/1079 1079/1079/1079 
f 1079/1079/1079 1080/1080/1080 1079/1079/1079 
f 1079/1079/1079 1080/1080/1080 1080/1080/1080 
f 1080/1080/1080 1081/1081/1081 1080/1080/1080 
f 1080/1080/1080 1081/1081/1081 1082/1082/1082 
f 1081/1081/1081 1083/1083/1083 1082/1082/1082 
f 1082/1082/1082 1083/1083/1083 1083/1083/1083 
f 1083/1083/1083 1084/1084/1084 1083/1083/1083 
f 1083/1083/1083 1084/1084/1084 1084/1084/1084 
f 1084/1084/1084 1085/1085/1085 1084/1084/1084 
f 1084/1084/1084 1085/1085/1085 1086/1086/1086 
f 1085/1085/1085 1087/1087/1087 1086/1086/1086 
f 1086/1086/1086 1087/1087/1087 1087/1087/1087 
f 1087/1087/1087 1088/1088/1088 1087/1087/1087 
f 1087/1087/1087 1088/1088/1088 1088/1088/1088 
f 1088/1088/1088 1089/1089/1089 1088/1088/1088 
f 1088/1088/1088 1089/1089/1089 1090/1090/1090 
f 1089/1089/1089 1091/1091/1091 1090/1090/1090 
f 1090/1090/1090 1091/1091/1091 1091/1091/1091 
f 1091/1091/1091 1092/1092/1092 1091/1091/1091 
f 1091/1091/1091 1092/1092/1092 1092/1092/1092 
f 1092/1092/1092 1093/1093/1093 1092/1092/1092 
f 1092/1092/1092 1093/1093/1093 1094/1094/1094 
f 1093/1093/1093 1095/1095/1095 1094/1094/1094 
f 1094/1094/1094 1095/1095/1095 1095/1095/1095 
f 1095/1095/1095 1096/1096/1096 1095/1095/1095 
f 1095/1095/1095 1096/1096/1096 1096/1096/1096 
f 1096/1096/1096 1097/1097/1097 1096/1096/1096 
f 1096/1096/1096 1097/1097/1097 1098/1098/1098 
f 1097/1097/1097 1099/1099/1099 1098/1098/1098 
f 1098/1098/1098 1099/1099/1099 1099/1099/1099 
f 1099/1099/1099 1100/1100/1100 1099/1099/1099 
f 1099/1099/1099 1100/1100/1100 1100/1100/1100 
f 1100/1100/1100 1101/1101/1101 1100/1100/1100 
f 1100/1100/1100 1101/1101/1101 1102/1102/1102 
f 1101/1101/1101 1103/1103/1103 1102/1102/1102 
f 1102/1102/1102 1103/1103/1103 1103/1103/1103 
f 1103/1103/1103 1104/1104/1104 1103/1103/1103 
f 1103/1103/1103 1104/1104/1104 1104/1104/1104 
f 1104/1104/1104 1105/1105/1105 1104/1104/1104 
f 1104/1104/1104 1105/1105/1105 1106/1106/1106 
f 1105/1105/1105 1107/1107/1107 1106/1106/1106 
f 1106/1106/1106 1107/1107/1107 1107/1107/1107 
f 1107/1107/1107 1108/1108/1108 1107/1107/1107 
f 1107/1107/1107 1108/1108/1108 1108/1108/1108 
f 1108/1108/1108 1109/1109/1109 1108/1108/1108 
f 1108/1108/1108 1109/1109/1109 1110/1110/1110 
f 1109/1109/1109 1111/1111/1111 1110/1110/1110 
f 1110/1110/1110 1111/1111/1111 1111/1111/1111 
f 1111/1111/1111 1112/1112/1112 1111/1111/1111 
f 1111/1111/1111 1112/1112/1112 1112/1112/1112 
f 1112/1112/1112 1113/1113/1113 1112/1112/1112 
f 1112/1112/1112 1113/1113/1113 1114/1114/1114 
f 1113/1113/1113 1115/1115/1115 1114/1114/1114 
f 1114/1114/1114 1115/1115/1115 1115/1115/1115 
f 1115/1115/1115 1116/1116/1116 1115/1115/1115 
f 1115/1115/1115 1116/1116/1116 1116/1116/1116 
f 1116/1116/1116 1117/1117/1117 1116/1116/1116 
f 1116/1116/1116 1117/1117/1117 1118/1118/1118 
f 1117/1117/1117 1119/1119/1119 1118/1118/1118 
f 1118/1118/1118 1119/1119/1119 1119/1119/1119 
f 1119/1119/1119 1120/1120/1120 1119/1119/1119 
f 1119/1119/1119 1120/1120/1120 1120/1120/1120 
f 1120/1120/1120 1121/1121/1121 1120/1120/1120 
f 1120/1120/1120 1121/1121/1121 1122/1122/1122 
f 1121/1121/1121 1123/1123/1123 1122/1122/1122 
f 1122/1122/1122 1123/1123/1123 1124/1124/1124 
f 1123/1123/1123 1125/1125/1125 1124/1124/1124 
f 1124/1124/1124 1125/1125/1125 1125/1125/1125 
f 1125/1125/1125 1126/1126/1126 1125/1125/1125 
f 1125/1125/1125 1126/1126/1126 1126/1126/1126 
f 1126/1126/1126 1127/1127/1127 1126/1126/1126 
f 1126/1126/1126 1127/1127/1127 1128/1128/1128 
f 1127/1127/1127 1129/1129/1129 1128/1128/1128 
f 1128/1128/1128 1129/1129/1129 1129/1129/1129 
f 1129/1129/1129 1130/1130/1130 1129/1129/1129 
f 1129/1129/1129 1130/1130/1130 1130/1130/1130 
f 1130/1130/1130 1131/1131/1131 1130/1130/1130 
f 1130/1130/1130 1131/1131/1131 1132/1132/1132 
f 1131/1131/1131 1133/1133/1133 1132/1132/1132 
f 1132/1132/1132 1133/1133/1133 1133/1133/1133 
f 1133/1133/1133 1134/1134/1134 1133/1133/1133 
f 1133/1133/1133 1134/1134/1134 1134/1134/1134 
f 1134/1134/1134 1135/1135/1135 1134/1134/1134 
f 1134/1134/1134 1135/1135/1135 1136/1136/1136 
f 1135/1135/1135 1137/1137/1137 1136/1136/1136 
f 1136/1136/1136 1137/1137/1137 1137/1137/1137 
f 1137/1137/1137 1138/1138/1138 1137/1137/1137 
f 1137/1137/1137 1138/1138/1138 1138/1138/1138 
f 1138/1138/1138 1139/1139/1139 1138/1138/1138 
f 1138/1138/1138 1139/1139/1139 1140/1140/1140 
f 1139/1139/1139 1141/1141/1141 1140/1140/1140 
f 1140/1140/1140 1141/1141/1141 1141/1141/1141 
f 1141/1141/1141 1142/1142/1142 1141/1141/1141 
f 1141/1141/1141 1142/1142/1142 1142/1142/1142 
f 1142/1142/1142 1143/1143/1143 1142/1142/1142 
f 1142/1142/1142 1143/1143/1143 1144/1144/1144 
f 1143/1143/1143 1145/1145/1145 1144/1144/1144 
f 1144/1144/1144 1145/1145/1145 1145/1145/1145 
f 1145/1145/1145 1146/1146/1146 1145/1145/1145 
f 1145/1145/1145 1146/1146/1146 1146/1146/1146 
f 1146/1146/1146 1147/1147/1147 1146/1146/1146 
f 1146/1146/1146 1147/1147/1147 1148/1148/1148 
f 1147/1147/1147 1149/1149/1149 1148/1148/1148 
f 1148/1148/1148 1149/1149/1149 1149/1149/1149 
f 1149/1149/1149 1150/1150/1150 1149/1149/1149 
f 1149/1149/1149 1150/1150/1150 1150/1150/1150 
f 1150/1150/1150 1151/1151/1151 1150/1150/1150 
f 1150/1150/1150 1151/1151/1151 1152/1152/1152 
f 1151/1151/1151 1153/1153/1153 1152/1152/1152 
f 1152/1152/1152 1153/1153/1153 1153/1153/1153 
f 1153/1153/1153 1154/1154/1154 1153/1153/1153 
f 1153/1153/1153 1154/1154/1154 1154/1154/1154 
f 1154/1154/1154 1155/1155/1155 1154/1154/1154 
f 1154/1154/1154 1155/1155/1155 1156/1156/1156 
f 1155/1155/1155 1157/1157/1157 1156/1156/1156 
f 1156/1156/1156 1157/1157/1157 1157/1157/1157 
f 1157/1157/1157 1158/1158/1158 1157/1157/1157 
f 1157/1157/1157 1158/1158/1158 1158/1158/1158 
f 1158/1158/1158 1159/1159/1159 1158/1158/1158 
f 1158/1158/1158 1159/1159/1159 1160/1160/1160 
f 1159/1159/1159 1161/1161/1161 1160/1160/1160 
f 1160/1160/1160 1161/1161/1161 1161/1161/1161 
f 1161/1161/1161 1162/1162/1162 1161/1161/1161 
f 1161/1161/1161 1162/1162/1162 1162/1162/1162 
f 1162/1162/1162 1163/1163/1163 1162/1162/1162 
f 1162/1162/1162 1163/1163/1163 1164/1164/1164 
f 1163/1163/1163 1165/1165/1165 1164/1164/1164 
f 1164/1164/1164 1165/1165/1165 1165/1165/1165 
f 1165/1165/1165 1166/1166/1166 1165/1165/1165 
f 1165/1165/1165 1166/1166/1166 1166/1166/1166 
f 1166/1166/1166 1167/1167/1167 1166/1166/1166 
f 1166/1166/1166 1167/1167/1167 1168/1168/1168 
f 1167/1167/1167 1169/1169/1169 1168/1168/1168 
f 1168/1168/1168 1169/1169/1169 1169/1169/1169 
f 1169/1169/1169 1170/1170/1170 1169/1169/1169 
f 1169/1169/1169 1170/1170/1170 1170/1170/1170 
f 1170/1170/1170 1171/1171/1171 1170/1170/1170 
f 1170/1170/1170 1171/1171/1171 1172/1172/1172 
f 1171/1171/1171 1173/1173/1173 1172/1172/1172 
f 1172/1172/1172 1173/1173/1173 1173/1173/1173 
f 1173/1173/1173 1174/1174/1174 1173/1173/1173 
f 1173/1173/1173 1174/1174/1174 1174/1174/1174 
f 1174/1174/1174 1175/1175/1175 1174/1174/1174 
f 1174/1174/1174 1175/1175/1175 1176/1176/1176 
f 1175/1175/1175 1177/1177/1177 1176/1176/1176 
f 1176/1176/1176 1177/1177/1177 1177/1177/1177 
f 1177/1177/1177 1178/1178/1178 1177/1177/1177 
f 1177/1177/1177 1178/1178/1178 1178/1178/1178 
f 1178/1178/1178 1179/1179/1179 1178/1178/1178 
f 1178/1178/1178 1179/1179/1179 1180/1180/1180 
f 1179/1179/1179 1181/1181/1181 1180/1180/1180 
f 1180/1180/1180 1181/1181/1181 1181/1181/1181 
f 1181/1181/1181 1182/1182/1182 1181/1181/1181 
f 1181/1181/1181 1182/1182/1182 1182/1182/1182 
f 1182/1182/1182 1183/1183/1183 1182/1182/1182 
f 1182/1182/1182 1183/1183/1183 1184/1184/1184 
f 1183/1183/1183 1185/1185/1185 1184/1184/1184 
f 1184/1184/1184 1185/1185/1185 1185/1185/1185 
f 1185/1185/1185 1186/1186/1186 1185/1185/1185 
f 1185/1185/1185 1186/1186/1186 1186/1186/1186 
f 1186/1186/1186 1187/1187/1187 1186/1186/1186 
f 1186/1186/1186 1187/1187/1187 1188/1188/1188 
f 1187/1187/1187 1188/1188/1188 1188/1188/1188 
f 1188/1188/1188 1188/1188/1188 1189/1189/1189 
f 1188/1188/1188 1189/1189/1189 1189/1189/1189 
f 1189/1189/1189 1189/1189/1189 1190/1190/1190 
f 1189/1189/1189 1191/1191/1191 1190/1190/1190 
f 1190/1190/1190 1191/1191/1191 1192/1192/1192 
f 1191/1191/1191 1192/1192/1192 1192/1192/1192 
f 1192/1192/1192 1192/1192/1192 1193/1193/1193 
f 1192/1192/1192 1193/1193/1193 1193/1193/1193 
f 1193/1193/1193 1193/1193/1193 1194/1194/1194 
f 1193/1193/1193 1195/1195/1195 1194/1194/1194 
f 1194/1194/1194 1195/1195/1195 1196/1196/1196 
f 1195/1195/1195 1196/1196/1196 1196/1196/1196 
f 1196/1196/1196 1196/1196/1196 1197/1197/1197 
f 1196/1196/1196 1197/1197/1197 1197/1197/1197 
f 1197/1197/1197 1197/1197/1197 1198/1198/1198 
f 1197/1197/1197 1199/1199/1199 1198/1198/1198 
f 1198/1198/1198 1199/1199/1199 1200/1200/1200 
f 1199/1199/1199 1200/1200/1200 1200/1200/1200 
f 1200/1200/1200 1200/1200/1200 1201/1201/1201 
f 1200/1200/1200 1201/1201/1201 1201/1201/1201 
f 1201/1201/1201 1201/1201/1201 1202/1202/1202 
f 1201/1201/1201 1203/1203/1203 1202/1202/1202 
f 1202/1202/1202 1203/1203/1203 1204/1204/1204 
f 1203/1203/1203 1204/1204/1204 1204/1204/1204 
f 1204/1204/1204 1204/1204/1204 1205/1205/1205 
f 1204/1204/1204 1205/1205/1205 1205/1205/1205 
f 1205/1205/1205 1205/1205/1205 1206/1206/1206 
f 1205/1205/1205 1207/1207/1207 1206/1206/1206 
f 1206/1206/1206 1207/1207/1207 1208/1208/1208 
f 1207/1207/1207 1208/1208/1208 1208/1208/1208 
f 1208/1208/1208 1208/1208/1208 1209/1209/1209 
f 1208/1208/1208 1209/1209/1209 1209/1209/1209 
f 1209/1209/1209 1209/1209/1209 1210/1210/1210 
f 1209/1209/1209 1211/1211/1211 1210/1210/1210 
f 1210/1210/1210 1211/1211/1211 1212/1212/1212 
f 1211/1211/1211 1212/1212/1212 1212/1212/1212 
f 1212/1212/1212 1212/1212/1212 1213/1213/1213 
f 1212/1212/1212 1213/1213/1213 1213/1213/1213 
f 1213/1213/1213 1213/1213/1213 1214/1214/1214 
f 1213/1213/1213 1215/1215/1215 1214/1214/1214 
f 1214/1214/1214 1215/1215/1215 1216/1216/1216 
f 1215/1215/1215 1216/1216/1216 1216/1216/1216 
f 1216/1216/1216 1216/1216/1216 1217/1217/1217 
f 1216/1216/1216 1217/1217/1217 1217/1217/1217 
f 1217/1217/1217 1217/1217/1217 1218/1218/1218 
f 1217/1217/1217 1219/1219/1219 1218/1218/1218 
f 1218/1218/1218 1219/1219/1219 1220/1220/1220 
f 1219/1219/1219 1220/1220/1220 1220/1220/1220 
f 1220/1220/1220 1220/1220/1220 1221/1221/1221 
f 1220/1220/1220 1221/1221/1221 1221/1221/1221 
f 1221/1221/1221 1221/1221/1221 1222/1222/1222 
f 1221/1221/1221 1223/1223/1223 1222/1222/1222 
f 1222/1222/1222 1223/1223/1223 1224/1224/1224 
f 1223/1223/1223 1223/1223/1223 1224/1224/1224 
f 1224/1224/1224 1223/1223/1223 1225/1225/1225 
f 1223/1223/1223 1226/1226/1226 1225/1225/1225 
f 1225/1225/1225 1226/1226/1226 1226/1226/1226 
f 1226/1226/1226 1227/1227/1227 1226/1226/1226 
f 1226/1226/1226 1227/1227/1227 1227/1227/1227 
f 1227/1227/1227 1228/1228/1228 1227/1227/1227 
f 1227/1227/1227 1228/1228/1228 1229/1229/1229 
f 1228/1228/1228 1230/1230/1230 1229/1229/1229 
f 1229/1229/1229 1230/1230/1230 1231/1231/1231 
f 1230/1230/1230 1232/1232/1232 1231/1231/1231 
f 1231/1231/1231 1232/1232/1232 1232/1232/1232 
f 1232/1232/1232 1233/1233/1233 1232/1232/1232 
f 1232/1232/1232 1233/1233/1233 1233/1233/1233 
f 1233/1233/1233 1234/1234/1234 1233/1233/1233 
f 1233/1233/1233 1234/1234/1234 1235/1235/1235 
f 1234/1234/1234 1236/1236/1236 1235/1235/1235 
f 1235/1235/1235 1236/1236/1236 1236/1236/1236 
f 1236/1236/1236 1237/1237/1237 1236/1236/1236 
f 1236/1236/1236 1237/1237/1237 1237/1237/1237 
f 1237/1237/1237 1238/1238/1238 1237/1237/1237 
f 1237/1237/1237 1238/1238/1238 1239/1239/1239 
f 1238/1238/1238 1240/1240/1240 1239/1239/1239 
f 1239/1239/1239 1240/1240/1240 1240/1240/1240 
f 1240/1240/1240 1241/1241/1241 1240/1240/1240 
f 1240/1240/1240 1241/1241/1241 1241/1241/1241 
f 1241/1241/1241 1242/1242/1242 1241/1241/1241 
f 1241/1241/1241 1242/1242/1242 1243/1243/1243 
f 1242/1242/1242 1244/1244/1244 1243/1243/1243 
f 1243/1243/1243 1244/1244/1244 1244/1244/1244 
f 1244/1244/1244 1245/1245/1245 1244/1244/1244 
f 1244/1244/1244 1245/1245/1245 1245/1245/1245 
f 1245/1245/1245 1246/1246/1246 1245/1245/1245 
f 1245/1245/1245 1246/1246/1246 1247/1247/1247 
f 1246/1246/1246 1248/1248/1248 1247/1247/1247 
f 1247/1247/1247 1248/1248/1248 1248/1248/1248 
f 1248/1248/1248 1249/1249/1249 1248/1248/1248 
f 1248/1248/1248 1249/1249/1249 1249/1249/1249 
f 1249/1249/1249 1250/1250/1250 1249/1249/1249 
f 1249/1249/1249 1250/1250/1250 1251/1251/1251 
f 1250/1250/1250 1251/1251/1251 1251/1251/1251 
f 1251/1251/1251 1251/1251/1251 1252/1252/1252 
f 1251/1251/1251 1252/1252/1252 1252/1252/1252 
f 1252/1252/1252 1252/1252/1252 1253/1253/1253 
f 1252/1252/1252 1254/1254/1254 1253/1253/1253 
f 1253/1253/1253 1254/1254/1254 1255/1255/1255 
f 1254/1254/1254 1256/1256/1256 1255/1255/1255 
f 1255/1255/1255 1256/1256/1256 1257/1257/1257 
f 1256/1256/1256 1257/1257/1257 1257/1257/1257 
f 1257/1257/1257 1257/1257/1257 1258/1258/1258 
f 1257/1257/1257 1258/1258/1258 1258/1258/1258 
f 1258/1258/1258 1258/1258/1258 1259/1259/1259 
f 1258/1258/1258 1260/1260/1260 1259/1259/1259 
f 1259/1259/1259 1260/1260/1260 1261/1261/1261 
f 1260/1260/1260 1260/1260/1260 1261/1261/1261 
f 1261/1261/1261 1260/1260/1260 1262/1262/1262 
f 1260/1260/1260 1263/1263/1263 1262/1262/1262 
f 1262/1262/1262 1263/1263/1263 1263/1263/1263 
f 1263/1263/1263 1264/1264/1264 1263/1263/1263 
f 1263/1263/1263 1264/1264/1264 1264/1264/1264 
f 1264/1264/1264 1265/1265/1265 1264/1264/1264 
f 1264/1264/1264 1265/1265/1265 1266/1266/1266 
f 1265/1265/1265 1267/1267/1267 1266/1266/1266 
f 1266/1266/1266 1267/1267/1267 1267/1267/1267 
f 1267/1267/1267 1268/1268/1268 1267/1267/1267 
f 1267/1267/1267 1268/1268/1268 1268/1268/1268 
f 1268/1268/1268 1269/1269/1269 1268/1268/1268 
f 1268/1268/1268 1269/1269/1269 1270/1270/1270 
f 1269/1269/1269 1271/1271/1271 1270/1270/1270 
f 1270/1270/1270 1271/1271/1271 1271/1271/1271 
f 1271/1271/1271 1272/1272/1272 1271/1271/1271 
f 1271/1271/1271 1272/1272/1272 1272/1272/1272 
f 1272/1272/1272 1273/1273/1273 1272/1272/1272 
f 1272/1272/1272 1273/1273/1273 1274/1274/1274 
f 1273/1273/1273 1275/1275/1275 1274/1274/1274 
f 1274/1274/1274 1275/1275/1275 1275/1275/1275 
f 1275/1275/1275 1276/1276/1276 1275/1275/1275 
f 1275/1275/1275 1276/1276/1276 1276/1276/1276 
f 1276/1276/1276 1277/1277/1277 1276/1276/1276 
f 1276/1276/1276 1277/1277/1277 1278/1278/1278 
f 1277/1277/1277 1277/1277/1277 1278/1278/1278 
f 1278/1278/1278 1277/1277/1277 1279/1279/1279 
f 1277/1277/1277 1277/1277/1277 1279/1279/1279 
f 1279/1279/1279 1277/1277/1277 1280/1280/1280 
f 1277/1277/1277 1281/1281/1281 1280/1280/1280 
f 1280/1280/1280 1281/1281/1281 1282/1282/1282 
f 1281/1281/1281 1283/1283/1283 1282/1282/1282 
f 1282/1282/1282 1283/1283/1283 1283/1283/1283 
f 1283/1283/1283 1284/1284/1284 1283/1283/1283 
f 1283/1283/1283 1284/1284/1284 1284/1284/1284 
f 1284/1284/1284 1285/1285/1285 1284/1284/1284 
f 1284/1284/1284 1285/1285/1285 1286/1286/1286 
f 1285/1285/1285 1287/1287/1287 1286/1286/1286 
f 1286/1286/1286 1287/1287/1287 1288/1288/1288 
f 1287/1287/1287 1289/1289/1289 1288/1288/1288 
f 1288/1288/1288 1289/1289/1289 1288/1288/1288 
f 1289/1289/1289 1290/1290/1290 1288/1288/1288 
f 1288/1288/1288 1290/1290/1290 1291/1291/1291 
f 1290/1290/1290 1291/1291/1291 1291/1291/1291 
f 1291/1291/1291 1291/1291/1291 1292/1292/1292 
f 1291/1291/1291 1292/1292/1292 1292/1292/1292 
f 1292/1292/1292 1292/1292/1292 1293/1293/1293 
f 1292/1292/1292 1294/1294/1294 1293/1293/1293 
f 1293/1293/1293 1294/1294/1294 1295/1295/1295 
f 1294/1294/1294 1295/1295/1295 1295/1295/1295 
f 1295/1295/1295 1295/1295/1295 1296/1296/1296 
f 1295/1295/1295 1296/1296/1296 1296/1296/1296 
f 1296/1296/1296 1296/1296/1296 1297/1297/1297 
f 1296/1296/1296 1298/1298/1298 1297/1297/1297 
f 1297/1297/1297 1298/1298/1298 1299/1299/1299 
f 1298/1298/1298 1298/1298/1298 1299/1299/1299 
f 1299/1299/1299 1298/1298/1298 1300/1300/1300 
f 1298/1298/1298 1301/1301/1301 1300/1300/1300 
f 1300/1300/1300 1301/1301/1301 1300/1300/1300 
f 1301/1301/1301 1302/1302/1302 1300/1300/1300 
f 1300/1300/1300 1302/1302/1302 1303/1303/1303 
f 1302/1302/1302 1304/1304/1304 1303/1303/1303 
f 1303/1303/1303 1304/1304/1304 1305/1305/1305 
f 1304/1304/1304 1304/1304/1304 1305/1305/1305 
f 1305/1305/1305 1304/1304/1304 1306/1306/1306 
f 1304/1304/1304 1307/1307/1307 1306/1306/1306 
f 1306/1306/1306 1307/1307/1307 1307/1307/1307 
f 1307/1307/1307 1308/1308/1308 1307/1307/1307 
f 1307/1307/1307 1308/1308/1308 1308/1308/1308 
f 1308/1308/1308 1309/1309/1309 1308/1308/1308 
f 1308/1308/1308 1309/1309/1309 1310/1310/1310 
f 1309/1309/1309 1311/1311/1311 1310/1310/1310 
f 1310/1310/1310 1311/1311/1311 1310/1310/1310 
f 1311/1311/1311 1312/1312/1312 1310/1310/1310 
f 1310/1310/1310 1312/1312/1312 1313/1313/1313 
f 1312/1312/1312 1312/1312/1312 1313/1313/1313 
f 1313/1313/1313 1312/1312/1312 1314/1314/1314 
f 1312/1312/1312 1315/1315/1315 1314/1314/1314 
f 1314/1314/1314 1315/1315/1315 1316/1316/1316 
f 1315/1315/1315 1317/1317/1317 1316/1316/1316 
f 1316/1316/1316 1317/1317/1317 1316/1316/1316 
f 1317/1317/1317 1318/1318/1318 1316/1316/1316 
f 1316/1316/1316 1318/1318/1318 1319/1319/1319 
f 1318/1318/1318 1319/1319/1319 1319/1319/1319 
f 1319/1319/1319 1319/1319/1319 1320/1320/1320 
f 1319/1319/1319 1320/1320/1320 1320/1320/1320 
f 1320/1320/1320 1320/1320/1320 1321/1321/1321 
f 1320/1320/1320 1322/1322/1322 1321/1321/1321 
f 1321/1321/1321 1322/1322/1322 1323/1323/1323 
f 1322/1322/1322 1323/1323/1323 1323/1323/1323 
f 1323/1323/1323 1323/1323/1323 1324/1324/1324 
f 1323/1323/1323 1324/1324/1324 1324/1324/1324 
f 1324/1324/1324 1324/1324/1324 1325/1325/1325 
f 1324/1324/1324 1326/1326/1326 1325/1325/1325 
f 1325/1325/1325 1326/1326/1326 1327/1327/1327 
f 1326/1326/1326 1327/1327/1327 1327/1327/1327 
f 1327/1327/1327 1327/1327/1327 1328/1328/1328 
f 1327/1327/1327 1328/1328/1328 1328/1328/1328 
f 1328/1328/1328 1328/1328/1328 1329/1329/1329 
f 1328/1328/1328 1330/1330/1330 1329/1329/1329 
f 1329/1329/1329 1330/1330/1330 1331/1331/1331 
f 1330/1330/1330 1331/1331/1331 1331/1331/1331 
f 1331/1331/1331 1331/1331/1331 1332/1332/1332 
f 1331/1331/1331 1332/1332/1332 1332/1332/1332 
f 1332/1332/1332 1332/1332/1332 1333/1333/1333 
f 1332/1332/1332 1334/1334/1334 1333/1333/1333 
f 1333/1333/1333 1334/1334/1334 1335/1335/1335 
f 1334/1334/1334 1335/1335/1335 1335/1335/1335 
f 1335/1335/1335 1335/1335/1335 1336/1336/1336 
f 1335/1335/1335 1336/1336/1336 1336/1336/1336 
f 1336/1336/1336 1336/1336/1336 1337/1337/1337 
f 1336/1336/1336 1338/1338/1338 1337/1337/1337 
f 1337/1337/1337 1338/1338/1338 1339/1339/1339 
f 1338/1338/1338 1339/1339/1339 1339/1339/1339 
f 1339/1339/1339 1339/1339/1339 1340/1340/1340 
f 1339/1339/1339 1340/1340/1340 1340/1340/1340 
f 1340/1340/1340 1340/1340/1340 1341/1341/1341 
f 1340/1340/1340 1342/1342/1342 1341/1341/1341 
f 1341/1341/1341 1342/1342/1342 1343/1343/1343 
f 1342/1342/1342 1343/1343/1343 1343/1343/1343 
f 1343/1343/1343 1343/1343/1343 1344/1344/1344 
f 1343/1343/1343 1344/1344/1344 1344/1344/1344 
f 1344/1344/1344 1344/1344/1344 1345/1345/1345 
f 1344/1344/1344 1346/1346/1346 1345/1345/1345 
f 1345/1345/1345 1346/1346/1346 1347/1347/1347 
f 1346/1346/1346 1347/1347/1347 1347/1347/1347 
f 1347/1347/1347 1347/1347/1347 1348/1348/1348 
f 1347/1347/1347 1348/1348/1348 1348/1348/1348 
f 1348/1348/1348 1348/1348/1348 1349/1349/1349 
f 1348/1348/1348 1350/1350/1350 1349/1349/1349 
f 1349/1349/1349 1350/1350/1350 1351/1351/1351 
f 1350/1350/1350 1351/1351/1351 1351/1351/1351 
f 1351/1351/1351 1351/1351/1351 1352/1352/1352 
f 1351/1351/1351 1352/1352/1352 1352/1352/1352 
f 1352/1352/1352 1352/1352/1352 1353/1353/1353 
f 1352/1352/1352 1354/1354/1354 1353/1353/1353 
f 1353/1353/1353 1354/1354/1354 1355/1355/1355 
f 1354/1354/1354 1355/1355/1355 1355/1355/1355 
f 1355/1355/1355 1355/1355/1355 1356/1356/1356 
f 1355/1355/1355 1356/1356/1356 1356/1356/1356 
f 1356/1356/1356 1356/1356/1356 1357/1357/1357 
f 1356/1356/1356 1358/1358/1358 1357/1357/1357 
f 1357/1357/1357 1358/1358/1358 1359/1359/1359 
f 1358/1358/1358 1359/1359/1359 1359/1359/1359 
f 1359/1359/1359 1359/1359/1359 1360/1360/1360 
f 1359/1359/1359 1360/1360/1360 1360/1360/1360 
f 1360/1360/1360 1360/1360/1360 1361/1361/1361 
f 1360/1360/1360 1362/1362/1362 1361/1361/1361 
f 1361/1361/1361 1362/1362/1362 1363/1363/1363 
f 1362/1362/1362 1363/1363/1363 1363/1363/1363 
f 1363/1363/1363 1363/1363/1363 1364/1364/1364 
f 1363/1363/1363 1364/1364/1364 1364/1364/1364 
f 1364/1364/1364 1364/1364/1364 1365/1365/1365 
f 1364/1364/1364 1366/1366/1366 1365/1365/1365 
f 1365/1365/1365 1366/1366/1366 1367/1367/1367 
f 1366/1366/1366 1367/1367/1367 1367/1367/1367 
f 1367/1367/1367 1367/1367/1367 1368/1368/1368 
f 1367/1367/1367 1368/1368/1368 1368/1368/1368 
f 1368/1368/1368 1368/1368/1368 1369/1369/1369 
f 1368/1368/1368 1370/1370/1370 1369/1369/1369 
f 1369/1369/1369 1370/1370/1370 1371/1371/1371 
f 1370/1370/1370 1371/1371/1371 1371/1371/1371 
f 1371/1371/1371 1371/1371/1371 1372/1372/1372 
f 1371/1371/1371 1372/1372/1372 1372/1372/1372 
f 1372/1372/1372 1372/1372/1372 1373/1373/1373 
f 1372/1372/1372 1374/1374/1374 1373/1373/1373 
f 1373/1373/1373 1374/1374/1374 1375/1375/1375 
f 1374/1374/1374 1375/1375/1375 1375/1375/1375 
f 1375/1375/1375 1375/1375/1375 1376/1376/1376 
f 1375/1375/1375 1376/1376/1376 1376/1376/1376 
f 1376/1376/1376 1376/1376/1376 1377/1377/1377 
f 1376/1376/1376 1378/1378/1378 1377/1377/1377 
f 1377/1377/1377 1378/1378/1378 1379/1379/1379 
f 1378/1378/1378 1379/1379/1379 1379/1379/1379 
f 1379/1379/1379 1379/1379/1379 1380/1380/1380 
f 1379/1379/1379 1380/1380/1380 1380/1380/1380 
f 1380/1380/1380 1380/1380/1380 1381/1381/1381 
f 1380/1380/1380 1382/1382/1382 1381/1381/1381 
f 1381/1381/1381 1382/1382/1382 1383/1383/1383 
f 1382/1382/1382 1383/1383/1383 1383/1383/1383 
f 1383/1383/1383 1383/1383/1383 1384/1384/1384 
f 1383/1383/1383 1384/1384/1384 1384/1384/1384 
f 1384/1384/1384 1384/1384/1384 1385/1385/1385 
f 1384/1384/1384 1386/1386/1386 1385/1385/1385 
f 1385/1385/1385 1386/1386/1386 1385/1385/1385 
f 1386/1386/1386 1387/1387/1387 1385/1385/1385 
f 1385/1385/1385 1387/1387/1387 1388/1388/1388 
f 1387/1387/1387 1389/1389/1389 1388/1388/1388 
f 1388/1388/1388 1389/1389/1389 1390/1390/1390 
f 1389/1389/1389 1391/1391/1391 1390/1390/1390 
f 1390/1390/1390 1391/1391/1391 1391/1391/1391 
f 1391/1391/1391 1392/1392/1392 1391/1391/1391 
f 1391/1391/1391 1392/1392/1392 1392/1392/1392 
f 1392/1392/1392 1393/1393/1393 1392/1392/1392 
f 1392/1392/1392 1393/1393/1393 1394/1394/1394 
f 1393/1393/1393 1395/1395/1395 1394/1394/1394 
f 1394/1394/1394 1395/1395/1395 1395/1395/1395 
f 1395/1395/1395 1396/1396/1396 1395/1395/1395 
f 1395/1395/1395 1396/1396/1396 1396/1396/1396 
f 1396/1396/1396 1397/1397/1397 1396/1396/1396 
f 1396/1396/1396 1397/1397/1397 1398/1398/1398 
f 1397/1397/1397 1399/1399/1399 1398/1398/1398 
f 1398/1398/1398 1399/1399/1399 1400/1400/1400 
f 1399/1399/1399 1401/1401/1401 1400/1400/1400 
f 1400/1400/1400 1401/1401/1401 1401/1401/1401 
f 1401/1401/1401 1402/1402/1402 1401/1401/1401 
f 1401/1401/1401 1402/1402/1402 1402/1402/1402 
f 1402/1402/1402 1403/1403/1403 1402/1402/1402 
f 1402/1402/1402 1403/1403/1403 1404/1404/1404 
f 1403/1403/1403 1405/1405/1405 1404/1404/1404 
f 1404/1404/1404 1405/1405/1405 1405/1405/1405 
f 1405/1405/1405 1406/1406/1406 1405/1405/1405 
f 1405/1405/1405 1406/1406/1406 1406/1406/1406 
f 1406/1406/1406 1407/1407/1407 1406/1406/1406 
f 1406/1406/1406 1407/1407/1407 1408/1408/1408 
f 1407/1407/1407 1407/1407/1407 1408/1408/1408 
f 1408/1408/1408 1407/1407/1407 1409/1409/1409 
f 1407/1407/1407 1407/1407/1407 1409/1409/1409 
f 1409/1409/1409 1407/1407/1407 1410/1410/1410 
f 1407/1407/1407 1407/1407/1407 1410/1410/1410 
f 1410/1410/1410 1407/1407/1407 1411/1411/1411 
f 1407/1407/1407 1412/1412/1412 1411/1411/1411 
f 1411/1411/1411 1412/1412/1412 1413/1413/1413 
f 1412/1412/1412 1412/1412/1412 1413/1413/1413 
f 1413/1413/1413 1412/1412/1412 1414/1414/1414 
f 1412/1412/1412 1406/1406/1406 1414/1414/1414 
f 1414/1414/1414 1406/1406/1406 1415/1415/1415 
f 1406/1406/1406 1415/1415/1415 1415/1415/1415 
f 1415/1415/1415 1415/1415/1415 1406/1406/1406 
f 1415/1415/1415 1406/1406/1406 1406/1406/1406 
f 1406/1406/1406 1406/1406/1406 1407/1407/1407 
f 1406/1406/1406 1412/1412/1412 1407/1407/1407 
f 1407/1407/1407 1412/1412/1412 1412/1412/1412 
f 1412/1412/1412 1416/1416/1416 1412/1412/1412 
f 1412/1412/1412 1416/1416/1416 1416/1416/1416 
f 1416/1416/1416 1417/1417/1417 1416/1416/1416 
f 1416/1416/1416 1417/1417/1417 1418/1418/1418 
f 1417/1417/1417 1419/1419/1419 1418/1418/1418 
f 1418/1418/1418 1419/1419/1419 1419/1419/1419 
f 1419/1419/1419 1420/1420/1420 1419/1419/1419 
f 1419/1419/1419 1420/1420/1420 1420/1420/1420 
f 1420/1420/1420 1421/1421/1421 1420/1420/1420 
f 1420/1420/1420 1421/1421/1421 1422/1422/1422 
f 1421/1421/1421 1423/1423/1423 1422/1422/1422 
f 1422/1422/1422 1423/1423/1423 1424/1424/1424 
f 1423/1423/1423 1425/1425/1425 1424/1424/1424 
f 1424/1424/1424 1425/1425/1425 1426/1426/1426 
f 1425/1425/1425 1427/1427/1427 1426/1426/1426 
f 1426/1426/1426 1427/1427/1427 1427/1427/1427 
f 1427/1427/1427 1428/1428/1428 1427/1427/1427 
f 1427/1427/1427 1428/1428/1428 1428/1428/1428 
f 1428/1428/1428 1429/1429/1429 1428/1428/1428 
f 1428/1428/1428 1429/1429/1429 1430/1430/1430 
f 1429/1429/1429 1431/1431/1431 1430/1430/1430 
f 1430/1430/1430 1431/1431/1431 1431/1431/1431 
f 1431/1431/1431 1432/1432/1432 1431/1431/1431 
f 1431/1431/1431 1432/1432/1432 1432/1432/1432 
f 1432/1432/1432 1433/1433/1433 1432/1432/1432 
f 1432/1432/1432 1433/1433/1433 1434/1434/1434 
f 1433/1433/1433 1433/1433/1433 1434/1434/1434 
f 1434/1434/1434 1433/1433/1433 1435/1435/1435 
f 1433/1433/1433 1433/1433/1433 1435/1435/1435 
f 1435/1435/1435 1433/1433/1433 1436/1436/1436 
f 1433/1433/1433 1437/1437/1437 1436/1436/1436 
f 1436/1436/1436 1437/1437/1437 1436/1436/1436 
f 1437/1437/1437 1438/1438/1438 1436/1436/1436 
f 1436/1436/1436 1438/1438/1438 1439/1439/1439 
f 1438/1438/1438 1439/1439/1439 1439/1439/1439 
f 1439/1439/1439 1439/1439/1439 1440/1440/1440 
f 1439/1439/1439 1440/1440/1440 1440/1440/1440 
f 1440/1440/1440 1440/1440/1440 1441/1441/1441 
f 1440/1440/1440 1442/1442/1442 1441/1441/1441 
f 1441/1441/1441 1442/1442/1442 1443/1443/1443 
f 1442/1442/1442 1443/1443/1443 1443/1443/1443 
f 1443/1443/1443 1443/1443/1443 1444/1444/1444 
f 1443/1443/1443 1444/1444/1444 1444/1444/1444 
f 1444/1444/1444 1444/1444/1444 1445/1445/1445 
f 1444/1444/1444 1446/1446/1446 1445/1445/1445 
f 1445/1445/1445 1446/1446/1446 1447/1447/1447 
f 1446/1446/1446 1447/1447/1447 1447/1447/1447 
f 1447/1447/1447 1447/1447/1447 1448/1448/1448 
f 1447/1447/1447 1448/1448/1448 1448/1448/1448 
f 1448/1448/1448 1448/1448/1448 1449/1449/1449 
f 1448/1448/1448 1450/1450/1450 1449/1449/1449 
f 1449/1449/1449 1450/1450/1450 1451/1451/1451 
f 1450/1450/1450 1451/1451/1451 1451/1451/1451 
f 1451/1451/1451 1451/1451/1451 1452/1452/1452 
f 1451/1451/1451 1452/1452/1452 1452/1452/1452 
f 1452/1452/1452 1452/1452/1452 1453/1453/1453 
f 1452/1452/1452 1454/1454/1454 1453/1453/1453 
f 1453/1453/1453 1454/1454/1454 1455/1455/1455 
f 1454/1454/1454 1455/1455/1455 1455/1455/1455 
f 1455/1455/1455 1455/1455/1455 1456/1456/1456 
f 1455/1455/1455 1456/1456/1456 1456/1456/1456 
f 1456/1456/1456 1456/1456/1456 1457/1457/1457 
f 1456/1456/1456 1458/1458/1458 1457/1457/1457 
f 1457/1457/1457 1458/1458/1458 1459/1459/1459 
f 1458/1458/1458 1459/1459/1459 1459/1459/1459 
f 1459/1459/1459 1459/1459/1459 1460/1460/1460 
f 1459/1459/1459 1460/1460/1460 1460/1460/1460 
f 1460/1460/1460 1460/1460/1460 1461/1461/1461 
f 1460/1460/1460 1462/1462/1462 1461/1461/1461 
f 1461/1461/1461 1462/1462/1462 1463/1463/1463 
f 1462/1462/1462 1463/1463/1463 1463/1463/1463 
f 1463/1463/1463 1463/1463/1463 1464/1464/1464 
f 1463/1463/1463 1464/1464/1464 1464/1464/1464 
f 1464/1464/1464 1464/1464/1464 1465/1465/1465 
f 1464/1464/1464 1466/1466/1466 1465/1465/1465 
f 1465/1465/1465 1466/1466/1466 1467/1467/1467 
f 1466/1466/1466 1467/1467/1467 1467/1467/1467 
f 1467/1467/1467 1467/1467/1467 1468/1468/1468 
f 1467/1467/1467 1468/1468/1468 1468/1468/1468 
f 1468/1468/1468 1468/1468/1468 1469/1469/1469 
f 1468/1468/1468 1470/1470/1470 1469/1469/1469 
f 1469/1469/1469 1470/1470/1470 1471/1471/1471 
f 1470/1470/1470 1471/1471/1471 1471/1471/1471 
f 1471/1471/1471 1471/1471/1471 1472/1472/1472 
f 1471/1471/1471 1472/1472/1472 1472/1472/1472 
f 1472/1472/1472 1472/1472/1472 1473/1473/1473 
f 1472/1472/1472 1474/1474/1474 1473/1473/1473 
f 1473/1473/1473 1474/1474/1474 1475/1475/1475 
f 1474/1474/1474 1475/1475/1475 1475/1475/1475 
f 1475/1475/1475 1475/1475/1475 1476/1476/1476 
f 1475/1475/1475 1476/1476/1476 1476/1476/1476 
f 1476/1476/1476 1476/1476/1476 1477/1477/1477 
f 1476/1476/1476 1478/1478/1478 1477/1477/1477 
f 1477/1477/1477 1478/1478/1478 1479/1479/1479 
f 1478/1478/1478 1479/1479/1479 1479/1479/1479 
f 1479/1479/1479 1479/1479/1479 1480/1480/1480 
f 1479/1479/1479 1480/1480/1480 1480/1480/1480 
f 1480/1480/1480 1480/1480/1480 1481/1481/1481 
f 1480/1480/1480 1482/1482/1482 1481/1481/1481 
f 1481/1481/1481 1482/1482/1482 1483/1483/1483 
f 1482/1482/1482 1484/1484/1484 1483/1483/1483 
f 1483/1483/1483 1484/1484/1484 1485/1485/1485 
f 1484/1484/1484 1486/1486/1486 1485/1485/1485 
f 1485/1485/1485 1486/1486/1486 1487/1487/1487 
f 1486/1486/1486 1487/1487/1487 1487/1487/1487 
f 1487/1487/1487 1487/1487/1487 1488/1488/1488 
f 1487/1487/1487 1488/1488/1488 1488/1488/1488 
f 1488/1488/1488 1488/1488/1488 1489/1489/1489 
f 1488/1488/1488 1490/1490/1490 1489/1489/1489 
f 1489/1489/1489 1490/1490/1490 1491/1491/1491 
f 1490/1490/1490 1491/1491/1491 1491/1491/1491 
f 1491/1491/1491 1491/1491/1491 1492/1492/1492 
f 1491/1491/1491 1492/1492/1492 1492/1492/1492 
f 1492/1492/1492 1492/1492/1492 1493/1493/1493 
f 1492/1492/1492 1494/1494/1494 1493/1493/1493 
f 1493/1493/1493 1494/1494/1494 1495/1495/1495 
f 1494/1494/1494 1496/1496/1496 1495/1495/1495 
f 1495/1495/1495 1496/1496/1496 1497/1497/1497 
f 1496/1496/1496 1498/1498/1498 1497/1497/1497 
f 1497/1497/1497 1498/1498/1498 1499/1499/1499 
f 1498/1498/1498 1499/1499/1499 1499/1499/1499 
f 1499/1499/1499 1499/1499/1499 1500/1500/1500 
f 1499/1499/1499 1500/1500/1500 1500/1500/1500 
f 1500/1500/1500 1500/1500/1500 1501/1501/1501 
f 1500/1500/1500 1502/1502/1502 1501/1501/1501 
f 1501/1501/1501 1502/1502/1502 1503/1503/1503 
f 1502/1502/1502 1503/1503/1503 1503/1503/1503 
f 1503/1503/1503 1503/1503/1503 1504/1504/1504 
f 1503/1503/1503 1504/1504/1504 1504/1504/1504 
f 1504/1504/1504 1504/1504/1504 1505/1505/1505 
f 1504/1504/1504 1506/1506/1506 1505/1505/1505 
f 1505/1505/1505 1506/1506/1506 1507/1507/1507 
f 1506/1506/1506 1507/1507/1507 1507/1507/1507 
f 1507/1507/1507 1507/1507/1507 1508/1508/1508 
f 1507/1507/1507 1508/1508/1508 1508/1508/1508 
f 1508/1508/1508 1508/1508/1508 1509/1509/1509 
f 1508/1508/1508 1510/1510/1510 1509/1509/1509 
f 1509/1509/1509 1510/1510/1510 1511/1511/1511 
f 1510/1510/1510 1511/1511/1511 1511/1511/1511 
f 1511/1511/1511 1511/1511/1511 1512/1512/1512 
f 1511/1511/1511 1512/1512/1512 1512/1512/1512 
f 1512/1512/1512 1512/1512/1512 1513/1513/1513 
f 1512/1512/1512 1514/1514/1514 1513/1513/1513 
f 1513/1513/1513 1514/1514/1514 1515/1515/1515 
f 1514/1514/1514 1515/1515/1515 1515/1515/1515 
f 1515/1515/1515 1515/1515/1515 1516/1516/1516 
f 1515/1515/1515 1516/1516/1516 1516/1516/1516 
f 1516/1516/1516 1516/1516/1516 1517/1517/1517 
f 1516/1516/1516 1518/1518/1518 1517/1517/1517 
f 1517/1517/1517 1518/1518/1518 1519/1519/1519 
f 1518/1518/1518 1519/1519/1519 1519/1519/1519 
f 1519/1519/1519 1519/1519/1519 1520/1520/1520 
f 1519/1519/1519 1520/1520/1520 1520/1520/1520 
f 1520/1520/1520 1520/1520/1520 1521/1521/1521 
f 1520/1520/1520 1522/1522/1522 1521/1521/1521 
f 1521/1521/1521 1522/1522/1522 1523/1523/1523 
f 1522/1522/1522 1523/1523/1523 1523/1523/1523 
f 1523/1523/1523 1523/1523/1523 1524/1524/1524 
f 1523/1523/1523 1524/1524/1524 1524/1524/1524 
f 1524/1524/1524 1524/1524/1524 1525/1525/1525 
f 1524/1524/1524 1526/1526/1526 1525/1525/1525 
f 1525/1525/1525 1526/1526/1526 1527/1527/1527 
f 1526/1526/1526 1527/1527/1527 1527/1527/1527 
f 1527/1527/1527 1527/1527/1527 1528/1528/1528 
f 1527/1527/1527 1528/1528/1528 1528/1528/1528 
f 1528/1528/1528 1528/1528/1528 1529/1529/1529 
f 1528/1528/1528 1530/1530/1530 1529/1529/1529 
f 1529/1529/1529 1530/1530/1530 1531/1531/1531 
f 1530/1530/1530 1531/1531/1531 1531/1531/1531 
f 1531/1531/1531 1531/1531/1531 1532/1532/1532 
f 1531/1531/1531 1532/1532/1532 1532/1532/1532 
f 1532/1532/1532 1532/1532/1532 1533/1533/1533 
f 1532/1532/1532 1534/1534/1534 1533/1533/1533 
f 1533/1533/1533 1534/1534/1534 1535/1535/1535 
f 1534/1534/1534 1535/1535/1535 1535/1535/1535 
f 1535/1535/1535 1535/1535/1535 1536/1536/1536 
f 1535/1535/1535 1536/1536/1536 1536/1536/1536 
f 1536/1536/1536 1536/1536/1536 1537/1537/1537 
f 1536/1536/1536 1538/1538/1538 1537/1537/1537 
f 1537/1537/1537 1538/1538/1538 1539/1539/1539 
f 1538/1538/1538 1539/1539/1539 1539/1539/1539 
f 1539/1539/1539 1539/1539/1539 1540/1540/1540 
f 1539/1539/1539 1540/1540/1540 1540/1540/1540 
f 1540/1540/1540 1540/1540/1540 1541/1541/1541 
f 1540/1540/1540 1542/1542/1542 1541/1541/1541 
f 1541/1541/1541 1542/1542/1542 1543/1543/1543 
f 1542/1542/1542 1543/1543/1543 1543/1543/1543 
f 1543/1543/1543 1543/1543/1543 1544/1544/1544 
f 1543/1543/1543 1544/1544/1544 1544/1544/1544 
f 1544/1544/1544 1544/1544/1544 1545/1545/1545 
f 1544/1544/1544 1546/1546/1546 1545/1545/1545 
f 1545/1545/1545 1546/1546/1546 1547/1547/1547 
f 1546/1546/1546 1547/1547/1547 1547/1547/1547 
f 1547/1547/1547 1547/1547/1547 1548/1548/1548 
f 1547/1547/1547 1548/1548/1548 1548/1548/1548 
f 1548/1548/1548 1548/1548/1548 1549/1549/1549 
f 1548/1548/1548 1550/1550/1550 1549/1549/1549 
f 1549/1549/1549 1550/1550/1550 1551/1551/1551 
f 1550/1550/1550 1551/1551/1551 1551/1551/1551 
f 1551/1551/1551 1551/1551/1551 1552/1552/1552 
f 1551/1551/1551 1552/1552/1552 1552/1552/1552 
f 1552/1552/1552 1552/1552/1552 1553/1553/1553 
f 1552/1552/1552 1554/1554/1554 1553/1553/1553 
f 1553/1553/1553 1554/1554/1554 1555/1555/1555 
f 1554/1554/1554 1555/1555/1555 1555/1555/1555 
f 1555/1555/1555 1555/1555/1555 1556/1556/1556 
f 1555/1555/1555 1556/1556/1556 1556/1556/1556 
f 1556/1556/1556 1556/1556/1556 1557/1557/1557 
f 1556/1556/1556 1558/1558/1558 1557/1557/1557 
f 1557/1557/1557 1558/1558/1558 1559/1559/1559 
f 1558/1558/1558 1559/1559/1559 1559/1559/1559 
f 1559/1559/1559 1559/1559/1559 1560/1560/1560 
f 1559/1559/1559 1560/1560/1560 1560/1560/1560 
f 1560/1560/1560 1560/1560/1560 1561/1561/1561 
f 1560/1560/1560 1562/1562/1562 1561/1561/1561 
f 1561/1561/1561 1562/1562/1562 1563/1563/1563 
f 1562/1562/1562 1563/1563/1563 1563/1563/1563 
f 1563/1563/1563 1563/1563/1563 1564/1564/1564 
f 1563/1563/1563 1564/1564/1564 1564/1564/1564 
f 1564/1564/1564 1564/1564/1564 1565/1565/1565 
f 1564/1564/1564 1566/1566/1566 1565/1565/1565 
f 1565/1565/1565 1566/1566/1566 1567/1567/1567 
f 1566/1566/1566 1567/1567/1567 1567/1567/1567 
f 1567/1567/1567 1567/1567/1567 1568/1568/1568 
f 1567/1567/1567 1568/1568/1568 1568/1568/1568 
f 1568/1568/1568 1568/1568/1568 1569/1569/1569 
f 1568/1568/1568 1570/1570/1570 1569/1569/1569 
f 1569/1569/1569 1570/1570/1570 1571/1571/1571 
f 1570/1570/1570 1571/1571/1571 1571/1571/1571 
f 1571/1571/1571 1571/1571/1571 1572/1572/1572 
f 1571/1571/1571 1572/1572/1572 1572/1572/1572 
f 1572/1572/1572 1572/1572/1572 1573/1573/1573 
f 1572/1572/1572 1574/1574/1574 1573/1573/1573 
f 1573/1573/1573 1574/1574/1574 1573/1573/1573 
f 1574/1574/1574 1575/1575/1575 1573/1573/1573 
f 1573/1573/1573 1575/1575/1575 1576/1576/1576 
f 1575/1575/1575 1577/1577/1577 1576/1576/1576 
f 1576/1576/1576 1577/1577/1577 1578/1578/1578 
f 1577/1577/1577 1579/1579/1579 1578/1578/1578 
f 1578/1578/1578 1579/1579/1579 1579/1579/1579 
f 1579/1579/1579 1580/1580/1580 1579/1579/1579 
f 1579/1579/1579 1580/1580/1580 1580/1580/1580 
f 1580/1580/1580 1581/1581/1581 1580/1580/1580 
f 1580/1580/1580 1581/1581/1581 1582/1582/1582 
f 1581/1581/1581 1583/1583/1583 1582/1582/1582 
f 1582/1582/1582 1583/1583/1583 1583/1583/1583 
f 1583/1583/1583 1584/1584/1584 1583/1583/1583 
f 1583/1583/1583 1584/1584/1584 1584/1584/1584 
f 1584/1584/1584 1585/1585/1585 1584/1584/1584 
f 1584/1584/1584 1585/1585/1585 1586/1586/1586 
f 1585/1585/1585 1587/1587/1587 1586/1586/1586 
f 1586/1586/1586 1587/1587/1587 1588/1588/1588 
f 1587/1587/1587 1589/1589/1589 1588/1588/1588 
f 1588/1588/1588 1589/1589/1589 1590/1590/1590 
f 1589/1589/1589 1591/1591/1591 1590/1590/1590 
f 1590/1590/1590 1591/1591/1591 1591/1591/1591 
f 1591/1591/1591 1592/1592/1592 1591/1591/1591 
f 1591/1591/1591 1592/1592/1592 1592/1592/1592 
f 1592/1592/1592 1593/1593/1593 1592/1592/1592 
f 1592/1592/1592 1593/1593/1593 1594/1594/1594 
f 1593/1593/1593 1595/1595/1595 1594/1594/1594 
f 1594/1594/1594 1595/1595/1595 1595/1595/1595 
f 1595/1595/1595 1596/1596/1596 1595/1595/1595 
f 1595/1595/1595 1596/1596/1596 1596/1596/1596 
f 1596/1596/1596 1597/1597/1597 1596/1596/1596 
f 1596/1596/1596 1597/1597/1597 1598/1598/1598 
f 1597/1597/1597 1599/1599/1599 1598/1598/1598 
f 1598/1598/1598 1599/1599/1599 1599/1599/1599 
f 1599/1599/1599 1600/1600/1600 1599/1599/1599 
f 1599/1599/1599 1600/1600/1600 1600/1600/1600 
f 1600/1600/1600 1601/1601/1601 1600/1600/1600 
f 1600/1600/1600 1601/1601/1601 1602/1602/1602 
f 1601/1601/1601 1603/1603/1603 1602/1602/1602 
f 1602/1602/1602 1603/1603/1603 1603/1603/1603 
f 1603/1603/1603 1604/1604/1604 1603/1603/1603 
f 1603/1603/1603 1604/1604/1604 1604/1604/1604 
f 1604/1604/1604 1605/1605/1605 1604/1604/1604 
f 1604/1604/1604 1605/1605/1605 1606/1606/1606 
f 1605/1605/1605 1607/1607/1607 1606/1606/1606 
f 1606/1606/1606 1607/1607/1607 1607/1607/1607 
f 1607/1607/1607 1608/1608/1608 1607/1607/1607 
f 1607/1607/1607 1608/1608/1608 1608/1608/1608 
f 1608/1608/1608 1609/1609/1609 1608/1608/1608 
f 1608/1608/1608 1609/1609/1609 1610/1610/1610 
f 1609/1609/1609 1611/1611/1611 1610/1610/1610 
f 1610/1610/1610 1611/1611/1611 1611/1611/1611 
f 1611/1611/1611 1612/1612/1612 1611/1611/1611 
f 1611/1611/1611 1612/1612/1612 1612/1612/1612 
f 1612/1612/1612 1613/1613/1613 1612/1612/1612 
f 1612/1612/1612 1613/1613/1613 1614/1614/1614 
f 1613/1613/1613 1615/1615/1615 1614/1614/1614 
f 1614/1614/1614 1615/1615/1615 1615/1615/1615 
f 1615/1615/1615 1616/1616/1616 1615/1615/1615 
f 1615/1615/1615 1616/1616/1616 1616/1616/1616 
f 1616/1616/1616 1617/1617/1617 1616/1616/1616 
f 1616/1616/1616 1617/1617/1617 1618/1618/1618 
f 1617/1617/1617 1619/1619/1619 1618/1618/1618 
f 1618/1618/1618 1619/1619/1619 1619/1619/1619 
f 1619/1619/1619 1620/1620/1620 1619/1619/1619 
f 1619/1619/1619 1620/1620/1620 1620/1620/1620 
f 1620/1620/1620 1621/1621/1621 1620/1620/1620 
f 1620/1620/1620 1621/1621/1621 1622/1622/1622 
f 1621/1621/1621 1623/1623/1623 1622/1622/1622 
f 1622/1622/1622 1623/1623/1623 1623/1623/1623 
f 1623/1623/1623 1624/1624/1624 1623/1623/1623 
f 1623/1623/1623 1624/1624/1624 1624/1624/1624 
f 1624/1624/1624 1625/1625/1625 1624/1624/1624 
f 1624/1624/1624 1625/1625/1625 1626/1626/1626 
f 1625/1625/1625 1625/1625/1625 1626/1626/1626 
f 1626/1626/1626 1625/1625/1625 1627/1627/1627 
f 1625/1625/1625 1628/1628/1628 1627/1627/1627 
f 1627/1627/1627 1628/1628/1628 1629/1629/1629 
f 1628/1628/1628 1630/1630/1630 1629/1629/1629 
f 1629/1629/1629 1630/1630/1630 1631/1631/1631 
f 1630/1630/1630 1632/1632/1632 1631/1631/1631 
f 1631/1631/1631 1632/1632/1632 1633/1633/1633 
f 1632/1632/1632 1634/1634/1634 1633/1633/1633 
f 1633/1633/1633 1634/1634/1634 1635/1635/1635 
f 1634/1634/1634 1636/1636/1636 1635/1635/1635 
f 1635/1635/1635 1636/1636/1636 1637/1637/1637 
f 1636/1636/1636 1638/1638/1638 1637/1637/1637 
f 1637/1637/1637 1638/1638/1638 1639/1639/1639 
f 1638/1638/1638 1640/1640/1640 1639/1639/1639 
f 1639/1639/1639 1640/1640/1640 1641/1641/1641 
f 1640/1640/1640 1641/1641/1641 1641/1641/1641 
f 1641/1641/1641 1641/1641/1641 1640/1640/1640 
f 1641/1641/1641 1640/1640/1640 1640/1640/1640 
f 1640/1640/1640 1640/1640/1640 1642/1642/1642 
f 1640/1640/1640 1638/1638/1638 1642/1642/1642 
f 1642/1642/1642 1638/1638/1638 1642/1642/1642 
f 1638/1638/1638 1636/1636/1636 1642/1642/1642 
f 1642/1642/1642 1636/1636/1636 1643/1643/1643 
f 1636/1636/1636 1634/1634/1634 1643/1643/1643 
f 1643/1643/1643 1634/1634/1634 1643/1643/1643 
f 1634/1634/1634 1632/1632/1632 1643/1643/1643 
f 1643/1643/1643 1632/1632/1632 1644/1644/1644 
f 1632/1632/1632 1645/1645/1645 1644/1644/1644 
f 1644/1644/1644 1645/1645/1645 1646/1646/1646 
f 1645/1645/1645 1646/1646/1646 1646/1646/1646 
f 1646/1646/1646 1646/1646/1646 1640/1640/1640 
f 1646/1646/1646 1640/1640/1640 1640/1640/1640 
f 1640/1640/1640 1640/1640/1640 1647/1647/1647 
f 1640/1640/1640 1642/1642/1642 1647/1647/1647 
f 1647/1647/1647 1642/1642/1642 1648/1648/1648 
f 1642/1642/1642 1643/1643/1643 1648/1648/1648 
f 1648/1648/1648 1643/1643/1643 1649/1649/1649 
f 1643/1643/1643 1644/1644/1644 1649/1649/1649 
f 1649/1649/1649 1644/1644/1644 1644/1644/1644 
f 1644/1644/1644 1632/1632/1632 1644/1644/1644 
f 1644/1644/1644 1632/1632/1632 1632/1632/1632 
f 1632/1632/1632 1630/1630/1630 1632/1632/1632 
f 1632/1632/1632 1630/1630/1630 1645/1645/1645 
f 1630/1630/1630 1628/1628/1628 1645/1645/1645 
f 1645/1645/1645 1628/1628/1628 1650/1650/1650 
f 1628/1628/1628 1625/1625/1625 1650/1650/1650 
f 1650/1650/1650 1625/1625/1625 1650/1650/1650 
f 1625/1625/1625 1624/1624/1624 1650/1650/1650 
f 1650/1650/1650 1624/1624/1624 1650/1650/1650 
f 1624/1624/1624 1651/1651/1651 1650/1650/1650 
f 1650/1650/1650 1651/1651/1651 1650/1650/1650 
f 1651/1651/1651 1652/1652/1652 1650/1650/1650 
f 1650/1650/1650 1652/1652/1652 1650/1650/1650 
f 1652/1652/1652 1646/1646/1646 1650/1650/1650 
f 1650/1650/1650 1646/1646/1646 1645/1645/1645 
f 1646/1646/1646 1645/1645/1645 1645/1645/1645 
f 1645/1645/1645 1645/1645/1645 1653/1653/1653 
f 1645/1645/1645 1653/1653/1653 1653/1653/1653 
f 1653/1653/1653 1653/1653/1653 1654/1654/1654 
f 1653/1653/1653 1655/1655/1655 1654/1654/1654 
f 1654/1654/1654 1655/1655/1655 1654/1654/1654 
f 1655/1655/1655 1656/1656/1656 1654/1654/1654 
f 1654/1654/1654 1656/1656/1656 1657/1657/1657 
f 1656/1656/1656 1658/1658/1658 1657/1657/1657 
f 1657/1657/1657 1658/1658/1658 1659/1659/1659 
f 1658/1658/1658 1660/1660/1660 1659/1659/1659 
f 1659/1659/1659 1660/1660/1660 1660/1660/1660 
f 1660/1660/1660 1661/1661/1661 1660/1660/1660 
f 1660/1660/1660 1661/1661/1661 1661/1661/1661 
f 1661/1661/1661 1662/1662/1662 1661/1661/1661 
f 1661/1661/1661 1662/1662/1662 1663/1663/1663 
f 1662/1662/1662 1664/1664/1664 1663/1663/1663 
f 1663/1663/1663 1664/1664/1664 1663/1663/1663 
f 1664/1664/1664 1665/1665/1665 1663/1663/1663 
f 1663/1663/1663 1665/1665/1665 1666/1666/1666 
f 1665/1665/1665 1666/1666/1666 1666/1666/1666 
f 1666/1666/1666 1666/1666/1666 1667/1667/1667 
f 1666/1666/1666 1667/1667/1667 1667/1667/1667 
f 1667/1667/1667 1667/1667/1667 1668/1668/1668 
f 1667/1667/1667 1669/1669/1669 1668/1668/1668 
f 1668/1668/1668 1669/1669/1669 1670/1670/1670 
f 1669/1669/1669 1670/1670/1670 1670/1670/1670 
f 1670/1670/1670 1670/1670/1670 1671/1671/1671 
f 1670/1670/1670 1671/1671/1671 1671/1671/1671 
f 1671/1671/1671 1671/1671/1671 1672/1672/1672 
f 1671/1671/1671 1673/1673/1673 1672/1672/1672 
f 1672/1672/1672 1673/1673/1673 1672/1672/1672 
f 1673/1673/1673 1674/1674/1674 1672/1672/1672 
f 1672/1672/1672 1674/1674/1674 1675/1675/1675 
f 1674/1674/1674 1676/1676/1676 1675/1675/1675 
f 1675/1675/1675 1676/1676/1676 1676/1676/1676 
f 1676/1676/1676 1677/1677/1677 1676/1676/1676 
f 1676/1676/1676 1677/1677/1677 1677/1677/1677 
f 1677/1677/1677 1678/1678/1678 1677/1677/1677 
f 1677/1677/1677 1678/1678/1678 1679/1679/1679 
f 1678/1678/1678 1678/1678/1678 1679/1679/1679 
f 1679/1679/1679 1678/1678/1678 1680/1680/1680 
f 1678/1678/1678 1678/1678/1678 1680/1680/1680 
f 1680/1680/1680 1678/1678/1678 1681/1681/1681 
f 1678/1678/1678 1682/1682/1682 1681/1681/1681 
f 1681/1681/1681 1682/1682/1682 1682/1682/1682 
f 1682/1682/1682 1683/1683/1683 1682/1682/1682 
f 1682/1682/1682 1683/1683/1683 1683/1683/1683 
f 1683/1683/1683 1684/1684/1684 1683/1683/1683 
f 1683/1683/1683 1684/1684/1684 1685/1685/1685 
f 1684/1684/1684 1686/1686/1686 1685/1685/1685 
f 1685/1685/1685 1686/1686/1686 1686/1686/1686 
f 1686/1686/1686 1687/1687/1687 1686/1686/1686 
f 1686/1686/1686 1687/1687/1687 1687/1687/1687 
f 1687/1687/1687 1688/1688/1688 1687/1687/1687 
f 1687/1687/1687 1688/1688/1688 1689/1689/1689 
f 1688/1688/1688 1690/1690/1690 1689/1689/1689 
f 1689/1689/1689 1690/1690/1690 1690/1690/1690 
f 1690/1690/1690 1691/1691/1691 1690/1690/1690 
f 1690/1690/1690 1691/1691/1691 1691/1691/1691 
f 1691/1691/1691 1692/1692/1692 1691/1691/1691 
f 1691/1691/1691 1692/1692/1692 1693/1693/1693 
f 1692/1692/1692 1694/1694/1694 1693/1693/1693 
f 1693/1693/1693 1694/1694/1694 1694/1694/1694 
f 1694/1694/1694 1695/1695/1695 1694/1694/1694 
f 1694/1694/1694 1695/1695/1695 1695/1695/1695 
f 1695/1695/1695 1696/1696/1696 1695/1695/1695 
f 1695/1695/1695 1696/1696/1696 1697/1697/1697 
f 1696/1696/1696 1698/1698/1698 1697/1697/1697 
f 1697/1697/1697 1698/1698/1698 1698/1698/1698 
f 1698/1698/1698 1699/1699/1699 1698/1698/1698 
f 1698/1698/1698 1699/1699/1699 1699/1699/1699 
f 1699/1699/1699 1700/1700/1700 1699/1699/1699 
f 1699/1699/1699 1700/1700/1700 1701/1701/1701 
f 1700/1700/1700 1702/1702/1702 1701/1701/1701 
f 1701/1701/1701 1702/1702/1702 1702/1702/1702 
f 1702/1702/1702 1703/1703/1703 1702/1702/1702 
f 1702/1702/1702 1703/1703/1703 1703/1703/1703 
f 1703/1703/1703 1704/1704/1704 1703/1703/1703 
f 1703/1703/1703 1704/1704/1704 1705/1705/1705 
f 1704/1704/1704 1706/1706/1706 1705/1705/1705 
f 1705/1705/1705 1706/1706/1706 1706/1706/1706 
f 1706/1706/1706 1707/1707/1707 1706/1706/1706 
f 1706/1706/1706 1707/1707/1707 1707/1707/1707 
f 1707/1707/1707 1708/1708/1708 1707/1707/1707 
f 1707/1707/1707 1708/1708/1708 1709/1709/1709 
f 1708/1708/1708 1710/1710/1710 1709/1709/1709 
f 1709/1709/1709 1710/1710/1710 1710/1710/1710 
f 1710/1710/1710 1711/1711/1711 1710/1710/1710 
f 1710/1710/1710 1711/1711/1711 1711/1711/1711 
f 1711/1711/1711 1712/1712/1712 1711/1711/1711 
f 1711/1711/1711 1712/1712/1712 1713/1713/1713 
f 1712/1712/1712 1714/1714/1714 1713/1713/1713 
f 1713/1713/1713 1714/1714/1714 1714/1714/1714 
f 1714/1714/1714 1715/1715/1715 1714/1714/1714 
f 1714/1714/1714 1715/1715/1715 1715/1715/1715 
f 1715/1715/1715 1716/1716/1716 1715/1715/1715 
f 1715/1715/1715 1716/1716/1716 1717/1717/1717 
f 1716/1716/1716 1718/1718/1718 1717/1717/1717 
f 1717/1717/1717 1718/1718/1718 1718/1718/1718 
f 1718/1718/1718 1719/1719/1719 1718/1718/1718 
f 1718/1718/1718 1719/1719/1719 1719/1719/1719 
f 1719/1719/1719 1720/1720/1720 1719/1719/1719 
f 1719/1719/1719 1720/1720/1720 1721/1721/1721 
f 1720/1720/1720 1722/1722/1722 1721/1721/1721 
f 1721/1721/1721 1722/1722/1722 1722/1722/1722 
f 1722/1722/1722 1723/1723/1723 1722/1722/1722 
f 1722/1722/1722 1723/1723/1723 1723/1723/1723 
f 1723/1723/1723 1724/1724/1724 1723/1723/1723 
f 1723/1723/1723 1724/1724/1724 1725/1725/1725 
f 1724/1724/1724 1726/1726/1726 1725/1725/1725 
f 1725/1725/1725 1726/1726/1726 1726/1726/1726 
f 1726/1726/1726 1727/1727/1727 1726/1726/1726 
f 1726/1726/1726 1727/1727/1727 1727/1727/1727 
f 1727/1727/1727 1728/1728/1728 1727/1727/1727 
f 1727/1727/1727 1728/1728/1728 1729/1729/1729 
f 1728/1728/1728 1730/1730/1730 1729/1729/1729 
f 1729/1729/1729 1730/1730/1730 1730/1730/1730 
f 1730/1730/1730 1731/1731/1731 1730/1730/1730 
f 1730/1730/1730 1731/1731/1731 1731/1731/1731 
f 1731/1731/1731 1732/1732/1732 1731/1731/1731 
f 1731/1731/1731 1732/1732/1732 1733/1733/1733 
f 1732/1732/1732 1734/1734/1734 1733/1733/1733 
f 1733/1733/1733 1734/1734/1734 1734/1734/1734 
f 1734/1734/1734 1735/1735/1735 1734/1734/1734 
f 1734/1734/1734 1735/1735/1735 1735/1735/1735 
f 1735/1735/1735 1736/1736/1736 1735/1735/1735 
f 1735/1735/1735 1736/1736/1736 1737/1737/1737 
f 1736/1736/1736 1738/1738/1738 1737/1737/1737 
f 1737/1737/1737 1738/1738/1738 1738/1738/1738 
f 1738/1738/1738 1739/1739/1739 1738/1738/1738 
f 1738/1738/1738 1739/1739/1739 1739/1739/1739 
f 1739/1739/1739 1740/1740/1740 1739/1739/1739 
f 1739/1739/1739 1740/1740/1740 1741/1741/1741 
f 1740/1740/1740 1742/1742/1742 1741/1741/1741 
f 1741/1741/1741 1742/1742/1742 1742/1742/1742 
f 1742/1742/1742 1743/1743/1743 1742/1742/1742 
f 1742/1742/1742 1743/1743/1743 1743/1743/1743 
f 1743/1743/1743 1744/1744/1744 1743/1743/1743 
f 1743/1743/1743 1744/1744/1744 1745/1745/1745 
f 1744/1744/1744 1746/1746/1746 1745/1745/1745 
f 1745/1745/1745 1746/1746/1746 1746/1746/1746 
f 1746/1746/1746 1747/1747/1747 1746/1746/1746 
f 1746/1746/1746 1747/1747/1747 1747/1747/1747 
f 1747/1747/1747 1748/1748/1748 1747/1747/1747 
f 1747/1747/1747 1748/1748/1748 1749/1749/1749 
f 1748/1748/1748 1750/1750/1750 1749/1749/1749 
f 1749/1749/1749 1750/1750/1750 1750/1750/1750 
f 1750/1750/1750 1751/1751/1751 1750/1750/1750 
f 1750/1750/1750 1751/1751/1751 1751/1751/1751 
f 1751/1751/1751 1752/1752/1752 1751/1751/1751 
f 1751/1751/1751 1752/1752/1752 1753/1753/1753 
f 1752/1752/1752 1754/1754/1754 1753/1753/1753 
f 1753/1753/1753 1754/1754/1754 1754/1754/1754 
f 1754/1754/1754 1755/1755/1755 1754/1754/1754 
f 1754/1754/1754 1755/1755/1755 1755/1755/1755 
f 1755/1755/1755 1756/1756/1756 1755/1755/1755 
f 1755/1755/1755 1756/1756/1756 1757/1757/1757 
f 1756/1756/1756 1756/1756/1756 1757/1757/1757 
f 1757/1757/1757 1756/1756/1756 1758/1758/1758 
f 1756/1756/1756 1759/1759/1759 1758/1758/1758 
f 1758/1758/1758 1759/1759/1759 1758/1758/1758 
f 1759/1759/1759 1760/1760/1760 1758/1758/1758 
f 1758/1758/1758 1760/1760/1760 1761/1761/1761 
f 1760/1760/1760 1760/1760/1760 1761/1761/1761 
f 1761/1761/1761 1760/1760/1760 1762/1762/1762 
f 1760/1760/1760 1763/1763/1763 1762/1762/1762 
f 1762/1762/1762 1763/1763/1763 1764/1764/1764 
f 1763/1763/1763 1765/1765/1765 1764/1764/1764 
f 1764/1764/1764 1765/1765/1765 1765/1765/1765 
f 1765/1765/1765 1756/1756/1756 1765/1765/1765 
f 1765/1765/1765 1756/1756/1756 1756/1756/1756 
f 1756/1756/1756 1755/1755/1755 1756/1756/1756 
f 1756/1756/1756 1755/1755/1755 1766/1766/1766 
f 1755/1755/1755 1755/1755/1755 1766/1766/1766 
f 1766/1766/1766 1755/1755/1755 1767/1767/1767 
f 1755/1755/1755 1768/1768/1768 1767/1767/1767 
f 1767/1767/1767 1768/1768/1768 1767/1767/1767 
f 1768/1768/1768 1769/1769/1769 1767/1767/1767 
f 1767/1767/1767 1769/1769/1769 1770/1770/1770 
f 1769/1769/1769 1769/1769/1769 1770/1770/1770 
f 1770/1770/1770 1769/1769/1769 1771/1771/1771 
f 1769/1769/1769 1772/1772/1772 1771/1771/1771 
f 1771/1771/1771 1772/1772/1772 1772/1772/1772 
f 1772/1772/1772 1773/1773/1773 1772/1772/1772 
f 1772/1772/1772 1773/1773/1773 1773/1773/1773 
f 1773/1773/1773 1774/1774/1774 1773/1773/1773 
f 1773/1773/1773 1774/1774/1774 1775/1775/1775 
f 1774/1774/1774 1776/1776/1776 1775/1775/1775 
f 1775/1775/1775 1776/1776/1776 1777/1777/1777 
f 1776/1776/1776 1778/1778/1778 1777/1777/1777 
f 1777/1777/1777 1778/1778/1778 1779/1779/1779 
f 1778/1778/1778 1780/1780/1780 1779/1779/1779 
f 1779/1779/1779 1780/1780/1780 1781/1781/1781 
f 1780/1780/1780 1782/1782/1782 1781/1781/1781 
f 1781/1781/1781 1782/1782/1782 1783/1783/1783 
f 1782/1782/1782 1784/1784/1784 1783/1783/1783 
f 1783/1783/1783 1784/1784/1784 1785/1785/1785 
f 1784/1784/1784 1786/1786/1786 1785/1785/1785 
f 1785/1785/1785 1786/1786/1786 1786/1786/1786 
f 1786/1786/1786 1787/1787/1787 1786/1786/1786 
f 1786/1786/1786 1787/1787/1787 1787/1787/1787 
f 1787/1787/1787 1788/1788/1788 1787/1787/1787 
f 1787/1787/1787 1788/1788/1788 1789/1789/1789 
f 1788/1788/1788 1790/1790/1790 1789/1789/1789 
f 1789/1789/1789 1790/1790/1790 1789/1789/1789 
f 1790/1790/1790 1791/1791/1791 1789/1789/1789 
f 1789/1789/1789 1791/1791/1791 1792/1792/1792 
f 1791/1791/1791 1791/1791/1791 1792/1792/1792 
f 1792/1792/1792 1791/1791/1791 1793/1793/1793 
f 1791/1791/1791 1794/1794/1794 1793/1793/1793 
f 1793/1793/1793 1794/1794/1794 1793/1793/1793 
f 1794/1794/1794 1795/1795/1795 1793/1793/1793 
f 1793/1793/1793 1795/1795/1795 1796/1796/1796 
f 1795/1795/1795 1797/1797/1797 1796/1796/1796 
f 1796/1796/1796 1797/1797/1797 1798/1798/1798 
f 1797/1797/1797 1799/1799/1799 1798/1798/1798 
f 1798/1798/1798 1799/1799/1799 1800/1800/1800 
f 1799/1799/1799 1800/1800/1800 1800/1800/1800 
f 1800/1800/1800 1800/1800/1800 1801/1801/1801 
f 1800/1800/1800 1801/1801/1801 1801/1801/1801 
f 1801/1801/1801 1801/1801/1801 1802/1802/1802 
f 1801/1801/1801 1803/1803/1803 1802/1802/1802 
f 1802/1802/1802 1803/1803/1803 1802/1802/1802 
f 1803/1803/1803 1804/1804/1804 1802/1802/1802 
f 1802/1802/1802 1804/1804/1804 1805/1805/1805 
f 1804/1804/1804 1806/1806/1806 1805/1805/1805 
f 1805/1805/1805 1806/1806/1806 1807/1807/1807 
f 1806/1806/1806 1808/1808/1808 1807/1807/1807 
f 1807/1807/1807 1808/1808/1808 1807/1807/1807 
f 1808/1808/1808 1809/1809/1809 1807/1807/1807 
f 1807/1807/1807 1809/1809/1809 1810/1810/1810 
f 1809/1809/1809 1809/1809/1809 1810/1810/1810 
f 1810/1810/1810 1809/1809/1809 1811/1811/1811 
f 1809/1809/1809 1812/1812/1812 1811/1811/1811 
f 1811/1811/1811 1812/1812/1812 1811/1811/1811 
f 1812/1812/1812 1813/1813/1813 1811/1811/1811 
f 1811/1811/1811 1813/1813/1813 1814/1814/1814 
f 1813/1813/1813 1814/1814/1814 1814/1814/1814 
f 1814/1814/1814 1814/1814/1814 1815/1815/1815 
f 1814/1814/1814 1815/1815/1815 1815/1815/1815 
f 1815/1815/1815 1815/1815/1815 1816/1816/1816 
f 1815/1815/1815 1817/1817/1817 1816/1816/1816 
f 1816/1816/1816 1817/1817/1817 1816/1816/1816 
f 1817/1817/1817 1818/1818/1818 1816/1816/1816 
f 1816/1816/1816 1818/1818/1818 1816/1816/1816 
f 1818/1818/1818 1819/1819/1819 1816/1816/1816 
f 1816/1816/1816 1819/1819/1819 1820/1820/1820 
f 1819/1819/1819 1821/1821/1821 1820/1820/1820 
f 1820/1820/1820 1821/1821/1821 1822/1822/1822 
f 1821/1821/1821 1823/1823/1823 1822/1822/1822 
f 1822/1822/1822 1823/1823/1823 1824/1824/1824 
f 1823/1823/1823 1825/1825/1825 1824/1824/1824 
f 1824/1824/1824 1825/1825/1825 1824/1824/1824 
f 1825/1825/1825 1826/1826/1826 1824/1824/1824 
f 1824/1824/1824 1826/1826/1826 1827/1827/1827 
f 1826/1826/1826 1828/1828/1828 1827/1827/1827 
f 1827/1827/1827 1828/1828/1828 1829/1829/1829 
f 1828/1828/1828 1830/1830/1830 1829/1829/1829 
f 1829/1829/1829 1830/1830/1830 1829/1829/1829 
f 1830/1830/1830 1831/1831/1831 1829/1829/1829 
f 1829/1829/1829 1831/1831/1831 1832/1832/1832 
f 1831/1831/1831 1832/1832/1832 1832/1832/1832 
f 1832/1832/1832 1832/1832/1832 1833/1833/1833 
f 1832/1832/1832 1833/1833/1833 1833/1833/1833 
f 1833/1833/1833 1833/1833/1833 1834/1834/1834 
f 1833/1833/1833 1835/1835/1835 1834/1834/1834 
f 1834/1834/1834 1835/1835/1835 1834/1834/1834 
f 1835/1835/1835 1836/1836/1836 1834/1834/1834 
f 1834/1834/1834 1836/1836/1836 1837/1837/1837 
f 1836/1836/1836 1836/1836/1836 1837/1837/1837 
f 1837/1837/1837 1836/1836/1836 1838/1838/1838 
f 1836/1836/1836 1839/1839/1839 1838/1838/1838 
f 1838/1838/1838 1839/1839/1839 1840/1840/1840 
f 1839/1839/1839 1841/1841/1841 1840/1840/1840 
f 1840/1840/1840 1841/1841/1841 1842/1842/1842 
f 1841/1841/1841 1842/1842/1842 1842/1842/1842 
f 1842/1842/1842 1842/1842/1842 1843/1843/1843 
f 1842/1842/1842 1843/1843/1843 1843/1843/1843 
f 1843/1843/1843 1843/1843/1843 1844/1844/1844 
f 1843/1843/1843 1845/1845/1845 1844/1844/1844 
f 1844/1844/1844 1845/1845/1845 1846/1846/1846 
f 1845/1845/1845 1847/1847/1847 1846/1846/1846 
f 1846/1846/1846 1847/1847/1847 1848/1848/1848 
f 1847/1847/1847 1849/1849/1849 1848/1848/1848 
f 1848/1848/1848 1849/1849/1849 1850/1850/1850 
f 1849/1849/1849 1849/1849/1849 1850/1850/1850 
f 1850/1850/1850 1849/1849/1849 1851/1851/1851 
f 1849/1849/1849 1852/1852/1852 1851/1851/1851 
f 1851/1851/1851 1852/1852/1852 1852/1852/1852 
f 1852/1852/1852 1845/1845/1845 1852/1852/1852 
f 1852/1852/1852 1845/1845/1845 1845/1845/1845 
f 1845/1845/1845 1843/1843/1843 1845/1845/1845 
f 1845/1845/1845 1843/1843/1843 1853/1853/1853 
f 1843/1843/1843 1854/1854/1854 1853/1853/1853 
f 1853/1853/1853 1854/1854/1854 1855/1855/1855 
f 1854/1854/1854 1856/1856/1856 1855/1855/1855 
f 1855/1855/1855 1856/1856/1856 1857/1857/1857 
f 1856/1856/1856 1858/1858/1858 1857/1857/1857 
f 1857/1857/1857 1858/1858/1858 1857/1857/1857 
f 1858/1858/1858 1859/1859/1859 1857/1857/1857 
f 1857/1857/1857 1859/1859/1859 1860/1860/1860 
f 1859/1859/1859 1860/1860/1860 1860/1860/1860 
f 1860/1860/1860 1860/1860/1860 1861/1861/1861 
f 1860/1860/1860 1861/1861/1861 1861/1861/1861 
f 1861/1861/1861 1861/1861/1861 1862/1862/1862 
f 1861/1861/1861 1863/1863/1863 1862/1862/1862 
f 1862/1862/1862 1863/1863/1863 1864/1864/1864 
f 1863/1863/1863 1865/1865/1865 1864/1864/1864 
f 1864/1864/1864 1865/1865/1865 1864/1864/1864 
f 1865/1865/1865 1866/1866/1866 1864/1864/1864 
f 1864/1864/1864 1866/1866/1866 1867/1867/1867 
f 1866/1866/1866 1868/1868/1868 1867/1867/1867 
f 1867/1867/1867 1868/1868/1868 1869/1869/1869 
f 1868/1868/1868 1870/1870/1870 1869/1869/1869 
f 1869/1869/1869 1870/1870/1870 1870/1870/1870 
f 1870/1870/1870 1871/1871/1871 1870/1870/1870 
f 1870/1870/1870 1871/1871/1871 1871/1871/1871 
f 1871/1871/1871 1872/1872/1872 1871/1871/1871 
f 1871/1871/1871 1872/1872/1872 1873/1873/1873 
f 1872/1872/1872 1872/1872/1872 1873/1873/1873 
f 1873/1873/1873 1872/1872/1872 1874/1874/1874 
f 1872/1872/1872 1875/1875/1875 1874/1874/1874 
f 1874/1874/1874 1875/1875/1875 1876/1876/1876 
f 1875/1875/1875 1875/1875/1875 1876/1876/1876 
f 1876/1876/1876 1875/1875/1875 1877/1877/1877 
f 1875/1875/1875 1878/1878/1878 1877/1877/1877 
f 1877/1877/1877 1878/1878/1878 1877/1877/1877 
f 1878/1878/1878 1879/1879/1879 1877/1877/1877 
f 1877/1877/1877 1879/1879/1879 1880/1880/1880 
f 1879/1879/1879 1881/1881/1881 1880/1880/1880 
f 1880/1880/1880 1881/1881/1881 1882/1882/1882 
f 1881/1881/1881 1882/1882/1882 1882/1882/1882 
f 1882/1882/1882 1882/1882/1882 1883/1883/1883 
f 1882/1882/1882 1883/1883/1883 1883/1883/1883 
f 1883/1883/1883 1883/1883/1883 1884/1884/1884 
f 1883/1883/1883 1885/1885/1885 1884/1884/1884 
f 1884/1884/1884 1885/1885/1885 1886/1886/1886 
f 1885/1885/1885 1887/1887/1887 1886/1886/1886 
f 1886/1886/1886 1887/1887/1887 1888/1888/1888 
f 1887/1887/1887 1889/1889/1889 1888/1888/1888 
f 1888/1888/1888 1889/1889/1889 1890/1890/1890 
f 1889/1889/1889 1891/1891/1891 1890/1890/1890 
f 1890/1890/1890 1891/1891/1891 1892/1892/1892 
f 1891/1891/1891 1892/1892/1892 1892/1892/1892 
f 1892/1892/1892 1892/1892/1892 1893/1893/1893 
f 1892/1892/1892 1893/1893/1893 1893/1893/1893 
f 1893/1893/1893 1893/1893/1893 1894/1894/1894 
f 1893/1893/1893 1895/1895/1895 1894/1894/1894 
f 1894/1894/1894 1895/1895/1895 1896/1896/1896 
f 1895/1895/1895 1897/1897/1897 1896/1896/1896 
f 1896/1896/1896 1897/1897/1897 1898/1898/1898 
f 1897/1897/1897 1898/1898/1898 1898/1898/1898 
f 1898/1898/1898 1898/1898/1898 1899/1899/1899 
f 1898/1898/1898 1899/1899/1899 1899/1899/1899 
f 1899/1899/1899 1899/1899/1899 1900/1900/1900 
f 1899/1899/1899 1901/1901/1901 1900/1900/1900 
f 1900/1900/1900 1901/1901/1901 1900/1900/1900 
f 1901/1901/1901 1902/1902/1902 1900/1900/1900 
f 1900/1900/1900 1902/1902/1902 1900/1900/1900 
f 1902/1902/1902 1903/1903/1903 1900/1900/1900 
f 1900/1900/1900 1903/1903/1903 1904/1904/1904 
f 1903/1903/1903 1905/1905/1905 1904/1904/1904 
f 1904/1904/1904 1905/1905/1905 1906/1906/1906 
f 1905/1905/1905 1906/1906/1906 1906/1906/1906 
f 1906/1906/1906 1906/1906/1906 1907/1907/1907 
f 1906/1906/1906 1907/1907/1907 1907/1907/1907 
f 1907/1907/1907 1907/1907/1907 1908/1908/1908 
f 1907/1907/1907 1909/1909/1909 1908/1908/1908 
f 1908/1908/1908 1909/1909/1909 1910/1910/1910 
f 1909/1909/1909 1911/1911/1911 1910/1910/1910 
f 1910/1910/1910 1911/1911/1911 1912/1912/1912 
f 1911/1911/1911 1913/1913/1913 1912/1912/1912 
f 1912/1912/1912 1913/1913/1913 1914/1914/1914 
f 1913/1913/1913 1915/1915/1915 1914/1914/1914 
f 1914/1914/1914 1915/1915/1915 1916/1916/1916 
f 1915/1915/1915 1915/1915/1915 1916/1916/1916 
f 1916/1916/1916 1915/1915/1915 1917/1917/1917 
f 1915/1915/1915 1918/1918/1918 1917/1917/1917 
f 1917/1917/1917 1918/1918/1918 1917/1917/1917 
f 1918/1918/1918 1919/1919/1919 1917/1917/1917 
f 1917/1917/1917 1919/1919/1919 1920/1920/1920 
f 1919/1919/1919 1921/1921/1921 1920/1920/1920 
f 1920/1920/1920 1921/1921/1921 1922/1922/1922 
f 1921/1921/1921 1922/1922/1922 1922/1922/1922 
f 1922/1922/1922 1922/1922/1922 1923/1923/1923 
f 1922/1922/1922 1923/1923/1923 1923/1923/1923 
f 1923/1923/1923 1923/1923/1923 1924/1924/1924 
f 1923/1923/1923 1925/1925/1925 1924/1924/1924 
f 1924/1924/1924 1925/1925/1925 1926/1926/1926 
f 1925/1925/1925 1925/1925/1925 1926/1926/1926 
f 1926/1926/1926 1925/1925/1925 1927/1927/1927 
f 1925/1925/1925 1925/1925/1925 1927/1927/1927 
f 1927/1927/1927 1925/1925/1925 1928/1928/1928 
f 1925/1925/1925 1925/1925/1925 1928/1928/1928 
f 1928/1928/1928 1925/1925/1925 1929/1929/1929 
f 1925/1925/1925 1930/1930/1930 1929/1929/1929 
f 1929/1929/1929 1930/1930/1930 1930/1930/1930 
f 1930/1930/1930 1931/1931/1931 1930/1930/1930 
f 1930/1930/1930 1931/1931/1931 1931/1931/1931 
f 1931/1931/1931 1932/1932/1932 1931/1931/1931 
f 1931/1931/1931 1932/1932/1932 1933/1933/1933 
f 1932/1932/1932 1932/1932/1932 1933/1933/1933 
f 1933/1933/1933 1932/1932/1932 1934/1934/1934 
f 1932/1932/1932 1932/1932/1932 1934/1934/1934 
f 1934/1934/1934 1932/1932/1932 1935/1935/1935 
f 1932/1932/1932 1936/1936/1936 1935/1935/1935 
f 1935/1935/1935 1936/1936/1936 1937/1937/1937 
f 1936/1936/1936 1938/1938/1938 1937/1937/1937 
f 1937/1937/1937 1938/1938/1938 1939/1939/1939 
f 1938/1938/1938 1938/1938/1938 1939/1939/1939 
f 1939/1939/1939 1938/1938/1938 1940/1940/1940 
f 1938/1938/1938 1941/1941/1941 1940/1940/1940 
f 1940/1940/1940 1941/1941/1941 1942/1942/1942 
f 1941/1941/1941 1943/1943/1943 1942/1942/1942 
f 1942/1942/1942 1943/1943/1943 1944/1944/1944 
f 1943/1943/1943 1944/1944/1944 1944/1944/1944 
f 1944/1944/1944 1944/1944/1944 1945/1945/1945 
f 1944/1944/1944 1945/1945/1945 1945/1945/1945 
f 1945/1945/1945 1945/1945/1945 1946/1946/1946 
f 1945/1945/1945 1947/1947/1947 1946/1946/1946 
f 1946/1946/1946 1947/1947/1947 1946/1946/1946 
f 1947/1947/1947 1948/1948/1948 1946/1946/1946 
f 1946/1946/1946 1948/1948/1948 1946/1946/1946 
f 1948/1948/1948 1949/1949/1949 1946/1946/1946 
f 1946/1946/1946 1949/1949/1949 1950/1950/1950 
f 1949/1949/1949 1951/1951/1951 1950/1950/1950 
f 1950/1950/1950 1951/1951/1951 1952/1952/1952 
f 1951/1951/1951 1953/1953/1953 1952/1952/1952 
f 1952/1952/1952 1953/1953/1953 1952/1952/1952 
f 1953/1953/1953 1954/1954/1954 1952/1952/1952 
f 1952/1952/1952 1954/1954/1954 1955/1955/1955 
f 1954/1954/1954 1956/1956/1956 1955/1955/1955 
f 1955/1955/1955 1956/1956/1956 1957/1957/1957 
f 1956/1956/1956 1958/1958/1958 1957/1957/1957 
f 1957/1957/1957 1958/1958/1958 1958/1958/1958 
f 1958/1958/1958 1959/1959/1959 1958/1958/1958 
f 1958/1958/1958 1959/1959/1959 1959/1959/1959 
f 1959/1959/1959 1960/1960/1960 1959/1959/1959 
f 1959/1959/1959 1960/1960/1960 1961/1961/1961 
f 1960/1960/1960 1960/1960/1960 1961/1961/1961 
f 1961/1961/1961 1960/1960/1960 1962/1962/1962 
f 1960/1960/1960 1960/1960/1960 1962/1962/1962 
f 1962/1962/1962 1960/1960/1960 1963/1963/1963 
f 1960/1960/1960 1964/1964/1964 1963/1963/1963 
f 1963/1963/1963 1964/1964/1964 1964/1964/1964 
f 1964/1964/1964 1965/1965/1965 1964/1964/1964 
f 1964/1964/1964 1965/1965/1965 1965/1965/1965 
f 1965/1965/1965 1966/1966/1966 1965/1965/1965 
f 1965/1965/1965 1966/1966/1966 1967/1967/1967 
f 1966/1966/1966 1966/1966/1966 1967/1967/1967 
f 1967/1967/1967 1966/1966/1966 1968/1968/1968 
f 1966/1966/1966 1969/1969/1969 1968/1968/1968 
f 1968/1968/1968 1969/1969/1969 1970/1970/1970 
f 1969/1969/1969 1971/1971/1971 1970/1970/1970 
f 1970/1970/1970 1971/1971/1971 1972/1972/1972 
f 1971/1971/1971 1973/1973/1973 1972/1972/1972 
f 1972/1972/1972 1973/1973/1973 1974/1974/1974 
f 1973/1973/1973 1974/1974/1974 1974/1974/1974 
f 1974/1974/1974 1974/1974/1974 1975/1975/1975 
f 1974/1974/1974 1975/1975/1975 1975/1975/1975 
f 1975/1975/1975 1975/1975/1975 1976/1976/1976 
f 1975/1975/1975 1977/1977/1977 1976/1976/1976 
f 1976/1976/1976 1977/1977/1977 1978/1978/1978 
f 1977/1977/1977 1979/1979/1979 1978/1978/1978 
f 1978/1978/1978 1979/1979/1979 1980/1980/1980 
f 1979/1979/1979 1980/1980/1980 1980/1980/1980 
f 1980/1980/1980 1980/1980/1980 1981/1981/1981 
f 1980/1980/1980 1981/1981/1981 1981/1981/1981 
f 1981/1981/1981 1981/1981/1981 1982/1982/1982 
f 1981/1981/1981 1983/1983/1983 1982/1982/1982 
f 1982/1982/1982 1983/1983/1983 1984/1984/1984 
f 1983/1983/1983 1985/1985/1985 1984/1984/1984 
f 1984/1984/1984 1985/1985/1985 1986/1986/1986 
f 1985/1985/1985 1987/1987/1987 1986/1986/1986 
f 1986/1986/1986 1987/1987/1987 1988/1988/1988 
f 1987/1987/1987 1989/1989/1989 1988/1988/1988 
f 1988/1988/1988 1989/1989/1989 1990/1990/1990 
f 1989/1989/1989 1990/1990/1990 1990/1990/1990 
f 1990/1990/1990 1990/1990/1990 1991/1991/1991 
f 1990/1990/1990 1991/1991/1991 1991/1991/1991 
f 1991/1991/1991 1991/1991/1991 1992/1992/1992 
f 1991/1991/1991 1993/1993/1993 1992/1992/1992 
f 1992/1992/1992 1993/1993/1993 1994/1994/1994 
f 1993/1993/1993 1995/1995/1995 1994/1994/1994 
f 1994/1994/1994 1995/1995/1995 1994/1994/1994 
f 1995/1995/1995 1996/1996/1996 1994/1994/1994 
f 1994/1994/1994 1996/1996/1996 1997/1997/1997 
f 1996/1996/1996 1996/1996/1996 1997/1997/1997 
f 1997/1997/1997 1996/1996/1996 1998/1998/1998 
f 1996/1996/1996 1999/1999/1999 1998/1998/1998 
f 1998/1998/1998 1999/1999/1999 2000/2000/2000 
f 1999/1999/1999 2001/2001/2001 2000/2000/2000 
f 2000/2000/2000 2001/2001/2001 2001/2001/2001 
f 2001/2001/2001 1993/1993/1993 2001/2001/2001 
f 2001/2001/2001 1993/1993/1993 1993/1993/1993 
f 1993/1993/1993 1991/1991/1991 1993/1993/1993 
f 1993/1993/1993 1991/1991/1991 2002/2002/2002 
f 1991/1991/1991 1991/1991/1991 2002/2002/2002 
f 2002/2002/2002 1991/1991/1991 2003/2003/2003 
f 1991/1991/1991 2004/2004/2004 2003/2003/2003 
f 2003/2003/2003 2004/2004/2004 2003/2003/2003 
f 2004/2004/2004 2005/2005/2005 2003/2003/2003 
f 2003/2003/2003 2005/2005/2005 2006/2006/2006 
f 2005/2005/2005 2005/2005/2005 2006/2006/2006 
f 2006/2006/2006 2005/2005/2005 2007/2007/2007 
f 2005/2005/2005 2008/2008/2008 2007/2007/2007 
f 2007/2007/2007 2008/2008/2008 2008/2008/2008 
f 2008/2008/2008 2009/2009/2009 2008/2008/2008 
f 2008/2008/2008 2009/2009/2009 2009/2009/2009 
f 2009/2009/2009 2010/2010/2010 2009/2009/2009 
f 2009/2009/2009 2010/2010/2010 2011/2011/2011 
f 2010/2010/2010 2012/2012/2012 2011/2011/2011 
f 2011/2011/2011 2012/2012/2012 2013/2013/2013 
f 2012/2012/2012 2014/2014/2014 2013/2013/2013 
f 2013/2013/2013 2014/2014/2014 2015/2015/2015 
f 2014/2014/2014 2016/2016/2016 2015/2015/2015 
f 2015/2015/2015 2016/2016/2016 2017/2017/2017 
f 2016/2016/2016 2018/2018/2018 2017/2017/2017 
f 2017/2017/2017 2018/2018/2018 2019/2019/2019 
f 2018/2018/2018 2020/2020/2020 2019/2019/2019 
f 2019/2019/2019 2020/2020/2020 2021/2021/2021 
f 2020/2020/2020 2022/2022/2022 2021/2021/2021 
f 2021/2021/2021 2022/2022/2022 2022/2022/2022 
f 2022/2022/2022 2023/2023/2023 2022/2022/2022 
f 2022/2022/2022 2023/2023/2023 2023/2023/2023 
f 2023/2023/2023 2024/2024/2024 2023/2023/2023 
f 2023/2023/2023 2024/2024/2024 2025/2025/2025 
f 2024/2024/2024 2026/2026/2026 2025/2025/2025 
f 2025/2025/2025 2026/2026/2026 2025/2025/2025 
f 2026/2026/2026 2027/2027/2027 2025/2025/2025 
f 2025/2025/2025 2027/2027/2027 2028/2028/2028 
f 2027/2027/2027 2027/2027/2027 2028/2028/2028 
f 2028/2028/2028 2027/2027/2027 2029/2029/2029 
f 2027/2027/2027 2030/2030/2030 2029/2029/2029 
f 2029/2029/2029 2030/2030/2030 2029/2029/2029 
f 2030/2030/2030 2031/2031/2031 2029/2029/2029 
f 2029/2029/2029 2031/2031/2031 2032/2032/2032 
f 2031/2031/2031 2033/2033/2033 2032/2032/2032 
f 2032/2032/2032 2033/2033/2033 2034/2034/2034 
f 2033/2033/2033 2035/2035/2035 2034/2034/2034 
f 2034/2034/2034 2035/2035/2035 2036/2036/2036 
f 2035/2035/2035 2036/2036/2036 2036/2036/2036 
f 2036/2036/2036 2036/2036/2036 2037/2037/2037 
f 2036/2036/2036 2037/2037/2037 2037/2037/2037 
f 2037/2037/2037 2037/2037/2037 2038/2038/2038 
f 2037/2037/2037 2039/2039/2039 2038/2038/2038 
f 2038/2038/2038 2039/2039/2039 2038/2038/2038 
f 2039/2039/2039 2040/2040/2040 2038/2038/2038 
f 2038/2038/2038 2040/2040/2040 2041/2041/2041 
f 2040/2040/2040 2042/2042/2042 2041/2041/2041 
f 2041/2041/2041 2042/2042/2042 2043/2043/2043 
f 2042/2042/2042 2044/2044/2044 2043/2043/2043 
f 2043/2043/2043 2044/2044/2044 2043/2043/2043 
f 2044/2044/2044 2045/2045/2045 2043/2043/2043 
f 2043/2043/2043 2045/2045/2045 2046/2046/2046 
f 2045/2045/2045 2045/2045/2045 2046/2046/2046 
f 2046/2046/2046 2045/2045/2045 2047/2047/2047 
f 2045/2045/2045 2048/2048/2048 2047/2047/2047 
f 2047/2047/2047 2048/2048/2048 2047/2047/2047 
f 2048/2048/2048 2049/2049/2049 2047/2047/2047 
f 2047/2047/2047 2049/2049/2049 2050/2050/2050 
f 2049/2049/2049 2050/2050/2050 2050/2050/2050 
f 2050/2050/2050 2050/2050/2050 2051/2051/2051 
f 2050/2050/2050 2051/2051/2051 2051/2051/2051 
f 2051/2051/2051 2051/2051/2051 2052/2052/2052 
f 2051/2051/2051 2053/2053/2053 2052/2052/2052 
f 2052/2052/2052 2053/2053/2053 2054/2054/2054 
f 2053/2053/2053 2054/2054/2054 2054/2054/2054 
f 2054/2054/2054 2054/2054/2054 2055/2055/2055 
f 2054/2054/2054 2055/2055/2055 2055/2055/2055 
f 2055/2055/2055 2055/2055/2055 2056/2056/2056 
f 2055/2055/2055 2057/2057/2057 2056/2056/2056 
f 2056/2056/2056 2057/2057/2057 2056/2056/2056 
f 2057/2057/2057 2058/2058/2058 2056/2056/2056 
f 2056/2056/2056 2058/2058/2058 2056/2056/2056 
f 2058/2058/2058 2059/2059/2059 2056/2056/2056 
f 2056/2056/2056 2059/2059/2059 2060/2060/2060 
f 2059/2059/2059 2061/2061/2061 2060/2060/2060 
f 2060/2060/2060 2061/2061/2061 2051/2051/2051 
f 2061/2061/2061 2053/2053/2053 2051/2051/2051 
f 2051/2051/2051 2053/2053/2053 2053/2053/2053 
f 2053/2053/2053 2053/2053/2053 2053/2053/2053 
f 2053/2053/2053 2053/2053/2053 2053/2053/2053 
f 2053/2053/2053 2062/2062/2062 2053/2053/2053 
f 2053/2053/2053 2062/2062/2062 2054/2054/2054 
f 2062/2062/2062 2063/2063/2063 2054/2054/2054 
f 2054/2054/2054 2063/2063/2063 2064/2064/2064 
f 2063/2063/2063 2065/2065/2065 2064/2064/2064 
f 2064/2064/2064 2065/2065/2065 2066/2066/2066 
f 2065/2065/2065 2065/2065/2065 2066/2066/2066 
f 2066/2066/2066 2065/2065/2065 2067/2067/2067 
f 2065/2065/2065 2068/2068/2068 2067/2067/2067 
f 2067/2067/2067 2068/2068/2068 2068/2068/2068 
f 2068/2068/2068 2069/2069/2069 2068/2068/2068 
f 2068/2068/2068 2069/2069/2069 2069/2069/2069 
f 2069/2069/2069 2070/2070/2070 2069/2069/2069 
f 2069/2069/2069 2070/2070/2070 2071/2071/2071 
f 2070/2070/2070 2072/2072/2072 2071/2071/2071 
f 2071/2071/2071 2072/2072/2072 2073/2073/2073 
f 2072/2072/2072 2074/2074/2074 2073/2073/2073 
f 2073/2073/2073 2074/2074/2074 2075/2075/2075 
f 2074/2074/2074 2076/2076/2076 2075/2075/2075 
f 2075/2075/2075 2076/2076/2076 2077/2077/2077 
f 2076/2076/2076 2078/2078/2078 2077/2077/2077 
f 2077/2077/2077 2078/2078/2078 2079/2079/2079 
f 2078/2078/2078 2080/2080/2080 2079/2079/2079 
f 2079/2079/2079 2080/2080/2080 2081/2081/2081 
f 2080/2080/2080 2082/2082/2082 2081/2081/2081 
f 2081/2081/2081 2082/2082/2082 2082/2082/2082 
f 2082/2082/2082 2083/2083/2083 2082/2082/2082 
f 2082/2082/2082 2083/2083/2083 2083/2083/2083 
f 2083/2083/2083 2084/2084/2084 2083/2083/2083 
f 2083/2083/2083 2084/2084/2084 2085/2085/2085 
f 2084/2084/2084 2086/2086/2086 2085/2085/2085 
f 2085/2085/2085 2086/2086/2086 2085/2085/2085 
f 2086/2086/2086 2087/2087/2087 2085/2085/2085 
f 2085/2085/2085 2087/2087/2087 2088/2088/2088 
f 2087/2087/2087 2087/2087/2087 2088/2088/2088 
f 2088/2088/2088 2087/2087/2087 2089/2089/2089 
f 2087/2087/2087 2090/2090/2090 2089/2089/2089 
f 2089/2089/2089 2090/2090/2090 2089/2089/2089 
f 2090/2090/2090 2091/2091/2091 2089/2089/2089 
f 2089/2089/2089 2091/2091/2091 2092/2092/2092 
f 2091/2091/2091 2093/2093/2093 2092/2092/2092 
f 2092/2092/2092 2093/2093/2093 2094/2094/2094 
f 2093/2093/2093 2095/2095/2095 2094/2094/2094 
f 2094/2094/2094 2095/2095/2095 2096/2096/2096 
f 2095/2095/2095 2096/2096/2096 2096/2096/2096 
f 2096/2096/2096 2096/2096/2096 2097/2097/2097 
f 2096/2096/2096 2097/2097/2097 2097/2097/2097 
f 2097/2097/2097 2097/2097/2097 2098/2098/2098 
f 2097/2097/2097 2099/2099/2099 2098/2098/2098 
f 2098/2098/2098 2099/2099/2099 2098/2098/2098 
f 2099/2099/2099 2100/2100/2100 2098/2098/2098 
f 2098/2098/2098 2100/2100/2100 2101/2101/2101 
f 2100/2100/2100 2102/2102/2102 2101/2101/2101 
f 2101/2101/2101 2102/2102/2102 2103/2103/2103 
f 2102/2102/2102 2104/2104/2104 2103/2103/2103 
f 2103/2103/2103 2104/2104/2104 2103/2103/2103 
f 2104/2104/2104 2105/2105/2105 2103/2103/2103 
f 2103/2103/2103 2105/2105/2105 2106/2106/2106 
f 2105/2105/2105 2105/2105/2105 2106/2106/2106 
f 2106/2106/2106 2105/2105/2105 2107/2107/2107 
f 2105/2105/2105 2108/2108/2108 2107/2107/2107 
f 2107/2107/2107 2108/2108/2108 2107/2107/2107 
f 2108/2108/2108 2109/2109/2109 2107/2107/2107 
f 2107/2107/2107 2109/2109/2109 2110/2110/2110 

