mtllib model_7.mtl
o model_7
v 1325.5556640625 86.2894515991211 -4353.63525390625 
v 1325.5556640625 86.2894515991211 -4718.080078125 
v 1325.5556640625 90.83020782470703 -4353.63525390625 
v 1325.5556640625 90.83020782470703 -4718.080078125 
v 1112.13037109375 86.2894515991211 -4718.080078125 
v 1092.27685546875 86.2894515991211 -4718.080078125 
v 1112.13037109375 86.2894515991211 -4353.63525390625 
v 1092.27685546875 86.2894515991211 -4275.07666015625 
v 1325.5556640625 86.2894515991211 -4353.63525390625 
v 1345.4091796875 86.2894515991211 -4275.07666015625 
v 1345.4091796875 86.2894515991211 -4718.080078125 
v 1325.5556640625 86.2894515991211 -4718.080078125 
v 1320.763427734375 9.222800254821777 -4699.251953125 
v 1116.922607421875 9.222800254821777 -4699.251953125 
v 1320.763427734375 9.222800254821777 -4675.01318359375 
v 1116.922607421875 9.222800254821777 -4675.01318359375 
v 1116.922607421875 58.41427993774414 -4699.251953125 
v 1116.922607421875 58.41427993774414 -4675.01318359375 
v 1116.922607421875 9.222800254821777 -4699.251953125 
v 1116.922607421875 9.222800254821777 -4675.01318359375 
v 1353.2821044921875 0.01516450010240078 -4675.01318359375 
v 1084.4039306640625 0.01516450010240078 -4675.01318359375 
v 1353.2821044921875 0.01516450010240078 -4674.796875 
v 1084.4039306640625 0.01516450010240078 -4674.796875 
v 1108.3651123046875 90.83020782470703 -4275.29296875 
v 1108.3651123046875 90.83020782470703 -4717.86376953125 
v 1108.3651123046875 86.16332244873047 -4717.86376953125 
v 1107.8516845703125 86.16332244873047 -4275.29296875 
v 1107.8516845703125 90.83020782470703 -4717.86376953125 
v 1107.8516845703125 86.16332244873047 -4717.86376953125 
v 1108.3651123046875 86.16332244873047 -4717.86376953125 
v 1108.3651123046875 90.83020782470703 -4717.86376953125 
v 1107.8516845703125 86.16332244873047 -4717.86376953125 
v 1107.8516845703125 90.83020782470703 -4717.86376953125 
v 1090.3941650390625 68.50483703613281 -4716.78173828125 
v 1090.3941650390625 76.32502746582031 -4716.78173828125 
v 1090.3941650390625 68.50483703613281 -4275.94189453125 
v 1090.3941650390625 76.32502746582031 -4275.94189453125 
v 1108.3651123046875 90.83020782470703 -4275.29296875 
v 1107.8516845703125 90.83020782470703 -4275.29296875 
v 1108.3651123046875 90.83020782470703 -4717.86376953125 
v 1107.8516845703125 90.83020782470703 -4717.86376953125 
v 1092.619140625 76.32502746582031 -4716.78173828125 
v 1092.619140625 76.32502746582031 -4275.94189453125 
v 1090.3941650390625 76.32502746582031 -4275.94189453125 
v 1090.3941650390625 68.50483703613281 -4716.78173828125 
v 1090.3941650390625 76.32502746582031 -4716.78173828125 
v 1092.619140625 68.50483703613281 -4716.78173828125 
v 1092.619140625 76.32502746582031 -4716.78173828125 
v 1081.836669921875 68.50483703613281 -4710.9384765625 
v 1081.836669921875 76.32502746582031 -4710.9384765625 
v 1081.836669921875 68.50483703613281 -4713.53515625 
v 1081.836669921875 76.32502746582031 -4713.53515625 
v 1094.6729736328125 88.0552978515625 -4706.826171875 
v 1094.8441162109375 85.91105651855469 -4290.658203125 
v 1094.8441162109375 88.0552978515625 -4290.658203125 
v 1094.6729736328125 88.0552978515625 -4706.826171875 
v 1102.717041015625 88.0552978515625 -4706.826171875 
v 1094.8441162109375 88.0552978515625 -4290.658203125 
v 1102.5458984375 88.0552978515625 -4290.658203125 
v 1090.3941650390625 76.32502746582031 -4713.53515625 
v 1081.836669921875 76.32502746582031 -4713.53515625 
v 1090.3941650390625 68.50483703613281 -4713.53515625 
v 1081.836669921875 68.50483703613281 -4713.53515625 
v 1090.3941650390625 68.50483703613281 -4713.53515625 
v 1081.836669921875 68.50483703613281 -4713.53515625 
v 1090.3941650390625 68.50483703613281 -4710.9384765625 
v 1081.836669921875 68.50483703613281 -4710.9384765625 
v 1090.3941650390625 76.32502746582031 -4710.9384765625 
v 1081.836669921875 76.32502746582031 -4710.9384765625 
v 1090.3941650390625 76.32502746582031 -4713.53515625 
v 1081.836669921875 76.32502746582031 -4713.53515625 
v 1090.3941650390625 68.50483703613281 -4710.9384765625 
v 1081.836669921875 68.50483703613281 -4710.9384765625 
v 1090.3941650390625 76.32502746582031 -4710.9384765625 
v 1081.836669921875 76.32502746582031 -4710.9384765625 
v 1345.4091796875 86.2894515991211 -4718.080078125 
v 1325.5556640625 86.2894515991211 -4718.080078125 
v 1345.4091796875 53.36899948120117 -4718.080078125 
v 1112.13037109375 86.2894515991211 -4718.080078125 
v 1092.27685546875 53.36899948120117 -4718.080078125 
v 1092.27685546875 86.2894515991211 -4718.080078125 
v 1325.5556640625 90.83020782470703 -4718.080078125 
v 1112.13037109375 90.83020782470703 -4718.080078125 
v 1320.763427734375 58.41427993774414 -4675.01318359375 
v 1320.763427734375 58.41427993774414 -4699.251953125 
v 1320.763427734375 9.222800254821777 -4699.251953125 
v 1353.2821044921875 0.01516450010240078 -4513.3505859375 
v 1353.2821044921875 0.01516450010240078 -4513.13427734375 
v 1084.4039306640625 0.01516450010240078 -4513.3505859375 
v 1084.4039306640625 0.01516450010240078 -4513.13427734375 
v 1325.5556640625 90.83020782470703 -4353.63525390625 
v 1325.5556640625 90.83020782470703 -4718.080078125 
v 1112.13037109375 90.83020782470703 -4353.63525390625 
v 1112.13037109375 90.83020782470703 -4718.080078125 
v 1329.321044921875 86.16332244873047 -4275.29296875 
v 1329.321044921875 90.83020782470703 -4717.86376953125 
v 1329.321044921875 86.16332244873047 -4717.86376953125 
v 1329.83447265625 90.83020782470703 -4275.29296875 
v 1329.83447265625 90.83020782470703 -4717.86376953125 
v 1329.83447265625 86.16332244873047 -4717.86376953125 
v 1329.321044921875 86.16332244873047 -4717.86376953125 
v 1329.321044921875 90.83020782470703 -4717.86376953125 
v 1329.83447265625 86.16332244873047 -4717.86376953125 
v 1329.83447265625 90.83020782470703 -4717.86376953125 
v 1112.13037109375 86.2894515991211 -4718.080078125 
v 1112.13037109375 86.2894515991211 -4353.63525390625 
v 1112.13037109375 90.83020782470703 -4718.080078125 
v 1112.13037109375 90.83020782470703 -4353.63525390625 
v 1347.2918701171875 76.32502746582031 -4716.78173828125 
v 1347.2918701171875 76.32502746582031 -4275.94189453125 
v 1347.2918701171875 68.50483703613281 -4716.78173828125 
v 1347.2918701171875 68.50483703613281 -4275.94189453125 
v 1329.321044921875 90.83020782470703 -4275.29296875 
v 1329.83447265625 90.83020782470703 -4275.29296875 
v 1329.321044921875 90.83020782470703 -4717.86376953125 
v 1329.83447265625 90.83020782470703 -4717.86376953125 
v 1334.626708984375 88.0552978515625 -4706.826171875 
v 1334.7978515625 88.0552978515625 -4290.658203125 
v 1342.6707763671875 88.0552978515625 -4706.826171875 
v 1342.4996337890625 88.0552978515625 -4290.658203125 
v 1347.2918701171875 68.50483703613281 -4716.78173828125 
v 1345.06689453125 68.50483703613281 -4716.78173828125 
v 1347.2918701171875 76.32502746582031 -4716.78173828125 
v 1345.06689453125 76.32502746582031 -4716.78173828125 
v 1355.849365234375 68.50483703613281 -4710.9384765625 
v 1355.849365234375 68.50483703613281 -4713.53515625 
v 1355.849365234375 76.32502746582031 -4710.9384765625 
v 1355.849365234375 76.32502746582031 -4713.53515625 
v 1345.06689453125 76.32502746582031 -4275.94189453125 
v 1347.2918701171875 76.32502746582031 -4275.94189453125 
v 1345.06689453125 76.32502746582031 -4716.78173828125 
v 1347.2918701171875 76.32502746582031 -4716.78173828125 
v 1342.6707763671875 85.91105651855469 -4706.826171875 
v 1342.4996337890625 88.0552978515625 -4290.658203125 
v 1342.4996337890625 85.91105651855469 -4290.658203125 
v 1347.2918701171875 76.32502746582031 -4713.53515625 
v 1347.2918701171875 68.50483703613281 -4713.53515625 
v 1355.849365234375 76.32502746582031 -4713.53515625 
v 1355.849365234375 68.50483703613281 -4713.53515625 
v 1347.2918701171875 68.50483703613281 -4713.53515625 
v 1347.2918701171875 68.50483703613281 -4710.9384765625 
v 1355.849365234375 68.50483703613281 -4713.53515625 
v 1355.849365234375 68.50483703613281 -4710.9384765625 
v 1347.2918701171875 76.32502746582031 -4710.9384765625 
v 1347.2918701171875 76.32502746582031 -4713.53515625 
v 1355.849365234375 76.32502746582031 -4710.9384765625 
v 1355.849365234375 76.32502746582031 -4713.53515625 
v 1347.2918701171875 68.50483703613281 -4710.9384765625 
v 1347.2918701171875 76.32502746582031 -4710.9384765625 
v 1355.849365234375 68.50483703613281 -4710.9384765625 
v 1355.849365234375 76.32502746582031 -4710.9384765625 
v 1320.763427734375 9.222800254821777 -4293.90478515625 
v 1320.763427734375 9.222800254821777 -4316.1953125 
v 1116.922607421875 9.222800254821777 -4293.90478515625 
v 1116.922607421875 9.222800254821777 -4316.1953125 
v 1116.922607421875 58.41427993774414 -4316.1953125 
v 1116.922607421875 58.41427993774414 -4293.90478515625 
v 1116.922607421875 9.222800254821777 -4293.90478515625 
v 1353.2821044921875 0.01516450010240078 -4351.6875 
v 1353.2821044921875 0.01516450010240078 -4351.6875 
v 1084.4039306640625 0.01516450010240078 -4351.6875 
v 1084.4039306640625 0.01516450010240078 -4351.6875 
v 1108.3651123046875 86.16332244873047 -4275.29296875 
v 1108.3651123046875 90.83020782470703 -4275.29296875 
v 1107.8516845703125 86.16332244873047 -4275.29296875 
v 1107.8516845703125 90.83020782470703 -4275.29296875 
v 1112.13037109375 86.2894515991211 -4353.63525390625 
v 1325.5556640625 86.2894515991211 -4353.63525390625 
v 1112.13037109375 90.83020782470703 -4353.63525390625 
v 1325.5556640625 90.83020782470703 -4353.63525390625 
v 1090.3941650390625 68.50483703613281 -4275.94189453125 
v 1092.619140625 68.50483703613281 -4275.94189453125 
v 1090.3941650390625 76.32502746582031 -4275.94189453125 
v 1092.619140625 76.32502746582031 -4275.94189453125 
v 1081.836669921875 68.50483703613281 -4281.3525390625 
v 1081.836669921875 68.50483703613281 -4278.75537109375 
v 1081.836669921875 76.32502746582031 -4281.3525390625 
v 1081.836669921875 76.32502746582031 -4278.75537109375 
v 1090.3941650390625 76.32502746582031 -4278.75537109375 
v 1081.836669921875 76.32502746582031 -4278.75537109375 
v 1090.3941650390625 68.50483703613281 -4278.75537109375 
v 1081.836669921875 68.50483703613281 -4278.75537109375 
v 1090.3941650390625 68.50483703613281 -4278.75537109375 
v 1081.836669921875 68.50483703613281 -4278.75537109375 
v 1090.3941650390625 68.50483703613281 -4281.3525390625 
v 1081.836669921875 68.50483703613281 -4281.3525390625 
v 1090.3941650390625 76.32502746582031 -4281.3525390625 
v 1081.836669921875 76.32502746582031 -4281.3525390625 
v 1090.3941650390625 76.32502746582031 -4278.75537109375 
v 1081.836669921875 76.32502746582031 -4278.75537109375 
v 1090.3941650390625 68.50483703613281 -4281.3525390625 
v 1081.836669921875 68.50483703613281 -4281.3525390625 
v 1090.3941650390625 76.32502746582031 -4281.3525390625 
v 1081.836669921875 76.32502746582031 -4281.3525390625 
v 1320.763427734375 58.41427993774414 -4293.90478515625 
v 1320.763427734375 9.222800254821777 -4293.90478515625 
v 1320.763427734375 58.41427993774414 -4316.1953125 
v 1320.763427734375 9.222800254821777 -4316.1953125 
v 1329.321044921875 86.16332244873047 -4275.29296875 
v 1329.83447265625 86.16332244873047 -4275.29296875 
v 1329.321044921875 90.83020782470703 -4275.29296875 
v 1329.83447265625 90.83020782470703 -4275.29296875 
v 1347.2918701171875 68.50483703613281 -4275.94189453125 
v 1347.2918701171875 76.32502746582031 -4275.94189453125 
v 1345.06689453125 68.50483703613281 -4275.94189453125 
v 1345.06689453125 76.32502746582031 -4275.94189453125 
v 1355.849365234375 68.50483703613281 -4281.3525390625 
v 1355.849365234375 76.32502746582031 -4281.3525390625 
v 1355.849365234375 68.50483703613281 -4278.75537109375 
v 1355.849365234375 76.32502746582031 -4278.75537109375 
v 1347.2918701171875 76.32502746582031 -4278.75537109375 
v 1347.2918701171875 68.50483703613281 -4278.75537109375 
v 1355.849365234375 76.32502746582031 -4278.75537109375 
v 1355.849365234375 68.50483703613281 -4278.75537109375 
v 1347.2918701171875 68.50483703613281 -4281.3525390625 
v 1355.849365234375 68.50483703613281 -4278.75537109375 
v 1347.2918701171875 68.50483703613281 -4278.75537109375 
v 1347.2918701171875 76.32502746582031 -4278.75537109375 
v 1347.2918701171875 76.32502746582031 -4281.3525390625 
v 1355.849365234375 76.32502746582031 -4281.3525390625 
v 1347.2918701171875 68.50483703613281 -4281.3525390625 
v 1347.2918701171875 76.32502746582031 -4281.3525390625 
v 1355.849365234375 68.50483703613281 -4281.3525390625 
v 1355.849365234375 76.32502746582031 -4281.3525390625 
v 1084.4039306640625 2.0332765579223633 -4671.76708984375 
v 1084.4039306640625 2.0332765579223633 -4642.76708984375 
v 1094.3306884765625 2.0332765579223633 -4671.76708984375 
v 1094.3306884765625 2.0332765579223633 -4642.76708984375 
v 1096.042236328125 58.41427993774414 -4642.76708984375 
v 1096.042236328125 58.41427993774414 -4671.76708984375 
v 1096.042236328125 58.41427993774414 -4642.76708984375 
v 1096.042236328125 58.41427993774414 -4639.52099609375 
v 1084.4039306640625 18.934965133666992 -4639.52099609375 
v 1341.6439208984375 58.41427993774414 -4639.52099609375 
v 1218.9285888671875 58.41427993774414 -4639.52099609375 
v 1353.2821044921875 18.934965133666992 -4639.52099609375 
v 1084.4039306640625 0.01516450010240078 -4639.52099609375 
v 1353.2821044921875 0.01516450010240078 -4639.52099609375 
v 1096.042236328125 58.41427993774414 -4639.52099609375 
v 1084.4039306640625 18.934965133666992 -4639.52099609375 
v 1084.4039306640625 0.01516450010240078 -4639.52099609375 
v 1341.6439208984375 58.41427993774414 -4675.01318359375 
v 1320.763427734375 58.41427993774414 -4675.01318359375 
v 1353.2821044921875 18.934965133666992 -4675.01318359375 
v 1320.763427734375 9.222800254821777 -4675.01318359375 
v 1353.2821044921875 0.01516450010240078 -4675.01318359375 
v 1084.4039306640625 0.01516450010240078 -4675.01318359375 
v 1116.922607421875 9.222800254821777 -4675.01318359375 
v 1084.4039306640625 18.934965133666992 -4675.01318359375 
v 1116.922607421875 58.41427993774414 -4675.01318359375 
v 1096.042236328125 58.41427993774414 -4675.01318359375 
v 1096.042236328125 58.41427993774414 -4675.01318359375 
v 1084.4039306640625 18.934965133666992 -4675.01318359375 
v 1096.042236328125 58.41427993774414 -4671.76708984375 
v 1084.4039306640625 18.934965133666992 -4671.76708984375 
v 1084.4039306640625 2.0332765579223633 -4671.76708984375 
v 1084.4039306640625 0.01516450010240078 -4675.01318359375 
v 1084.4039306640625 0.01516450010240078 -4674.796875 
v 1084.4039306640625 2.0332765579223633 -4642.76708984375 
v 1084.4039306640625 0.01516450010240078 -4639.52099609375 
v 1084.4039306640625 18.934965133666992 -4639.52099609375 
v 1084.4039306640625 18.934965133666992 -4642.76708984375 
v 1096.042236328125 58.41427993774414 -4642.76708984375 
v 1084.4039306640625 0.01516450010240078 -4674.796875 
v 1353.2821044921875 0.01516450010240078 -4674.796875 
v 1084.4039306640625 0.01516450010240078 -4639.52099609375 
v 1353.2821044921875 0.01516450010240078 -4639.52099609375 
v 1320.763427734375 58.41427993774414 -4293.90478515625 
v 1116.922607421875 58.41427993774414 -4293.90478515625 
v 1320.763427734375 9.222800254821777 -4293.90478515625 
v 1116.922607421875 9.222800254821777 -4293.90478515625 
v 1096.042236328125 58.41427993774414 -4671.76708984375 
v 1084.4039306640625 18.934965133666992 -4671.76708984375 
v 1094.3306884765625 2.0332765579223633 -4671.76708984375 
v 1084.4039306640625 2.0332765579223633 -4671.76708984375 
v 1084.4039306640625 2.0332765579223633 -4642.76708984375 
v 1084.4039306640625 18.934965133666992 -4642.76708984375 
v 1094.3306884765625 2.0332765579223633 -4642.76708984375 
v 1096.042236328125 58.41427993774414 -4642.76708984375 
v 1353.2821044921875 2.0332765579223633 -4671.76708984375 
v 1343.3553466796875 2.0332765579223633 -4671.76708984375 
v 1353.2821044921875 2.0332765579223633 -4642.76708984375 
v 1343.3553466796875 2.0332765579223633 -4642.76708984375 
v 1341.6439208984375 58.41427993774414 -4642.76708984375 
v 1341.6439208984375 58.41427993774414 -4639.52099609375 
v 1353.2821044921875 18.934965133666992 -4639.52099609375 
v 1341.6439208984375 58.41427993774414 -4642.76708984375 
v 1353.2821044921875 18.934965133666992 -4642.76708984375 
v 1353.2821044921875 2.0332765579223633 -4642.76708984375 
v 1353.2821044921875 0.01516450010240078 -4639.52099609375 
v 1353.2821044921875 0.01516450010240078 -4674.796875 
v 1353.2821044921875 2.0332765579223633 -4671.76708984375 
v 1353.2821044921875 0.01516450010240078 -4675.01318359375 
v 1353.2821044921875 18.934965133666992 -4675.01318359375 
v 1353.2821044921875 18.934965133666992 -4671.76708984375 
v 1341.6439208984375 58.41427993774414 -4671.76708984375 
v 1341.6439208984375 58.41427993774414 -4671.76708984375 
v 1353.2821044921875 18.934965133666992 -4675.01318359375 
v 1341.6439208984375 58.41427993774414 -4675.01318359375 
v 1341.6439208984375 58.41427993774414 -4642.76708984375 
v 1341.6439208984375 58.41427993774414 -4671.76708984375 
v 1343.3553466796875 2.0332765579223633 -4671.76708984375 
v 1353.2821044921875 2.0332765579223633 -4671.76708984375 
v 1353.2821044921875 18.934965133666992 -4671.76708984375 
v 1343.3553466796875 2.0332765579223633 -4671.76708984375 
v 1341.6439208984375 58.41427993774414 -4671.76708984375 
v 1353.2821044921875 2.0332765579223633 -4642.76708984375 
v 1343.3553466796875 2.0332765579223633 -4642.76708984375 
v 1353.2821044921875 18.934965133666992 -4642.76708984375 
v 1341.6439208984375 58.41427993774414 -4642.76708984375 
v 1084.4039306640625 2.0332765579223633 -4510.10400390625 
v 1084.4039306640625 2.0332765579223633 -4481.1044921875 
v 1094.3306884765625 2.0332765579223633 -4510.10400390625 
v 1094.3306884765625 2.0332765579223633 -4481.1044921875 
v 1096.042236328125 58.41427993774414 -4481.1044921875 
v 1096.042236328125 58.41427993774414 -4510.10400390625 
v 1096.042236328125 58.41427993774414 -4481.1044921875 
v 1096.042236328125 58.41427993774414 -4477.8583984375 
v 1084.4039306640625 18.934965133666992 -4477.8583984375 
v 1353.2821044921875 0.01516450010240078 -4513.13427734375 
v 1353.2821044921875 0.01516450010240078 -4477.8583984375 
v 1084.4039306640625 0.01516450010240078 -4513.13427734375 
v 1084.4039306640625 0.01516450010240078 -4477.8583984375 
v 1096.042236328125 58.41427993774414 -4477.8583984375 
v 1084.4039306640625 0.01516450010240078 -4477.8583984375 
v 1341.6439208984375 58.41427993774414 -4477.8583984375 
v 1353.2821044921875 18.934965133666992 -4477.8583984375 
v 1353.2821044921875 0.01516450010240078 -4477.8583984375 
v 1096.042236328125 58.41427993774414 -4513.3505859375 
v 1084.4039306640625 18.934965133666992 -4513.3505859375 
v 1096.042236328125 58.41427993774414 -4510.10400390625 
v 1084.4039306640625 18.934965133666992 -4510.10400390625 
v 1084.4039306640625 2.0332765579223633 -4510.10400390625 
v 1084.4039306640625 0.01516450010240078 -4513.3505859375 
v 1084.4039306640625 0.01516450010240078 -4513.13427734375 
v 1084.4039306640625 2.0332765579223633 -4481.1044921875 
v 1084.4039306640625 0.01516450010240078 -4477.8583984375 
v 1084.4039306640625 18.934965133666992 -4477.8583984375 
v 1084.4039306640625 18.934965133666992 -4481.1044921875 
v 1096.042236328125 58.41427993774414 -4481.1044921875 
v 1084.4039306640625 18.934965133666992 -4513.3505859375 
v 1096.042236328125 58.41427993774414 -4513.3505859375 
v 1084.4039306640625 0.01516450010240078 -4513.3505859375 
v 1341.6439208984375 58.41427993774414 -4513.3505859375 
v 1320.763427734375 58.41427993774414 -4699.251953125 
v 1320.763427734375 9.222800254821777 -4699.251953125 
v 1116.922607421875 58.41427993774414 -4699.251953125 
v 1116.922607421875 9.222800254821777 -4699.251953125 
v 1096.042236328125 58.41427993774414 -4510.10400390625 
v 1084.4039306640625 18.934965133666992 -4510.10400390625 
v 1094.3306884765625 2.0332765579223633 -4510.10400390625 
v 1084.4039306640625 2.0332765579223633 -4510.10400390625 
v 1084.4039306640625 2.0332765579223633 -4481.1044921875 
v 1084.4039306640625 18.934965133666992 -4481.1044921875 
v 1094.3306884765625 2.0332765579223633 -4481.1044921875 
v 1096.042236328125 58.41427993774414 -4481.1044921875 
v 1353.2821044921875 2.0332765579223633 -4510.10400390625 
v 1343.3553466796875 2.0332765579223633 -4510.10400390625 
v 1353.2821044921875 2.0332765579223633 -4481.1044921875 
v 1343.3553466796875 2.0332765579223633 -4481.1044921875 
v 1341.6439208984375 58.41427993774414 -4481.1044921875 
v 1341.6439208984375 58.41427993774414 -4477.8583984375 
v 1353.2821044921875 18.934965133666992 -4477.8583984375 
v 1341.6439208984375 58.41427993774414 -4481.1044921875 
v 1353.2821044921875 18.934965133666992 -4481.1044921875 
v 1353.2821044921875 2.0332765579223633 -4481.1044921875 
v 1353.2821044921875 0.01516450010240078 -4477.8583984375 
v 1353.2821044921875 0.01516450010240078 -4513.13427734375 
v 1353.2821044921875 2.0332765579223633 -4510.10400390625 
v 1353.2821044921875 0.01516450010240078 -4513.3505859375 
v 1353.2821044921875 18.934965133666992 -4513.3505859375 
v 1353.2821044921875 18.934965133666992 -4510.10400390625 
v 1341.6439208984375 58.41427993774414 -4510.10400390625 
v 1341.6439208984375 58.41427993774414 -4510.10400390625 
v 1353.2821044921875 18.934965133666992 -4513.3505859375 
v 1341.6439208984375 58.41427993774414 -4513.3505859375 
v 1353.2821044921875 0.01516450010240078 -4513.3505859375 
v 1353.2821044921875 18.934965133666992 -4513.3505859375 
v 1084.4039306640625 0.01516450010240078 -4513.3505859375 
v 1341.6439208984375 58.41427993774414 -4513.3505859375 
v 1341.6439208984375 58.41427993774414 -4481.1044921875 
v 1341.6439208984375 58.41427993774414 -4510.10400390625 
v 1343.3553466796875 2.0332765579223633 -4510.10400390625 
v 1353.2821044921875 2.0332765579223633 -4510.10400390625 
v 1353.2821044921875 18.934965133666992 -4510.10400390625 
v 1343.3553466796875 2.0332765579223633 -4510.10400390625 
v 1341.6439208984375 58.41427993774414 -4510.10400390625 
v 1353.2821044921875 2.0332765579223633 -4481.1044921875 
v 1343.3553466796875 2.0332765579223633 -4481.1044921875 
v 1353.2821044921875 18.934965133666992 -4481.1044921875 
v 1341.6439208984375 58.41427993774414 -4481.1044921875 
v 1084.4039306640625 2.0332765579223633 -4348.44140625 
v 1084.4039306640625 2.0332765579223633 -4319.658203125 
v 1094.3306884765625 2.0332765579223633 -4348.44140625 
v 1094.3306884765625 2.0332765579223633 -4319.658203125 
v 1096.042236328125 58.41427993774414 -4319.658203125 
v 1096.042236328125 58.41427993774414 -4348.44140625 
v 1096.042236328125 58.41427993774414 -4319.658203125 
v 1096.042236328125 58.41427993774414 -4316.1953125 
v 1084.4039306640625 18.934965133666992 -4316.1953125 
v 1084.4039306640625 0.01516450010240078 -4351.6875 
v 1353.2821044921875 0.01516450010240078 -4351.6875 
v 1084.4039306640625 0.01516450010240078 -4316.1953125 
v 1353.2821044921875 0.01516450010240078 -4316.1953125 
v 1096.042236328125 58.41427993774414 -4351.6875 
v 1084.4039306640625 18.934965133666992 -4351.6875 
v 1096.042236328125 58.41427993774414 -4348.44140625 
v 1084.4039306640625 18.934965133666992 -4348.44140625 
v 1084.4039306640625 2.0332765579223633 -4348.44140625 
v 1084.4039306640625 0.01516450010240078 -4351.6875 
v 1084.4039306640625 0.01516450010240078 -4351.6875 
v 1084.4039306640625 2.0332765579223633 -4319.658203125 
v 1084.4039306640625 0.01516450010240078 -4316.1953125 
v 1084.4039306640625 18.934965133666992 -4316.1953125 
v 1084.4039306640625 18.934965133666992 -4319.658203125 
v 1096.042236328125 58.41427993774414 -4319.658203125 
v 1084.4039306640625 18.934965133666992 -4351.6875 
v 1096.042236328125 58.41427993774414 -4351.6875 
v 1084.4039306640625 0.01516450010240078 -4351.6875 
v 1341.6439208984375 58.41427993774414 -4351.6875 
v 1353.2821044921875 18.934965133666992 -4351.6875 
v 1353.2821044921875 0.01516450010240078 -4351.6875 
v 1320.763427734375 58.41427993774414 -4316.1953125 
v 1353.2821044921875 18.934965133666992 -4316.1953125 
v 1320.763427734375 9.222800254821777 -4316.1953125 
v 1353.2821044921875 0.01516450010240078 -4316.1953125 
v 1084.4039306640625 0.01516450010240078 -4316.1953125 
v 1116.922607421875 9.222800254821777 -4316.1953125 
v 1084.4039306640625 18.934965133666992 -4316.1953125 
v 1116.922607421875 58.41427993774414 -4316.1953125 
v 1096.042236328125 58.41427993774414 -4316.1953125 
v 1096.042236328125 58.41427993774414 -4348.44140625 
v 1094.3306884765625 2.0332765579223633 -4348.44140625 
v 1084.4039306640625 18.934965133666992 -4348.44140625 
v 1084.4039306640625 2.0332765579223633 -4348.44140625 
v 1084.4039306640625 2.0332765579223633 -4319.658203125 
v 1094.3306884765625 2.0332765579223633 -4319.658203125 
v 1084.4039306640625 18.934965133666992 -4319.658203125 
v 1096.042236328125 58.41427993774414 -4319.658203125 
v 1353.2821044921875 2.0332765579223633 -4348.44140625 
v 1353.2821044921875 2.0332765579223633 -4319.658203125 
v 1343.3553466796875 2.0332765579223633 -4348.44140625 
v 1343.3553466796875 2.0332765579223633 -4319.658203125 
v 1341.6439208984375 58.41427993774414 -4319.658203125 
v 1341.6439208984375 58.41427993774414 -4316.1953125 
v 1353.2821044921875 18.934965133666992 -4316.1953125 
v 1341.6439208984375 58.41427993774414 -4319.658203125 
v 1353.2821044921875 18.934965133666992 -4319.658203125 
v 1353.2821044921875 2.0332765579223633 -4319.658203125 
v 1353.2821044921875 0.01516450010240078 -4316.1953125 
v 1353.2821044921875 0.01516450010240078 -4351.6875 
v 1353.2821044921875 2.0332765579223633 -4348.44140625 
v 1353.2821044921875 0.01516450010240078 -4351.6875 
v 1353.2821044921875 18.934965133666992 -4351.6875 
v 1353.2821044921875 18.934965133666992 -4348.44140625 
v 1341.6439208984375 58.41427993774414 -4348.44140625 
v 1341.6439208984375 58.41427993774414 -4348.44140625 
v 1353.2821044921875 18.934965133666992 -4351.6875 
v 1341.6439208984375 58.41427993774414 -4351.6875 
v 1341.6439208984375 58.41427993774414 -4319.658203125 
v 1341.6439208984375 58.41427993774414 -4348.44140625 
v 1343.3553466796875 2.0332765579223633 -4348.44140625 
v 1353.2821044921875 2.0332765579223633 -4348.44140625 
v 1353.2821044921875 18.934965133666992 -4348.44140625 
v 1343.3553466796875 2.0332765579223633 -4348.44140625 
v 1341.6439208984375 58.41427993774414 -4348.44140625 
v 1353.2821044921875 2.0332765579223633 -4319.658203125 
v 1343.3553466796875 2.0332765579223633 -4319.658203125 
v 1353.2821044921875 18.934965133666992 -4319.658203125 
v 1341.6439208984375 58.41427993774414 -4319.658203125 
v 1099.1229248046875 23.601848602294922 -4342.16552734375 
v 1099.1229248046875 7.330820560455322 -4649.6923828125 
v 1099.1229248046875 7.330820560455322 -4342.16552734375 
v 1115.2110595703125 23.601848602294922 -4649.6923828125 
v 1115.2110595703125 7.330820560455322 -4649.6923828125 
v 1115.2110595703125 7.330820560455322 -4342.16552734375 
v 1115.2110595703125 7.330820560455322 -4649.6923828125 
v 1099.1229248046875 7.330820560455322 -4342.16552734375 
v 1099.1229248046875 7.330820560455322 -4649.6923828125 
v 1099.1229248046875 23.601848602294922 -4649.6923828125 
v 1115.2110595703125 23.601848602294922 -4649.6923828125 
v 1115.2110595703125 23.601848602294922 -4342.16552734375 
v 1338.563232421875 7.330820560455322 -4342.16552734375 
v 1338.563232421875 7.330820560455322 -4649.6923828125 
v 1338.563232421875 23.601848602294922 -4342.16552734375 
v 1338.563232421875 23.601848602294922 -4649.6923828125 
v 1322.4749755859375 7.330820560455322 -4649.6923828125 
v 1322.4749755859375 7.330820560455322 -4342.16552734375 
v 1322.4749755859375 23.601848602294922 -4649.6923828125 
v 1322.4749755859375 23.601848602294922 -4342.16552734375 
v 1338.563232421875 7.330820560455322 -4649.6923828125 
v 1338.563232421875 7.330820560455322 -4342.16552734375 
v 1322.4749755859375 7.330820560455322 -4649.6923828125 
v 1322.4749755859375 7.330820560455322 -4342.16552734375 
v 1322.4749755859375 23.601848602294922 -4649.6923828125 
v 1322.4749755859375 23.601848602294922 -4342.16552734375 
v 1338.563232421875 23.601848602294922 -4649.6923828125 
v 1338.563232421875 23.601848602294922 -4342.16552734375 
v 1092.27685546875 86.2894515991211 -4275.07666015625 
v 1092.27685546875 53.36899948120117 -4275.07666015625 
v 1345.4091796875 86.2894515991211 -4275.07666015625 
v 1345.4091796875 53.36899948120117 -4275.07666015625 
v 1092.27685546875 53.36899948120117 -4275.07666015625 
v 1092.27685546875 53.36899948120117 -4718.080078125 
v 1345.4091796875 53.36899948120117 -4275.07666015625 
v 1345.4091796875 53.36899948120117 -4718.080078125 
v 1345.4091796875 86.2894515991211 -4718.080078125 
v 1345.4091796875 86.2894515991211 -4275.07666015625 
v 1345.4091796875 53.36899948120117 -4718.080078125 
v 1345.4091796875 53.36899948120117 -4275.07666015625 
v 1092.27685546875 53.36899948120117 -4718.080078125 
v 1092.27685546875 53.36899948120117 -4275.07666015625 
v 1092.27685546875 86.2894515991211 -4718.080078125 
v 1092.27685546875 86.2894515991211 -4275.07666015625 
v 1090.3941650390625 68.50483703613281 -4716.78173828125 
v 1092.619140625 68.50483703613281 -4275.94189453125 
v 1090.3941650390625 68.50483703613281 -4275.94189453125 
v 1094.6729736328125 88.0552978515625 -4706.826171875 
v 1094.6729736328125 85.91105651855469 -4706.826171875 
v 1102.717041015625 88.0552978515625 -4706.826171875 
v 1102.717041015625 85.91105651855469 -4706.826171875 
v 1102.717041015625 85.91105651855469 -4706.826171875 
v 1102.5458984375 85.91105651855469 -4290.658203125 
v 1102.5458984375 88.0552978515625 -4290.658203125 
v 1094.8441162109375 88.0552978515625 -4290.658203125 
v 1094.8441162109375 85.91105651855469 -4290.658203125 
v 1102.5458984375 88.0552978515625 -4290.658203125 
v 1102.5458984375 85.91105651855469 -4290.658203125 
v 1334.626708984375 88.0552978515625 -4706.826171875 
v 1334.7978515625 85.91105651855469 -4290.658203125 
v 1334.7978515625 88.0552978515625 -4290.658203125 
v 1334.626708984375 88.0552978515625 -4706.826171875 
v 1334.626708984375 85.91105651855469 -4706.826171875 
v 1342.6707763671875 88.0552978515625 -4706.826171875 
v 1342.6707763671875 85.91105651855469 -4706.826171875 
v 1347.2918701171875 68.50483703613281 -4275.94189453125 
v 1347.2918701171875 68.50483703613281 -4716.78173828125 
v 1345.06689453125 68.50483703613281 -4275.94189453125 
v 1345.06689453125 68.50483703613281 -4716.78173828125 
v 1334.7978515625 88.0552978515625 -4290.658203125 
v 1342.4996337890625 88.0552978515625 -4290.658203125 
v 1334.7978515625 85.91105651855469 -4290.658203125 
v 1342.4996337890625 85.91105651855469 -4290.658203125 
v 1108.3651123046875 90.83020782470703 -4275.29296875 
v 1108.3651123046875 86.16332244873047 -4717.86376953125 
v 1108.3651123046875 86.16332244873047 -4275.29296875 
v 1107.8516845703125 86.16332244873047 -4275.29296875 
v 1107.8516845703125 90.83020782470703 -4275.29296875 
v 1107.8516845703125 90.83020782470703 -4717.86376953125 
v 1092.619140625 76.32502746582031 -4716.78173828125 
v 1090.3941650390625 76.32502746582031 -4275.94189453125 
v 1090.3941650390625 76.32502746582031 -4716.78173828125 
v 1094.6729736328125 88.0552978515625 -4706.826171875 
v 1094.6729736328125 85.91105651855469 -4706.826171875 
v 1094.8441162109375 85.91105651855469 -4290.658203125 
v 1320.763427734375 58.41427993774414 -4675.01318359375 
v 1320.763427734375 9.222800254821777 -4699.251953125 
v 1320.763427734375 9.222800254821777 -4675.01318359375 
v 1329.321044921875 86.16332244873047 -4275.29296875 
v 1329.321044921875 90.83020782470703 -4275.29296875 
v 1329.321044921875 90.83020782470703 -4717.86376953125 
v 1329.83447265625 90.83020782470703 -4275.29296875 
v 1329.83447265625 86.16332244873047 -4717.86376953125 
v 1329.83447265625 86.16332244873047 -4275.29296875 
v 1342.6707763671875 85.91105651855469 -4706.826171875 
v 1342.6707763671875 88.0552978515625 -4706.826171875 
v 1342.4996337890625 88.0552978515625 -4290.658203125 
v 1116.922607421875 58.41427993774414 -4316.1953125 
v 1116.922607421875 9.222800254821777 -4293.90478515625 
v 1116.922607421875 9.222800254821777 -4316.1953125 
v 1347.2918701171875 68.50483703613281 -4281.3525390625 
v 1355.849365234375 68.50483703613281 -4281.3525390625 
v 1355.849365234375 68.50483703613281 -4278.75537109375 
v 1347.2918701171875 76.32502746582031 -4278.75537109375 
v 1355.849365234375 76.32502746582031 -4281.3525390625 
v 1355.849365234375 76.32502746582031 -4278.75537109375 
v 1084.4039306640625 18.934965133666992 -4477.8583984375 
v 1084.4039306640625 0.01516450010240078 -4477.8583984375 
v 1096.042236328125 58.41427993774414 -4477.8583984375 
v 1353.2821044921875 18.934965133666992 -4316.1953125 
v 1320.763427734375 58.41427993774414 -4316.1953125 
v 1341.6439208984375 58.41427993774414 -4316.1953125 
v 1099.1229248046875 23.601848602294922 -4342.16552734375 
v 1099.1229248046875 23.601848602294922 -4649.6923828125 
v 1099.1229248046875 7.330820560455322 -4649.6923828125 
v 1115.2110595703125 23.601848602294922 -4649.6923828125 
v 1115.2110595703125 7.330820560455322 -4342.16552734375 
v 1115.2110595703125 23.601848602294922 -4342.16552734375 
v 1115.2110595703125 7.330820560455322 -4649.6923828125 
v 1115.2110595703125 7.330820560455322 -4342.16552734375 
v 1099.1229248046875 7.330820560455322 -4342.16552734375 
v 1099.1229248046875 23.601848602294922 -4649.6923828125 
v 1115.2110595703125 23.601848602294922 -4342.16552734375 
v 1099.1229248046875 23.601848602294922 -4342.16552734375 
v 1090.3941650390625 68.50483703613281 -4716.78173828125 
v 1092.619140625 68.50483703613281 -4716.78173828125 
v 1092.619140625 68.50483703613281 -4275.94189453125 
v 1102.717041015625 85.91105651855469 -4706.826171875 
v 1102.5458984375 88.0552978515625 -4290.658203125 
v 1102.717041015625 88.0552978515625 -4706.826171875 
v 1334.626708984375 88.0552978515625 -4706.826171875 
v 1334.626708984375 85.91105651855469 -4706.826171875 
v 1334.7978515625 85.91105651855469 -4290.658203125 
v 1111.103515625 135.7332000732422 -4564.857421875 
v 1106.311279296875 135.7332000732422 -4564.857421875 
v 1111.103515625 135.7332000732422 -4531.0966796875 
v 1106.311279296875 135.7332000732422 -4531.0966796875 
v 1087.484619140625 90.95633697509766 -4588.01416015625 
v 1106.311279296875 90.95633697509766 -4588.01416015625 
v 1087.484619140625 90.95633697509766 -4576.32763671875 
v 1106.311279296875 90.95633697509766 -4576.32763671875 
v 1087.484619140625 103.06501007080078 -4564.857421875 
v 1106.311279296875 103.06501007080078 -4564.857421875 
v 1087.484619140625 130.1833953857422 -4564.857421875 
v 1106.311279296875 135.7332000732422 -4564.857421875 
v 1088.6827392578125 131.6969757080078 -4564.857421875 
v 1088.6827392578125 135.7332000732422 -4564.857421875 
v 1084.5750732421875 144.814697265625 -4564.857421875 
v 1084.5750732421875 135.7332000732422 -4564.857421875 
v 1111.103515625 143.55337524414062 -4564.857421875 
v 1106.311279296875 135.7332000732422 -4564.857421875 
v 1111.103515625 135.7332000732422 -4564.857421875 
v 1087.484619140625 63.71182632446289 -4534.12646484375 
v 1087.484619140625 63.71182632446289 -4561.82763671875 
v 1087.484619140625 102.68661499023438 -4534.12646484375 
v 1087.484619140625 102.68661499023438 -4561.82763671875 
v 1087.484619140625 126.02103424072266 -4534.12646484375 
v 1087.484619140625 126.02103424072266 -4561.82763671875 
v 1106.311279296875 135.7332000732422 -4564.857421875 
v 1106.311279296875 135.7332000732422 -4531.0966796875 
v 1106.311279296875 103.06501007080078 -4564.857421875 
v 1106.311279296875 103.06501007080078 -4531.0966796875 
v 1106.311279296875 90.95633697509766 -4519.62646484375 
v 1106.311279296875 90.95633697509766 -4576.32763671875 
v 1106.311279296875 88.18143463134766 -4588.01416015625 
v 1106.311279296875 90.95633697509766 -4588.01416015625 
v 1106.311279296875 88.18143463134766 -4507.93994140625 
v 1106.311279296875 90.95633697509766 -4507.93994140625 
v 1350.201416015625 60.18013000488281 -4515.73095703125 
v 1346.7784423828125 60.18013000488281 -4515.73095703125 
v 1350.201416015625 72.41493225097656 -4514.64892578125 
v 1346.7784423828125 72.41493225097656 -4514.64892578125 
v 1350.37255859375 78.84766387939453 -4508.15625 
v 1346.7784423828125 78.84766387939453 -4508.15625 
v 1346.7784423828125 88.18143463134766 -4507.93994140625 
v 1350.201416015625 90.95633697509766 -4507.93994140625 
v 1331.3748779296875 90.95633697509766 -4507.93994140625 
v 1331.3748779296875 88.18143463134766 -4507.93994140625 
v 1111.103515625 143.55337524414062 -4564.857421875 
v 1111.103515625 135.7332000732422 -4564.857421875 
v 1111.103515625 143.55337524414062 -4531.0966796875 
v 1111.103515625 135.7332000732422 -4531.0966796875 
v 1087.484619140625 126.02103424072266 -4561.82763671875 
v 1073.7926025390625 126.02103424072266 -4534.12646484375 
v 1073.7926025390625 126.02103424072266 -4561.82763671875 
v 1062.8388671875 102.68661499023438 -4561.82763671875 
v 1062.8388671875 102.68661499023438 -4534.12646484375 
v 1051.029541015625 102.68661499023438 -4534.12646484375 
v 1051.029541015625 102.68661499023438 -4561.82763671875 
v 1047.093017578125 98.650390625 -4534.12646484375 
v 1047.093017578125 98.650390625 -4561.82763671875 
v 1047.093017578125 67.748046875 -4534.12646484375 
v 1047.093017578125 67.748046875 -4561.82763671875 
v 1051.029541015625 63.71182632446289 -4534.12646484375 
v 1051.029541015625 63.71182632446289 -4561.82763671875 
v 1087.484619140625 63.71182632446289 -4561.82763671875 
v 1087.484619140625 63.71182632446289 -4534.12646484375 
v 1087.484619140625 126.02103424072266 -4561.82763671875 
v 1073.7926025390625 126.02103424072266 -4561.82763671875 
v 1087.484619140625 102.68661499023438 -4561.82763671875 
v 1062.8388671875 102.68661499023438 -4561.82763671875 
v 1087.484619140625 63.71182632446289 -4561.82763671875 
v 1051.029541015625 102.68661499023438 -4561.82763671875 
v 1062.8388671875 102.68661499023438 -4561.82763671875 
v 1047.093017578125 98.650390625 -4561.82763671875 
v 1047.093017578125 67.748046875 -4561.82763671875 
v 1051.029541015625 63.71182632446289 -4561.82763671875 
v 1087.484619140625 63.71182632446289 -4561.82763671875 
v 1045.5526123046875 70.64908599853516 -4557.93212890625 
v 1045.5526123046875 70.64908599853516 -4538.02197265625 
v 1043.6700439453125 72.54106140136719 -4555.984375 
v 1043.6700439453125 72.54106140136719 -4539.9697265625 
v 1043.6700439453125 93.85737609863281 -4555.984375 
v 1043.6700439453125 93.85737609863281 -4539.9697265625 
v 1045.5526123046875 95.74935150146484 -4538.02197265625 
v 1045.5526123046875 95.74935150146484 -4557.93212890625 
v 1047.093017578125 95.74935150146484 -4557.93212890625 
v 1045.5526123046875 95.74935150146484 -4557.93212890625 
v 1047.093017578125 70.64908599853516 -4557.93212890625 
v 1045.5526123046875 70.64908599853516 -4557.93212890625 
v 1047.093017578125 70.64908599853516 -4538.02197265625 
v 1047.093017578125 70.64908599853516 -4557.93212890625 
v 1045.5526123046875 70.64908599853516 -4538.02197265625 
v 1045.5526123046875 70.64908599853516 -4557.93212890625 
v 1353.1109619140625 149.35545349121094 -4564.857421875 
v 1353.1109619140625 149.35545349121094 -4565.5068359375 
v 1353.1109619140625 144.814697265625 -4564.857421875 
v 1353.1109619140625 144.814697265625 -4565.5068359375 
v 1045.5526123046875 95.74935150146484 -4557.93212890625 
v 1047.093017578125 95.74935150146484 -4557.93212890625 
v 1045.5526123046875 95.74935150146484 -4538.02197265625 
v 1047.093017578125 95.74935150146484 -4538.02197265625 
v 1084.5750732421875 144.814697265625 -4564.857421875 
v 1084.5750732421875 144.814697265625 -4565.5068359375 
v 1084.5750732421875 149.35545349121094 -4564.857421875 
v 1084.5750732421875 149.35545349121094 -4565.5068359375 
v 1331.3748779296875 135.7332000732422 -4564.857421875 
v 1331.3748779296875 135.7332000732422 -4531.0966796875 
v 1331.3748779296875 103.06501007080078 -4564.857421875 
v 1331.3748779296875 103.06501007080078 -4531.0966796875 
v 1331.3748779296875 90.95633697509766 -4519.62646484375 
v 1331.3748779296875 90.95633697509766 -4576.32763671875 
v 1331.3748779296875 88.18143463134766 -4588.01416015625 
v 1331.3748779296875 90.95633697509766 -4588.01416015625 
v 1331.3748779296875 88.18143463134766 -4507.93994140625 
v 1331.3748779296875 90.95633697509766 -4507.93994140625 
v 1084.5750732421875 179.2487335205078 -4564.857421875 
v 1084.5750732421875 179.2487335205078 -4560.9619140625 
v 1353.1109619140625 179.2487335205078 -4564.857421875 
v 1353.1109619140625 179.2487335205078 -4560.9619140625 
v 1353.1109619140625 181.8975067138672 -4551.65625 
v 1084.5750732421875 181.8975067138672 -4551.65625 
v 1353.1109619140625 181.8975067138672 -4544.2978515625 
v 1084.5750732421875 181.8975067138672 -4544.2978515625 
v 1084.5750732421875 179.2487335205078 -4534.9921875 
v 1353.1109619140625 179.2487335205078 -4534.9921875 
v 1084.5750732421875 179.2487335205078 -4531.0966796875 
v 1353.1109619140625 179.2487335205078 -4531.0966796875 
v 1331.3748779296875 88.18143463134766 -4588.01416015625 
v 1346.7784423828125 88.18143463134766 -4588.01416015625 
v 1331.3748779296875 90.95633697509766 -4588.01416015625 
v 1350.201416015625 90.95633697509766 -4588.01416015625 
v 1350.37255859375 78.84766387939453 -4587.5810546875 
v 1346.7784423828125 78.84766387939453 -4587.5810546875 
v 1346.7784423828125 72.41493225097656 -4581.30517578125 
v 1350.201416015625 72.41493225097656 -4581.30517578125 
v 1346.7784423828125 60.18013000488281 -4580.22314453125 
v 1350.201416015625 60.18013000488281 -4580.22314453125 
v 1106.311279296875 88.18143463134766 -4588.01416015625 
v 1090.90771484375 88.18143463134766 -4588.01416015625 
v 1106.311279296875 90.95633697509766 -4588.01416015625 
v 1087.484619140625 90.95633697509766 -4588.01416015625 
v 1087.3134765625 78.84766387939453 -4587.5810546875 
v 1090.90771484375 78.84766387939453 -4587.5810546875 
v 1090.90771484375 72.41493225097656 -4581.30517578125 
v 1087.484619140625 72.41493225097656 -4581.30517578125 
v 1090.90771484375 60.18013000488281 -4580.22314453125 
v 1087.484619140625 60.18013000488281 -4580.22314453125 
v 1346.7784423828125 60.18013000488281 -4580.22314453125 
v 1346.7784423828125 72.41493225097656 -4581.30517578125 
v 1346.7784423828125 60.18013000488281 -4515.73095703125 
v 1346.7784423828125 72.41493225097656 -4514.64892578125 
v 1346.7784423828125 78.84766387939453 -4587.5810546875 
v 1346.7784423828125 78.84766387939453 -4508.15625 
v 1346.7784423828125 88.18143463134766 -4507.93994140625 
v 1346.7784423828125 88.18143463134766 -4588.01416015625 
v 1353.1109619140625 173.82505798339844 -4530.447265625 
v 1353.1109619140625 173.82505798339844 -4531.0966796875 
v 1084.5750732421875 173.82505798339844 -4530.447265625 
v 1084.5750732421875 173.82505798339844 -4531.0966796875 
v 1353.1109619140625 172.6898651123047 -4531.0966796875 
v 1084.5750732421875 172.6898651123047 -4531.0966796875 
v 1353.1109619140625 170.6717529296875 -4531.96240234375 
v 1084.5750732421875 170.6717529296875 -4531.96240234375 
v 1353.1109619140625 152.13035583496094 -4531.96240234375 
v 1084.5750732421875 152.13035583496094 -4531.96240234375 
v 1353.1109619140625 150.23837280273438 -4531.0966796875 
v 1084.5750732421875 150.23837280273438 -4531.0966796875 
v 1084.5750732421875 149.35545349121094 -4531.0966796875 
v 1353.1109619140625 149.35545349121094 -4531.0966796875 
v 1349.00341796875 135.7332000732422 -4564.857421875 
v 1331.3748779296875 135.7332000732422 -4564.857421875 
v 1349.00341796875 131.6969757080078 -4564.857421875 
v 1350.201416015625 130.1833953857422 -4564.857421875 
v 1331.3748779296875 103.06501007080078 -4564.857421875 
v 1350.201416015625 103.06501007080078 -4564.857421875 
v 1331.3748779296875 90.95633697509766 -4576.32763671875 
v 1350.201416015625 90.95633697509766 -4576.32763671875 
v 1331.3748779296875 90.95633697509766 -4588.01416015625 
v 1350.201416015625 90.95633697509766 -4588.01416015625 
v 1326.5826416015625 135.7332000732422 -4564.857421875 
v 1331.3748779296875 135.7332000732422 -4564.857421875 
v 1326.5826416015625 135.7332000732422 -4531.0966796875 
v 1331.3748779296875 135.7332000732422 -4531.0966796875 
v 1353.1109619140625 149.35545349121094 -4564.857421875 
v 1084.5750732421875 149.35545349121094 -4564.857421875 
v 1353.1109619140625 150.23837280273438 -4564.857421875 
v 1084.5750732421875 150.23837280273438 -4564.857421875 
v 1353.1109619140625 152.13035583496094 -4563.99169921875 
v 1084.5750732421875 152.13035583496094 -4563.99169921875 
v 1084.5750732421875 170.6717529296875 -4563.99169921875 
v 1353.1109619140625 170.6717529296875 -4563.99169921875 
v 1084.5750732421875 172.6898651123047 -4564.857421875 
v 1353.1109619140625 172.6898651123047 -4564.857421875 
v 1353.1109619140625 173.82505798339844 -4564.857421875 
v 1084.5750732421875 173.82505798339844 -4564.857421875 
v 1353.1109619140625 173.82505798339844 -4565.5068359375 
v 1084.5750732421875 173.82505798339844 -4565.5068359375 
v 1350.201416015625 130.0572509765625 -4531.0966796875 
v 1350.201416015625 103.06501007080078 -4531.0966796875 
v 1350.201416015625 126.02103424072266 -4534.12646484375 
v 1350.201416015625 102.68661499023438 -4534.12646484375 
v 1350.201416015625 90.95633697509766 -4519.62646484375 
v 1350.201416015625 63.71182632446289 -4534.12646484375 
v 1350.201416015625 72.41493225097656 -4514.64892578125 
v 1350.201416015625 60.18013000488281 -4515.73095703125 
v 1350.201416015625 63.71182632446289 -4561.82763671875 
v 1350.201416015625 60.18013000488281 -4580.22314453125 
v 1350.201416015625 72.41493225097656 -4581.30517578125 
v 1350.201416015625 90.95633697509766 -4576.32763671875 
v 1350.37255859375 78.84766387939453 -4587.5810546875 
v 1350.201416015625 90.95633697509766 -4588.01416015625 
v 1350.37255859375 78.84766387939453 -4508.15625 
v 1350.201416015625 90.95633697509766 -4507.93994140625 
v 1350.201416015625 102.68661499023438 -4561.82763671875 
v 1350.201416015625 103.06501007080078 -4564.857421875 
v 1350.201416015625 126.02103424072266 -4561.82763671875 
v 1350.201416015625 130.1833953857422 -4564.857421875 
v 1350.201416015625 126.02103424072266 -4534.12646484375 
v 1350.201416015625 126.02103424072266 -4561.82763671875 
v 1350.201416015625 130.0572509765625 -4531.0966796875 
v 1350.201416015625 130.1833953857422 -4564.857421875 
v 1349.00341796875 131.5708465576172 -4531.0966796875 
v 1349.00341796875 131.6969757080078 -4564.857421875 
v 1349.00341796875 135.7332000732422 -4531.0966796875 
v 1349.00341796875 135.7332000732422 -4564.857421875 
v 1353.1109619140625 149.35545349121094 -4530.447265625 
v 1084.5750732421875 149.35545349121094 -4530.447265625 
v 1353.1109619140625 144.814697265625 -4530.447265625 
v 1084.5750732421875 144.814697265625 -4530.447265625 
v 1350.201416015625 126.02103424072266 -4561.82763671875 
v 1350.201416015625 102.68661499023438 -4561.82763671875 
v 1350.201416015625 126.02103424072266 -4534.12646484375 
v 1350.201416015625 102.68661499023438 -4534.12646484375 
v 1350.201416015625 63.71182632446289 -4534.12646484375 
v 1350.201416015625 63.71182632446289 -4561.82763671875 
v 1350.201416015625 126.02103424072266 -4534.12646484375 
v 1363.8935546875 126.02103424072266 -4534.12646484375 
v 1363.8935546875 126.02103424072266 -4561.82763671875 
v 1374.84716796875 102.68661499023438 -4561.82763671875 
v 1374.84716796875 102.68661499023438 -4534.12646484375 
v 1386.6566162109375 102.68661499023438 -4561.82763671875 
v 1386.6566162109375 102.68661499023438 -4534.12646484375 
v 1390.593017578125 98.650390625 -4561.82763671875 
v 1390.593017578125 98.650390625 -4534.12646484375 
v 1390.593017578125 67.748046875 -4561.82763671875 
v 1390.593017578125 67.748046875 -4534.12646484375 
v 1386.6566162109375 63.71182632446289 -4561.82763671875 
v 1386.6566162109375 63.71182632446289 -4534.12646484375 
v 1350.201416015625 63.71182632446289 -4561.82763671875 
v 1350.201416015625 63.71182632446289 -4534.12646484375 
v 1386.6566162109375 63.71182632446289 -4534.12646484375 
v 1350.201416015625 126.02103424072266 -4534.12646484375 
v 1363.8935546875 126.02103424072266 -4561.82763671875 
v 1350.201416015625 126.02103424072266 -4561.82763671875 
v 1350.201416015625 126.02103424072266 -4561.82763671875 
v 1350.201416015625 102.68661499023438 -4561.82763671875 
v 1363.8935546875 126.02103424072266 -4561.82763671875 
v 1374.84716796875 102.68661499023438 -4561.82763671875 
v 1350.201416015625 63.71182632446289 -4561.82763671875 
v 1386.6566162109375 63.71182632446289 -4561.82763671875 
v 1390.593017578125 67.748046875 -4561.82763671875 
v 1390.593017578125 98.650390625 -4561.82763671875 
v 1386.6566162109375 102.68661499023438 -4561.82763671875 
v 1390.593017578125 70.64908599853516 -4538.02197265625 
v 1392.1334228515625 95.74935150146484 -4538.02197265625 
v 1390.593017578125 95.74935150146484 -4538.02197265625 
v 1392.1334228515625 95.74935150146484 -4538.02197265625 
v 1392.1334228515625 70.64908599853516 -4538.02197265625 
v 1394.01611328125 72.54106140136719 -4539.9697265625 
v 1394.01611328125 72.54106140136719 -4555.984375 
v 1394.01611328125 93.85737609863281 -4539.9697265625 
v 1394.01611328125 93.85737609863281 -4555.984375 
v 1392.1334228515625 95.74935150146484 -4557.93212890625 
v 1390.593017578125 95.74935150146484 -4538.02197265625 
v 1392.1334228515625 70.64908599853516 -4557.93212890625 
v 1390.593017578125 70.64908599853516 -4557.93212890625 
v 1390.593017578125 95.74935150146484 -4557.93212890625 
v 1390.593017578125 70.64908599853516 -4557.93212890625 
v 1390.593017578125 70.64908599853516 -4538.02197265625 
v 1392.1334228515625 70.64908599853516 -4538.02197265625 
v 1392.1334228515625 95.74935150146484 -4557.93212890625 
v 1390.593017578125 95.74935150146484 -4557.93212890625 
v 1350.201416015625 90.95633697509766 -4507.93994140625 
v 1331.3748779296875 90.95633697509766 -4507.93994140625 
v 1350.201416015625 90.95633697509766 -4519.62646484375 
v 1331.3748779296875 90.95633697509766 -4519.62646484375 
v 1350.201416015625 103.06501007080078 -4531.0966796875 
v 1331.3748779296875 103.06501007080078 -4531.0966796875 
v 1350.201416015625 130.0572509765625 -4531.0966796875 
v 1331.3748779296875 135.7332000732422 -4531.0966796875 
v 1349.00341796875 131.5708465576172 -4531.0966796875 
v 1349.00341796875 135.7332000732422 -4531.0966796875 
v 1087.484619140625 90.95633697509766 -4507.93994140625 
v 1087.484619140625 90.95633697509766 -4519.62646484375 
v 1106.311279296875 90.95633697509766 -4507.93994140625 
v 1106.311279296875 90.95633697509766 -4519.62646484375 
v 1087.484619140625 103.06501007080078 -4531.0966796875 
v 1106.311279296875 103.06501007080078 -4531.0966796875 
v 1087.484619140625 130.0572509765625 -4531.0966796875 
v 1106.311279296875 135.7332000732422 -4531.0966796875 
v 1088.6827392578125 131.5708465576172 -4531.0966796875 
v 1088.6827392578125 135.7332000732422 -4531.0966796875 
v 1087.484619140625 126.02103424072266 -4534.12646484375 
v 1073.7926025390625 126.02103424072266 -4534.12646484375 
v 1087.484619140625 102.68661499023438 -4534.12646484375 
v 1062.8388671875 102.68661499023438 -4534.12646484375 
v 1087.484619140625 63.71182632446289 -4534.12646484375 
v 1051.029541015625 63.71182632446289 -4534.12646484375 
v 1047.093017578125 67.748046875 -4534.12646484375 
v 1047.093017578125 98.650390625 -4534.12646484375 
v 1051.029541015625 102.68661499023438 -4534.12646484375 
v 1047.093017578125 95.74935150146484 -4538.02197265625 
v 1045.5526123046875 95.74935150146484 -4538.02197265625 
v 1047.093017578125 70.64908599853516 -4538.02197265625 
v 1045.5526123046875 70.64908599853516 -4538.02197265625 
v 1084.5750732421875 149.35545349121094 -4531.0966796875 
v 1084.5750732421875 144.814697265625 -4531.0966796875 
v 1084.5750732421875 149.35545349121094 -4530.447265625 
v 1084.5750732421875 144.814697265625 -4530.447265625 
v 1106.311279296875 88.18143463134766 -4507.93994140625 
v 1106.311279296875 90.95633697509766 -4507.93994140625 
v 1090.90771484375 88.18143463134766 -4507.93994140625 
v 1087.484619140625 90.95633697509766 -4507.93994140625 
v 1087.3134765625 78.84766387939453 -4508.15625 
v 1090.90771484375 78.84766387939453 -4508.15625 
v 1090.90771484375 72.41493225097656 -4514.64892578125 
v 1087.484619140625 72.41493225097656 -4514.64892578125 
v 1090.90771484375 60.18013000488281 -4515.73095703125 
v 1087.484619140625 60.18013000488281 -4515.73095703125 
v 1087.484619140625 60.18013000488281 -4580.22314453125 
v 1090.90771484375 60.18013000488281 -4580.22314453125 
v 1087.484619140625 60.18013000488281 -4515.73095703125 
v 1090.90771484375 60.18013000488281 -4515.73095703125 
v 1084.5750732421875 172.6898651123047 -4564.857421875 
v 1084.5750732421875 170.6717529296875 -4563.99169921875 
v 1084.5750732421875 173.82505798339844 -4564.857421875 
v 1084.5750732421875 179.2487335205078 -4560.9619140625 
v 1084.5750732421875 178.491943359375 -4564.857421875 
v 1084.5750732421875 179.2487335205078 -4564.857421875 
v 1084.5750732421875 181.8975067138672 -4551.65625 
v 1084.5750732421875 170.6717529296875 -4531.96240234375 
v 1084.5750732421875 181.8975067138672 -4544.2978515625 
v 1084.5750732421875 179.2487335205078 -4534.9921875 
v 1084.5750732421875 173.82505798339844 -4531.0966796875 
v 1084.5750732421875 172.6898651123047 -4531.0966796875 
v 1084.5750732421875 152.13035583496094 -4563.99169921875 
v 1084.5750732421875 152.13035583496094 -4531.96240234375 
v 1084.5750732421875 150.23837280273438 -4564.857421875 
v 1084.5750732421875 150.23837280273438 -4531.0966796875 
v 1084.5750732421875 149.35545349121094 -4531.0966796875 
v 1084.5750732421875 149.35545349121094 -4564.857421875 
v 1084.5750732421875 178.491943359375 -4531.0966796875 
v 1084.5750732421875 179.2487335205078 -4531.0966796875 
v 1350.201416015625 60.18013000488281 -4580.22314453125 
v 1350.201416015625 60.18013000488281 -4515.73095703125 
v 1346.7784423828125 60.18013000488281 -4580.22314453125 
v 1346.7784423828125 60.18013000488281 -4515.73095703125 
v 1353.1109619140625 144.814697265625 -4531.0966796875 
v 1353.1109619140625 149.35545349121094 -4531.0966796875 
v 1353.1109619140625 144.814697265625 -4530.447265625 
v 1353.1109619140625 149.35545349121094 -4530.447265625 
v 1349.00341796875 135.7332000732422 -4531.0966796875 
v 1349.00341796875 135.7332000732422 -4564.857421875 
v 1353.1109619140625 135.7332000732422 -4531.0966796875 
v 1353.1109619140625 135.7332000732422 -4564.857421875 
v 1090.90771484375 88.18143463134766 -4588.01416015625 
v 1106.311279296875 88.18143463134766 -4588.01416015625 
v 1090.90771484375 88.18143463134766 -4507.93994140625 
v 1106.311279296875 88.18143463134766 -4507.93994140625 
v 1350.201416015625 126.02103424072266 -4534.12646484375 
v 1350.201416015625 102.68661499023438 -4534.12646484375 
v 1363.8935546875 126.02103424072266 -4534.12646484375 
v 1374.84716796875 102.68661499023438 -4534.12646484375 
v 1350.201416015625 63.71182632446289 -4534.12646484375 
v 1386.6566162109375 63.71182632446289 -4534.12646484375 
v 1374.84716796875 102.68661499023438 -4534.12646484375 
v 1390.593017578125 67.748046875 -4534.12646484375 
v 1390.593017578125 98.650390625 -4534.12646484375 
v 1386.6566162109375 102.68661499023438 -4534.12646484375 
v 1090.90771484375 60.18013000488281 -4580.22314453125 
v 1090.90771484375 60.18013000488281 -4515.73095703125 
v 1090.90771484375 72.41493225097656 -4581.30517578125 
v 1090.90771484375 72.41493225097656 -4514.64892578125 
v 1090.90771484375 78.84766387939453 -4587.5810546875 
v 1090.90771484375 78.84766387939453 -4508.15625 
v 1090.90771484375 88.18143463134766 -4507.93994140625 
v 1090.90771484375 88.18143463134766 -4588.01416015625 
v 1353.1109619140625 173.82505798339844 -4565.5068359375 
v 1084.5750732421875 173.82505798339844 -4565.5068359375 
v 1353.1109619140625 178.491943359375 -4565.5068359375 
v 1084.5750732421875 178.491943359375 -4565.5068359375 
v 1353.1109619140625 135.7332000732422 -4564.857421875 
v 1353.1109619140625 144.814697265625 -4564.857421875 
v 1353.1109619140625 135.7332000732422 -4531.0966796875 
v 1353.1109619140625 144.814697265625 -4531.0966796875 
v 1353.1109619140625 149.35545349121094 -4531.0966796875 
v 1353.1109619140625 149.35545349121094 -4564.857421875 
v 1353.1109619140625 150.23837280273438 -4564.857421875 
v 1353.1109619140625 150.23837280273438 -4531.0966796875 
v 1353.1109619140625 152.13035583496094 -4563.99169921875 
v 1353.1109619140625 152.13035583496094 -4531.96240234375 
v 1353.1109619140625 170.6717529296875 -4563.99169921875 
v 1353.1109619140625 170.6717529296875 -4531.96240234375 
v 1353.1109619140625 181.8975067138672 -4544.2978515625 
v 1353.1109619140625 179.2487335205078 -4534.9921875 
v 1353.1109619140625 173.82505798339844 -4531.0966796875 
v 1353.1109619140625 178.491943359375 -4531.0966796875 
v 1353.1109619140625 179.2487335205078 -4531.0966796875 
v 1353.1109619140625 181.8975067138672 -4551.65625 
v 1353.1109619140625 179.2487335205078 -4560.9619140625 
v 1353.1109619140625 173.82505798339844 -4564.857421875 
v 1353.1109619140625 178.491943359375 -4564.857421875 
v 1353.1109619140625 179.2487335205078 -4564.857421875 
v 1353.1109619140625 172.6898651123047 -4531.0966796875 
v 1353.1109619140625 172.6898651123047 -4564.857421875 
v 1088.6827392578125 135.7332000732422 -4531.0966796875 
v 1088.6827392578125 135.7332000732422 -4564.857421875 
v 1084.5750732421875 135.7332000732422 -4531.0966796875 
v 1084.5750732421875 135.7332000732422 -4564.857421875 
v 1087.484619140625 90.95633697509766 -4588.01416015625 
v 1087.484619140625 90.95633697509766 -4576.32763671875 
v 1087.3134765625 78.84766387939453 -4587.5810546875 
v 1087.484619140625 72.41493225097656 -4581.30517578125 
v 1087.484619140625 63.71182632446289 -4561.82763671875 
v 1087.484619140625 60.18013000488281 -4580.22314453125 
v 1087.484619140625 60.18013000488281 -4515.73095703125 
v 1087.484619140625 63.71182632446289 -4534.12646484375 
v 1087.484619140625 72.41493225097656 -4514.64892578125 
v 1087.484619140625 90.95633697509766 -4519.62646484375 
v 1087.3134765625 78.84766387939453 -4508.15625 
v 1087.484619140625 90.95633697509766 -4507.93994140625 
v 1087.484619140625 102.68661499023438 -4561.82763671875 
v 1087.484619140625 103.06501007080078 -4564.857421875 
v 1087.484619140625 126.02103424072266 -4561.82763671875 
v 1087.484619140625 130.1833953857422 -4564.857421875 
v 1087.484619140625 102.68661499023438 -4534.12646484375 
v 1087.484619140625 103.06501007080078 -4531.0966796875 
v 1087.484619140625 126.02103424072266 -4534.12646484375 
v 1087.484619140625 130.0572509765625 -4531.0966796875 
v 1346.7784423828125 88.18143463134766 -4588.01416015625 
v 1346.7784423828125 88.18143463134766 -4507.93994140625 
v 1331.3748779296875 88.18143463134766 -4588.01416015625 
v 1331.3748779296875 88.18143463134766 -4507.93994140625 
v 1326.5826416015625 143.55337524414062 -4531.0966796875 
v 1111.103515625 143.55337524414062 -4531.0966796875 
v 1326.5826416015625 143.55337524414062 -4564.857421875 
v 1111.103515625 143.55337524414062 -4564.857421875 
v 1087.484619140625 126.02103424072266 -4534.12646484375 
v 1087.484619140625 130.0572509765625 -4531.0966796875 
v 1087.484619140625 126.02103424072266 -4561.82763671875 
v 1087.484619140625 130.1833953857422 -4564.857421875 
v 1088.6827392578125 131.5708465576172 -4531.0966796875 
v 1088.6827392578125 131.6969757080078 -4564.857421875 
v 1088.6827392578125 135.7332000732422 -4531.0966796875 
v 1088.6827392578125 135.7332000732422 -4564.857421875 
v 1326.5826416015625 143.55337524414062 -4564.857421875 
v 1326.5826416015625 143.55337524414062 -4531.0966796875 
v 1326.5826416015625 135.7332000732422 -4564.857421875 
v 1326.5826416015625 135.7332000732422 -4531.0966796875 
v 1353.1109619140625 144.814697265625 -4565.5068359375 
v 1353.1109619140625 149.35545349121094 -4565.5068359375 
v 1084.5750732421875 144.814697265625 -4565.5068359375 
v 1084.5750732421875 149.35545349121094 -4565.5068359375 
v 1084.5750732421875 178.491943359375 -4531.0966796875 
v 1084.5750732421875 179.2487335205078 -4531.0966796875 
v 1353.1109619140625 178.491943359375 -4531.0966796875 
v 1353.1109619140625 179.2487335205078 -4531.0966796875 
v 1353.1109619140625 173.82505798339844 -4531.0966796875 
v 1353.1109619140625 173.82505798339844 -4530.447265625 
v 1353.1109619140625 178.491943359375 -4531.0966796875 
v 1353.1109619140625 178.491943359375 -4530.447265625 
v 1084.5750732421875 178.491943359375 -4531.0966796875 
v 1084.5750732421875 178.491943359375 -4530.447265625 
v 1084.5750732421875 173.82505798339844 -4531.0966796875 
v 1084.5750732421875 173.82505798339844 -4530.447265625 
v 1084.5750732421875 179.2487335205078 -4564.857421875 
v 1084.5750732421875 178.491943359375 -4564.857421875 
v 1353.1109619140625 179.2487335205078 -4564.857421875 
v 1353.1109619140625 178.491943359375 -4564.857421875 
v 1084.5750732421875 178.491943359375 -4565.5068359375 
v 1353.1109619140625 178.491943359375 -4565.5068359375 
v 1353.1109619140625 178.491943359375 -4530.447265625 
v 1084.5750732421875 178.491943359375 -4530.447265625 
v 1353.1109619140625 173.82505798339844 -4530.447265625 
v 1084.5750732421875 173.82505798339844 -4530.447265625 
v 1084.5750732421875 173.82505798339844 -4564.857421875 
v 1084.5750732421875 178.491943359375 -4564.857421875 
v 1084.5750732421875 173.82505798339844 -4565.5068359375 
v 1084.5750732421875 178.491943359375 -4565.5068359375 
v 1353.1109619140625 178.491943359375 -4564.857421875 
v 1353.1109619140625 173.82505798339844 -4564.857421875 
v 1353.1109619140625 178.491943359375 -4565.5068359375 
v 1353.1109619140625 173.82505798339844 -4565.5068359375 
v 1353.1109619140625 178.491943359375 -4531.0966796875 
v 1084.5750732421875 178.491943359375 -4531.0966796875 
v 1353.1109619140625 178.491943359375 -4530.447265625 
v 1084.5750732421875 178.491943359375 -4530.447265625 
v 1084.5750732421875 144.814697265625 -4531.0966796875 
v 1353.1109619140625 144.814697265625 -4531.0966796875 
v 1084.5750732421875 144.814697265625 -4530.447265625 
v 1353.1109619140625 144.814697265625 -4530.447265625 
v 1353.1109619140625 149.35545349121094 -4531.0966796875 
v 1084.5750732421875 149.35545349121094 -4531.0966796875 
v 1353.1109619140625 149.35545349121094 -4530.447265625 
v 1084.5750732421875 149.35545349121094 -4530.447265625 
v 1084.5750732421875 149.35545349121094 -4564.857421875 
v 1353.1109619140625 149.35545349121094 -4564.857421875 
v 1084.5750732421875 149.35545349121094 -4565.5068359375 
v 1353.1109619140625 149.35545349121094 -4565.5068359375 
v 1353.1109619140625 144.814697265625 -4564.857421875 
v 1084.5750732421875 144.814697265625 -4564.857421875 
v 1353.1109619140625 144.814697265625 -4565.5068359375 
v 1084.5750732421875 144.814697265625 -4565.5068359375 
v 1084.5750732421875 149.35545349121094 -4531.0966796875 
v 1084.5750732421875 149.35545349121094 -4564.857421875 
v 1084.5750732421875 144.814697265625 -4531.0966796875 
v 1084.5750732421875 144.814697265625 -4564.857421875 
v 1084.5750732421875 135.7332000732422 -4564.857421875 
v 1084.5750732421875 135.7332000732422 -4531.0966796875 
v 1073.7926025390625 126.02103424072266 -4534.12646484375 
v 1087.484619140625 126.02103424072266 -4561.82763671875 
v 1087.484619140625 126.02103424072266 -4534.12646484375 
v 1111.103515625 135.7332000732422 -4531.0966796875 
v 1111.103515625 143.55337524414062 -4531.0966796875 
v 1106.311279296875 135.7332000732422 -4531.0966796875 
v 1084.5750732421875 135.7332000732422 -4531.0966796875 
v 1084.5750732421875 144.814697265625 -4531.0966796875 
v 1326.5826416015625 135.7332000732422 -4564.857421875 
v 1326.5826416015625 143.55337524414062 -4564.857421875 
v 1331.3748779296875 135.7332000732422 -4564.857421875 
v 1353.1109619140625 135.7332000732422 -4564.857421875 
v 1353.1109619140625 144.814697265625 -4564.857421875 
v 1353.1109619140625 144.814697265625 -4531.0966796875 
v 1326.5826416015625 143.55337524414062 -4531.0966796875 
v 1353.1109619140625 135.7332000732422 -4531.0966796875 
v 1331.3748779296875 135.7332000732422 -4531.0966796875 
v 1326.5826416015625 135.7332000732422 -4531.0966796875 
v 1084.5750732421875 144.814697265625 -4564.857421875 
v 1353.1109619140625 144.814697265625 -4564.857421875 
v 1111.103515625 143.55337524414062 -4564.857421875 
v 1326.5826416015625 143.55337524414062 -4564.857421875 
v 1084.5750732421875 144.814697265625 -4531.0966796875 
v 1111.103515625 143.55337524414062 -4531.0966796875 
v 1353.1109619140625 144.814697265625 -4531.0966796875 
v 1326.5826416015625 143.55337524414062 -4531.0966796875 
v 1138.1453857421875 203.7183380126953 -4632.81201171875 
v 1138.1453857421875 222.7642822265625 -4632.81201171875 
v 1171.862060546875 203.7183380126953 -4632.81201171875 
v 1171.862060546875 222.7642822265625 -4632.81201171875 
v 1171.862060546875 230.07992553710938 -4625.67041015625 
v 1138.1453857421875 230.07992553710938 -4625.67041015625 
v 1171.862060546875 230.07992553710938 -4599.05126953125 
v 1138.1453857421875 230.07992553710938 -4599.05126953125 
v 1171.862060546875 203.7183380126953 -4632.81201171875 
v 1171.862060546875 222.7642822265625 -4632.81201171875 
v 1171.862060546875 203.7183380126953 -4615.931640625 
v 1171.862060546875 230.07992553710938 -4625.67041015625 
v 1171.862060546875 207.1239013671875 -4607.4912109375 
v 1171.862060546875 230.07992553710938 -4599.05126953125 
v 1171.862060546875 207.1239013671875 -4599.05126953125 
v 1171.862060546875 207.1239013671875 -4599.05126953125 
v 1138.1453857421875 207.1239013671875 -4599.05126953125 
v 1171.862060546875 230.07992553710938 -4599.05126953125 
v 1138.1453857421875 230.07992553710938 -4599.05126953125 
v 1171.862060546875 207.1239013671875 -4599.05126953125 
v 1171.862060546875 207.1239013671875 -4607.4912109375 
v 1138.1453857421875 207.1239013671875 -4599.05126953125 
v 1138.1453857421875 207.1239013671875 -4607.4912109375 
v 1171.862060546875 203.7183380126953 -4615.931640625 
v 1138.1453857421875 203.7183380126953 -4615.931640625 
v 1171.862060546875 203.7183380126953 -4632.81201171875 
v 1138.1453857421875 203.7183380126953 -4632.81201171875 
v 1138.1453857421875 203.7183380126953 -4632.81201171875 
v 1138.1453857421875 203.7183380126953 -4615.931640625 
v 1138.1453857421875 222.7642822265625 -4632.81201171875 
v 1138.1453857421875 230.07992553710938 -4625.67041015625 
v 1138.1453857421875 207.1239013671875 -4607.4912109375 
v 1138.1453857421875 230.07992553710938 -4599.05126953125 
v 1138.1453857421875 207.1239013671875 -4599.05126953125 
v 1143.1087646484375 199.0514678955078 -4626.31982421875 
v 1166.898681640625 199.0514678955078 -4626.31982421875 
v 1143.1087646484375 199.0514678955078 -4609.43896484375 
v 1166.898681640625 199.0514678955078 -4609.43896484375 
v 1143.1087646484375 206.619384765625 -4626.31982421875 
v 1143.1087646484375 199.0514678955078 -4609.43896484375 
v 1143.1087646484375 206.619384765625 -4609.43896484375 
v 1143.1087646484375 206.619384765625 -4626.31982421875 
v 1143.1087646484375 199.0514678955078 -4626.31982421875 
v 1166.898681640625 206.619384765625 -4626.31982421875 
v 1166.898681640625 199.0514678955078 -4626.31982421875 
v 1166.898681640625 206.619384765625 -4609.43896484375 
v 1166.898681640625 206.619384765625 -4626.31982421875 
v 1166.898681640625 199.0514678955078 -4626.31982421875 
v 1166.898681640625 206.619384765625 -4609.43896484375 
v 1143.1087646484375 206.619384765625 -4609.43896484375 
v 1166.898681640625 199.0514678955078 -4609.43896484375 
v 1143.1087646484375 199.0514678955078 -4609.43896484375 
v 1217.5594482421875 158.9414825439453 -4610.521484375 
v 1217.5594482421875 158.9414825439453 -4589.9619140625 
v 1217.5594482421875 156.41883850097656 -4610.521484375 
v 1217.5594482421875 156.41883850097656 -4587.79736328125 
v 1217.5594482421875 158.9414825439453 -4587.79736328125 
v 1217.5594482421875 186.816650390625 -4587.79736328125 
v 1217.5594482421875 188.4563751220703 -4589.9619140625 
v 1217.5594482421875 188.4563751220703 -4587.79736328125 
v 1217.5594482421875 186.816650390625 -4585.4169921875 
v 1217.5594482421875 236.76492309570312 -4585.4169921875 
v 1217.5594482421875 236.76492309570312 -4587.79736328125 
v 1197.021240234375 186.816650390625 -4587.79736328125 
v 1197.021240234375 158.9414825439453 -4587.79736328125 
v 1201.642333984375 186.816650390625 -4587.79736328125 
v 1201.642333984375 158.9414825439453 -4587.79736328125 
v 1197.021240234375 156.41883850097656 -4587.79736328125 
v 1204.2095947265625 158.9414825439453 -4587.79736328125 
v 1207.2904052734375 158.9414825439453 -4587.79736328125 
v 1204.2095947265625 186.816650390625 -4587.79736328125 
v 1207.2904052734375 186.816650390625 -4587.79736328125 
v 1210.37109375 158.9414825439453 -4587.79736328125 
v 1210.37109375 186.816650390625 -4587.79736328125 
v 1207.4615478515625 156.41883850097656 -4587.79736328125 
v 1217.5594482421875 156.41883850097656 -4587.79736328125 
v 1212.9383544921875 158.9414825439453 -4587.79736328125 
v 1217.5594482421875 158.9414825439453 -4587.79736328125 
v 1217.5594482421875 186.816650390625 -4587.79736328125 
v 1212.9383544921875 186.816650390625 -4587.79736328125 
v 1217.5594482421875 188.4563751220703 -4589.9619140625 
v 1207.4615478515625 188.4563751220703 -4589.9619140625 
v 1217.5594482421875 158.9414825439453 -4589.9619140625 
v 1207.4615478515625 158.9414825439453 -4589.9619140625 
v 1197.021240234375 188.4563751220703 -4589.9619140625 
v 1197.021240234375 158.9414825439453 -4589.9619140625 
v 1197.021240234375 158.9414825439453 -4610.521484375 
v 1197.021240234375 156.41883850097656 -4610.521484375 
v 1197.021240234375 158.9414825439453 -4589.9619140625 
v 1197.021240234375 156.41883850097656 -4587.79736328125 
v 1197.021240234375 158.9414825439453 -4587.79736328125 
v 1197.021240234375 186.816650390625 -4587.79736328125 
v 1197.021240234375 188.4563751220703 -4589.9619140625 
v 1197.021240234375 188.4563751220703 -4587.79736328125 
v 1197.021240234375 186.816650390625 -4585.4169921875 
v 1197.021240234375 236.76492309570312 -4585.4169921875 
v 1197.021240234375 236.76492309570312 -4587.79736328125 
v 1210.37109375 186.816650390625 -4587.79736328125 
v 1207.2904052734375 186.816650390625 -4587.79736328125 
v 1210.37109375 186.816650390625 -4585.4169921875 
v 1207.2904052734375 186.816650390625 -4585.4169921875 
v 1207.2904052734375 186.816650390625 -4583.03662109375 
v 1204.2095947265625 186.816650390625 -4585.4169921875 
v 1195.138671875 186.816650390625 -4583.03662109375 
v 1201.642333984375 186.816650390625 -4585.4169921875 
v 1197.021240234375 186.816650390625 -4585.4169921875 
v 1197.021240234375 186.816650390625 -4587.79736328125 
v 1201.642333984375 186.816650390625 -4587.79736328125 
v 1204.2095947265625 186.816650390625 -4587.79736328125 
v 1195.138671875 186.816650390625 -4585.4169921875 
v 1212.9383544921875 186.816650390625 -4585.4169921875 
v 1219.4420166015625 186.816650390625 -4583.03662109375 
v 1217.5594482421875 186.816650390625 -4585.4169921875 
v 1219.4420166015625 186.816650390625 -4585.4169921875 
v 1212.9383544921875 186.816650390625 -4587.79736328125 
v 1217.5594482421875 186.816650390625 -4587.79736328125 
v 1197.021240234375 236.76492309570312 -4587.79736328125 
v 1197.021240234375 188.4563751220703 -4587.79736328125 
v 1201.642333984375 230.71058654785156 -4587.79736328125 
v 1201.642333984375 194.51071166992188 -4587.79736328125 
v 1204.2095947265625 188.4563751220703 -4587.79736328125 
v 1204.2095947265625 194.51071166992188 -4587.79736328125 
v 1204.2095947265625 236.76492309570312 -4587.79736328125 
v 1204.2095947265625 230.71058654785156 -4587.79736328125 
v 1206.263427734375 230.71058654785156 -4586.71533203125 
v 1204.2095947265625 216.83607482910156 -4587.79736328125 
v 1204.2095947265625 209.394287109375 -4587.79736328125 
v 1206.263427734375 194.51071166992188 -4586.71533203125 
v 1206.263427734375 188.4563751220703 -4586.71533203125 
v 1206.263427734375 236.76492309570312 -4586.71533203125 
v 1208.3172607421875 236.76492309570312 -4586.71533203125 
v 1208.3172607421875 194.51071166992188 -4586.71533203125 
v 1208.3172607421875 188.4563751220703 -4586.71533203125 
v 1210.37109375 194.51071166992188 -4587.79736328125 
v 1210.37109375 188.4563751220703 -4587.79736328125 
v 1212.9383544921875 194.51071166992188 -4587.79736328125 
v 1217.5594482421875 188.4563751220703 -4587.79736328125 
v 1212.9383544921875 230.71058654785156 -4587.79736328125 
v 1217.5594482421875 236.76492309570312 -4587.79736328125 
v 1210.37109375 236.76492309570312 -4587.79736328125 
v 1210.37109375 230.71058654785156 -4587.79736328125 
v 1208.3172607421875 230.71058654785156 -4586.71533203125 
v 1210.37109375 216.83607482910156 -4587.79736328125 
v 1210.37109375 209.394287109375 -4587.79736328125 
v 1217.5594482421875 236.76492309570312 -4587.79736328125 
v 1210.37109375 236.76492309570312 -4587.79736328125 
v 1217.5594482421875 236.76492309570312 -4585.4169921875 
v 1219.4420166015625 236.76492309570312 -4583.03662109375 
v 1219.4420166015625 236.76492309570312 -4585.4169921875 
v 1207.2904052734375 236.76492309570312 -4583.03662109375 
v 1210.37109375 236.76492309570312 -4587.79736328125 
v 1208.3172607421875 236.76492309570312 -4586.71533203125 
v 1206.263427734375 236.76492309570312 -4586.71533203125 
v 1204.2095947265625 236.76492309570312 -4587.79736328125 
v 1195.138671875 236.76492309570312 -4583.03662109375 
v 1197.021240234375 236.76492309570312 -4585.4169921875 
v 1195.138671875 236.76492309570312 -4585.4169921875 
v 1197.021240234375 236.76492309570312 -4587.79736328125 
v 1210.37109375 158.9414825439453 -4587.79736328125 
v 1212.9383544921875 158.9414825439453 -4587.79736328125 
v 1210.37109375 186.816650390625 -4585.4169921875 
v 1212.9383544921875 186.816650390625 -4585.4169921875 
v 1217.5594482421875 188.4563751220703 -4587.79736328125 
v 1217.5594482421875 188.4563751220703 -4589.9619140625 
v 1210.37109375 188.4563751220703 -4587.79736328125 
v 1207.4615478515625 188.4563751220703 -4589.9619140625 
v 1208.3172607421875 188.4563751220703 -4586.71533203125 
v 1206.263427734375 188.4563751220703 -4586.71533203125 
v 1204.2095947265625 188.4563751220703 -4587.79736328125 
v 1197.021240234375 188.4563751220703 -4589.9619140625 
v 1197.021240234375 188.4563751220703 -4587.79736328125 
v 1204.2095947265625 158.9414825439453 -4587.79736328125 
v 1204.2095947265625 186.816650390625 -4585.4169921875 
v 1204.2095947265625 186.816650390625 -4587.79736328125 
v 1201.642333984375 186.816650390625 -4587.79736328125 
v 1201.642333984375 158.9414825439453 -4587.79736328125 
v 1201.642333984375 186.816650390625 -4585.4169921875 
v 1204.2095947265625 158.9414825439453 -4587.79736328125 
v 1201.642333984375 158.9414825439453 -4587.79736328125 
v 1204.2095947265625 186.816650390625 -4585.4169921875 
v 1201.642333984375 186.816650390625 -4585.4169921875 
v 1204.2095947265625 194.51071166992188 -4587.79736328125 
v 1204.2095947265625 209.394287109375 -4587.79736328125 
v 1204.2095947265625 194.51071166992188 -4591.69287109375 
v 1204.2095947265625 209.394287109375 -4591.69287109375 
v 1204.2095947265625 216.83607482910156 -4587.79736328125 
v 1204.2095947265625 216.83607482910156 -4591.69287109375 
v 1204.2095947265625 230.71058654785156 -4587.79736328125 
v 1204.2095947265625 230.71058654785156 -4591.69287109375 
v 1204.2095947265625 223.268798828125 -4604.02880859375 
v 1204.2095947265625 209.394287109375 -4604.02880859375 
v 1210.37109375 194.51071166992188 -4587.79736328125 
v 1210.37109375 194.51071166992188 -4591.69287109375 
v 1212.9383544921875 194.51071166992188 -4587.79736328125 
v 1212.9383544921875 194.51071166992188 -4591.69287109375 
v 1219.4420166015625 236.76492309570312 -4583.03662109375 
v 1219.4420166015625 186.816650390625 -4583.03662109375 
v 1219.4420166015625 236.76492309570312 -4585.4169921875 
v 1219.4420166015625 186.816650390625 -4585.4169921875 
v 1195.138671875 236.76492309570312 -4585.4169921875 
v 1195.138671875 186.816650390625 -4585.4169921875 
v 1195.138671875 236.76492309570312 -4583.03662109375 
v 1195.138671875 186.816650390625 -4583.03662109375 
v 1197.021240234375 236.76492309570312 -4585.4169921875 
v 1197.021240234375 186.816650390625 -4585.4169921875 
v 1195.138671875 236.76492309570312 -4585.4169921875 
v 1195.138671875 186.816650390625 -4585.4169921875 
v 1201.642333984375 194.51071166992188 -4591.69287109375 
v 1201.642333984375 194.51071166992188 -4587.79736328125 
v 1201.642333984375 209.394287109375 -4591.69287109375 
v 1201.642333984375 230.71058654785156 -4587.79736328125 
v 1201.642333984375 230.71058654785156 -4591.69287109375 
v 1201.642333984375 223.268798828125 -4604.02880859375 
v 1201.642333984375 209.394287109375 -4604.02880859375 
v 1210.37109375 209.394287109375 -4591.69287109375 
v 1212.9383544921875 209.394287109375 -4591.69287109375 
v 1210.37109375 209.394287109375 -4604.02880859375 
v 1212.9383544921875 209.394287109375 -4604.02880859375 
v 1212.9383544921875 209.394287109375 -4591.69287109375 
v 1210.37109375 209.394287109375 -4591.69287109375 
v 1212.9383544921875 194.51071166992188 -4591.69287109375 
v 1210.37109375 194.51071166992188 -4591.69287109375 
v 1210.37109375 230.71058654785156 -4587.79736328125 
v 1210.37109375 216.83607482910156 -4587.79736328125 
v 1210.37109375 230.71058654785156 -4591.69287109375 
v 1210.37109375 216.83607482910156 -4591.69287109375 
v 1210.37109375 223.268798828125 -4604.02880859375 
v 1210.37109375 209.394287109375 -4604.02880859375 
v 1210.37109375 209.394287109375 -4591.69287109375 
v 1210.37109375 209.394287109375 -4587.79736328125 
v 1210.37109375 194.51071166992188 -4587.79736328125 
v 1210.37109375 194.51071166992188 -4591.69287109375 
v 1201.642333984375 194.51071166992188 -4591.69287109375 
v 1204.2095947265625 194.51071166992188 -4591.69287109375 
v 1201.642333984375 209.394287109375 -4591.69287109375 
v 1204.2095947265625 209.394287109375 -4591.69287109375 
v 1201.642333984375 194.51071166992188 -4587.79736328125 
v 1204.2095947265625 194.51071166992188 -4587.79736328125 
v 1201.642333984375 194.51071166992188 -4591.69287109375 
v 1204.2095947265625 194.51071166992188 -4591.69287109375 
v 1212.9383544921875 230.71058654785156 -4587.79736328125 
v 1210.37109375 230.71058654785156 -4587.79736328125 
v 1212.9383544921875 230.71058654785156 -4591.69287109375 
v 1210.37109375 230.71058654785156 -4591.69287109375 
v 1212.9383544921875 223.268798828125 -4604.02880859375 
v 1210.37109375 223.268798828125 -4604.02880859375 
v 1212.9383544921875 209.394287109375 -4604.02880859375 
v 1210.37109375 209.394287109375 -4604.02880859375 
v 1212.9383544921875 194.51071166992188 -4591.69287109375 
v 1212.9383544921875 194.51071166992188 -4587.79736328125 
v 1212.9383544921875 209.394287109375 -4591.69287109375 
v 1212.9383544921875 230.71058654785156 -4587.79736328125 
v 1212.9383544921875 230.71058654785156 -4591.69287109375 
v 1212.9383544921875 223.268798828125 -4604.02880859375 
v 1212.9383544921875 209.394287109375 -4604.02880859375 
v 1204.2095947265625 230.71058654785156 -4587.79736328125 
v 1204.2095947265625 230.71058654785156 -4591.69287109375 
v 1201.642333984375 230.71058654785156 -4587.79736328125 
v 1201.642333984375 230.71058654785156 -4591.69287109375 
v 1204.2095947265625 223.268798828125 -4604.02880859375 
v 1201.642333984375 223.268798828125 -4604.02880859375 
v 1204.2095947265625 209.394287109375 -4604.02880859375 
v 1201.642333984375 209.394287109375 -4604.02880859375 
v 1201.642333984375 209.394287109375 -4591.69287109375 
v 1204.2095947265625 209.394287109375 -4591.69287109375 
v 1201.642333984375 209.394287109375 -4604.02880859375 
v 1204.2095947265625 209.394287109375 -4604.02880859375 
v 1217.5594482421875 186.816650390625 -4585.4169921875 
v 1219.4420166015625 186.816650390625 -4585.4169921875 
v 1217.5594482421875 236.76492309570312 -4585.4169921875 
v 1219.4420166015625 236.76492309570312 -4585.4169921875 
v 1207.2904052734375 156.41883850097656 -4592.77490234375 
v 1207.2904052734375 147.0850830078125 -4592.77490234375 
v 1204.2095947265625 156.41883850097656 -4593.640625 
v 1204.2095947265625 147.0850830078125 -4593.640625 
v 1201.8134765625 156.41883850097656 -4596.021484375 
v 1201.8134765625 147.0850830078125 -4596.021484375 
v 1200.957763671875 156.41883850097656 -4599.05126953125 
v 1200.957763671875 147.0850830078125 -4599.05126953125 
v 1201.8134765625 156.41883850097656 -4602.29736328125 
v 1201.8134765625 147.0850830078125 -4602.29736328125 
v 1204.2095947265625 156.41883850097656 -4604.67822265625 
v 1204.2095947265625 147.0850830078125 -4604.67822265625 
v 1207.2904052734375 156.41883850097656 -4605.54345703125 
v 1207.2904052734375 147.0850830078125 -4605.54345703125 
v 1210.542236328125 156.41883850097656 -4604.67822265625 
v 1210.542236328125 147.0850830078125 -4604.67822265625 
v 1212.9383544921875 156.41883850097656 -4602.29736328125 
v 1212.9383544921875 147.0850830078125 -4602.29736328125 
v 1213.7940673828125 156.41883850097656 -4599.05126953125 
v 1213.7940673828125 147.0850830078125 -4599.05126953125 
v 1212.9383544921875 156.41883850097656 -4596.021484375 
v 1212.9383544921875 147.0850830078125 -4596.021484375 
v 1210.542236328125 156.41883850097656 -4593.640625 
v 1210.542236328125 147.0850830078125 -4593.640625 
v 1207.2904052734375 156.41883850097656 -4592.77490234375 
v 1207.2904052734375 147.0850830078125 -4592.77490234375 
v 1209.1729736328125 143.80564880371094 -4596.021484375 
v 1207.2904052734375 143.80564880371094 -4595.58837890625 
v 1209.1729736328125 137.37290954589844 -4596.021484375 
v 1207.2904052734375 137.37290954589844 -4595.58837890625 
v 1207.2904052734375 143.80564880371094 -4595.58837890625 
v 1210.37109375 137.37290954589844 -4597.31982421875 
v 1210.37109375 143.80564880371094 -4597.31982421875 
v 1210.884521484375 143.80564880371094 -4599.05126953125 
v 1210.37109375 143.80564880371094 -4600.9990234375 
v 1209.1729736328125 143.80564880371094 -4602.29736328125 
v 1207.2904052734375 143.80564880371094 -4602.73046875 
v 1205.578857421875 143.80564880371094 -4602.29736328125 
v 1204.2095947265625 143.80564880371094 -4600.9990234375 
v 1203.8673095703125 143.80564880371094 -4599.05126953125 
v 1204.2095947265625 143.80564880371094 -4597.31982421875 
v 1205.578857421875 143.80564880371094 -4596.021484375 
v 1207.2904052734375 137.37290954589844 -4595.58837890625 
v 1205.578857421875 137.37290954589844 -4596.021484375 
v 1204.2095947265625 137.37290954589844 -4597.31982421875 
v 1203.8673095703125 137.37290954589844 -4599.05126953125 
v 1204.2095947265625 137.37290954589844 -4600.9990234375 
v 1205.578857421875 137.37290954589844 -4602.29736328125 
v 1207.2904052734375 137.37290954589844 -4602.73046875 
v 1209.1729736328125 137.37290954589844 -4602.29736328125 
v 1210.37109375 137.37290954589844 -4600.9990234375 
v 1210.884521484375 137.37290954589844 -4599.05126953125 
v 1209.1729736328125 137.37290954589844 -4602.29736328125 
v 1207.2904052734375 137.37290954589844 -4602.73046875 
v 1210.37109375 137.37290954589844 -4600.9990234375 
v 1207.2904052734375 137.37290954589844 -4595.58837890625 
v 1209.1729736328125 137.37290954589844 -4596.021484375 
v 1210.37109375 137.37290954589844 -4597.31982421875 
v 1210.884521484375 137.37290954589844 -4599.05126953125 
v 1205.578857421875 137.37290954589844 -4602.29736328125 
v 1204.2095947265625 137.37290954589844 -4600.9990234375 
v 1203.8673095703125 137.37290954589844 -4599.05126953125 
v 1204.2095947265625 137.37290954589844 -4597.31982421875 
v 1205.578857421875 137.37290954589844 -4596.021484375 
v 1212.9383544921875 158.9414825439453 -4587.79736328125 
v 1212.9383544921875 186.816650390625 -4587.79736328125 
v 1212.9383544921875 186.816650390625 -4585.4169921875 
v 1217.5594482421875 156.41883850097656 -4587.79736328125 
v 1217.5594482421875 156.41883850097656 -4610.521484375 
v 1207.4615478515625 156.41883850097656 -4587.79736328125 
v 1207.4615478515625 156.41883850097656 -4610.521484375 
v 1197.021240234375 156.41883850097656 -4587.79736328125 
v 1197.021240234375 156.41883850097656 -4610.521484375 
v 1197.021240234375 158.9414825439453 -4610.521484375 
v 1197.021240234375 156.41883850097656 -4610.521484375 
v 1207.4615478515625 158.9414825439453 -4610.521484375 
v 1207.4615478515625 156.41883850097656 -4610.521484375 
v 1217.5594482421875 156.41883850097656 -4610.521484375 
v 1217.5594482421875 158.9414825439453 -4610.521484375 
v 1197.021240234375 158.9414825439453 -4589.9619140625 
v 1207.4615478515625 158.9414825439453 -4589.9619140625 
v 1197.021240234375 158.9414825439453 -4610.521484375 
v 1207.4615478515625 158.9414825439453 -4610.521484375 
v 1217.5594482421875 158.9414825439453 -4589.9619140625 
v 1217.5594482421875 158.9414825439453 -4610.521484375 
v 1210.37109375 186.816650390625 -4585.4169921875 
v 1210.37109375 158.9414825439453 -4587.79736328125 
v 1210.37109375 186.816650390625 -4587.79736328125 
v 1207.2904052734375 135.8593292236328 -4596.88720703125 
v 1207.2904052734375 137.62518310546875 -4596.88720703125 
v 1206.09228515625 135.8593292236328 -4597.31982421875 
v 1206.09228515625 137.62518310546875 -4597.31982421875 
v 1205.236572265625 135.8593292236328 -4598.40185546875 
v 1205.236572265625 137.62518310546875 -4598.40185546875 
v 1205.236572265625 135.8593292236328 -4599.9169921875 
v 1205.236572265625 137.62518310546875 -4599.9169921875 
v 1206.09228515625 135.8593292236328 -4600.9990234375 
v 1206.09228515625 137.62518310546875 -4600.9990234375 
v 1207.2904052734375 135.8593292236328 -4601.431640625 
v 1207.2904052734375 137.62518310546875 -4601.431640625 
v 1208.6595458984375 135.8593292236328 -4600.9990234375 
v 1208.6595458984375 137.62518310546875 -4600.9990234375 
v 1209.5152587890625 135.8593292236328 -4599.9169921875 
v 1209.5152587890625 137.62518310546875 -4599.9169921875 
v 1209.5152587890625 135.8593292236328 -4598.40185546875 
v 1209.5152587890625 137.62518310546875 -4598.40185546875 
v 1208.6595458984375 135.8593292236328 -4597.31982421875 
v 1208.6595458984375 137.62518310546875 -4597.31982421875 
v 1207.2904052734375 135.8593292236328 -4596.88720703125 
v 1207.2904052734375 137.62518310546875 -4596.88720703125 
v 1207.2904052734375 135.8593292236328 -4596.88720703125 
v 1206.09228515625 135.8593292236328 -4597.31982421875 
v 1207.2904052734375 135.8593292236328 -4597.96923828125 
v 1206.605712890625 135.8593292236328 -4598.185546875 
v 1205.236572265625 135.8593292236328 -4598.40185546875 
v 1206.263427734375 135.8593292236328 -4598.8349609375 
v 1205.236572265625 135.8593292236328 -4599.9169921875 
v 1206.263427734375 135.8593292236328 -4599.48388671875 
v 1206.09228515625 135.8593292236328 -4600.9990234375 
v 1206.605712890625 135.8593292236328 -4600.13330078125 
v 1207.2904052734375 135.8593292236328 -4600.349609375 
v 1207.2904052734375 135.8593292236328 -4601.431640625 
v 1208.6595458984375 135.8593292236328 -4600.9990234375 
v 1207.9749755859375 135.8593292236328 -4600.13330078125 
v 1208.4884033203125 135.8593292236328 -4599.48388671875 
v 1209.5152587890625 135.8593292236328 -4599.9169921875 
v 1208.4884033203125 135.8593292236328 -4598.8349609375 
v 1209.5152587890625 135.8593292236328 -4598.40185546875 
v 1207.9749755859375 135.8593292236328 -4598.185546875 
v 1208.6595458984375 135.8593292236328 -4597.31982421875 
v 1207.2904052734375 135.8593292236328 -4596.88720703125 
v 1207.2904052734375 135.8593292236328 -4597.96923828125 
v 1207.2904052734375 134.21961975097656 -4597.96923828125 
v 1207.9749755859375 135.8593292236328 -4598.185546875 
v 1207.9749755859375 134.21961975097656 -4598.185546875 
v 1208.4884033203125 135.8593292236328 -4598.8349609375 
v 1208.4884033203125 134.21961975097656 -4598.8349609375 
v 1208.4884033203125 135.8593292236328 -4599.48388671875 
v 1208.4884033203125 134.21961975097656 -4599.48388671875 
v 1207.9749755859375 135.8593292236328 -4600.13330078125 
v 1207.9749755859375 134.21961975097656 -4600.13330078125 
v 1207.2904052734375 135.8593292236328 -4600.349609375 
v 1207.2904052734375 134.21961975097656 -4600.349609375 
v 1206.605712890625 135.8593292236328 -4600.13330078125 
v 1206.605712890625 134.21961975097656 -4600.13330078125 
v 1206.263427734375 135.8593292236328 -4599.48388671875 
v 1206.263427734375 134.21961975097656 -4599.48388671875 
v 1206.263427734375 135.8593292236328 -4598.8349609375 
v 1206.263427734375 134.21961975097656 -4598.8349609375 
v 1206.605712890625 135.8593292236328 -4598.185546875 
v 1206.605712890625 134.21961975097656 -4598.185546875 
v 1207.2904052734375 135.8593292236328 -4597.96923828125 
v 1207.2904052734375 134.21961975097656 -4597.96923828125 
v 1206.605712890625 134.21961975097656 -4600.13330078125 
v 1207.2904052734375 134.21961975097656 -4600.349609375 
v 1206.263427734375 134.21961975097656 -4599.48388671875 
v 1208.4884033203125 134.21961975097656 -4599.48388671875 
v 1206.263427734375 134.21961975097656 -4598.8349609375 
v 1206.605712890625 134.21961975097656 -4598.185546875 
v 1207.2904052734375 134.21961975097656 -4597.96923828125 
v 1207.9749755859375 134.21961975097656 -4598.185546875 
v 1208.4884033203125 134.21961975097656 -4598.8349609375 
v 1207.9749755859375 134.21961975097656 -4600.13330078125 
v 1140.54150390625 225.66531372070312 -4598.40185546875 
v 1200.78662109375 225.66531372070312 -4598.40185546875 
v 1140.54150390625 223.3949432373047 -4598.40185546875 
v 1200.78662109375 223.3949432373047 -4598.40185546875 
v 1199.759765625 222.7642822265625 -4597.5361328125 
v 1140.54150390625 222.7642822265625 -4597.5361328125 
v 1199.759765625 220.87229919433594 -4597.5361328125 
v 1140.54150390625 220.87229919433594 -4597.5361328125 
v 1140.54150390625 220.24163818359375 -4598.40185546875 
v 1200.78662109375 220.24163818359375 -4598.40185546875 
v 1200.78662109375 215.95315551757812 -4598.40185546875 
v 1140.54150390625 215.95315551757812 -4598.40185546875 
v 1199.759765625 215.19635009765625 -4597.5361328125 
v 1140.54150390625 215.19635009765625 -4597.5361328125 
v 1199.759765625 213.43051147460938 -4597.5361328125 
v 1140.54150390625 213.43051147460938 -4597.5361328125 
v 1140.54150390625 212.7998504638672 -4598.40185546875 
v 1200.78662109375 212.7998504638672 -4598.40185546875 
v 1140.54150390625 210.52947998046875 -4598.40185546875 
v 1200.78662109375 210.52947998046875 -4598.40185546875 
v 1201.8134765625 225.66531372070312 -4588.44677734375 
v 1201.8134765625 225.66531372070312 -4599.48388671875 
v 1201.8134765625 223.3949432373047 -4588.44677734375 
v 1201.8134765625 223.3949432373047 -4599.48388671875 
v 1200.78662109375 222.7642822265625 -4598.6181640625 
v 1200.78662109375 222.7642822265625 -4588.44677734375 
v 1200.78662109375 220.87229919433594 -4598.6181640625 
v 1200.78662109375 220.87229919433594 -4588.44677734375 
v 1201.8134765625 220.24163818359375 -4588.44677734375 
v 1201.8134765625 220.24163818359375 -4599.48388671875 
v 1201.8134765625 215.95315551757812 -4599.48388671875 
v 1201.8134765625 215.95315551757812 -4588.44677734375 
v 1200.78662109375 215.19635009765625 -4598.6181640625 
v 1200.78662109375 215.19635009765625 -4588.44677734375 
v 1200.78662109375 213.43051147460938 -4598.6181640625 
v 1200.78662109375 213.43051147460938 -4588.44677734375 
v 1201.8134765625 212.7998504638672 -4588.44677734375 
v 1201.8134765625 212.7998504638672 -4599.48388671875 
v 1201.8134765625 210.52947998046875 -4588.44677734375 
v 1201.8134765625 210.52947998046875 -4599.48388671875 
v 1200.78662109375 225.66531372070312 -4588.44677734375 
v 1200.78662109375 223.3949432373047 -4588.44677734375 
v 1200.78662109375 225.66531372070312 -4598.40185546875 
v 1200.78662109375 223.3949432373047 -4598.40185546875 
v 1199.759765625 222.7642822265625 -4597.5361328125 
v 1199.759765625 222.7642822265625 -4588.44677734375 
v 1199.759765625 220.87229919433594 -4588.44677734375 
v 1199.759765625 220.87229919433594 -4597.5361328125 
v 1200.78662109375 220.24163818359375 -4588.44677734375 
v 1200.78662109375 220.24163818359375 -4598.40185546875 
v 1200.78662109375 215.95315551757812 -4588.44677734375 
v 1200.78662109375 215.95315551757812 -4598.40185546875 
v 1199.759765625 215.19635009765625 -4597.5361328125 
v 1199.759765625 215.19635009765625 -4588.44677734375 
v 1199.759765625 213.43051147460938 -4588.44677734375 
v 1199.759765625 213.43051147460938 -4597.5361328125 
v 1200.78662109375 212.7998504638672 -4588.44677734375 
v 1200.78662109375 212.7998504638672 -4598.40185546875 
v 1200.78662109375 210.52947998046875 -4588.44677734375 
v 1200.78662109375 210.52947998046875 -4598.40185546875 
v 1200.78662109375 210.52947998046875 -4588.44677734375 
v 1200.78662109375 210.52947998046875 -4598.40185546875 
v 1201.8134765625 210.52947998046875 -4588.44677734375 
v 1201.8134765625 210.52947998046875 -4599.48388671875 
v 1201.8134765625 225.66531372070312 -4599.48388671875 
v 1200.78662109375 225.66531372070312 -4598.40185546875 
v 1201.8134765625 225.66531372070312 -4588.44677734375 
v 1200.78662109375 225.66531372070312 -4588.44677734375 
v 1201.8134765625 210.52947998046875 -4599.48388671875 
v 1200.78662109375 210.52947998046875 -4598.40185546875 
v 1140.54150390625 210.52947998046875 -4599.48388671875 
v 1140.54150390625 210.52947998046875 -4598.40185546875 
v 1140.54150390625 210.52947998046875 -4598.40185546875 
v 1140.54150390625 212.7998504638672 -4598.40185546875 
v 1140.54150390625 210.52947998046875 -4599.48388671875 
v 1140.54150390625 212.7998504638672 -4599.48388671875 
v 1140.54150390625 213.43051147460938 -4598.6181640625 
v 1140.54150390625 213.43051147460938 -4597.5361328125 
v 1140.54150390625 215.19635009765625 -4598.6181640625 
v 1140.54150390625 215.19635009765625 -4597.5361328125 
v 1140.54150390625 215.95315551757812 -4598.40185546875 
v 1140.54150390625 215.95315551757812 -4599.48388671875 
v 1140.54150390625 220.24163818359375 -4599.48388671875 
v 1140.54150390625 220.24163818359375 -4598.40185546875 
v 1140.54150390625 220.87229919433594 -4598.6181640625 
v 1140.54150390625 220.87229919433594 -4597.5361328125 
v 1140.54150390625 222.7642822265625 -4598.6181640625 
v 1140.54150390625 222.7642822265625 -4597.5361328125 
v 1140.54150390625 223.3949432373047 -4598.40185546875 
v 1140.54150390625 223.3949432373047 -4599.48388671875 
v 1140.54150390625 225.66531372070312 -4598.40185546875 
v 1140.54150390625 225.66531372070312 -4599.48388671875 
v 1140.54150390625 225.66531372070312 -4598.40185546875 
v 1140.54150390625 225.66531372070312 -4599.48388671875 
v 1200.78662109375 225.66531372070312 -4598.40185546875 
v 1201.8134765625 225.66531372070312 -4599.48388671875 
v 1140.54150390625 210.52947998046875 -4599.48388671875 
v 1201.8134765625 210.52947998046875 -4599.48388671875 
v 1140.54150390625 212.7998504638672 -4599.48388671875 
v 1201.8134765625 212.7998504638672 -4599.48388671875 
v 1200.78662109375 213.43051147460938 -4598.6181640625 
v 1140.54150390625 213.43051147460938 -4598.6181640625 
v 1200.78662109375 215.19635009765625 -4598.6181640625 
v 1140.54150390625 215.19635009765625 -4598.6181640625 
v 1140.54150390625 215.95315551757812 -4599.48388671875 
v 1201.8134765625 215.95315551757812 -4599.48388671875 
v 1201.8134765625 220.24163818359375 -4599.48388671875 
v 1140.54150390625 220.24163818359375 -4599.48388671875 
v 1200.78662109375 220.87229919433594 -4598.6181640625 
v 1140.54150390625 220.87229919433594 -4598.6181640625 
v 1200.78662109375 222.7642822265625 -4598.6181640625 
v 1140.54150390625 222.7642822265625 -4598.6181640625 
v 1140.54150390625 223.3949432373047 -4599.48388671875 
v 1201.8134765625 223.3949432373047 -4599.48388671875 
v 1140.54150390625 225.66531372070312 -4599.48388671875 
v 1201.8134765625 225.66531372070312 -4599.48388671875 
v 1200.78662109375 225.66531372070312 -4588.44677734375 
v 1201.8134765625 225.66531372070312 -4588.44677734375 
v 1200.78662109375 223.3949432373047 -4588.44677734375 
v 1201.8134765625 223.3949432373047 -4588.44677734375 
v 1200.78662109375 222.7642822265625 -4588.44677734375 
v 1199.759765625 222.7642822265625 -4588.44677734375 
v 1200.78662109375 220.87229919433594 -4588.44677734375 
v 1199.759765625 220.87229919433594 -4588.44677734375 
v 1200.78662109375 220.24163818359375 -4588.44677734375 
v 1201.8134765625 220.24163818359375 -4588.44677734375 
v 1201.8134765625 215.95315551757812 -4588.44677734375 
v 1200.78662109375 215.95315551757812 -4588.44677734375 
v 1200.78662109375 215.19635009765625 -4588.44677734375 
v 1199.759765625 215.19635009765625 -4588.44677734375 
v 1200.78662109375 213.43051147460938 -4588.44677734375 
v 1199.759765625 213.43051147460938 -4588.44677734375 
v 1200.78662109375 212.7998504638672 -4588.44677734375 
v 1201.8134765625 212.7998504638672 -4588.44677734375 
v 1200.78662109375 210.52947998046875 -4588.44677734375 
v 1201.8134765625 210.52947998046875 -4588.44677734375 
v 1188.9771728515625 205.23193359375 -4596.23779296875 
v 1189.8330078125 203.97061157226562 -4596.23779296875 
v 1188.6348876953125 204.6012725830078 -4592.99169921875 
v 1189.6617431640625 203.33995056152344 -4593.42431640625 
v 1188.2926025390625 203.33995056152344 -4590.61083984375 
v 1189.3194580078125 202.2047576904297 -4591.0439453125 
v 1187.6080322265625 201.70022583007812 -4588.6630859375 
v 1188.6348876953125 200.69117736816406 -4589.3125 
v 1186.752197265625 199.5559844970703 -4587.5810546875 
v 1187.7791748046875 198.7991943359375 -4588.44677734375 
v 1185.725341796875 197.28561401367188 -4587.1484375 
v 1186.92333984375 196.6549530029297 -4587.79736328125 
v 1184.5272216796875 194.88909912109375 -4587.1484375 
v 1185.725341796875 194.38458251953125 -4587.79736328125 
v 1184.5272216796875 191.98806762695312 -4588.23046875 
v 1183.3292236328125 192.4925994873047 -4587.36474609375 
v 1183.1580810546875 189.7176971435547 -4589.09619140625 
v 1181.9599609375 190.2222137451172 -4588.23046875 
v 1181.788818359375 187.57345581054688 -4590.17822265625 
v 1180.419677734375 188.07797241210938 -4589.3125 
v 1180.24853515625 185.6814727783203 -4591.4765625 
v 1178.8792724609375 186.1859893798828 -4590.61083984375 
v 1178.7081298828125 184.16787719726562 -4592.99169921875 
v 1177.3389892578125 184.6724090576172 -4592.1259765625 
v 1176.99658203125 183.03269958496094 -4594.72265625 
v 1175.798583984375 183.5372314453125 -4593.857421875 
v 1175.28515625 182.52816772460938 -4596.4541015625 
v 1174.2581787109375 183.03269958496094 -4595.58837890625 
v 1173.5736083984375 182.654296875 -4598.185546875 
v 1172.5467529296875 183.15882873535156 -4597.103515625 
v 1171.862060546875 183.66336059570312 -4599.9169921875 
v 1171.00634765625 184.041748046875 -4598.8349609375 
v 1170.32177734375 185.42919921875 -4601.431640625 
v 1169.4659423828125 185.80760192871094 -4600.349609375 
v 1168.9525146484375 188.2041015625 -4602.94677734375 
v 1168.0968017578125 188.4563751220703 -4601.64794921875 
v 1167.5833740234375 191.98806762695312 -4604.02880859375 
v 1166.898681640625 192.11419677734375 -4602.513671875 
v 1166.38525390625 196.7810821533203 -4604.67822265625 
v 1165.70068359375 196.7810821533203 -4603.37939453125 
v 1165.3583984375 202.83541870117188 -4604.89453125 
v 1164.6737060546875 202.70928955078125 -4603.595703125 
v 1164.5025634765625 210.1510772705078 -4604.89453125 
v 1163.8179931640625 210.0249481201172 -4603.595703125 
v 1188.4637451171875 202.9615478515625 -4596.4541015625 
v 1166.7275390625 203.08767700195312 -4604.2451171875 
v 1165.871826171875 210.1510772705078 -4604.2451171875 
v 1166.04296875 202.9615478515625 -4602.94677734375 
v 1165.187255859375 210.0249481201172 -4602.94677734375 
v 1163.8179931640625 210.0249481201172 -4603.595703125 
v 1164.6737060546875 202.70928955078125 -4603.595703125 
v 1167.06982421875 197.15948486328125 -4602.73046875 
v 1165.70068359375 196.7810821533203 -4603.37939453125 
v 1167.7545166015625 197.15948486328125 -4604.02880859375 
v 1168.9525146484375 192.4925994873047 -4603.37939453125 
v 1168.0968017578125 192.6187286376953 -4602.0810546875 
v 1166.898681640625 192.11419677734375 -4602.513671875 
v 1169.2947998046875 189.21316528320312 -4600.9990234375 
v 1168.0968017578125 188.4563751220703 -4601.64794921875 
v 1170.150634765625 188.96090698242188 -4602.29736328125 
v 1171.519775390625 186.56439208984375 -4600.9990234375 
v 1170.6640625 186.816650390625 -4599.9169921875 
v 1169.4659423828125 185.80760192871094 -4600.349609375 
v 1171.862060546875 185.30307006835938 -4598.6181640625 
v 1171.00634765625 184.041748046875 -4598.8349609375 
v 1172.8890380859375 184.9246826171875 -4599.70068359375 
v 1174.2581787109375 184.16787719726562 -4598.40185546875 
v 1175.62744140625 184.041748046875 -4596.88720703125 
v 1176.99658203125 184.54627990722656 -4595.3720703125 
v 1178.5369873046875 185.42919921875 -4593.857421875 
v 1179.90625 186.9427947998047 -4592.34228515625 
v 1181.275390625 188.58250427246094 -4591.26025390625 
v 1182.6446533203125 190.60061645507812 -4590.17822265625 
v 1183.8426513671875 192.74485778808594 -4589.52880859375 
v 1185.040771484375 194.76296997070312 -4589.09619140625 
v 1186.067626953125 196.7810821533203 -4589.09619140625 
v 1183.8426513671875 195.3936309814453 -4588.23046875 
v 1182.6446533203125 193.12326049804688 -4588.6630859375 
v 1181.446533203125 190.97901916503906 -4589.3125 
v 1180.077392578125 189.0870361328125 -4590.39453125 
v 1178.7081298828125 187.32118225097656 -4591.69287109375 
v 1177.3389892578125 185.93373107910156 -4592.99169921875 
v 1175.798583984375 184.9246826171875 -4594.50634765625 
v 1174.4293212890625 184.54627990722656 -4595.80517578125 
v 1173.2313232421875 184.6724090576172 -4597.31982421875 
v 1172.5467529296875 183.15882873535156 -4597.103515625 
v 1174.2581787109375 183.03269958496094 -4595.58837890625 
v 1175.798583984375 183.5372314453125 -4593.857421875 
v 1177.3389892578125 184.6724090576172 -4592.1259765625 
v 1178.8792724609375 186.1859893798828 -4590.61083984375 
v 1180.419677734375 188.07797241210938 -4589.3125 
v 1181.9599609375 190.2222137451172 -4588.23046875 
v 1183.3292236328125 192.4925994873047 -4587.36474609375 
v 1184.5272216796875 194.88909912109375 -4587.1484375 
v 1184.86962890625 197.53787231445312 -4588.23046875 
v 1186.92333984375 198.67306518554688 -4589.52880859375 
v 1187.4368896484375 200.31277465820312 -4590.39453125 
v 1185.725341796875 197.28561401367188 -4587.1484375 
v 1185.725341796875 199.4298553466797 -4588.6630859375 
v 1186.409912109375 201.19570922851562 -4589.7451171875 
v 1187.9503173828125 201.5740966796875 -4591.69287109375 
v 1188.2926025390625 202.45703125 -4593.640625 
v 1187.4368896484375 203.7183380126953 -4593.42431640625 
v 1187.6080322265625 204.3489990234375 -4596.23779296875 
v 1188.6348876953125 204.6012725830078 -4592.99169921875 
v 1188.9771728515625 205.23193359375 -4596.23779296875 
v 1186.752197265625 199.5559844970703 -4587.5810546875 
v 1187.6080322265625 201.70022583007812 -4588.6630859375 
v 1187.094482421875 202.70928955078125 -4591.26025390625 
v 1188.2926025390625 203.33995056152344 -4590.61083984375 
v 1188.9771728515625 201.44796752929688 -4596.23779296875 
v 1190.004150390625 200.1866455078125 -4596.4541015625 
v 1188.8060302734375 200.69117736816406 -4592.99169921875 
v 1189.6617431640625 199.5559844970703 -4593.42431640625 
v 1188.1214599609375 199.17759704589844 -4590.61083984375 
v 1189.1483154296875 198.1685333251953 -4591.0439453125 
v 1187.2657470703125 197.15948486328125 -4588.8798828125 
v 1188.2926025390625 196.15042114257812 -4589.52880859375 
v 1186.067626953125 194.51071166992188 -4587.5810546875 
v 1187.094482421875 193.75392150878906 -4588.44677734375 
v 1184.6983642578125 191.73580932617188 -4587.1484375 
v 1185.725341796875 191.1051483154297 -4588.01416015625 
v 1182.9869384765625 188.8347625732422 -4587.1484375 
v 1184.1849365234375 188.2041015625 -4588.01416015625 
v 1182.4735107421875 185.30307006835938 -4588.23046875 
v 1181.275390625 185.80760192871094 -4587.5810546875 
v 1180.5908203125 182.40203857421875 -4589.09619140625 
v 1179.3927001953125 183.03269958496094 -4588.44677734375 
v 1178.7081298828125 179.75326538085938 -4590.17822265625 
v 1177.3389892578125 180.25779724121094 -4589.52880859375 
v 1176.483154296875 177.35675048828125 -4591.4765625 
v 1175.28515625 177.98741149902344 -4590.8271484375 
v 1174.4293212890625 175.33863830566406 -4592.99169921875 
v 1173.2313232421875 175.96929931640625 -4592.1259765625 
v 1172.204345703125 173.95118713378906 -4594.72265625 
v 1171.00634765625 174.58184814453125 -4593.857421875 
v 1169.8082275390625 173.19439697265625 -4596.4541015625 
v 1168.9525146484375 173.95118713378906 -4595.58837890625 
v 1167.5833740234375 173.32052612304688 -4598.185546875 
v 1166.7275390625 174.07733154296875 -4597.103515625 
v 1165.3583984375 174.58184814453125 -4599.9169921875 
v 1164.8448486328125 175.21250915527344 -4598.8349609375 
v 1163.3045654296875 176.97836303710938 -4601.64794921875 
v 1162.7911376953125 177.35675048828125 -4600.13330078125 
v 1161.421875 180.38392639160156 -4602.94677734375 
v 1161.07958984375 180.76231384277344 -4601.431640625 
v 1159.8814697265625 185.17694091796875 -4603.8125 
v 1159.5391845703125 185.30307006835938 -4602.513671875 
v 1158.5123291015625 191.35740661621094 -4604.46142578125 
v 1158.1700439453125 191.35740661621094 -4603.1630859375 
v 1157.314208984375 198.92532348632812 -4604.89453125 
v 1157.14306640625 198.92532348632812 -4603.37939453125 
v 1156.45849609375 208.25909423828125 -4604.67822265625 
v 1156.1162109375 208.13296508789062 -4603.37939453125 
v 1188.6348876953125 199.30372619628906 -4596.4541015625 
v 1158.8546142578125 199.17759704589844 -4604.67822265625 
v 1157.9989013671875 208.25909423828125 -4604.46142578125 
v 1158.6834716796875 199.17759704589844 -4603.1630859375 
v 1157.8277587890625 208.25909423828125 -4603.1630859375 
v 1156.1162109375 208.13296508789062 -4603.37939453125 
v 1157.14306640625 198.92532348632812 -4603.37939453125 
v 1159.7103271484375 191.73580932617188 -4602.94677734375 
v 1158.1700439453125 191.35740661621094 -4603.1630859375 
v 1160.052734375 191.6096649169922 -4604.2451171875 
v 1161.421875 185.6814727783203 -4603.595703125 
v 1161.07958984375 185.80760192871094 -4602.29736328125 
v 1159.5391845703125 185.30307006835938 -4602.513671875 
v 1162.6199951171875 181.39297485351562 -4601.21533203125 
v 1161.07958984375 180.76231384277344 -4601.431640625 
v 1162.9622802734375 181.14071655273438 -4602.73046875 
v 1164.6737060546875 177.8612823486328 -4601.431640625 
v 1164.1602783203125 178.36581420898438 -4600.13330078125 
v 1162.7911376953125 177.35675048828125 -4600.13330078125 
v 1165.871826171875 176.3477020263672 -4598.8349609375 
v 1164.8448486328125 175.21250915527344 -4598.8349609375 
v 1166.7275390625 174.07733154296875 -4597.103515625 
v 1167.5833740234375 175.46478271484375 -4597.5361328125 
v 1168.9525146484375 173.95118713378906 -4595.58837890625 
v 1169.2947998046875 175.33863830566406 -4596.021484375 
v 1171.00634765625 174.58184814453125 -4593.857421875 
v 1171.177490234375 175.96929931640625 -4594.72265625 
v 1173.2313232421875 175.96929931640625 -4592.1259765625 
v 1173.0601806640625 177.23062133789062 -4593.2080078125 
v 1175.28515625 177.98741149902344 -4590.8271484375 
v 1175.114013671875 178.99647521972656 -4591.90966796875 
v 1177.3389892578125 180.25779724121094 -4589.52880859375 
v 1176.99658203125 181.266845703125 -4590.61083984375 
v 1179.3927001953125 183.03269958496094 -4588.44677734375 
v 1178.8792724609375 183.78948974609375 -4589.52880859375 
v 1181.275390625 185.80760192871094 -4587.5810546875 
v 1180.761962890625 186.43826293945312 -4588.8798828125 
v 1182.9869384765625 188.8347625732422 -4587.1484375 
v 1180.077392578125 183.15882873535156 -4590.39453125 
v 1178.1947021484375 180.6361846923828 -4591.26025390625 
v 1176.31201171875 178.36581420898438 -4592.55859375 
v 1174.2581787109375 176.4738311767578 -4594.07373046875 
v 1172.204345703125 175.21250915527344 -4595.58837890625 
v 1170.32177734375 174.58184814453125 -4597.103515625 
v 1168.2679443359375 174.70797729492188 -4598.6181640625 
v 1166.38525390625 175.717041015625 -4600.13330078125 
v 1181.9599609375 185.93373107910156 -4589.52880859375 
v 1182.3023681640625 189.33929443359375 -4588.44677734375 
v 1183.8426513671875 191.98806762695312 -4588.44677734375 
v 1184.6983642578125 191.73580932617188 -4587.1484375 
v 1185.2119140625 194.6368408203125 -4588.8798828125 
v 1186.067626953125 194.51071166992188 -4587.5810546875 
v 1186.23876953125 196.7810821533203 -4589.9619140625 
v 1187.2657470703125 197.15948486328125 -4588.8798828125 
v 1187.094482421875 198.67306518554688 -4591.4765625 
v 1188.1214599609375 199.17759704589844 -4590.61083984375 
v 1187.6080322265625 199.93438720703125 -4593.640625 
v 1188.8060302734375 200.69117736816406 -4592.99169921875 
v 1187.7791748046875 200.56504821777344 -4596.4541015625 
v 1188.9771728515625 201.44796752929688 -4596.23779296875 
v 1188.4637451171875 198.67306518554688 -4593.857421875 
v 1187.9503173828125 197.53787231445312 -4591.90966796875 
v 1187.2657470703125 195.89816284179688 -4590.61083984375 
v 1186.23876953125 193.75392150878906 -4589.52880859375 
v 1185.040771484375 191.35740661621094 -4589.09619140625 
v 1183.5003662109375 188.70863342285156 -4589.09619140625 
v 1211.740234375 209.77267456054688 -4593.42431640625 
v 1211.740234375 208.25909423828125 -4593.42431640625 
v 1203.0115966796875 209.77267456054688 -4593.42431640625 
v 1203.0115966796875 208.25909423828125 -4593.42431640625 
v 1200.615478515625 209.77267456054688 -4595.80517578125 
v 1200.615478515625 208.25909423828125 -4595.80517578125 
v 1200.615478515625 209.77267456054688 -4604.46142578125 
v 1200.615478515625 208.25909423828125 -4604.46142578125 
v 1203.0115966796875 209.77267456054688 -4606.84228515625 
v 1203.0115966796875 208.25909423828125 -4606.84228515625 
v 1211.740234375 209.77267456054688 -4606.84228515625 
v 1211.740234375 208.25909423828125 -4606.84228515625 
v 1198.3905029296875 158.9414825439453 -4610.08837890625 
v 1216.190185546875 158.9414825439453 -4610.08837890625 
v 1198.3905029296875 160.83346557617188 -4610.08837890625 
v 1216.190185546875 160.83346557617188 -4610.08837890625 
v 1201.642333984375 208.25909423828125 -4608.7900390625 
v 1198.5616455078125 208.25909423828125 -4605.9765625 
v 1201.642333984375 160.83346557617188 -4608.7900390625 
v 1198.5616455078125 160.83346557617188 -4605.9765625 
v 1198.5616455078125 160.83346557617188 -4594.50634765625 
v 1198.5616455078125 208.25909423828125 -4594.50634765625 
v 1201.642333984375 208.25909423828125 -4591.4765625 
v 1201.642333984375 160.83346557617188 -4591.4765625 
v 1213.1094970703125 208.25909423828125 -4591.4765625 
v 1201.642333984375 208.25909423828125 -4591.4765625 
v 1213.1094970703125 160.83346557617188 -4591.4765625 
v 1201.642333984375 160.83346557617188 -4591.4765625 
v 1216.190185546875 160.83346557617188 -4610.08837890625 
v 1217.2171630859375 160.83346557617188 -4609.00634765625 
v 1216.190185546875 158.9414825439453 -4610.08837890625 
v 1217.2171630859375 158.9414825439453 -4609.00634765625 
v 1217.2171630859375 160.83346557617188 -4591.26025390625 
v 1217.2171630859375 158.9414825439453 -4591.26025390625 
v 1216.190185546875 160.83346557617188 -4590.17822265625 
v 1216.190185546875 158.9414825439453 -4590.17822265625 
v 1213.1094970703125 160.83346557617188 -4608.7900390625 
v 1213.1094970703125 208.25909423828125 -4608.7900390625 
v 1201.642333984375 160.83346557617188 -4608.7900390625 
v 1201.642333984375 208.25909423828125 -4608.7900390625 
v 1201.642333984375 160.83346557617188 -4591.4765625 
v 1213.1094970703125 160.83346557617188 -4591.4765625 
v 1198.3905029296875 160.83346557617188 -4590.17822265625 
v 1216.190185546875 160.83346557617188 -4590.17822265625 
v 1216.01904296875 160.83346557617188 -4594.50634765625 
v 1217.2171630859375 160.83346557617188 -4591.26025390625 
v 1216.01904296875 160.83346557617188 -4605.9765625 
v 1217.2171630859375 160.83346557617188 -4609.00634765625 
v 1216.190185546875 160.83346557617188 -4610.08837890625 
v 1213.1094970703125 160.83346557617188 -4608.7900390625 
v 1198.3905029296875 160.83346557617188 -4610.08837890625 
v 1201.642333984375 160.83346557617188 -4608.7900390625 
v 1197.3636474609375 160.83346557617188 -4609.00634765625 
v 1198.5616455078125 160.83346557617188 -4605.9765625 
v 1198.5616455078125 160.83346557617188 -4594.50634765625 
v 1197.3636474609375 160.83346557617188 -4591.26025390625 
v 1197.3636474609375 158.9414825439453 -4609.00634765625 
v 1197.3636474609375 158.9414825439453 -4591.26025390625 
v 1198.3905029296875 158.9414825439453 -4610.08837890625 
v 1217.2171630859375 158.9414825439453 -4609.00634765625 
v 1216.190185546875 158.9414825439453 -4610.08837890625 
v 1217.2171630859375 158.9414825439453 -4591.26025390625 
v 1216.190185546875 158.9414825439453 -4590.17822265625 
v 1198.3905029296875 158.9414825439453 -4590.17822265625 
v 1216.190185546875 160.83346557617188 -4590.17822265625 
v 1198.3905029296875 160.83346557617188 -4590.17822265625 
v 1216.190185546875 158.9414825439453 -4590.17822265625 
v 1198.3905029296875 158.9414825439453 -4590.17822265625 
v 1198.3905029296875 158.9414825439453 -4590.17822265625 
v 1198.3905029296875 160.83346557617188 -4590.17822265625 
v 1197.3636474609375 158.9414825439453 -4591.26025390625 
v 1197.3636474609375 160.83346557617188 -4591.26025390625 
v 1197.3636474609375 160.83346557617188 -4609.00634765625 
v 1197.3636474609375 158.9414825439453 -4609.00634765625 
v 1198.3905029296875 158.9414825439453 -4610.08837890625 
v 1198.3905029296875 160.83346557617188 -4610.08837890625 
v 1213.1094970703125 208.25909423828125 -4591.4765625 
v 1213.1094970703125 160.83346557617188 -4591.4765625 
v 1216.01904296875 208.25909423828125 -4594.50634765625 
v 1216.01904296875 160.83346557617188 -4594.50634765625 
v 1216.01904296875 160.83346557617188 -4605.9765625 
v 1216.01904296875 208.25909423828125 -4605.9765625 
v 1213.1094970703125 208.25909423828125 -4608.7900390625 
v 1213.1094970703125 160.83346557617188 -4608.7900390625 
v 1195.652099609375 207.1239013671875 -4597.31982421875 
v 1195.652099609375 207.1239013671875 -4602.94677734375 
v 1195.652099609375 196.7810821533203 -4597.31982421875 
v 1195.652099609375 196.7810821533203 -4602.94677734375 
v 1198.7327880859375 207.1239013671875 -4597.31982421875 
v 1198.7327880859375 207.1239013671875 -4602.94677734375 
v 1195.652099609375 207.1239013671875 -4597.31982421875 
v 1195.652099609375 207.1239013671875 -4602.94677734375 
v 1198.7327880859375 196.7810821533203 -4597.31982421875 
v 1198.7327880859375 207.1239013671875 -4597.31982421875 
v 1195.652099609375 196.7810821533203 -4597.31982421875 
v 1195.652099609375 207.1239013671875 -4597.31982421875 
v 1198.7327880859375 196.7810821533203 -4602.94677734375 
v 1198.7327880859375 196.7810821533203 -4597.31982421875 
v 1195.652099609375 196.7810821533203 -4602.94677734375 
v 1195.652099609375 196.7810821533203 -4597.31982421875 
v 1198.7327880859375 207.1239013671875 -4602.94677734375 
v 1198.7327880859375 196.7810821533203 -4602.94677734375 
v 1195.652099609375 207.1239013671875 -4602.94677734375 
v 1195.652099609375 196.7810821533203 -4602.94677734375 
v 1192.5714111328125 205.7364501953125 -4598.6181640625 
v 1192.5714111328125 205.7364501953125 -4601.86474609375 
v 1192.5714111328125 198.67306518554688 -4598.6181640625 
v 1192.5714111328125 198.67306518554688 -4601.86474609375 
v 1195.652099609375 205.7364501953125 -4598.6181640625 
v 1195.652099609375 205.7364501953125 -4601.86474609375 
v 1192.5714111328125 205.7364501953125 -4598.6181640625 
v 1192.5714111328125 205.7364501953125 -4601.86474609375 
v 1195.652099609375 198.67306518554688 -4598.6181640625 
v 1195.652099609375 205.7364501953125 -4598.6181640625 
v 1192.5714111328125 198.67306518554688 -4598.6181640625 
v 1192.5714111328125 205.7364501953125 -4598.6181640625 
v 1195.652099609375 198.67306518554688 -4601.86474609375 
v 1195.652099609375 198.67306518554688 -4598.6181640625 
v 1192.5714111328125 198.67306518554688 -4601.86474609375 
v 1192.5714111328125 198.67306518554688 -4598.6181640625 
v 1195.652099609375 205.7364501953125 -4601.86474609375 
v 1195.652099609375 198.67306518554688 -4601.86474609375 
v 1192.5714111328125 205.7364501953125 -4601.86474609375 
v 1192.5714111328125 198.67306518554688 -4601.86474609375 
v 1190.346435546875 203.2138214111328 -4596.021484375 
v 1190.346435546875 203.2138214111328 -4597.7529296875 
v 1190.346435546875 204.85353088378906 -4596.021484375 
v 1190.346435546875 204.85353088378906 -4597.7529296875 
v 1188.8060302734375 205.61032104492188 -4596.021484375 
v 1188.8060302734375 205.61032104492188 -4597.7529296875 
v 1187.4368896484375 204.85353088378906 -4596.021484375 
v 1187.4368896484375 204.85353088378906 -4597.7529296875 
v 1187.4368896484375 203.2138214111328 -4597.7529296875 
v 1187.4368896484375 203.2138214111328 -4596.021484375 
v 1188.8060302734375 202.45703125 -4596.021484375 
v 1188.8060302734375 202.45703125 -4597.7529296875 
v 1190.346435546875 203.2138214111328 -4596.021484375 
v 1190.346435546875 203.2138214111328 -4597.7529296875 
v 1190.346435546875 203.2138214111328 -4597.7529296875 
v 1188.8060302734375 202.45703125 -4597.7529296875 
v 1190.346435546875 204.85353088378906 -4597.7529296875 
v 1187.4368896484375 203.2138214111328 -4597.7529296875 
v 1187.4368896484375 204.85353088378906 -4597.7529296875 
v 1188.8060302734375 205.61032104492188 -4597.7529296875 
v 1188.8060302734375 205.61032104492188 -4596.021484375 
v 1190.346435546875 204.85353088378906 -4596.021484375 
v 1187.4368896484375 204.85353088378906 -4596.021484375 
v 1187.4368896484375 203.2138214111328 -4596.021484375 
v 1188.8060302734375 202.45703125 -4596.021484375 
v 1190.346435546875 203.2138214111328 -4596.021484375 
v 1189.8330078125 203.46607971191406 -4597.7529296875 
v 1190.004150390625 203.46607971191406 -4598.40185546875 
v 1188.8060302734375 202.83541870117188 -4597.7529296875 
v 1188.9771728515625 202.83541870117188 -4599.05126953125 
v 1187.9503173828125 203.46607971191406 -4597.7529296875 
v 1188.1214599609375 203.46607971191406 -4599.48388671875 
v 1187.9503173828125 204.6012725830078 -4597.7529296875 
v 1190.346435546875 203.46607971191406 -4599.05126953125 
v 1189.8330078125 202.83541870117188 -4599.9169921875 
v 1190.85986328125 203.46607971191406 -4599.267578125 
v 1189.4906005859375 203.46607971191406 -4600.9990234375 
v 1190.85986328125 202.83541870117188 -4600.349609375 
v 1190.85986328125 203.46607971191406 -4601.431640625 
v 1189.4906005859375 204.6012725830078 -4600.9990234375 
v 1190.85986328125 204.6012725830078 -4601.431640625 
v 1190.85986328125 205.23193359375 -4600.349609375 
v 1189.8330078125 205.23193359375 -4599.9169921875 
v 1190.85986328125 204.6012725830078 -4599.267578125 
v 1190.85986328125 203.46607971191406 -4599.267578125 
v 1188.1214599609375 204.6012725830078 -4599.48388671875 
v 1188.9771728515625 205.23193359375 -4599.05126953125 
v 1188.8060302734375 205.23193359375 -4597.7529296875 
v 1190.346435546875 204.6012725830078 -4599.05126953125 
v 1190.85986328125 203.46607971191406 -4599.267578125 
v 1190.346435546875 203.46607971191406 -4599.05126953125 
v 1190.004150390625 204.6012725830078 -4598.40185546875 
v 1190.004150390625 203.46607971191406 -4598.40185546875 
v 1189.8330078125 204.6012725830078 -4597.7529296875 
v 1189.8330078125 203.46607971191406 -4597.7529296875 
v 1192.5714111328125 202.45703125 -4600.349609375 
v 1190.688720703125 202.45703125 -4600.349609375 
v 1192.5714111328125 203.2138214111328 -4598.8349609375 
v 1190.688720703125 203.2138214111328 -4598.8349609375 
v 1192.5714111328125 204.85353088378906 -4598.8349609375 
v 1190.688720703125 204.85353088378906 -4598.8349609375 
v 1190.688720703125 205.61032104492188 -4600.349609375 
v 1192.5714111328125 205.61032104492188 -4600.349609375 
v 1190.688720703125 204.85353088378906 -4601.64794921875 
v 1192.5714111328125 204.85353088378906 -4601.64794921875 
v 1190.688720703125 203.2138214111328 -4601.64794921875 
v 1192.5714111328125 203.2138214111328 -4601.64794921875 
v 1190.688720703125 202.45703125 -4600.349609375 
v 1192.5714111328125 202.45703125 -4600.349609375 
v 1190.346435546875 201.19570922851562 -4597.7529296875 
v 1190.346435546875 201.19570922851562 -4596.021484375 
v 1190.346435546875 199.5559844970703 -4597.7529296875 
v 1190.346435546875 199.5559844970703 -4596.021484375 
v 1188.8060302734375 198.67306518554688 -4597.7529296875 
v 1188.8060302734375 198.67306518554688 -4596.021484375 
v 1187.4368896484375 199.5559844970703 -4597.7529296875 
v 1187.4368896484375 199.5559844970703 -4596.021484375 
v 1187.4368896484375 201.19570922851562 -4596.021484375 
v 1187.4368896484375 201.19570922851562 -4597.7529296875 
v 1188.8060302734375 201.95249938964844 -4597.7529296875 
v 1188.8060302734375 201.95249938964844 -4596.021484375 
v 1190.346435546875 201.19570922851562 -4597.7529296875 
v 1190.346435546875 201.19570922851562 -4596.021484375 
v 1190.688720703125 203.2138214111328 -4601.64794921875 
v 1190.688720703125 202.45703125 -4600.349609375 
v 1190.688720703125 204.85353088378906 -4601.64794921875 
v 1190.688720703125 205.61032104492188 -4600.349609375 
v 1190.688720703125 204.85353088378906 -4598.8349609375 
v 1190.688720703125 203.2138214111328 -4598.8349609375 
v 1190.346435546875 199.5559844970703 -4597.7529296875 
v 1188.8060302734375 198.67306518554688 -4597.7529296875 
v 1190.346435546875 201.19570922851562 -4597.7529296875 
v 1188.8060302734375 201.95249938964844 -4597.7529296875 
v 1187.4368896484375 201.19570922851562 -4597.7529296875 
v 1187.4368896484375 199.5559844970703 -4597.7529296875 
v 1187.4368896484375 199.5559844970703 -4596.021484375 
v 1188.8060302734375 198.67306518554688 -4596.021484375 
v 1187.4368896484375 201.19570922851562 -4596.021484375 
v 1188.8060302734375 201.95249938964844 -4596.021484375 
v 1190.346435546875 201.19570922851562 -4596.021484375 
v 1190.346435546875 199.5559844970703 -4596.021484375 
v 1189.8330078125 200.9434356689453 -4597.7529296875 
v 1189.8330078125 199.80825805664062 -4597.7529296875 
v 1190.004150390625 200.9434356689453 -4598.40185546875 
v 1190.004150390625 199.68211364746094 -4598.40185546875 
v 1190.346435546875 199.68211364746094 -4599.05126953125 
v 1188.9771728515625 199.0514678955078 -4599.05126953125 
v 1189.8330078125 199.0514678955078 -4599.9169921875 
v 1188.1214599609375 199.68211364746094 -4599.48388671875 
v 1187.9503173828125 199.80825805664062 -4597.7529296875 
v 1188.1214599609375 200.9434356689453 -4599.48388671875 
v 1187.9503173828125 200.9434356689453 -4597.7529296875 
v 1188.9771728515625 201.5740966796875 -4599.05126953125 
v 1188.8060302734375 201.44796752929688 -4597.7529296875 
v 1190.004150390625 200.9434356689453 -4598.40185546875 
v 1189.8330078125 200.9434356689453 -4597.7529296875 
v 1188.8060302734375 199.17759704589844 -4597.7529296875 
v 1190.346435546875 200.9434356689453 -4599.05126953125 
v 1190.85986328125 200.9434356689453 -4599.267578125 
v 1190.346435546875 200.9434356689453 -4599.05126953125 
v 1189.8330078125 201.5740966796875 -4599.9169921875 
v 1190.85986328125 200.9434356689453 -4599.267578125 
v 1190.85986328125 201.5740966796875 -4600.349609375 
v 1189.4906005859375 200.9434356689453 -4600.9990234375 
v 1190.85986328125 200.9434356689453 -4601.431640625 
v 1190.85986328125 199.68211364746094 -4601.431640625 
v 1189.4906005859375 199.68211364746094 -4600.9990234375 
v 1190.85986328125 199.0514678955078 -4600.349609375 
v 1190.85986328125 199.68211364746094 -4599.267578125 
v 1190.85986328125 200.9434356689453 -4599.267578125 
v 1192.5714111328125 201.95249938964844 -4600.349609375 
v 1190.688720703125 201.95249938964844 -4600.349609375 
v 1192.5714111328125 201.069580078125 -4598.8349609375 
v 1190.688720703125 201.069580078125 -4598.8349609375 
v 1192.5714111328125 199.5559844970703 -4598.8349609375 
v 1190.688720703125 199.5559844970703 -4598.8349609375 
v 1192.5714111328125 198.7991943359375 -4600.349609375 
v 1190.688720703125 198.7991943359375 -4600.349609375 
v 1192.5714111328125 199.5559844970703 -4601.64794921875 
v 1190.688720703125 199.5559844970703 -4601.64794921875 
v 1190.688720703125 201.069580078125 -4601.64794921875 
v 1192.5714111328125 201.069580078125 -4601.64794921875 
v 1192.5714111328125 201.95249938964844 -4600.349609375 
v 1190.688720703125 201.95249938964844 -4600.349609375 
v 1190.688720703125 199.5559844970703 -4601.64794921875 
v 1190.688720703125 198.7991943359375 -4600.349609375 
v 1190.688720703125 201.069580078125 -4601.64794921875 
v 1190.688720703125 201.95249938964844 -4600.349609375 
v 1190.688720703125 201.069580078125 -4598.8349609375 
v 1190.688720703125 199.5559844970703 -4598.8349609375 
v 1205.578857421875 148.72479248046875 -4600.13330078125 
v 1205.578857421875 158.9414825439453 -4600.13330078125 
v 1206.09228515625 148.72479248046875 -4601.431640625 
v 1206.09228515625 158.9414825439453 -4601.431640625 
v 1206.09228515625 158.9414825439453 -4598.8349609375 
v 1206.09228515625 148.72479248046875 -4598.8349609375 
v 1207.2904052734375 158.9414825439453 -4598.40185546875 
v 1207.2904052734375 148.72479248046875 -4598.40185546875 
v 1208.6595458984375 158.9414825439453 -4598.8349609375 
v 1208.6595458984375 148.72479248046875 -4598.8349609375 
v 1209.1729736328125 158.9414825439453 -4600.13330078125 
v 1209.1729736328125 148.72479248046875 -4600.13330078125 
v 1207.2904052734375 148.72479248046875 -4602.0810546875 
v 1207.2904052734375 158.9414825439453 -4602.0810546875 
v 1208.6595458984375 148.72479248046875 -4601.431640625 
v 1208.6595458984375 158.9414825439453 -4601.431640625 
v 1209.1729736328125 148.72479248046875 -4600.13330078125 
v 1209.1729736328125 158.9414825439453 -4600.13330078125 
v 1208.6595458984375 148.72479248046875 -4601.431640625 
v 1209.1729736328125 148.72479248046875 -4600.13330078125 
v 1207.2904052734375 148.72479248046875 -4602.0810546875 
v 1207.2904052734375 148.72479248046875 -4598.40185546875 
v 1206.09228515625 148.72479248046875 -4601.431640625 
v 1205.578857421875 148.72479248046875 -4600.13330078125 
v 1206.09228515625 148.72479248046875 -4598.8349609375 
v 1208.6595458984375 148.72479248046875 -4598.8349609375 
v 1213.1094970703125 208.25909423828125 -4591.4765625 
v 1214.1363525390625 208.25909423828125 -4595.80517578125 
v 1216.01904296875 208.25909423828125 -4594.50634765625 
v 1216.01904296875 208.25909423828125 -4605.9765625 
v 1214.1363525390625 208.25909423828125 -4604.46142578125 
v 1213.1094970703125 208.25909423828125 -4608.7900390625 
v 1211.740234375 208.25909423828125 -4606.84228515625 
v 1201.642333984375 208.25909423828125 -4608.7900390625 
v 1203.0115966796875 208.25909423828125 -4606.84228515625 
v 1200.615478515625 208.25909423828125 -4604.46142578125 
v 1198.5616455078125 208.25909423828125 -4605.9765625 
v 1198.5616455078125 208.25909423828125 -4594.50634765625 
v 1200.615478515625 208.25909423828125 -4595.80517578125 
v 1201.642333984375 208.25909423828125 -4591.4765625 
v 1203.0115966796875 208.25909423828125 -4593.42431640625 
v 1211.740234375 208.25909423828125 -4593.42431640625 
v 1214.1363525390625 209.77267456054688 -4604.46142578125 
v 1211.740234375 209.77267456054688 -4606.84228515625 
v 1214.1363525390625 209.77267456054688 -4595.80517578125 
v 1211.740234375 209.77267456054688 -4593.42431640625 
v 1203.0115966796875 209.77267456054688 -4593.42431640625 
v 1203.0115966796875 209.77267456054688 -4606.84228515625 
v 1200.615478515625 209.77267456054688 -4604.46142578125 
v 1200.615478515625 209.77267456054688 -4595.80517578125 
v 1211.740234375 208.25909423828125 -4593.42431640625 
v 1211.740234375 209.77267456054688 -4593.42431640625 
v 1214.1363525390625 208.25909423828125 -4595.80517578125 
v 1214.1363525390625 209.77267456054688 -4595.80517578125 
v 1214.1363525390625 208.25909423828125 -4604.46142578125 
v 1214.1363525390625 209.77267456054688 -4604.46142578125 
v 1211.740234375 208.25909423828125 -4606.84228515625 
v 1211.740234375 209.77267456054688 -4606.84228515625 
v 1159.1968994140625 204.9796600341797 -4602.29736328125 
v 1156.971923828125 204.9796600341797 -4601.64794921875 
v 1159.1968994140625 207.62843322753906 -4602.29736328125 
v 1156.971923828125 207.62843322753906 -4601.64794921875 
v 1155.260498046875 204.9796600341797 -4603.1630859375 
v 1155.260498046875 207.62843322753906 -4603.1630859375 
v 1155.945068359375 204.9796600341797 -4605.54345703125 
v 1155.945068359375 207.62843322753906 -4605.54345703125 
v 1158.1700439453125 204.9796600341797 -4606.19287109375 
v 1158.1700439453125 207.62843322753906 -4606.19287109375 
v 1159.8814697265625 204.9796600341797 -4604.46142578125 
v 1159.8814697265625 207.62843322753906 -4604.46142578125 
v 1159.1968994140625 204.9796600341797 -4602.29736328125 
v 1159.1968994140625 207.62843322753906 -4602.29736328125 
v 1159.8814697265625 204.9796600341797 -4604.46142578125 
v 1159.0257568359375 204.4751434326172 -4604.2451171875 
v 1158.1700439453125 204.9796600341797 -4606.19287109375 
v 1157.9989013671875 204.4751434326172 -4605.3271484375 
v 1155.945068359375 204.9796600341797 -4605.54345703125 
v 1156.45849609375 204.4751434326172 -4604.89453125 
v 1155.260498046875 204.9796600341797 -4603.1630859375 
v 1155.945068359375 204.4751434326172 -4603.37939453125 
v 1158.6834716796875 204.4751434326172 -4602.73046875 
v 1159.1968994140625 204.9796600341797 -4602.29736328125 
v 1156.971923828125 204.9796600341797 -4601.64794921875 
v 1157.14306640625 204.4751434326172 -4602.29736328125 
v 1167.240966796875 204.9796600341797 -4602.29736328125 
v 1167.240966796875 207.62843322753906 -4602.29736328125 
v 1165.01611328125 204.9796600341797 -4601.64794921875 
v 1165.01611328125 207.62843322753906 -4601.64794921875 
v 1163.3045654296875 204.9796600341797 -4603.1630859375 
v 1163.3045654296875 207.62843322753906 -4603.1630859375 
v 1163.9891357421875 204.9796600341797 -4605.54345703125 
v 1163.9891357421875 207.62843322753906 -4605.54345703125 
v 1166.214111328125 204.9796600341797 -4606.19287109375 
v 1166.214111328125 207.62843322753906 -4606.19287109375 
v 1167.9256591796875 204.9796600341797 -4604.46142578125 
v 1167.9256591796875 207.62843322753906 -4604.46142578125 
v 1167.240966796875 204.9796600341797 -4602.29736328125 
v 1167.240966796875 207.62843322753906 -4602.29736328125 
v 1167.9256591796875 204.9796600341797 -4604.46142578125 
v 1167.240966796875 204.4751434326172 -4604.2451171875 
v 1166.214111328125 204.9796600341797 -4606.19287109375 
v 1166.04296875 204.4751434326172 -4605.3271484375 
v 1163.9891357421875 204.9796600341797 -4605.54345703125 
v 1164.5025634765625 204.4751434326172 -4604.89453125 
v 1163.3045654296875 204.9796600341797 -4603.1630859375 
v 1164.1602783203125 204.4751434326172 -4603.37939453125 
v 1166.7275390625 204.4751434326172 -4602.73046875 
v 1167.240966796875 204.9796600341797 -4602.29736328125 
v 1165.01611328125 204.9796600341797 -4601.64794921875 
v 1165.187255859375 204.4751434326172 -4602.29736328125 
v 1143.1087646484375 206.619384765625 -4626.31982421875 
v 1143.1087646484375 199.0514678955078 -4626.31982421875 
v 1143.1087646484375 199.0514678955078 -4609.43896484375 
v 1166.898681640625 206.619384765625 -4609.43896484375 
v 1166.898681640625 199.0514678955078 -4626.31982421875 
v 1166.898681640625 199.0514678955078 -4609.43896484375 
v 1184.86962890625 142.41819763183594 -4529.58154296875 
v 1184.86962890625 142.41819763183594 -4521.35791015625 
v 1184.86962890625 181.39297485351562 -4529.58154296875 
v 1184.86962890625 231.8457794189453 -4521.35791015625 
v 1184.86962890625 184.6724090576172 -4541.91748046875 
v 1184.86962890625 184.6724090576172 -4554.4697265625 
v 1184.86962890625 241.81021118164062 -4579.7900390625 
v 1184.86962890625 181.39297485351562 -4567.021484375 
v 1184.86962890625 142.41819763183594 -4579.7900390625 
v 1184.86962890625 142.41819763183594 -4567.021484375 
v 1184.86962890625 258.2073669433594 -4542.783203125 
v 1184.86962890625 258.2073669433594 -4583.46923828125 
v 1184.86962890625 252.1530303955078 -4592.34228515625 
v 1184.86962890625 241.81021118164062 -4592.34228515625 
v 1194.1116943359375 241.81021118164062 -4583.03662109375 
v 1194.1116943359375 142.41819763183594 -4583.03662109375 
v 1207.2904052734375 241.81021118164062 -4583.03662109375 
v 1220.2978515625 142.41819763183594 -4583.03662109375 
v 1220.2978515625 241.81021118164062 -4583.03662109375 
v 1184.86962890625 241.81021118164062 -4579.7900390625 
v 1194.1116943359375 241.81021118164062 -4579.7900390625 
v 1184.86962890625 142.41819763183594 -4579.7900390625 
v 1194.1116943359375 142.41819763183594 -4579.7900390625 
v 1194.1116943359375 142.41819763183594 -4583.03662109375 
v 1194.1116943359375 241.81021118164062 -4583.03662109375 
v 1184.86962890625 142.41819763183594 -4579.7900390625 
v 1194.1116943359375 142.41819763183594 -4579.7900390625 
v 1184.86962890625 142.41819763183594 -4567.021484375 
v 1229.711181640625 142.41819763183594 -4567.021484375 
v 1220.2978515625 142.41819763183594 -4579.7900390625 
v 1229.711181640625 142.41819763183594 -4579.7900390625 
v 1220.2978515625 142.41819763183594 -4583.03662109375 
v 1194.1116943359375 142.41819763183594 -4583.03662109375 
v 1229.711181640625 241.81021118164062 -4592.34228515625 
v 1229.711181640625 252.1530303955078 -4592.34228515625 
v 1184.86962890625 241.81021118164062 -4592.34228515625 
v 1184.86962890625 252.1530303955078 -4592.34228515625 
v 1184.86962890625 258.2073669433594 -4583.46923828125 
v 1229.711181640625 258.2073669433594 -4583.46923828125 
v 1229.711181640625 258.2073669433594 -4542.783203125 
v 1184.86962890625 258.2073669433594 -4542.783203125 
v 1184.86962890625 231.8457794189453 -4521.35791015625 
v 1229.711181640625 231.8457794189453 -4521.35791015625 
v 1184.86962890625 142.41819763183594 -4521.35791015625 
v 1229.711181640625 142.41819763183594 -4521.35791015625 
v 1220.2978515625 241.81021118164062 -4579.7900390625 
v 1229.711181640625 241.81021118164062 -4579.7900390625 
v 1220.2978515625 241.81021118164062 -4583.03662109375 
v 1229.711181640625 241.81021118164062 -4592.34228515625 
v 1207.2904052734375 241.81021118164062 -4583.03662109375 
v 1184.86962890625 241.81021118164062 -4592.34228515625 
v 1194.1116943359375 241.81021118164062 -4583.03662109375 
v 1184.86962890625 241.81021118164062 -4579.7900390625 
v 1194.1116943359375 241.81021118164062 -4579.7900390625 
v 1194.1116943359375 241.81021118164062 -4583.03662109375 
v 1194.1116943359375 241.81021118164062 -4579.7900390625 
v 1207.2904052734375 241.81021118164062 -4583.03662109375 
v 1207.2904052734375 240.1704864501953 -4579.7900390625 
v 1220.2978515625 241.81021118164062 -4579.7900390625 
v 1220.2978515625 241.81021118164062 -4583.03662109375 
v 1229.711181640625 142.41819763183594 -4529.58154296875 
v 1229.711181640625 142.41819763183594 -4521.35791015625 
v 1229.711181640625 181.39297485351562 -4529.58154296875 
v 1229.711181640625 231.8457794189453 -4521.35791015625 
v 1229.711181640625 184.6724090576172 -4541.91748046875 
v 1229.711181640625 184.6724090576172 -4554.4697265625 
v 1229.711181640625 241.81021118164062 -4579.7900390625 
v 1229.711181640625 181.39297485351562 -4567.021484375 
v 1229.711181640625 142.41819763183594 -4579.7900390625 
v 1229.711181640625 142.41819763183594 -4567.021484375 
v 1229.711181640625 258.2073669433594 -4542.783203125 
v 1229.711181640625 258.2073669433594 -4583.46923828125 
v 1229.711181640625 252.1530303955078 -4592.34228515625 
v 1229.711181640625 241.81021118164062 -4592.34228515625 
v 1229.711181640625 142.41819763183594 -4529.58154296875 
v 1229.711181640625 142.41819763183594 -4521.35791015625 
v 1184.86962890625 142.41819763183594 -4529.58154296875 
v 1184.86962890625 142.41819763183594 -4521.35791015625 
v 1229.711181640625 241.81021118164062 -4579.7900390625 
v 1229.711181640625 142.41819763183594 -4579.7900390625 
v 1220.2978515625 241.81021118164062 -4579.7900390625 
v 1220.2978515625 142.41819763183594 -4579.7900390625 
v 1220.2978515625 142.41819763183594 -4583.03662109375 
v 1220.2978515625 241.81021118164062 -4583.03662109375 
v 1222.6939697265625 181.39297485351562 -4529.58154296875 
v 1222.6939697265625 181.39297485351562 -4530.88037109375 
v 1222.6939697265625 149.35545349121094 -4529.58154296875 
v 1222.6939697265625 149.35545349121094 -4530.88037109375 
v 1222.6939697265625 181.39297485351562 -4529.58154296875 
v 1222.6939697265625 184.6724090576172 -4541.91748046875 
v 1191.88671875 181.39297485351562 -4529.58154296875 
v 1191.88671875 184.6724090576172 -4541.91748046875 
v 1222.6939697265625 184.6724090576172 -4554.4697265625 
v 1191.88671875 184.6724090576172 -4554.4697265625 
v 1222.6939697265625 181.39297485351562 -4567.021484375 
v 1191.88671875 181.39297485351562 -4567.021484375 
v 1191.88671875 149.35545349121094 -4529.58154296875 
v 1191.88671875 181.39297485351562 -4529.58154296875 
v 1191.88671875 149.35545349121094 -4530.88037109375 
v 1191.88671875 181.39297485351562 -4530.88037109375 
v 1184.86962890625 142.41819763183594 -4567.021484375 
v 1229.711181640625 142.41819763183594 -4567.021484375 
v 1191.88671875 149.35545349121094 -4567.021484375 
v 1222.6939697265625 149.35545349121094 -4567.021484375 
v 1229.711181640625 181.39297485351562 -4567.021484375 
v 1222.6939697265625 181.39297485351562 -4567.021484375 
v 1229.711181640625 184.6724090576172 -4554.4697265625 
v 1222.6939697265625 184.6724090576172 -4554.4697265625 
v 1229.711181640625 184.6724090576172 -4541.91748046875 
v 1222.6939697265625 184.6724090576172 -4541.91748046875 
v 1229.711181640625 181.39297485351562 -4529.58154296875 
v 1222.6939697265625 181.39297485351562 -4529.58154296875 
v 1222.6939697265625 149.35545349121094 -4529.58154296875 
v 1229.711181640625 142.41819763183594 -4529.58154296875 
v 1191.88671875 149.35545349121094 -4529.58154296875 
v 1184.86962890625 142.41819763183594 -4529.58154296875 
v 1184.86962890625 181.39297485351562 -4529.58154296875 
v 1191.88671875 181.39297485351562 -4529.58154296875 
v 1184.86962890625 184.6724090576172 -4541.91748046875 
v 1191.88671875 184.6724090576172 -4541.91748046875 
v 1184.86962890625 184.6724090576172 -4554.4697265625 
v 1191.88671875 184.6724090576172 -4554.4697265625 
v 1184.86962890625 181.39297485351562 -4567.021484375 
v 1191.88671875 181.39297485351562 -4567.021484375 
v 1191.88671875 149.35545349121094 -4530.88037109375 
v 1191.88671875 181.39297485351562 -4530.88037109375 
v 1222.6939697265625 149.35545349121094 -4530.88037109375 
v 1222.6939697265625 181.39297485351562 -4530.88037109375 
v 1222.6939697265625 149.35545349121094 -4565.72314453125 
v 1222.6939697265625 180.76231384277344 -4565.72314453125 
v 1191.88671875 149.35545349121094 -4565.72314453125 
v 1191.88671875 180.76231384277344 -4565.72314453125 
v 1191.88671875 181.39297485351562 -4529.58154296875 
v 1222.6939697265625 181.39297485351562 -4529.58154296875 
v 1191.88671875 181.39297485351562 -4530.88037109375 
v 1222.6939697265625 181.39297485351562 -4530.88037109375 
v 1222.6939697265625 149.35545349121094 -4529.58154296875 
v 1191.88671875 149.35545349121094 -4529.58154296875 
v 1222.6939697265625 149.35545349121094 -4530.88037109375 
v 1191.88671875 149.35545349121094 -4530.88037109375 
v 1222.6939697265625 149.35545349121094 -4565.72314453125 
v 1222.6939697265625 149.35545349121094 -4567.021484375 
v 1222.6939697265625 180.76231384277344 -4565.72314453125 
v 1222.6939697265625 181.39297485351562 -4567.021484375 
v 1222.6939697265625 181.39297485351562 -4567.021484375 
v 1191.88671875 181.39297485351562 -4567.021484375 
v 1222.6939697265625 180.76231384277344 -4565.72314453125 
v 1191.88671875 180.76231384277344 -4565.72314453125 
v 1191.88671875 181.39297485351562 -4567.021484375 
v 1191.88671875 149.35545349121094 -4567.021484375 
v 1191.88671875 180.76231384277344 -4565.72314453125 
v 1191.88671875 149.35545349121094 -4565.72314453125 
v 1191.88671875 149.35545349121094 -4567.021484375 
v 1222.6939697265625 149.35545349121094 -4567.021484375 
v 1191.88671875 149.35545349121094 -4565.72314453125 
v 1222.6939697265625 149.35545349121094 -4565.72314453125 
v 1331.3748779296875 135.7332000732422 -4564.857421875 
v 1353.1109619140625 135.7332000732422 -4564.857421875 
v 1349.00341796875 135.7332000732422 -4564.857421875 
v 1106.311279296875 135.7332000732422 -4531.0966796875 
v 1084.5750732421875 135.7332000732422 -4531.0966796875 
v 1088.6827392578125 135.7332000732422 -4531.0966796875 
v 1088.6827392578125 135.7332000732422 -4564.857421875 
v 1331.3748779296875 135.7332000732422 -4531.0966796875 
v 1349.00341796875 135.7332000732422 -4531.0966796875 
v 1353.1109619140625 135.7332000732422 -4531.0966796875 
vn 0.999997615814209 0 -0.002184694167226553 
vn 0.999997615814209 0 0.002184694167226553 
vn 0.999997615814209 0 -0.002184694167226553 
vn 0.999997615814209 0 0.002184694167226553 
vn -1.0341130485562108e-13 0.999997615814209 -0.002184694167226553 
vn -1.0341130485562108e-13 0.999997615814209 -0.002184694167226553 
vn -1.0341130485562108e-13 0.999997615814209 -0.002184694167226553 
vn -1.0341130485562108e-13 0.999997615814209 -0.002184694167226553 
vn -1.0341130485562108e-13 0.999997615814209 -0.002184694167226553 
vn -1.0341130485562108e-13 0.999997615814209 -0.002184694167226553 
vn -1.0341130485562108e-13 0.999997615814209 -0.002184694167226553 
vn -1.0341130485562108e-13 0.999997615814209 -0.002184694167226553 
vn 3.097898456858039e-13 -0.999997615814209 0.002184694167226553 
vn 3.097898456858039e-13 -0.999997615814209 0.002184694167226553 
vn 3.097898456858039e-13 -0.999997615814209 0.002184694167226553 
vn 3.097898456858039e-13 -0.999997615814209 0.002184694167226553 
vn -0.999997615814209 -2.0682260971124217e-13 0.002184694167226553 
vn -0.999997615814209 -2.0682260971124217e-13 0.002184694167226553 
vn -0.999997615814209 -2.0682260971124217e-13 0.002184694167226553 
vn -0.999997615814209 -2.0682260971124217e-13 0.002184694167226553 
vn 3.097898456858039e-13 -0.999997615814209 0.002184694167226553 
vn 3.097898456858039e-13 -0.999997615814209 0.002184694167226553 
vn 3.097898456858039e-13 -0.999997615814209 0.002184694167226553 
vn 3.097898456858039e-13 -0.999997615814209 0.002184694167226553 
vn 0.999997615814209 0 0.002184694167226553 
vn 0.999997615814209 0 0.002184694167226553 
vn 0.999997615814209 0 0.002184694167226553 
vn -0.999997615814209 -2.0682260971124217e-13 0.002184694167226553 
vn -0.999997615814209 -2.0682260971124217e-13 0.002184694167226553 
vn -0.999997615814209 -2.0682260971124217e-13 0.002184694167226553 
vn -2.0682311115474694e-13 0 -1 
vn -2.0682311115474694e-13 0 -1 
vn -2.0682311115474694e-13 0 -1 
vn -2.0682311115474694e-13 0 -1 
vn -0.999997615814209 -2.0682260971124217e-13 0.002184694167226553 
vn -0.999997615814209 -2.0682260971124217e-13 0.002184694167226553 
vn -0.999997615814209 -2.0682260971124217e-13 0.002184694167226553 
vn -0.999997615814209 -2.0682260971124217e-13 0.002184694167226553 
vn -1.0341130485562108e-13 0.999997615814209 -0.002184694167226553 
vn -1.0341130485562108e-13 0.999997615814209 -0.002184694167226553 
vn -1.0341130485562108e-13 0.999997615814209 -0.002184694167226553 
vn -1.0341130485562108e-13 0.999997615814209 -0.002184694167226553 
vn -1.0341130485562108e-13 0.999997615814209 -0.002184694167226553 
vn -1.0341130485562108e-13 0.999997615814209 -0.002184694167226553 
vn -1.0341130485562108e-13 0.999997615814209 -0.002184694167226553 
vn -2.0682311115474694e-13 0 -1 
vn -2.0682311115474694e-13 0 -1 
vn -2.0682311115474694e-13 0 -1 
vn -2.0682311115474694e-13 0 -1 
vn -0.999997615814209 -2.0682260971124217e-13 0.002184694167226553 
vn -0.999997615814209 -2.0682260971124217e-13 0.002184694167226553 
vn -0.999997615814209 -2.0682260971124217e-13 0.002184694167226553 
vn -0.999997615814209 -2.0682260971124217e-13 0.002184694167226553 
vn -0.999997615814209 -2.0682260971124217e-13 0.002184694167226553 
vn -0.999997615814209 -2.0682260971124217e-13 0.002184694167226553 
vn -0.999997615814209 -2.0682260971124217e-13 0.002184694167226553 
vn -1.0341130485562108e-13 0.999997615814209 -0.002184694167226553 
vn -1.0341130485562108e-13 0.999997615814209 -0.002184694167226553 
vn -1.0341130485562108e-13 0.999997615814209 -0.002184694167226553 
vn -1.0341130485562108e-13 0.999997615814209 -0.002184694167226553 
vn -2.0682311115474694e-13 0 -1 
vn -2.0682311115474694e-13 0 -1 
vn -2.0682311115474694e-13 0 -1 
vn -2.0682311115474694e-13 0 -1 
vn 3.097898456858039e-13 -0.999997615814209 0.002184694167226553 
vn 3.097898456858039e-13 -0.999997615814209 0.002184694167226553 
vn 3.097898456858039e-13 -0.999997615814209 0.002184694167226553 
vn 3.097898456858039e-13 -0.999997615814209 0.002184694167226553 
vn -1.0341130485562108e-13 0.999997615814209 0.002184694167226553 
vn -1.0341130485562108e-13 0.999997615814209 0.002184694167226553 
vn -1.0341130485562108e-13 0.999997615814209 0.002184694167226553 
vn -1.0341130485562108e-13 0.999997615814209 0.002184694167226553 
vn 0 0 1 
vn 0 0 1 
vn 0 0 1 
vn 0 0 1 
vn -2.0682311115474694e-13 0 -1 
vn -2.0682311115474694e-13 0 -1 
vn -2.0682311115474694e-13 0 -1 
vn -2.0682311115474694e-13 0 -1 
vn -2.0682311115474694e-13 0 -1 
vn -2.0682311115474694e-13 0 -1 
vn -2.0682311115474694e-13 0 -1 
vn -2.0682311115474694e-13 0 -1 
vn 0.999997615814209 0 0.002184694167226553 
vn 0.999997615814209 0 0.002184694167226553 
vn 0.999997615814209 0 0.002184694167226553 
vn 3.097898456858039e-13 -0.999997615814209 0.002184694167226553 
vn 3.097898456858039e-13 -0.999997615814209 0.002184694167226553 
vn 3.097898456858039e-13 -0.999997615814209 0.002184694167226553 
vn 3.097898456858039e-13 -0.999997615814209 0.002184694167226553 
vn -1.0341130485562108e-13 0.999997615814209 -0.002184694167226553 
vn -1.0341130485562108e-13 0.999997615814209 -0.002184694167226553 
vn -1.0341130485562108e-13 0.999997615814209 -0.002184694167226553 
vn -1.0341130485562108e-13 0.999997615814209 -0.002184694167226553 
vn -0.999997615814209 -2.0682260971124217e-13 0.002184694167226553 
vn -0.999997615814209 -2.0682260971124217e-13 0.002184694167226553 
vn -0.999997615814209 -2.0682260971124217e-13 0.002184694167226553 
vn 0.999997615814209 0 0.002184694167226553 
vn 0.999997615814209 0 0.002184694167226553 
vn 0.999997615814209 0 0.002184694167226553 
vn -2.0682311115474694e-13 0 -1 
vn -2.0682311115474694e-13 0 -1 
vn -2.0682311115474694e-13 0 -1 
vn -2.0682311115474694e-13 0 -1 
vn -0.999997615814209 -2.0682260971124217e-13 0.002184694167226553 
vn -0.999997615814209 -2.0682260971124217e-13 -0.002184694167226553 
vn -0.999997615814209 -2.0682260971124217e-13 -0.002184694167226553 
vn -0.999997615814209 -2.0682260971124217e-13 -0.002184694167226553 
vn 0.999997615814209 0 0.002184694167226553 
vn 0.999997615814209 0 0.002184694167226553 
vn 0.999997615814209 0 0.002184694167226553 
vn 0.999997615814209 0 0.002184694167226553 
vn -1.0341130485562108e-13 0.999997615814209 -0.002184694167226553 
vn -1.0341130485562108e-13 0.999997615814209 -0.002184694167226553 
vn -1.0341130485562108e-13 0.999997615814209 -0.002184694167226553 
vn -1.0341130485562108e-13 0.999997615814209 -0.002184694167226553 
vn -1.0341130485562108e-13 0.999997615814209 -0.002184694167226553 
vn -1.0341130485562108e-13 0.999997615814209 -0.002184694167226553 
vn -1.0341130485562108e-13 0.999997615814209 -0.002184694167226553 
vn -1.0341130485562108e-13 0.999997615814209 -0.002184694167226553 
vn -2.0682311115474694e-13 0 -1 
vn -2.0682311115474694e-13 0 -1 
vn -2.0682311115474694e-13 0 -1 
vn -2.0682311115474694e-13 0 -1 
vn 0.999997615814209 0 0.002184694167226553 
vn 0.999997615814209 0 0.002184694167226553 
vn 0.999997615814209 0 0.002184694167226553 
vn 0.999997615814209 0 0.002184694167226553 
vn -1.0341130485562108e-13 0.999997615814209 -0.002184694167226553 
vn -1.0341130485562108e-13 0.999997615814209 -0.002184694167226553 
vn -1.0341130485562108e-13 0.999997615814209 -0.002184694167226553 
vn -1.0341130485562108e-13 0.999997615814209 -0.002184694167226553 
vn 0.999997615814209 0 0.002184694167226553 
vn 0.999997615814209 0 0.002184694167226553 
vn 0.999997615814209 0 0.002184694167226553 
vn -2.0682311115474694e-13 0 -1 
vn -2.0682311115474694e-13 0 -1 
vn -2.0682311115474694e-13 0 -1 
vn -2.0682311115474694e-13 0 -1 
vn 3.097898456858039e-13 -0.999997615814209 0.002184694167226553 
vn 3.097898456858039e-13 -0.999997615814209 0.002184694167226553 
vn 3.097898456858039e-13 -0.999997615814209 0.002184694167226553 
vn 3.097898456858039e-13 -0.999997615814209 0.002184694167226553 
vn -1.0341130485562108e-13 0.999997615814209 0.002184694167226553 
vn -1.0341130485562108e-13 0.999997615814209 0.002184694167226553 
vn -1.0341130485562108e-13 0.999997615814209 0.002184694167226553 
vn -1.0341130485562108e-13 0.999997615814209 0.002184694167226553 
vn 0 0 1 
vn 0 0 1 
vn 0 0 1 
vn 0 0 1 
vn 3.097898456858039e-13 -0.999997615814209 0.002184694167226553 
vn 3.097898456858039e-13 -0.999997615814209 0.002184694167226553 
vn 3.097898456858039e-13 -0.999997615814209 0.002184694167226553 
vn 3.097898456858039e-13 -0.999997615814209 0.002184694167226553 
vn -0.999997615814209 -2.0682260971124217e-13 0.002184694167226553 
vn -0.999997615814209 -2.0682260971124217e-13 0.002184694167226553 
vn -0.999997615814209 -2.0682260971124217e-13 0.002184694167226553 
vn 3.097898456858039e-13 -0.999997615814209 0.002184694167226553 
vn 3.097898456858039e-13 -0.999997615814209 0.002184694167226553 
vn 3.097898456858039e-13 -0.999997615814209 0.002184694167226553 
vn 3.097898456858039e-13 -0.999997615814209 0.002184694167226553 
vn 0 0 1 
vn 0 0 1 
vn 0 0 1 
vn 0 0 1 
vn 0 0 1 
vn 0 0 1 
vn 0 0 1 
vn 0 0 1 
vn 0 0 1 
vn 0 0 1 
vn 0 0 1 
vn 0 0 1 
vn -0.999997615814209 -2.0682260971124217e-13 0.002184694167226553 
vn -0.999997615814209 -2.0682260971124217e-13 0.002184694167226553 
vn -0.999997615814209 -2.0682260971124217e-13 0.002184694167226553 
vn -0.999997615814209 -2.0682260971124217e-13 0.002184694167226553 
vn 0 0 1 
vn 0 0 1 
vn 0 0 1 
vn 0 0 1 
vn 3.097898456858039e-13 -0.999997615814209 0.002184694167226553 
vn 3.097898456858039e-13 -0.999997615814209 0.002184694167226553 
vn 3.097898456858039e-13 -0.999997615814209 0.002184694167226553 
vn 3.097898456858039e-13 -0.999997615814209 0.002184694167226553 
vn -1.0341130485562108e-13 0.999997615814209 -0.002184694167226553 
vn -1.0341130485562108e-13 0.999997615814209 -0.002184694167226553 
vn -1.0341130485562108e-13 0.999997615814209 -0.002184694167226553 
vn -1.0341130485562108e-13 0.999997615814209 -0.002184694167226553 
vn -2.0682311115474694e-13 0 -1 
vn -2.0682311115474694e-13 0 -1 
vn -2.0682311115474694e-13 0 -1 
vn -2.0682311115474694e-13 0 -1 
vn 0.999997615814209 0 -0.002184694167226553 
vn 0.999997615814209 0 -0.002184694167226553 
vn 0.999997615814209 0 -0.002184694167226553 
vn 0.999997615814209 0 0.002184694167226553 
vn 0 0 1 
vn 0 0 1 
vn 0 0 1 
vn 0 0 1 
vn 0 0 1 
vn 0 0 1 
vn 0 0 1 
vn 0 0 1 
vn 0.999997615814209 0 0.002184694167226553 
vn 0.999997615814209 0 0.002184694167226553 
vn 0.999997615814209 0 0.002184694167226553 
vn 0.999997615814209 0 0.002184694167226553 
vn 0 0 1 
vn 0 0 1 
vn 0 0 1 
vn 0 0 1 
vn 3.097898456858039e-13 -0.999997615814209 0.002184694167226553 
vn 3.097898456858039e-13 -0.999997615814209 0.002184694167226553 
vn 3.097898456858039e-13 -0.999997615814209 0.002184694167226553 
vn -1.0341130485562108e-13 0.999997615814209 -0.002184694167226553 
vn -1.0341130485562108e-13 0.999997615814209 -0.002184694167226553 
vn -1.0341130485562108e-13 0.999997615814209 -0.002184694167226553 
vn -2.0682311115474694e-13 0 -1 
vn -2.0682311115474694e-13 0 -1 
vn -2.0682311115474694e-13 0 -1 
vn -2.0682311115474694e-13 0 -1 
vn -1.0341130485562108e-13 0.999997615814209 -0.002184694167226553 
vn -1.0341130485562108e-13 0.999997615814209 -0.002184694167226553 
vn -0.6963448524475098 0.7177039980888367 -0.002184694167226553 
vn -0.6963448524475098 0.7177039980888367 -0.002184694167226553 
vn -0.9995414018630981 0.0302029550075531 -0.002184694167226553 
vn -0.9995414018630981 0.0302029550075531 -0.002184694167226553 
vn -0.9591029286384583 0.283049076795578 0.002184694167226553 
vn -0.9591029286384583 0.283049076795578 0.002184694167226553 
vn -0.9897211194038391 0.1429940164089203 0.002184694167226553 
vn 0 0 1 
vn 0 0 1 
vn 0 0 1 
vn 0 0 1 
vn 0 0 1 
vn 0 0 1 
vn 0 0 1 
vn 0 0 1 
vn -2.0682311115474694e-13 0 -1 
vn -2.0682311115474694e-13 0 -1 
vn -2.0682311115474694e-13 0 -1 
vn -2.0682311115474694e-13 0 -1 
vn -2.0682311115474694e-13 0 -1 
vn -2.0682311115474694e-13 0 -1 
vn -2.0682311115474694e-13 0 -1 
vn -2.0682311115474694e-13 0 -1 
vn -2.0682311115474694e-13 0 -1 
vn -2.0682311115474694e-13 0 -1 
vn -0.9591029286384583 0.283049076795578 -0.002184694167226553 
vn -0.9897211194038391 0.1429940164089203 -0.002184694167226553 
vn -0.9591029286384583 0.283049076795578 -0.002184694167226553 
vn -0.9897211194038391 0.1429940164089203 0.002184694167226553 
vn -0.999997615814209 -2.0682260971124217e-13 -0.002184694167226553 
vn -0.999997615814209 -2.0682260971124217e-13 0.002184694167226553 
vn -0.999997615814209 -2.0682260971124217e-13 0.002184694167226553 
vn -0.999997615814209 -2.0682260971124217e-13 -0.002184694167226553 
vn -0.999997615814209 -2.0682260971124217e-13 -0.002184694167226553 
vn -0.9897211194038391 0.1429940164089203 0.002184694167226553 
vn -0.9897211194038391 0.1429940164089203 0.002184694167226553 
vn -0.9591029286384583 0.283049076795578 0.002184694167226553 
vn 3.097898456858039e-13 -0.999997615814209 0.002184694167226553 
vn 3.097898456858039e-13 -0.999997615814209 0.002184694167226553 
vn 3.097898456858039e-13 -0.999997615814209 0.002184694167226553 
vn 3.097898456858039e-13 -0.999997615814209 0.002184694167226553 
vn 0 0 1 
vn 0 0 1 
vn 0 0 1 
vn 0 0 1 
vn 0 0 1 
vn 0 0 1 
vn 0 0 1 
vn 0 0 1 
vn -2.0682311115474694e-13 0 -1 
vn -2.0682311115474694e-13 0 -1 
vn -2.0682311115474694e-13 0 -1 
vn -2.0682311115474694e-13 0 -1 
vn -1.0341130485562108e-13 0.999997615814209 -0.002184694167226553 
vn 0.6963448524475098 0.7177039980888367 0.002184694167226553 
vn -1.0341130485562108e-13 0.999997615814209 -0.002184694167226553 
vn 0.6963448524475098 0.7177039980888367 0.002184694167226553 
vn 0.9995414018630981 0.0302029550075531 0.002184694167226553 
vn 0.9591029286384583 0.283049076795578 0.002184694167226553 
vn 0.9897211194038391 0.1429940164089203 0.002184694167226553 
vn 0.9591029286384583 0.283049076795578 0.002184694167226553 
vn 0.9897211194038391 0.1429940164089203 0.002184694167226553 
vn 0.999997615814209 0 0.002184694167226553 
vn 0.999997615814209 0 0.002184694167226553 
vn 0.999997615814209 0 -0.002184694167226553 
vn 0.999997615814209 0 -0.002184694167226553 
vn 0.999997615814209 0 -0.002184694167226553 
vn 0.9897211194038391 0.1429940164089203 -0.002184694167226553 
vn 0.9897211194038391 0.1429940164089203 0.002184694167226553 
vn 0.9591029286384583 0.283049076795578 0.002184694167226553 
vn 0.9591029286384583 0.283049076795578 0.002184694167226553 
vn 0.9897211194038391 0.1429940164089203 0.002184694167226553 
vn 0.9591029286384583 0.283049076795578 0.002184694167226553 
vn 0.9995414018630981 0.0302029550075531 0.002184694167226553 
vn 0.9995414018630981 0.0302029550075531 0.002184694167226553 
vn 0.6963448524475098 0.7177039980888367 0.002184694167226553 
vn 0 0 1 
vn 0 0 1 
vn 0 0 1 
vn 0 0 1 
vn -2.0682311115474694e-13 0 -1 
vn -2.0682311115474694e-13 0 -1 
vn -2.0682311115474694e-13 0 -1 
vn -2.0682311115474694e-13 0 -1 
vn -1.0341130485562108e-13 0.999997615814209 -0.002184694167226553 
vn -1.0341130485562108e-13 0.999997615814209 -0.002184694167226553 
vn -0.6963448524475098 0.7177039980888367 0.002184694167226553 
vn -0.6963448524475098 0.7177039980888367 0.002184694167226553 
vn -0.9995414018630981 0.0302029550075531 0.002184694167226553 
vn -0.9995414018630981 0.0302029550075531 0.002184694167226553 
vn -0.9591029286384583 0.283049076795578 0.002184694167226553 
vn -0.9591029286384583 0.283049076795578 0.002184694167226553 
vn -0.9897211194038391 0.1429940164089203 0.002184694167226553 
vn 3.097898456858039e-13 -0.999997615814209 0.002184694167226553 
vn 3.097898456858039e-13 -0.999997615814209 0.002184694167226553 
vn 3.097898456858039e-13 -0.999997615814209 0.002184694167226553 
vn 3.097898456858039e-13 -0.999997615814209 0.002184694167226553 
vn 0 0 1 
vn 0 0 1 
vn 0 0 1 
vn 0 0 1 
vn 0 0 1 
vn -0.9591029286384583 0.283049076795578 -0.002184694167226553 
vn -0.9897211194038391 0.1429940164089203 -0.002184694167226553 
vn -0.9591029286384583 0.283049076795578 -0.002184694167226553 
vn -0.9897211194038391 0.1429940164089203 -0.002184694167226553 
vn -0.999997615814209 -2.0682260971124217e-13 -0.002184694167226553 
vn -0.999997615814209 -2.0682260971124217e-13 0.002184694167226553 
vn -0.999997615814209 -2.0682260971124217e-13 0.002184694167226553 
vn -0.999997615814209 -2.0682260971124217e-13 0.002184694167226553 
vn -0.999997615814209 -2.0682260971124217e-13 0.002184694167226553 
vn -0.9897211194038391 0.1429940164089203 0.002184694167226553 
vn -0.9897211194038391 0.1429940164089203 0.002184694167226553 
vn -0.9591029286384583 0.283049076795578 0.002184694167226553 
vn -2.0682311115474694e-13 0 -1 
vn -2.0682311115474694e-13 0 -1 
vn -2.0682311115474694e-13 0 -1 
vn -2.0682311115474694e-13 0 -1 
vn -2.0682311115474694e-13 0 -1 
vn -2.0682311115474694e-13 0 -1 
vn -2.0682311115474694e-13 0 -1 
vn -2.0682311115474694e-13 0 -1 
vn 0 0 1 
vn 0 0 1 
vn 0 0 1 
vn 0 0 1 
vn -2.0682311115474694e-13 0 -1 
vn -2.0682311115474694e-13 0 -1 
vn -2.0682311115474694e-13 0 -1 
vn -2.0682311115474694e-13 0 -1 
vn -1.0341130485562108e-13 0.999997615814209 -0.002184694167226553 
vn 0.6963448524475098 0.7177039980888367 -0.002184694167226553 
vn -1.0341130485562108e-13 0.999997615814209 -0.002184694167226553 
vn 0.6963448524475098 0.7177039980888367 -0.002184694167226553 
vn 0.9995414018630981 0.0302029550075531 -0.002184694167226553 
vn 0.9591029286384583 0.283049076795578 0.002184694167226553 
vn 0.9897211194038391 0.1429940164089203 -0.002184694167226553 
vn 0.9591029286384583 0.283049076795578 0.002184694167226553 
vn 0.9897211194038391 0.1429940164089203 0.002184694167226553 
vn 0.999997615814209 0 -0.002184694167226553 
vn 0.999997615814209 0 -0.002184694167226553 
vn 0.999997615814209 0 -0.002184694167226553 
vn 0.999997615814209 0 0.002184694167226553 
vn 0.999997615814209 0 -0.002184694167226553 
vn 0.9897211194038391 0.1429940164089203 0.002184694167226553 
vn 0.9897211194038391 0.1429940164089203 0.002184694167226553 
vn 0.9591029286384583 0.283049076795578 0.002184694167226553 
vn 0.9591029286384583 0.283049076795578 0.002184694167226553 
vn 0.9897211194038391 0.1429940164089203 0.002184694167226553 
vn 0.9591029286384583 0.283049076795578 0.002184694167226553 
vn -2.0682311115474694e-13 0 -1 
vn -2.0682311115474694e-13 0 -1 
vn -2.0682311115474694e-13 0 -1 
vn -2.0682311115474694e-13 0 -1 
vn 0.9995414018630981 0.0302029550075531 -0.002184694167226553 
vn 0.9995414018630981 0.0302029550075531 -0.002184694167226553 
vn 0.6963448524475098 0.7177039980888367 -0.002184694167226553 
vn 0 0 1 
vn 0 0 1 
vn 0 0 1 
vn 0 0 1 
vn -2.0682311115474694e-13 0 -1 
vn -2.0682311115474694e-13 0 -1 
vn -2.0682311115474694e-13 0 -1 
vn -2.0682311115474694e-13 0 -1 
vn -1.0341130485562108e-13 0.999997615814209 -0.002184694167226553 
vn -1.0341130485562108e-13 0.999997615814209 -0.002184694167226553 
vn -0.6963448524475098 0.7177039980888367 -0.002184694167226553 
vn -0.6963448524475098 0.7177039980888367 -0.002184694167226553 
vn -0.9995414018630981 0.0302029550075531 -0.002184694167226553 
vn -0.9995414018630981 0.0302029550075531 0.002184694167226553 
vn -0.9591029286384583 0.283049076795578 0.002184694167226553 
vn -0.9591029286384583 0.283049076795578 0.002184694167226553 
vn -0.9897211194038391 0.1429940164089203 0.002184694167226553 
vn 3.097898456858039e-13 -0.999997615814209 0.002184694167226553 
vn 3.097898456858039e-13 -0.999997615814209 0.002184694167226553 
vn 3.097898456858039e-13 -0.999997615814209 0.002184694167226553 
vn 3.097898456858039e-13 -0.999997615814209 0.002184694167226553 
vn -0.9591029286384583 0.283049076795578 -0.002184694167226553 
vn -0.9897211194038391 0.1429940164089203 -0.002184694167226553 
vn -0.9591029286384583 0.283049076795578 -0.002184694167226553 
vn -0.9897211194038391 0.1429940164089203 0.002184694167226553 
vn -0.999997615814209 -2.0682260971124217e-13 -0.002184694167226553 
vn -0.999997615814209 -2.0682260971124217e-13 -0.002184694167226553 
vn -0.999997615814209 -2.0682260971124217e-13 -0.002184694167226553 
vn -0.999997615814209 -2.0682260971124217e-13 0.002184694167226553 
vn -0.999997615814209 -2.0682260971124217e-13 0.002184694167226553 
vn -0.9897211194038391 0.1429940164089203 0.002184694167226553 
vn -0.9897211194038391 0.1429940164089203 0.002184694167226553 
vn -0.9591029286384583 0.283049076795578 0.002184694167226553 
vn -2.0682311115474694e-13 0 -1 
vn -2.0682311115474694e-13 0 -1 
vn -2.0682311115474694e-13 0 -1 
vn -2.0682311115474694e-13 0 -1 
vn -2.0682311115474694e-13 0 -1 
vn -2.0682311115474694e-13 0 -1 
vn 0 0 1 
vn 0 0 1 
vn 0 0 1 
vn 0 0 1 
vn 0 0 1 
vn 0 0 1 
vn 0 0 1 
vn 0 0 1 
vn 0 0 1 
vn 0 0 1 
vn 0 0 1 
vn 0 0 1 
vn 0 0 1 
vn -2.0682311115474694e-13 0 -1 
vn -2.0682311115474694e-13 0 -1 
vn -2.0682311115474694e-13 0 -1 
vn -2.0682311115474694e-13 0 -1 
vn -1.0341130485562108e-13 0.999997615814209 -0.002184694167226553 
vn -1.0341130485562108e-13 0.999997615814209 -0.002184694167226553 
vn 0.6963448524475098 0.7177039980888367 0.002184694167226553 
vn 0.6963448524475098 0.7177039980888367 0.002184694167226553 
vn 0.9995414018630981 0.0302029550075531 0.002184694167226553 
vn 0.9591029286384583 0.283049076795578 -0.002184694167226553 
vn 0.9897211194038391 0.1429940164089203 -0.002184694167226553 
vn 0.9591029286384583 0.283049076795578 -0.002184694167226553 
vn 0.9897211194038391 0.1429940164089203 0.002184694167226553 
vn 0.999997615814209 0 -0.002184694167226553 
vn 0.999997615814209 0 -0.002184694167226553 
vn 0.999997615814209 0 -0.002184694167226553 
vn 0.999997615814209 0 0.002184694167226553 
vn 0.999997615814209 0 0.002184694167226553 
vn 0.9897211194038391 0.1429940164089203 -0.002184694167226553 
vn 0.9897211194038391 0.1429940164089203 0.002184694167226553 
vn 0.9591029286384583 0.283049076795578 0.002184694167226553 
vn 0.9591029286384583 0.283049076795578 0.002184694167226553 
vn 0.9897211194038391 0.1429940164089203 0.002184694167226553 
vn 0.9591029286384583 0.283049076795578 0.002184694167226553 
vn 0.9995414018630981 0.0302029550075531 0.002184694167226553 
vn 0.9995414018630981 0.0302029550075531 0.002184694167226553 
vn 0.6963448524475098 0.7177039980888367 0.002184694167226553 
vn 0 0 1 
vn 0 0 1 
vn 0 0 1 
vn 0 0 1 
vn -2.0682311115474694e-13 0 -1 
vn -2.0682311115474694e-13 0 -1 
vn -2.0682311115474694e-13 0 -1 
vn -2.0682311115474694e-13 0 -1 
vn -0.999997615814209 -2.0682260971124217e-13 0.002184694167226553 
vn -0.999997615814209 -2.0682260971124217e-13 0.002184694167226553 
vn -0.999997615814209 -2.0682260971124217e-13 0.002184694167226553 
vn 0.999997615814209 0 -0.002184694167226553 
vn 0.999997615814209 0 -0.002184694167226553 
vn 0.999997615814209 0 -0.002184694167226553 
vn 3.097898456858039e-13 -0.999997615814209 0.002184694167226553 
vn 3.097898456858039e-13 -0.999997615814209 0.002184694167226553 
vn 3.097898456858039e-13 -0.999997615814209 0.002184694167226553 
vn -1.0341130485562108e-13 0.999997615814209 -0.002184694167226553 
vn -1.0341130485562108e-13 0.999997615814209 -0.002184694167226553 
vn -1.0341130485562108e-13 0.999997615814209 -0.002184694167226553 
vn 0.999997615814209 0 0.002184694167226553 
vn 0.999997615814209 0 -0.002184694167226553 
vn 0.999997615814209 0 -0.002184694167226553 
vn 0.999997615814209 0 -0.002184694167226553 
vn -0.999997615814209 -2.0682260971124217e-13 -0.002184694167226553 
vn -0.999997615814209 -2.0682260971124217e-13 0.002184694167226553 
vn -0.999997615814209 -2.0682260971124217e-13 -0.002184694167226553 
vn -0.999997615814209 -2.0682260971124217e-13 0.002184694167226553 
vn 3.097898456858039e-13 -0.999997615814209 0.002184694167226553 
vn 3.097898456858039e-13 -0.999997615814209 0.002184694167226553 
vn 3.097898456858039e-13 -0.999997615814209 0.002184694167226553 
vn 3.097898456858039e-13 -0.999997615814209 0.002184694167226553 
vn -1.0341130485562108e-13 0.999997615814209 -0.002184694167226553 
vn -1.0341130485562108e-13 0.999997615814209 -0.002184694167226553 
vn -1.0341130485562108e-13 0.999997615814209 -0.002184694167226553 
vn -1.0341130485562108e-13 0.999997615814209 -0.002184694167226553 
vn 0 0 1 
vn 0 0 1 
vn 0 0 1 
vn 0 0 1 
vn 3.097898456858039e-13 -0.999997615814209 0.002184694167226553 
vn 3.097898456858039e-13 -0.999997615814209 0.002184694167226553 
vn 3.097898456858039e-13 -0.999997615814209 0.002184694167226553 
vn 3.097898456858039e-13 -0.999997615814209 0.002184694167226553 
vn 0.999997615814209 0 0.002184694167226553 
vn 0.999997615814209 0 -0.002184694167226553 
vn 0.999997615814209 0 -0.002184694167226553 
vn 0.999997615814209 0 -0.002184694167226553 
vn -0.999997615814209 -2.0682260971124217e-13 0.002184694167226553 
vn -0.999997615814209 -2.0682260971124217e-13 0.002184694167226553 
vn -0.999997615814209 -2.0682260971124217e-13 0.002184694167226553 
vn -0.999997615814209 -2.0682260971124217e-13 0.002184694167226553 
vn 3.097898456858039e-13 -0.999997615814209 0.002184694167226553 
vn 3.097898456858039e-13 -0.999997615814209 0.002184694167226553 
vn 3.097898456858039e-13 -0.999997615814209 0.002184694167226553 
vn -2.0682311115474694e-13 0 -1 
vn -2.0682311115474694e-13 0 -1 
vn -2.0682311115474694e-13 0 -1 
vn -2.0682311115474694e-13 0 -1 
vn 0.999997615814209 0 0.002184694167226553 
vn 0.999997615814209 0 0.002184694167226553 
vn 0.999997615814209 0 0.002184694167226553 
vn 0 0 1 
vn 0 0 1 
vn 0 0 1 
vn 0 0 1 
vn -0.999997615814209 -2.0682260971124217e-13 0.002184694167226553 
vn -0.999997615814209 -2.0682260971124217e-13 0.002184694167226553 
vn -0.999997615814209 -2.0682260971124217e-13 0.002184694167226553 
vn -2.0682311115474694e-13 0 -1 
vn -2.0682311115474694e-13 0 -1 
vn -2.0682311115474694e-13 0 -1 
vn -2.0682311115474694e-13 0 -1 
vn 3.097898456858039e-13 -0.999997615814209 0.002184694167226553 
vn 3.097898456858039e-13 -0.999997615814209 0.002184694167226553 
vn 3.097898456858039e-13 -0.999997615814209 0.002184694167226553 
vn 3.097898456858039e-13 -0.999997615814209 0.002184694167226553 
vn 0 0 1 
vn 0 0 1 
vn 0 0 1 
vn 0 0 1 
vn 0.999997615814209 0 -0.002184694167226553 
vn 0.999997615814209 0 -0.002184694167226553 
vn 0.999997615814209 0 -0.002184694167226553 
vn -0.999997615814209 -2.0682260971124217e-13 0.002184694167226553 
vn -0.999997615814209 -2.0682260971124217e-13 0.002184694167226553 
vn -0.999997615814209 -2.0682260971124217e-13 0.002184694167226553 
vn -1.0341130485562108e-13 0.999997615814209 -0.002184694167226553 
vn -1.0341130485562108e-13 0.999997615814209 -0.002184694167226553 
vn -1.0341130485562108e-13 0.999997615814209 -0.002184694167226553 
vn -0.999997615814209 -2.0682260971124217e-13 0.002184694167226553 
vn -0.999997615814209 -2.0682260971124217e-13 0.002184694167226553 
vn -0.999997615814209 -2.0682260971124217e-13 0.002184694167226553 
vn 0.999997615814209 0 -0.002184694167226553 
vn 0.999997615814209 0 -0.002184694167226553 
vn 0.999997615814209 0 -0.002184694167226553 
vn -0.999997615814209 -2.0682260971124217e-13 0.002184694167226553 
vn -0.999997615814209 -2.0682260971124217e-13 0.002184694167226553 
vn -0.999997615814209 -2.0682260971124217e-13 0.002184694167226553 
vn 0.999997615814209 0 -0.002184694167226553 
vn 0.999997615814209 0 -0.002184694167226553 
vn 0.999997615814209 0 -0.002184694167226553 
vn 0.999997615814209 0 0.002184694167226553 
vn 0.999997615814209 0 0.002184694167226553 
vn 0.999997615814209 0 0.002184694167226553 
vn -0.999997615814209 -2.0682260971124217e-13 0.002184694167226553 
vn -0.999997615814209 -2.0682260971124217e-13 0.002184694167226553 
vn -0.999997615814209 -2.0682260971124217e-13 0.002184694167226553 
vn 3.097898456858039e-13 -0.999997615814209 0.002184694167226553 
vn 3.097898456858039e-13 -0.999997615814209 0.002184694167226553 
vn 3.097898456858039e-13 -0.999997615814209 0.002184694167226553 
vn -1.0341130485562108e-13 0.999997615814209 -0.002184694167226553 
vn -1.0341130485562108e-13 0.999997615814209 -0.002184694167226553 
vn -1.0341130485562108e-13 0.999997615814209 -0.002184694167226553 
vn 0 0 1 
vn 0 0 1 
vn 0 0 1 
vn 0 0 1 
vn 0 0 1 
vn 0 0 1 
vn -0.999997615814209 -2.0682260971124217e-13 0.002184694167226553 
vn -0.999997615814209 -2.0682260971124217e-13 0.002184694167226553 
vn -0.999997615814209 -2.0682260971124217e-13 0.002184694167226553 
vn 0.999997615814209 0 -0.002184694167226553 
vn 0.999997615814209 0 -0.002184694167226553 
vn 0.999997615814209 0 -0.002184694167226553 
vn 3.097898456858039e-13 -0.999997615814209 0.002184694167226553 
vn 3.097898456858039e-13 -0.999997615814209 0.002184694167226553 
vn 3.097898456858039e-13 -0.999997615814209 0.002184694167226553 
vn -1.0341130485562108e-13 0.999997615814209 -0.002184694167226553 
vn -1.0341130485562108e-13 0.999997615814209 -0.002184694167226553 
vn -1.0341130485562108e-13 0.999997615814209 -0.002184694167226553 
vn 3.097898456858039e-13 -0.999997615814209 0.002184694167226553 
vn 3.097898456858039e-13 -0.999997615814209 0.002184694167226553 
vn 3.097898456858039e-13 -0.999997615814209 0.002184694167226553 
vn 0.999997615814209 0 0.002184694167226553 
vn 0.999997615814209 0 0.002184694167226553 
vn 0.999997615814209 0 0.002184694167226553 
vn -0.999997615814209 -2.0682260971124217e-13 0.002184694167226553 
vn -0.999997615814209 -2.0682260971124217e-13 0.002184694167226553 
vn -0.999997615814209 -2.0682260971124217e-13 0.002184694167226553 
vn 3.097898456858039e-13 -0.999997615814209 0.002184694167226553 
vn 3.097898456858039e-13 -0.999997615814209 0.002184694167226553 
vn 3.097898456858039e-13 -0.999997615814209 0.002184694167226553 
vn 3.097898456858039e-13 -0.999997615814209 0.002184694167226553 
vn -1.0341130485562108e-13 0.999997615814209 0.002184694167226553 
vn -1.0341130485562108e-13 0.999997615814209 0.002184694167226553 
vn 0.001887889695353806 0.9194276928901672 -0.3932546079158783 
vn 0.001887889695353806 0.9194276928901672 -0.3932546079158783 
vn -3.8370626391937696e-14 0.3710477650165558 -0.9286137819290161 
vn -3.8370626391937696e-14 0.3710477650165558 -0.9286137819290161 
vn -2.0682311115474694e-13 0 -1 
vn -2.0682311115474694e-13 0 -1 
vn -2.0682311115474694e-13 0 -1 
vn -0.0018893282394856215 -0.8936669826507568 -0.4487268626689911 
vn -2.0682311115474694e-13 0 -1 
vn -2.0682311115474694e-13 0 -1 
vn -2.0682311115474694e-13 0 -1 
vn -2.0682311115474694e-13 0 -1 
vn -2.0682311115474694e-13 0 -1 
vn 0.999997615814209 0 -0.002184694167226553 
vn 0.999997615814209 0 -0.002184694167226553 
vn 0.999997615814209 0 -0.002184694167226553 
vn 0.999997615814209 0 0.002184694167226553 
vn 0.999997615814209 0 -0.002184694167226553 
vn 0.999997615814209 0 0.002184694167226553 
vn 0.999997615814209 0 0.002184694167226553 
vn 0.999997615814209 0 0.002184694167226553 
vn 0.999997615814209 0 -0.002184694167226553 
vn 0.999997615814209 0 0.002184694167226553 
vn 0.999997615814209 0 -0.002184694167226553 
vn 0.999997615814209 0 -0.002184694167226553 
vn 0.999997615814209 0 0.002184694167226553 
vn 0.999997615814209 0 0.002184694167226553 
vn 0.999997615814209 0 0.002184694167226553 
vn 0.999997615814209 0 0.002184694167226553 
vn 0.003704126225784421 -0.08719801157712936 0.9961841106414795 
vn 0.003704126225784421 -0.08719801157712936 0.9961841106414795 
vn 0.0018830278422683477 -0.4231640100479126 0.9060511589050293 
vn 0.0018830278422683477 -0.4231640100479126 0.9060511589050293 
vn 0.003762831911444664 -0.39524441957473755 0.9185682535171509 
vn 0.003762831911444664 -0.39524441957473755 0.9185682535171509 
vn 0.006553899962455034 -0.011351687833666801 0.9999141097068787 
vn 0.006553899962455034 -0.011351687833666801 0.9999141097068787 
vn 0 0 1 
vn 0 0 1 
vn 0.999997615814209 0 0.002184694167226553 
vn 0.999997615814209 0 0.002184694167226553 
vn 0.999997615814209 0 0.002184694167226553 
vn 0.999997615814209 0 0.002184694167226553 
vn -1.0341130485562108e-13 0.999997615814209 -0.002184694167226553 
vn -0.7871816158294678 0.6167173981666565 -0.002184694167226553 
vn -0.5365904569625854 0.8438400030136108 -0.002184694167226553 
vn -0.5365904569625854 0.8438400030136108 -0.002184694167226553 
vn -0.5365904569625854 0.8438400030136108 0.002184694167226553 
vn -0.38268253207206726 0.9238772988319397 -0.002184694167226553 
vn -0.38268253207206726 0.9238772988319397 -0.002184694167226553 
vn -0.9238772988319397 0.38268253207206726 0.002184694167226553 
vn -0.9238772988319397 0.38268253207206726 0.002184694167226553 
vn -0.9238772988319397 -0.38268253207206726 0.002184694167226553 
vn -0.9238772988319397 -0.38268253207206726 0.002184694167226553 
vn -0.38268253207206726 -0.9238772988319397 0.002184694167226553 
vn -0.38268253207206726 -0.9238772988319397 0.002184694167226553 
vn 3.097898456858039e-13 -0.999997615814209 0.002184694167226553 
vn 3.097898456858039e-13 -0.999997615814209 0.002184694167226553 
vn -2.0682311115474694e-13 0 -1 
vn -2.0682311115474694e-13 0 -1 
vn -2.0682311115474694e-13 0 -1 
vn -2.0682311115474694e-13 0 -1 
vn -2.0682311115474694e-13 0 -1 
vn -2.0682311115474694e-13 0 -1 
vn -2.0682311115474694e-13 0 -1 
vn -2.0682311115474694e-13 0 -1 
vn -2.0682311115474694e-13 0 -1 
vn -2.0682311115474694e-13 0 -1 
vn -2.0682311115474694e-13 0 -1 
vn -0.8144212961196899 -0.4113655984401703 -0.40926313400268555 
vn -0.8163657188415527 -0.4074932038784027 0.40926313400268555 
vn -0.9068379998207092 -0.2970314919948578 -0.2990269064903259 
vn -0.9068379998207092 -0.2970314919948578 0.2990269064903259 
vn -0.9068379998207092 0.2970314919948578 -0.2990269064903259 
vn -0.9068379998207092 0.2970314919948578 0.2990269064903259 
vn -0.8163657188415527 0.4074932038784027 0.40926313400268555 
vn -0.8144212961196899 0.4113655984401703 -0.40926313400268555 
vn -2.0682311115474694e-13 0 -1 
vn -2.0682311115474694e-13 0 -1 
vn -2.0682311115474694e-13 0 -1 
vn -2.0682311115474694e-13 0 -1 
vn 3.097898456858039e-13 -0.999997615814209 0.002184694167226553 
vn 3.097898456858039e-13 -0.999997615814209 0.002184694167226553 
vn 3.097898456858039e-13 -0.999997615814209 0.002184694167226553 
vn 3.097898456858039e-13 -0.999997615814209 0.002184694167226553 
vn 0.999997615814209 0 0.002184694167226553 
vn 0.999997615814209 0 0.002184694167226553 
vn 0.999997615814209 0 0.002184694167226553 
vn 0.999997615814209 0 0.002184694167226553 
vn -1.0341130485562108e-13 0.999997615814209 0.002184694167226553 
vn -1.0341130485562108e-13 0.999997615814209 0.002184694167226553 
vn -1.0341130485562108e-13 0.999997615814209 0.002184694167226553 
vn -1.0341130485562108e-13 0.999997615814209 0.002184694167226553 
vn -0.999997615814209 -2.0682260971124217e-13 0.002184694167226553 
vn -0.999997615814209 -2.0682260971124217e-13 0.002184694167226553 
vn -0.999997615814209 -2.0682260971124217e-13 0.002184694167226553 
vn -0.999997615814209 -2.0682260971124217e-13 0.002184694167226553 
vn -0.999997615814209 -2.0682260971124217e-13 0.002184694167226553 
vn -0.999997615814209 -2.0682260971124217e-13 0.002184694167226553 
vn -0.999997615814209 -2.0682260971124217e-13 0.002184694167226553 
vn -0.999997615814209 -2.0682260971124217e-13 0.002184694167226553 
vn -0.999997615814209 -2.0682260971124217e-13 0.002184694167226553 
vn -0.999997615814209 -2.0682260971124217e-13 0.002184694167226553 
vn -0.999997615814209 -2.0682260971124217e-13 -0.002184694167226553 
vn -0.999997615814209 -2.0682260971124217e-13 -0.002184694167226553 
vn -0.999997615814209 -2.0682260971124217e-13 0.002184694167226553 
vn -0.999997615814209 -2.0682260971124217e-13 0.002184694167226553 
vn -1.0341130485562108e-13 0.999997615814209 0.002184694167226553 
vn -1.0243360521779155e-13 0.9905431270599365 -0.1372016966342926 
vn -1.0341130485562108e-13 0.999997615814209 0.002184694167226553 
vn -1.0243360521779155e-13 0.9905431270599365 -0.1372016966342926 
vn -1.0243360521779155e-13 0.9905431270599365 -0.1372016966342926 
vn -1.0243360521779155e-13 0.9905431270599365 -0.1372016966342926 
vn 0.0018859885167330503 0.9905413389205933 0.1372016966342926 
vn 0.0018859885167330503 0.9905413389205933 0.1372016966342926 
vn 0.0018859885167330503 0.9905413389205933 0.1372016966342926 
vn 0.0018859885167330503 0.9905413389205933 0.1372016966342926 
vn -1.0341130485562108e-13 0.999997615814209 0.002184694167226553 
vn -1.0341130485562108e-13 0.999997615814209 0.002184694167226553 
vn -2.0682311115474694e-13 0 -1 
vn 0.010896530002355576 -0.013663816265761852 -0.9998472929000854 
vn -2.0682311115474694e-13 0 -1 
vn 0.010922610759735107 -0.018918516114354134 -0.9997613430023193 
vn 1.2279961119146532e-13 -0.39526233077049255 -0.9185682535171509 
vn 1.2279961119146532e-13 -0.39526233077049255 -0.9185682535171509 
vn 1.3109351386549062e-13 -0.4231681823730469 -0.9060511589050293 
vn 1.3023817321908965e-13 -0.41920527815818787 -0.9078915119171143 
vn 2.703748479986924e-14 -0.0872766524553299 -0.9961841106414795 
vn 2.703748479986924e-14 -0.0872766524553299 -0.9961841106414795 
vn -2.0682311115474694e-13 0 -1 
vn -0.010896530002355576 -0.013663816265761852 -0.9998472929000854 
vn -2.0682311115474694e-13 0 -1 
vn -0.010922610759735107 -0.018918516114354134 -0.9997613430023193 
vn 1.2279961119146532e-13 -0.39526233077049255 -0.9185682535171509 
vn 1.2279961119146532e-13 -0.39526233077049255 -0.9185682535171509 
vn 1.3109351386549062e-13 -0.4231681823730469 -0.9060511589050293 
vn 1.3023817321908965e-13 -0.41920527815818787 -0.9078915119171143 
vn 2.703748479986924e-14 -0.0872766524553299 -0.9961841106414795 
vn 2.703748479986924e-14 -0.0872766524553299 -0.9961841106414795 
vn -0.999997615814209 -2.0682260971124217e-13 -0.002184694167226553 
vn -0.9999691247940063 -0.007551815826445818 -0.002184694167226553 
vn -0.999997615814209 -2.0682260971124217e-13 -0.002184694167226553 
vn -0.9999691247940063 -0.007551815826445818 -0.002184694167226553 
vn -0.999997615814209 -2.0682260971124217e-13 -0.002184694167226553 
vn -0.999997615814209 -2.0682260971124217e-13 0.002184694167226553 
vn -0.9998835325241089 0.015103200450539589 0.002184694167226553 
vn -0.9998835325241089 0.015103200450539589 0.002184694167226553 
vn 3.097898456858039e-13 -0.999997615814209 0.002184694167226553 
vn 0.00376924779266119 -0.707868754863739 0.7063339352607727 
vn 3.097898456858039e-13 -0.999997615814209 0.002184694167226553 
vn 0.00376924779266119 -0.707868754863739 0.7063339352607727 
vn -0.0018687433330342174 -0.2081882208585739 0.9780870079994202 
vn -0.0018687433330342174 -0.2081882208585739 0.9780870079994202 
vn -0.0018687433330342174 -0.2081882208585739 0.9780870079994202 
vn -0.0018687433330342174 -0.2081882208585739 0.9780870079994202 
vn -0.0018687433330342174 0.2081882208585739 0.9780870079994202 
vn -0.0018687433330342174 0.2081882208585739 0.9780870079994202 
vn -0.0018687433330342174 0.2081882208585739 0.9780870079994202 
vn -0.0018687433330342174 0.2081882208585739 0.9780870079994202 
vn 0 0 1 
vn 0 0 1 
vn -0.0018893282394856215 -0.8936669826507568 -0.4487268626689911 
vn -2.0682311115474694e-13 0 -1 
vn -2.0682311115474694e-13 0 -1 
vn -2.0682311115474694e-13 0 -1 
vn -3.8370626391937696e-14 0.3710477650165558 -0.9286137819290161 
vn -3.8370626391937696e-14 0.3710477650165558 -0.9286137819290161 
vn 0.001887889695353806 0.9194276928901672 -0.3932546079158783 
vn 0.001887889695353806 0.9194276928901672 -0.3932546079158783 
vn -1.0341130485562108e-13 0.999997615814209 0.002184694167226553 
vn -1.0341130485562108e-13 0.999997615814209 0.002184694167226553 
vn 3.097898456858039e-13 -0.999997615814209 0.002184694167226553 
vn 3.097898456858039e-13 -0.999997615814209 0.002184694167226553 
vn 3.097898456858039e-13 -0.999997615814209 0.002184694167226553 
vn 3.097898456858039e-13 -0.999997615814209 0.002184694167226553 
vn -2.0682311115474694e-13 0 -1 
vn -2.0682311115474694e-13 0 -1 
vn 0.0018903466407209635 0.2081880271434784 -0.9780870079994202 
vn 0.0018903466407209635 0.2081880271434784 -0.9780870079994202 
vn 0.0018903466407209635 0.2081880271434784 -0.9780870079994202 
vn 0.0018903466407209635 0.2081880271434784 -0.9780870079994202 
vn 0.0018903466407209635 -0.2081880271434784 -0.9780870079994202 
vn 0.0018903466407209635 -0.2081880271434784 -0.9780870079994202 
vn 0.0018903466407209635 -0.2081880271434784 -0.9780870079994202 
vn 0.0018903466407209635 -0.2081880271434784 -0.9780870079994202 
vn 0.0018878303235396743 -0.7078762650489807 -0.7063339352607727 
vn 0.0018878303235396743 -0.7078762650489807 -0.7063339352607727 
vn 3.097898456858039e-13 -0.999997615814209 0.002184694167226553 
vn 3.097898456858039e-13 -0.999997615814209 0.002184694167226553 
vn 0.999997615814209 0 -0.002184694167226553 
vn 0.999997615814209 0 -0.002184694167226553 
vn 0.999997615814209 0 -0.002184694167226553 
vn 0.999997615814209 0 -0.002184694167226553 
vn 0.999997615814209 0 -0.002184694167226553 
vn 0.999997615814209 0 -0.002184694167226553 
vn 0.999997615814209 0 -0.002184694167226553 
vn 0.999997615814209 0 -0.002184694167226553 
vn 0.999997615814209 0 0.002184694167226553 
vn 0.999997615814209 0 0.002184694167226553 
vn 0.999997615814209 0 0.002184694167226553 
vn 0.999997615814209 0 0.002184694167226553 
vn 0.999997615814209 0 0.002184694167226553 
vn 0.999997615814209 0 -0.002184694167226553 
vn 0.999997615814209 0 -0.002184694167226553 
vn 0.999997615814209 0 0.002184694167226553 
vn 0.999997615814209 0 0.002184694167226553 
vn 0.999997615814209 0 0.002184694167226553 
vn 0.999997615814209 0 0.002184694167226553 
vn 0.999997615814209 0 0.002184694167226553 
vn 0.999997615814209 0 0.002184694167226553 
vn 0.999997615814209 0 -0.002184694167226553 
vn 0.9023662805557251 0.4309644401073456 0.002184694167226553 
vn 0.8990859389305115 0.4377666711807251 0.002184694167226553 
vn 0.9376652836799622 0.34753286838531494 0.002184694167226553 
vn 0.9376652836799622 0.34753286838531494 0.002184694167226553 
vn 0.999997615814209 0 0.002184694167226553 
vn 0.999997615814209 0 0.002184694167226553 
vn 0 0 1 
vn 0 0 1 
vn 0 0 1 
vn 0 0 1 
vn -0.999997615814209 -2.0682260971124217e-13 0.002184694167226553 
vn -0.999997615814209 -2.0682260971124217e-13 -0.002184694167226553 
vn -0.999997615814209 -2.0682260971124217e-13 -0.002184694167226553 
vn -0.999997615814209 -2.0682260971124217e-13 -0.002184694167226553 
vn -0.999997615814209 -2.0682260971124217e-13 0.002184694167226553 
vn -0.999997615814209 -2.0682260971124217e-13 0.002184694167226553 
vn -1.0341130485562108e-13 0.999997615814209 -0.002184694167226553 
vn 0.5365904569625854 0.8438400030136108 -0.002184694167226553 
vn 0.7871816158294678 0.6167173981666565 -0.002184694167226553 
vn 0.5365904569625854 0.8438400030136108 -0.002184694167226553 
vn 0.5365904569625854 0.8438400030136108 -0.002184694167226553 
vn 0.38268253207206726 0.9238772988319397 -0.002184694167226553 
vn 0.38268253207206726 0.9238772988319397 -0.002184694167226553 
vn 0.9238772988319397 0.38268253207206726 0.002184694167226553 
vn 0.9238772988319397 0.38268253207206726 0.002184694167226553 
vn 0.9238772988319397 -0.38268253207206726 0.002184694167226553 
vn 0.9238772988319397 -0.38268253207206726 0.002184694167226553 
vn 0.38268253207206726 -0.9238772988319397 0.002184694167226553 
vn 0.47804227471351624 -0.878334105014801 0.002184694167226553 
vn 3.097898456858039e-13 -0.999997615814209 0.002184694167226553 
vn 3.097898456858039e-13 -0.999997615814209 0.002184694167226553 
vn 3.097898456858039e-13 -0.999997615814209 0.002184694167226553 
vn -1.0341130485562108e-13 0.999997615814209 -0.002184694167226553 
vn -1.0341130485562108e-13 0.999997615814209 -0.002184694167226553 
vn -1.0341130485562108e-13 0.999997615814209 -0.002184694167226553 
vn -2.0682311115474694e-13 0 -1 
vn -2.0682311115474694e-13 0 -1 
vn -2.0682311115474694e-13 0 -1 
vn -2.0682311115474694e-13 0 -1 
vn -2.0682311115474694e-13 0 -1 
vn -2.0682311115474694e-13 0 -1 
vn -2.0682311115474694e-13 0 -1 
vn -2.0682311115474694e-13 0 -1 
vn -2.0682311115474694e-13 0 -1 
vn 0 0 1 
vn 0 0 1 
vn 0 0 1 
vn 0.49878740310668945 0.8236929774284363 0.26970529556274414 
vn 0.496368408203125 -0.27425628900527954 0.8236515522003174 
vn 0.9068379998207092 -0.2970314919948578 0.2990269064903259 
vn 0.9068379998207092 -0.2970314919948578 -0.2990269064903259 
vn 0.9068379998207092 0.2970314919948578 0.2990269064903259 
vn 0.9068379998207092 0.2970314919948578 -0.2990269064903259 
vn 0.495779424905777 0.27531957626342773 -0.8236515522003174 
vn -1.0341130485562108e-13 0.999997615814209 0.002184694167226553 
vn 0.39325210452079773 -0.6484131813049316 -0.651853621006012 
vn -2.0682311115474694e-13 0 -1 
vn -2.0682311115474694e-13 0 -1 
vn 3.097898456858039e-13 -0.999997615814209 0.002184694167226553 
vn 3.097898456858039e-13 -0.999997615814209 0.002184694167226553 
vn 3.097898456858039e-13 -0.999997615814209 0.002184694167226553 
vn -1.0341130485562108e-13 0.999997615814209 0.002184694167226553 
vn -1.0341130485562108e-13 0.999997615814209 0.002184694167226553 
vn -1.0341130485562108e-13 0.999997615814209 0.002184694167226553 
vn -1.0341130485562108e-13 0.999997615814209 0.002184694167226553 
vn 0.0037708422169089317 0.9194218516349792 0.3932546079158783 
vn 0.0037708422169089317 0.9194218516349792 0.3932546079158783 
vn 0.0037601967342197895 0.37102872133255005 0.9286137819290161 
vn 0.0037601967342197895 0.37102872133255005 0.9286137819290161 
vn 0 0 1 
vn 0 0 1 
vn 0 0 1 
vn -9.241569234050631e-14 0.8936689496040344 0.4487268626689911 
vn -1.0341130485562108e-13 0.999997615814209 0.002184694167226553 
vn 0.0037708422169089317 0.9194218516349792 0.3932546079158783 
vn -1.0341130485562108e-13 0.999997615814209 0.002184694167226553 
vn 0.0037708422169089317 0.9194218516349792 0.3932546079158783 
vn 0.0037601967342197895 0.37102872133255005 0.9286137819290161 
vn 0.0037601967342197895 0.37102872133255005 0.9286137819290161 
vn 0 0 1 
vn 0 0 1 
vn 0 0 1 
vn -9.241569234050631e-14 0.8936689496040344 0.4487268626689911 
vn 0 0 1 
vn 0 0 1 
vn 0 0 1 
vn 0 0 1 
vn 0 0 1 
vn 0 0 1 
vn 0 0 1 
vn 0 0 1 
vn 0 0 1 
vn 0 0 1 
vn 0 0 1 
vn 0 0 1 
vn 0 0 1 
vn -0.999997615814209 -2.0682260971124217e-13 0.002184694167226553 
vn -0.999997615814209 -2.0682260971124217e-13 0.002184694167226553 
vn -0.999997615814209 -2.0682260971124217e-13 0.002184694167226553 
vn -0.999997615814209 -2.0682260971124217e-13 0.002184694167226553 
vn 0 0 1 
vn 0 0 1 
vn -0.006553899962455034 -0.011351687833666801 0.9999141097068787 
vn -0.006553899962455034 -0.011351687833666801 0.9999141097068787 
vn -0.003762831911444664 -0.39524441957473755 0.9185682535171509 
vn 0.003762831911444664 -0.39524441957473755 0.9185682535171509 
vn 0.0018830278422683477 -0.4231640100479126 0.9060511589050293 
vn 0.0018830278422683477 -0.4231640100479126 0.9060511589050293 
vn 0.003704126225784421 -0.08719801157712936 0.9961841106414795 
vn 0.003704126225784421 -0.08719801157712936 0.9961841106414795 
vn 3.097898456858039e-13 -0.999997615814209 0.002184694167226553 
vn 3.097898456858039e-13 -0.999997615814209 0.002184694167226553 
vn 3.097898456858039e-13 -0.999997615814209 0.002184694167226553 
vn 3.097898456858039e-13 -0.999997615814209 0.002184694167226553 
vn -0.999997615814209 -2.0682260971124217e-13 0.002184694167226553 
vn -0.999997615814209 -2.0682260971124217e-13 0.002184694167226553 
vn -0.999997615814209 -2.0682260971124217e-13 0.002184694167226553 
vn -0.999997615814209 -2.0682260971124217e-13 0.002184694167226553 
vn -0.999997615814209 -2.0682260971124217e-13 0.002184694167226553 
vn -0.999997615814209 -2.0682260971124217e-13 0.002184694167226553 
vn -0.999997615814209 -2.0682260971124217e-13 0.002184694167226553 
vn -0.999997615814209 -2.0682260971124217e-13 0.002184694167226553 
vn -0.999997615814209 -2.0682260971124217e-13 0.002184694167226553 
vn -0.999997615814209 -2.0682260971124217e-13 -0.002184694167226553 
vn -0.999997615814209 -2.0682260971124217e-13 -0.002184694167226553 
vn -0.999997615814209 -2.0682260971124217e-13 0.002184694167226553 
vn -0.999997615814209 -2.0682260971124217e-13 0.002184694167226553 
vn -0.999997615814209 -2.0682260971124217e-13 0.002184694167226553 
vn -0.999997615814209 -2.0682260971124217e-13 0.002184694167226553 
vn -0.999997615814209 -2.0682260971124217e-13 0.002184694167226553 
vn -0.999997615814209 -2.0682260971124217e-13 0.002184694167226553 
vn -0.999997615814209 -2.0682260971124217e-13 0.002184694167226553 
vn -0.999997615814209 -2.0682260971124217e-13 -0.002184694167226553 
vn -0.999997615814209 -2.0682260971124217e-13 0.002184694167226553 
vn 3.097898456858039e-13 -0.999997615814209 0.002184694167226553 
vn 3.097898456858039e-13 -0.999997615814209 0.002184694167226553 
vn 3.097898456858039e-13 -0.999997615814209 0.002184694167226553 
vn 3.097898456858039e-13 -0.999997615814209 0.002184694167226553 
vn 0.999997615814209 0 0.002184694167226553 
vn 0.999997615814209 0 0.002184694167226553 
vn 0.999997615814209 0 0.002184694167226553 
vn 0.999997615814209 0 0.002184694167226553 
vn 3.097898456858039e-13 -0.999997615814209 0.002184694167226553 
vn 3.097898456858039e-13 -0.999997615814209 0.002184694167226553 
vn 3.097898456858039e-13 -0.999997615814209 0.002184694167226553 
vn 3.097898456858039e-13 -0.999997615814209 0.002184694167226553 
vn 3.097898456858039e-13 -0.999997615814209 0.002184694167226553 
vn 3.097898456858039e-13 -0.999997615814209 0.002184694167226553 
vn 3.097898456858039e-13 -0.999997615814209 0.002184694167226553 
vn 3.097898456858039e-13 -0.999997615814209 0.002184694167226553 
vn 0 0 1 
vn 0 0 1 
vn 0 0 1 
vn 0 0 1 
vn 0 0 1 
vn 0 0 1 
vn 0 0 1 
vn 0 0 1 
vn 0 0 1 
vn 0 0 1 
vn 0.999997615814209 0 0.002184694167226553 
vn 0.999997615814209 0 -0.002184694167226553 
vn 0.9999691247940063 -0.007551815826445818 -0.002184694167226553 
vn 0.9999691247940063 -0.007551815826445818 -0.002184694167226553 
vn 0.999997615814209 0 0.002184694167226553 
vn 0.999997615814209 0 0.002184694167226553 
vn 0.9998835325241089 0.015103200450539589 0.002184694167226553 
vn 0.9998835325241089 0.015103200450539589 0.002184694167226553 
vn -2.0682311115474694e-13 0 -1 
vn -2.0682311115474694e-13 0 -1 
vn -2.0682311115474694e-13 0 -1 
vn -2.0682311115474694e-13 0 -1 
vn 0.999997615814209 0 0.002184694167226553 
vn 0.999997615814209 0 0.002184694167226553 
vn 0.999997615814209 0 0.002184694167226553 
vn 0.999997615814209 0 0.002184694167226553 
vn 0.999997615814209 0 0.002184694167226553 
vn 0.999997615814209 0 0.002184694167226553 
vn 0.999997615814209 0 0.002184694167226553 
vn 0.999997615814209 0 0.002184694167226553 
vn 0.999997615814209 0 0.002184694167226553 
vn 0.999997615814209 0 0.002184694167226553 
vn 0.999997615814209 0 0.002184694167226553 
vn 0.999997615814209 0 0.002184694167226553 
vn 0.999997615814209 0 0.002184694167226553 
vn 0.999997615814209 0 0.002184694167226553 
vn 0.999997615814209 0 -0.002184694167226553 
vn 0.999997615814209 0 -0.002184694167226553 
vn 0.999997615814209 0 0.002184694167226553 
vn 0.999997615814209 0 0.002184694167226553 
vn 0.999997615814209 0 0.002184694167226553 
vn 0.999997615814209 0 0.002184694167226553 
vn 0.999997615814209 0 0.002184694167226553 
vn 0.999997615814209 0 0.002184694167226553 
vn 0.999997615814209 0 0.002184694167226553 
vn 0.999997615814209 0 0.002184694167226553 
vn 3.097898456858039e-13 -0.999997615814209 0.002184694167226553 
vn 3.097898456858039e-13 -0.999997615814209 0.002184694167226553 
vn 3.097898456858039e-13 -0.999997615814209 0.002184694167226553 
vn 3.097898456858039e-13 -0.999997615814209 0.002184694167226553 
vn -0.999997615814209 -2.0682260971124217e-13 0.002184694167226553 
vn -0.999997615814209 -2.0682260971124217e-13 0.002184694167226553 
vn -0.999997615814209 -2.0682260971124217e-13 0.002184694167226553 
vn -0.999997615814209 -2.0682260971124217e-13 0.002184694167226553 
vn -0.999997615814209 -2.0682260971124217e-13 0.002184694167226553 
vn -0.999997615814209 -2.0682260971124217e-13 0.002184694167226553 
vn -0.999997615814209 -2.0682260971124217e-13 -0.002184694167226553 
vn -0.999997615814209 -2.0682260971124217e-13 -0.002184694167226553 
vn -0.999997615814209 -2.0682260971124217e-13 -0.002184694167226553 
vn -0.999997615814209 -2.0682260971124217e-13 -0.002184694167226553 
vn -0.999997615814209 -2.0682260971124217e-13 -0.002184694167226553 
vn -0.999997615814209 -2.0682260971124217e-13 0.002184694167226553 
vn -0.999997615814209 -2.0682260971124217e-13 0.002184694167226553 
vn -0.999997615814209 -2.0682260971124217e-13 0.002184694167226553 
vn -0.999997615814209 -2.0682260971124217e-13 0.002184694167226553 
vn -0.999997615814209 -2.0682260971124217e-13 0.002184694167226553 
vn -0.999997615814209 -2.0682260971124217e-13 -0.002184694167226553 
vn -0.999997615814209 -2.0682260971124217e-13 -0.002184694167226553 
vn -0.999997615814209 -2.0682260971124217e-13 -0.002184694167226553 
vn -0.999997615814209 -2.0682260971124217e-13 -0.002184694167226553 
vn 3.097898456858039e-13 -0.999997615814209 0.002184694167226553 
vn 3.097898456858039e-13 -0.999997615814209 0.002184694167226553 
vn 3.097898456858039e-13 -0.999997615814209 0.002184694167226553 
vn 3.097898456858039e-13 -0.999997615814209 0.002184694167226553 
vn 3.097898456858039e-13 -0.999997615814209 0.002184694167226553 
vn 3.097898456858039e-13 -0.999997615814209 0.002184694167226553 
vn 3.097898456858039e-13 -0.999997615814209 0.002184694167226553 
vn 3.097898456858039e-13 -0.999997615814209 0.002184694167226553 
vn -0.999997615814209 -2.0682260971124217e-13 0.002184694167226553 
vn -0.9023662805557251 0.4309644401073456 0.002184694167226553 
vn -0.999997615814209 -2.0682260971124217e-13 -0.002184694167226553 
vn -0.8990859389305115 0.4377666711807251 0.002184694167226553 
vn -0.9376652836799622 0.34753286838531494 0.002184694167226553 
vn -0.9376652836799622 0.34753286838531494 0.002184694167226553 
vn -0.999997615814209 -2.0682260971124217e-13 -0.002184694167226553 
vn -0.999997615814209 -2.0682260971124217e-13 0.002184694167226553 
vn -0.999997615814209 -2.0682260971124217e-13 0.002184694167226553 
vn -0.999997615814209 -2.0682260971124217e-13 0.002184694167226553 
vn -0.999997615814209 -2.0682260971124217e-13 0.002184694167226553 
vn -0.999997615814209 -2.0682260971124217e-13 0.002184694167226553 
vn -2.0682311115474694e-13 0 -1 
vn -2.0682311115474694e-13 0 -1 
vn -2.0682311115474694e-13 0 -1 
vn -2.0682311115474694e-13 0 -1 
vn 0 0 1 
vn 0 0 1 
vn 0 0 1 
vn 0 0 1 
vn 0.999997615814209 0 -0.002184694167226553 
vn 0.999997615814209 0 0.002184694167226553 
vn 0.999997615814209 0 -0.002184694167226553 
vn 0.999997615814209 0 0.002184694167226553 
vn -0.999997615814209 -2.0682260971124217e-13 -0.002184694167226553 
vn -0.999997615814209 -2.0682260971124217e-13 0.002184694167226553 
vn -0.999997615814209 -2.0682260971124217e-13 -0.002184694167226553 
vn -0.999997615814209 -2.0682260971124217e-13 0.002184694167226553 
vn -2.0682311115474694e-13 0 -1 
vn 0.0018878303235396743 0.7078762650489807 -0.7063339352607727 
vn -2.0682311115474694e-13 0 -1 
vn 0.0018878303235396743 0.7078762650489807 -0.7063339352607727 
vn -1.0341130485562108e-13 0.999997615814209 0.002184694167226553 
vn -1.0341130485562108e-13 0.999997615814209 0.002184694167226553 
vn 0 0 1 
vn 0 0 1 
vn 0 0 1 
vn 0 0 1 
vn -0.999997615814209 -2.0682260971124217e-13 0.002184694167226553 
vn -0.999997615814209 -2.0682260971124217e-13 0.002184694167226553 
vn -0.999997615814209 -2.0682260971124217e-13 0.002184694167226553 
vn -0.999997615814209 -2.0682260971124217e-13 0.002184694167226553 
vn 0.999997615814209 0 0.002184694167226553 
vn 0.999997615814209 0 0.002184694167226553 
vn 0.999997615814209 0 0.002184694167226553 
vn 0.999997615814209 0 0.002184694167226553 
vn -1.0341130485562108e-13 0.999997615814209 0.002184694167226553 
vn -1.0341130485562108e-13 0.999997615814209 0.002184694167226553 
vn -1.0341130485562108e-13 0.999997615814209 0.002184694167226553 
vn -1.0341130485562108e-13 0.999997615814209 0.002184694167226553 
vn 3.097898456858039e-13 -0.999997615814209 0.002184694167226553 
vn 3.097898456858039e-13 -0.999997615814209 0.002184694167226553 
vn 3.097898456858039e-13 -0.999997615814209 0.002184694167226553 
vn 3.097898456858039e-13 -0.999997615814209 0.002184694167226553 
vn -1.0341130485562108e-13 0.999997615814209 0.002184694167226553 
vn -1.0341130485562108e-13 0.999997615814209 0.002184694167226553 
vn -1.0341130485562108e-13 0.999997615814209 0.002184694167226553 
vn -1.0341130485562108e-13 0.999997615814209 0.002184694167226553 
vn -1.0341130485562108e-13 0.999997615814209 0.002184694167226553 
vn -1.0341130485562108e-13 0.999997615814209 0.002184694167226553 
vn -1.0341130485562108e-13 0.999997615814209 0.002184694167226553 
vn -1.0341130485562108e-13 0.999997615814209 0.002184694167226553 
vn 3.097898456858039e-13 -0.999997615814209 0.002184694167226553 
vn 3.097898456858039e-13 -0.999997615814209 0.002184694167226553 
vn 3.097898456858039e-13 -0.999997615814209 0.002184694167226553 
vn 3.097898456858039e-13 -0.999997615814209 0.002184694167226553 
vn -0.999997615814209 -2.0682260971124217e-13 0.002184694167226553 
vn -0.999997615814209 -2.0682260971124217e-13 0.002184694167226553 
vn -0.999997615814209 -2.0682260971124217e-13 0.002184694167226553 
vn -0.999997615814209 -2.0682260971124217e-13 0.002184694167226553 
vn -0.999997615814209 -2.0682260971124217e-13 0.002184694167226553 
vn -0.999997615814209 -2.0682260971124217e-13 0.002184694167226553 
vn -1.0341130485562108e-13 0.999997615814209 -0.002184694167226553 
vn -1.0341130485562108e-13 0.999997615814209 -0.002184694167226553 
vn -1.0341130485562108e-13 0.999997615814209 -0.002184694167226553 
vn 0 0 1 
vn 0 0 1 
vn 0 0 1 
vn 0 0 1 
vn 0 0 1 
vn -2.0682311115474694e-13 0 -1 
vn -2.0682311115474694e-13 0 -1 
vn -2.0682311115474694e-13 0 -1 
vn -2.0682311115474694e-13 0 -1 
vn -2.0682311115474694e-13 0 -1 
vn 0 0 1 
vn 0 0 1 
vn 0 0 1 
vn 0 0 1 
vn 0 0 1 
vn -2.0682311115474694e-13 0 -1 
vn -2.0682311115474694e-13 0 -1 
vn -2.0682311115474694e-13 0 -1 
vn -2.0682311115474694e-13 0 -1 
vn 0 0 1 
vn 0 0 1 
vn 0 0 1 
vn 0 0 1 
vn -2.0682311115474694e-13 0 -1 
vn 0.0037855375558137894 0.3831692636013031 -0.9236704111099243 
vn -2.0682311115474694e-13 0 -1 
vn 0.0037855375558137894 0.3831692636013031 -0.9236704111099243 
vn 0.0018884376622736454 0.9245033860206604 -0.3811691105365753 
vn 0.0018884376622736454 0.9245033860206604 -0.3811691105365753 
vn -1.0341130485562108e-13 0.999997615814209 0.002184694167226553 
vn -1.0341130485562108e-13 0.999997615814209 0.002184694167226553 
vn 0.999997615814209 0 0.002184694167226553 
vn 0.999997615814209 0 0.002184694167226553 
vn 0.999997615814209 0 0.002184694167226553 
vn 0.999997615814209 0 0.002184694167226553 
vn 0.999997615814209 0 0.002184694167226553 
vn 0.999997615814209 0 0.002184694167226553 
vn 0.999997615814209 0 0.002184694167226553 
vn 0 0 1 
vn 0 0 1 
vn 0 0 1 
vn 0 0 1 
vn 3.097898456858039e-13 -0.999997615814209 0.002184694167226553 
vn 0.0018864087760448456 -0.9811546206474304 0.19321508705615997 
vn 3.097898456858039e-13 -0.999997615814209 0.002184694167226553 
vn 0.0018864087760448456 -0.9811546206474304 0.19321508705615997 
vn 0.0018864087760448456 -0.9811546206474304 0.19321508705615997 
vn 0.0018864087760448456 -0.9811546206474304 0.19321508705615997 
vn 3.097898456858039e-13 -0.999997615814209 0.002184694167226553 
vn 3.097898456858039e-13 -0.999997615814209 0.002184694167226553 
vn -0.999997615814209 -2.0682260971124217e-13 0.002184694167226553 
vn -0.999997615814209 -2.0682260971124217e-13 0.002184694167226553 
vn -0.999997615814209 -2.0682260971124217e-13 0.002184694167226553 
vn -0.999997615814209 -2.0682260971124217e-13 0.002184694167226553 
vn -0.999997615814209 -2.0682260971124217e-13 0.002184694167226553 
vn -0.999997615814209 -2.0682260971124217e-13 0.002184694167226553 
vn -0.999997615814209 -2.0682260971124217e-13 0.002184694167226553 
vn 3.097898456858039e-13 -0.999997615814209 0.002184694167226553 
vn 3.097898456858039e-13 -0.999997615814209 0.002184694167226553 
vn 3.097898456858039e-13 -0.999997615814209 0.002184694167226553 
vn 3.097898456858039e-13 -0.999997615814209 0.002184694167226553 
vn -0.999997615814209 -2.0682260971124217e-13 0.002184694167226553 
vn -0.999997615814209 -2.0682260971124217e-13 0.002184694167226553 
vn -0.999997615814209 -2.0682260971124217e-13 0.002184694167226553 
vn -2.0682311115474694e-13 0 -1 
vn -2.0682311115474694e-13 0 -1 
vn -2.0682311115474694e-13 0 -1 
vn -2.0682311115474694e-13 0 -1 
vn 0.999997615814209 0 0.002184694167226553 
vn 0.999997615814209 0 0.002184694167226553 
vn 0.999997615814209 0 0.002184694167226553 
vn 0 0 1 
vn 0 0 1 
vn 0 0 1 
vn 0 0 1 
vn 0.999997615814209 0 0.002184694167226553 
vn 0.999997615814209 0 -0.002184694167226553 
vn 0.999997615814209 0 -0.002184694167226553 
vn 0.999997615814209 0 -0.002184694167226553 
vn 0.999997615814209 0 0.002184694167226553 
vn 0.999997615814209 0 0.002184694167226553 
vn 0.999997615814209 0 0.002184694167226553 
vn 0.999997615814209 0 0.002184694167226553 
vn 0.999997615814209 0 0.002184694167226553 
vn 0.999997615814209 0 0.002184694167226553 
vn 0.999997615814209 0 0.002184694167226553 
vn 0 0 1 
vn 0 0 1 
vn 0 0 1 
vn 0 0 1 
vn 0 0 1 
vn 0 0 1 
vn 0 0 1 
vn 0 0 1 
vn 0 0 1 
vn 0 0 1 
vn 0 0 1 
vn 0 0 1 
vn 0 0 1 
vn 0 0 1 
vn 0 0 1 
vn 0 0 1 
vn 0 0 1 
vn -2.0682311115474694e-13 0 -1 
vn -2.0682311115474694e-13 0 -1 
vn -2.0682311115474694e-13 0 -1 
vn -2.0682311115474694e-13 0 -1 
vn -2.0682311115474694e-13 0 -1 
vn -2.0682311115474694e-13 0 -1 
vn -0.999997615814209 -2.0682260971124217e-13 0.002184694167226553 
vn -0.999997615814209 -2.0682260971124217e-13 0.002184694167226553 
vn -0.999997615814209 -2.0682260971124217e-13 -0.002184694167226553 
vn -0.999997615814209 -2.0682260971124217e-13 -0.002184694167226553 
vn -0.999997615814209 -2.0682260971124217e-13 0.002184694167226553 
vn -0.999997615814209 -2.0682260971124217e-13 0.002184694167226553 
vn -0.999997615814209 -2.0682260971124217e-13 0.002184694167226553 
vn -0.999997615814209 -2.0682260971124217e-13 -0.002184694167226553 
vn -0.999997615814209 -2.0682260971124217e-13 -0.002184694167226553 
vn -0.999997615814209 -2.0682260971124217e-13 -0.002184694167226553 
vn -0.999997615814209 -2.0682260971124217e-13 0.002184694167226553 
vn 3.097898456858039e-13 -0.999997615814209 0.002184694167226553 
vn 3.097898456858039e-13 -0.999997615814209 0.002184694167226553 
vn 3.097898456858039e-13 -0.999997615814209 0.002184694167226553 
vn 3.097898456858039e-13 -0.999997615814209 0.002184694167226553 
vn 3.097898456858039e-13 -0.999997615814209 0.002184694167226553 
vn 3.097898456858039e-13 -0.999997615814209 0.002184694167226553 
vn 3.097898456858039e-13 -0.999997615814209 0.002184694167226553 
vn 3.097898456858039e-13 -0.999997615814209 0.002184694167226553 
vn 3.097898456858039e-13 -0.999997615814209 0.002184694167226553 
vn 3.097898456858039e-13 -0.999997615814209 0.002184694167226553 
vn 3.097898456858039e-13 -0.999997615814209 0.002184694167226553 
vn 3.097898456858039e-13 -0.999997615814209 0.002184694167226553 
vn 3.097898456858039e-13 -0.999997615814209 0.002184694167226553 
vn 3.097898456858039e-13 -0.999997615814209 0.002184694167226553 
vn 3.097898456858039e-13 -0.999997615814209 0.002184694167226553 
vn 3.097898456858039e-13 -0.999997615814209 0.002184694167226553 
vn 3.097898456858039e-13 -0.999997615814209 0.002184694167226553 
vn 3.097898456858039e-13 -0.999997615814209 0.002184694167226553 
vn 3.097898456858039e-13 -0.999997615814209 0.002184694167226553 
vn -2.0682311115474694e-13 0 -1 
vn -2.0682311115474694e-13 0 -1 
vn -2.0682311115474694e-13 0 -1 
vn -2.0682311115474694e-13 0 -1 
vn 0.2676009237766266 0 -0.9635298252105713 
vn 0.3588438034057617 0 -0.933397650718689 
vn 0.2676009237766266 0 -0.9635298252105713 
vn 0.3588438034057617 0 -0.933397650718689 
vn 0.2676009237766266 0 -0.9635298252105713 
vn 0.5194216370582581 0 -0.8545181155204773 
vn 0.5194216370582581 0 -0.8545181155204773 
vn 0.2676009237766266 0 -0.9635298252105713 
vn 0.2676009237766266 0 -0.9635298252105713 
vn 0.2676009237766266 0 -0.9635298252105713 
vn -0.2676009237766266 -5.5346054345442597e-14 -0.9635298252105713 
vn -0.2676009237766266 -5.5346054345442597e-14 -0.9635298252105713 
vn -0.2676009237766266 -5.5346054345442597e-14 -0.9635298252105713 
vn -0.3588438034057617 -7.421718946874767e-14 -0.933397650718689 
vn -0.2676009237766266 -5.5346054345442597e-14 -0.9635298252105713 
vn -2.0682311115474694e-13 0 -1 
vn -2.0682311115474694e-13 0 -1 
vn -2.0682311115474694e-13 0 -1 
vn -2.0682311115474694e-13 0 -1 
vn -0.2676009237766266 -5.5346054345442597e-14 -0.9635298252105713 
vn -0.3588438034057617 -7.421718946874767e-14 -0.933397650718689 
vn -0.2676009237766266 -5.5346054345442597e-14 -0.9635298252105713 
vn -0.5194216370582581 -1.0719772508896441e-13 -0.8545181155204773 
vn -0.5194216370582581 -1.0719772508896441e-13 -0.8545181155204773 
vn -1.0341130485562108e-13 0.999997615814209 0.002184694167226553 
vn -1.0341130485562108e-13 0.999997615814209 0.002184694167226553 
vn -1.0341130485562108e-13 0.999997615814209 0.002184694167226553 
vn -1.0341130485562108e-13 0.999997615814209 0.002184694167226553 
vn -1.0341130485562108e-13 0.999997615814209 0.002184694167226553 
vn -1.0341130485562108e-13 0.999997615814209 0.002184694167226553 
vn -1.0341130485562108e-13 0.999997615814209 0.002184694167226553 
vn -1.0341130485562108e-13 0.999997615814209 0.002184694167226553 
vn -1.0341130485562108e-13 0.999997615814209 0.002184694167226553 
vn -1.0341130485562108e-13 0.999997615814209 0.002184694167226553 
vn -1.0341130485562108e-13 0.999997615814209 0.002184694167226553 
vn -1.0341130485562108e-13 0.999997615814209 0.002184694167226553 
vn -1.0341130485562108e-13 0.999997615814209 0.002184694167226553 
vn -1.0341130485562108e-13 0.999997615814209 0.002184694167226553 
vn 0.003704126225784421 -0.08719801157712936 0.9961841106414795 
vn 0.003704126225784421 -0.08719801157712936 0.9961841106414795 
vn 0.003704126225784421 -0.08719801157712936 0.9961841106414795 
vn 0.003704126225784421 -0.08719801157712936 0.9961841106414795 
vn -1.0341130485562108e-13 0.999997615814209 0.002184694167226553 
vn -1.0341130485562108e-13 0.999997615814209 0.002184694167226553 
vn -1.0341130485562108e-13 0.999997615814209 0.002184694167226553 
vn -1.0341130485562108e-13 0.999997615814209 0.002184694167226553 
vn -1.0341130485562108e-13 0.999997615814209 0.002184694167226553 
vn -1.0341130485562108e-13 0.999997615814209 0.002184694167226553 
vn -1.0341130485562108e-13 0.999997615814209 0.002184694167226553 
vn -1.0341130485562108e-13 0.999997615814209 0.002184694167226553 
vn -1.0341130485562108e-13 0.999997615814209 0.002184694167226553 
vn 0.999997615814209 0 0.002184694167226553 
vn 0.999997615814209 0 0.002184694167226553 
vn 0.999997615814209 0 0.002184694167226553 
vn -0.999997615814209 -2.0682260971124217e-13 0.002184694167226553 
vn -0.999997615814209 -2.0682260971124217e-13 0.002184694167226553 
vn -0.999997615814209 -2.0682260971124217e-13 0.002184694167226553 
vn 0.003704126225784421 -0.08719801157712936 0.9961841106414795 
vn 0.003704126225784421 -0.08719801157712936 0.9961841106414795 
vn 0.003704126225784421 -0.08719801157712936 0.9961841106414795 
vn 0.003704126225784421 -0.08719801157712936 0.9961841106414795 
vn 0.999997615814209 0 0.002184694167226553 
vn 0.999997615814209 0 0.002184694167226553 
vn 0.999997615814209 0 0.002184694167226553 
vn 0.999997615814209 0 0.002184694167226553 
vn 0.999997615814209 0 0.002184694167226553 
vn 0.999997615814209 0 -0.002184694167226553 
vn 0.999997615814209 0 0.002184694167226553 
vn 0.999997615814209 0 -0.002184694167226553 
vn 0.999997615814209 0 0.002184694167226553 
vn 0.999997615814209 0 0.002184694167226553 
vn 3.097898456858039e-13 -0.999997615814209 0.002184694167226553 
vn 3.097898456858039e-13 -0.999997615814209 0.002184694167226553 
vn 3.097898456858039e-13 -0.999997615814209 0.002184694167226553 
vn 3.097898456858039e-13 -0.999997615814209 0.002184694167226553 
vn 0.999997615814209 0 0.002184694167226553 
vn 0.999997615814209 0 0.002184694167226553 
vn 0.999997615814209 0 0.002184694167226553 
vn 0.999997615814209 0 0.002184694167226553 
vn -0.999997615814209 -2.0682260971124217e-13 0.002184694167226553 
vn -0.999997615814209 -2.0682260971124217e-13 0.002184694167226553 
vn -0.999997615814209 -2.0682260971124217e-13 0.002184694167226553 
vn -0.999997615814209 -2.0682260971124217e-13 0.002184694167226553 
vn -2.0682311115474694e-13 0 -1 
vn -2.0682311115474694e-13 0 -1 
vn -2.0682311115474694e-13 0 -1 
vn -2.0682311115474694e-13 0 -1 
vn -0.999997615814209 -2.0682260971124217e-13 0.002184694167226553 
vn -0.999997615814209 -2.0682260971124217e-13 -0.002184694167226553 
vn -0.999997615814209 -2.0682260971124217e-13 -0.002184694167226553 
vn -0.999997615814209 -2.0682260971124217e-13 -0.002184694167226553 
vn -0.999997615814209 -2.0682260971124217e-13 0.002184694167226553 
vn -0.999997615814209 -2.0682260971124217e-13 0.002184694167226553 
vn -0.999997615814209 -2.0682260971124217e-13 0.002184694167226553 
vn 3.097898456858039e-13 -0.999997615814209 0.002184694167226553 
vn 3.097898456858039e-13 -0.999997615814209 0.002184694167226553 
vn 3.097898456858039e-13 -0.999997615814209 0.002184694167226553 
vn 3.097898456858039e-13 -0.999997615814209 0.002184694167226553 
vn -2.0682311115474694e-13 0 -1 
vn -2.0682311115474694e-13 0 -1 
vn -2.0682311115474694e-13 0 -1 
vn -2.0682311115474694e-13 0 -1 
vn -0.999997615814209 -2.0682260971124217e-13 0.002184694167226553 
vn -0.999997615814209 -2.0682260971124217e-13 0.002184694167226553 
vn -0.999997615814209 -2.0682260971124217e-13 0.002184694167226553 
vn -0.999997615814209 -2.0682260971124217e-13 0.002184694167226553 
vn -0.999997615814209 -2.0682260971124217e-13 0.002184694167226553 
vn -0.999997615814209 -2.0682260971124217e-13 0.002184694167226553 
vn -0.999997615814209 -2.0682260971124217e-13 0.002184694167226553 
vn -0.999997615814209 -2.0682260971124217e-13 0.002184694167226553 
vn -0.999997615814209 -2.0682260971124217e-13 0.002184694167226553 
vn -0.999997615814209 -2.0682260971124217e-13 0.002184694167226553 
vn -2.0682311115474694e-13 0 -1 
vn -2.0682311115474694e-13 0 -1 
vn -2.0682311115474694e-13 0 -1 
vn -2.0682311115474694e-13 0 -1 
vn 3.097898456858039e-13 -0.999997615814209 0.002184694167226553 
vn 3.097898456858039e-13 -0.999997615814209 0.002184694167226553 
vn 3.097898456858039e-13 -0.999997615814209 0.002184694167226553 
vn 3.097898456858039e-13 -0.999997615814209 0.002184694167226553 
vn -1.0341130485562108e-13 0.999997615814209 0.002184694167226553 
vn -1.0341130485562108e-13 0.999997615814209 0.002184694167226553 
vn 0.0037766085006296635 0.9641047716140747 -0.26549527049064636 
vn 0.0037766085006296635 0.9641047716140747 -0.26549527049064636 
vn 0.003777894424274564 0.49303221702575684 -0.8700028657913208 
vn 0.003777894424274564 0.49303221702575684 -0.8700028657913208 
vn -2.0682311115474694e-13 0 -1 
vn -2.0682311115474694e-13 0 -1 
vn 0.999997615814209 0 0.002184694167226553 
vn 0.999997615814209 0 0.002184694167226553 
vn 0.999997615814209 0 0.002184694167226553 
vn 0.999997615814209 0 0.002184694167226553 
vn 0.999997615814209 0 0.002184694167226553 
vn 0.999997615814209 0 0.002184694167226553 
vn 0.999997615814209 0 0.002184694167226553 
vn -1.0341130485562108e-13 0.999997615814209 0.002184694167226553 
vn 0.0037766085006296635 0.9641047716140747 -0.26549527049064636 
vn -1.0341130485562108e-13 0.999997615814209 0.002184694167226553 
vn 0.0037766085006296635 0.9641047716140747 -0.26549527049064636 
vn 0.003777894424274564 0.49303221702575684 -0.8700028657913208 
vn 0.003777894424274564 0.49303221702575684 -0.8700028657913208 
vn -2.0682311115474694e-13 0 -1 
vn -2.0682311115474694e-13 0 -1 
vn 3.097898456858039e-13 -0.999997615814209 0.002184694167226553 
vn 3.097898456858039e-13 -0.999997615814209 0.002184694167226553 
vn 3.097898456858039e-13 -0.999997615814209 0.002184694167226553 
vn 3.097898456858039e-13 -0.999997615814209 0.002184694167226553 
vn -2.0682311115474694e-13 0 -1 
vn -2.0682311115474694e-13 0 -1 
vn -2.0682311115474694e-13 0 -1 
vn -2.0682311115474694e-13 0 -1 
vn 0 0 1 
vn 1.0227170672838515e-13 -0.33013176918029785 0.9439348578453064 
vn -0.5006305575370789 -1.0354196476993274e-13 0.865661084651947 
vn -0.472741037607193 -0.3322940170764923 0.8161473870277405 
vn -0.8667527437210083 -1.7926449441627718e-13 0.4987381398677826 
vn -0.8169956207275391 -0.33126333355903625 0.4719987213611603 
vn -0.999997615814209 -2.0682260971124217e-13 -0.002184694167226553 
vn -0.9428071975708008 -0.333331435918808 -0.002184694167226553 
vn -0.8667445182800293 0.0037766648456454277 -0.4987381398677826 
vn -0.815392255783081 -0.33519041538238525 -0.4719987213611603 
vn -0.5006305575370789 -1.0354196476993274e-13 -0.865661084651947 
vn -0.47189122438430786 -0.3334997594356537 -0.8161473870277405 
vn -2.0682311115474694e-13 0 -1 
vn 0.003785097738727927 -0.3301100730895996 -0.9439348578453064 
vn 0.5006305575370789 0 -0.865661084651947 
vn 0.47189122438430786 -0.3334997594356537 -0.8161473870277405 
vn 0.8667527437210083 0 -0.4987381398677826 
vn 0.8168213963508606 -0.331692636013031 -0.4719987213611603 
vn 0.999997615814209 0 0.002184694167226553 
vn 0.9428071975708008 -0.333331435918808 -0.002184694167226553 
vn 0.8667527437210083 0 0.4987381398677826 
vn 0.8169956207275391 -0.33126333355903625 0.4719987213611603 
vn 0.5006305575370789 0 0.865661084651947 
vn 0.472741037607193 -0.3322940170764923 0.8161473870277405 
vn 0 0 1 
vn 1.0227170672838515e-13 -0.33013176918029785 0.9439348578453064 
vn 0.46677905321121216 -0.3698364198207855 0.8033295273780823 
vn 0.0037601967342197895 -0.37102872133255005 0.9286137819290161 
vn 0.5006305575370789 0 0.865661084651947 
vn 0 0 1 
vn 0.0037601967342197895 -0.37102872133255005 0.9286137819290161 
vn 0.8667527437210083 0 0.4987381398677826 
vn 0.8035027980804443 -0.3725994825363159 0.4642767012119293 
vn 0.9295517206192017 -0.3686853349208832 -0.002184694167226553 
vn 0.803283154964447 -0.3730728030204773 -0.4642767012119293 
vn 0.46577611565589905 -0.37109875679016113 -0.8033295273780823 
vn 1.1494710077438602e-13 -0.3710477650165558 -0.9286137819290161 
vn -0.46341150999069214 -0.3740473687648773 -0.8033295273780823 
vn -0.8048661351203918 -0.36964529752731323 -0.4642767012119293 
vn -0.9295517206192017 -0.3686853349208832 0.002184694167226553 
vn -0.8035027980804443 -0.3725994825363159 0.4642767012119293 
vn -0.4644319713115692 -0.37277957797050476 0.8033295273780823 
vn 0 0 1 
vn -0.5006305575370789 -1.0354196476993274e-13 0.865661084651947 
vn -0.8667527437210083 -1.7926449441627718e-13 0.4987381398677826 
vn -0.999997615814209 -2.0682260971124217e-13 -0.002184694167226553 
vn -0.8667445182800293 0.0037766648456454277 -0.4987381398677826 
vn -0.5006305575370789 -1.0354196476993274e-13 -0.865661084651947 
vn 2.0682311115474694e-13 4.2775797696334704e-26 -1 
vn 0.5006305575370789 0 -0.865661084651947 
vn 0.8667527437210083 0 -0.4987381398677826 
vn 0.999997615814209 0 -0.002184694167226553 
vn 3.097898456858039e-13 -0.999997615814209 0.002184694167226553 
vn 3.097898456858039e-13 -0.999997615814209 0.002184694167226553 
vn 3.097898456858039e-13 -0.999997615814209 0.002184694167226553 
vn 3.097898456858039e-13 -0.999997615814209 0.002184694167226553 
vn 3.097898456858039e-13 -0.999997615814209 0.002184694167226553 
vn 3.097898456858039e-13 -0.999997615814209 0.002184694167226553 
vn 3.097898456858039e-13 -0.999997615814209 0.002184694167226553 
vn 3.097898456858039e-13 -0.999997615814209 0.002184694167226553 
vn 3.097898456858039e-13 -0.999997615814209 0.002184694167226553 
vn 3.097898456858039e-13 -0.999997615814209 0.002184694167226553 
vn 3.097898456858039e-13 -0.999997615814209 0.002184694167226553 
vn 3.097898456858039e-13 -0.999997615814209 0.002184694167226553 
vn 0.999997615814209 0 0.002184694167226553 
vn 0.999997615814209 0 0.002184694167226553 
vn 0.999997615814209 0 0.002184694167226553 
vn 3.097898456858039e-13 -0.999997615814209 -0.002184694167226553 
vn 3.097898456858039e-13 -0.999997615814209 -0.002184694167226553 
vn 3.097898456858039e-13 -0.999997615814209 -0.002184694167226553 
vn 3.097898456858039e-13 -0.999997615814209 -0.002184694167226553 
vn 3.097898456858039e-13 -0.999997615814209 -0.002184694167226553 
vn 3.097898456858039e-13 -0.999997615814209 -0.002184694167226553 
vn -2.0682311115474694e-13 0 -1 
vn -2.0682311115474694e-13 0 -1 
vn -2.0682311115474694e-13 0 -1 
vn -2.0682311115474694e-13 0 -1 
vn -2.0682311115474694e-13 0 -1 
vn -2.0682311115474694e-13 0 -1 
vn -1.0341130485562108e-13 0.999997615814209 0.002184694167226553 
vn -1.0341130485562108e-13 0.999997615814209 0.002184694167226553 
vn -1.0341130485562108e-13 0.999997615814209 0.002184694167226553 
vn -1.0341130485562108e-13 0.999997615814209 0.002184694167226553 
vn -1.0341130485562108e-13 0.999997615814209 0.002184694167226553 
vn -1.0341130485562108e-13 0.999997615814209 0.002184694167226553 
vn -0.999997615814209 -2.0682260971124217e-13 0.002184694167226553 
vn -0.999997615814209 -2.0682260971124217e-13 0.002184694167226553 
vn -0.999997615814209 -2.0682260971124217e-13 0.002184694167226553 
vn 0 0 1 
vn 0 0 1 
vn -0.5884799361228943 0.0037653555627912283 0.8085030317306519 
vn -0.5884799361228943 0.0037653555627912283 0.8085030317306519 
vn -0.95159512758255 -1.9681185934455891e-13 0.30735430121421814 
vn -0.95159512758255 -1.9681185934455891e-13 0.30735430121421814 
vn -0.95159512758255 -1.9681185934455891e-13 -0.30735430121421814 
vn -0.95159512758255 -1.9681185934455891e-13 -0.30735430121421814 
vn -0.5884798765182495 0.0037807554472237825 -0.8085030317306519 
vn -0.5884798765182495 0.0037807554472237825 -0.8085030317306519 
vn -2.0682311115474694e-13 0 -1 
vn 2.0682311115474694e-13 4.2775797696334704e-26 -1 
vn 0.5884920358657837 0 -0.8085030317306519 
vn 0.5884920358657837 0 -0.8085030317306519 
vn 0.95159512758255 0 -0.30735430121421814 
vn 0.95159512758255 0 -0.30735430121421814 
vn 0.95159512758255 0 0.30735430121421814 
vn 0.95159512758255 0 0.30735430121421814 
vn 0.5884920358657837 0 0.8085030317306519 
vn 0.5884920358657837 0 0.8085030317306519 
vn 0 0 1 
vn 0 0 1 
vn 3.097898456858039e-13 -0.999997615814209 0.002184694167226553 
vn 3.097898456858039e-13 -0.999997615814209 0.002184694167226553 
vn 3.097898456858039e-13 -0.999997615814209 0.002184694167226553 
vn 3.097898456858039e-13 -0.999997615814209 0.002184694167226553 
vn 3.097898456858039e-13 -0.999997615814209 0.002184694167226553 
vn 3.097898456858039e-13 -0.999997615814209 0.002184694167226553 
vn 3.097898456858039e-13 -0.999997615814209 0.002184694167226553 
vn 3.097898456858039e-13 -0.999997615814209 0.002184694167226553 
vn 3.097898456858039e-13 -0.999997615814209 0.002184694167226553 
vn 3.097898456858039e-13 -0.999997615814209 0.002184694167226553 
vn 3.097898456858039e-13 -0.999997615814209 0.002184694167226553 
vn 3.097898456858039e-13 -0.999997615814209 0.002184694167226553 
vn 3.097898456858039e-13 -0.999997615814209 0.002184694167226553 
vn 3.097898456858039e-13 -0.999997615814209 0.002184694167226553 
vn 3.097898456858039e-13 -0.999997615814209 0.002184694167226553 
vn 3.097898456858039e-13 -0.999997615814209 0.002184694167226553 
vn 3.097898456858039e-13 -0.999997615814209 0.002184694167226553 
vn 3.097898456858039e-13 -0.999997615814209 0.002184694167226553 
vn 3.097898456858039e-13 -0.999997615814209 0.002184694167226553 
vn 3.097898456858039e-13 -0.999997615814209 0.002184694167226553 
vn 3.097898456858039e-13 -0.999997615814209 0.002184694167226553 
vn 0 0 1 
vn 0 0 1 
vn 0.5884920358657837 0 0.8085030317306519 
vn 0.5884920358657837 0 0.8085030317306519 
vn 0.95159512758255 0 0.30735430121421814 
vn 0.95159512758255 0 0.30735430121421814 
vn 0.95159512758255 0 -0.30735430121421814 
vn 0.95159512758255 0 -0.30735430121421814 
vn 0.5884920358657837 0 -0.8085030317306519 
vn 0.5884920358657837 0 -0.8085030317306519 
vn 2.0682311115474694e-13 4.2775797696334704e-26 -1 
vn 2.0682311115474694e-13 4.2775797696334704e-26 -1 
vn -0.5884798765182495 0.0037807554472237825 -0.8085030317306519 
vn -0.5884798765182495 0.0037807554472237825 -0.8085030317306519 
vn -0.95159512758255 -1.9681185934455891e-13 -0.30735430121421814 
vn -0.95159512758255 -1.9681185934455891e-13 -0.30735430121421814 
vn -0.95159512758255 -1.9681185934455891e-13 0.30735430121421814 
vn -0.95159512758255 -1.9681185934455891e-13 0.30735430121421814 
vn -0.5884799361228943 0.0037653555627912283 0.8085030317306519 
vn -0.5884799361228943 0.0037653555627912283 0.8085030317306519 
vn 0 0 1 
vn 0 0 1 
vn 3.097898456858039e-13 -0.999997615814209 0.002184694167226553 
vn 3.097898456858039e-13 -0.999997615814209 0.002184694167226553 
vn 3.097898456858039e-13 -0.999997615814209 0.002184694167226553 
vn 3.097898456858039e-13 -0.999997615814209 0.002184694167226553 
vn 3.097898456858039e-13 -0.999997615814209 0.002184694167226553 
vn 3.097898456858039e-13 -0.999997615814209 0.002184694167226553 
vn 3.097898456858039e-13 -0.999997615814209 0.002184694167226553 
vn 3.097898456858039e-13 -0.999997615814209 0.002184694167226553 
vn 3.097898456858039e-13 -0.999997615814209 0.002184694167226553 
vn 3.097898456858039e-13 -0.999997615814209 0.002184694167226553 
vn 0 0 1 
vn 0 0 1 
vn -4.6605331627345287e-14 0.4506781995296478 0.8926864862442017 
vn -0.0018804754363372922 0.3052688241004944 0.9522643685340881 
vn 0.0037633744068443775 0.5342631936073303 0.8453097939491272 
vn -4.6605331627345287e-14 0.4506781995296478 0.8926864862442017 
vn 0.0037633744068443775 -0.5342631936073303 0.8453097939491272 
vn 1.400161318268131e-13 -0.4506781995296478 0.8926864862442017 
vn 1.400161318268131e-13 -0.4506781995296478 0.8926864862442017 
vn -0.0018804754363372922 -0.3052688241004944 0.9522643685340881 
vn -0.0018804754363372922 0.3052688241004944 0.9522643685340881 
vn -4.6605331627345287e-14 0.4506781995296478 0.8926864862442017 
vn 0.0037633744068443775 0.5342631936073303 0.8453097939491272 
vn -4.6605331627345287e-14 0.4506781995296478 0.8926864862442017 
vn 0.0037633744068443775 -0.5342631936073303 0.8453097939491272 
vn 1.400161318268131e-13 -0.4506781995296478 0.8926864862442017 
vn 1.400161318268131e-13 -0.4506781995296478 0.8926864862442017 
vn -0.0018804754363372922 -0.3052688241004944 0.9522643685340881 
vn 0 0 1 
vn 0 0 1 
vn 0.999997615814209 0 0.002184694167226553 
vn 0.999997615814209 0 0.002184694167226553 
vn 0.878334105014801 -0.47804227471351624 0.002184694167226553 
vn 0.935014009475708 -0.354604035615921 0.002184694167226553 
vn 0.8272483348846436 -0.5618321895599365 0.002184694167226553 
vn 0.878334105014801 -0.47804227471351624 0.002184694167226553 
vn 0.8272483348846436 0.5618321895599365 0.002184694167226553 
vn 0.878334105014801 0.47804227471351624 0.002184694167226553 
vn 0.878334105014801 0.47804227471351624 0.002184694167226553 
vn 0.935014009475708 0.354604035615921 0.002184694167226553 
vn 0.935014009475708 -0.354604035615921 0.002184694167226553 
vn 0.878334105014801 -0.47804227471351624 0.002184694167226553 
vn 0.8272483348846436 -0.5618321895599365 0.002184694167226553 
vn 0.878334105014801 -0.47804227471351624 0.002184694167226553 
vn 0.8272483348846436 0.5618321895599365 0.002184694167226553 
vn 0.878334105014801 0.47804227471351624 0.002184694167226553 
vn 0.878334105014801 0.47804227471351624 0.002184694167226553 
vn 0.935014009475708 0.354604035615921 0.002184694167226553 
vn 0.999997615814209 0 0.002184694167226553 
vn 0.999997615814209 0 0.002184694167226553 
vn -0.999997615814209 -2.0682260971124217e-13 0.002184694167226553 
vn -0.878334105014801 0.47804227471351624 0.002184694167226553 
vn -0.999997615814209 -2.0682260971124217e-13 0.002184694167226553 
vn -0.935014009475708 0.354604035615921 0.002184694167226553 
vn -0.8272483348846436 0.5618321895599365 0.002184694167226553 
vn -0.878334105014801 0.47804227471351624 0.002184694167226553 
vn -0.878334105014801 -0.47804227471351624 0.002184694167226553 
vn -0.8272483348846436 -0.5618321895599365 0.002184694167226553 
vn -0.878334105014801 -0.47804227471351624 0.002184694167226553 
vn -0.935014009475708 -0.354604035615921 0.002184694167226553 
vn -0.878334105014801 0.47804227471351624 0.002184694167226553 
vn -0.935014009475708 0.354604035615921 0.002184694167226553 
vn -0.8272483348846436 0.5618321895599365 0.002184694167226553 
vn -0.878334105014801 0.47804227471351624 0.002184694167226553 
vn -0.878334105014801 -0.47804227471351624 0.002184694167226553 
vn -0.8272483348846436 -0.5618321895599365 0.002184694167226553 
vn -0.878334105014801 -0.47804227471351624 0.002184694167226553 
vn -0.935014009475708 -0.354604035615921 0.002184694167226553 
vn -0.999997615814209 -2.0682260971124217e-13 0.002184694167226553 
vn -0.999997615814209 -2.0682260971124217e-13 0.002184694167226553 
vn 3.097898456858039e-13 -0.999997615814209 0.002184694167226553 
vn 3.097898456858039e-13 -0.999997615814209 0.002184694167226553 
vn 3.097898456858039e-13 -0.999997615814209 0.002184694167226553 
vn 3.097898456858039e-13 -0.999997615814209 0.002184694167226553 
vn -1.0341130485562108e-13 0.999997615814209 0.002184694167226553 
vn -1.0341130485562108e-13 0.999997615814209 0.002184694167226553 
vn -1.0341130485562108e-13 0.999997615814209 0.002184694167226553 
vn -1.0341130485562108e-13 0.999997615814209 0.002184694167226553 
vn 3.097898456858039e-13 -0.999997615814209 0.002184694167226553 
vn 3.097898456858039e-13 -0.999997615814209 0.002184694167226553 
vn 3.097898456858039e-13 -0.999997615814209 0.002184694167226553 
vn 3.097898456858039e-13 -0.999997615814209 0.002184694167226553 
vn -0.999997615814209 -2.0682260971124217e-13 0.002184694167226553 
vn -0.999997615814209 -2.0682260971124217e-13 0.002184694167226553 
vn -0.999997615814209 -2.0682260971124217e-13 0.002184694167226553 
vn -0.999997615814209 -2.0682260971124217e-13 0.002184694167226553 
vn -0.999997615814209 -2.0682260971124217e-13 0.002184694167226553 
vn -0.999997615814209 -2.0682260971124217e-13 0.002184694167226553 
vn -0.999997615814209 -2.0682260971124217e-13 0.002184694167226553 
vn -0.999997615814209 -2.0682260971124217e-13 0.002184694167226553 
vn -0.999997615814209 -2.0682260971124217e-13 0.002184694167226553 
vn -0.999997615814209 -2.0682260971124217e-13 0.002184694167226553 
vn -0.999997615814209 -2.0682260971124217e-13 0.002184694167226553 
vn -0.999997615814209 -2.0682260971124217e-13 0.002184694167226553 
vn -0.999997615814209 -2.0682260971124217e-13 0.002184694167226553 
vn -0.999997615814209 -2.0682260971124217e-13 0.002184694167226553 
vn -0.999997615814209 -2.0682260971124217e-13 0.002184694167226553 
vn -0.999997615814209 -2.0682260971124217e-13 0.002184694167226553 
vn -0.999997615814209 -2.0682260971124217e-13 0.002184694167226553 
vn -0.999997615814209 -2.0682260971124217e-13 0.002184694167226553 
vn -0.999997615814209 -2.0682260971124217e-13 0.002184694167226553 
vn -0.999997615814209 -2.0682260971124217e-13 0.002184694167226553 
vn -1.0341130485562108e-13 0.999997615814209 0.002184694167226553 
vn -1.0341130485562108e-13 0.999997615814209 0.002184694167226553 
vn -1.0341130485562108e-13 0.999997615814209 0.002184694167226553 
vn -1.0341130485562108e-13 0.999997615814209 0.002184694167226553 
vn -2.0682311115474694e-13 0 -1 
vn -2.0682311115474694e-13 0 -1 
vn 0.0018901526927947998 0.45845797657966614 -0.888714075088501 
vn -3.2428259974211573e-14 0.31358450651168823 -0.949560284614563 
vn 0.0037813500966876745 0.5416297316551208 -0.8406086564064026 
vn 0.0018901526927947998 0.45845797657966614 -0.888714075088501 
vn 0.0037813500966876745 -0.5416297316551208 -0.8406086564064026 
vn 0.0018901526927947998 -0.45845797657966614 -0.888714075088501 
vn 0.0018901526927947998 -0.45845797657966614 -0.888714075088501 
vn 9.714552431797432e-14 -0.31358450651168823 -0.949560284614563 
vn -3.2428259974211573e-14 0.31358450651168823 -0.949560284614563 
vn 0.0018901526927947998 0.45845797657966614 -0.888714075088501 
vn 0.0037813500966876745 0.5416297316551208 -0.8406086564064026 
vn 0.0018901526927947998 0.45845797657966614 -0.888714075088501 
vn 0.0037813500966876745 -0.5416297316551208 -0.8406086564064026 
vn 0.0018901526927947998 -0.45845797657966614 -0.888714075088501 
vn 0.0018901526927947998 -0.45845797657966614 -0.888714075088501 
vn 9.714552431797432e-14 -0.31358450651168823 -0.949560284614563 
vn -2.0682311115474694e-13 0 -1 
vn -2.0682311115474694e-13 0 -1 
vn 0 0 1 
vn 0 0 1 
vn 0 0 1 
vn 0 0 1 
vn 0 0 1 
vn 0 0 1 
vn 0 0 1 
vn 0 0 1 
vn 0 0 1 
vn 0 0 1 
vn 0 0 1 
vn 0 0 1 
vn 0 0 1 
vn 0 0 1 
vn 0 0 1 
vn 0 0 1 
vn 0 0 1 
vn 0 0 1 
vn 0 0 1 
vn 0 0 1 
vn 0.18013016879558563 0.9636113047599792 0.1975002884864807 
vn 0.9912378191947937 -0.12796127796173096 0.03276457265019417 
vn 0.17253269255161285 0.930213212966919 0.3239381015300751 
vn 0.9891543984413147 -0.12800343334674835 0.07203252613544464 
vn 0.12949791550636292 0.801954448223114 0.5831804275512695 
vn 0.9766497611999512 -0.15774120390415192 0.1458524912595749 
vn 0.04896553233265877 0.6005391478538513 0.7980946898460388 
vn 0.9515348672866821 -0.22436897456645966 0.2103329300880432 
vn -0.04311785474419594 0.37668871879577637 0.9253358840942383 
vn 0.9182968139648438 -0.3114705979824066 0.24437066912651062 
vn -0.13749971985816956 0.17842429876327515 0.9742990136146545 
vn 0.8858994841575623 -0.38891705870628357 0.25283506512641907 
vn -0.2112780511379242 0.022457590326666832 0.9771679639816284 
vn 0.8553498387336731 -0.4567927420139313 0.24437066912651062 
vn 0.8221699595451355 -0.5218542814254761 0.22738653421401978 
vn -0.2733961045742035 -0.09239163994789124 0.9574540853500366 
vn 0.7901509404182434 -0.5787448883056641 0.2017817199230194 
vn -0.3270214796066284 -0.18373414874076843 0.926983654499054 
vn 0.7465394139289856 -0.6439303755760193 0.16742929816246033 
vn -0.3695221245288849 -0.2647475302219391 0.8907088041305542 
vn 0.6882253885269165 -0.7162391543388367 0.11553031951189041 
vn -0.41465485095977783 -0.33101996779441833 0.8476362228393555 
vn 0.6162936091423035 -0.7866406440734863 0.03713129088282585 
vn -0.46903786063194275 -0.38919588923454285 0.7927988767623901 
vn 0.5073940753936768 -0.8586981892585754 -0.07203252613544464 
vn -0.5284279584884644 -0.44723066687583923 0.7216291427612305 
vn 0.35607409477233887 -0.9052924513816833 -0.23163928091526031 
vn -0.6086626052856445 -0.48883935809135437 0.6249527335166931 
vn 0.17631235718727112 -0.883962869644165 -0.43303996324539185 
vn -0.7028984427452087 -0.49575817584991455 0.5100564956665039 
vn 0.0018878066912293434 -0.7751691937446594 -0.6317508816719055 
vn -0.7988510131835938 -0.44451239705085754 0.405272513628006 
vn -0.1368701457977295 -0.6045220494270325 -0.7847417593002319 
vn -0.870064377784729 -0.3603924512863159 0.3363112509250641 
vn -0.22535523772239685 -0.42562198638916016 -0.8763908743858337 
vn -0.9086803197860718 -0.2825479805469513 0.30735430121421814 
vn -0.2719327211380005 -0.2812921106815338 -0.9202865362167358 
vn -0.9306161403656006 -0.2168278992176056 0.2948545813560486 
vn -0.29644110798835754 -0.16314256191253662 -0.9410139322280884 
vn -0.9411704540252686 -0.1651027649641037 0.2948545813560486 
vn -0.31386053562164307 -0.07135915011167526 -0.946783721446991 
vn -0.9459134340286255 -0.13530908524990082 0.2948545813560486 
vn -0.31629177927970886 -0.03020220436155796 -0.9481810927391052 
vn -0.9466061592102051 -0.12049752473831177 0.2990269064903259 
vn -0.1654137223958969 -0.9671123027801514 -0.19321508705615997 
vn 0.9344931840896606 0.127946138381958 -0.33219319581985474 
vn 0.9354873299598694 0.12046238780021667 -0.33219319581985474 
vn 0.3020864427089691 0.0670243501663208 0.9509214162826538 
vn 0.3079768121242523 0.029979491606354713 0.9509214162826538 
vn -0.9466061592102051 -0.12049752473831177 0.2990269064903259 
vn -0.9459134340286255 -0.13530908524990082 0.2948545813560486 
vn 0.2850993871688843 0.15810465812683105 0.9453682899475098 
vn -0.9411704540252686 -0.1651027649641037 0.2948545813560486 
vn 0.9269194602966309 0.15790048241615295 -0.34042292833328247 
vn 0.9151766300201416 0.19504185020923615 -0.3527185618877411 
vn 0.25013667345046997 0.2740585505962372 0.9286137819290161 
vn -0.9306161403656006 -0.2168278992176056 0.2948545813560486 
vn 0.194795161485672 0.4150206446647644 0.888714075088501 
vn -0.9086803197860718 -0.2825479805469513 0.30735430121421814 
vn 0.8911026120185852 0.2462645322084427 -0.3811691105365753 
vn 0.8506363034248352 0.30379819869995117 -0.42909738421440125 
vn 0.10115472972393036 0.5833131670951843 0.8059239983558655 
vn -0.870064377784729 -0.3603924512863159 0.3363112509250641 
vn -0.041471946984529495 0.7456843852996826 0.6650074124336243 
vn -0.7988510131835938 -0.44451239705085754 0.405272513628006 
vn 0.7944142818450928 0.3520428538322449 -0.4949462115764618 
vn 0.7213339805603027 0.3844905197620392 -0.5760593414306641 
vn 0.644753098487854 0.3882390856742859 -0.6584556698799133 
vn 0.5687421560287476 0.3777504861354828 -0.7306414246559143 
vn 0.5047913193702698 0.34154897928237915 -0.7927988767623901 
vn 0.4510722756385803 0.29315516352653503 -0.8429672718048096 
vn 0.40039873123168945 0.23117031157016754 -0.8867024183273315 
vn 0.3488733172416687 0.16800853610038757 -0.9219872951507568 
vn 0.2959820330142975 0.07474783062934875 -0.9522643685340881 
vn 0.23502041399478912 -0.037605926394462585 -0.9712626934051514 
vn 0.16625861823558807 -0.18766717612743378 -0.9680594801902771 
vn -0.8698669672012329 0.46080583333969116 -0.1760382205247879 
vn -0.8399653434753418 0.513292133808136 -0.1760382205247879 
vn -0.8040395975112915 0.5729750990867615 -0.15880759060382843 
vn -0.760498046875 0.6364904046058655 -0.12854042649269104 
vn -0.7090321779251099 0.7010263800621033 -0.0763898640871048 
vn -0.6343917846679688 0.7730085849761963 -0.002184694167226553 
vn -0.5313562750816345 0.8398199081420898 0.1111890971660614 
vn -0.39359182119369507 0.8775298595428467 0.27391019463539124 
vn -0.22026799619197845 0.8536388278007507 0.4719987213611603 
vn -0.7028984427452087 -0.49575817584991455 0.5100564956665039 
vn -0.6086626052856445 -0.48883935809135437 0.6249527335166931 
vn -0.5284279584884644 -0.44723066687583923 0.7216291427612305 
vn -0.46903786063194275 -0.38919588923454285 0.7927988767623901 
vn -0.41465485095977783 -0.33101996779441833 0.8476362228393555 
vn -0.3695221245288849 -0.2647475302219391 0.8907088041305542 
vn -0.3270214796066284 -0.18373414874076843 0.926983654499054 
vn -0.2733961045742035 -0.09239163994789124 0.9574540853500366 
vn -0.2112780511379242 0.022457590326666832 0.9771679639816284 
vn -0.8996227979660034 0.40329426527023315 -0.16742929816246033 
vn 0.0770234763622284 -0.38358837366104126 -0.9202865362167358 
vn -0.013222862966358662 -0.6023869514465332 -0.7980946898460388 
vn -0.13749971985816956 0.17842429876327515 0.9742990136146545 
vn -0.9276083111763 0.3474457263946533 -0.1372016966342926 
vn -0.9473932385444641 0.30465057492256165 -0.0981530249118805 
vn -0.0979170873761177 -0.8064197897911072 -0.5831804275512695 
vn -0.1466575413942337 -0.9332001209259033 -0.3280687630176544 
vn -0.9688270092010498 0.24657002091407776 -0.024029340595006943 
vn -0.9726633429527283 0.23196260631084442 -0.010923261754214764 
vn 0.17253269255161285 0.930213212966919 0.3239381015300751 
vn 0.18013016879558563 0.9636113047599792 0.1975002884864807 
vn -0.04311785474419594 0.37668871879577637 0.9253358840942383 
vn 0.04896553233265877 0.6005391478538513 0.7980946898460388 
vn -0.9604862332344055 0.27201247215270996 -0.058952588587999344 
vn 0.12949791550636292 0.801954448223114 0.5831804275512695 
vn 0.18558438122272491 0.9559569954872131 0.22738653421401978 
vn 0.9923213720321655 -0.11302907019853592 0.05022686347365379 
vn 0.16878677904605865 0.9089670777320862 0.3811691105365753 
vn 0.9864674210548401 -0.12796750664710999 0.10250037163496017 
vn 0.0995723232626915 0.7430937886238098 0.661737859249115 
vn 0.9621957540512085 -0.1875445544719696 0.1975002884864807 
vn 0.00564388744533062 0.5305478572845459 0.8476362228393555 
vn 0.9295657873153687 -0.26829445362091064 0.25283506512641907 
vn -0.09287140518426895 0.3296436369419098 0.9395264387130737 
vn 0.8930961489677429 -0.3536017835140228 0.2781098484992981 
vn -0.17295964062213898 0.17561766505241394 0.9691457152366638 
vn 0.8592541813850403 -0.4293449819087982 0.2781098484992981 
vn -0.2339160442352295 0.06300105899572372 0.9702134728431702 
vn 0.8294975161552429 -0.4890734851360321 0.26970529556274414 
vn 0.7970542907714844 -0.5464655160903931 0.25706008076667786 
vn -0.2835078537464142 -0.022500835359096527 0.9587059020996094 
vn 0.7569341063499451 -0.607772707939148 0.2401314377784729 
vn -0.3231058716773987 -0.08560182899236679 0.9424833655357361 
vn 0.711006224155426 -0.6709918975830078 0.2103329300880432 
vn -0.3596944808959961 -0.14338529109954834 0.9219872951507568 
vn 0.6453575491905212 -0.7453060150146484 0.16742929816246033 
vn -0.39711982011795044 -0.19601251184940338 0.8965907096862793 
vn 0.5549954175949097 -0.8255142569541931 0.10250037163496017 
vn -0.43666020035743713 -0.24486489593982697 0.865661084651947 
vn 0.4241376221179962 -0.9055951237678528 0.002184694167226553 
vn -0.485210120677948 -0.3004293739795685 0.8211658596992493 
vn 0.23559628427028656 -0.9594928622245789 -0.15449213981628418 
vn -0.557944655418396 -0.3402521312236786 0.7569189071655273 
vn 2.9035484411764345e-13 -0.937261700630188 -0.34862664341926575 
vn -0.644456148147583 -0.34740832448005676 0.681163489818573 
vn -0.2348446249961853 -0.8059029579162598 -0.5434780716896057 
vn -0.7303130626678467 -0.3050580322742462 0.6112139225006104 
vn -0.3982720673084259 -0.6143253445625305 -0.681163489818573 
vn -0.7835434079170227 -0.24150319397449493 0.5724822878837585 
vn -0.48992905020713806 -0.43248501420021057 -0.7569189071655273 
vn -0.8067867159843445 -0.18331463634967804 0.5616858005523682 
vn -0.5414154529571533 -0.27989158034324646 -0.7927988767623901 
vn -0.8156045079231262 -0.1389184296131134 0.5616858005523682 
vn -0.5640695095062256 -0.16777504980564117 -0.8085030317306519 
vn -0.8201282024383545 -0.1090817078948021 0.5616858005523682 
vn -0.5759890675544739 -0.07916787266731262 -0.8136147856712341 
vn -0.8195038437843323 -0.09409834444522858 0.5652954578399658 
vn -0.5793271064758301 -0.04910285025835037 -0.8136147856712341 
vn -0.8178394436836243 -0.0865904837846756 0.5688942670822144 
vn -0.1597588211297989 -0.9616082310676575 -0.22312943637371063 
vn 0.7995238900184631 0.09049210697412491 -0.5937783122062683 
vn 0.8003385066986084 0.08297917246818542 -0.5937783122062683 
vn 0.5719133019447327 0.08257462829351425 0.8161473870277405 
vn 0.5760772228240967 0.045149363577365875 0.8161473870277405 
vn -0.8178394436836243 -0.0865904837846756 0.5688942670822144 
vn -0.8195038437843323 -0.09409834444522858 0.5652954578399658 
vn 0.5579497218132019 0.1634719967842102 0.8136147856712341 
vn -0.8201282024383545 -0.1090817078948021 0.5616858005523682 
vn 0.7950620055198669 0.10546568036079407 -0.5972883701324463 
vn 0.7849339246749878 0.12049417197704315 -0.607749879360199 
vn 0.531764805316925 0.27581533789634705 0.8007197380065918 
vn -0.8156045079231262 -0.1389184296131134 0.5616858005523682 
vn 0.4772559702396393 0.42668241262435913 0.7682244777679443 
vn -0.8067867159843445 -0.18331463634967804 0.5616858005523682 
vn 0.7660741806030273 0.15021434426307678 -0.6249527335166931 
vn 0.7385435104370117 0.17216381430625916 -0.651853621006012 
vn 0.3774866461753845 0.6060811281204224 0.7001210451126099 
vn -0.7835434079170227 -0.24150319397449493 0.5724822878837585 
vn 0.20704497396945953 0.7933450937271118 0.5724822878837585 
vn -0.7303130626678467 -0.3050580322742462 0.6112139225006104 
vn -0.644456148147583 -0.34740832448005676 0.681163489818573 
vn -0.02264740690588951 0.9225530624389648 0.3852050006389618 
vn -0.557944655418396 -0.3402521312236786 0.7569189071655273 
vn -0.25740623474121094 0.9485000967979431 0.18463370203971863 
vn -0.485210120677948 -0.3004293739795685 0.8211658596992493 
vn -0.4443657100200653 0.8953952789306641 0.028397228568792343 
vn -0.43666020035743713 -0.24486489593982697 0.865661084651947 
vn -0.5706976056098938 0.8175994157791138 -0.0763898640871048 
vn -0.39711982011795044 -0.19601251184940338 0.8965907096862793 
vn -0.6616469621658325 0.7363375425338745 -0.1415284425020218 
vn -0.3596944808959961 -0.14338529109954834 0.9219872951507568 
vn -0.7224017977714539 0.6663678288459778 -0.18463370203971863 
vn -0.3231058716773987 -0.08560182899236679 0.9424833655357361 
vn -0.7707378268241882 0.6029118895530701 -0.2060592919588089 
vn -0.2835078537464142 -0.022500835359096527 0.9587059020996094 
vn -0.8076212406158447 0.5475807785987854 -0.21886809170246124 
vn -0.2339160442352295 0.06300105899572372 0.9702134728431702 
vn 0.34826403856277466 0.06758876144886017 -0.9349566102027893 
vn 0.3893868923187256 0.11935539543628693 -0.913308322429657 
vn 0.43124258518218994 0.15561848878860474 -0.888714075088501 
vn 0.4747515618801117 0.19154062867164612 -0.8590245246887207 
vn 0.5251862406730652 0.21395684778690338 -0.8236515522003174 
vn 0.5824350118637085 0.2218213677406311 -0.7820260524749756 
vn 0.6411119699478149 0.2154654860496521 -0.736579954624176 
vn 0.693499743938446 0.19396844506263733 -0.6938546895980835 
vn 0.30527463555336 0 -0.9522643685340881 
vn -0.8407092094421387 0.4933773875236511 -0.22312943637371063 
vn -0.8718692660331726 0.440215528011322 -0.21460255980491638 
vn -0.17295964062213898 0.17561766505241394 0.9691457152366638 
vn -0.9030318260192871 0.3857983350753784 -0.18892620503902435 
vn -0.09287140518426895 0.3296436369419098 0.9395264387130737 
vn -0.9327606558799744 0.32967355847358704 -0.1458524912595749 
vn 0.00564388744533062 0.5305478572845459 0.8476362228393555 
vn -0.9513064026832581 0.29362717270851135 -0.09380380809307098 
vn 0.0995723232626915 0.7430937886238098 0.661737859249115 
vn -0.9644397497177124 0.26102471351623535 -0.04149730131030083 
vn 0.16878677904605865 0.9089670777320862 0.3811691105365753 
vn -0.9689935445785522 0.24661238491535187 -0.0152922747656703 
vn 0.18558438122272491 0.9559569954872131 0.22738653421401978 
vn -0.12793481349945068 -0.9139200448989868 -0.3852050006389618 
vn -0.06032862886786461 -0.7473041415214539 -0.661737859249115 
vn 0.03022671490907669 -0.5334206819534302 -0.8453097939491272 
vn 0.12215255200862885 -0.34174370765686035 -0.931820809841156 
vn 0.19352875649929047 -0.19085706770420074 -0.962351381778717 
vn 0.2569543421268463 -0.0747310072183609 -0.9635298252105713 
vn 0 0 1 
vn 0 0 1 
vn -0.3791298270225525 0.0037574463058263063 0.9253358840942383 
vn -0.3791298270225525 0.0037574463058263063 0.9253358840942383 
vn -0.9228310585021973 -1.912726026826947e-13 0.3852050006389618 
vn -0.9228310585021973 -1.912726026826947e-13 0.3852050006389618 
vn -0.9228310585021973 -1.912726026826947e-13 -0.3852050006389618 
vn -0.9228310585021973 -1.912726026826947e-13 -0.3852050006389618 
vn -0.3791295886039734 0.0037813023664057255 -0.9253358840942383 
vn -0.3791295886039734 0.0037813023664057255 -0.9253358840942383 
vn -2.0682311115474694e-13 0 -1 
vn -2.0682311115474694e-13 0 -1 
vn 2.0682311115474694e-13 4.2775797696334704e-26 -1 
vn 2.0682311115474694e-13 4.2775797696334704e-26 -1 
vn 2.0682311115474694e-13 4.2775797696334704e-26 -1 
vn 2.0682311115474694e-13 4.2775797696334704e-26 -1 
vn -0.7078686952590942 0.0037756471429020166 -0.7063339352607727 
vn -0.9244976043701172 0.0037768674083054066 -0.3811691105365753 
vn -0.7078686952590942 0.0037756471429020166 -0.7063339352607727 
vn -0.9244976043701172 0.0037768674083054066 -0.3811691105365753 
vn -0.924505352973938 -1.9120906843538704e-13 0.3811691105365753 
vn -0.924505352973938 -1.9120906843538704e-13 0.3811691105365753 
vn -0.7078787684440613 -1.4640568759497624e-13 0.7063339352607727 
vn -0.7078787684440613 -1.4640568759497624e-13 0.7063339352607727 
vn 0 0 1 
vn 0 0 1 
vn 0 0 1 
vn 0 0 1 
vn 0.7078787684440613 0 -0.7063339352607727 
vn 0.924505352973938 0 -0.3811691105365753 
vn 0.7078787684440613 0 -0.7063339352607727 
vn 0.924505352973938 0 -0.3811691105365753 
vn 0.924505352973938 0 0.3811691105365753 
vn 0.924505352973938 0 0.3811691105365753 
vn 0.7078787684440613 0 0.7063339352607727 
vn 0.7078787684440613 0 0.7063339352607727 
vn -2.0682311115474694e-13 0 -1 
vn -2.0682311115474694e-13 0 -1 
vn -2.0682311115474694e-13 0 -1 
vn -2.0682311115474694e-13 0 -1 
vn -1.0341130485562108e-13 0.999997615814209 0.002184694167226553 
vn -1.0341130485562108e-13 0.999997615814209 0.002184694167226553 
vn -1.0341130485562108e-13 0.999997615814209 0.002184694167226553 
vn -1.0341130485562108e-13 0.999997615814209 0.002184694167226553 
vn -1.0341130485562108e-13 0.999997615814209 0.002184694167226553 
vn -1.0341130485562108e-13 0.999997615814209 0.002184694167226553 
vn -1.0341130485562108e-13 0.999997615814209 -0.002184694167226553 
vn -1.0341130485562108e-13 0.999997615814209 -0.002184694167226553 
vn -1.0341130485562108e-13 0.999997615814209 -0.002184694167226553 
vn -1.0341130485562108e-13 0.999997615814209 -0.002184694167226553 
vn -1.0341130485562108e-13 0.999997615814209 0.002184694167226553 
vn -1.0341130485562108e-13 0.999997615814209 -0.002184694167226553 
vn -1.0341130485562108e-13 0.999997615814209 -0.002184694167226553 
vn -1.0341130485562108e-13 0.999997615814209 0.002184694167226553 
vn -1.0341130485562108e-13 0.999997615814209 0.002184694167226553 
vn -1.0341130485562108e-13 0.999997615814209 0.002184694167226553 
vn 3.097898456858039e-13 -0.999997615814209 -0.002184694167226553 
vn 3.097898456858039e-13 -0.999997615814209 -0.002184694167226553 
vn 3.097898456858039e-13 -0.999997615814209 -0.002184694167226553 
vn 3.097898456858039e-13 -0.999997615814209 -0.002184694167226553 
vn 3.097898456858039e-13 -0.999997615814209 0.002184694167226553 
vn 3.097898456858039e-13 -0.999997615814209 -0.002184694167226553 
vn 3.097898456858039e-13 -0.999997615814209 -0.002184694167226553 
vn 3.097898456858039e-13 -0.999997615814209 0.002184694167226553 
vn 0 0 1 
vn 0 0 1 
vn 0 0 1 
vn 0 0 1 
vn -0.7078787684440613 -1.4640568759497624e-13 0.7063339352607727 
vn -0.7078787684440613 -1.4640568759497624e-13 0.7063339352607727 
vn -0.924505352973938 -1.9120906843538704e-13 0.3811691105365753 
vn -0.924505352973938 -1.9120906843538704e-13 0.3811691105365753 
vn -0.9244976043701172 0.0037768674083054066 -0.3811691105365753 
vn -0.9244976043701172 0.0037768674083054066 -0.3811691105365753 
vn -0.7078686952590942 0.0037756471429020166 -0.7063339352607727 
vn -0.7078686952590942 0.0037756471429020166 -0.7063339352607727 
vn 0.7078787684440613 0 0.7063339352607727 
vn 0.7078787684440613 0 0.7063339352607727 
vn 0.924505352973938 0 0.3811691105365753 
vn 0.924505352973938 0 0.3811691105365753 
vn 0.924505352973938 0 -0.3811691105365753 
vn 0.924505352973938 0 -0.3811691105365753 
vn 0.7078787684440613 0 -0.7063339352607727 
vn 0.7078787684440613 0 -0.7063339352607727 
vn -0.999997615814209 -2.0682260971124217e-13 0.002184694167226553 
vn -0.999997615814209 -2.0682260971124217e-13 0.002184694167226553 
vn -0.999997615814209 -2.0682260971124217e-13 0.002184694167226553 
vn -0.999997615814209 -2.0682260971124217e-13 0.002184694167226553 
vn -1.0341130485562108e-13 0.999997615814209 0.002184694167226553 
vn -1.0341130485562108e-13 0.999997615814209 0.002184694167226553 
vn -1.0341130485562108e-13 0.999997615814209 0.002184694167226553 
vn -1.0341130485562108e-13 0.999997615814209 0.002184694167226553 
vn 0 0 1 
vn 0 0 1 
vn 0 0 1 
vn 0 0 1 
vn 3.097898456858039e-13 -0.999997615814209 0.002184694167226553 
vn 3.097898456858039e-13 -0.999997615814209 0.002184694167226553 
vn 3.097898456858039e-13 -0.999997615814209 0.002184694167226553 
vn 3.097898456858039e-13 -0.999997615814209 0.002184694167226553 
vn -2.0682311115474694e-13 0 -1 
vn -2.0682311115474694e-13 0 -1 
vn -2.0682311115474694e-13 0 -1 
vn -2.0682311115474694e-13 0 -1 
vn -0.999997615814209 -2.0682260971124217e-13 0.002184694167226553 
vn -0.999997615814209 -2.0682260971124217e-13 0.002184694167226553 
vn -0.999997615814209 -2.0682260971124217e-13 0.002184694167226553 
vn -0.999997615814209 -2.0682260971124217e-13 0.002184694167226553 
vn -1.0341130485562108e-13 0.999997615814209 0.002184694167226553 
vn -1.0341130485562108e-13 0.999997615814209 0.002184694167226553 
vn -1.0341130485562108e-13 0.999997615814209 0.002184694167226553 
vn -1.0341130485562108e-13 0.999997615814209 0.002184694167226553 
vn 0 0 1 
vn 0 0 1 
vn 0 0 1 
vn 0 0 1 
vn 3.097898456858039e-13 -0.999997615814209 0.002184694167226553 
vn 3.097898456858039e-13 -0.999997615814209 0.002184694167226553 
vn 3.097898456858039e-13 -0.999997615814209 0.002184694167226553 
vn 3.097898456858039e-13 -0.999997615814209 0.002184694167226553 
vn -2.0682311115474694e-13 0 -1 
vn -2.0682311115474694e-13 0 -1 
vn -2.0682311115474694e-13 0 -1 
vn -2.0682311115474694e-13 0 -1 
vn 0.999997615814209 0 0.002184694167226553 
vn 0.999997615814209 0 0.002184694167226553 
vn 0.8672792315483093 0.49781718850135803 0.002184694167226553 
vn 0.8672792315483093 0.49781718850135803 0.002184694167226553 
vn -1.0341130485562108e-13 0.999997615814209 0.002184694167226553 
vn -1.0341130485562108e-13 0.999997615814209 0.002184694167226553 
vn -0.8672792315483093 0.49781718850135803 0.002184694167226553 
vn -0.8672792315483093 0.49781718850135803 0.002184694167226553 
vn -0.8672792315483093 -0.49781718850135803 0.002184694167226553 
vn -0.8672792315483093 -0.49781718850135803 0.002184694167226553 
vn 3.097898456858039e-13 -0.999997615814209 0.002184694167226553 
vn 3.097898456858039e-13 -0.999997615814209 0.002184694167226553 
vn 0.49781718850135803 -0.8672792315483093 0.002184694167226553 
vn 0.49781718850135803 -0.8672792315483093 0.002184694167226553 
vn -2.0682311115474694e-13 0 -1 
vn -2.0682311115474694e-13 0 -1 
vn -2.0682311115474694e-13 0 -1 
vn -2.0682311115474694e-13 0 -1 
vn -2.0682311115474694e-13 0 -1 
vn -2.0682311115474694e-13 0 -1 
vn 0 0 1 
vn 0 0 1 
vn 0 0 1 
vn 0 0 1 
vn 0 0 1 
vn 0 0 1 
vn 0.5057966113090515 -0.8584449887275696 0.08510008454322815 
vn 0.47194817662239075 -0.8601934909820557 0.19321508705615997 
vn -0.03773028776049614 -0.9987506866455078 0.03276457265019417 
vn -0.09048138558864594 -0.9957040548324585 -0.01966099627315998 
vn -0.8790735602378845 -0.4712122976779938 -0.07203252613544464 
vn -0.8101704716682434 -0.4619392156600952 -0.36088213324546814 
vn -0.8790735602378845 0.4712122976779938 -0.07203252613544464 
vn 0.29110240936279297 -0.8666104078292847 0.405272513628006 
vn -0.05849233642220497 -0.9946539998054504 -0.08510008454322815 
vn 0.12973855435848236 -0.861362099647522 0.4911448359489441 
vn -0.4462786018848419 -0.4636461138725281 -0.7654199600219727 
vn -0.011321731843054295 -0.9970137476921082 -0.0763898640871048 
vn -0.20734712481498718 -0.45982035994529724 -0.8634653687477112 
vn -0.4462786018848419 0.4636461138725281 -0.7654199600219727 
vn -0.20734712481498718 0.45982035994529724 -0.8634653687477112 
vn -0.011321731843054295 0.9970137476921082 -0.0763898640871048 
vn -0.05849233642220497 0.9946539998054504 -0.08510008454322815 
vn 0.22013220191001892 0.5265249013900757 0.8211658596992493 
vn 0.12973855435848236 -0.861362099647522 0.4911448359489441 
vn -0.8101704716682434 0.4619392156600952 -0.36088213324546814 
vn -0.09048138558864594 0.9957040548324585 -0.01966099627315998 
vn -0.03773028776049614 0.9987506866455078 0.03276457265019417 
vn 0.49026694893836975 0.5595187544822693 0.6682642698287964 
vn 0.26338833570480347 0 0.9646899104118347 
vn 0.5955348014831543 0 0.8033295273780823 
vn 0.79160475730896 0.5397069454193115 0.2864931523799896 
vn 0.9502431154251099 0 0.31150925159454346 
vn 0.866945207118988 0.491084486246109 0.08510008454322815 
vn 0.9979936480522156 0 0.0633138045668602 
vn 0.0037714340724051 -0.8667445182800293 0.4987381398677826 
vn 0.0037714340724051 -0.8667445182800293 0.4987381398677826 
vn 0.0037625895347446203 -0.5006163716316223 0.865661084651947 
vn 0.0037625895347446203 -0.5006163716316223 0.865661084651947 
vn 0.0037625895347446203 0.5006163716316223 0.865661084651947 
vn 0.0037625895347446203 0.5006163716316223 0.865661084651947 
vn -1.0341130485562108e-13 0.999997615814209 0.002184694167226553 
vn -1.0341130485562108e-13 0.999997615814209 0.002184694167226553 
vn -5.177098238496637e-14 0.5006305575370789 -0.865661084651947 
vn -5.177098238496637e-14 0.5006305575370789 -0.865661084651947 
vn 1.550906213350356e-13 -0.5006305575370789 -0.865661084651947 
vn 1.550906213350356e-13 -0.5006305575370789 -0.865661084651947 
vn 0.0018883368466049433 -0.8667506575584412 -0.4987381398677826 
vn 0.0018883368466049433 -0.8667506575584412 -0.4987381398677826 
vn 0.999997615814209 0 0.002184694167226553 
vn 0.999997615814209 0 0.002184694167226553 
vn 0.8672792315483093 -0.49781718850135803 0.002184694167226553 
vn 0.8672792315483093 -0.49781718850135803 0.002184694167226553 
vn 3.097898456858039e-13 -0.999997615814209 0.002184694167226553 
vn 3.097898456858039e-13 -0.999997615814209 0.002184694167226553 
vn -0.8672792315483093 -0.49781718850135803 0.002184694167226553 
vn -0.8672792315483093 -0.49781718850135803 0.002184694167226553 
vn -0.8672792315483093 0.49781718850135803 0.002184694167226553 
vn -0.8672792315483093 0.49781718850135803 0.002184694167226553 
vn -1.0341130485562108e-13 0.999997615814209 0.002184694167226553 
vn -1.0341130485562108e-13 0.999997615814209 0.002184694167226553 
vn 0.49781718850135803 0.8672792315483093 0.002184694167226553 
vn 0.49781718850135803 0.8672792315483093 0.002184694167226553 
vn -0.999997615814209 -2.0682260971124217e-13 0.002184694167226553 
vn -0.999997615814209 -2.0682260971124217e-13 0.002184694167226553 
vn -0.999997615814209 -2.0682260971124217e-13 -0.002184694167226553 
vn -0.999997615814209 -2.0682260971124217e-13 0.002184694167226553 
vn -0.999997615814209 -2.0682260971124217e-13 0.002184694167226553 
vn -0.999997615814209 -2.0682260971124217e-13 0.002184694167226553 
vn -2.0682311115474694e-13 0 -1 
vn -2.0682311115474694e-13 0 -1 
vn -2.0682311115474694e-13 0 -1 
vn -2.0682311115474694e-13 0 -1 
vn -2.0682311115474694e-13 0 -1 
vn -2.0682311115474694e-13 0 -1 
vn 0 0 1 
vn 0 0 1 
vn 0 0 1 
vn 0 0 1 
vn 0 0 1 
vn 0 0 1 
vn 0.9979936480522156 0 0.0633138045668602 
vn 0.866945207118988 -0.491084486246109 0.08510008454322815 
vn 0.9502431154251099 0 0.31150925159454346 
vn 0.79160475730896 -0.5397069454193115 0.2864931523799896 
vn 0.49026694893836975 -0.5595187544822693 0.6682642698287964 
vn -0.09048138558864594 -0.9957040548324585 -0.01966099627315998 
vn -0.05849233642220497 -0.9946539998054504 -0.08510008454322815 
vn -0.8101704716682434 -0.4619392156600952 -0.36088213324546814 
vn -0.8787877559661865 -0.471059113740921 -0.0763898640871048 
vn -0.8101704716682434 0.4619392156600952 -0.36088213324546814 
vn -0.8790735602378845 0.4712122976779938 -0.07203252613544464 
vn -0.09048138558864594 0.9957040548324585 -0.01966099627315998 
vn -0.03773028776049614 0.9987506866455078 0.03276457265019417 
vn 0.47194817662239075 0.8601934909820557 0.19321508705615997 
vn 0.5057966113090515 0.8584449887275696 0.08510008454322815 
vn -0.03773028776049614 -0.9987506866455078 0.03276457265019417 
vn 0.5955348014831543 0 0.8033295273780823 
vn 0.26338833570480347 0 0.9646899104118347 
vn 0.29110240936279297 0.8666104078292847 0.405272513628006 
vn -0.05849233642220497 0.9946539998054504 -0.08510008454322815 
vn 0.12973855435848236 0.861362099647522 0.4911448359489441 
vn -0.011321731843054295 0.9970137476921082 -0.0763898640871048 
vn -0.4462786018848419 0.4636461138725281 -0.7654199600219727 
vn -0.20922520756721497 0.4631066918373108 -0.8612531423568726 
vn -0.20734712481498718 -0.45982035994529724 -0.8634653687477112 
vn -0.4462786018848419 -0.4636461138725281 -0.7654199600219727 
vn -0.011321731843054295 -0.9970137476921082 -0.0763898640871048 
vn 0.22013220191001892 -0.5265249013900757 0.8211658596992493 
vn 0.26338833570480347 0 0.9646899104118347 
vn 0.0037714340724051 0.8667445182800293 0.4987381398677826 
vn 0.0037714340724051 0.8667445182800293 0.4987381398677826 
vn 0.0037625895347446203 0.5006163716316223 0.865661084651947 
vn 0.0037625895347446203 0.5006163716316223 0.865661084651947 
vn 0.0037625895347446203 -0.5006163716316223 0.865661084651947 
vn 0.0037625895347446203 -0.5006163716316223 0.865661084651947 
vn 3.097898456858039e-13 -0.999997615814209 0.002184694167226553 
vn 3.097898456858039e-13 -0.999997615814209 0.002184694167226553 
vn 1.550906213350356e-13 -0.5006305575370789 -0.865661084651947 
vn 1.550906213350356e-13 -0.5006305575370789 -0.865661084651947 
vn -5.177098238496637e-14 0.5006305575370789 -0.865661084651947 
vn -5.177098238496637e-14 0.5006305575370789 -0.865661084651947 
vn 0.0018883368466049433 0.8667506575584412 -0.4987381398677826 
vn 0.0018883368466049433 0.8667506575584412 -0.4987381398677826 
vn -0.999997615814209 -2.0682260971124217e-13 0.002184694167226553 
vn -0.999997615814209 -2.0682260971124217e-13 -0.002184694167226553 
vn -0.999997615814209 -2.0682260971124217e-13 0.002184694167226553 
vn -0.999997615814209 -2.0682260971124217e-13 0.002184694167226553 
vn -0.999997615814209 -2.0682260971124217e-13 -0.002184694167226553 
vn -0.999997615814209 -2.0682260971124217e-13 -0.002184694167226553 
vn -0.999997615814209 -2.0682260971124217e-13 -0.002184694167226553 
vn -0.999997615814209 -2.0682260971124217e-13 0.002184694167226553 
vn -0.7078686952590942 0.0037756471429020166 -0.7063339352607727 
vn -0.7078686952590942 0.0037756471429020166 -0.7063339352607727 
vn -0.7078787684440613 -1.4640568759497624e-13 0.7063339352607727 
vn -0.7078787684440613 -1.4640568759497624e-13 0.7063339352607727 
vn 0 0 1 
vn 0 0 1 
vn 0.7078787684440613 0 0.7063339352607727 
vn 0.7078787684440613 0 0.7063339352607727 
vn 0.924505352973938 0 0.3811691105365753 
vn 0.924505352973938 0 0.3811691105365753 
vn -2.0682311115474694e-13 0 -1 
vn -2.0682311115474694e-13 0 -1 
vn 0.7078787684440613 0 -0.7063339352607727 
vn 0.7078787684440613 0 -0.7063339352607727 
vn 0.924505352973938 0 -0.3811691105365753 
vn 0.924505352973938 0 -0.3811691105365753 
vn 3.097898456858039e-13 -0.999997615814209 0.002184694167226553 
vn 3.097898456858039e-13 -0.999997615814209 0.002184694167226553 
vn 3.097898456858039e-13 -0.999997615814209 0.002184694167226553 
vn 3.097898456858039e-13 -0.999997615814209 0.002184694167226553 
vn 3.097898456858039e-13 -0.999997615814209 0.002184694167226553 
vn 3.097898456858039e-13 -0.999997615814209 0.002184694167226553 
vn 3.097898456858039e-13 -0.999997615814209 0.002184694167226553 
vn 3.097898456858039e-13 -0.999997615814209 0.002184694167226553 
vn -1.0341130485562108e-13 0.999997615814209 0.002184694167226553 
vn -1.0341130485562108e-13 0.999997615814209 0.002184694167226553 
vn -1.0341130485562108e-13 0.999997615814209 0.002184694167226553 
vn -1.0341130485562108e-13 0.999997615814209 0.002184694167226553 
vn -1.0341130485562108e-13 0.999997615814209 0.002184694167226553 
vn -1.0341130485562108e-13 0.999997615814209 0.002184694167226553 
vn -1.0341130485562108e-13 0.999997615814209 0.002184694167226553 
vn -1.0341130485562108e-13 0.999997615814209 0.002184694167226553 
vn -1.0341130485562108e-13 0.999997615814209 0.002184694167226553 
vn -1.0341130485562108e-13 0.999997615814209 0.002184694167226553 
vn -1.0341130485562108e-13 0.999997615814209 0.002184694167226553 
vn -1.0341130485562108e-13 0.999997615814209 0.002184694167226553 
vn -1.0341130485562108e-13 0.999997615814209 0.002184694167226553 
vn -1.0341130485562108e-13 0.999997615814209 0.002184694167226553 
vn -1.0341130485562108e-13 0.999997615814209 0.002184694167226553 
vn -1.0341130485562108e-13 0.999997615814209 0.002184694167226553 
vn -1.0341130485562108e-13 0.999997615814209 0.002184694167226553 
vn -1.0341130485562108e-13 0.999997615814209 0.002184694167226553 
vn -1.0341130485562108e-13 0.999997615814209 0.002184694167226553 
vn -1.0341130485562108e-13 0.999997615814209 0.002184694167226553 
vn -1.0341130485562108e-13 0.999997615814209 0.002184694167226553 
vn -1.0341130485562108e-13 0.999997615814209 0.002184694167226553 
vn -1.0341130485562108e-13 0.999997615814209 0.002184694167226553 
vn -1.0341130485562108e-13 0.999997615814209 0.002184694167226553 
vn 0.7016792893409729 0 0.7124928832054138 
vn 0.7016792893409729 0 0.7124928832054138 
vn 0.9228310585021973 0 0.3852050006389618 
vn 0.9228310585021973 0 0.3852050006389618 
vn 0.9228310585021973 0 -0.3852050006389618 
vn 0.9228310585021973 0 -0.3852050006389618 
vn 0.7016792893409729 0 -0.7124928832054138 
vn 0.7016792893409729 0 -0.7124928832054138 
vn 0.7078787684440613 0 0.7063339352607727 
vn -0.259143590927124 0.0037519836332648993 0.9658315181732178 
vn 0.7078787684440613 0 0.7063339352607727 
vn -0.259143590927124 0.0037519836332648993 0.9658315181732178 
vn -0.9663880467414856 0.003771444782614708 0.25706008076667786 
vn -0.9663880467414856 0.003771444782614708 0.25706008076667786 
vn -0.7078686952590942 0.0037756471429020166 -0.7063339352607727 
vn -0.7078686952590942 0.0037756471429020166 -0.7063339352607727 
vn 0.2591707408428192 0 -0.9658315181732178 
vn 0.2591707408428192 0 -0.9658315181732178 
vn 0.9663954377174377 0 -0.25706008076667786 
vn 0.9663954377174377 0 -0.25706008076667786 
vn 0.7078787684440613 0 0.7063339352607727 
vn 0.7078787684440613 0 0.7063339352607727 
vn 0.5702930688858032 -0.8067824840545654 -0.15449213981628418 
vn 0.38241058588027954 -0.9182896018028259 -0.10250037163496017 
vn 0.15393392741680145 -0.8053374290466309 -0.5724822878837585 
vn 0.10546755790710449 -0.9167844653129578 -0.3852050006389618 
vn -0.4213135540485382 -0.8052463531494141 -0.417220801115036 
vn -0.279154896736145 -0.9178109169006348 -0.28230419754981995 
vn -0.5702930688858032 -0.8067824840545654 0.15449213981628418 
vn -0.38241058588027954 -0.9182896018028259 0.10250037163496017 
vn 0.280619740486145 -0.9173641204833984 0.28230419754981995 
vn 0.4224712550640106 -0.8046395778656006 0.417220801115036 
vn -0.15185858309268951 -0.8057313561439514 0.5724822878837585 
vn -0.10546755790710449 -0.9167844653129578 0.3852050006389618 
vn 0.7078787684440613 0 0.7063339352607727 
vn 0.7078787684440613 0 0.7063339352607727 
vn -0.259143590927124 0.0037519836332648993 0.9658315181732178 
vn -0.259143590927124 0.0037519836332648993 0.9658315181732178 
vn -0.9663880467414856 0.003771444782614708 0.25706008076667786 
vn -0.9663880467414856 0.003771444782614708 0.25706008076667786 
vn -0.7078686952590942 0.0037756471429020166 -0.7063339352607727 
vn -0.7078686952590942 0.0037756471429020166 -0.7063339352607727 
vn 0.2591707408428192 0 -0.9658315181732178 
vn 0.2591707408428192 0 -0.9658315181732178 
vn 0.9663954377174377 0 -0.25706008076667786 
vn 0.9663954377174377 0 -0.25706008076667786 
vn 0.7078787684440613 0 0.7063339352607727 
vn 0.7078787684440613 0 0.7063339352607727 
vn 0.5702930688858032 -0.8067824840545654 -0.15449213981628418 
vn 0.38241058588027954 -0.9182896018028259 -0.10250037163496017 
vn 0.15393392741680145 -0.8053374290466309 -0.5724822878837585 
vn 0.10546755790710449 -0.9167844653129578 -0.3852050006389618 
vn -0.4213135540485382 -0.8052463531494141 -0.417220801115036 
vn -0.279154896736145 -0.9178109169006348 -0.28230419754981995 
vn -0.5702930688858032 -0.8067824840545654 0.15449213981628418 
vn -0.38241058588027954 -0.9182896018028259 0.10250037163496017 
vn 0.280619740486145 -0.9173641204833984 0.28230419754981995 
vn 0.4224712550640106 -0.8046395778656006 0.417220801115036 
vn -0.15185858309268951 -0.8057313561439514 0.5724822878837585 
vn -0.10546755790710449 -0.9167844653129578 0.3852050006389618 
vn -0.999997615814209 -2.0682260971124217e-13 -0.002184694167226553 
vn -0.999997615814209 -2.0682260971124217e-13 -0.002184694167226553 
vn -0.999997615814209 -2.0682260971124217e-13 -0.002184694167226553 
vn 0.999997615814209 0 0.002184694167226553 
vn 0.999997615814209 0 0.002184694167226553 
vn 0.999997615814209 0 0.002184694167226553 
vn -0.999997615814209 -2.0682260971124217e-13 0.002184694167226553 
vn -0.999997615814209 -2.0682260971124217e-13 0.002184694167226553 
vn -0.999997615814209 -2.0682260971124217e-13 0.002184694167226553 
vn -0.999997615814209 -2.0682260971124217e-13 0.002184694167226553 
vn -0.999997615814209 -2.0682260971124217e-13 0.002184694167226553 
vn -0.999997615814209 -2.0682260971124217e-13 0.002184694167226553 
vn -0.999997615814209 -2.0682260971124217e-13 -0.002184694167226553 
vn -0.999997615814209 -2.0682260971124217e-13 -0.002184694167226553 
vn -0.999997615814209 -2.0682260971124217e-13 -0.002184694167226553 
vn -0.999997615814209 -2.0682260971124217e-13 0.002184694167226553 
vn -0.999997615814209 -2.0682260971124217e-13 0.002184694167226553 
vn -0.999997615814209 -2.0682260971124217e-13 -0.002184694167226553 
vn -0.999997615814209 -2.0682260971124217e-13 -0.002184694167226553 
vn -0.999997615814209 -2.0682260971124217e-13 0.002184694167226553 
vn -2.0682311115474694e-13 0 -1 
vn -2.0682311115474694e-13 0 -1 
vn -2.0682311115474694e-13 0 -1 
vn -2.0682311115474694e-13 0 -1 
vn -2.0682311115474694e-13 0 -1 
vn -2.0682311115474694e-13 0 -1 
vn -0.7078686952590942 0.0037756471429020166 -0.7063339352607727 
vn -2.0682311115474694e-13 0 -1 
vn -0.7078686952590942 0.0037756471429020166 -0.7063339352607727 
vn -0.999997615814209 -2.0682260971124217e-13 0.002184694167226553 
vn -0.999997615814209 -2.0682260971124217e-13 0.002184694167226553 
vn 3.097898456858039e-13 -0.999997615814209 0.002184694167226553 
vn 3.097898456858039e-13 -0.999997615814209 0.002184694167226553 
vn 3.097898456858039e-13 -0.999997615814209 0.002184694167226553 
vn 3.097898456858039e-13 -0.999997615814209 0.002184694167226553 
vn 3.097898456858039e-13 -0.999997615814209 0.002184694167226553 
vn 3.097898456858039e-13 -0.999997615814209 0.002184694167226553 
vn 3.097898456858039e-13 -0.999997615814209 0.002184694167226553 
vn 3.097898456858039e-13 -0.999997615814209 0.002184694167226553 
vn -2.0682311115474694e-13 0 -1 
vn -0.0018922992749139667 0.46620672941207886 -0.8846737742424011 
vn -2.0682311115474694e-13 0 -1 
vn -0.0018922992749139667 0.46620672941207886 -0.8846737742424011 
vn 0.0037756175734102726 0.9542372226715088 -0.2990269064903259 
vn 0.0037756175734102726 0.9542372226715088 -0.2990269064903259 
vn -9.340733752877944e-14 0.903258204460144 0.42909738421440125 
vn -9.340733752877944e-14 0.903258204460144 0.42909738421440125 
vn -0.0018818661337718368 0.33424773812294006 0.9424833655357361 
vn -0.0018818661337718368 0.33424773812294006 0.9424833655357361 
vn 0 0 1 
vn 0 0 1 
vn 3.097898456858039e-13 -0.999997615814209 0.002184694167226553 
vn 3.097898456858039e-13 -0.999997615814209 0.002184694167226553 
vn 3.097898456858039e-13 -0.999997615814209 0.002184694167226553 
vn 3.097898456858039e-13 -0.999997615814209 0.002184694167226553 
vn 3.097898456858039e-13 -0.999997615814209 0.002184694167226553 
vn 3.097898456858039e-13 -0.999997615814209 0.002184694167226553 
vn 3.097898456858039e-13 -0.999997615814209 0.002184694167226553 
vn 3.097898456858039e-13 -0.999997615814209 0.002184694167226553 
vn 3.097898456858039e-13 -0.999997615814209 0.002184694167226553 
vn 0.05843479931354523 0.9720497727394104 0.22738653421401978 
vn 0.05843479931354523 0.9720497727394104 0.22738653421401978 
vn -0.0018861254211515188 0.9738027453422546 0.22738653421401978 
vn -0.0018861254211515188 0.9738027453422546 0.22738653421401978 
vn -0.062199804931879044 0.9718161225318909 0.22738653421401978 
vn -0.062199804931879044 0.9718161225318909 0.22738653421401978 
vn 0.999997615814209 0 0.002184694167226553 
vn 0.999997615814209 0 0.002184694167226553 
vn 0.999997615814209 0 -0.002184694167226553 
vn 0.999997615814209 0 0.002184694167226553 
vn 0.999997615814209 0 -0.002184694167226553 
vn 0.999997615814209 0 0.002184694167226553 
vn 0.999997615814209 0 0.002184694167226553 
vn 0.999997615814209 0 0.002184694167226553 
vn 0.999997615814209 0 0.002184694167226553 
vn 0.999997615814209 0 0.002184694167226553 
vn 0.999997615814209 0 0.002184694167226553 
vn 0.999997615814209 0 -0.002184694167226553 
vn 0.999997615814209 0 -0.002184694167226553 
vn 0.999997615814209 0 0.002184694167226553 
vn 3.097898456858039e-13 -0.999997615814209 0.002184694167226553 
vn 3.097898456858039e-13 -0.999997615814209 0.002184694167226553 
vn 3.097898456858039e-13 -0.999997615814209 0.002184694167226553 
vn 3.097898456858039e-13 -0.999997615814209 0.002184694167226553 
vn -2.0682311115474694e-13 0 -1 
vn -2.0682311115474694e-13 0 -1 
vn 0.7078787684440613 0 -0.7063339352607727 
vn 0.7078787684440613 0 -0.7063339352607727 
vn 0.999997615814209 0 0.002184694167226553 
vn 0.999997615814209 0 0.002184694167226553 
vn 0.999997615814209 0 0.002184694167226553 
vn 0.999997615814209 0 0.002184694167226553 
vn 0.999997615814209 0 0.002184694167226553 
vn 0.999997615814209 0 0.002184694167226553 
vn 3.0023851243718425e-13 -0.9663954377174377 -0.25706008076667786 
vn 0.0018881993601098657 -0.9917024970054626 -0.12854042649269104 
vn 3.0023851243718425e-13 -0.9663954377174377 -0.25706008076667786 
vn 0.0018881993601098657 -0.9917024970054626 -0.12854042649269104 
vn 0.0018881993601098657 -0.9917024970054626 0.12854042649269104 
vn 0.0018881993601098657 -0.9917024970054626 0.12854042649269104 
vn 0.0018857260001823306 -0.9663935899734497 0.25706008076667786 
vn 0.0018857260001823306 -0.9663935899734497 0.25706008076667786 
vn -0.999997615814209 -2.0682260971124217e-13 0.002184694167226553 
vn -0.999997615814209 -2.0682260971124217e-13 0.002184694167226553 
vn -0.999997615814209 -2.0682260971124217e-13 0.002184694167226553 
vn -0.999997615814209 -2.0682260971124217e-13 0.002184694167226553 
vn 0 0 1 
vn 0 0 1 
vn 0 0 1 
vn 0 0 1 
vn 1.8881219558761902e-13 -0.6094833612442017 0.7927988767623901 
vn 1.8881219558761902e-13 -0.6094833612442017 0.7927988767623901 
vn 0.0018881993601098657 -0.9917024970054626 0.12854042649269104 
vn 0.0018881993601098657 -0.9917024970054626 0.12854042649269104 
vn 0.0018881993601098657 -0.9917024970054626 -0.12854042649269104 
vn 0.0018881993601098657 -0.9917024970054626 -0.12854042649269104 
vn -0.0018883090233430266 -0.6094804406166077 -0.7927988767623901 
vn -0.0018883090233430266 -0.6094804406166077 -0.7927988767623901 
vn -2.0682311115474694e-13 0 -1 
vn -2.0682311115474694e-13 0 -1 
vn -2.0682311115474694e-13 0 -1 
vn -2.0682311115474694e-13 0 -1 
vn -0.0018883090233430266 -0.6094804406166077 -0.7927988767623901 
vn -0.0018883090233430266 -0.6094804406166077 -0.7927988767623901 
vn 0.0018881993601098657 -0.9917024970054626 -0.12854042649269104 
vn 0.0018881993601098657 -0.9917024970054626 -0.12854042649269104 
vn 0.0018881993601098657 -0.9917024970054626 0.12854042649269104 
vn 0.0018881993601098657 -0.9917024970054626 0.12854042649269104 
vn 1.8881219558761902e-13 -0.6094833612442017 0.7927988767623901 
vn 1.8881219558761902e-13 -0.6094833612442017 0.7927988767623901 
vn -2.0682311115474694e-13 0 -1 
vn -2.0682311115474694e-13 0 -1 
vn -2.0682311115474694e-13 0 -1 
vn -2.0682311115474694e-13 0 -1 
vn 0 0 1 
vn 0 0 1 
vn 0 0 1 
vn 0 0 1 
vn -1.0341130485562108e-13 0.999997615814209 0.002184694167226553 
vn -1.0341130485562108e-13 0.999997615814209 0.002184694167226553 
vn -1.0341130485562108e-13 0.999997615814209 0.002184694167226553 
vn -1.0341130485562108e-13 0.999997615814209 0.002184694167226553 
vn 3.097898456858039e-13 -0.999997615814209 0.002184694167226553 
vn 3.097898456858039e-13 -0.999997615814209 0.002184694167226553 
vn 3.097898456858039e-13 -0.999997615814209 0.002184694167226553 
vn 3.097898456858039e-13 -0.999997615814209 0.002184694167226553 
vn 0.999997615814209 0 0.002184694167226553 
vn 0.999997615814209 0 -0.002184694167226553 
vn 0.999997615814209 0 -0.002184694167226553 
vn 0.999997615814209 0 -0.002184694167226553 
vn 0.0037719623651355505 0.9244976043701172 0.3811691105365753 
vn 0.0037719623651355505 0.9244976043701172 0.3811691105365753 
vn 0.0037719623651355505 0.9244976043701172 0.3811691105365753 
vn 0.0037719623651355505 0.9244976043701172 0.3811691105365753 
vn -0.999997615814209 -2.0682260971124217e-13 -0.002184694167226553 
vn -0.999997615814209 -2.0682260971124217e-13 -0.002184694167226553 
vn -0.999997615814209 -2.0682260971124217e-13 -0.002184694167226553 
vn -0.999997615814209 -2.0682260971124217e-13 0.002184694167226553 
vn 3.097898456858039e-13 -0.999997615814209 0.002184694167226553 
vn 3.097898456858039e-13 -0.999997615814209 0.002184694167226553 
vn 3.097898456858039e-13 -0.999997615814209 0.002184694167226553 
vn 3.097898456858039e-13 -0.999997615814209 0.002184694167226553 
vn -2.0682311115474694e-13 0 -1 
vn 3.097898456858039e-13 -0.999997615814209 0.002184694167226553 
vn -0.0018893282394856215 -0.8936669826507568 -0.4487268626689911 
vn 0 0 1 
vn -1.0341130485562108e-13 0.999997615814209 0.002184694167226553 
vn -9.241569234050631e-14 0.8936689496040344 0.4487268626689911 
vn -0.0018893282394856215 -0.8936669826507568 -0.4487268626689911 
vn 0 0 1 
vn -9.241569234050631e-14 0.8936689496040344 0.4487268626689911 
vn -1.0341130485562108e-13 0.999997615814209 0.002184694167226553 
vt 0.9329944252967834 0.41021931171417236 
vt 0.9329944252967834 0.0012435599928721786 
vt 0.9401795864105225 0.410098135471344 
vt 0.9401795864105225 0.0012435599928721786 
vt 0.5898127555847168 0.3110957145690918 
vt 0.5898127555847168 0.3375125229358673 
vt 0.1056075170636177 0.3110957145690918 
vt 0.0012403399450704455 0.3375125229358673 
vt 0.1056075170636177 0.027660364285111427 
vt 0.0012403399450704455 0.0012435599928721786 
vt 0.5898127555847168 0.0012435599928721786 
vt 0.5898127555847168 0.027660364285111427 
vt 0.5195445418357849 0.6691766977310181 
vt 0.5195445418357849 0.7233432531356812 
vt 0.5259989500045776 0.6691766977310181 
vt 0.5259989500045776 0.7233432531356812 
vt 0.6057661771774292 0.5931980609893799 
vt 0.6057661771774292 0.6255525946617126 
vt 0.6711631417274475 0.5931980609893799 
vt 0.6711631417274475 0.6255525946617126 
vt 0.9512616991996765 0.0012435599928721786 
vt 0.9512616991996765 0.3376336991786957 
vt 0.9571072459220886 0.001364737981930375 
vt 0.9571072459220886 0.33775487542152405 
vt 0.9203290939331055 0.9231657981872559 
vt 0.9203290939331055 0.46365880966186523 
vt 0.9122914671897888 0.46365880966186523 
vt 0.0012403399450704455 0.9234081506729126 
vt 0.46084561944007874 0.9154103994369507 
vt 0.46084561944007874 0.9234081506729126 
vt 0.5889602899551392 0.07479860633611679 
vt 0.5889602899551392 0.08109986037015915 
vt 0.5898127555847168 0.07479860633611679 
vt 0.5898127555847168 0.08109986037015915 
vt 0.5870117545127869 0.8734828233718872 
vt 0.5870117545127869 0.8630614876747131 
vt 0.0012403399450704455 0.8734828233718872 
vt 0.0012403399450704455 0.8630614876747131 
vt 0.2494320571422577 0.8496107459068298 
vt 0.2494320571422577 0.8468236327171326 
vt 0.08660952001810074 0.8496107459068298 
vt 0.08660952001810074 0.8468236327171326 
vt 0.9642924070358276 0.3184875547885895 
vt 0.9642924070358276 0.6335503458976746 
vt 0.9697725772857666 0.6335503458976746 
vt 0.5194227695465088 0.736309289932251 
vt 0.5194227695465088 0.7258880138397217 
vt 0.522467315196991 0.736309289932251 
vt 0.522467315196991 0.7258880138397217 
vt 0.6768868565559387 0.6941393613815308 
vt 0.6768868565559387 0.7045606970787048 
vt 0.6734769940376282 0.6941393613815308 
vt 0.6734769940376282 0.7045606970787048 
vt 0.9656320214271545 0.6362162828445435 
vt 0.9709904193878174 0.9423118829727173 
vt 0.9656320214271545 0.9423118829727173 
vt 0.5540088415145874 0.9128656387329102 
vt 0.5540088415145874 0.9023231863975525 
vt 0.0012403399450704455 0.9127444624900818 
vt 0.0012403399450704455 0.9023231863975525 
vt 0.41237637400627136 0.6786285638809204 
vt 0.4009288549423218 0.6786285638809204 
vt 0.41237637400627136 0.6890498995780945 
vt 0.4009288549423218 0.6890498995780945 
vt 0.09282040596008301 0.34514671564102173 
vt 0.08137289434671402 0.34514671564102173 
vt 0.09282040596008301 0.3486608862876892 
vt 0.08137289434671402 0.3486608862876892 
vt 0.10816493630409241 0.07722216844558716 
vt 0.10816493630409241 0.08873407542705536 
vt 0.11157482862472534 0.07722216844558716 
vt 0.11157482862472534 0.08873407542705536 
vt 0.6481463313102722 0.7850228548049927 
vt 0.6597155928611755 0.7850228548049927 
vt 0.6481463313102722 0.774480402469635 
vt 0.6597155928611755 0.774480402469635 
vt 0.17611929774284363 0.4519045352935791 
vt 0.20242419838905334 0.4519045352935791 
vt 0.17611929774284363 0.4081592857837677 
vt 0.48593270778656006 0.4519045352935791 
vt 0.5123593807220459 0.4081592857837677 
vt 0.5123593807220459 0.4519045352935791 
vt 0.20242419838905334 0.45784226059913635 
vt 0.48593270778656006 0.45784226059913635 
vt 0.48849013447761536 0.7314621806144714 
vt 0.48849013447761536 0.6991076469421387 
vt 0.42309319972991943 0.6991076469421387 
vt 0.9560112357139587 0.3402996063232422 
vt 0.9618567824363708 0.3402996063232422 
vt 0.9560112357139587 0.6765685677528381 
vt 0.9618567824363708 0.6766897439956665 
vt 0.5922483801841736 0.48547086119651794 
vt 0.5922483801841736 0.0012435599928721786 
vt 0.8757568597793579 0.48547086119651794 
vt 0.8757568597793579 0.0012435599928721786 
vt 0.9103429913520813 0.46087172627449036 
vt 0.9023053646087646 0.0012435599928721786 
vt 0.9103429913520813 0.0012435599928721786 
vt 0.9208162426948547 0.46087172627449036 
vt 0.9208162426948547 0.0012435599928721786 
vt 0.9129003882408142 0.0012435599928721786 
vt 0.5898127555847168 0.08412931114435196 
vt 0.5898127555847168 0.09043056517839432 
vt 0.5889602899551392 0.08412931114435196 
vt 0.5889602899551392 0.09043056517839432 
vt 0.9305588006973267 0.0012435599928721786 
vt 0.9305588006973267 0.410098135471344 
vt 0.9233736395835876 0.0012435599928721786 
vt 0.9233736395835876 0.41021931171417236 
vt 0.0012403399450704455 0.8761487007141113 
vt 0.5870117545127869 0.8761487007141113 
vt 0.0012403399450704455 0.8865700364112854 
vt 0.5870117545127869 0.8865700364112854 
vt 0.9946160912513733 0.4115522801876068 
vt 0.9916933178901672 0.4115522801876068 
vt 0.9946160912513733 0.24868904054164886 
vt 0.9916933178901672 0.24868904054164886 
vt 0.5540088415145874 0.8996572494506836 
vt 0.0012403399450704455 0.8996572494506836 
vt 0.5540088415145874 0.8892359733581543 
vt 0.0012403399450704455 0.8892359733581543 
vt 0.7005125880241394 0.7064995169639587 
vt 0.6974680423736572 0.7064995169639587 
vt 0.7005125880241394 0.6960782408714294 
vt 0.6974680423736572 0.6960782408714294 
vt 0.24151623249053955 0.6683284640312195 
vt 0.24151623249053955 0.664814293384552 
vt 0.251989483833313 0.6683284640312195 
vt 0.251989483833313 0.664814293384552 
vt 0.0012403399450704455 0.9575803279876709 
vt 0.001362122013233602 0.9521273374557495 
vt 0.31641215085983276 0.9575803279876709 
vt 0.31641215085983276 0.9521273374557495 
vt 0.31896957755088806 0.9717581868171692 
vt 0.6248859763145447 0.9664263129234314 
vt 0.6250077486038208 0.9717581868171692 
vt 0.9754963517189026 0.30746036767959595 
vt 0.985969603061676 0.30746036767959595 
vt 0.9754963517189026 0.29594844579696655 
vt 0.985969603061676 0.29594844579696655 
vt 0.10816493630409241 0.2654115855693817 
vt 0.10816493630409241 0.2689257562160492 
vt 0.1196124404668808 0.2654115855693817 
vt 0.1196124404668808 0.2689257562160492 
vt 0.2348182201385498 0.3516903221607208 
vt 0.23834989964962006 0.3516903221607208 
vt 0.2348182201385498 0.3401784300804138 
vt 0.23834989964962006 0.3401784300804138 
vt 0.4592624306678772 0.6732967495918274 
vt 0.46973568201065063 0.6732967495918274 
vt 0.4592624306678772 0.661784827709198 
vt 0.46973568201065063 0.661784827709198 
vt 0.17611929774284363 0.39943447709083557 
vt 0.17611929774284363 0.4053722023963928 
vt 0.23019050061702728 0.39943447709083557 
vt 0.23019050061702728 0.4053722023963928 
vt 0.6665353775024414 0.7108619213104248 
vt 0.6665353775024414 0.6810521483421326 
vt 0.6011384725570679 0.6810521483421326 
vt 0.0012403399450704455 0.9492190480232239 
vt 0.001362122013233602 0.9434025287628174 
vt 0.3376022279262543 0.9492190480232239 
vt 0.3377240002155304 0.9434025287628174 
vt 0.5898127555847168 0.06546790152788162 
vt 0.5898127555847168 0.07164797931909561 
vt 0.5889602899551392 0.06546790152788162 
vt 0.5889602899551392 0.07164797931909561 
vt 0.6023563146591187 0.9637604355812073 
vt 0.31884780526161194 0.9637604355812073 
vt 0.6023563146591187 0.9577015042304993 
vt 0.31884780526161194 0.9577015042304993 
vt 0.9444419145584106 0.7138913869857788 
vt 0.9444419145584106 0.7109830975532532 
vt 0.954793393611908 0.7138913869857788 
vt 0.954793393611908 0.7109830975532532 
vt 0.6734769940376282 0.6810521483421326 
vt 0.6770086288452148 0.6810521483421326 
vt 0.6734769940376282 0.6914734244346619 
vt 0.6770086288452148 0.6914734244346619 
vt 0.23493999242782593 0.3967685401439667 
vt 0.22337070107460022 0.3967685401439667 
vt 0.23493999242782593 0.386347234249115 
vt 0.22337070107460022 0.386347234249115 
vt 0.7210937142372131 0.619372546672821 
vt 0.7326630353927612 0.619372546672821 
vt 0.7210937142372131 0.6227655410766602 
vt 0.7326630353927612 0.6227655410766602 
vt 0.7326630353927612 0.6290667653083801 
vt 0.7210937142372131 0.6290667653083801 
vt 0.7326630353927612 0.6255525946617126 
vt 0.7210937142372131 0.6255525946617126 
vt 0.9439548254013062 0.697895884513855 
vt 0.9555240869522095 0.697895884513855 
vt 0.9439548254013062 0.7083171606063843 
vt 0.9555240869522095 0.7083171606063843 
vt 0.8993825912475586 0.7825993299484253 
vt 0.8993825912475586 0.8480353951454163 
vt 0.8695459961891174 0.7825993299484253 
vt 0.8695459961891174 0.8480353951454163 
vt 0.5889602899551392 0.09346001595258713 
vt 0.5898127555847168 0.09346001595258713 
vt 0.5889602899551392 0.09976127743721008 
vt 0.5898127555847168 0.09976127743721008 
vt 0.6453453302383423 0.7315833568572998 
vt 0.6453453302383423 0.7420046925544739 
vt 0.6424225568771362 0.7315833568572998 
vt 0.6424225568771362 0.7420046925544739 
vt 0.4159080386161804 0.661784827709198 
vt 0.42638128995895386 0.661784827709198 
vt 0.4159080386161804 0.6651778221130371 
vt 0.42638128995895386 0.6651778221130371 
vt 0.3954486846923828 0.5918651223182678 
vt 0.3954486846923828 0.5813226699829102 
vt 0.4070179760456085 0.5918651223182678 
vt 0.4070179760456085 0.5813226699829102 
vt 0.9768359661102295 0.5124935507774353 
vt 0.98024582862854 0.5009816288948059 
vt 0.98024582862854 0.5124935507774353 
vt 0.9890141487121582 0.6277338266372681 
vt 0.9924240112304688 0.6277338266372681 
vt 0.9924240112304688 0.6162219047546387 
vt 0.6477809548377991 0.6551200747489929 
vt 0.6373077034950256 0.6551200747489929 
vt 0.6477809548377991 0.6437293291091919 
vt 0.6373077034950256 0.6437293291091919 
vt 0.854810357093811 0.9148045182228088 
vt 0.8164490461349487 0.9148045182228088 
vt 0.854810357093811 0.901838481426239 
vt 0.8164490461349487 0.901838481426239 
vt 0.8164490461349487 0.8268292546272278 
vt 0.854810357093811 0.8268292546272278 
vt 0.905471682548523 0.8568814396858215 
vt 0.909855842590332 0.8568814396858215 
vt 0.909855842590332 0.8021089434623718 
vt 0.4496416747570038 0.18846356868743896 
vt 0.2865755558013916 0.18846356868743896 
vt 0.4651079773902893 0.13599349558353424 
vt 0.10816493630409241 0.11090964823961258 
vt 0.4651079773902893 0.11090964823961258 
vt 0.12363124638795853 0.18846356868743896 
vt 0.10816493630409241 0.13599349558353424 
vt 0.10816493630409241 0.11090964823961258 
vt 0.23908059298992157 0.6817792057991028 
vt 0.23908059298992157 0.6540294289588928 
vt 0.18659254908561707 0.6972900032997131 
vt 0.17356187105178833 0.6540294289588928 
vt 0.16138367354869843 0.6972900032997131 
vt 0.16138367354869843 0.3401784300804138 
vt 0.17356187105178833 0.38343897461891174 
vt 0.18659254908561707 0.3401784300804138 
vt 0.23908059298992157 0.38343897461891174 
vt 0.23908059298992157 0.3556891977787018 
vt 0.8626044392585754 0.8568814396858215 
vt 0.8626044392585754 0.8021089434623718 
vt 0.8671103715896606 0.8568814396858215 
vt 0.8671103715896606 0.8021089434623718 
vt 0.8671103715896606 0.779812216758728 
vt 0.8626044392585754 0.7770251035690308 
vt 0.8629697561264038 0.7770251035690308 
vt 0.905471682548523 0.779812216758728 
vt 0.909855842590332 0.7770251035690308 
vt 0.909855842590332 0.8021089434623718 
vt 0.905471682548523 0.8021089434623718 
vt 0.905471682548523 0.8568814396858215 
vt 0.9446855187416077 0.4242759644985199 
vt 0.9446855187416077 0.35702216625213623 
vt 0.953453779220581 0.4242759644985199 
vt 0.953453779220581 0.35702216625213623 
vt 0.5122376084327698 0.40561455488204956 
vt 0.24151623249053955 0.40561455488204956 
vt 0.5122376084327698 0.3401784300804138 
vt 0.24151623249053955 0.3401784300804138 
vt 0.9735478162765503 0.7366728186607361 
vt 0.9873092174530029 0.7896276116371155 
vt 0.9735478162765503 0.811560869216919 
vt 0.9865785241127014 0.811924397945404 
vt 0.9856042265892029 0.6942605376243591 
vt 0.9848735332489014 0.671842634677887 
vt 0.998634934425354 0.6937758326530457 
vt 0.998634934425354 0.6188878417015076 
vt 0.5894473791122437 0.8767545819282532 
vt 0.6025998592376709 0.8767545819282532 
vt 0.5894473791122437 0.9150468707084656 
vt 0.6025998592376709 0.9150468707084656 
vt 0.6774957776069641 0.9150468707084656 
vt 0.1663767248392105 0.8441577553749084 
vt 0.11169661581516266 0.8441577553749084 
vt 0.1663767248392105 0.8397952914237976 
vt 0.11169661581516266 0.8397952914237976 
vt 0.08928872644901276 0.8397952914237976 
vt 0.08660952001810074 0.8441577553749084 
vt 0.08660952001810074 0.7972618341445923 
vt 0.08928872644901276 0.8013818860054016 
vt 0.08660952001810074 0.7970194816589355 
vt 0.11169661581516266 0.7970194816589355 
vt 0.11169661581516266 0.8013818860054016 
vt 0.1663767248392105 0.8013818860054016 
vt 0.1663767248392105 0.8013818860054016 
vt 0.11169661581516266 0.7970194816589355 
vt 0.1663767248392105 0.7970194816589355 
vt 0.6774957776069641 0.9150468707084656 
vt 0.6774957776069641 0.8767545819282532 
vt 0.6025998592376709 0.8767545819282532 
vt 0.985725998878479 0.8511860370635986 
vt 0.9849953651428223 0.8288893103599548 
vt 0.9987567067146301 0.8508225083351135 
vt 0.9987567067146301 0.7759345173835754 
vt 0.9865785241127014 0.6542717814445496 
vt 0.9735478162765503 0.6539082527160645 
vt 0.9873092174530029 0.6319750547409058 
vt 0.9735478162765503 0.5790202617645264 
vt 0.8956073522567749 0.9478861093521118 
vt 0.8572460412979126 0.9478861093521118 
vt 0.8956073522567749 0.9347988963127136 
vt 0.8572460412979126 0.9347988963127136 
vt 0.8572460412979126 0.8599108457565308 
vt 0.8956073522567749 0.8599108457565308 
vt 0.25637364387512207 0.8471871614456177 
vt 0.25637364387512207 0.8516707420349121 
vt 0.31117552518844604 0.8516707420349121 
vt 0.9427369832992554 0.4299713373184204 
vt 0.9516270756721497 0.4299713373184204 
vt 0.9427369832992554 0.4972251057624817 
vt 0.9516270756721497 0.4972251057624817 
vt 0.12363124638795853 0.2689257562160492 
vt 0.10816493630409241 0.19125066697597504 
vt 0.4496416747570038 0.2689257562160492 
vt 0.4651079773902893 0.21645568311214447 
vt 0.4651079773902893 0.19125066697597504 
vt 0.25637364387512207 0.8044113516807556 
vt 0.31117552518844604 0.8044113516807556 
vt 0.25637364387512207 0.80889493227005 
vt 0.31117552518844604 0.80889493227005 
vt 0.3334616422653198 0.80889493227005 
vt 0.33626261353492737 0.8044113516807556 
vt 0.33626261353492737 0.8046537041664124 
vt 0.3334616422653198 0.8471871614456177 
vt 0.33626261353492737 0.8516707420349121 
vt 0.31117552518844604 0.8516707420349121 
vt 0.31117552518844604 0.8471871614456177 
vt 0.25637364387512207 0.8471871614456177 
vt 0.0537283830344677 0.6972900032997131 
vt 0.0012403399450704455 0.6817792057991028 
vt 0.07881547510623932 0.6972900032997131 
vt 0.0012403399450704455 0.3556891977787018 
vt 0.4676654040813446 0.03056863509118557 
vt 0.5330623388290405 0.03056863509118557 
vt 0.4676654040813446 0.30128028988838196 
vt 0.5330623388290405 0.30128028988838196 
vt 0.9754963517189026 0.2182733565568924 
vt 0.9892576932907104 0.2711069583892822 
vt 0.9754963517189026 0.2931613624095917 
vt 0.9885269999504089 0.2935248911380768 
vt 0.9865785241127014 0.8537307977676392 
vt 0.9873092174530029 0.876027524471283 
vt 0.9735478162765503 0.8540943264961243 
vt 0.9735478162765503 0.9289823174476624 
vt 0.6762779951095581 0.8355540633201599 
vt 0.6893086433410645 0.8355540633201599 
vt 0.6762779951095581 0.8739675283432007 
vt 0.6893086433410645 0.8739675283432007 
vt 0.7642045617103577 0.8739675283432007 
vt 0.24870136380195618 0.8441577553749084 
vt 0.19402123987674713 0.8441577553749084 
vt 0.24870136380195618 0.8397952914237976 
vt 0.19402123987674713 0.8397952914237976 
vt 0.17161336541175842 0.8397952914237976 
vt 0.1689341515302658 0.8441577553749084 
vt 0.1689341515302658 0.7972618341445923 
vt 0.17161336541175842 0.8013818860054016 
vt 0.1689341515302658 0.7970194816589355 
vt 0.19402123987674713 0.7970194816589355 
vt 0.19402123987674713 0.8013818860054016 
vt 0.24870136380195618 0.8013818860054016 
vt 0.24870136380195618 0.8013818860054016 
vt 0.19402123987674713 0.7970194816589355 
vt 0.24870136380195618 0.7970194816589355 
vt 0.07881547510623932 0.3401784300804138 
vt 0.0537283830344677 0.3401784300804138 
vt 0.07881547510623932 0.6972900032997131 
vt 0.0012403399450704455 0.3556891977787018 
vt 0.7642045617103577 0.8739675283432007 
vt 0.7642045617103577 0.8355540633201599 
vt 0.6893086433410645 0.8355540633201599 
vt 0.9856042265892029 0.24614429473876953 
vt 0.9848735332489014 0.22384755313396454 
vt 0.998634934425354 0.24578076601028442 
vt 0.998634934425354 0.17089276015758514 
vt 0.2596617341041565 0.5944098830223083 
vt 0.26002708077430725 0.5813226699829102 
vt 0.2819478511810303 0.5951369404792786 
vt 0.33492302894592285 0.5813226699829102 
vt 0.6799314022064209 0.9150468707084656 
vt 0.6799314022064209 0.8767545819282532 
vt 0.692962110042572 0.9150468707084656 
vt 0.692962110042572 0.8767545819282532 
vt 0.7678580284118652 0.8767545819282532 
vt 0.7678580284118652 0.9150468707084656 
vt 0.6738423109054565 0.8287681341171265 
vt 0.6738423109054565 0.8244057297706604 
vt 0.6191622018814087 0.8244057297706604 
vt 0.9422498345375061 0.631732702255249 
vt 0.9422498345375061 0.5646001100540161 
vt 0.9510181546211243 0.631732702255249 
vt 0.9510181546211243 0.5646001100540161 
vt 0.6738423109054565 0.8715439438819885 
vt 0.6191622018814087 0.8715439438819885 
vt 0.6738423109054565 0.8671815395355225 
vt 0.6191622018814087 0.8671815395355225 
vt 0.5967543125152588 0.8671815395355225 
vt 0.5939533114433289 0.8715439438819885 
vt 0.5939533114433289 0.8713015913963318 
vt 0.5967543125152588 0.8287681341171265 
vt 0.5939533114433289 0.8244057297706604 
vt 0.6191622018814087 0.8244057297706604 
vt 0.6191622018814087 0.8287681341171265 
vt 0.6738423109054565 0.8287681341171265 
vt 0.13386093080043793 0.6972900032997131 
vt 0.08137289434671402 0.6817792057991028 
vt 0.15894803404808044 0.6972900032997131 
vt 0.08137289434671402 0.3556891977787018 
vt 0.13386093080043793 0.3401784300804138 
vt 0.15894803404808044 0.3401784300804138 
vt 0.42199715971946716 0.1081225574016571 
vt 0.4651079773902893 0.05565248057246208 
vt 0.42199715971946716 0.04268643632531166 
vt 0.4651079773902893 0.03056863509118557 
vt 0.10816493630409241 0.03056863509118557 
vt 0.15127576887607574 0.04268643632531166 
vt 0.10816493630409241 0.05565248057246208 
vt 0.15127576887607574 0.1081225574016571 
vt 0.12363124638795853 0.1081225574016571 
vt 0.29193398356437683 0.5951369404792786 
vt 0.36682990193367004 0.5951369404792786 
vt 0.3447873592376709 0.5813226699829102 
vt 0.3671952486038208 0.5820497274398804 
vt 0.9730607271194458 0.5764755010604858 
vt 0.9860913753509521 0.5759907960891724 
vt 0.9723300337791443 0.5540575981140137 
vt 0.9860913753509521 0.5011028051376343 
vt 0.7704154253005981 0.927891731262207 
vt 0.8087767958641052 0.927891731262207 
vt 0.7704154253005981 0.9148045182228088 
vt 0.8087767958641052 0.9148045182228088 
vt 0.8087767958641052 0.8399165272712708 
vt 0.33102598786354065 0.8441577553749084 
vt 0.2763458788394928 0.8441577553749084 
vt 0.33102598786354065 0.8397952914237976 
vt 0.2763458788394928 0.8397952914237976 
vt 0.2539379894733429 0.8397952914237976 
vt 0.25113701820373535 0.8441577553749084 
vt 0.25113701820373535 0.7972618341445923 
vt 0.2539379894733429 0.8013818860054016 
vt 0.25113701820373535 0.7970194816589355 
vt 0.2763458788394928 0.7970194816589355 
vt 0.2763458788394928 0.8013818860054016 
vt 0.33102598786354065 0.8013818860054016 
vt 0.33102598786354065 0.8013818860054016 
vt 0.2763458788394928 0.7970194816589355 
vt 0.33102598786354065 0.7970194816589355 
vt 0.8087767958641052 0.8399165272712708 
vt 0.7704154253005981 0.8399165272712708 
vt 0.7704154253005981 0.9148045182228088 
vt 0.9856042265892029 0.6137983202934265 
vt 0.9848735332489014 0.5915015935897827 
vt 0.998634934425354 0.6134347915649414 
vt 0.998634934425354 0.5385468006134033 
vt 0.9865785241127014 0.7341281175613403 
vt 0.9735478162765503 0.7336434125900269 
vt 0.9873092174530029 0.7117101550102234 
vt 0.9735478162765503 0.658755362033844 
vt 0.0012403399450704455 0.7726626992225647 
vt 0.4099407196044922 0.7942323684692383 
vt 0.0012403399450704455 0.7942323684692383 
vt 0.8998697400093079 0.0012435599928721786 
vt 0.8783143162727356 0.0012435599928721786 
vt 0.8783143162727356 0.40985578298568726 
vt 0.9941290020942688 0.6966841220855713 
vt 0.9897448420524597 0.7783581018447876 
vt 0.9897448420524597 0.6966841220855713 
vt 0.17611929774284363 0.46050816774368286 
vt 0.17611929774284363 0.48207786679267883 
vt 0.5848196744918823 0.48207786679267883 
vt 0.0012403399450704455 0.7240703105926514 
vt 0.4099407196044922 0.7240703105926514 
vt 0.0012403399450704455 0.7456400394439697 
vt 0.4099407196044922 0.7456400394439697 
vt 0.0012403399450704455 0.7484270930290222 
vt 0.4099407196044922 0.7484270930290222 
vt 0.0012403399450704455 0.7698755860328674 
vt 0.4099407196044922 0.7698755860328674 
vt 0.9321419596672058 0.6991076469421387 
vt 0.9321419596672058 0.780781626701355 
vt 0.9278795719146729 0.6991076469421387 
vt 0.9278795719146729 0.780781626701355 
vt 0.0012403399450704455 0.6997135281562805 
vt 0.4099407196044922 0.6997135281562805 
vt 0.0012403399450704455 0.7212832570075989 
vt 0.4099407196044922 0.7212832570075989 
vt 0.8601688146591187 0.8241633772850037 
vt 0.8164490461349487 0.8241633772850037 
vt 0.8601688146591187 0.4878944158554077 
vt 0.8164490461349487 0.4878944158554077 
vt 0.5147950053215027 0.45784226059913635 
vt 0.5147950053215027 0.3401784300804138 
vt 0.5820186734199524 0.45784226059913635 
vt 0.5820186734199524 0.3401784300804138 
vt 0.7646917104721069 0.5316396951675415 
vt 0.17611929774284363 0.5316396951675415 
vt 0.7646917104721069 0.4878944158554077 
vt 0.17611929774284363 0.4878944158554077 
vt 0.17611929774284363 0.5346691012382507 
vt 0.7646917104721069 0.5346691012382507 
vt 0.17611929774284363 0.5782932043075562 
vt 0.7646917104721069 0.5782932043075562 
vt 0.001362122013233602 0.9656992554664612 
vt 0.31629037857055664 0.9602462649345398 
vt 0.31641215085983276 0.9656992554664612 
vt 0.10816493630409241 0.1856764703989029 
vt 0.10816493630409241 0.1887059211730957 
vt 0.11863818764686584 0.1856764703989029 
vt 0.11863818764686584 0.1887059211730957 
vt 0.0012403399450704455 0.9736970067024231 
vt 0.30740028619766235 0.9736970067024231 
vt 0.30727851390838623 0.9683651924133301 
vt 0.9819507598876953 0.7469729781150818 
vt 0.9789062142372131 0.7469729781150818 
vt 0.9819507598876953 0.7365516424179077 
vt 0.9789062142372131 0.7365516424179077 
vt 0.9677022695541382 0.0012435599928721786 
vt 0.9729388952255249 0.3073391914367676 
vt 0.9677022695541382 0.3073391914367676 
vt 0.4534169137477875 0.1856764703989029 
vt 0.4534169137477875 0.18858474493026733 
vt 0.46401193737983704 0.1856764703989029 
vt 0.46401193737983704 0.18858474493026733 
vt 0.9596647024154663 0.0012435599928721786 
vt 0.9596647024154663 0.31630635261535645 
vt 0.9651448726654053 0.001364737981930375 
vt 0.9651448726654053 0.3164275288581848 
vt 0.5939533114433289 0.7463670969009399 
vt 0.6044265627861023 0.7463670969009399 
vt 0.5939533114433289 0.7433376312255859 
vt 0.6044265627861023 0.7433376312255859 
vt 0.9203290939331055 0.9231657981872559 
vt 0.9122914671897888 0.46365880966186523 
vt 0.9122914671897888 0.9231657981872559 
vt 0.0012403399450704455 0.9234081506729126 
vt 0.0012403399450704455 0.9154103994369507 
vt 0.46084561944007874 0.9154103994369507 
vt 0.9642924070358276 0.3184875547885895 
vt 0.9697725772857666 0.6335503458976746 
vt 0.9697725772857666 0.3183663785457611 
vt 0.9656320214271545 0.6362162828445435 
vt 0.9709904193878174 0.6362162828445435 
vt 0.9709904193878174 0.9423118829727173 
vt 0.48849013447761536 0.7314621806144714 
vt 0.42309319972991943 0.6991076469421387 
vt 0.42309319972991943 0.7314621806144714 
vt 0.9103429913520813 0.46087172627449036 
vt 0.9023053646087646 0.46087172627449036 
vt 0.9023053646087646 0.0012435599928721786 
vt 0.9208162426948547 0.46087172627449036 
vt 0.9129003882408142 0.0012435599928721786 
vt 0.9129003882408142 0.46087172627449036 
vt 0.31896957755088806 0.9717581868171692 
vt 0.31884780526161194 0.9664263129234314 
vt 0.6248859763145447 0.9664263129234314 
vt 0.6665353775024414 0.7108619213104248 
vt 0.6011384725570679 0.6810521483421326 
vt 0.6011384725570679 0.7108619213104248 
vt 0.9768359661102295 0.5124935507774353 
vt 0.9768359661102295 0.5009816288948059 
vt 0.98024582862854 0.5009816288948059 
vt 0.9890141487121582 0.6277338266372681 
vt 0.9924240112304688 0.6162219047546387 
vt 0.9890141487121582 0.6162219047546387 
vt 0.10816493630409241 0.21645568311214447 
vt 0.10816493630409241 0.19125066697597504 
vt 0.12363124638795853 0.2689257562160492 
vt 0.4651079773902893 0.05565248057246208 
vt 0.42199715971946716 0.1081225574016571 
vt 0.4496416747570038 0.1081225574016571 
vt 0.0012403399450704455 0.7726626992225647 
vt 0.4099407196044922 0.7726626992225647 
vt 0.4099407196044922 0.7942323684692383 
vt 0.8998697400093079 0.0012435599928721786 
vt 0.8783143162727356 0.40985578298568726 
vt 0.8998697400093079 0.40985578298568726 
vt 0.9941290020942688 0.6966841220855713 
vt 0.9941290020942688 0.7783581018447876 
vt 0.9897448420524597 0.7783581018447876 
vt 0.17611929774284363 0.46050816774368286 
vt 0.5848196744918823 0.48207786679267883 
vt 0.5848196744918823 0.46050816774368286 
vt 0.001362122013233602 0.9656992554664612 
vt 0.0012403399450704455 0.9602462649345398 
vt 0.31629037857055664 0.9602462649345398 
vt 0.0012403399450704455 0.9736970067024231 
vt 0.30727851390838623 0.9683651924133301 
vt 0.0012403399450704455 0.9683651924133301 
vt 0.9677022695541382 0.0012435599928721786 
vt 0.9729388952255249 0.0012435599928721786 
vt 0.9729388952255249 0.3073391914367676 
vt 0.38290512561798096 0.6574224233627319 
vt 0.38290512561798096 0.651121199131012 
vt 0.33808934688568115 0.6574224233627319 
vt 0.33808934688568115 0.651121199131012 
vt 0.9479736089706421 0.8567602634429932 
vt 0.9228864908218384 0.8567602634429932 
vt 0.9479736089706421 0.8721498250961304 
vt 0.9228864908218384 0.8721498250961304 
vt 0.9479736089706421 0.894446611404419 
vt 0.9228864908218384 0.894446611404419 
vt 0.9479736089706421 0.9303153157234192 
vt 0.9228864908218384 0.9378283023834229 
vt 0.9462686777114868 0.9323753118515015 
vt 0.9462686777114868 0.9378283023834229 
vt 0.9348211288452148 0.8537307977676392 
vt 0.9527230858802795 0.8539731502532959 
vt 0.9379875063896179 0.8011395335197449 
vt 0.9533320069313049 0.8107125759124756 
vt 0.953453779220581 0.8013818860054016 
vt 0.6314622163772583 0.9178339242935181 
vt 0.6314622163772583 0.954914391040802 
vt 0.5797048211097717 0.9178339242935181 
vt 0.5797048211097717 0.954914391040802 
vt 0.5486504435539246 0.9178339242935181 
vt 0.5486504435539246 0.954914391040802 
vt 0.64790278673172 0.7715721130371094 
vt 0.64790278673172 0.7267362475395203 
vt 0.6913789510726929 0.7715721130371094 
vt 0.6913789510726929 0.7267362475395203 
vt 0.7074541449546814 0.7113466262817383 
vt 0.7074541449546814 0.7869617342948914 
vt 0.7112293839454651 0.8022301197052002 
vt 0.7074541449546814 0.8022301197052002 
vt 0.7112293839454651 0.6960782408714294 
vt 0.7074541449546814 0.6960782408714294 
vt 0.23274792730808258 0.6031346917152405 
vt 0.22812020778656006 0.6031346917152405 
vt 0.23274792730808258 0.6194937229156494 
vt 0.22812020778656006 0.6194937229156494 
vt 0.23274792730808258 0.6314903497695923 
vt 0.22799842059612274 0.6314903497695923 
vt 0.22812020778656006 0.6438505053520203 
vt 0.23274792730808258 0.6476070284843445 
vt 0.20753905177116394 0.6476070284843445 
vt 0.20753905177116394 0.6438505053520203 
vt 0.22093506157398224 0.3966473639011383 
vt 0.22093506157398224 0.386347234249115 
vt 0.17611929774284363 0.3966473639011383 
vt 0.17611929774284363 0.386347234249115 
vt 0.455608993768692 0.308672159910202 
vt 0.43734169006347656 0.27171286940574646 
vt 0.43734169006347656 0.308672159910202 
vt 0.4031209349632263 0.308672159910202 
vt 0.4031209349632263 0.27171286940574646 
vt 0.3875328302383423 0.27171286940574646 
vt 0.3875328302383423 0.308672159910202 
vt 0.3799823522567749 0.27171286940574646 
vt 0.3799823522567749 0.308672159910202 
vt 0.3389418125152588 0.27171286940574646 
vt 0.3389418125152588 0.308672159910202 
vt 0.3313913345336914 0.27171286940574646 
vt 0.3313913345336914 0.308672159910202 
vt 0.28304389119148254 0.308672159910202 
vt 0.28304389119148254 0.27171286940574646 
vt 0.6767650842666626 0.8218609690666199 
vt 0.6767650842666626 0.8038054704666138 
vt 0.6457107067108154 0.8218609690666199 
vt 0.6457107067108154 0.7892640829086304 
vt 0.5939533114433289 0.8218609690666199 
vt 0.6457107067108154 0.7736321091651917 
vt 0.6457107067108154 0.7892640829086304 
vt 0.6403522491455078 0.7683002948760986 
vt 0.5993117690086365 0.7683002948760986 
vt 0.5939533114433289 0.7736321091651917 
vt 0.5939533114433289 0.8218609690666199 
vt 0.7998867034912109 0.9590344429016113 
vt 0.7995213270187378 0.9876324534416199 
vt 0.7963550090789795 0.9627909660339355 
vt 0.7958678603172302 0.9838759899139404 
vt 0.7684669494628906 0.9626697897911072 
vt 0.7684669494628906 0.9839971661567688 
vt 0.7646917104721069 0.9876324534416199 
vt 0.7649352550506592 0.9591556787490845 
vt 0.9594210982322693 0.7124372124671936 
vt 0.9613696336746216 0.7124372124671936 
vt 0.9594210982322693 0.6792344450950623 
vt 0.9613696336746216 0.6792344450950623 
vt 0.41931796073913574 0.0870375856757164 
vt 0.41931796073913574 0.06049960106611252 
vt 0.41736942529678345 0.0870375856757164 
vt 0.41736942529678345 0.06049960106611252 
vt 0.10816493630409241 0.15562433004379272 
vt 0.10913918912410736 0.15562433004379272 
vt 0.10816493630409241 0.1495654284954071 
vt 0.10913918912410736 0.1495654284954071 
vt 0.6710413694381714 0.6810521483421326 
vt 0.668971061706543 0.6810521483421326 
vt 0.6710413694381714 0.7075901031494141 
vt 0.668971061706543 0.7075901031494141 
vt 0.9933983087539673 0.17137746512889862 
vt 0.9924240112304688 0.17137746512889862 
vt 0.9933983087539673 0.17743636667728424 
vt 0.9924240112304688 0.17743636667728424 
vt 0.7012432813644409 0.6482129096984863 
vt 0.7012432813644409 0.6930487751960754 
vt 0.7447194457054138 0.6482129096984863 
vt 0.7447194457054138 0.6930487751960754 
vt 0.7607946991920471 0.7084383964538574 
vt 0.7607946991920471 0.6328232884407043 
vt 0.7645699381828308 0.6175548434257507 
vt 0.7607946991920471 0.6175548434257507 
vt 0.7645699381828308 0.7237067818641663 
vt 0.7607946991920471 0.7237067818641663 
vt 0.7671273350715637 0.4878944158554077 
vt 0.7732164263725281 0.4878944158554077 
vt 0.7671273350715637 0.8368870615959167 
vt 0.7732164263725281 0.8368870615959167 
vt 0.7857599854469299 0.8368870615959167 
vt 0.7857599854469299 0.4878944158554077 
vt 0.7952589988708496 0.8368870615959167 
vt 0.7952589988708496 0.4878944158554077 
vt 0.8079243302345276 0.4878944158554077 
vt 0.8079243302345276 0.8368870615959167 
vt 0.8140134215354919 0.4878944158554077 
vt 0.8140134215354919 0.8368870615959167 
vt 0.540734589099884 0.6118595004081726 
vt 0.540734589099884 0.6324597597122192 
vt 0.5446316003799438 0.6118595004081726 
vt 0.5445098280906677 0.637064516544342 
vt 0.5284346342086792 0.637064516544342 
vt 0.5284346342086792 0.6323385834693909 
vt 0.5164999961853027 0.6324597597122192 
vt 0.5164999961853027 0.637064516544342 
vt 0.5001811981201172 0.6324597597122192 
vt 0.5001811981201172 0.637064516544342 
vt 0.8837944865226746 0.9802406430244446 
vt 0.9043756723403931 0.9802406430244446 
vt 0.8837944865226746 0.9839971661567688 
vt 0.9090033769607544 0.9839971661567688 
vt 0.9090033769607544 0.9678804874420166 
vt 0.9042538404464722 0.9678804874420166 
vt 0.9043756723403931 0.9558838605880737 
vt 0.9090033769607544 0.9558838605880737 
vt 0.9043756723403931 0.9396460056304932 
vt 0.9090033769607544 0.9396460056304932 
vt 0.9977824687957764 0.4159146845340729 
vt 0.994372546672821 0.41567233204841614 
vt 0.9977824687957764 0.43360665440559387 
vt 0.994372546672821 0.4338490068912506 
vt 0.9926676154136658 0.4138546586036682 
vt 0.9926676154136658 0.43566668033599854 
vt 0.9901101589202881 0.4357878565788269 
vt 0.9901101589202881 0.41373348236083984 
vt 0.5356197357177734 0.3087933361530304 
vt 0.5403692722320557 0.3087933361530304 
vt 0.5356197357177734 0.030689813196659088 
vt 0.5403692722320557 0.030689813196659088 
vt 0.5452405214309692 0.308672159910202 
vt 0.5452405214309692 0.03056863509118557 
vt 0.5501118302345276 0.308672159910202 
vt 0.5501118302345276 0.03056863509118557 
vt 0.5692315697669983 0.308672159910202 
vt 0.5692315697669983 0.03056863509118557 
vt 0.5741028785705566 0.308672159910202 
vt 0.5741028785705566 0.03056863509118557 
vt 0.5789741277694702 0.03056863509118557 
vt 0.5789741277694702 0.308672159910202 
vt 0.8468945622444153 0.9543085098266602 
vt 0.8468945622444153 0.930921196937561 
vt 0.8414143323898315 0.9543085098266602 
vt 0.8393440842628479 0.9561262130737305 
vt 0.8034183979034424 0.930921196937561 
vt 0.8034183979034424 0.9561262130737305 
vt 0.7812540531158447 0.930921196937561 
vt 0.7812540531158447 0.9561262130737305 
vt 0.7657877206802368 0.930921196937561 
vt 0.7657877206802368 0.9561262130737305 
vt 0.7510521411895752 0.7097713351249695 
vt 0.7572630047798157 0.7097713351249695 
vt 0.7510521411895752 0.7544860243797302 
vt 0.7572630047798157 0.7544860243797302 
vt 0.5915176868438721 0.5814438462257385 
vt 0.5915176868438721 0.8602743744850159 
vt 0.5866464376449585 0.5814438462257385 
vt 0.5866464376449585 0.8602743744850159 
vt 0.5817751288414001 0.5814438462257385 
vt 0.5817751288414001 0.8602743744850159 
vt 0.5625335574150085 0.8602743744850159 
vt 0.5625335574150085 0.5814438462257385 
vt 0.557662308216095 0.8602743744850159 
vt 0.557662308216095 0.5814438462257385 
vt 0.5527909994125366 0.5814438462257385 
vt 0.5527909994125366 0.8602743744850159 
vt 0.547919750213623 0.5814438462257385 
vt 0.547919750213623 0.8603955507278442 
vt 0.5087059140205383 0.7372787594795227 
vt 0.4729020297527313 0.7372787594795227 
vt 0.5033475160598755 0.7334010601043701 
vt 0.47229310870170593 0.7334010601043701 
vt 0.4568268060684204 0.7526683211326599 
vt 0.42053577303886414 0.7334010601043701 
vt 0.43210506439208984 0.7592119574546814 
vt 0.4159080386161804 0.757757842540741 
vt 0.42053577303886414 0.6964417695999146 
vt 0.4159080386161804 0.6720849871635437 
vt 0.43210506439208984 0.6706308126449585 
vt 0.4568268060684204 0.67717444896698 
vt 0.4406298100948334 0.6622695326805115 
vt 0.4568268060684204 0.661784827709198 
vt 0.4406298100948334 0.7676944136619568 
vt 0.4568268060684204 0.7680579423904419 
vt 0.47229310870170593 0.6964417695999146 
vt 0.4729020297527313 0.692564070224762 
vt 0.5033475160598755 0.6964417695999146 
vt 0.5088276863098145 0.692564070224762 
vt 0.5033475160598755 0.7334010601043701 
vt 0.5033475160598755 0.6964417695999146 
vt 0.5087059140205383 0.7372787594795227 
vt 0.5088276863098145 0.692564070224762 
vt 0.5113851428031921 0.7372787594795227 
vt 0.5115069150924683 0.692564070224762 
vt 0.5169870853424072 0.7372787594795227 
vt 0.5169870853424072 0.692564070224762 
vt 0.0012403399450704455 0.9346777200698853 
vt 0.35416457056999207 0.9346777200698853 
vt 0.0012403399450704455 0.9408577680587769 
vt 0.35416457056999207 0.9408577680587769 
vt 0.5462148189544678 0.9523696899414062 
vt 0.5151603817939758 0.9523696899414062 
vt 0.5462148189544678 0.9154103994369507 
vt 0.5151603817939758 0.9154103994369507 
vt 0.46340301632881165 0.9154103994369507 
vt 0.46340301632881165 0.9523696899414062 
vt 0.10816493630409241 0.27171286940574646 
vt 0.12631045281887054 0.27171286940574646 
vt 0.12631045281887054 0.308672159910202 
vt 0.1605311930179596 0.308672159910202 
vt 0.1605311930179596 0.27171286940574646 
vt 0.17611929774284363 0.308672159910202 
vt 0.17611929774284363 0.27171286940574646 
vt 0.18379156291484833 0.308672159910202 
vt 0.18379156291484833 0.27171286940574646 
vt 0.22471031546592712 0.308672159910202 
vt 0.22471031546592712 0.27171286940574646 
vt 0.23238258063793182 0.308672159910202 
vt 0.23238258063793182 0.27171286940574646 
vt 0.28060823678970337 0.308672159910202 
vt 0.28060823678970337 0.27171286940574646 
vt 0.23238258063793182 0.27171286940574646 
vt 0.10816493630409241 0.27171286940574646 
vt 0.12631045281887054 0.308672159910202 
vt 0.10816493630409241 0.308672159910202 
vt 0.41237637400627136 0.7670885324478149 
vt 0.41237637400627136 0.7981100678443909 
vt 0.4305218756198883 0.7670885324478149 
vt 0.44501394033432007 0.7981100678443909 
vt 0.41237637400627136 0.8498530983924866 
vt 0.4606020450592041 0.8498530983924866 
vt 0.46596044301986694 0.8445212841033936 
vt 0.46596044301986694 0.8034419417381287 
vt 0.4606020450592041 0.7981100678443909 
vt 0.9496785402297974 0.940251886844635 
vt 0.9152142405509949 0.9426754713058472 
vt 0.9152142405509949 0.9404942393302917 
vt 0.9152142405509949 0.9426754713058472 
vt 0.9496785402297974 0.9424330592155457 
vt 0.9459033012390137 0.9460684061050415 
vt 0.9460250735282898 0.9670321941375732 
vt 0.9188677072525024 0.9460684061050415 
vt 0.9185023903846741 0.9671533703804016 
vt 0.9149706959724426 0.9706675410270691 
vt 0.9131439328193665 0.9426754713058472 
vt 0.9495567679405212 0.9706675410270691 
vt 0.9495567679405212 0.9727275967597961 
vt 0.9149706959724426 0.9727275967597961 
vt 0.9516270756721497 0.9706675410270691 
vt 0.9518706202507019 0.9424330592155457 
vt 0.9496785402297974 0.9424330592155457 
vt 0.9149706959724426 0.9706675410270691 
vt 0.9129003882408142 0.9706675410270691 
vt 0.6822452545166016 0.9178339242935181 
vt 0.6822452545166016 0.9430390000343323 
vt 0.6977115869522095 0.9178339242935181 
vt 0.6977115869522095 0.9430390000343323 
vt 0.7198759317398071 0.9178339242935181 
vt 0.7198759317398071 0.9430390000343323 
vt 0.7556798458099365 0.9178339242935181 
vt 0.76335209608078 0.9430390000343323 
vt 0.7577501535415649 0.9196516275405884 
vt 0.76335209608078 0.9196516275405884 
vt 0.35672199726104736 0.9511579275131226 
vt 0.37206652760505676 0.9511579275131226 
vt 0.35672199726104736 0.9259528517723083 
vt 0.37206652760505676 0.9259528517723083 
vt 0.39435264468193054 0.9511579275131226 
vt 0.39435264468193054 0.9259528517723083 
vt 0.43015655875205994 0.9511579275131226 
vt 0.43782880902290344 0.9259528517723083 
vt 0.43222683668136597 0.9493402242660522 
vt 0.43782880902290344 0.9493402242660522 
vt 0.4464753270149231 0.7938688397407532 
vt 0.4464753270149231 0.7756921648979187 
vt 0.47752973437309265 0.7938688397407532 
vt 0.47752973437309265 0.7612719535827637 
vt 0.5292870998382568 0.7938688397407532 
vt 0.5292870998382568 0.7456400394439697 
vt 0.523928701877594 0.7403081655502319 
vt 0.4828881621360779 0.7403081655502319 
vt 0.47752973437309265 0.7456400394439697 
vt 0.9742785096168518 0.5343055725097656 
vt 0.9723300337791443 0.5343055725097656 
vt 0.9742785096168518 0.5009816288948059 
vt 0.9723300337791443 0.5009816288948059 
vt 0.5889602899551392 0.03662753477692604 
vt 0.5889602899551392 0.03056863509118557 
vt 0.5898127555847168 0.03662753477692604 
vt 0.5898127555847168 0.03056863509118557 
vt 0.48325350880622864 0.30358266830444336 
vt 0.48325350880622864 0.30746036767959595 
vt 0.4626723527908325 0.30358266830444336 
vt 0.4581663906574249 0.30746036767959595 
vt 0.4580446183681488 0.2912225127220154 
vt 0.46279412508010864 0.2912225127220154 
vt 0.4626723527908325 0.2792258858680725 
vt 0.4581663906574249 0.2792258858680725 
vt 0.4626723527908325 0.26298803091049194 
vt 0.4581663906574249 0.26298803091049194 
vt 0.9932765364646912 0.06352905184030533 
vt 0.9979042410850525 0.06352905184030533 
vt 0.9932765364646912 0.14932307600975037 
vt 0.9979042410850525 0.14932307600975037 
vt 0.3877764046192169 0.8417341709136963 
vt 0.3850972056388855 0.840643584728241 
vt 0.38935956358909607 0.8417341709136963 
vt 0.3965447247028351 0.83664470911026 
vt 0.3954486846923828 0.8417341709136963 
vt 0.3965447247028351 0.8417341709136963 
vt 0.399954617023468 0.824284553527832 
vt 0.3850972056388855 0.7981100678443909 
vt 0.399954617023468 0.8144690990447998 
vt 0.3965447247028351 0.8021089434623718 
vt 0.38935956358909607 0.7970194816589355 
vt 0.3877764046192169 0.7970194816589355 
vt 0.36049723625183105 0.840643584728241 
vt 0.36049723625183105 0.7981100678443909 
vt 0.35781803727149963 0.8417341709136963 
vt 0.35781803727149963 0.7970194816589355 
vt 0.3568437695503235 0.7970194816589355 
vt 0.3568437695503235 0.8417341709136963 
vt 0.3954486846923828 0.7970194816589355 
vt 0.3965447247028351 0.7970194816589355 
vt 0.5860375165939331 0.17816343903541565 
vt 0.5860375165939331 0.2639574706554413 
vt 0.5814098119735718 0.17816343903541565 
vt 0.5814098119735718 0.2639574706554413 
vt 0.5898127555847168 0.04801826924085617 
vt 0.5898127555847168 0.05407716706395149 
vt 0.5889602899551392 0.04801826924085617 
vt 0.5889602899551392 0.05407716706395149 
vt 0.5939533114433289 0.7527894973754883 
vt 0.6387690901756287 0.7527894973754883 
vt 0.5939533114433289 0.7582425475120544 
vt 0.6387690901756287 0.7582425475120544 
vt 0.4607238173484802 0.1607138067483902 
vt 0.4649862051010132 0.1607138067483902 
vt 0.4607238173484802 0.18264701962471008 
vt 0.4649862051010132 0.18264701962471008 
vt 0.08405210077762604 0.8505801558494568 
vt 0.052997689694166183 0.8505801558494568 
vt 0.08405210077762604 0.8324034810066223 
vt 0.052997689694166183 0.8178620934486389 
vt 0.0012403399450704455 0.8505801558494568 
vt 0.0012403399450704455 0.8023512959480286 
vt 0.052997689694166183 0.8178620934486389 
vt 0.006598747801035643 0.7970194816589355 
vt 0.047639280557632446 0.7970194816589355 
vt 0.052997689694166183 0.8023512959480286 
vt 0.5132118463516235 0.6872321963310242 
vt 0.5132118463516235 0.6695402264595032 
vt 0.509801983833313 0.6874745488166809 
vt 0.509801983833313 0.6691766977310181 
vt 0.5080970525741577 0.6892922520637512 
vt 0.5080970525741577 0.6674802303314209 
vt 0.50553959608078 0.6673590540885925 
vt 0.50553959608078 0.6892922520637512 
vt 0.0012403399450704455 0.854336678981781 
vt 0.35416457056999207 0.854336678981781 
vt 0.0012403399450704455 0.8603955507278442 
vt 0.35416457056999207 0.8603955507278442 
vt 0.22093506157398224 0.5813226699829102 
vt 0.22093506157398224 0.593319296836853 
vt 0.17611929774284363 0.5813226699829102 
vt 0.17611929774284363 0.593319296836853 
vt 0.17611929774284363 0.5994993448257446 
vt 0.22093506157398224 0.5994993448257446 
vt 0.22093506157398224 0.6004687547683716 
vt 0.17611929774284363 0.6004687547683716 
vt 0.21971724927425385 0.6031346917152405 
vt 0.17733711004257202 0.6031346917152405 
vt 0.21971724927425385 0.6277338266372681 
vt 0.17733711004257202 0.6277338266372681 
vt 0.19365589320659637 0.6426387429237366 
vt 0.18123413622379303 0.6391245722770691 
vt 0.17611929774284363 0.6319750547409058 
vt 0.17611929774284363 0.638033926486969 
vt 0.17611929774284363 0.6391245722770691 
vt 0.2033984661102295 0.6426387429237366 
vt 0.21569843590259552 0.6391245722770691 
vt 0.22093506157398224 0.6319750547409058 
vt 0.22093506157398224 0.638033926486969 
vt 0.22093506157398224 0.6391245722770691 
vt 0.17611929774284363 0.630399763584137 
vt 0.22093506157398224 0.630399763584137 
vt 0.7565323114395142 0.8018665909767151 
vt 0.7565323114395142 0.757030725479126 
vt 0.7510521411895752 0.8018665909767151 
vt 0.7510521411895752 0.757030725479126 
vt 0.6348720788955688 0.7500024437904358 
vt 0.6348720788955688 0.7346128225326538 
vt 0.6186750531196594 0.7495177388191223 
vt 0.6101503372192383 0.7411563992500305 
vt 0.598581075668335 0.7153455018997192 
vt 0.5939533114433289 0.7397022843360901 
vt 0.5939533114433289 0.6540294289588928 
vt 0.598581075668335 0.6782650351524353 
vt 0.6101503372192383 0.6525753140449524 
vt 0.6348720788955688 0.6591189503669739 
vt 0.6186750531196594 0.6439716815948486 
vt 0.6348720788955688 0.6437293291091919 
vt 0.6503384113311768 0.7153455018997192 
vt 0.6509473323822021 0.7192232012748718 
vt 0.6813927888870239 0.7153455018997192 
vt 0.6868730187416077 0.7192232012748718 
vt 0.6503384113311768 0.6782650351524353 
vt 0.6509473323822021 0.6743873357772827 
vt 0.6813927888870239 0.6782650351524353 
vt 0.6867512464523315 0.6743873357772827 
vt 0.11242730915546417 0.1607138067483902 
vt 0.11242730915546417 0.18264701962471008 
vt 0.10816493630409241 0.1607138067483902 
vt 0.10816493630409241 0.18264701962471008 
vt 0.9074202179908752 0.4878944158554077 
vt 0.9074202179908752 0.7742380499839783 
vt 0.8626044392585754 0.4878944158554077 
vt 0.8626044392585754 0.7742380499839783 
vt 0.6813927888870239 0.6782650351524353 
vt 0.6867512464523315 0.6743873357772827 
vt 0.6813927888870239 0.7153455018997192 
vt 0.6868730187416077 0.7192232012748718 
vt 0.6894304156303406 0.6743873357772827 
vt 0.6895521879196167 0.7192232012748718 
vt 0.6950324177742004 0.6743873357772827 
vt 0.6950324177742004 0.7192232012748718 
vt 0.9422498345375061 0.6342774033546448 
vt 0.9422498345375061 0.6791132688522339 
vt 0.9526013135910034 0.6342774033546448 
vt 0.9526013135910034 0.6791132688522339 
vt 0.0012403399450704455 0.9259528517723083 
vt 0.0012403399450704455 0.9321329593658447 
vt 0.35416457056999207 0.9259528517723083 
vt 0.35416457056999207 0.9321329593658447 
vt 0.9259310364723206 0.4131275713443756 
vt 0.9233736395835876 0.4131275713443756 
vt 0.9259310364723206 0.5599952936172485 
vt 0.9233736395835876 0.5599952936172485 
vt 0.5898127555847168 0.039293453097343445 
vt 0.5889602899551392 0.039293453097343445 
vt 0.5898127555847168 0.045352350920438766 
vt 0.5889602899551392 0.045352350920438766 
vt 0.5889602899551392 0.06280198693275452 
vt 0.5898127555847168 0.06280198693275452 
vt 0.5889602899551392 0.056743085384368896 
vt 0.5898127555847168 0.056743085384368896 
vt 0.5814098119735718 0.1752551645040512 
vt 0.5839672088623047 0.1752551645040512 
vt 0.5814098119735718 0.03056863509118557 
vt 0.5839672088623047 0.03056863509118557 
vt 0.5865246057510376 0.1752551645040512 
vt 0.5865246057510376 0.03056863509118557 
vt 0.9488260746002197 0.0012435599928721786 
vt 0.9488260746002197 0.35423508286476135 
vt 0.9426152110099792 0.0012435599928721786 
vt 0.9426152110099792 0.35423508286476135 
vt 0.4651079773902893 0.1495654284954071 
vt 0.4651079773902893 0.15562433004379272 
vt 0.46413370966911316 0.1495654284954071 
vt 0.46413370966911316 0.15562433004379272 
vt 0.11486294865608215 0.17864815890789032 
vt 0.11486294865608215 0.1725892573595047 
vt 0.1158372014760971 0.17864815890789032 
vt 0.1158372014760971 0.1725892573595047 
vt 0.544996976852417 0.661784827709198 
vt 0.544996976852417 0.7904758453369141 
vt 0.5428048968315125 0.661784827709198 
vt 0.5428048968315125 0.7904758453369141 
vt 0.9355518221855164 0.413248747587204 
vt 0.9355518221855164 0.5618129968643188 
vt 0.9328726530075073 0.413248747587204 
vt 0.9328726530075073 0.5619341731071472 
vt 0.9583250880241394 0.8013818860054016 
vt 0.9583250880241394 0.9299517273902893 
vt 0.9560112357139587 0.8013818860054016 
vt 0.9560112357139587 0.9300729036331177 
vt 0.9228864908218384 0.8416129946708679 
vt 0.9228864908218384 0.699228823184967 
vt 0.9253221750259399 0.8416129946708679 
vt 0.9253221750259399 0.6991076469421387 
vt 0.5896909832954407 0.3401784300804138 
vt 0.5896909832954407 0.4826837480068207 
vt 0.5872552990913391 0.3402996063232422 
vt 0.5872552990913391 0.4826837480068207 
vt 0.3568437695503235 0.7970194816589355 
vt 0.3568437695503235 0.8417341709136963 
vt 0.35075467824935913 0.7970194816589355 
vt 0.35075467824935913 0.8417341709136963 
vt 0.33869826793670654 0.8417341709136963 
vt 0.33869826793670654 0.7970194816589355 
vt 0.43734169006347656 0.27171286940574646 
vt 0.455608993768692 0.308672159910202 
vt 0.455608993768692 0.27171286940574646 
vt 0.953453779220581 0.8013818860054016 
vt 0.9379875063896179 0.8011395335197449 
vt 0.9533320069313049 0.8107125759124756 
vt 0.9527230858802795 0.8539731502532959 
vt 0.9348211288452148 0.8537307977676392 
vt 0.953453779220581 0.8013818860054016 
vt 0.9379875063896179 0.8011395335197449 
vt 0.9533320069313049 0.8107125759124756 
vt 0.9527230858802795 0.8539731502532959 
vt 0.9348211288452148 0.8537307977676392 
vt 0.9348211288452148 0.8537307977676392 
vt 0.9379875063896179 0.8011395335197449 
vt 0.9527230858802795 0.8539731502532959 
vt 0.9533320069313049 0.8107125759124756 
vt 0.953453779220581 0.8013818860054016 
vt 0.23895880579948425 0.4910450279712677 
vt 0.7459372878074646 0.4910450279712677 
vt 0.2890112102031708 0.4887426495552063 
vt 0.6958848834037781 0.4887426495552063 
vt 0.23883701860904694 0.49080267548561096 
vt 0.28876763582229614 0.48850029706954956 
vt 0.7456936836242676 0.49080267548561096 
vt 0.695763111114502 0.48850029706954956 
vt 0.5428048968315125 0.8418553471565247 
vt 0.5173524618148804 0.8418553471565247 
vt 0.5428048968315125 0.7970194816589355 
vt 0.5173524618148804 0.7970194816589355 
vt 0.5038346648216248 0.7970194816589355 
vt 0.5038346648216248 0.8418553471565247 
vt 0.46851786971092224 0.7970194816589355 
vt 0.46851786971092224 0.8418553471565247 
vt 0.4933614134788513 0.6301573514938354 
vt 0.4933614134788513 0.6047099828720093 
vt 0.5158910751342773 0.6301573514938354 
vt 0.5029821991920471 0.5950157642364502 
vt 0.5270950198173523 0.6255525946617126 
vt 0.5382989645004272 0.5950157642364502 
vt 0.5382989645004272 0.6255525946617126 
vt 0.384366512298584 0.6181607842445374 
vt 0.33942896127700806 0.6181607842445374 
vt 0.384366512298584 0.6485764384269714 
vt 0.33942896127700806 0.6485764384269714 
vt 0.6798096299171448 0.9178339242935181 
vt 0.6686056852340698 0.9178339242935181 
vt 0.6798096299171448 0.9627909660339355 
vt 0.6686056852340698 0.9627909660339355 
vt 0.6564275026321411 0.9178339242935181 
vt 0.6564275026321411 0.9627909660339355 
vt 0.6340196132659912 0.9178339242935181 
vt 0.6340196132659912 0.9627909660339355 
vt 0.6737205386161804 0.5931980609893799 
vt 0.6961284279823303 0.5931980609893799 
vt 0.6737205386161804 0.6186454892158508 
vt 0.6833413243293762 0.6282185316085815 
vt 0.7073323726654053 0.5978028774261475 
vt 0.7186580896377563 0.6282185316085815 
vt 0.7186580896377563 0.5978028774261475 
vt 0.752026379108429 0.9938125610351562 
vt 0.7203630208969116 0.9938125610351562 
vt 0.752026379108429 0.9713945984840393 
vt 0.7203630208969116 0.9713945984840393 
vt 0.3760853409767151 0.6886863708496094 
vt 0.3983714282512665 0.6786285638809204 
vt 0.3983714282512665 0.6886863708496094 
vt 0.7609164714813232 0.5813226699829102 
vt 0.7508085370063782 0.5813226699829102 
vt 0.7609164714813232 0.6130712628364563 
vt 0.7508085370063782 0.6130712628364563 
vt 0.8783143162727356 0.4849861264228821 
vt 0.9006004333496094 0.4849861264228821 
vt 0.9006004333496094 0.47480717301368713 
vt 0.9987567067146301 0.5009816288948059 
vt 0.9987567067146301 0.5326091051101685 
vt 0.9885269999504089 0.5009816288948059 
vt 0.9885269999504089 0.5326091051101685 
vt 0.4049476683139801 0.8281622529029846 
vt 0.40713974833488464 0.855306088924408 
vt 0.4016595482826233 0.8285257816314697 
vt 0.40409520268440247 0.858335554599762 
vt 0.40726152062416077 0.8580932021141052 
vt 0.44440504908561707 0.8551849126815796 
vt 0.44610998034477234 0.8522766828536987 
vt 0.446353554725647 0.8549425601959229 
vt 0.4446485936641693 0.858335554599762 
vt 0.5106544494628906 0.8531249165534973 
vt 0.5104109048843384 0.8499742746353149 
vt 0.6916224956512451 0.6708731651306152 
vt 0.6544789671897888 0.6708731651306152 
vt 0.6916224956512451 0.664814293384552 
vt 0.6544789671897888 0.664814293384552 
vt 0.6511908769607544 0.6708731651306152 
vt 0.6544789671897888 0.6614212989807129 
vt 0.6544789671897888 0.6573012471199036 
vt 0.6916224956512451 0.6614212989807129 
vt 0.6916224956512451 0.6573012471199036 
vt 0.6544789671897888 0.6531811952590942 
vt 0.6916224956512451 0.6531811952590942 
vt 0.6511908769607544 0.6570588946342468 
vt 0.6511908769607544 0.6437293291091919 
vt 0.6544789671897888 0.6497882008552551 
vt 0.6544789671897888 0.6437293291091919 
vt 0.6916224956512451 0.6437293291091919 
vt 0.6916224956512451 0.6497882008552551 
vt 0.9815854430198669 0.9452201724052429 
vt 0.9681894183158875 0.9452201724052429 
vt 0.9815854430198669 0.9844818711280823 
vt 0.9681894183158875 0.9844818711280823 
vt 0.9543062448501587 0.9452201724052429 
vt 0.9543062448501587 0.9844818711280823 
vt 0.5101673007011414 0.6650566458702087 
vt 0.5104109048843384 0.661784827709198 
vt 0.5373247265815735 0.6672378182411194 
vt 0.5402474999427795 0.6642084121704102 
vt 0.5400038957595825 0.6674802303314209 
vt 0.5370811223983765 0.7044395208358765 
vt 0.5341583490371704 0.706257164478302 
vt 0.5368375778198242 0.7064995169639587 
vt 0.5402474999427795 0.7048030495643616 
vt 0.5350108742713928 0.7708450555801392 
vt 0.5318444967269897 0.7706027030944824 
vt 0.5878642201423645 0.2869812846183777 
vt 0.5878642201423645 0.28286123275756836 
vt 0.5845761299133301 0.2869812846183777 
vt 0.5845761299133301 0.28286123275756836 
vt 0.5814098119735718 0.28274005651474 
vt 0.5845761299133301 0.27874118089675903 
vt 0.5814098119735718 0.26674455404281616 
vt 0.5845761299133301 0.2753481864929199 
vt 0.5845761299133301 0.26916810870170593 
vt 0.5878642201423645 0.26916810870170593 
vt 0.5878642201423645 0.2753481864929199 
vt 0.5878642201423645 0.27874118089675903 
vt 0.5845761299133301 0.26674455404281616 
vt 0.5845761299133301 0.2903742790222168 
vt 0.5814098119735718 0.29897791147232056 
vt 0.5845761299133301 0.2964331805706024 
vt 0.5845761299133301 0.29897791147232056 
vt 0.5878642201423645 0.2903742790222168 
vt 0.5878642201423645 0.2964331805706024 
vt 0.09172436594963074 0.832645833492279 
vt 0.1560252606868744 0.832645833492279 
vt 0.09988375753164291 0.8264657258987427 
vt 0.14798764884471893 0.8264657258987427 
vt 0.1560252606868744 0.8230727314949036 
vt 0.14798764884471893 0.8230727314949036 
vt 0.09172436594963074 0.8230727314949036 
vt 0.09988375753164291 0.8230727314949036 
vt 0.09988375753164291 0.819922149181366 
vt 0.11827284097671509 0.8230727314949036 
vt 0.12813718616962433 0.8230727314949036 
vt 0.14798764884471893 0.819922149181366 
vt 0.1560252606868744 0.819922149181366 
vt 0.09172436594963074 0.819922149181366 
vt 0.09172436594963074 0.8171350359916687 
vt 0.14798764884471893 0.8171350359916687 
vt 0.1560252606868744 0.8171350359916687 
vt 0.14798764884471893 0.8139843940734863 
vt 0.1560252606868744 0.8139843940734863 
vt 0.14798764884471893 0.8105913996696472 
vt 0.1560252606868744 0.8044113516807556 
vt 0.09988375753164291 0.8105913996696472 
vt 0.09172436594963074 0.8044113516807556 
vt 0.09172436594963074 0.8139843940734863 
vt 0.09988375753164291 0.8139843940734863 
vt 0.09988375753164291 0.8171350359916687 
vt 0.11827284097671509 0.8139843940734863 
vt 0.12813718616962433 0.8139843940734863 
vt 0.49738019704818726 0.7016524076461792 
vt 0.49738019704818726 0.7112254500389099 
vt 0.49409210681915283 0.7016524076461792 
vt 0.49092575907707214 0.6991076469421387 
vt 0.49409210681915283 0.6991076469421387 
vt 0.49092575907707214 0.7153455018997192 
vt 0.49738019704818726 0.7112254500389099 
vt 0.495675265789032 0.7138913869857788 
vt 0.495675265789032 0.7166785001754761 
vt 0.49738019704818726 0.7193443775177002 
vt 0.49092575907707214 0.7313410043716431 
vt 0.49409210681915283 0.7289174795150757 
vt 0.49409210681915283 0.7313410043716431 
vt 0.49738019704818726 0.7289174795150757 
vt 0.7590897083282471 0.7956865429878235 
vt 0.7624996304512024 0.7956865429878235 
vt 0.7590897083282471 0.8330093622207642 
vt 0.7624996304512024 0.8330093622207642 
vt 0.4624287784099579 0.07479860633611679 
vt 0.4651079773902893 0.07479860633611679 
vt 0.4624287784099579 0.08425048738718033 
vt 0.4651079773902893 0.08812818676233292 
vt 0.4607238173484802 0.0870375856757164 
vt 0.4607238173484802 0.0897035002708435 
vt 0.4624287784099579 0.09249059110879898 
vt 0.4651079773902893 0.10206365585327148 
vt 0.4624287784099579 0.10206365585327148 
vt 0.038383848965168 0.6955934762954712 
vt 0.0012403399450704455 0.6924428939819336 
vt 0.0012403399450704455 0.6955934762954712 
vt 0.6985640525817871 0.648091733455658 
vt 0.6985640525817871 0.6851722002029419 
vt 0.6952759623527527 0.648091733455658 
vt 0.3244497776031494 0.8153173923492432 
vt 0.3244497776031494 0.811924397945404 
vt 0.287184476852417 0.8153173923492432 
vt 0.287184476852417 0.811924397945404 
vt 0.6793225407600403 0.774480402469635 
vt 0.6793225407600403 0.7943535447120667 
vt 0.68431556224823 0.774480402469635 
vt 0.68431556224823 0.7943535447120667 
vt 0.6793225407600403 0.8042901754379272 
vt 0.68431556224823 0.8042901754379272 
vt 0.6793225407600403 0.8225880265235901 
vt 0.68431556224823 0.8225880265235901 
vt 0.7008779048919678 0.8127726316452026 
vt 0.7008779048919678 0.7943535447120667 
vt 0.4632812440395355 0.6760838627815247 
vt 0.4683960974216461 0.6760838627815247 
vt 0.4632812440395355 0.679476797580719 
vt 0.4683960974216461 0.679476797580719 
vt 0.5316009521484375 0.6699037551879883 
vt 0.5316009521484375 0.7361881136894226 
vt 0.5284346342086792 0.6699037551879883 
vt 0.5284346342086792 0.7361881136894226 
vt 0.9754963517189026 0.19088712334632874 
vt 0.9754963517189026 0.12460276484489441 
vt 0.9786626696586609 0.19088712334632874 
vt 0.9786626696586609 0.12460276484489441 
vt 0.9278795719146729 0.8502166271209717 
vt 0.9278795719146729 0.7839322686195374 
vt 0.9303151965141296 0.8502166271209717 
vt 0.9303151965141296 0.7839322686195374 
vt 0.3044775128364563 0.8284046053886414 
vt 0.3044775128364563 0.8334940671920776 
vt 0.2846270501613617 0.8284046053886414 
vt 0.25637364387512207 0.8334940671920776 
vt 0.25637364387512207 0.8284046053886414 
vt 0.26635974645614624 0.811924397945404 
vt 0.2846270501613617 0.811924397945404 
vt 0.9885269999504089 0.5517551898956299 
vt 0.9920586943626404 0.5517551898956299 
vt 0.9885269999504089 0.5352749824523926 
vt 0.9920586943626404 0.5352749824523926 
vt 0.9031578302383423 0.4834108352661133 
vt 0.9065677523612976 0.4834108352661133 
vt 0.9031578302383423 0.46353763341903687 
vt 0.9065677523612976 0.46353763341903687 
vt 0.6219632029533386 0.9873901009559631 
vt 0.6403522491455078 0.9873901009559631 
vt 0.6219632029533386 0.9823006391525269 
vt 0.6403522491455078 0.9823006391525269 
vt 0.6318275332450867 0.9658204317092896 
vt 0.6502166390419006 0.9658204317092896 
vt 0.6502166390419006 0.9823006391525269 
vt 0.6502166390419006 0.9873901009559631 
vt 0.6700670719146729 0.9873901009559631 
vt 0.6700670719146729 0.9823006391525269 
vt 0.4651079773902893 0.23802536725997925 
vt 0.46169808506965637 0.23802536725997925 
vt 0.4651079773902893 0.25789856910705566 
vt 0.46169808506965637 0.25789856910705566 
vt 0.6413265466690063 0.6580283045768738 
vt 0.6413265466690063 0.6614212989807129 
vt 0.6464414000511169 0.6580283045768738 
vt 0.6464414000511169 0.6614212989807129 
vt 0.5284346342086792 0.30746036767959595 
vt 0.5284346342086792 0.30406737327575684 
vt 0.5233197808265686 0.30746036767959595 
vt 0.5233197808265686 0.30406737327575684 
vt 0.5041999816894531 0.30746036767959595 
vt 0.5041999816894531 0.30406737327575684 
vt 0.48581090569496155 0.30746036767959595 
vt 0.48581090569496155 0.30406737327575684 
vt 0.7178056240081787 0.9764841198921204 
vt 0.7178056240081787 0.9713945984840393 
vt 0.6980769634246826 0.9764841198921204 
vt 0.6698235273361206 0.9713945984840393 
vt 0.6698235273361206 0.9764841198921204 
vt 0.6796878576278687 0.9929643273353577 
vt 0.6980769634246826 0.9929643273353577 
vt 0.5939533114433289 0.7607872486114502 
vt 0.5990681648254395 0.7607872486114502 
vt 0.5939533114433289 0.7643014192581177 
vt 0.5990681648254395 0.7643014192581177 
vt 0.618309736251831 0.7607872486114502 
vt 0.618309736251831 0.7643014192581177 
vt 0.636698842048645 0.7607872486114502 
vt 0.636698842048645 0.7643014192581177 
vt 0.9930329322814941 0.16859038174152374 
vt 0.9964428544044495 0.16859038174152374 
vt 0.9930329322814941 0.15198899805545807 
vt 0.9964428544044495 0.15198899805545807 
vt 0.7622560858726501 0.7266150712966919 
vt 0.7598204016685486 0.7266150712966919 
vt 0.7622560858726501 0.7928994297981262 
vt 0.7598204016685486 0.7928994297981262 
vt 0.8917103409767151 0.9752722978591919 
vt 0.8879351019859314 0.9644874930381775 
vt 0.8878133296966553 0.9766052961349487 
vt 0.8841598629951477 0.9664263129234314 
vt 0.8839162588119507 0.9779382348060608 
vt 0.8806281685829163 0.9677593111991882 
vt 0.8798974752426147 0.9790288209915161 
vt 0.8772182464599609 0.9687287211418152 
vt 0.8758786916732788 0.9798771142959595 
vt 0.8738083839416504 0.9694557785987854 
vt 0.8718598484992981 0.9806041717529297 
vt 0.8703984618186951 0.9700616598129272 
vt 0.867719292640686 0.9810888767242432 
vt 0.8668667674064636 0.970304012298584 
vt 0.8634569048881531 0.9813312292098999 
vt 0.863335132598877 0.970304012298584 
vt 0.859072744846344 0.9812100529670715 
vt 0.8596816658973694 0.9701828360557556 
vt 0.8546885848045349 0.9809677004814148 
vt 0.8560281991958618 0.9696981310844421 
vt 0.8501826524734497 0.980361819267273 
vt 0.8522529602050781 0.9689710736274719 
vt 0.8456767201423645 0.9795135259628296 
vt 0.8483559489250183 0.9678804874420166 
vt 0.8410490155220032 0.9784229397773743 
vt 0.8443371057510376 0.9661839604377747 
vt 0.8509133458137512 0.9618215560913086 
vt 0.8481123447418213 0.9608521461486816 
vt 0.8532271981239319 0.9517638087272644 
vt 0.850426197052002 0.9511579275131226 
vt 0.8837944865226746 0.9595192074775696 
vt 0.8559064269065857 0.9523696899414062 
vt 0.8539578914642334 0.9624274373054504 
vt 0.8570024371147156 0.9631544947624207 
vt 0.8600469827651978 0.9635180830955505 
vt 0.863335132598877 0.9637604355812073 
vt 0.8665014505386353 0.9637604355812073 
vt 0.8696677684783936 0.9636392593383789 
vt 0.8727123141288757 0.9633969068527222 
vt 0.8757568597793579 0.9626697897911072 
vt 0.8785578608512878 0.9618215560913086 
vt 0.8813588619232178 0.9607309699058533 
vt 0.8809934854507446 0.9511579275131226 
vt 0.878679633140564 0.9518849849700928 
vt 0.8763657808303833 0.9524908661842346 
vt 0.8739301562309265 0.9529755711555481 
vt 0.8714945316314697 0.9533390998840332 
vt 0.868937075138092 0.9535814523696899 
vt 0.8663796782493591 0.9535814523696899 
vt 0.8638222217559814 0.9534602761268616 
vt 0.8611430525779724 0.9532179236412048 
vt 0.8584638237953186 0.9528543949127197 
vt 0.940910279750824 0.503041684627533 
vt 0.940910279750824 0.5054652094841003 
vt 0.94212806224823 0.5009816288948059 
vt 0.9499221444129944 0.503041684627533 
vt 0.9487043023109436 0.5009816288948059 
vt 0.9466339945793152 0.4997698664665222 
vt 0.9441983699798584 0.4997698664665222 
vt 0.94212806224823 0.5075252652168274 
vt 0.9441983699798584 0.5087370276451111 
vt 0.9466339945793152 0.5087370276451111 
vt 0.9487043023109436 0.5075252652168274 
vt 0.9499221444129944 0.5054652094841003 
vt 0.11851640790700912 0.6955934762954712 
vt 0.08137289434671402 0.6955934762954712 
vt 0.08137289434671402 0.6924428939819336 
vt 0.47314560413360596 0.6889287233352661 
vt 0.5031039714813232 0.6889287233352661 
vt 0.47314560413360596 0.6755991578102112 
vt 0.5031039714813232 0.6755991578102112 
vt 0.47314560413360596 0.661784827709198 
vt 0.5031039714813232 0.661784827709198 
vt 0.987430989742279 0.09079410135746002 
vt 0.9907190799713135 0.09079410135746002 
vt 0.987430989742279 0.07697980850934982 
vt 0.9907190799713135 0.07697980850934982 
vt 0.9907190799713135 0.06352905184030533 
vt 0.987430989742279 0.06352905184030533 
vt 0.8297232985496521 0.9861783385276794 
vt 0.8158401250839233 0.9861783385276794 
vt 0.8297232985496521 0.9590344429016113 
vt 0.8158401250839233 0.9590344429016113 
vt 0.8024441003799438 0.9861783385276794 
vt 0.8024441003799438 0.9590344429016113 
vt 0.23774097859859467 0.6924428939819336 
vt 0.20059747993946075 0.6955934762954712 
vt 0.23774097859859467 0.6955934762954712 
vt 0.0012403399450704455 0.34769147634506226 
vt 0.0012403399450704455 0.34514671564102173 
vt 0.0030670699197798967 0.34769147634506226 
vt 0.0030670699197798967 0.34514671564102173 
vt 0.005015581846237183 0.34769147634506226 
vt 0.005015581846237183 0.34514671564102173 
vt 0.006842311937361956 0.34769147634506226 
vt 0.006842311937361956 0.34514671564102173 
vt 0.008669042028486729 0.34769147634506226 
vt 0.008669042028486729 0.34514671564102173 
vt 0.010495771653950214 0.34769147634506226 
vt 0.010495771653950214 0.34514671564102173 
vt 0.012444283813238144 0.34769147634506226 
vt 0.012444283813238144 0.34514671564102173 
vt 0.014271014370024204 0.34769147634506226 
vt 0.014271014370024204 0.34514671564102173 
vt 0.016097744926810265 0.34769147634506226 
vt 0.016097744926810265 0.34514671564102173 
vt 0.01792447455227375 0.34769147634506226 
vt 0.01792447455227375 0.34514671564102173 
vt 0.019872985780239105 0.34769147634506226 
vt 0.019872985780239105 0.34514671564102173 
vt 0.23847167193889618 0.4016156792640686 
vt 0.23847167193889618 0.40343335270881653 
vt 0.23713207244873047 0.4019792079925537 
vt 0.23713207244873047 0.40294861793518066 
vt 0.23725385963916779 0.40488746762275696 
vt 0.23652316629886627 0.40379688143730164 
vt 0.23554891347885132 0.4054933786392212 
vt 0.23554891347885132 0.4040392339229584 
vt 0.23372218012809753 0.40488746762275696 
vt 0.23457464575767517 0.40379688143730164 
vt 0.2340875267982483 0.40294861793518066 
vt 0.23274792730808258 0.40343335270881653 
vt 0.23274792730808258 0.40149450302124023 
vt 0.2340875267982483 0.4019792079925537 
vt 0.23457464575767517 0.4011309742927551 
vt 0.23384396731853485 0.4000403583049774 
vt 0.23554891347885132 0.400888592004776 
vt 0.23554891347885132 0.39943447709083557 
vt 0.23652316629886627 0.4012521505355835 
vt 0.2373756319284439 0.4000403583049774 
vt 0.23847167193889618 0.4016156792640686 
vt 0.9754963517189026 0.11030375957489014 
vt 0.9776884317398071 0.11030375957489014 
vt 0.9754963517189026 0.11127318441867828 
vt 0.9776884317398071 0.11127318441867828 
vt 0.9754963517189026 0.11224260926246643 
vt 0.9776884317398071 0.11224260926246643 
vt 0.9754963517189026 0.11321203410625458 
vt 0.9776884317398071 0.11321203410625458 
vt 0.9754963517189026 0.11418145895004272 
vt 0.9776884317398071 0.11418145895004272 
vt 0.9754963517189026 0.11527206003665924 
vt 0.9776884317398071 0.11527206003665924 
vt 0.9754963517189026 0.11624148488044739 
vt 0.9776884317398071 0.11624148488044739 
vt 0.9754963517189026 0.11721090972423553 
vt 0.9776884317398071 0.11721090972423553 
vt 0.9754963517189026 0.11818032711744308 
vt 0.9776884317398071 0.11818032711744308 
vt 0.9754963517189026 0.11914975196123123 
vt 0.9776884317398071 0.11914975196123123 
vt 0.9754963517189026 0.12011917680501938 
vt 0.9776884317398071 0.12011917680501938 
vt 0.4586535394191742 0.09527768939733505 
vt 0.45767927169799805 0.09527768939733505 
vt 0.4593842327594757 0.09467180073261261 
vt 0.4565832316875458 0.09370237588882446 
vt 0.45974957942962646 0.09370237588882446 
vt 0.4593842327594757 0.09285412728786469 
vt 0.4586535394191742 0.09224823862314224 
vt 0.45767927169799805 0.09224823862314224 
vt 0.4568268060684204 0.09273295104503632 
vt 0.4568268060684204 0.09467180073261261 
vt 0.7623778581619263 0.9459472298622131 
vt 0.6822452545166016 0.9459472298622131 
vt 0.7623778581619263 0.9489766955375671 
vt 0.6822452545166016 0.9489766955375671 
vt 0.6837066411972046 0.9504308104515076 
vt 0.7623778581619263 0.9504308104515076 
vt 0.6837066411972046 0.9528543949127197 
vt 0.7623778581619263 0.9528543949127197 
vt 0.7623778581619263 0.9543085098266602 
vt 0.6822452545166016 0.9543085098266602 
vt 0.6822452545166016 0.9601250886917114 
vt 0.7623778581619263 0.9601250886917114 
vt 0.6837066411972046 0.9615792036056519 
vt 0.7623778581619263 0.9615792036056519 
vt 0.6837066411972046 0.964002788066864 
vt 0.7623778581619263 0.964002788066864 
vt 0.7623778581619263 0.9654569029808044 
vt 0.6822452545166016 0.9654569029808044 
vt 0.7623778581619263 0.9684863686561584 
vt 0.6822452545166016 0.9684863686561584 
vt 0.3697526752948761 0.5813226699829102 
vt 0.3697526752948761 0.5961063504219055 
vt 0.3727972209453583 0.5813226699829102 
vt 0.3727972209453583 0.5961063504219055 
vt 0.3743803799152374 0.5947734117507935 
vt 0.3743803799152374 0.5813226699829102 
vt 0.3768160343170166 0.5947734117507935 
vt 0.3768160343170166 0.5813226699829102 
vt 0.3785209655761719 0.5813226699829102 
vt 0.3785209655761719 0.5961063504219055 
vt 0.38424474000930786 0.5961063504219055 
vt 0.38424474000930786 0.5813226699829102 
vt 0.38594967126846313 0.5947734117507935 
vt 0.38594967126846313 0.5813226699829102 
vt 0.3882635235786438 0.5947734117507935 
vt 0.3882635235786438 0.5813226699829102 
vt 0.38996848464012146 0.5813226699829102 
vt 0.38996848464012146 0.5961063504219055 
vt 0.39301303029060364 0.5813226699829102 
vt 0.39301303029060364 0.5961063504219055 
vt 0.7210937142372131 0.5931980609893799 
vt 0.7210937142372131 0.5962275266647339 
vt 0.7343679666519165 0.5931980609893799 
vt 0.7343679666519165 0.5962275266647339 
vt 0.7331501841545105 0.5979240536689758 
vt 0.7210937142372131 0.5979240536689758 
vt 0.7210937142372131 0.6003475785255432 
vt 0.7331501841545105 0.6003475785255432 
vt 0.7210937142372131 0.6019229292869568 
vt 0.7343679666519165 0.6019229292869568 
vt 0.7210937142372131 0.6077394485473633 
vt 0.7343679666519165 0.6077394485473633 
vt 0.7331501841545105 0.6094359159469604 
vt 0.7210937142372131 0.6094359159469604 
vt 0.7210937142372131 0.6117383241653442 
vt 0.7331501841545105 0.6117383241653442 
vt 0.7210937142372131 0.6134347915649414 
vt 0.7343679666519165 0.6134347915649414 
vt 0.7210937142372131 0.6164642572402954 
vt 0.7343679666519165 0.6164642572402954 
vt 0.5884731411933899 0.19936959445476532 
vt 0.5884731411933899 0.18616119027137756 
vt 0.5898127555847168 0.19936959445476532 
vt 0.5898127555847168 0.18470704555511475 
vt 0.5884731411933899 0.2021566778421402 
vt 0.5898127555847168 0.20361082255840302 
vt 0.5884731411933899 0.21681922674179077 
vt 0.5898127555847168 0.21681922674179077 
vt 0.9970517754554749 0.24881021678447723 
vt 0.9985131621360779 0.2501431703567505 
vt 0.9970517754554749 0.3302418291568756 
vt 0.9985131621360779 0.3302418291568756 
vt 0.22093506157398224 0.341753751039505 
vt 0.21789051592350006 0.341753751039505 
vt 0.22093506157398224 0.3401784300804138 
vt 0.21789051592350006 0.3401784300804138 
vt 0.21703805029392242 0.34151139855384827 
vt 0.21703805029392242 0.3429655134677887 
vt 0.21460241079330444 0.34151139855384827 
vt 0.21460241079330444 0.3429655134677887 
vt 0.2137499302625656 0.341753751039505 
vt 0.2137499302625656 0.3401784300804138 
vt 0.20802617073059082 0.3401784300804138 
vt 0.20802617073059082 0.341753751039505 
vt 0.20705191791057587 0.34151139855384827 
vt 0.20705191791057587 0.3429655134677887 
vt 0.2047380656003952 0.34151139855384827 
vt 0.2047380656003952 0.3429655134677887 
vt 0.20376381278038025 0.341753751039505 
vt 0.20376381278038025 0.3401784300804138 
vt 0.20071925222873688 0.341753751039505 
vt 0.20071925222873688 0.3401784300804138 
vt 0.9283667206764221 0.49468037486076355 
vt 0.9299498796463013 0.49468037486076355 
vt 0.9283667206764221 0.4147028923034668 
vt 0.9299498796463013 0.41336992383003235 
vt 0.963196337223053 0.7985947728157043 
vt 0.963196337223053 0.7171632051467896 
vt 0.9601517915725708 0.7985947728157043 
vt 0.9601517915725708 0.7171632051467896 
vt 0.9585686326026917 0.71861732006073 
vt 0.9585686326026917 0.7985947728157043 
vt 0.956254780292511 0.71861732006073 
vt 0.956254780292511 0.7985947728157043 
vt 0.9546716213226318 0.7985947728157043 
vt 0.9546716213226318 0.7171632051467896 
vt 0.9489478468894958 0.7171632051467896 
vt 0.9489478468894958 0.7985947728157043 
vt 0.9473646879196167 0.71861732006073 
vt 0.9473646879196167 0.7985947728157043 
vt 0.945050835609436 0.71861732006073 
vt 0.945050835609436 0.7985947728157043 
vt 0.9434676766395569 0.7985947728157043 
vt 0.9434676766395569 0.7171632051467896 
vt 0.9404231309890747 0.7985947728157043 
vt 0.9404231309890747 0.7171632051467896 
vt 0.1093827560544014 0.23111823201179504 
vt 0.10816493630409241 0.23111823201179504 
vt 0.1093827560544014 0.23426885902881622 
vt 0.10816493630409241 0.23426885902881622 
vt 0.10950453579425812 0.2351170927286148 
vt 0.11084414273500443 0.2351170927286148 
vt 0.10950453579425812 0.23754066228866577 
vt 0.11084414273500443 0.23754066228866577 
vt 0.1093827560544014 0.23838891088962555 
vt 0.10816493630409241 0.23838891088962555 
vt 0.10816493630409241 0.24408426880836487 
vt 0.1093827560544014 0.24408426880836487 
vt 0.10950453579425812 0.24505369365215302 
vt 0.11084414273500443 0.24505369365215302 
vt 0.10950453579425812 0.24735607206821442 
vt 0.11084414273500443 0.24735607206821442 
vt 0.1093827560544014 0.24832549691200256 
vt 0.10816493630409241 0.24832549691200256 
vt 0.1093827560544014 0.25135496258735657 
vt 0.10816493630409241 0.25135496258735657 
vt 0.9904755353927612 0.10921315848827362 
vt 0.9881616830825806 0.10957669466733932 
vt 0.9908408522605896 0.11418145895004272 
vt 0.9884052276611328 0.1143026351928711 
vt 0.9908408522605896 0.11830151081085205 
vt 0.9885269999504089 0.11830151081085205 
vt 0.9905973076820374 0.12181566655635834 
vt 0.9884052276611328 0.12181566655635834 
vt 0.9903537631034851 0.12520866096019745 
vt 0.9882834553718567 0.12520866096019745 
vt 0.9901101589202881 0.128480464220047 
vt 0.9881616830825806 0.128480464220047 
vt 0.989988386631012 0.13187344372272491 
vt 0.9880399107933044 0.13175226747989655 
vt 0.9880399107933044 0.13526642322540283 
vt 0.9901101589202881 0.13526642322540283 
vt 0.9881616830825806 0.1387805938720703 
vt 0.9901101589202881 0.1387805938720703 
vt 0.9881616830825806 0.14241592586040497 
vt 0.990231990814209 0.14241592586040497 
vt 0.9882834553718567 0.14593009650707245 
vt 0.9903537631034851 0.14593009650707245 
vt 0.9882834553718567 0.14944425225257874 
vt 0.9903537631034851 0.14944425225257874 
vt 0.9884052276611328 0.15283723175525665 
vt 0.9904755353927612 0.15283723175525665 
vt 0.9884052276611328 0.15598785877227783 
vt 0.9905973076820374 0.1561090499162674 
vt 0.9885269999504089 0.15925967693328857 
vt 0.9904755353927612 0.15938085317611694 
vt 0.9884052276611328 0.16241030395030975 
vt 0.9903537631034851 0.1626526564359665 
vt 0.9881616830825806 0.16592445969581604 
vt 0.9901101589202881 0.16616681218147278 
vt 0.9880399107933044 0.17004451155662537 
vt 0.9898666143417358 0.17016568779945374 
vt 0.9880399107933044 0.17477045953273773 
vt 0.9897448420524597 0.17477045953273773 
vt 0.9879180788993835 0.18034464120864868 
vt 0.9896230697631836 0.18034464120864868 
vt 0.9880399107933044 0.18700943887233734 
vt 0.9896230697631836 0.18700943887233734 
vt 0.9880399107933044 0.19500717520713806 
vt 0.9896230697631836 0.19500717520713806 
vt 0.985725998878479 0.10994022339582443 
vt 0.9862131476402283 0.18700943887233734 
vt 0.9863349199295044 0.19500717520713806 
vt 0.9846299886703491 0.18700943887233734 
vt 0.9847517609596252 0.1948859989643097 
vt 0.98304682970047 0.19500717520713806 
vt 0.9829250574111938 0.1871306151151657 
vt 0.984508216381073 0.18034464120864868 
vt 0.9828032851219177 0.18046581745147705 
vt 0.9862131476402283 0.18034464120864868 
vt 0.9862131476402283 0.17477045953273773 
vt 0.9843864440917969 0.17477045953273773 
vt 0.9825596809387207 0.1748916357755661 
vt 0.9842646718025208 0.17004451155662537 
vt 0.9823161363601685 0.17016568779945374 
vt 0.9862131476402283 0.169923335313797 
vt 0.9862131476402283 0.16592445969581604 
vt 0.9841428399085999 0.1660456359386444 
vt 0.9819507598876953 0.16616681218147278 
vt 0.9838992953300476 0.16253148019313812 
vt 0.9817072153091431 0.1626526564359665 
vt 0.9862131476402283 0.16241030395030975 
vt 0.9862131476402283 0.1591385006904602 
vt 0.9862131476402283 0.15598785877227783 
vt 0.9862131476402283 0.15283723175525665 
vt 0.9862131476402283 0.14944425225257874 
vt 0.9862131476402283 0.14593009650707245 
vt 0.9860913753509521 0.1422947496175766 
vt 0.9860913753509521 0.1387805938720703 
vt 0.9860913753509521 0.13526642322540283 
vt 0.985969603061676 0.13175226747989655 
vt 0.985969603061676 0.128480464220047 
vt 0.9837775230407715 0.13187344372272491 
vt 0.9838992953300476 0.13526642322540283 
vt 0.9838992953300476 0.1387805938720703 
vt 0.9840210676193237 0.14241592586040497 
vt 0.9838992953300476 0.14593009650707245 
vt 0.9838992953300476 0.14944425225257874 
vt 0.9838992953300476 0.15283723175525665 
vt 0.9837775230407715 0.1561090499162674 
vt 0.9838992953300476 0.15925967693328857 
vt 0.9814636707305908 0.15938085317611694 
vt 0.9814636707305908 0.1561090499162674 
vt 0.9815854430198669 0.15283723175525665 
vt 0.9817072153091431 0.14944425225257874 
vt 0.9818289875984192 0.14593009650707245 
vt 0.9819507598876953 0.14241592586040497 
vt 0.9819507598876953 0.1387805938720703 
vt 0.9819507598876953 0.13526642322540283 
vt 0.9819507598876953 0.13187344372272491 
vt 0.9836557507514954 0.128480464220047 
vt 0.985969603061676 0.12520866096019745 
vt 0.9858478307723999 0.12181566655635834 
vt 0.9817072153091431 0.12860164046287537 
vt 0.9835339784622192 0.12520866096019745 
vt 0.9832903742790222 0.1219368502497673 
vt 0.9858478307723999 0.11842268705368042 
vt 0.9858478307723999 0.11442381143569946 
vt 0.9831686019897461 0.1143026351928711 
vt 0.9834121465682983 0.1096978709101677 
vt 0.9806112051010132 0.11418145895004272 
vt 0.9809765219688416 0.10921315848827362 
vt 0.9813418984413147 0.12532983720302582 
vt 0.9809765219688416 0.12205802649259567 
vt 0.9831686019897461 0.11842268705368042 
vt 0.9807329773902893 0.11842268705368042 
vt 0.975861668586731 0.10727430880069733 
vt 0.9781755208969116 0.10691077262163162 
vt 0.9754963517189026 0.10218483209609985 
vt 0.9779319763183594 0.10206365585327148 
vt 0.9756181240081787 0.09782242774963379 
vt 0.9779319763183594 0.09782242774963379 
vt 0.9757398962974548 0.09370237588882446 
vt 0.9780537486076355 0.09382355213165283 
vt 0.9759834408760071 0.0897035002708435 
vt 0.9781755208969116 0.0897035002708435 
vt 0.9762270450592041 0.08558344841003418 
vt 0.9781755208969116 0.08558344841003418 
vt 0.9762270450592041 0.08134222030639648 
vt 0.9782973527908325 0.08134222030639648 
vt 0.9781755208969116 0.07685863226652145 
vt 0.9762270450592041 0.07685863226652145 
vt 0.9781755208969116 0.07237504422664642 
vt 0.976105272769928 0.07237504422664642 
vt 0.9780537486076355 0.06789146363735199 
vt 0.9759834408760071 0.06777027994394302 
vt 0.9779319763183594 0.06340787559747696 
vt 0.975861668586731 0.06340787559747696 
vt 0.9779319763183594 0.059166643768548965 
vt 0.975861668586731 0.059045467525720596 
vt 0.9778102040290833 0.05516776815056801 
vt 0.9757398962974548 0.05504659190773964 
vt 0.9778102040290833 0.05141125246882439 
vt 0.9757398962974548 0.05129007250070572 
vt 0.9776884317398071 0.047775913029909134 
vt 0.9756181240081787 0.047654733061790466 
vt 0.9776884317398071 0.043898217380046844 
vt 0.9757398962974548 0.04377703741192818 
vt 0.9778102040290833 0.03953580930829048 
vt 0.975861668586731 0.039414629340171814 
vt 0.9779319763183594 0.03444633260369301 
vt 0.976105272769928 0.03432515263557434 
vt 0.9779319763183594 0.02826625481247902 
vt 0.976105272769928 0.02826625481247902 
vt 0.9779319763183594 0.020874395966529846 
vt 0.9762270450592041 0.020874395966529846 
vt 0.9779319763183594 0.012028401717543602 
vt 0.9762270450592041 0.012028401717543602 
vt 0.9778102040290833 0.001364737981930375 
vt 0.976105272769928 0.001364737981930375 
vt 0.9806112051010132 0.10642606765031815 
vt 0.9797587394714355 0.011907223612070084 
vt 0.9796369075775146 0.001364737981930375 
vt 0.9814636707305908 0.011907223612070084 
vt 0.9813418984413147 0.001364737981930375 
vt 0.98304682970047 0.0012435599928721786 
vt 0.9832903742790222 0.011907223612070084 
vt 0.9815854430198669 0.020874395966529846 
vt 0.9834121465682983 0.020753217861056328 
vt 0.9797587394714355 0.020874395966529846 
vt 0.9798805117607117 0.02826625481247902 
vt 0.9817072153091431 0.02826625481247902 
vt 0.9836557507514954 0.0281450767070055 
vt 0.9818289875984192 0.03432515263557434 
vt 0.9838992953300476 0.03420397639274597 
vt 0.9798805117607117 0.03444633260369301 
vt 0.9798805117607117 0.03953580930829048 
vt 0.9820725917816162 0.03953580930829048 
vt 0.9841428399085999 0.039293453097343445 
vt 0.9820725917816162 0.043898217380046844 
vt 0.984508216381073 0.04377703741192818 
vt 0.984508216381073 0.047775913029909134 
vt 0.9821943640708923 0.047654733061790466 
vt 0.984508216381073 0.05141125246882439 
vt 0.9821943640708923 0.05129007250070572 
vt 0.9843864440917969 0.05516776815056801 
vt 0.9821943640708923 0.05504659190773964 
vt 0.9842646718025208 0.059045467525720596 
vt 0.9821943640708923 0.059166643768548965 
vt 0.9841428399085999 0.06328669935464859 
vt 0.9821943640708923 0.06340787559747696 
vt 0.9841428399085999 0.06777027994394302 
vt 0.9821943640708923 0.06777027994394302 
vt 0.9841428399085999 0.07225386798381805 
vt 0.9821943640708923 0.07237504422664642 
vt 0.9842646718025208 0.07685863226652145 
vt 0.9821943640708923 0.07685863226652145 
vt 0.9842646718025208 0.08122103661298752 
vt 0.9801240563392639 0.07237504422664642 
vt 0.9800022840499878 0.06789146363735199 
vt 0.9800022840499878 0.06340787559747696 
vt 0.9800022840499878 0.059166643768548965 
vt 0.9798805117607117 0.05516776815056801 
vt 0.9798805117607117 0.05141125246882439 
vt 0.9798805117607117 0.047775913029909134 
vt 0.9798805117607117 0.043898217380046844 
vt 0.9801240563392639 0.07685863226652145 
vt 0.9823161363601685 0.08122103661298752 
vt 0.9824379086494446 0.08546227216720581 
vt 0.984508216381073 0.08546227216720581 
vt 0.9826814532279968 0.08958232402801514 
vt 0.9847517609596252 0.08946114033460617 
vt 0.9829250574111938 0.09370237588882446 
vt 0.9851171374320984 0.0935811996459961 
vt 0.9831686019897461 0.09770125150680542 
vt 0.9854824542999268 0.09758006781339645 
vt 0.9832903742790222 0.10194247961044312 
vt 0.985725998878479 0.10206365585327148 
vt 0.9829250574111938 0.10666842013597488 
vt 0.9853606820106506 0.10715313255786896 
vt 0.9804893732070923 0.10194247961044312 
vt 0.9804893732070923 0.09770125150680542 
vt 0.9803676009178162 0.09370237588882446 
vt 0.9803676009178162 0.0897035002708435 
vt 0.98024582862854 0.08558344841003418 
vt 0.98024582862854 0.08134222030639648 
vt 0.22337070107460022 0.6251890659332275 
vt 0.22544100880622864 0.6251890659332275 
vt 0.22337070107460022 0.6136771440505981 
vt 0.22544100880622864 0.6136771440505981 
vt 0.22337070107460022 0.6091935634613037 
vt 0.22544100880622864 0.6091935634613037 
vt 0.22337070107460022 0.5974393486976624 
vt 0.22544100880622864 0.5974393486976624 
vt 0.22337070107460022 0.5929557085037231 
vt 0.22544100880622864 0.5929557085037231 
vt 0.22337070107460022 0.5813226699829102 
vt 0.22544100880622864 0.5813226699829102 
vt 0.5119940638542175 0.4549340009689331 
vt 0.48849013447761536 0.4549340009689331 
vt 0.5119940638542175 0.4573575556278229 
vt 0.48849013447761536 0.4573575556278229 
vt 0.17417077720165253 0.8044113516807556 
vt 0.17417077720165253 0.8099855184555054 
vt 0.23725385963916779 0.8044113516807556 
vt 0.23725385963916779 0.8099855184555054 
vt 0.23725385963916779 0.825253963470459 
vt 0.17417077720165253 0.825253963470459 
vt 0.17417077720165253 0.8308281302452087 
vt 0.23725385963916779 0.8308281302452087 
vt 0.9875527620315552 0.43942320346832275 
vt 0.9723300337791443 0.43942320346832275 
vt 0.9875527620315552 0.3764106333255768 
vt 0.9723300337791443 0.3764106333255768 
vt 0.028884854167699814 0.34272316098213196 
vt 0.02681455947458744 0.34272316098213196 
vt 0.028884854167699814 0.3401784300804138 
vt 0.02681455947458744 0.3401784300804138 
vt 0.0033106340561062098 0.34272316098213196 
vt 0.0033106340561062098 0.3401784300804138 
vt 0.0012403399450704455 0.34272316098213196 
vt 0.0012403399450704455 0.3401784300804138 
vt 0.9723300337791443 0.3103686273097992 
vt 0.9723300337791443 0.37338119745254517 
vt 0.9875527620315552 0.3103686273097992 
vt 0.9875527620315552 0.37338119745254517 
vt 0.9739131927490234 0.4924991726875305 
vt 0.9739131927490234 0.4772307574748993 
vt 0.9723300337791443 0.4967404007911682 
vt 0.9723300337791443 0.47311070561408997 
vt 0.9779319763183594 0.4733530580997467 
vt 0.9737914204597473 0.47165656089782715 
vt 0.9931547045707703 0.4733530580997467 
vt 0.9972953200340271 0.47165656089782715 
vt 0.9987567067146301 0.47311070561408997 
vt 0.9970517754554749 0.4772307574748993 
vt 0.9987567067146301 0.4967404007911682 
vt 0.9970517754554749 0.4924991726875305 
vt 0.9972953200340271 0.49819454550743103 
vt 0.9931547045707703 0.4964980483055115 
vt 0.9779319763183594 0.4964980483055115 
vt 0.9737914204597473 0.49819454550743103 
vt 0.9972953200340271 0.44245266914367676 
vt 0.9737914204597473 0.44245266914367676 
vt 0.9987567067146301 0.4439067840576172 
vt 0.9972953200340271 0.4688694477081299 
vt 0.9987567067146301 0.46741533279418945 
vt 0.9737914204597473 0.4688694477081299 
vt 0.9723300337791443 0.46741533279418945 
vt 0.9723300337791443 0.4439067840576172 
vt 0.17611929774284363 0.4549340009689331 
vt 0.1996232122182846 0.4549340009689331 
vt 0.17611929774284363 0.4573575556278229 
vt 0.1996232122182846 0.4573575556278229 
vt 0.10901740938425064 0.3401784300804138 
vt 0.10901740938425064 0.34272316098213196 
vt 0.10694711655378342 0.3401784300804138 
vt 0.10694711655378342 0.34272316098213196 
vt 0.08332140743732452 0.34272316098213196 
vt 0.08332140743732452 0.3401784300804138 
vt 0.08137289434671402 0.3401784300804138 
vt 0.08137289434671402 0.34272316098213196 
vt 0.6622730493545532 0.8582143783569336 
vt 0.5991899371147156 0.8582143783569336 
vt 0.6622730493545532 0.8527613878250122 
vt 0.5991899371147156 0.8527613878250122 
vt 0.5991899371147156 0.8373717665672302 
vt 0.6622730493545532 0.8373717665672302 
vt 0.6622730493545532 0.8319187760353088 
vt 0.5991899371147156 0.8319187760353088 
vt 0.11571542173624039 0.10533545911312103 
vt 0.10816493630409241 0.10533545911312103 
vt 0.11571542173624039 0.0916423499584198 
vt 0.10816493630409241 0.0916423499584198 
vt 0.5814098119735718 0.30164381861686707 
vt 0.5890820622444153 0.30164381861686707 
vt 0.5814098119735718 0.305642694234848 
vt 0.5890820622444153 0.305642694234848 
vt 0.23201723396778107 0.5813226699829102 
vt 0.23201723396778107 0.5951369404792786 
vt 0.22799842059612274 0.5813226699829102 
vt 0.22799842059612274 0.5951369404792786 
vt 0.4171258807182312 0.5854427218437195 
vt 0.4094536006450653 0.5854427218437195 
vt 0.4171258807182312 0.5813226699829102 
vt 0.4094536006450653 0.5813226699829102 
vt 0.5448752045631409 0.5950157642364502 
vt 0.5448752045631409 0.6088300347328186 
vt 0.540734589099884 0.5950157642364502 
vt 0.540734589099884 0.6088300347328186 
vt 0.45974957942962646 0.1077590212225914 
vt 0.4554871916770935 0.1077590212225914 
vt 0.45974957942962646 0.09842831641435623 
vt 0.4554871916770935 0.09842831641435623 
vt 0.39958927035331726 0.5944098830223083 
vt 0.39958927035331726 0.5987722873687744 
vt 0.3954486846923828 0.5944098830223083 
vt 0.3954486846923828 0.5987722873687744 
vt 0.9821943640708923 0.6568165421485901 
vt 0.9821943640708923 0.6660260558128357 
vt 0.9781755208969116 0.6568165421485901 
vt 0.9781755208969116 0.6660260558128357 
vt 0.6097850203514099 0.6437293291091919 
vt 0.6097850203514099 0.6479705572128296 
vt 0.6057661771774292 0.6437293291091919 
vt 0.6057661771774292 0.6479705572128296 
vt 0.6032087802886963 0.6477282047271729 
vt 0.5939533114433289 0.6477282047271729 
vt 0.6032087802886963 0.6437293291091919 
vt 0.5939533114433289 0.6437293291091919 
vt 0.7265739440917969 0.6960782408714294 
vt 0.7265739440917969 0.6983805894851685 
vt 0.7245036363601685 0.6960782408714294 
vt 0.7245036363601685 0.6983805894851685 
vt 0.7223115563392639 0.6960782408714294 
vt 0.7223115563392639 0.6983805894851685 
vt 0.7202412486076355 0.6960782408714294 
vt 0.7202412486076355 0.6983805894851685 
vt 0.718049168586731 0.6983805894851685 
vt 0.718049168586731 0.6960782408714294 
vt 0.7158570885658264 0.6960782408714294 
vt 0.7158570885658264 0.6983805894851685 
vt 0.7137868404388428 0.6960782408714294 
vt 0.7137868404388428 0.6983805894851685 
vt 0.0030670699197798967 0.6898981332778931 
vt 0.0012403399450704455 0.6888075470924377 
vt 0.004893799778074026 0.6888075470924377 
vt 0.0012403399450704455 0.6866263151168823 
vt 0.0030670699197798967 0.6856569051742554 
vt 0.005015581846237183 0.6867474913597107 
vt 0.0831996276974678 0.6856569051742554 
vt 0.08137289434671402 0.6866263151168823 
vt 0.08502635359764099 0.6867474913597107 
vt 0.08502635359764099 0.6888075470924377 
vt 0.0831996276974678 0.6898981332778931 
vt 0.08137289434671402 0.6888075470924377 
vt 0.9819507598876953 0.20991207659244537 
vt 0.9809765219688416 0.21027560532093048 
vt 0.9825596809387207 0.21148738265037537 
vt 0.9809765219688416 0.21197210252285004 
vt 0.98304682970047 0.21306270360946655 
vt 0.9809765219688416 0.2133050560951233 
vt 0.98304682970047 0.2147592008113861 
vt 0.9800022840499878 0.21027560532093048 
vt 0.9793933629989624 0.21185092628002167 
vt 0.9791498184204102 0.20966972410678864 
vt 0.9789062142372131 0.21318387985229492 
vt 0.9779319763183594 0.21112385392189026 
vt 0.9769577383995056 0.21282035112380981 
vt 0.978784441947937 0.21451683342456818 
vt 0.9768359661102295 0.21463802456855774 
vt 0.977566659450531 0.21645568311214447 
vt 0.9791498184204102 0.215970978140831 
vt 0.9786626696586609 0.21815218031406403 
vt 0.9791498184204102 0.20966972410678864 
vt 0.9809765219688416 0.21451683342456818 
vt 0.9808547496795654 0.215970978140831 
vt 0.9825596809387207 0.2163345068693161 
vt 0.9796369075775146 0.21778865158557892 
vt 0.9789062142372131 0.21984867751598358 
vt 0.9797587394714355 0.2197275012731552 
vt 0.9808547496795654 0.21778865158557892 
vt 0.9807329773902893 0.2197275012731552 
vt 0.9819507598876953 0.21803100407123566 
vt 0.9818289875984192 0.2197275012731552 
vt 0.9907190799713135 0.09346001595258713 
vt 0.9882834553718567 0.09346001595258713 
vt 0.9907190799713135 0.09552004188299179 
vt 0.9882834553718567 0.09552004188299179 
vt 0.9907190799713135 0.09770125150680542 
vt 0.9882834553718567 0.09770125150680542 
vt 0.9882834553718567 0.09976127743721008 
vt 0.9907190799713135 0.09976127743721008 
vt 0.9882834553718567 0.10182130336761475 
vt 0.9907190799713135 0.10182130336761475 
vt 0.9882834553718567 0.10388132929801941 
vt 0.9907190799713135 0.10388132929801941 
vt 0.9882834553718567 0.10606253147125244 
vt 0.9907190799713135 0.10606253147125244 
vt 0.7419184446334839 0.6959570050239563 
vt 0.7419184446334839 0.6982594132423401 
vt 0.7398481965065002 0.6959570050239563 
vt 0.7398481965065002 0.6982594132423401 
vt 0.7376561164855957 0.6959570050239563 
vt 0.7376561164855957 0.6982594132423401 
vt 0.7354640364646912 0.6959570050239563 
vt 0.7354640364646912 0.6982594132423401 
vt 0.7333937287330627 0.6982594132423401 
vt 0.7333937287330627 0.6959570050239563 
vt 0.7312016487121582 0.6959570050239563 
vt 0.7312016487121582 0.6982594132423401 
vt 0.7291313409805298 0.6959570050239563 
vt 0.7291313409805298 0.6982594132423401 
vt 0.23567068576812744 0.5813226699829102 
vt 0.23786276578903198 0.5813226699829102 
vt 0.2346964329481125 0.5831403136253357 
vt 0.23567068576812744 0.5849579572677612 
vt 0.23786276578903198 0.5849579572677612 
vt 0.23883701860904694 0.5831403136253357 
vt 0.24273404479026794 0.6586341857910156 
vt 0.24492612481117249 0.6586341857910156 
vt 0.241759791970253 0.6604518890380859 
vt 0.24273404479026794 0.6623907089233398 
vt 0.24492612481117249 0.6623907089233398 
vt 0.24602216482162476 0.6604518890380859 
vt 0.6763997673988342 0.6293091177940369 
vt 0.6742076873779297 0.6293091177940369 
vt 0.6774957776069641 0.6274914741516113 
vt 0.6763997673988342 0.6255525946617126 
vt 0.6742076873779297 0.6255525946617126 
vt 0.6732333898544312 0.6274914741516113 
vt 0.9789062142372131 0.5893204212188721 
vt 0.978784441947937 0.5875027179718018 
vt 0.9800022840499878 0.5893204212188721 
vt 0.9800022840499878 0.587260365486145 
vt 0.9810982942581177 0.587260365486145 
vt 0.9798805117607117 0.5854427218437195 
vt 0.9815854430198669 0.5854427218437195 
vt 0.9797587394714355 0.5841097235679626 
vt 0.9776884317398071 0.5843520760536194 
vt 0.9797587394714355 0.5827767848968506 
vt 0.9776884317398071 0.5826556086540222 
vt 0.9796369075775146 0.5814438462257385 
vt 0.9781755208969116 0.5810803174972534 
vt 0.9796369075775146 0.579868495464325 
vt 0.9786626696586609 0.5795049667358398 
vt 0.9782973527908325 0.585927426815033 
vt 0.9809765219688416 0.5893204212188721 
vt 0.9819507598876953 0.5894415974617004 
vt 0.9806112051010132 0.5797473192214966 
vt 0.9813418984413147 0.5813226699829102 
vt 0.9814636707305908 0.5792626142501831 
vt 0.9826814532279968 0.5805955529212952 
vt 0.9818289875984192 0.5826556086540222 
vt 0.9836557507514954 0.5821709036827087 
vt 0.9838992953300476 0.5839885473251343 
vt 0.9818289875984192 0.5838673710823059 
vt 0.9832903742790222 0.5858062505722046 
vt 0.9821943640708923 0.5876238942146301 
vt 0.9819507598876953 0.5894415974617004 
vt 0.7579936981201172 0.6282185316085815 
vt 0.7554362416267395 0.6282185316085815 
vt 0.7579936981201172 0.6260372996330261 
vt 0.7554362416267395 0.6260372996330261 
vt 0.7579936981201172 0.6239773035049438 
vt 0.7554362416267395 0.6239773035049438 
vt 0.7579936981201172 0.6219172477722168 
vt 0.7554362416267395 0.6219172477722168 
vt 0.7579936981201172 0.6198572516441345 
vt 0.7554362416267395 0.6198572516441345 
vt 0.7554362416267395 0.6176760196685791 
vt 0.7579936981201172 0.6176760196685791 
vt 0.7579936981201172 0.6156160235404968 
vt 0.7554362416267395 0.6156160235404968 
vt 0.23713207244873047 0.6866263151168823 
vt 0.23713207244873047 0.6888075470924377 
vt 0.23530533909797668 0.6856569051742554 
vt 0.2334786206483841 0.6866263151168823 
vt 0.2334786206483841 0.6888075470924377 
vt 0.23530533909797668 0.6897769570350647 
vt 0.9495567679405212 0.6816580295562744 
vt 0.9495567679405212 0.6953511238098145 
vt 0.9477300643920898 0.6816580295562744 
vt 0.9477300643920898 0.6953511238098145 
vt 0.9513835310935974 0.6953511238098145 
vt 0.9513835310935974 0.6816580295562744 
vt 0.9532102346420288 0.6953511238098145 
vt 0.9532102346420288 0.6816580295562744 
vt 0.9550369381904602 0.6953511238098145 
vt 0.9550369381904602 0.6816580295562744 
vt 0.9568637013435364 0.6953511238098145 
vt 0.9568637013435364 0.6816580295562744 
vt 0.9459033012390137 0.6816580295562744 
vt 0.9459033012390137 0.6953511238098145 
vt 0.9440765976905823 0.6816580295562744 
vt 0.9440765976905823 0.6953511238098145 
vt 0.9422498345375061 0.6816580295562744 
vt 0.9422498345375061 0.6953511238098145 
vt 0.42881694436073303 0.6649354696273804 
vt 0.42881694436073303 0.6629965901374817 
vt 0.43015655875205994 0.6661472320556641 
vt 0.43198326230049133 0.661784827709198 
vt 0.43198326230049133 0.6661472320556641 
vt 0.43332287669181824 0.6649354696273804 
vt 0.43332287669181824 0.6629965901374817 
vt 0.43015655875205994 0.661784827709198 
vt 0.06371450424194336 0.8201645016670227 
vt 0.06237490475177765 0.8143479228019714 
vt 0.05981748178601265 0.8161656260490417 
vt 0.05981748178601265 0.8008971810340881 
vt 0.06237490475177765 0.8027148246765137 
vt 0.06371450424194336 0.7970194816589355 
vt 0.06566301733255386 0.7995642423629761 
vt 0.07905903458595276 0.7970194816589355 
vt 0.07723230868577957 0.7995642423629761 
vt 0.08039864152669907 0.8027148246765137 
vt 0.08295606076717377 0.8008971810340881 
vt 0.08295606076717377 0.8161656260490417 
vt 0.08039864152669907 0.8143479228019714 
vt 0.07905903458595276 0.8201645016670227 
vt 0.07723230868577957 0.8174985647201538 
vt 0.06566301733255386 0.8174985647201538 
vt 0.9944943189620972 0.49092385172843933 
vt 0.9912062287330627 0.4940744936466217 
vt 0.9944943189620972 0.4791695773601532 
vt 0.9912062287330627 0.4760189652442932 
vt 0.9796369075775146 0.4760189652442932 
vt 0.9796369075775146 0.4940744936466217 
vt 0.9764705896377563 0.49092385172843933 
vt 0.9764705896377563 0.4791695773601532 
vt 0.7508085370063782 0.6363374590873718 
vt 0.7530006170272827 0.6363374590873718 
vt 0.7508085370063782 0.6318538784980774 
vt 0.7530006170272827 0.6318538784980774 
vt 0.7508085370063782 0.6200996041297913 
vt 0.7530006170272827 0.6200996041297913 
vt 0.7508085370063782 0.6156160235404968 
vt 0.7530006170272827 0.6156160235404968 
vt 0.24151623249053955 0.6717214584350586 
vt 0.24468256533145905 0.6717214584350586 
vt 0.24151623249053955 0.6752355694770813 
vt 0.24468256533145905 0.6752355694770813 
vt 0.24784888327121735 0.6717214584350586 
vt 0.24784888327121735 0.6752355694770813 
vt 0.25101521611213684 0.6717214584350586 
vt 0.25101521611213684 0.6752355694770813 
vt 0.254059761762619 0.6717214584350586 
vt 0.254059761762619 0.6752355694770813 
vt 0.2572261095046997 0.6717214584350586 
vt 0.2572261095046997 0.6752355694770813 
vt 0.260392427444458 0.6717214584350586 
vt 0.260392427444458 0.6752355694770813 
vt 0.47302380204200745 0.7498812675476074 
vt 0.47241491079330444 0.748669445514679 
vt 0.46973568201065063 0.7498812675476074 
vt 0.470344603061676 0.748669445514679 
vt 0.46790897846221924 0.7469729781150818 
vt 0.4693703353404999 0.7469729781150818 
vt 0.46973568201065063 0.7439435124397278 
vt 0.47046637535095215 0.7452764511108398 
vt 0.4733891487121582 0.7469729781150818 
vt 0.47485053539276123 0.7469729781150818 
vt 0.47314560413360596 0.7440646886825562 
vt 0.47241491079330444 0.7451552748680115 
vt 0.17611929774284363 0.6455469727516174 
vt 0.17611929774284363 0.6490611433982849 
vt 0.17928563058376312 0.6455469727516174 
vt 0.17928563058376312 0.6490611433982849 
vt 0.1823301762342453 0.6455469727516174 
vt 0.1823301762342453 0.6490611433982849 
vt 0.1854965090751648 0.6455469727516174 
vt 0.1854965090751648 0.6490611433982849 
vt 0.1886628419160843 0.6455469727516174 
vt 0.1886628419160843 0.6490611433982849 
vt 0.19182917475700378 0.6455469727516174 
vt 0.19182917475700378 0.6490611433982849 
vt 0.19499550759792328 0.6455469727516174 
vt 0.19499550759792328 0.6490611433982849 
vt 0.20266777276992798 0.6514847278594971 
vt 0.20193707942962646 0.6502729058265686 
vt 0.19925786554813385 0.6514847278594971 
vt 0.19986678659915924 0.6502729058265686 
vt 0.19755291938781738 0.6484552621841431 
vt 0.1988925188779831 0.6484552621841431 
vt 0.19925786554813385 0.6455469727516174 
vt 0.19998855888843536 0.6467587947845459 
vt 0.20303311944007874 0.6484552621841431 
vt 0.20437271893024445 0.6485764384269714 
vt 0.2027895450592041 0.6455469727516174 
vt 0.20193707942962646 0.6467587947845459 
vt 0.3760853409767151 0.6886863708496094 
vt 0.3760853409767151 0.6786285638809204 
vt 0.3983714282512665 0.6786285638809204 
vt 0.8783143162727356 0.4849861264228821 
vt 0.9006004333496094 0.47480717301368713 
vt 0.8783143162727356 0.47480717301368713 
vt 0.3891160190105438 0.6649354696273804 
vt 0.3891160190105438 0.6758415102958679 
vt 0.33735865354537964 0.6649354696273804 
vt 0.27037855982780457 0.6758415102958679 
vt 0.33297449350357056 0.6483340859413147 
vt 0.33297449350357056 0.631732702255249 
vt 0.2571043074131012 0.5982875823974609 
vt 0.33735865354537964 0.6152524948120117 
vt 0.3891160190105438 0.5982875823974609 
vt 0.3891160190105438 0.6152524948120117 
vt 0.23530533909797668 0.6473646759986877 
vt 0.23530533909797668 0.5930768847465515 
vt 0.24334295094013214 0.5813226699829102 
vt 0.2571043074131012 0.5813226699829102 
vt 0.7137868404388428 0.7010465264320374 
vt 0.7137868404388428 0.8330093622207642 
vt 0.7312016487121582 0.7010465264320374 
vt 0.7484946846961975 0.8330093622207642 
vt 0.7484946846961975 0.7010465264320374 
vt 0.9396924376487732 0.6965629458427429 
vt 0.9273924231529236 0.6965629458427429 
vt 0.9396924376487732 0.5646001100540161 
vt 0.9273924231529236 0.5646001100540161 
vt 0.9228864908218384 0.5646001100540161 
vt 0.9228864908218384 0.6965629458427429 
vt 0.8952419757843018 0.41252169013023376 
vt 0.8952419757843018 0.42488184571266174 
vt 0.8783143162727356 0.41252169013023376 
vt 0.8783143162727356 0.47202008962631226 
vt 0.8952419757843018 0.4596599340438843 
vt 0.8952419757843018 0.47202008962631226 
vt 0.899747908115387 0.4596599340438843 
vt 0.899747908115387 0.42488184571266174 
vt 0.399954617023468 0.045473530888557434 
vt 0.3863150179386139 0.045473530888557434 
vt 0.399954617023468 0.10497193038463593 
vt 0.3863150179386139 0.10497193038463593 
vt 0.37194475531578064 0.10497193038463593 
vt 0.37194475531578064 0.045473530888557434 
vt 0.31775176525115967 0.045473530888557434 
vt 0.31775176525115967 0.10497193038463593 
vt 0.2725706398487091 0.10497193038463593 
vt 0.2725706398487091 0.045473530888557434 
vt 0.15371140837669373 0.10497193038463593 
vt 0.15371140837669373 0.045473530888557434 
vt 0.41931796073913574 0.05783368647098541 
vt 0.41931796073913574 0.045473530888557434 
vt 0.41481199860572815 0.05783368647098541 
vt 0.4025120437145233 0.045473530888557434 
vt 0.41481199860572815 0.07528331875801086 
vt 0.4025120437145233 0.10497193038463593 
vt 0.41481199860572815 0.09261177480220795 
vt 0.41931796073913574 0.10497193038463593 
vt 0.41931796073913574 0.09261177480220795 
vt 0.41091498732566833 0.6917157769203186 
vt 0.41103675961494446 0.6961994171142578 
vt 0.3935001492500305 0.6920793652534485 
vt 0.3935001492500305 0.6970476508140564 
vt 0.3760853409767151 0.6961994171142578 
vt 0.3762071132659912 0.6917157769203186 
vt 0.5454841256141663 0.5923498272895813 
vt 0.5454841256141663 0.5813226699829102 
vt 0.4937267601490021 0.5923498272895813 
vt 0.4266248643398285 0.5813226699829102 
vt 0.489342600107193 0.608951210975647 
vt 0.489342600107193 0.6254314184188843 
vt 0.41347241401672363 0.6589977145195007 
vt 0.4937267601490021 0.64203280210495 
vt 0.5454841256141663 0.6589977145195007 
vt 0.5454841256141663 0.64203280210495 
vt 0.3916734457015991 0.6097995042800903 
vt 0.3916734457015991 0.6640872359275818 
vt 0.3997110426425934 0.6758415102958679 
vt 0.41347241401672363 0.6758415102958679 
vt 0.9870656132698059 0.0012435599928721786 
vt 0.9980260133743286 0.0012435599928721786 
vt 0.9870656132698059 0.060741957277059555 
vt 0.9980260133743286 0.060741957277059555 
vt 0.3735279142856598 0.6954723000526428 
vt 0.24151623249053955 0.6954723000526428 
vt 0.3735279142856598 0.6831121444702148 
vt 0.24151623249053955 0.6831121444702148 
vt 0.24151623249053955 0.6786285638809204 
vt 0.3735279142856598 0.6786285638809204 
vt 0.3869239389896393 0.6605730652809143 
vt 0.38862887024879456 0.6605730652809143 
vt 0.3869239389896393 0.6181607842445374 
vt 0.38862887024879456 0.6181607842445374 
vt 0.9856042265892029 0.19815781712532043 
vt 0.9821943640708923 0.19815781712532043 
vt 0.9856042265892029 0.20627672970294952 
vt 0.9821943640708923 0.20627672970294952 
vt 0.9789062142372131 0.19815781712532043 
vt 0.9789062142372131 0.20627672970294952 
vt 0.9754963517189026 0.19815781712532043 
vt 0.9754963517189026 0.20627672970294952 
vt 0.6940581202507019 0.6437293291091919 
vt 0.736560046672821 0.6437293291091919 
vt 0.6940581202507019 0.6454257965087891 
vt 0.736560046672821 0.6454257965087891 
vt 0.5939533114433289 0.6408210396766663 
vt 0.5939533114433289 0.5813226699829102 
vt 0.6033305525779724 0.6314903497695923 
vt 0.6033305525779724 0.5906533598899841 
vt 0.6457107067108154 0.5813226699829102 
vt 0.6457107067108154 0.5906533598899841 
vt 0.6628819704055786 0.5813226699829102 
vt 0.6628819704055786 0.5906533598899841 
vt 0.6794443130493164 0.5813226699829102 
vt 0.6794443130493164 0.5906533598899841 
vt 0.6966155767440796 0.5813226699829102 
vt 0.6966155767440796 0.5906533598899841 
vt 0.7391175031661987 0.5906533598899841 
vt 0.7483729124069214 0.5813226699829102 
vt 0.7391175031661987 0.6314903497695923 
vt 0.7483729124069214 0.6408210396766663 
vt 0.6966155767440796 0.6408210396766663 
vt 0.6966155767440796 0.6314903497695923 
vt 0.6794443130493164 0.6408210396766663 
vt 0.6794443130493164 0.6314903497695923 
vt 0.6628819704055786 0.6408210396766663 
vt 0.6628819704055786 0.6314903497695923 
vt 0.6457107067108154 0.6408210396766663 
vt 0.6457107067108154 0.6314903497695923 
vt 0.11632432788610458 0.2542632222175598 
vt 0.11632432788610458 0.2627456784248352 
vt 0.10816493630409241 0.2542632222175598 
vt 0.10816493630409241 0.2627456784248352 
vt 0.22410139441490173 0.3401784300804138 
vt 0.23238258063793182 0.3401784300804138 
vt 0.22410139441490173 0.34841853380203247 
vt 0.23238258063793182 0.34841853380203247 
vt 0.287184476852417 0.8181044459342957 
vt 0.32798144221305847 0.8181044459342957 
vt 0.287184476852417 0.819922149181366 
vt 0.32798144221305847 0.819922149181366 
vt 0.9625874757766724 0.8013818860054016 
vt 0.9625874757766724 0.8422188758850098 
vt 0.9607607126235962 0.8013818860054016 
vt 0.9607607126235962 0.8422188758850098 
vt 0.3391853868961334 0.6616636514663696 
vt 0.3391853868961334 0.6598460078239441 
vt 0.38095661997795105 0.6616636514663696 
vt 0.38168731331825256 0.6598460078239441 
vt 0.9303151965141296 0.4972251057624817 
vt 0.9303151965141296 0.5380620956420898 
vt 0.9284884929656982 0.4972251057624817 
vt 0.9284884929656982 0.5380620956420898 
vt 0.998634934425354 0.6966841220855713 
vt 0.998634934425354 0.7390964031219482 
vt 0.996929943561554 0.6974111795425415 
vt 0.996929943561554 0.7390964031219482 
vt 0.32798144221305847 0.824284553527832 
vt 0.287184476852417 0.824284553527832 
vt 0.32798144221305847 0.8224668502807617 
vt 0.287184476852417 0.8224668502807617 
vt 0.9415191411972046 0.7112254500389099 
vt 0.9400577545166016 0.6986229419708252 
vt 0.9417627453804016 0.7112254500389099 
vt 0.9418845176696777 0.4247606694698334 
vt 0.9405449032783508 0.41264286637306213 
vt 0.94212806224823 0.4247606694698334 
vt 0.9535755515098572 0.8539731502532959 
vt 0.9532102346420288 0.5204913020133972 
vt 0.953453779220581 0.5620553493499756 
vt 0.9527230858802795 0.5620553493499756 
s on 
f 1/1/1 2/2/2 3/3/3 
f 2/2/2 4/4/4 3/3/3 
f 3/3/3 4/4/4 4/4/4 
f 4/4/4 5/5/5 4/4/4 
f 4/4/4 5/5/5 5/5/5 
f 5/5/5 6/6/6 5/5/5 
f 5/5/5 6/6/6 7/7/7 
f 6/6/6 8/8/8 7/7/7 
f 7/7/7 8/8/8 9/9/9 
f 8/8/8 10/10/10 9/9/9 
f 9/9/9 10/10/10 9/9/9 
f 10/10/10 11/11/11 9/9/9 
f 9/9/9 11/11/11 12/12/12 
f 11/11/11 12/12/12 12/12/12 
f 12/12/12 12/12/12 13/13/13 
f 12/12/12 13/13/13 13/13/13 
f 13/13/13 13/13/13 14/14/14 
f 13/13/13 15/15/15 14/14/14 
f 14/14/14 15/15/15 16/16/16 
f 15/15/15 16/16/16 16/16/16 
f 16/16/16 16/16/16 17/17/17 
f 16/16/16 17/17/17 17/17/17 
f 17/17/17 17/17/17 18/18/18 
f 17/17/17 19/19/19 18/18/18 
f 18/18/18 19/19/19 20/20/20 
f 19/19/19 20/20/20 20/20/20 
f 20/20/20 20/20/20 21/21/21 
f 20/20/20 21/21/21 21/21/21 
f 21/21/21 21/21/21 22/22/22 
f 21/21/21 23/23/23 22/22/22 
f 22/22/22 23/23/23 24/24/24 
f 23/23/23 24/24/24 24/24/24 
f 24/24/24 24/24/24 25/25/25 
f 24/24/24 25/25/25 25/25/25 
f 25/25/25 25/25/25 26/26/26 
f 25/25/25 27/27/27 26/26/26 
f 26/26/26 27/27/27 27/27/27 
f 27/27/27 28/28/28 27/27/27 
f 27/27/27 28/28/28 28/28/28 
f 28/28/28 29/29/29 28/28/28 
f 28/28/28 29/29/29 30/30/30 
f 29/29/29 30/30/30 30/30/30 
f 30/30/30 30/30/30 31/31/31 
f 30/30/30 31/31/31 31/31/31 
f 31/31/31 31/31/31 32/32/32 
f 31/31/31 33/33/33 32/32/32 
f 32/32/32 33/33/33 34/34/34 
f 33/33/33 34/34/34 34/34/34 
f 34/34/34 34/34/34 35/35/35 
f 34/34/34 35/35/35 35/35/35 
f 35/35/35 35/35/35 36/36/36 
f 35/35/35 37/37/37 36/36/36 
f 36/36/36 37/37/37 38/38/38 
f 37/37/37 38/38/38 38/38/38 
f 38/38/38 38/38/38 39/39/39 
f 38/38/38 39/39/39 39/39/39 
f 39/39/39 39/39/39 40/40/40 
f 39/39/39 41/41/41 40/40/40 
f 40/40/40 41/41/41 42/42/42 
f 41/41/41 42/42/42 42/42/42 
f 42/42/42 42/42/42 43/43/43 
f 42/42/42 43/43/43 43/43/43 
f 43/43/43 43/43/43 44/44/44 
f 43/43/43 45/45/45 44/44/44 
f 44/44/44 45/45/45 45/45/45 
f 45/45/45 46/46/46 45/45/45 
f 45/45/45 46/46/46 46/46/46 
f 46/46/46 47/47/47 46/46/46 
f 46/46/46 47/47/47 48/48/48 
f 47/47/47 49/49/49 48/48/48 
f 48/48/48 49/49/49 49/49/49 
f 49/49/49 50/50/50 49/49/49 
f 49/49/49 50/50/50 50/50/50 
f 50/50/50 51/51/51 50/50/50 
f 50/50/50 51/51/51 52/52/52 
f 51/51/51 53/53/53 52/52/52 
f 52/52/52 53/53/53 53/53/53 
f 53/53/53 54/54/54 53/53/53 
f 53/53/53 54/54/54 54/54/54 
f 54/54/54 55/55/55 54/54/54 
f 54/54/54 55/55/55 56/56/56 
f 55/55/55 56/56/56 56/56/56 
f 56/56/56 56/56/56 57/57/57 
f 56/56/56 57/57/57 57/57/57 
f 57/57/57 57/57/57 58/58/58 
f 57/57/57 59/59/59 58/58/58 
f 58/58/58 59/59/59 60/60/60 
f 59/59/59 60/60/60 60/60/60 
f 60/60/60 60/60/60 61/61/61 
f 60/60/60 61/61/61 61/61/61 
f 61/61/61 61/61/61 62/62/62 
f 61/61/61 63/63/63 62/62/62 
f 62/62/62 63/63/63 64/64/64 
f 63/63/63 64/64/64 64/64/64 
f 64/64/64 64/64/64 65/65/65 
f 64/64/64 65/65/65 65/65/65 
f 65/65/65 65/65/65 66/66/66 
f 65/65/65 67/67/67 66/66/66 
f 66/66/66 67/67/67 68/68/68 
f 67/67/67 68/68/68 68/68/68 
f 68/68/68 68/68/68 69/69/69 
f 68/68/68 69/69/69 69/69/69 
f 69/69/69 69/69/69 70/70/70 
f 69/69/69 71/71/71 70/70/70 
f 70/70/70 71/71/71 72/72/72 
f 71/71/71 72/72/72 72/72/72 
f 72/72/72 72/72/72 73/73/73 
f 72/72/72 73/73/73 73/73/73 
f 73/73/73 73/73/73 74/74/74 
f 73/73/73 75/75/75 74/74/74 
f 74/74/74 75/75/75 76/76/76 
f 75/75/75 76/76/76 76/76/76 
f 76/76/76 76/76/76 77/77/77 
f 76/76/76 77/77/77 77/77/77 
f 77/77/77 77/77/77 78/78/78 
f 77/77/77 79/79/79 78/78/78 
f 78/78/78 79/79/79 80/80/80 
f 79/79/79 81/81/81 80/80/80 
f 80/80/80 81/81/81 82/82/82 
f 81/81/81 82/82/82 82/82/82 
f 82/82/82 82/82/82 78/78/78 
f 82/82/82 78/78/78 78/78/78 
f 78/78/78 78/78/78 83/83/83 
f 78/78/78 80/80/80 83/83/83 
f 83/83/83 80/80/80 84/84/84 
f 80/80/80 84/84/84 84/84/84 
f 84/84/84 84/84/84 85/85/85 
f 84/84/84 85/85/85 85/85/85 
f 85/85/85 85/85/85 86/86/86 
f 85/85/85 87/87/87 86/86/86 
f 86/86/86 87/87/87 87/87/87 
f 87/87/87 88/88/88 87/87/87 
f 87/87/87 88/88/88 88/88/88 
f 88/88/88 89/89/89 88/88/88 
f 88/88/88 89/89/89 90/90/90 
f 89/89/89 91/91/91 90/90/90 
f 90/90/90 91/91/91 91/91/91 
f 91/91/91 92/92/92 91/91/91 
f 91/91/91 92/92/92 92/92/92 
f 92/92/92 93/93/93 92/92/92 
f 92/92/92 93/93/93 94/94/94 
f 93/93/93 95/95/95 94/94/94 
f 94/94/94 95/95/95 95/95/95 
f 95/95/95 96/96/96 95/95/95 
f 95/95/95 96/96/96 96/96/96 
f 96/96/96 97/97/97 96/96/96 
f 96/96/96 97/97/97 98/98/98 
f 97/97/97 98/98/98 98/98/98 
f 98/98/98 98/98/98 99/99/99 
f 98/98/98 99/99/99 99/99/99 
f 99/99/99 99/99/99 100/100/100 
f 99/99/99 101/101/101 100/100/100 
f 100/100/100 101/101/101 101/101/101 
f 101/101/101 102/102/102 101/101/101 
f 101/101/101 102/102/102 102/102/102 
f 102/102/102 103/103/103 102/102/102 
f 102/102/102 103/103/103 104/104/104 
f 103/103/103 105/105/105 104/104/104 
f 104/104/104 105/105/105 105/105/105 
f 105/105/105 106/106/106 105/105/105 
f 105/105/105 106/106/106 106/106/106 
f 106/106/106 107/107/107 106/106/106 
f 106/106/106 107/107/107 108/108/108 
f 107/107/107 109/109/109 108/108/108 
f 108/108/108 109/109/109 109/109/109 
f 109/109/109 110/110/110 109/109/109 
f 109/109/109 110/110/110 110/110/110 
f 110/110/110 111/111/111 110/110/110 
f 110/110/110 111/111/111 112/112/112 
f 111/111/111 113/113/113 112/112/112 
f 112/112/112 113/113/113 113/113/113 
f 113/113/113 114/114/114 113/113/113 
f 113/113/113 114/114/114 114/114/114 
f 114/114/114 115/115/115 114/114/114 
f 114/114/114 115/115/115 116/116/116 
f 115/115/115 117/117/117 116/116/116 
f 116/116/116 117/117/117 117/117/117 
f 117/117/117 118/118/118 117/117/117 
f 117/117/117 118/118/118 118/118/118 
f 118/118/118 119/119/119 118/118/118 
f 118/118/118 119/119/119 120/120/120 
f 119/119/119 121/121/121 120/120/120 
f 120/120/120 121/121/121 121/121/121 
f 121/121/121 122/122/122 121/121/121 
f 121/121/121 122/122/122 122/122/122 
f 122/122/122 123/123/123 122/122/122 
f 122/122/122 123/123/123 124/124/124 
f 123/123/123 125/125/125 124/124/124 
f 124/124/124 125/125/125 125/125/125 
f 125/125/125 126/126/126 125/125/125 
f 125/125/125 126/126/126 126/126/126 
f 126/126/126 127/127/127 126/126/126 
f 126/126/126 127/127/127 128/128/128 
f 127/127/127 129/129/129 128/128/128 
f 128/128/128 129/129/129 129/129/129 
f 129/129/129 130/130/130 129/129/129 
f 129/129/129 130/130/130 130/130/130 
f 130/130/130 131/131/131 130/130/130 
f 130/130/130 131/131/131 132/132/132 
f 131/131/131 133/133/133 132/132/132 
f 132/132/132 133/133/133 133/133/133 
f 133/133/133 134/134/134 133/133/133 
f 133/133/133 134/134/134 134/134/134 
f 134/134/134 135/135/135 134/134/134 
f 134/134/134 135/135/135 136/136/136 
f 135/135/135 136/136/136 136/136/136 
f 136/136/136 136/136/136 137/137/137 
f 136/136/136 137/137/137 137/137/137 
f 137/137/137 137/137/137 138/138/138 
f 137/137/137 139/139/139 138/138/138 
f 138/138/138 139/139/139 140/140/140 
f 139/139/139 140/140/140 140/140/140 
f 140/140/140 140/140/140 141/141/141 
f 140/140/140 141/141/141 141/141/141 
f 141/141/141 141/141/141 142/142/142 
f 141/141/141 143/143/143 142/142/142 
f 142/142/142 143/143/143 144/144/144 
f 143/143/143 144/144/144 144/144/144 
f 144/144/144 144/144/144 145/145/145 
f 144/144/144 145/145/145 145/145/145 
f 145/145/145 145/145/145 146/146/146 
f 145/145/145 147/147/147 146/146/146 
f 146/146/146 147/147/147 148/148/148 
f 147/147/147 148/148/148 148/148/148 
f 148/148/148 148/148/148 149/149/149 
f 148/148/148 149/149/149 149/149/149 
f 149/149/149 149/149/149 150/150/150 
f 149/149/149 151/151/151 150/150/150 
f 150/150/150 151/151/151 152/152/152 
f 151/151/151 152/152/152 152/152/152 
f 152/152/152 152/152/152 153/153/153 
f 152/152/152 153/153/153 153/153/153 
f 153/153/153 153/153/153 154/154/154 
f 153/153/153 155/155/155 154/154/154 
f 154/154/154 155/155/155 156/156/156 
f 155/155/155 156/156/156 156/156/156 
f 156/156/156 156/156/156 157/157/157 
f 156/156/156 157/157/157 157/157/157 
f 157/157/157 157/157/157 158/158/158 
f 157/157/157 159/159/159 158/158/158 
f 158/158/158 159/159/159 159/159/159 
f 159/159/159 160/160/160 159/159/159 
f 159/159/159 160/160/160 160/160/160 
f 160/160/160 161/161/161 160/160/160 
f 160/160/160 161/161/161 162/162/162 
f 161/161/161 163/163/163 162/162/162 
f 162/162/162 163/163/163 163/163/163 
f 163/163/163 164/164/164 163/163/163 
f 163/163/163 164/164/164 164/164/164 
f 164/164/164 165/165/165 164/164/164 
f 164/164/164 165/165/165 166/166/166 
f 165/165/165 167/167/167 166/166/166 
f 166/166/166 167/167/167 167/167/167 
f 167/167/167 168/168/168 167/167/167 
f 167/167/167 168/168/168 168/168/168 
f 168/168/168 169/169/169 168/168/168 
f 168/168/168 169/169/169 170/170/170 
f 169/169/169 171/171/171 170/170/170 
f 170/170/170 171/171/171 171/171/171 
f 171/171/171 172/172/172 171/171/171 
f 171/171/171 172/172/172 172/172/172 
f 172/172/172 173/173/173 172/172/172 
f 172/172/172 173/173/173 174/174/174 
f 173/173/173 175/175/175 174/174/174 
f 174/174/174 175/175/175 175/175/175 
f 175/175/175 176/176/176 175/175/175 
f 175/175/175 176/176/176 176/176/176 
f 176/176/176 177/177/177 176/176/176 
f 176/176/176 177/177/177 178/178/178 
f 177/177/177 179/179/179 178/178/178 
f 178/178/178 179/179/179 179/179/179 
f 179/179/179 180/180/180 179/179/179 
f 179/179/179 180/180/180 180/180/180 
f 180/180/180 181/181/181 180/180/180 
f 180/180/180 181/181/181 182/182/182 
f 181/181/181 183/183/183 182/182/182 
f 182/182/182 183/183/183 183/183/183 
f 183/183/183 184/184/184 183/183/183 
f 183/183/183 184/184/184 184/184/184 
f 184/184/184 185/185/185 184/184/184 
f 184/184/184 185/185/185 186/186/186 
f 185/185/185 187/187/187 186/186/186 
f 186/186/186 187/187/187 187/187/187 
f 187/187/187 188/188/188 187/187/187 
f 187/187/187 188/188/188 188/188/188 
f 188/188/188 189/189/189 188/188/188 
f 188/188/188 189/189/189 190/190/190 
f 189/189/189 191/191/191 190/190/190 
f 190/190/190 191/191/191 191/191/191 
f 191/191/191 192/192/192 191/191/191 
f 191/191/191 192/192/192 192/192/192 
f 192/192/192 193/193/193 192/192/192 
f 192/192/192 193/193/193 194/194/194 
f 193/193/193 195/195/195 194/194/194 
f 194/194/194 195/195/195 195/195/195 
f 195/195/195 196/196/196 195/195/195 
f 195/195/195 196/196/196 196/196/196 
f 196/196/196 197/197/197 196/196/196 
f 196/196/196 197/197/197 198/198/198 
f 197/197/197 199/199/199 198/198/198 
f 198/198/198 199/199/199 199/199/199 
f 199/199/199 200/200/200 199/199/199 
f 199/199/199 200/200/200 200/200/200 
f 200/200/200 201/201/201 200/200/200 
f 200/200/200 201/201/201 202/202/202 
f 201/201/201 203/203/203 202/202/202 
f 202/202/202 203/203/203 203/203/203 
f 203/203/203 204/204/204 203/203/203 
f 203/203/203 204/204/204 204/204/204 
f 204/204/204 205/205/205 204/204/204 
f 204/204/204 205/205/205 206/206/206 
f 205/205/205 207/207/207 206/206/206 
f 206/206/206 207/207/207 207/207/207 
f 207/207/207 208/208/208 207/207/207 
f 207/207/207 208/208/208 208/208/208 
f 208/208/208 209/209/209 208/208/208 
f 208/208/208 209/209/209 210/210/210 
f 209/209/209 211/211/211 210/210/210 
f 210/210/210 211/211/211 211/211/211 
f 211/211/211 212/212/212 211/211/211 
f 211/211/211 212/212/212 212/212/212 
f 212/212/212 213/213/213 212/212/212 
f 212/212/212 213/213/213 214/214/214 
f 213/213/213 215/215/215 214/214/214 
f 214/214/214 215/215/215 215/215/215 
f 215/215/215 216/216/216 215/215/215 
f 215/215/215 216/216/216 216/216/216 
f 216/216/216 217/217/217 216/216/216 
f 216/216/216 217/217/217 218/218/218 
f 217/217/217 218/218/218 218/218/218 
f 218/218/218 218/218/218 219/219/219 
f 218/218/218 219/219/219 219/219/219 
f 219/219/219 219/219/219 220/220/220 
f 219/219/219 221/221/221 220/220/220 
f 220/220/220 221/221/221 221/221/221 
f 221/221/221 222/222/222 221/221/221 
f 221/221/221 222/222/222 222/222/222 
f 222/222/222 223/223/223 222/222/222 
f 222/222/222 223/223/223 224/224/224 
f 223/223/223 225/225/225 224/224/224 
f 224/224/224 225/225/225 225/225/225 
f 225/225/225 226/226/226 225/225/225 
f 225/225/225 226/226/226 226/226/226 
f 226/226/226 227/227/227 226/226/226 
f 226/226/226 227/227/227 228/228/228 
f 227/227/227 229/229/229 228/228/228 
f 228/228/228 229/229/229 228/228/228 
f 229/229/229 230/230/230 228/228/228 
f 228/228/228 230/230/230 231/231/231 
f 230/230/230 231/231/231 231/231/231 
f 231/231/231 231/231/231 232/232/232 
f 231/231/231 232/232/232 232/232/232 
f 232/232/232 232/232/232 233/233/233 
f 232/232/232 234/234/234 233/233/233 
f 233/233/233 234/234/234 234/234/234 
f 234/234/234 235/235/235 234/234/234 
f 234/234/234 235/235/235 235/235/235 
f 235/235/235 236/236/236 235/235/235 
f 235/235/235 236/236/236 237/237/237 
f 236/236/236 238/238/238 237/237/237 
f 237/237/237 238/238/238 239/239/239 
f 238/238/238 239/239/239 239/239/239 
f 239/239/239 239/239/239 240/240/240 
f 239/239/239 240/240/240 240/240/240 
f 240/240/240 240/240/240 236/236/236 
f 240/240/240 238/238/238 236/236/236 
f 236/236/236 238/238/238 238/238/238 
f 238/238/238 240/240/240 238/238/238 
f 238/238/238 240/240/240 240/240/240 
f 240/240/240 241/241/241 240/240/240 
f 240/240/240 241/241/241 242/242/242 
f 241/241/241 242/242/242 242/242/242 
f 242/242/242 242/242/242 243/243/243 
f 242/242/242 243/243/243 243/243/243 
f 243/243/243 243/243/243 244/244/244 
f 243/243/243 245/245/245 244/244/244 
f 244/244/244 245/245/245 246/246/246 
f 245/245/245 247/247/247 246/246/246 
f 246/246/246 247/247/247 246/246/246 
f 247/247/247 248/248/248 246/246/246 
f 246/246/246 248/248/248 249/249/249 
f 248/248/248 250/250/250 249/249/249 
f 249/249/249 250/250/250 251/251/251 
f 250/250/250 252/252/252 251/251/251 
f 251/251/251 252/252/252 252/252/252 
f 252/252/252 253/253/253 252/252/252 
f 252/252/252 253/253/253 253/253/253 
f 253/253/253 254/254/254 253/253/253 
f 253/253/253 254/254/254 255/255/255 
f 254/254/254 254/254/254 255/255/255 
f 255/255/255 254/254/254 256/256/256 
f 254/254/254 254/254/254 256/256/256 
f 256/256/256 254/254/254 257/257/257 
f 254/254/254 258/258/258 257/257/257 
f 257/257/257 258/258/258 257/257/257 
f 258/258/258 259/259/259 257/257/257 
f 257/257/257 259/259/259 260/260/260 
f 259/259/259 261/261/261 260/260/260 
f 260/260/260 261/261/261 260/260/260 
f 261/261/261 262/262/262 260/260/260 
f 260/260/260 262/262/262 263/263/263 
f 262/262/262 264/264/264 263/263/263 
f 263/263/263 264/264/264 264/264/264 
f 264/264/264 265/265/265 264/264/264 
f 264/264/264 265/265/265 265/265/265 
f 265/265/265 266/266/266 265/265/265 
f 265/265/265 266/266/266 267/267/267 
f 266/266/266 268/268/268 267/267/267 
f 267/267/267 268/268/268 268/268/268 
f 268/268/268 269/269/269 268/268/268 
f 268/268/268 269/269/269 269/269/269 
f 269/269/269 270/270/270 269/269/269 
f 269/269/269 270/270/270 271/271/271 
f 270/270/270 272/272/272 271/271/271 
f 271/271/271 272/272/272 272/272/272 
f 272/272/272 273/273/273 272/272/272 
f 272/272/272 273/273/273 273/273/273 
f 273/273/273 274/274/274 273/273/273 
f 273/273/273 274/274/274 275/275/275 
f 274/274/274 276/276/276 275/275/275 
f 275/275/275 276/276/276 276/276/276 
f 276/276/276 277/277/277 276/276/276 
f 276/276/276 277/277/277 277/277/277 
f 277/277/277 278/278/278 277/277/277 
f 277/277/277 278/278/278 279/279/279 
f 278/278/278 280/280/280 279/279/279 
f 279/279/279 280/280/280 280/280/280 
f 280/280/280 281/281/281 280/280/280 
f 280/280/280 281/281/281 281/281/281 
f 281/281/281 282/282/282 281/281/281 
f 281/281/281 282/282/282 283/283/283 
f 282/282/282 282/282/282 283/283/283 
f 283/283/283 282/282/282 284/284/284 
f 282/282/282 285/285/285 284/284/284 
f 284/284/284 285/285/285 285/285/285 
f 285/285/285 286/286/286 285/285/285 
f 285/285/285 286/286/286 286/286/286 
f 286/286/286 287/287/287 286/286/286 
f 286/286/286 287/287/287 288/288/288 
f 287/287/287 287/287/287 288/288/288 
f 288/288/288 287/287/287 289/289/289 
f 287/287/287 287/287/287 289/289/289 
f 289/289/289 287/287/287 290/290/290 
f 287/287/287 291/291/291 290/290/290 
f 290/290/290 291/291/291 290/290/290 
f 291/291/291 292/292/292 290/290/290 
f 290/290/290 292/292/292 293/293/293 
f 292/292/292 294/294/294 293/293/293 
f 293/293/293 294/294/294 293/293/293 
f 294/294/294 295/295/295 293/293/293 
f 293/293/293 295/295/295 296/296/296 
f 295/295/295 297/297/297 296/296/296 
f 296/296/296 297/297/297 297/297/297 
f 297/297/297 298/298/298 297/297/297 
f 297/297/297 298/298/298 298/298/298 
f 298/298/298 299/299/299 298/298/298 
f 298/298/298 299/299/299 300/300/300 
f 299/299/299 300/300/300 300/300/300 
f 300/300/300 300/300/300 301/301/301 
f 300/300/300 301/301/301 301/301/301 
f 301/301/301 301/301/301 302/302/302 
f 301/301/301 303/303/303 302/302/302 
f 302/302/302 303/303/303 303/303/303 
f 303/303/303 304/304/304 303/303/303 
f 303/303/303 304/304/304 304/304/304 
f 304/304/304 305/305/305 304/304/304 
f 304/304/304 305/305/305 306/306/306 
f 305/305/305 307/307/307 306/306/306 
f 306/306/306 307/307/307 307/307/307 
f 307/307/307 308/308/308 307/307/307 
f 307/307/307 308/308/308 308/308/308 
f 308/308/308 309/309/309 308/308/308 
f 308/308/308 309/309/309 310/310/310 
f 309/309/309 311/311/311 310/310/310 
f 310/310/310 311/311/311 311/311/311 
f 311/311/311 312/312/312 311/311/311 
f 311/311/311 312/312/312 312/312/312 
f 312/312/312 313/313/313 312/312/312 
f 312/312/312 313/313/313 314/314/314 
f 313/313/313 315/315/315 314/314/314 
f 314/314/314 315/315/315 314/314/314 
f 315/315/315 316/316/316 314/314/314 
f 314/314/314 316/316/316 317/317/317 
f 316/316/316 317/317/317 317/317/317 
f 317/317/317 317/317/317 318/318/318 
f 317/317/317 318/318/318 318/318/318 
f 318/318/318 318/318/318 319/319/319 
f 318/318/318 320/320/320 319/319/319 
f 319/319/319 320/320/320 320/320/320 
f 320/320/320 321/321/321 320/320/320 
f 320/320/320 321/321/321 321/321/321 
f 321/321/321 322/322/322 321/321/321 
f 321/321/321 322/322/322 323/323/323 
f 322/322/322 324/324/324 323/323/323 
f 323/323/323 324/324/324 324/324/324 
f 324/324/324 325/325/325 324/324/324 
f 324/324/324 325/325/325 325/325/325 
f 325/325/325 326/326/326 325/325/325 
f 325/325/325 326/326/326 327/327/327 
f 326/326/326 326/326/326 327/327/327 
f 327/327/327 326/326/326 328/328/328 
f 326/326/326 329/329/329 328/328/328 
f 328/328/328 329/329/329 329/329/329 
f 329/329/329 330/330/330 329/329/329 
f 329/329/329 330/330/330 330/330/330 
f 330/330/330 331/331/331 330/330/330 
f 330/330/330 331/331/331 332/332/332 
f 331/331/331 331/331/331 332/332/332 
f 332/332/332 331/331/331 333/333/333 
f 331/331/331 331/331/331 333/333/333 
f 333/333/333 331/331/331 334/334/334 
f 331/331/331 335/335/335 334/334/334 
f 334/334/334 335/335/335 334/334/334 
f 335/335/335 336/336/336 334/334/334 
f 334/334/334 336/336/336 337/337/337 
f 336/336/336 338/338/338 337/337/337 
f 337/337/337 338/338/338 337/337/337 
f 338/338/338 339/339/339 337/337/337 
f 337/337/337 339/339/339 340/340/340 
f 339/339/339 341/341/341 340/340/340 
f 340/340/340 341/341/341 341/341/341 
f 341/341/341 342/342/342 341/341/341 
f 341/341/341 342/342/342 342/342/342 
f 342/342/342 343/343/343 342/342/342 
f 342/342/342 343/343/343 344/344/344 
f 343/343/343 345/345/345 344/344/344 
f 344/344/344 345/345/345 345/345/345 
f 345/345/345 346/346/346 345/345/345 
f 345/345/345 346/346/346 346/346/346 
f 346/346/346 347/347/347 346/346/346 
f 346/346/346 347/347/347 348/348/348 
f 347/347/347 349/349/349 348/348/348 
f 348/348/348 349/349/349 349/349/349 
f 349/349/349 350/350/350 349/349/349 
f 349/349/349 350/350/350 350/350/350 
f 350/350/350 351/351/351 350/350/350 
f 350/350/350 351/351/351 352/352/352 
f 351/351/351 353/353/353 352/352/352 
f 352/352/352 353/353/353 353/353/353 
f 353/353/353 354/354/354 353/353/353 
f 353/353/353 354/354/354 354/354/354 
f 354/354/354 355/355/355 354/354/354 
f 354/354/354 355/355/355 356/356/356 
f 355/355/355 357/357/357 356/356/356 
f 356/356/356 357/357/357 357/357/357 
f 357/357/357 358/358/358 357/357/357 
f 357/357/357 358/358/358 358/358/358 
f 358/358/358 359/359/359 358/358/358 
f 358/358/358 359/359/359 360/360/360 
f 359/359/359 359/359/359 360/360/360 
f 360/360/360 359/359/359 361/361/361 
f 359/359/359 362/362/362 361/361/361 
f 361/361/361 362/362/362 362/362/362 
f 362/362/362 363/363/363 362/362/362 
f 362/362/362 363/363/363 363/363/363 
f 363/363/363 364/364/364 363/363/363 
f 363/363/363 364/364/364 365/365/365 
f 364/364/364 364/364/364 365/365/365 
f 365/365/365 364/364/364 366/366/366 
f 364/364/364 364/364/364 366/366/366 
f 366/366/366 364/364/364 367/367/367 
f 364/364/364 368/368/368 367/367/367 
f 367/367/367 368/368/368 367/367/367 
f 368/368/368 369/369/369 367/367/367 
f 367/367/367 369/369/369 370/370/370 
f 369/369/369 371/371/371 370/370/370 
f 370/370/370 371/371/371 370/370/370 
f 371/371/371 372/372/372 370/370/370 
f 370/370/370 372/372/372 373/373/373 
f 372/372/372 374/374/374 373/373/373 
f 373/373/373 374/374/374 374/374/374 
f 374/374/374 375/375/375 374/374/374 
f 374/374/374 375/375/375 375/375/375 
f 375/375/375 376/376/376 375/375/375 
f 375/375/375 376/376/376 377/377/377 
f 376/376/376 377/377/377 377/377/377 
f 377/377/377 377/377/377 378/378/378 
f 377/377/377 378/378/378 378/378/378 
f 378/378/378 378/378/378 379/379/379 
f 378/378/378 380/380/380 379/379/379 
f 379/379/379 380/380/380 381/381/381 
f 380/380/380 381/381/381 381/381/381 
f 381/381/381 381/381/381 382/382/382 
f 381/381/381 382/382/382 382/382/382 
f 382/382/382 382/382/382 383/383/383 
f 382/382/382 384/384/384 383/383/383 
f 383/383/383 384/384/384 384/384/384 
f 384/384/384 385/385/385 384/384/384 
f 384/384/384 385/385/385 385/385/385 
f 385/385/385 386/386/386 385/385/385 
f 385/385/385 386/386/386 387/387/387 
f 386/386/386 388/388/388 387/387/387 
f 387/387/387 388/388/388 388/388/388 
f 388/388/388 389/389/389 388/388/388 
f 388/388/388 389/389/389 389/389/389 
f 389/389/389 390/390/390 389/389/389 
f 389/389/389 390/390/390 391/391/391 
f 390/390/390 392/392/392 391/391/391 
f 391/391/391 392/392/392 392/392/392 
f 392/392/392 393/393/393 392/392/392 
f 392/392/392 393/393/393 393/393/393 
f 393/393/393 394/394/394 393/393/393 
f 393/393/393 394/394/394 395/395/395 
f 394/394/394 396/396/396 395/395/395 
f 395/395/395 396/396/396 395/395/395 
f 396/396/396 397/397/397 395/395/395 
f 395/395/395 397/397/397 398/398/398 
f 397/397/397 398/398/398 398/398/398 
f 398/398/398 398/398/398 399/399/399 
f 398/398/398 399/399/399 399/399/399 
f 399/399/399 399/399/399 400/400/400 
f 399/399/399 401/401/401 400/400/400 
f 400/400/400 401/401/401 401/401/401 
f 401/401/401 402/402/402 401/401/401 
f 401/401/401 402/402/402 402/402/402 
f 402/402/402 403/403/403 402/402/402 
f 402/402/402 403/403/403 404/404/404 
f 403/403/403 405/405/405 404/404/404 
f 404/404/404 405/405/405 405/405/405 
f 405/405/405 406/406/406 405/405/405 
f 405/405/405 406/406/406 406/406/406 
f 406/406/406 407/407/407 406/406/406 
f 406/406/406 407/407/407 408/408/408 
f 407/407/407 407/407/407 408/408/408 
f 408/408/408 407/407/407 409/409/409 
f 407/407/407 407/407/407 409/409/409 
f 409/409/409 407/407/407 410/410/410 
f 407/407/407 411/411/411 410/410/410 
f 410/410/410 411/411/411 410/410/410 
f 411/411/411 412/412/412 410/410/410 
f 410/410/410 412/412/412 413/413/413 
f 412/412/412 414/414/414 413/413/413 
f 413/413/413 414/414/414 413/413/413 
f 414/414/414 415/415/415 413/413/413 
f 413/413/413 415/415/415 416/416/416 
f 415/415/415 417/417/417 416/416/416 
f 416/416/416 417/417/417 417/417/417 
f 417/417/417 418/418/418 417/417/417 
f 417/417/417 418/418/418 418/418/418 
f 418/418/418 419/419/419 418/418/418 
f 418/418/418 419/419/419 420/420/420 
f 419/419/419 421/421/421 420/420/420 
f 420/420/420 421/421/421 420/420/420 
f 421/421/421 422/422/422 420/420/420 
f 420/420/420 422/422/422 423/423/423 
f 422/422/422 423/423/423 423/423/423 
f 423/423/423 423/423/423 424/424/424 
f 423/423/423 424/424/424 424/424/424 
f 424/424/424 424/424/424 425/425/425 
f 424/424/424 426/426/426 425/425/425 
f 425/425/425 426/426/426 427/427/427 
f 426/426/426 426/426/426 427/427/427 
f 427/427/427 426/426/426 428/428/428 
f 426/426/426 429/429/429 428/428/428 
f 428/428/428 429/429/429 430/430/430 
f 429/429/429 431/431/431 430/430/430 
f 430/430/430 431/431/431 432/432/432 
f 431/431/431 432/432/432 432/432/432 
f 432/432/432 432/432/432 433/433/433 
f 432/432/432 433/433/433 433/433/433 
f 433/433/433 433/433/433 434/434/434 
f 433/433/433 435/435/435 434/434/434 
f 434/434/434 435/435/435 436/436/436 
f 435/435/435 436/436/436 436/436/436 
f 436/436/436 436/436/436 437/437/437 
f 436/436/436 437/437/437 437/437/437 
f 437/437/437 437/437/437 438/438/438 
f 437/437/437 439/439/439 438/438/438 
f 438/438/438 439/439/439 440/440/440 
f 439/439/439 440/440/440 440/440/440 
f 440/440/440 440/440/440 441/441/441 
f 440/440/440 441/441/441 441/441/441 
f 441/441/441 441/441/441 442/442/442 
f 441/441/441 443/443/443 442/442/442 
f 442/442/442 443/443/443 444/444/444 
f 443/443/443 445/445/445 444/444/444 
f 444/444/444 445/445/445 445/445/445 
f 445/445/445 446/446/446 445/445/445 
f 445/445/445 446/446/446 446/446/446 
f 446/446/446 447/447/447 446/446/446 
f 446/446/446 447/447/447 448/448/448 
f 447/447/447 447/447/447 448/448/448 
f 448/448/448 447/447/447 449/449/449 
f 447/447/447 447/447/447 449/449/449 
f 449/449/449 447/447/447 450/450/450 
f 447/447/447 451/451/451 450/450/450 
f 450/450/450 451/451/451 450/450/450 
f 451/451/451 452/452/452 450/450/450 
f 450/450/450 452/452/452 453/453/453 
f 452/452/452 454/454/454 453/453/453 
f 453/453/453 454/454/454 453/453/453 
f 454/454/454 455/455/455 453/453/453 
f 453/453/453 455/455/455 456/456/456 
f 455/455/455 457/457/457 456/456/456 
f 456/456/456 457/457/457 457/457/457 
f 457/457/457 458/458/458 457/457/457 
f 457/457/457 458/458/458 458/458/458 
f 458/458/458 459/459/459 458/458/458 
f 458/458/458 459/459/459 460/460/460 
f 459/459/459 460/460/460 460/460/460 
f 460/460/460 460/460/460 461/461/461 
f 460/460/460 461/461/461 461/461/461 
f 461/461/461 461/461/461 462/462/462 
f 461/461/461 463/463/463 462/462/462 
f 462/462/462 463/463/463 463/463/463 
f 463/463/463 464/464/464 463/463/463 
f 463/463/463 464/464/464 464/464/464 
f 464/464/464 465/465/465 464/464/464 
f 464/464/464 465/465/465 466/466/466 
f 465/465/465 467/467/467 466/466/466 
f 466/466/466 467/467/467 467/467/467 
f 467/467/467 468/468/468 467/467/467 
f 467/467/467 468/468/468 468/468/468 
f 468/468/468 469/469/469 468/468/468 
f 468/468/468 469/469/469 470/470/470 
f 469/469/469 471/471/471 470/470/470 
f 470/470/470 471/471/471 471/471/471 
f 471/471/471 472/472/472 471/471/471 
f 471/471/471 472/472/472 472/472/472 
f 472/472/472 473/473/473 472/472/472 
f 472/472/472 473/473/473 474/474/474 
f 473/473/473 474/474/474 474/474/474 
f 474/474/474 474/474/474 475/475/475 
f 474/474/474 475/475/475 475/475/475 
f 475/475/475 475/475/475 476/476/476 
f 475/475/475 477/477/477 476/476/476 
f 476/476/476 477/477/477 477/477/477 
f 477/477/477 478/478/478 477/477/477 
f 477/477/477 478/478/478 478/478/478 
f 478/478/478 479/479/479 478/478/478 
f 478/478/478 479/479/479 480/480/480 
f 479/479/479 480/480/480 480/480/480 
f 480/480/480 480/480/480 481/481/481 
f 480/480/480 481/481/481 481/481/481 
f 481/481/481 481/481/481 482/482/482 
f 481/481/481 483/483/483 482/482/482 
f 482/482/482 483/483/483 483/483/483 
f 483/483/483 484/484/484 483/483/483 
f 483/483/483 484/484/484 484/484/484 
f 484/484/484 485/485/485 484/484/484 
f 484/484/484 485/485/485 486/486/486 
f 485/485/485 487/487/487 486/486/486 
f 486/486/486 487/487/487 487/487/487 
f 487/487/487 488/488/488 487/487/487 
f 487/487/487 488/488/488 488/488/488 
f 488/488/488 489/489/489 488/488/488 
f 488/488/488 489/489/489 490/490/490 
f 489/489/489 491/491/491 490/490/490 
f 490/490/490 491/491/491 491/491/491 
f 491/491/491 492/492/492 491/491/491 
f 491/491/491 492/492/492 492/492/492 
f 492/492/492 493/493/493 492/492/492 
f 492/492/492 493/493/493 494/494/494 
f 493/493/493 495/495/495 494/494/494 
f 494/494/494 495/495/495 495/495/495 
f 495/495/495 496/496/496 495/495/495 
f 495/495/495 496/496/496 496/496/496 
f 496/496/496 497/497/497 496/496/496 
f 496/496/496 497/497/497 498/498/498 
f 497/497/497 499/499/499 498/498/498 
f 498/498/498 499/499/499 499/499/499 
f 499/499/499 500/500/500 499/499/499 
f 499/499/499 500/500/500 500/500/500 
f 500/500/500 501/501/501 500/500/500 
f 500/500/500 501/501/501 502/502/502 
f 501/501/501 503/503/503 502/502/502 
f 502/502/502 503/503/503 503/503/503 
f 503/503/503 504/504/504 503/503/503 
f 503/503/503 504/504/504 504/504/504 
f 504/504/504 505/505/505 504/504/504 
f 504/504/504 505/505/505 506/506/506 
f 505/505/505 507/507/507 506/506/506 
f 506/506/506 507/507/507 507/507/507 
f 507/507/507 508/508/508 507/507/507 
f 507/507/507 508/508/508 508/508/508 
f 508/508/508 509/509/509 508/508/508 
f 508/508/508 509/509/509 510/510/510 
f 509/509/509 511/511/511 510/510/510 
f 510/510/510 511/511/511 511/511/511 
f 511/511/511 512/512/512 511/511/511 
f 511/511/511 512/512/512 512/512/512 
f 512/512/512 513/513/513 512/512/512 
f 512/512/512 513/513/513 514/514/514 
f 513/513/513 515/515/515 514/514/514 
f 514/514/514 515/515/515 515/515/515 
f 515/515/515 516/516/516 515/515/515 
f 515/515/515 516/516/516 516/516/516 
f 516/516/516 517/517/517 516/516/516 
f 516/516/516 517/517/517 518/518/518 
f 517/517/517 518/518/518 518/518/518 
f 518/518/518 518/518/518 519/519/519 
f 518/518/518 519/519/519 519/519/519 
f 519/519/519 519/519/519 520/520/520 
f 519/519/519 521/521/521 520/520/520 
f 520/520/520 521/521/521 522/522/522 
f 521/521/521 522/522/522 522/522/522 
f 522/522/522 522/522/522 523/523/523 
f 522/522/522 523/523/523 523/523/523 
f 523/523/523 523/523/523 524/524/524 
f 523/523/523 525/525/525 524/524/524 
f 524/524/524 525/525/525 525/525/525 
f 525/525/525 526/526/526 525/525/525 
f 525/525/525 526/526/526 526/526/526 
f 526/526/526 527/527/527 526/526/526 
f 526/526/526 527/527/527 528/528/528 
f 527/527/527 529/529/529 528/528/528 
f 528/528/528 529/529/529 529/529/529 
f 529/529/529 530/530/530 529/529/529 
f 529/529/529 530/530/530 530/530/530 
f 530/530/530 531/531/531 530/530/530 
f 530/530/530 531/531/531 532/532/532 
f 531/531/531 532/532/532 532/532/532 
f 532/532/532 532/532/532 533/533/533 
f 532/532/532 533/533/533 533/533/533 
f 533/533/533 533/533/533 534/534/534 
f 533/533/533 535/535/535 534/534/534 
f 534/534/534 535/535/535 536/536/536 
f 535/535/535 536/536/536 536/536/536 
f 536/536/536 536/536/536 537/537/537 
f 536/536/536 537/537/537 537/537/537 
f 537/537/537 537/537/537 538/538/538 
f 537/537/537 539/539/539 538/538/538 
f 538/538/538 539/539/539 540/540/540 
f 539/539/539 540/540/540 540/540/540 
f 540/540/540 540/540/540 541/541/541 
f 540/540/540 541/541/541 541/541/541 
f 541/541/541 541/541/541 542/542/542 
f 541/541/541 543/543/543 542/542/542 
f 542/542/542 543/543/543 544/544/544 
f 543/543/543 544/544/544 544/544/544 
f 544/544/544 544/544/544 545/545/545 
f 544/544/544 545/545/545 545/545/545 
f 545/545/545 545/545/545 546/546/546 
f 545/545/545 547/547/547 546/546/546 
f 546/546/546 547/547/547 547/547/547 
f 547/547/547 548/548/548 547/547/547 
f 547/547/547 548/548/548 548/548/548 
f 548/548/548 549/549/549 548/548/548 
f 548/548/548 549/549/549 550/550/550 
f 549/549/549 550/550/550 550/550/550 
f 550/550/550 550/550/550 551/551/551 
f 550/550/550 551/551/551 551/551/551 
f 551/551/551 551/551/551 552/552/552 
f 551/551/551 553/553/553 552/552/552 
f 552/552/552 553/553/553 553/553/553 
f 553/553/553 554/554/554 553/553/553 
f 553/553/553 554/554/554 554/554/554 
f 554/554/554 555/555/555 554/554/554 
f 554/554/554 555/555/555 556/556/556 
f 555/555/555 556/556/556 556/556/556 
f 556/556/556 556/556/556 557/557/557 
f 556/556/556 557/557/557 557/557/557 
f 557/557/557 557/557/557 558/558/558 
f 557/557/557 559/559/559 558/558/558 
f 558/558/558 559/559/559 559/559/559 
f 559/559/559 560/560/560 559/559/559 
f 559/559/559 560/560/560 560/560/560 
f 560/560/560 561/561/561 560/560/560 
f 560/560/560 561/561/561 562/562/562 
f 561/561/561 562/562/562 562/562/562 
f 562/562/562 562/562/562 563/563/563 
f 562/562/562 563/563/563 563/563/563 
f 563/563/563 563/563/563 564/564/564 
f 563/563/563 565/565/565 564/564/564 
f 564/564/564 565/565/565 565/565/565 
f 565/565/565 566/566/566 565/565/565 
f 565/565/565 566/566/566 566/566/566 
f 566/566/566 567/567/567 566/566/566 
f 566/566/566 567/567/567 568/568/568 
f 567/567/567 568/568/568 568/568/568 
f 568/568/568 568/568/568 569/569/569 
f 568/568/568 569/569/569 569/569/569 
f 569/569/569 569/569/569 570/570/570 
f 569/569/569 571/571/571 570/570/570 
f 570/570/570 571/571/571 571/571/571 
f 571/571/571 572/572/572 571/571/571 
f 571/571/571 572/572/572 572/572/572 
f 572/572/572 573/573/573 572/572/572 
f 572/572/572 573/573/573 574/574/574 
f 573/573/573 574/574/574 574/574/574 
f 574/574/574 574/574/574 575/575/575 
f 574/574/574 575/575/575 575/575/575 
f 575/575/575 575/575/575 576/576/576 
f 575/575/575 577/577/577 576/576/576 
f 576/576/576 577/577/577 577/577/577 
f 577/577/577 578/578/578 577/577/577 
f 577/577/577 578/578/578 578/578/578 
f 578/578/578 579/579/579 578/578/578 
f 578/578/578 579/579/579 580/580/580 
f 579/579/579 580/580/580 580/580/580 
f 580/580/580 580/580/580 581/581/581 
f 580/580/580 581/581/581 581/581/581 
f 581/581/581 581/581/581 582/582/582 
f 581/581/581 583/583/583 582/582/582 
f 582/582/582 583/583/583 583/583/583 
f 583/583/583 584/584/584 583/583/583 
f 583/583/583 584/584/584 584/584/584 
f 584/584/584 585/585/585 584/584/584 
f 584/584/584 585/585/585 586/586/586 
f 585/585/585 586/586/586 586/586/586 
f 586/586/586 586/586/586 587/587/587 
f 586/586/586 587/587/587 587/587/587 
f 587/587/587 587/587/587 588/588/588 
f 587/587/587 589/589/589 588/588/588 
f 588/588/588 589/589/589 589/589/589 
f 589/589/589 590/590/590 589/589/589 
f 589/589/589 590/590/590 590/590/590 
f 590/590/590 591/591/591 590/590/590 
f 590/590/590 591/591/591 592/592/592 
f 591/591/591 592/592/592 592/592/592 
f 592/592/592 592/592/592 593/593/593 
f 592/592/592 593/593/593 593/593/593 
f 593/593/593 593/593/593 594/594/594 
f 593/593/593 595/595/595 594/594/594 
f 594/594/594 595/595/595 595/595/595 
f 595/595/595 596/596/596 595/595/595 
f 595/595/595 596/596/596 596/596/596 
f 596/596/596 597/597/597 596/596/596 
f 596/596/596 597/597/597 598/598/598 
f 597/597/597 598/598/598 598/598/598 
f 598/598/598 598/598/598 599/599/599 
f 598/598/598 599/599/599 599/599/599 
f 599/599/599 599/599/599 600/600/600 
f 599/599/599 601/601/601 600/600/600 
f 600/600/600 601/601/601 601/601/601 
f 601/601/601 602/602/602 601/601/601 
f 601/601/601 602/602/602 602/602/602 
f 602/602/602 603/603/603 602/602/602 
f 602/602/602 603/603/603 604/604/604 
f 603/603/603 604/604/604 604/604/604 
f 604/604/604 604/604/604 605/605/605 
f 604/604/604 605/605/605 605/605/605 
f 605/605/605 605/605/605 606/606/606 
f 605/605/605 607/607/607 606/606/606 
f 606/606/606 607/607/607 608/608/608 
f 607/607/607 608/608/608 608/608/608 
f 608/608/608 608/608/608 609/609/609 
f 608/608/608 609/609/609 609/609/609 
f 609/609/609 609/609/609 610/610/610 
f 609/609/609 611/611/611 610/610/610 
f 610/610/610 611/611/611 612/612/612 
f 611/611/611 613/613/613 612/612/612 
f 612/612/612 613/613/613 614/614/614 
f 613/613/613 615/615/615 614/614/614 
f 614/614/614 615/615/615 616/616/616 
f 615/615/615 617/617/617 616/616/616 
f 616/616/616 617/617/617 618/618/618 
f 617/617/617 618/618/618 618/618/618 
f 618/618/618 618/618/618 619/619/619 
f 618/618/618 619/619/619 619/619/619 
f 619/619/619 619/619/619 620/620/620 
f 619/619/619 621/621/621 620/620/620 
f 620/620/620 621/621/621 622/622/622 
f 621/621/621 623/623/623 622/622/622 
f 622/622/622 623/623/623 623/623/623 
f 623/623/623 624/624/624 623/623/623 
f 623/623/623 624/624/624 624/624/624 
f 624/624/624 625/625/625 624/624/624 
f 624/624/624 625/625/625 626/626/626 
f 625/625/625 627/627/627 626/626/626 
f 626/626/626 627/627/627 628/628/628 
f 627/627/627 629/629/629 628/628/628 
f 628/628/628 629/629/629 629/629/629 
f 629/629/629 630/630/630 629/629/629 
f 629/629/629 630/630/630 630/630/630 
f 630/630/630 631/631/631 630/630/630 
f 630/630/630 631/631/631 632/632/632 
f 631/631/631 633/633/633 632/632/632 
f 632/632/632 633/633/633 632/632/632 
f 633/633/633 634/634/634 632/632/632 
f 632/632/632 634/634/634 635/635/635 
f 634/634/634 636/636/636 635/635/635 
f 635/635/635 636/636/636 637/637/637 
f 636/636/636 637/637/637 637/637/637 
f 637/637/637 637/637/637 636/636/636 
f 637/637/637 636/636/636 636/636/636 
f 636/636/636 636/636/636 638/638/638 
f 636/636/636 634/634/634 638/638/638 
f 638/638/638 634/634/634 639/639/639 
f 634/634/634 639/639/639 639/639/639 
f 639/639/639 639/639/639 640/640/640 
f 639/639/639 640/640/640 640/640/640 
f 640/640/640 640/640/640 641/641/641 
f 640/640/640 642/642/642 641/641/641 
f 641/641/641 642/642/642 643/643/643 
f 642/642/642 644/644/644 643/643/643 
f 643/643/643 644/644/644 645/645/645 
f 644/644/644 644/644/644 645/645/645 
f 645/645/645 644/644/644 646/646/646 
f 644/644/644 647/647/647 646/646/646 
f 646/646/646 647/647/647 646/646/646 
f 647/647/647 648/648/648 646/646/646 
f 646/646/646 648/648/648 649/649/649 
f 648/648/648 649/649/649 649/649/649 
f 649/649/649 649/649/649 650/650/650 
f 649/649/649 650/650/650 650/650/650 
f 650/650/650 650/650/650 651/651/651 
f 650/650/650 652/652/652 651/651/651 
f 651/651/651 652/652/652 653/653/653 
f 652/652/652 653/653/653 653/653/653 
f 653/653/653 653/653/653 654/654/654 
f 653/653/653 654/654/654 654/654/654 
f 654/654/654 654/654/654 655/655/655 
f 654/654/654 656/656/656 655/655/655 
f 655/655/655 656/656/656 655/655/655 
f 656/656/656 657/657/657 655/655/655 
f 655/655/655 657/657/657 658/658/658 
f 657/657/657 657/657/657 658/658/658 
f 658/658/658 657/657/657 659/659/659 
f 657/657/657 660/660/660 659/659/659 
f 659/659/659 660/660/660 661/661/661 
f 660/660/660 662/662/662 661/661/661 
f 661/661/661 662/662/662 663/663/663 
f 662/662/662 664/664/664 663/663/663 
f 663/663/663 664/664/664 665/665/665 
f 664/664/664 666/666/666 665/665/665 
f 665/665/665 666/666/666 665/665/665 
f 666/666/666 667/667/667 665/665/665 
f 665/665/665 667/667/667 668/668/668 
f 667/667/667 668/668/668 668/668/668 
f 668/668/668 668/668/668 669/669/669 
f 668/668/668 669/669/669 669/669/669 
f 669/669/669 669/669/669 670/670/670 
f 669/669/669 671/671/671 670/670/670 
f 670/670/670 671/671/671 672/672/672 
f 671/671/671 673/673/673 672/672/672 
f 672/672/672 673/673/673 673/673/673 
f 673/673/673 674/674/674 673/673/673 
f 673/673/673 674/674/674 674/674/674 
f 674/674/674 675/675/675 674/674/674 
f 674/674/674 675/675/675 676/676/676 
f 675/675/675 675/675/675 676/676/676 
f 676/676/676 675/675/675 677/677/677 
f 675/675/675 675/675/675 677/677/677 
f 677/677/677 675/675/675 678/678/678 
f 675/675/675 679/679/679 678/678/678 
f 678/678/678 679/679/679 679/679/679 
f 679/679/679 680/680/680 679/679/679 
f 679/679/679 680/680/680 680/680/680 
f 680/680/680 681/681/681 680/680/680 
f 680/680/680 681/681/681 682/682/682 
f 681/681/681 683/683/683 682/682/682 
f 682/682/682 683/683/683 684/684/684 
f 683/683/683 685/685/685 684/684/684 
f 684/684/684 685/685/685 686/686/686 
f 685/685/685 683/683/683 686/686/686 
f 686/686/686 683/683/683 681/681/681 
f 683/683/683 681/681/681 681/681/681 
f 681/681/681 681/681/681 680/680/680 
f 681/681/681 680/680/680 680/680/680 
f 680/680/680 680/680/680 687/687/687 
f 680/680/680 682/682/682 687/687/687 
f 687/687/687 682/682/682 687/687/687 
f 682/682/682 684/684/684 687/687/687 
f 687/687/687 684/684/684 686/686/686 
f 684/684/684 686/686/686 686/686/686 
f 686/686/686 686/686/686 688/688/688 
f 686/686/686 688/688/688 688/688/688 
f 688/688/688 688/688/688 689/689/689 
f 688/688/688 690/690/690 689/689/689 
f 689/689/689 690/690/690 691/691/691 
f 690/690/690 691/691/691 691/691/691 
f 691/691/691 691/691/691 692/692/692 
f 691/691/691 692/692/692 692/692/692 
f 692/692/692 692/692/692 693/693/693 
f 692/692/692 694/694/694 693/693/693 
f 693/693/693 694/694/694 695/695/695 
f 694/694/694 695/695/695 695/695/695 
f 695/695/695 695/695/695 696/696/696 
f 695/695/695 696/696/696 696/696/696 
f 696/696/696 696/696/696 697/697/697 
f 696/696/696 698/698/698 697/697/697 
f 697/697/697 698/698/698 699/699/699 
f 698/698/698 699/699/699 699/699/699 
f 699/699/699 699/699/699 700/700/700 
f 699/699/699 700/700/700 700/700/700 
f 700/700/700 700/700/700 701/701/701 
f 700/700/700 702/702/702 701/701/701 
f 701/701/701 702/702/702 703/703/703 
f 702/702/702 703/703/703 703/703/703 
f 703/703/703 703/703/703 704/704/704 
f 703/703/703 704/704/704 704/704/704 
f 704/704/704 704/704/704 705/705/705 
f 704/704/704 706/706/706 705/705/705 
f 705/705/705 706/706/706 707/707/707 
f 706/706/706 707/707/707 707/707/707 
f 707/707/707 707/707/707 708/708/708 
f 707/707/707 708/708/708 708/708/708 
f 708/708/708 708/708/708 709/709/709 
f 708/708/708 710/710/710 709/709/709 
f 709/709/709 710/710/710 711/711/711 
f 710/710/710 710/710/710 711/711/711 
f 711/711/711 710/710/710 712/712/712 
f 710/710/710 713/713/713 712/712/712 
f 712/712/712 713/713/713 714/714/714 
f 713/713/713 715/715/715 714/714/714 
f 714/714/714 715/715/715 715/715/715 
f 715/715/715 714/714/714 715/715/715 
f 715/715/715 714/714/714 714/714/714 
f 714/714/714 716/716/716 714/714/714 
f 714/714/714 716/716/716 712/712/712 
f 716/716/716 717/717/717 712/712/712 
f 712/712/712 717/717/717 717/717/717 
f 717/717/717 718/718/718 717/717/717 
f 717/717/717 718/718/718 718/718/718 
f 718/718/718 719/719/719 718/718/718 
f 718/718/718 719/719/719 720/720/720 
f 719/719/719 719/719/719 720/720/720 
f 720/720/720 719/719/719 721/721/721 
f 719/719/719 719/719/719 721/721/721 
f 721/721/721 719/719/719 722/722/722 
f 719/719/719 723/723/723 722/722/722 
f 722/722/722 723/723/723 724/724/724 
f 723/723/723 725/725/725 724/724/724 
f 724/724/724 725/725/725 724/724/724 
f 725/725/725 726/726/726 724/724/724 
f 724/724/724 726/726/726 727/727/727 
f 726/726/726 728/728/728 727/727/727 
f 727/727/727 728/728/728 729/729/729 
f 728/728/728 729/729/729 729/729/729 
f 729/729/729 729/729/729 730/730/730 
f 729/729/729 730/730/730 730/730/730 
f 730/730/730 730/730/730 731/731/731 
f 730/730/730 732/732/732 731/731/731 
f 731/731/731 732/732/732 731/731/731 
f 732/732/732 733/733/733 731/731/731 
f 731/731/731 733/733/733 731/731/731 
f 733/733/733 734/734/734 731/731/731 
f 731/731/731 734/734/734 735/735/735 
f 734/734/734 734/734/734 735/735/735 
f 735/735/735 734/734/734 736/736/736 
f 734/734/734 737/737/737 736/736/736 
f 736/736/736 737/737/737 738/738/738 
f 737/737/737 739/739/739 738/738/738 
f 738/738/738 739/739/739 739/739/739 
f 739/739/739 740/740/740 739/739/739 
f 739/739/739 740/740/740 740/740/740 
f 740/740/740 741/741/741 740/740/740 
f 740/740/740 741/741/741 742/742/742 
f 741/741/741 741/741/741 742/742/742 
f 742/742/742 741/741/741 743/743/743 
f 741/741/741 741/741/741 743/743/743 
f 743/743/743 741/741/741 744/744/744 
f 741/741/741 745/745/745 744/744/744 
f 744/744/744 745/745/745 744/744/744 
f 745/745/745 746/746/746 744/744/744 
f 744/744/744 746/746/746 747/747/747 
f 746/746/746 748/748/748 747/747/747 
f 747/747/747 748/748/748 749/749/749 
f 748/748/748 749/749/749 749/749/749 
f 749/749/749 749/749/749 750/750/750 
f 749/749/749 750/750/750 750/750/750 
f 750/750/750 750/750/750 751/751/751 
f 750/750/750 752/752/752 751/751/751 
f 751/751/751 752/752/752 751/751/751 
f 752/752/752 753/753/753 751/751/751 
f 751/751/751 753/753/753 754/754/754 
f 753/753/753 755/755/755 754/754/754 
f 754/754/754 755/755/755 754/754/754 
f 755/755/755 756/756/756 754/754/754 
f 754/754/754 756/756/756 757/757/757 
f 756/756/756 757/757/757 757/757/757 
f 757/757/757 757/757/757 758/758/758 
f 757/757/757 758/758/758 758/758/758 
f 758/758/758 758/758/758 759/759/759 
f 758/758/758 760/760/760 759/759/759 
f 759/759/759 760/760/760 759/759/759 
f 760/760/760 761/761/761 759/759/759 
f 759/759/759 761/761/761 762/762/762 
f 761/761/761 763/763/763 762/762/762 
f 762/762/762 763/763/763 764/764/764 
f 763/763/763 765/765/765 764/764/764 
f 764/764/764 765/765/765 766/766/766 
f 765/765/765 767/767/767 766/766/766 
f 766/766/766 767/767/767 768/768/768 
f 767/767/767 769/769/769 768/768/768 
f 768/768/768 769/769/769 768/768/768 
f 769/769/769 770/770/770 768/768/768 
f 768/768/768 770/770/770 771/771/771 
f 770/770/770 771/771/771 771/771/771 
f 771/771/771 771/771/771 772/772/772 
f 771/771/771 772/772/772 772/772/772 
f 772/772/772 772/772/772 773/773/773 
f 772/772/772 774/774/774 773/773/773 
f 773/773/773 774/774/774 773/773/773 
f 774/774/774 775/775/775 773/773/773 
f 773/773/773 775/775/775 776/776/776 
f 775/775/775 777/777/777 776/776/776 
f 776/776/776 777/777/777 778/778/778 
f 777/777/777 779/779/779 778/778/778 
f 778/778/778 779/779/779 780/780/780 
f 779/779/779 781/781/781 780/780/780 
f 780/780/780 781/781/781 781/781/781 
f 781/781/781 782/782/782 781/781/781 
f 781/781/781 782/782/782 782/782/782 
f 782/782/782 783/783/783 782/782/782 
f 782/782/782 783/783/783 784/784/784 
f 783/783/783 785/785/785 784/784/784 
f 784/784/784 785/785/785 785/785/785 
f 785/785/785 786/786/786 785/785/785 
f 785/785/785 786/786/786 786/786/786 
f 786/786/786 787/787/787 786/786/786 
f 786/786/786 787/787/787 788/788/788 
f 787/787/787 789/789/789 788/788/788 
f 788/788/788 789/789/789 790/790/790 
f 789/789/789 791/791/791 790/790/790 
f 790/790/790 791/791/791 790/790/790 
f 791/791/791 792/792/792 790/790/790 
f 790/790/790 792/792/792 793/793/793 
f 792/792/792 794/794/794 793/793/793 
f 793/793/793 794/794/794 795/795/795 
f 794/794/794 794/794/794 795/795/795 
f 795/795/795 794/794/794 796/796/796 
f 794/794/794 797/797/797 796/796/796 
f 796/796/796 797/797/797 798/798/798 
f 797/797/797 799/799/799 798/798/798 
f 798/798/798 799/799/799 799/799/799 
f 799/799/799 800/800/800 799/799/799 
f 799/799/799 800/800/800 800/800/800 
f 800/800/800 801/801/801 800/800/800 
f 800/800/800 801/801/801 802/802/802 
f 801/801/801 801/801/801 802/802/802 
f 802/802/802 801/801/801 803/803/803 
f 801/801/801 804/804/804 803/803/803 
f 803/803/803 804/804/804 805/805/805 
f 804/804/804 806/806/806 805/805/805 
f 805/805/805 806/806/806 805/805/805 
f 806/806/806 807/807/807 805/805/805 
f 805/805/805 807/807/807 808/808/808 
f 807/807/807 809/809/809 808/808/808 
f 808/808/808 809/809/809 808/808/808 
f 809/809/809 810/810/810 808/808/808 
f 808/808/808 810/810/810 811/811/811 
f 810/810/810 812/812/812 811/811/811 
f 811/811/811 812/812/812 813/813/813 
f 812/812/812 813/813/813 813/813/813 
f 813/813/813 813/813/813 806/806/806 
f 813/813/813 806/806/806 806/806/806 
f 806/806/806 806/806/806 814/814/814 
f 806/806/806 804/804/804 814/814/814 
f 814/814/814 804/804/804 815/815/815 
f 804/804/804 815/815/815 815/815/815 
f 815/815/815 815/815/815 808/808/808 
f 815/815/815 808/808/808 808/808/808 
f 808/808/808 808/808/808 816/816/816 
f 808/808/808 811/811/811 816/816/816 
f 816/816/816 811/811/811 816/816/816 
f 811/811/811 817/817/817 816/816/816 
f 816/816/816 817/817/817 818/818/818 
f 817/817/817 819/819/819 818/818/818 
f 818/818/818 819/819/819 819/819/819 
f 819/819/819 820/820/820 819/819/819 
f 819/819/819 820/820/820 820/820/820 
f 820/820/820 821/821/821 820/820/820 
f 820/820/820 821/821/821 822/822/822 
f 821/821/821 823/823/823 822/822/822 
f 822/822/822 823/823/823 824/824/824 
f 823/823/823 825/825/825 824/824/824 
f 824/824/824 825/825/825 826/826/826 
f 825/825/825 827/827/827 826/826/826 
f 826/826/826 827/827/827 827/827/827 
f 827/827/827 828/828/828 827/827/827 
f 827/827/827 828/828/828 828/828/828 
f 828/828/828 829/829/829 828/828/828 
f 828/828/828 829/829/829 830/830/830 
f 829/829/829 831/831/831 830/830/830 
f 830/830/830 831/831/831 831/831/831 
f 831/831/831 832/832/832 831/831/831 
f 831/831/831 832/832/832 832/832/832 
f 832/832/832 833/833/833 832/832/832 
f 832/832/832 833/833/833 834/834/834 
f 833/833/833 833/833/833 834/834/834 
f 834/834/834 833/833/833 835/835/835 
f 833/833/833 833/833/833 835/835/835 
f 835/835/835 833/833/833 836/836/836 
f 833/833/833 837/837/837 836/836/836 
f 836/836/836 837/837/837 837/837/837 
f 837/837/837 838/838/838 837/837/837 
f 837/837/837 838/838/838 838/838/838 
f 838/838/838 839/839/839 838/838/838 
f 838/838/838 839/839/839 840/840/840 
f 839/839/839 839/839/839 840/840/840 
f 840/840/840 839/839/839 841/841/841 
f 839/839/839 842/842/842 841/841/841 
f 841/841/841 842/842/842 843/843/843 
f 842/842/842 844/844/844 843/843/843 
f 843/843/843 844/844/844 845/845/845 
f 844/844/844 846/846/846 845/845/845 
f 845/845/845 846/846/846 847/847/847 
f 846/846/846 848/848/848 847/847/847 
f 847/847/847 848/848/848 849/849/849 
f 848/848/848 850/850/850 849/849/849 
f 849/849/849 850/850/850 851/851/851 
f 850/850/850 851/851/851 851/851/851 
f 851/851/851 851/851/851 851/851/851 
f 851/851/851 851/851/851 851/851/851 
f 851/851/851 851/851/851 852/852/852 
f 851/851/851 853/853/853 852/852/852 
f 852/852/852 853/853/853 853/853/853 
f 853/853/853 854/854/854 853/853/853 
f 853/853/853 854/854/854 854/854/854 
f 854/854/854 855/855/855 854/854/854 
f 854/854/854 855/855/855 856/856/856 
f 855/855/855 856/856/856 856/856/856 
f 856/856/856 856/856/856 857/857/857 
f 856/856/856 857/857/857 857/857/857 
f 857/857/857 857/857/857 858/858/858 
f 857/857/857 859/859/859 858/858/858 
f 858/858/858 859/859/859 858/858/858 
f 859/859/859 860/860/860 858/858/858 
f 858/858/858 860/860/860 861/861/861 
f 860/860/860 860/860/860 861/861/861 
f 861/861/861 860/860/860 862/862/862 
f 860/860/860 860/860/860 862/862/862 
f 862/862/862 860/860/860 863/863/863 
f 860/860/860 860/860/860 863/863/863 
f 863/863/863 860/860/860 864/864/864 
f 860/860/860 865/865/865 864/864/864 
f 864/864/864 865/865/865 865/865/865 
f 865/865/865 866/866/866 865/865/865 
f 865/865/865 866/866/866 866/866/866 
f 866/866/866 867/867/867 866/866/866 
f 866/866/866 867/867/867 868/868/868 
f 867/867/867 868/868/868 868/868/868 
f 868/868/868 868/868/868 866/866/866 
f 868/868/868 866/866/866 866/866/866 
f 866/866/866 866/866/866 869/869/869 
f 866/866/866 870/870/870 869/869/869 
f 869/869/869 870/870/870 871/871/871 
f 870/870/870 872/872/872 871/871/871 
f 871/871/871 872/872/872 873/873/873 
f 872/872/872 874/874/874 873/873/873 
f 873/873/873 874/874/874 869/869/869 
f 874/874/874 875/875/875 869/869/869 
f 869/869/869 875/875/875 876/876/876 
f 875/875/875 876/876/876 876/876/876 
f 876/876/876 876/876/876 869/869/869 
f 876/876/876 869/869/869 869/869/869 
f 869/869/869 869/869/869 873/873/873 
f 869/869/869 871/871/871 873/873/873 
f 873/873/873 871/871/871 871/871/871 
f 871/871/871 874/874/874 871/871/871 
f 871/871/871 874/874/874 874/874/874 
f 874/874/874 872/872/872 874/874/874 
f 874/874/874 872/872/872 875/875/875 
f 872/872/872 877/877/877 875/875/875 
f 875/875/875 877/877/877 875/875/875 
f 877/877/877 878/878/878 875/875/875 
f 875/875/875 878/878/878 879/879/879 
f 878/878/878 879/879/879 879/879/879 
f 879/879/879 879/879/879 872/872/872 
f 879/879/879 872/872/872 872/872/872 
f 872/872/872 872/872/872 877/877/877 
f 872/872/872 870/870/870 877/877/877 
f 877/877/877 870/870/870 880/880/880 
f 870/870/870 880/880/880 880/880/880 
f 880/880/880 880/880/880 880/880/880 
f 880/880/880 880/880/880 880/880/880 
f 880/880/880 880/880/880 881/881/881 
f 880/880/880 882/882/882 881/881/881 
f 881/881/881 882/882/882 882/882/882 
f 882/882/882 876/876/876 882/882/882 
f 882/882/882 876/876/876 876/876/876 
f 876/876/876 883/883/883 876/876/876 
f 876/876/876 883/883/883 884/884/884 
f 883/883/883 884/884/884 884/884/884 
f 884/884/884 884/884/884 885/885/885 
f 884/884/884 885/885/885 885/885/885 
f 885/885/885 885/885/885 886/886/886 
f 885/885/885 887/887/887 886/886/886 
f 886/886/886 887/887/887 888/888/888 
f 887/887/887 889/889/889 888/888/888 
f 888/888/888 889/889/889 890/890/890 
f 889/889/889 891/891/891 890/890/890 
f 890/890/890 891/891/891 892/892/892 
f 891/891/891 893/893/893 892/892/892 
f 892/892/892 893/893/893 894/894/894 
f 893/893/893 894/894/894 894/894/894 
f 894/894/894 894/894/894 895/895/895 
f 894/894/894 895/895/895 895/895/895 
f 895/895/895 895/895/895 896/896/896 
f 895/895/895 897/897/897 896/896/896 
f 896/896/896 897/897/897 896/896/896 
f 897/897/897 898/898/898 896/896/896 
f 896/896/896 898/898/898 899/899/899 
f 898/898/898 900/900/900 899/899/899 
f 899/899/899 900/900/900 901/901/901 
f 900/900/900 902/902/902 901/901/901 
f 901/901/901 902/902/902 903/903/903 
f 902/902/902 904/904/904 903/903/903 
f 903/903/903 904/904/904 904/904/904 
f 904/904/904 905/905/905 904/904/904 
f 904/904/904 905/905/905 905/905/905 
f 905/905/905 906/906/906 905/905/905 
f 905/905/905 906/906/906 907/907/907 
f 906/906/906 908/908/908 907/907/907 
f 907/907/907 908/908/908 909/909/909 
f 908/908/908 908/908/908 909/909/909 
f 909/909/909 908/908/908 910/910/910 
f 908/908/908 908/908/908 910/910/910 
f 910/910/910 908/908/908 911/911/911 
f 908/908/908 908/908/908 911/911/911 
f 911/911/911 908/908/908 912/912/912 
f 908/908/908 913/913/913 912/912/912 
f 912/912/912 913/913/913 913/913/913 
f 913/913/913 914/914/914 913/913/913 
f 913/913/913 914/914/914 914/914/914 
f 914/914/914 915/915/915 914/914/914 
f 914/914/914 915/915/915 916/916/916 
f 915/915/915 917/917/917 916/916/916 
f 916/916/916 917/917/917 917/917/917 
f 917/917/917 918/918/918 917/917/917 
f 917/917/917 918/918/918 918/918/918 
f 918/918/918 919/919/919 918/918/918 
f 918/918/918 919/919/919 920/920/920 
f 919/919/919 921/921/921 920/920/920 
f 920/920/920 921/921/921 921/921/921 
f 921/921/921 922/922/922 921/921/921 
f 921/921/921 922/922/922 922/922/922 
f 922/922/922 923/923/923 922/922/922 
f 922/922/922 923/923/923 924/924/924 
f 923/923/923 925/925/925 924/924/924 
f 924/924/924 925/925/925 924/924/924 
f 925/925/925 926/926/926 924/924/924 
f 924/924/924 926/926/926 927/927/927 
f 926/926/926 926/926/926 927/927/927 
f 927/927/927 926/926/926 928/928/928 
f 926/926/926 929/929/929 928/928/928 
f 928/928/928 929/929/929 930/930/930 
f 929/929/929 931/931/931 930/930/930 
f 930/930/930 931/931/931 931/931/931 
f 931/931/931 932/932/932 931/931/931 
f 931/931/931 932/932/932 932/932/932 
f 932/932/932 933/933/933 932/932/932 
f 932/932/932 933/933/933 934/934/934 
f 933/933/933 935/935/935 934/934/934 
f 934/934/934 935/935/935 935/935/935 
f 935/935/935 936/936/936 935/935/935 
f 935/935/935 936/936/936 936/936/936 
f 936/936/936 937/937/937 936/936/936 
f 936/936/936 937/937/937 938/938/938 
f 937/937/937 939/939/939 938/938/938 
f 938/938/938 939/939/939 940/940/940 
f 939/939/939 941/941/941 940/940/940 
f 940/940/940 941/941/941 941/941/941 
f 941/941/941 939/939/939 941/941/941 
f 941/941/941 939/939/939 939/939/939 
f 939/939/939 937/937/937 939/939/939 
f 939/939/939 937/937/937 942/942/942 
f 937/937/937 943/943/943 942/942/942 
f 942/942/942 943/943/943 944/944/944 
f 943/943/943 943/943/943 944/944/944 
f 944/944/944 943/943/943 945/945/945 
f 943/943/943 943/943/943 945/945/945 
f 945/945/945 943/943/943 946/946/946 
f 943/943/943 947/947/947 946/946/946 
f 946/946/946 947/947/947 947/947/947 
f 947/947/947 937/937/937 947/947/947 
f 947/947/947 937/937/937 937/937/937 
f 937/937/937 948/948/948 937/937/937 
f 937/937/937 948/948/948 943/943/943 
f 948/948/948 948/948/948 943/943/943 
f 943/943/943 948/948/948 949/949/949 
f 948/948/948 950/950/950 949/949/949 
f 949/949/949 950/950/950 951/951/951 
f 950/950/950 950/950/950 951/951/951 
f 951/951/951 950/950/950 952/952/952 
f 950/950/950 953/953/953 952/952/952 
f 952/952/952 953/953/953 953/953/953 
f 953/953/953 946/946/946 953/953/953 
f 953/953/953 946/946/946 946/946/946 
f 946/946/946 954/954/954 946/946/946 
f 946/946/946 954/954/954 945/945/945 
f 954/954/954 955/955/955 945/945/945 
f 945/945/945 955/955/955 955/955/955 
f 955/955/955 956/956/956 955/955/955 
f 955/955/955 956/956/956 956/956/956 
f 956/956/956 957/957/957 956/956/956 
f 956/956/956 957/957/957 958/958/958 
f 957/957/957 959/959/959 958/958/958 
f 958/958/958 959/959/959 959/959/959 
f 959/959/959 960/960/960 959/959/959 
f 959/959/959 960/960/960 960/960/960 
f 960/960/960 961/961/961 960/960/960 
f 960/960/960 961/961/961 962/962/962 
f 961/961/961 963/963/963 962/962/962 
f 962/962/962 963/963/963 963/963/963 
f 963/963/963 964/964/964 963/963/963 
f 963/963/963 964/964/964 964/964/964 
f 964/964/964 965/965/965 964/964/964 
f 964/964/964 965/965/965 966/966/966 
f 965/965/965 967/967/967 966/966/966 
f 966/966/966 967/967/967 967/967/967 
f 967/967/967 968/968/968 967/967/967 
f 967/967/967 968/968/968 968/968/968 
f 968/968/968 969/969/969 968/968/968 
f 968/968/968 969/969/969 970/970/970 
f 969/969/969 971/971/971 970/970/970 
f 970/970/970 971/971/971 971/971/971 
f 971/971/971 972/972/972 971/971/971 
f 971/971/971 972/972/972 972/972/972 
f 972/972/972 973/973/973 972/972/972 
f 972/972/972 973/973/973 974/974/974 
f 973/973/973 973/973/973 974/974/974 
f 974/974/974 973/973/973 975/975/975 
f 973/973/973 976/976/976 975/975/975 
f 975/975/975 976/976/976 976/976/976 
f 976/976/976 976/976/976 976/976/976 
f 976/976/976 976/976/976 976/976/976 
f 976/976/976 977/977/977 976/976/976 
f 976/976/976 977/977/977 978/978/978 
f 977/977/977 979/979/979 978/978/978 
f 978/978/978 979/979/979 978/978/978 
f 979/979/979 980/980/980 978/978/978 
f 978/978/978 980/980/980 981/981/981 
f 980/980/980 981/981/981 981/981/981 
f 981/981/981 981/981/981 982/982/982 
f 981/981/981 982/982/982 982/982/982 
f 982/982/982 982/982/982 983/983/983 
f 982/982/982 984/984/984 983/983/983 
f 983/983/983 984/984/984 985/985/985 
f 984/984/984 986/986/986 985/985/985 
f 985/985/985 986/986/986 987/987/987 
f 986/986/986 986/986/986 987/987/987 
f 987/987/987 986/986/986 988/988/988 
f 986/986/986 989/989/989 988/988/988 
f 988/988/988 989/989/989 989/989/989 
f 989/989/989 990/990/990 989/989/989 
f 989/989/989 990/990/990 990/990/990 
f 990/990/990 991/991/991 990/990/990 
f 990/990/990 991/991/991 992/992/992 
f 991/991/991 993/993/993 992/992/992 
f 992/992/992 993/993/993 993/993/993 
f 993/993/993 994/994/994 993/993/993 
f 993/993/993 994/994/994 994/994/994 
f 994/994/994 995/995/995 994/994/994 
f 994/994/994 995/995/995 996/996/996 
f 995/995/995 995/995/995 996/996/996 
f 996/996/996 995/995/995 997/997/997 
f 995/995/995 995/995/995 997/997/997 
f 997/997/997 995/995/995 998/998/998 
f 995/995/995 999/999/999 998/998/998 
f 998/998/998 999/999/999 998/998/998 
f 999/999/999 1000/1000/1000 998/998/998 
f 998/998/998 1000/1000/1000 1001/1001/1001 
f 1000/1000/1000 1002/1002/1002 1001/1001/1001 
f 1001/1001/1001 1002/1002/1002 1003/1003/1003 
f 1002/1002/1002 1004/1004/1004 1003/1003/1003 
f 1003/1003/1003 1004/1004/1004 1005/1005/1005 
f 1004/1004/1004 1006/1006/1006 1005/1005/1005 
f 1005/1005/1005 1006/1006/1006 1005/1005/1005 
f 1006/1006/1006 1007/1007/1007 1005/1005/1005 
f 1005/1005/1005 1007/1007/1007 1008/1008/1008 
f 1007/1007/1007 1007/1007/1007 1008/1008/1008 
f 1008/1008/1008 1007/1007/1007 1009/1009/1009 
f 1007/1007/1007 1010/1010/1010 1009/1009/1009 
f 1009/1009/1009 1010/1010/1010 1010/1010/1010 
f 1010/1010/1010 1006/1006/1006 1010/1010/1010 
f 1010/1010/1010 1006/1006/1006 1006/1006/1006 
f 1006/1006/1006 1004/1004/1004 1006/1006/1006 
f 1006/1006/1006 1004/1004/1004 1011/1011/1011 
f 1004/1004/1004 1004/1004/1004 1011/1011/1011 
f 1011/1011/1011 1004/1004/1004 1012/1012/1012 
f 1004/1004/1004 1013/1013/1013 1012/1012/1012 
f 1012/1012/1012 1013/1013/1013 1012/1012/1012 
f 1013/1013/1013 1014/1014/1014 1012/1012/1012 
f 1012/1012/1012 1014/1014/1014 1015/1015/1015 
f 1014/1014/1014 1015/1015/1015 1015/1015/1015 
f 1015/1015/1015 1015/1015/1015 1008/1008/1008 
f 1015/1015/1015 1008/1008/1008 1008/1008/1008 
f 1008/1008/1008 1008/1008/1008 1005/1005/1005 
f 1008/1008/1008 1016/1016/1016 1005/1005/1005 
f 1005/1005/1005 1016/1016/1016 1016/1016/1016 
f 1016/1016/1016 1004/1004/1004 1016/1016/1016 
f 1016/1016/1016 1004/1004/1004 1004/1004/1004 
f 1004/1004/1004 1017/1017/1017 1004/1004/1004 
f 1004/1004/1004 1017/1017/1017 1013/1013/1013 
f 1017/1017/1017 1013/1013/1013 1013/1013/1013 
f 1013/1013/1013 1013/1013/1013 1018/1018/1018 
f 1013/1013/1013 1018/1018/1018 1018/1018/1018 
f 1018/1018/1018 1018/1018/1018 1019/1019/1019 
f 1018/1018/1018 1020/1020/1020 1019/1019/1019 
f 1019/1019/1019 1020/1020/1020 1021/1021/1021 
f 1020/1020/1020 1021/1021/1021 1021/1021/1021 
f 1021/1021/1021 1021/1021/1021 1022/1022/1022 
f 1021/1021/1021 1022/1022/1022 1022/1022/1022 
f 1022/1022/1022 1022/1022/1022 1023/1023/1023 
f 1022/1022/1022 1024/1024/1024 1023/1023/1023 
f 1023/1023/1023 1024/1024/1024 1023/1023/1023 
f 1024/1024/1024 1025/1025/1025 1023/1023/1023 
f 1023/1023/1023 1025/1025/1025 1026/1026/1026 
f 1025/1025/1025 1027/1027/1027 1026/1026/1026 
f 1026/1026/1026 1027/1027/1027 1026/1026/1026 
f 1027/1027/1027 1028/1028/1028 1026/1026/1026 
f 1026/1026/1026 1028/1028/1028 1029/1029/1029 
f 1028/1028/1028 1030/1030/1030 1029/1029/1029 
f 1029/1029/1029 1030/1030/1030 1031/1031/1031 
f 1030/1030/1030 1032/1032/1032 1031/1031/1031 
f 1031/1031/1031 1032/1032/1032 1033/1033/1033 
f 1032/1032/1032 1033/1033/1033 1033/1033/1033 
f 1033/1033/1033 1033/1033/1033 1026/1026/1026 
f 1033/1033/1033 1026/1026/1026 1026/1026/1026 
f 1026/1026/1026 1026/1026/1026 1023/1023/1023 
f 1026/1026/1026 1034/1034/1034 1023/1023/1023 
f 1023/1023/1023 1034/1034/1034 1035/1035/1035 
f 1034/1034/1034 1036/1036/1036 1035/1035/1035 
f 1035/1035/1035 1036/1036/1036 1037/1037/1037 
f 1036/1036/1036 1037/1037/1037 1037/1037/1037 
f 1037/1037/1037 1037/1037/1037 1029/1029/1029 
f 1037/1037/1037 1029/1029/1029 1029/1029/1029 
f 1029/1029/1029 1029/1029/1029 1038/1038/1038 
f 1029/1029/1029 1031/1031/1031 1038/1038/1038 
f 1038/1038/1038 1031/1031/1031 1038/1038/1038 
f 1031/1031/1031 1039/1039/1039 1038/1038/1038 
f 1038/1038/1038 1039/1039/1039 1040/1040/1040 
f 1039/1039/1039 1041/1041/1041 1040/1040/1040 
f 1040/1040/1040 1041/1041/1041 1041/1041/1041 
f 1041/1041/1041 1042/1042/1042 1041/1041/1041 
f 1041/1041/1041 1042/1042/1042 1042/1042/1042 
f 1042/1042/1042 1043/1043/1043 1042/1042/1042 
f 1042/1042/1042 1043/1043/1043 1044/1044/1044 
f 1043/1043/1043 1045/1045/1045 1044/1044/1044 
f 1044/1044/1044 1045/1045/1045 1045/1045/1045 
f 1045/1045/1045 1046/1046/1046 1045/1045/1045 
f 1045/1045/1045 1046/1046/1046 1046/1046/1046 
f 1046/1046/1046 1047/1047/1047 1046/1046/1046 
f 1046/1046/1046 1047/1047/1047 1048/1048/1048 
f 1047/1047/1047 1049/1049/1049 1048/1048/1048 
f 1048/1048/1048 1049/1049/1049 1049/1049/1049 
f 1049/1049/1049 1050/1050/1050 1049/1049/1049 
f 1049/1049/1049 1050/1050/1050 1050/1050/1050 
f 1050/1050/1050 1051/1051/1051 1050/1050/1050 
f 1050/1050/1050 1051/1051/1051 1052/1052/1052 
f 1051/1051/1051 1051/1051/1051 1052/1052/1052 
f 1052/1052/1052 1051/1051/1051 1053/1053/1053 
f 1051/1051/1051 1054/1054/1054 1053/1053/1053 
f 1053/1053/1053 1054/1054/1054 1055/1055/1055 
f 1054/1054/1054 1056/1056/1056 1055/1055/1055 
f 1055/1055/1055 1056/1056/1056 1057/1057/1057 
f 1056/1056/1056 1057/1057/1057 1057/1057/1057 
f 1057/1057/1057 1057/1057/1057 1058/1058/1058 
f 1057/1057/1057 1058/1058/1058 1058/1058/1058 
f 1058/1058/1058 1058/1058/1058 1059/1059/1059 
f 1058/1058/1058 1060/1060/1060 1059/1059/1059 
f 1059/1059/1059 1060/1060/1060 1061/1061/1061 
f 1060/1060/1060 1061/1061/1061 1061/1061/1061 
f 1061/1061/1061 1061/1061/1061 1062/1062/1062 
f 1061/1061/1061 1062/1062/1062 1062/1062/1062 
f 1062/1062/1062 1062/1062/1062 1063/1063/1063 
f 1062/1062/1062 1064/1064/1064 1063/1063/1063 
f 1063/1063/1063 1064/1064/1064 1065/1065/1065 
f 1064/1064/1064 1065/1065/1065 1065/1065/1065 
f 1065/1065/1065 1065/1065/1065 1066/1066/1066 
f 1065/1065/1065 1066/1066/1066 1066/1066/1066 
f 1066/1066/1066 1066/1066/1066 1067/1067/1067 
f 1066/1066/1066 1068/1068/1068 1067/1067/1067 
f 1067/1067/1067 1068/1068/1068 1069/1069/1069 
f 1068/1068/1068 1069/1069/1069 1069/1069/1069 
f 1069/1069/1069 1069/1069/1069 1070/1070/1070 
f 1069/1069/1069 1070/1070/1070 1070/1070/1070 
f 1070/1070/1070 1070/1070/1070 1071/1071/1071 
f 1070/1070/1070 1072/1072/1072 1071/1071/1071 
f 1071/1071/1071 1072/1072/1072 1073/1073/1073 
f 1072/1072/1072 1073/1073/1073 1073/1073/1073 
f 1073/1073/1073 1073/1073/1073 1074/1074/1074 
f 1073/1073/1073 1074/1074/1074 1074/1074/1074 
f 1074/1074/1074 1074/1074/1074 1075/1075/1075 
f 1074/1074/1074 1076/1076/1076 1075/1075/1075 
f 1075/1075/1075 1076/1076/1076 1077/1077/1077 
f 1076/1076/1076 1077/1077/1077 1077/1077/1077 
f 1077/1077/1077 1077/1077/1077 1078/1078/1078 
f 1077/1077/1077 1078/1078/1078 1078/1078/1078 
f 1078/1078/1078 1078/1078/1078 1079/1079/1079 
f 1078/1078/1078 1080/1080/1080 1079/1079/1079 
f 1079/1079/1079 1080/1080/1080 1079/1079/1079 
f 1080/1080/1080 1081/1081/1081 1079/1079/1079 
f 1079/1079/1079 1081/1081/1081 1082/1082/1082 
f 1081/1081/1081 1083/1083/1083 1082/1082/1082 
f 1082/1082/1082 1083/1083/1083 1083/1083/1083 
f 1083/1083/1083 1084/1084/1084 1083/1083/1083 
f 1083/1083/1083 1084/1084/1084 1084/1084/1084 
f 1084/1084/1084 1085/1085/1085 1084/1084/1084 
f 1084/1084/1084 1085/1085/1085 1086/1086/1086 
f 1085/1085/1085 1087/1087/1087 1086/1086/1086 
f 1086/1086/1086 1087/1087/1087 1087/1087/1087 
f 1087/1087/1087 1088/1088/1088 1087/1087/1087 
f 1087/1087/1087 1088/1088/1088 1088/1088/1088 
f 1088/1088/1088 1089/1089/1089 1088/1088/1088 
f 1088/1088/1088 1089/1089/1089 1090/1090/1090 
f 1089/1089/1089 1091/1091/1091 1090/1090/1090 
f 1090/1090/1090 1091/1091/1091 1091/1091/1091 
f 1091/1091/1091 1092/1092/1092 1091/1091/1091 
f 1091/1091/1091 1092/1092/1092 1092/1092/1092 
f 1092/1092/1092 1093/1093/1093 1092/1092/1092 
f 1092/1092/1092 1093/1093/1093 1094/1094/1094 
f 1093/1093/1093 1095/1095/1095 1094/1094/1094 
f 1094/1094/1094 1095/1095/1095 1095/1095/1095 
f 1095/1095/1095 1096/1096/1096 1095/1095/1095 
f 1095/1095/1095 1096/1096/1096 1096/1096/1096 
f 1096/1096/1096 1097/1097/1097 1096/1096/1096 
f 1096/1096/1096 1097/1097/1097 1098/1098/1098 
f 1097/1097/1097 1099/1099/1099 1098/1098/1098 
f 1098/1098/1098 1099/1099/1099 1099/1099/1099 
f 1099/1099/1099 1100/1100/1100 1099/1099/1099 
f 1099/1099/1099 1100/1100/1100 1100/1100/1100 
f 1100/1100/1100 1101/1101/1101 1100/1100/1100 
f 1100/1100/1100 1101/1101/1101 1102/1102/1102 
f 1101/1101/1101 1103/1103/1103 1102/1102/1102 
f 1102/1102/1102 1103/1103/1103 1103/1103/1103 
f 1103/1103/1103 1104/1104/1104 1103/1103/1103 
f 1103/1103/1103 1104/1104/1104 1104/1104/1104 
f 1104/1104/1104 1105/1105/1105 1104/1104/1104 
f 1104/1104/1104 1105/1105/1105 1106/1106/1106 
f 1105/1105/1105 1107/1107/1107 1106/1106/1106 
f 1106/1106/1106 1107/1107/1107 1107/1107/1107 
f 1107/1107/1107 1108/1108/1108 1107/1107/1107 
f 1107/1107/1107 1108/1108/1108 1108/1108/1108 
f 1108/1108/1108 1109/1109/1109 1108/1108/1108 
f 1108/1108/1108 1109/1109/1109 1110/1110/1110 
f 1109/1109/1109 1111/1111/1111 1110/1110/1110 
f 1110/1110/1110 1111/1111/1111 1111/1111/1111 
f 1111/1111/1111 1112/1112/1112 1111/1111/1111 
f 1111/1111/1111 1112/1112/1112 1112/1112/1112 
f 1112/1112/1112 1113/1113/1113 1112/1112/1112 
f 1112/1112/1112 1113/1113/1113 1114/1114/1114 
f 1113/1113/1113 1115/1115/1115 1114/1114/1114 
f 1114/1114/1114 1115/1115/1115 1115/1115/1115 
f 1115/1115/1115 1116/1116/1116 1115/1115/1115 
f 1115/1115/1115 1116/1116/1116 1116/1116/1116 
f 1116/1116/1116 1117/1117/1117 1116/1116/1116 
f 1116/1116/1116 1117/1117/1117 1118/1118/1118 
f 1117/1117/1117 1119/1119/1119 1118/1118/1118 
f 1118/1118/1118 1119/1119/1119 1118/1118/1118 
f 1119/1119/1119 1120/1120/1120 1118/1118/1118 
f 1118/1118/1118 1120/1120/1120 1121/1121/1121 
f 1120/1120/1120 1121/1121/1121 1121/1121/1121 
f 1121/1121/1121 1121/1121/1121 1122/1122/1122 
f 1121/1121/1121 1122/1122/1122 1122/1122/1122 
f 1122/1122/1122 1122/1122/1122 1123/1123/1123 
f 1122/1122/1122 1124/1124/1124 1123/1123/1123 
f 1123/1123/1123 1124/1124/1124 1124/1124/1124 
f 1124/1124/1124 1125/1125/1125 1124/1124/1124 
f 1124/1124/1124 1125/1125/1125 1125/1125/1125 
f 1125/1125/1125 1126/1126/1126 1125/1125/1125 
f 1125/1125/1125 1126/1126/1126 1127/1127/1127 
f 1126/1126/1126 1126/1126/1126 1127/1127/1127 
f 1127/1127/1127 1126/1126/1126 1128/1128/1128 
f 1126/1126/1126 1129/1129/1129 1128/1128/1128 
f 1128/1128/1128 1129/1129/1129 1129/1129/1129 
f 1129/1129/1129 1130/1130/1130 1129/1129/1129 
f 1129/1129/1129 1130/1130/1130 1130/1130/1130 
f 1130/1130/1130 1131/1131/1131 1130/1130/1130 
f 1130/1130/1130 1131/1131/1131 1132/1132/1132 
f 1131/1131/1131 1131/1131/1131 1132/1132/1132 
f 1132/1132/1132 1131/1131/1131 1133/1133/1133 
f 1131/1131/1131 1134/1134/1134 1133/1133/1133 
f 1133/1133/1133 1134/1134/1134 1134/1134/1134 
f 1134/1134/1134 1135/1135/1135 1134/1134/1134 
f 1134/1134/1134 1135/1135/1135 1135/1135/1135 
f 1135/1135/1135 1136/1136/1136 1135/1135/1135 
f 1135/1135/1135 1136/1136/1136 1137/1137/1137 
f 1136/1136/1136 1136/1136/1136 1137/1137/1137 
f 1137/1137/1137 1136/1136/1136 1138/1138/1138 
f 1136/1136/1136 1139/1139/1139 1138/1138/1138 
f 1138/1138/1138 1139/1139/1139 1139/1139/1139 
f 1139/1139/1139 1140/1140/1140 1139/1139/1139 
f 1139/1139/1139 1140/1140/1140 1140/1140/1140 
f 1140/1140/1140 1141/1141/1141 1140/1140/1140 
f 1140/1140/1140 1141/1141/1141 1142/1142/1142 
f 1141/1141/1141 1143/1143/1143 1142/1142/1142 
f 1142/1142/1142 1143/1143/1143 1143/1143/1143 
f 1143/1143/1143 1144/1144/1144 1143/1143/1143 
f 1143/1143/1143 1144/1144/1144 1144/1144/1144 
f 1144/1144/1144 1145/1145/1145 1144/1144/1144 
f 1144/1144/1144 1145/1145/1145 1146/1146/1146 
f 1145/1145/1145 1147/1147/1147 1146/1146/1146 
f 1146/1146/1146 1147/1147/1147 1147/1147/1147 
f 1147/1147/1147 1148/1148/1148 1147/1147/1147 
f 1147/1147/1147 1148/1148/1148 1148/1148/1148 
f 1148/1148/1148 1149/1149/1149 1148/1148/1148 
f 1148/1148/1148 1149/1149/1149 1150/1150/1150 
f 1149/1149/1149 1149/1149/1149 1150/1150/1150 
f 1150/1150/1150 1149/1149/1149 1151/1151/1151 
f 1149/1149/1149 1149/1149/1149 1151/1151/1151 
f 1151/1151/1151 1149/1149/1149 1152/1152/1152 
f 1149/1149/1149 1153/1153/1153 1152/1152/1152 
f 1152/1152/1152 1153/1153/1153 1154/1154/1154 
f 1153/1153/1153 1155/1155/1155 1154/1154/1154 
f 1154/1154/1154 1155/1155/1155 1155/1155/1155 
f 1155/1155/1155 1156/1156/1156 1155/1155/1155 
f 1155/1155/1155 1156/1156/1156 1156/1156/1156 
f 1156/1156/1156 1157/1157/1157 1156/1156/1156 
f 1156/1156/1156 1157/1157/1157 1158/1158/1158 
f 1157/1157/1157 1159/1159/1159 1158/1158/1158 
f 1158/1158/1158 1159/1159/1159 1160/1160/1160 
f 1159/1159/1159 1161/1161/1161 1160/1160/1160 
f 1160/1160/1160 1161/1161/1161 1162/1162/1162 
f 1161/1161/1161 1162/1162/1162 1162/1162/1162 
f 1162/1162/1162 1162/1162/1162 1163/1163/1163 
f 1162/1162/1162 1163/1163/1163 1163/1163/1163 
f 1163/1163/1163 1163/1163/1163 1164/1164/1164 
f 1163/1163/1163 1165/1165/1165 1164/1164/1164 
f 1164/1164/1164 1165/1165/1165 1166/1166/1166 
f 1165/1165/1165 1166/1166/1166 1166/1166/1166 
f 1166/1166/1166 1166/1166/1166 1167/1167/1167 
f 1166/1166/1166 1167/1167/1167 1167/1167/1167 
f 1167/1167/1167 1167/1167/1167 1168/1168/1168 
f 1167/1167/1167 1169/1169/1169 1168/1168/1168 
f 1168/1168/1168 1169/1169/1169 1168/1168/1168 
f 1169/1169/1169 1170/1170/1170 1168/1168/1168 
f 1168/1168/1168 1170/1170/1170 1171/1171/1171 
f 1170/1170/1170 1172/1172/1172 1171/1171/1171 
f 1171/1171/1171 1172/1172/1172 1173/1173/1173 
f 1172/1172/1172 1174/1174/1174 1173/1173/1173 
f 1173/1173/1173 1174/1174/1174 1174/1174/1174 
f 1174/1174/1174 1175/1175/1175 1174/1174/1174 
f 1174/1174/1174 1175/1175/1175 1175/1175/1175 
f 1175/1175/1175 1176/1176/1176 1175/1175/1175 
f 1175/1175/1175 1176/1176/1176 1177/1177/1177 
f 1176/1176/1176 1176/1176/1176 1177/1177/1177 
f 1177/1177/1177 1176/1176/1176 1178/1178/1178 
f 1176/1176/1176 1179/1179/1179 1178/1178/1178 
f 1178/1178/1178 1179/1179/1179 1180/1180/1180 
f 1179/1179/1179 1181/1181/1181 1180/1180/1180 
f 1180/1180/1180 1181/1181/1181 1181/1181/1181 
f 1181/1181/1181 1182/1182/1182 1181/1181/1181 
f 1181/1181/1181 1182/1182/1182 1182/1182/1182 
f 1182/1182/1182 1183/1183/1183 1182/1182/1182 
f 1182/1182/1182 1183/1183/1183 1184/1184/1184 
f 1183/1183/1183 1185/1185/1185 1184/1184/1184 
f 1184/1184/1184 1185/1185/1185 1185/1185/1185 
f 1185/1185/1185 1186/1186/1186 1185/1185/1185 
f 1185/1185/1185 1186/1186/1186 1186/1186/1186 
f 1186/1186/1186 1187/1187/1187 1186/1186/1186 
f 1186/1186/1186 1187/1187/1187 1188/1188/1188 
f 1187/1187/1187 1188/1188/1188 1188/1188/1188 
f 1188/1188/1188 1188/1188/1188 1189/1189/1189 
f 1188/1188/1188 1189/1189/1189 1189/1189/1189 
f 1189/1189/1189 1189/1189/1189 1190/1190/1190 
f 1189/1189/1189 1191/1191/1191 1190/1190/1190 
f 1190/1190/1190 1191/1191/1191 1192/1192/1192 
f 1191/1191/1191 1192/1192/1192 1192/1192/1192 
f 1192/1192/1192 1192/1192/1192 1193/1193/1193 
f 1192/1192/1192 1193/1193/1193 1193/1193/1193 
f 1193/1193/1193 1193/1193/1193 1194/1194/1194 
f 1193/1193/1193 1195/1195/1195 1194/1194/1194 
f 1194/1194/1194 1195/1195/1195 1195/1195/1195 
f 1195/1195/1195 1196/1196/1196 1195/1195/1195 
f 1195/1195/1195 1196/1196/1196 1196/1196/1196 
f 1196/1196/1196 1197/1197/1197 1196/1196/1196 
f 1196/1196/1196 1197/1197/1197 1198/1198/1198 
f 1197/1197/1197 1199/1199/1199 1198/1198/1198 
f 1198/1198/1198 1199/1199/1199 1199/1199/1199 
f 1199/1199/1199 1200/1200/1200 1199/1199/1199 
f 1199/1199/1199 1200/1200/1200 1200/1200/1200 
f 1200/1200/1200 1201/1201/1201 1200/1200/1200 
f 1200/1200/1200 1201/1201/1201 1202/1202/1202 
f 1201/1201/1201 1201/1201/1201 1202/1202/1202 
f 1202/1202/1202 1201/1201/1201 1203/1203/1203 
f 1201/1201/1201 1201/1201/1201 1203/1203/1203 
f 1203/1203/1203 1201/1201/1201 1204/1204/1204 
f 1201/1201/1201 1201/1201/1201 1204/1204/1204 
f 1204/1204/1204 1201/1201/1201 1205/1205/1205 
f 1201/1201/1201 1206/1206/1206 1205/1205/1205 
f 1205/1205/1205 1206/1206/1206 1205/1205/1205 
f 1206/1206/1206 1207/1207/1207 1205/1205/1205 
f 1205/1205/1205 1207/1207/1207 1208/1208/1208 
f 1207/1207/1207 1207/1207/1207 1208/1208/1208 
f 1208/1208/1208 1207/1207/1207 1209/1209/1209 
f 1207/1207/1207 1210/1210/1210 1209/1209/1209 
f 1209/1209/1209 1210/1210/1210 1210/1210/1210 
f 1210/1210/1210 1211/1211/1211 1210/1210/1210 
f 1210/1210/1210 1211/1211/1211 1211/1211/1211 
f 1211/1211/1211 1212/1212/1212 1211/1211/1211 
f 1211/1211/1211 1212/1212/1212 1213/1213/1213 
f 1212/1212/1212 1212/1212/1212 1213/1213/1213 
f 1213/1213/1213 1212/1212/1212 1214/1214/1214 
f 1212/1212/1212 1215/1215/1215 1214/1214/1214 
f 1214/1214/1214 1215/1215/1215 1216/1216/1216 
f 1215/1215/1215 1217/1217/1217 1216/1216/1216 
f 1216/1216/1216 1217/1217/1217 1218/1218/1218 
f 1217/1217/1217 1217/1217/1217 1218/1218/1218 
f 1218/1218/1218 1217/1217/1217 1219/1219/1219 
f 1217/1217/1217 1220/1220/1220 1219/1219/1219 
f 1219/1219/1219 1220/1220/1220 1221/1221/1221 
f 1220/1220/1220 1221/1221/1221 1221/1221/1221 
f 1221/1221/1221 1221/1221/1221 1215/1215/1215 
f 1221/1221/1221 1215/1215/1215 1215/1215/1215 
f 1215/1215/1215 1215/1215/1215 1217/1217/1217 
f 1215/1215/1215 1222/1222/1222 1217/1217/1217 
f 1217/1217/1217 1222/1222/1222 1220/1220/1220 
f 1222/1222/1222 1223/1223/1223 1220/1220/1220 
f 1220/1220/1220 1223/1223/1223 1224/1224/1224 
f 1223/1223/1223 1225/1225/1225 1224/1224/1224 
f 1224/1224/1224 1225/1225/1225 1224/1224/1224 
f 1225/1225/1225 1226/1226/1226 1224/1224/1224 
f 1224/1224/1224 1226/1226/1226 1227/1227/1227 
f 1226/1226/1226 1227/1227/1227 1227/1227/1227 
f 1227/1227/1227 1227/1227/1227 1228/1228/1228 
f 1227/1227/1227 1228/1228/1228 1228/1228/1228 
f 1228/1228/1228 1228/1228/1228 1229/1229/1229 
f 1228/1228/1228 1230/1230/1230 1229/1229/1229 
f 1229/1229/1229 1230/1230/1230 1229/1229/1229 
f 1230/1230/1230 1231/1231/1231 1229/1229/1229 
f 1229/1229/1229 1231/1231/1231 1232/1232/1232 
f 1231/1231/1231 1233/1233/1233 1232/1232/1232 
f 1232/1232/1232 1233/1233/1233 1233/1233/1233 
f 1233/1233/1233 1234/1234/1234 1233/1233/1233 
f 1233/1233/1233 1234/1234/1234 1234/1234/1234 
f 1234/1234/1234 1235/1235/1235 1234/1234/1234 
f 1234/1234/1234 1235/1235/1235 1236/1236/1236 
f 1235/1235/1235 1237/1237/1237 1236/1236/1236 
f 1236/1236/1236 1237/1237/1237 1236/1236/1236 
f 1237/1237/1237 1238/1238/1238 1236/1236/1236 
f 1236/1236/1236 1238/1238/1238 1236/1236/1236 
f 1238/1238/1238 1239/1239/1239 1236/1236/1236 
f 1236/1236/1236 1239/1239/1239 1240/1240/1240 
f 1239/1239/1239 1239/1239/1239 1240/1240/1240 
f 1240/1240/1240 1239/1239/1239 1241/1241/1241 
f 1239/1239/1239 1242/1242/1242 1241/1241/1241 
f 1241/1241/1241 1242/1242/1242 1241/1241/1241 
f 1242/1242/1242 1243/1243/1243 1241/1241/1241 
f 1241/1241/1241 1243/1243/1243 1244/1244/1244 
f 1243/1243/1243 1244/1244/1244 1244/1244/1244 
f 1244/1244/1244 1244/1244/1244 1245/1245/1245 
f 1244/1244/1244 1245/1245/1245 1245/1245/1245 
f 1245/1245/1245 1245/1245/1245 1246/1246/1246 
f 1245/1245/1245 1247/1247/1247 1246/1246/1246 
f 1246/1246/1246 1247/1247/1247 1248/1248/1248 
f 1247/1247/1247 1249/1249/1249 1248/1248/1248 
f 1248/1248/1248 1249/1249/1249 1250/1250/1250 
f 1249/1249/1249 1251/1251/1251 1250/1250/1250 
f 1250/1250/1250 1251/1251/1251 1252/1252/1252 
f 1251/1251/1251 1253/1253/1253 1252/1252/1252 
f 1252/1252/1252 1253/1253/1253 1252/1252/1252 
f 1253/1253/1253 1254/1254/1254 1252/1252/1252 
f 1252/1252/1252 1254/1254/1254 1255/1255/1255 
f 1254/1254/1254 1255/1255/1255 1255/1255/1255 
f 1255/1255/1255 1255/1255/1255 1248/1248/1248 
f 1255/1255/1255 1248/1248/1248 1248/1248/1248 
f 1248/1248/1248 1248/1248/1248 1246/1246/1246 
f 1248/1248/1248 1250/1250/1250 1246/1246/1246 
f 1246/1246/1246 1250/1250/1250 1256/1256/1256 
f 1250/1250/1250 1256/1256/1256 1256/1256/1256 
f 1256/1256/1256 1256/1256/1256 1251/1251/1251 
f 1256/1256/1256 1251/1251/1251 1251/1251/1251 
f 1251/1251/1251 1251/1251/1251 1253/1253/1253 
f 1251/1251/1251 1257/1257/1257 1253/1253/1253 
f 1253/1253/1253 1257/1257/1257 1257/1257/1257 
f 1257/1257/1257 1247/1247/1247 1257/1257/1257 
f 1257/1257/1257 1247/1247/1247 1247/1247/1247 
f 1247/1247/1247 1258/1258/1258 1247/1247/1247 
f 1247/1247/1247 1258/1258/1258 1249/1249/1249 
f 1258/1258/1258 1258/1258/1258 1249/1249/1249 
f 1249/1249/1249 1258/1258/1258 1259/1259/1259 
f 1258/1258/1258 1260/1260/1260 1259/1259/1259 
f 1259/1259/1259 1260/1260/1260 1261/1261/1261 
f 1260/1260/1260 1261/1261/1261 1261/1261/1261 
f 1261/1261/1261 1261/1261/1261 1258/1258/1258 
f 1261/1261/1261 1258/1258/1258 1258/1258/1258 
f 1258/1258/1258 1258/1258/1258 1260/1260/1260 
f 1258/1258/1258 1262/1262/1262 1260/1260/1260 
f 1260/1260/1260 1262/1262/1262 1263/1263/1263 
f 1262/1262/1262 1263/1263/1263 1263/1263/1263 
f 1263/1263/1263 1263/1263/1263 1264/1264/1264 
f 1263/1263/1263 1264/1264/1264 1264/1264/1264 
f 1264/1264/1264 1264/1264/1264 1265/1265/1265 
f 1264/1264/1264 1266/1266/1266 1265/1265/1265 
f 1265/1265/1265 1266/1266/1266 1265/1265/1265 
f 1266/1266/1266 1267/1267/1267 1265/1265/1265 
f 1265/1265/1265 1267/1267/1267 1268/1268/1268 
f 1267/1267/1267 1269/1269/1269 1268/1268/1268 
f 1268/1268/1268 1269/1269/1269 1269/1269/1269 
f 1269/1269/1269 1264/1264/1264 1269/1269/1269 
f 1269/1269/1269 1264/1264/1264 1264/1264/1264 
f 1264/1264/1264 1270/1270/1270 1264/1264/1264 
f 1264/1264/1264 1270/1270/1270 1266/1266/1266 
f 1270/1270/1270 1270/1270/1270 1266/1266/1266 
f 1266/1266/1266 1270/1270/1270 1271/1271/1271 
f 1270/1270/1270 1272/1272/1272 1271/1271/1271 
f 1271/1271/1271 1272/1272/1272 1273/1273/1273 
f 1272/1272/1272 1272/1272/1272 1273/1273/1273 
f 1273/1273/1273 1272/1272/1272 1274/1274/1274 
f 1272/1272/1272 1275/1275/1275 1274/1274/1274 
f 1274/1274/1274 1275/1275/1275 1269/1269/1269 
f 1275/1275/1275 1276/1276/1276 1269/1269/1269 
f 1269/1269/1269 1276/1276/1276 1268/1268/1268 
f 1276/1276/1276 1268/1268/1268 1268/1268/1268 
f 1268/1268/1268 1268/1268/1268 1270/1270/1270 
f 1268/1268/1268 1270/1270/1270 1270/1270/1270 
f 1270/1270/1270 1270/1270/1270 1272/1272/1272 
f 1270/1270/1270 1277/1277/1277 1272/1272/1272 
f 1272/1272/1272 1277/1277/1277 1278/1278/1278 
f 1277/1277/1277 1278/1278/1278 1278/1278/1278 
f 1278/1278/1278 1278/1278/1278 1276/1276/1276 
f 1278/1278/1278 1276/1276/1276 1276/1276/1276 
f 1276/1276/1276 1276/1276/1276 1279/1279/1279 
f 1276/1276/1276 1275/1275/1275 1279/1279/1279 
f 1279/1279/1279 1275/1275/1275 1272/1272/1272 
f 1275/1275/1275 1272/1272/1272 1272/1272/1272 
f 1272/1272/1272 1272/1272/1272 1276/1276/1276 
f 1272/1272/1272 1276/1276/1276 1276/1276/1276 
f 1276/1276/1276 1276/1276/1276 1280/1280/1280 
f 1276/1276/1276 1279/1279/1279 1280/1280/1280 
f 1280/1280/1280 1279/1279/1279 1280/1280/1280 
f 1279/1279/1279 1281/1281/1281 1280/1280/1280 
f 1280/1280/1280 1281/1281/1281 1282/1282/1282 
f 1281/1281/1281 1283/1283/1283 1282/1282/1282 
f 1282/1282/1282 1283/1283/1283 1284/1284/1284 
f 1283/1283/1283 1285/1285/1285 1284/1284/1284 
f 1284/1284/1284 1285/1285/1285 1286/1286/1286 
f 1285/1285/1285 1285/1285/1285 1286/1286/1286 
f 1286/1286/1286 1285/1285/1285 1287/1287/1287 
f 1285/1285/1285 1288/1288/1288 1287/1287/1287 
f 1287/1287/1287 1288/1288/1288 1289/1289/1289 
f 1288/1288/1288 1290/1290/1290 1289/1289/1289 
f 1289/1289/1289 1290/1290/1290 1289/1289/1289 
f 1290/1290/1290 1291/1291/1291 1289/1289/1289 
f 1289/1289/1289 1291/1291/1291 1279/1279/1279 
f 1291/1291/1291 1281/1281/1281 1279/1279/1279 
f 1279/1279/1279 1281/1281/1281 1281/1281/1281 
f 1281/1281/1281 1287/1287/1287 1281/1281/1281 
f 1281/1281/1281 1287/1287/1287 1287/1287/1287 
f 1287/1287/1287 1289/1289/1289 1287/1287/1287 
f 1287/1287/1287 1289/1289/1289 1278/1278/1278 
f 1289/1289/1289 1289/1289/1289 1278/1278/1278 
f 1278/1278/1278 1289/1289/1289 1272/1272/1272 
f 1289/1289/1289 1279/1279/1279 1272/1272/1272 
f 1272/1272/1272 1279/1279/1279 1279/1279/1279 
f 1279/1279/1279 1292/1292/1292 1279/1279/1279 
f 1279/1279/1279 1292/1292/1292 1292/1292/1292 
f 1292/1292/1292 1293/1293/1293 1292/1292/1292 
f 1292/1292/1292 1293/1293/1293 1294/1294/1294 
f 1293/1293/1293 1295/1295/1295 1294/1294/1294 
f 1294/1294/1294 1295/1295/1295 1296/1296/1296 
f 1295/1295/1295 1296/1296/1296 1296/1296/1296 
f 1296/1296/1296 1296/1296/1296 1295/1295/1295 
f 1296/1296/1296 1295/1295/1295 1295/1295/1295 
f 1295/1295/1295 1295/1295/1295 1297/1297/1297 
f 1295/1295/1295 1298/1298/1298 1297/1297/1297 
f 1297/1297/1297 1298/1298/1298 1297/1297/1297 
f 1298/1298/1298 1299/1299/1299 1297/1297/1297 
f 1297/1297/1297 1299/1299/1299 1297/1297/1297 
f 1299/1299/1299 1300/1300/1300 1297/1297/1297 
f 1297/1297/1297 1300/1300/1300 1297/1297/1297 
f 1300/1300/1300 1301/1301/1301 1297/1297/1297 
f 1297/1297/1297 1301/1301/1301 1302/1302/1302 
f 1301/1301/1301 1303/1303/1303 1302/1302/1302 
f 1302/1302/1302 1303/1303/1303 1304/1304/1304 
f 1303/1303/1303 1304/1304/1304 1304/1304/1304 
f 1304/1304/1304 1304/1304/1304 1305/1305/1305 
f 1304/1304/1304 1305/1305/1305 1305/1305/1305 
f 1305/1305/1305 1305/1305/1305 1301/1301/1301 
f 1305/1305/1305 1303/1303/1303 1301/1301/1301 
f 1301/1301/1301 1303/1303/1303 1303/1303/1303 
f 1303/1303/1303 1306/1306/1306 1303/1303/1303 
f 1303/1303/1303 1306/1306/1306 1306/1306/1306 
f 1306/1306/1306 1307/1307/1307 1306/1306/1306 
f 1306/1306/1306 1307/1307/1307 1308/1308/1308 
f 1307/1307/1307 1309/1309/1309 1308/1308/1308 
f 1308/1308/1308 1309/1309/1309 1309/1309/1309 
f 1309/1309/1309 1310/1310/1310 1309/1309/1309 
f 1309/1309/1309 1310/1310/1310 1310/1310/1310 
f 1310/1310/1310 1311/1311/1311 1310/1310/1310 
f 1310/1310/1310 1311/1311/1311 1312/1312/1312 
f 1311/1311/1311 1313/1313/1313 1312/1312/1312 
f 1312/1312/1312 1313/1313/1313 1314/1314/1314 
f 1313/1313/1313 1313/1313/1313 1314/1314/1314 
f 1314/1314/1314 1313/1313/1313 1315/1315/1315 
f 1313/1313/1313 1313/1313/1313 1315/1315/1315 
f 1315/1315/1315 1313/1313/1313 1316/1316/1316 
f 1313/1313/1313 1317/1317/1317 1316/1316/1316 
f 1316/1316/1316 1317/1317/1317 1318/1318/1318 
f 1317/1317/1317 1318/1318/1318 1318/1318/1318 
f 1318/1318/1318 1318/1318/1318 1319/1319/1319 
f 1318/1318/1318 1319/1319/1319 1319/1319/1319 
f 1319/1319/1319 1319/1319/1319 1320/1320/1320 
f 1319/1319/1319 1321/1321/1321 1320/1320/1320 
f 1320/1320/1320 1321/1321/1321 1321/1321/1321 
f 1321/1321/1321 1322/1322/1322 1321/1321/1321 
f 1321/1321/1321 1322/1322/1322 1322/1322/1322 
f 1322/1322/1322 1323/1323/1323 1322/1322/1322 
f 1322/1322/1322 1323/1323/1323 1324/1324/1324 
f 1323/1323/1323 1324/1324/1324 1324/1324/1324 
f 1324/1324/1324 1324/1324/1324 1325/1325/1325 
f 1324/1324/1324 1325/1325/1325 1325/1325/1325 
f 1325/1325/1325 1325/1325/1325 1326/1326/1326 
f 1325/1325/1325 1327/1327/1327 1326/1326/1326 
f 1326/1326/1326 1327/1327/1327 1328/1328/1328 
f 1327/1327/1327 1328/1328/1328 1328/1328/1328 
f 1328/1328/1328 1328/1328/1328 1329/1329/1329 
f 1328/1328/1328 1329/1329/1329 1329/1329/1329 
f 1329/1329/1329 1329/1329/1329 1330/1330/1330 
f 1329/1329/1329 1331/1331/1331 1330/1330/1330 
f 1330/1330/1330 1331/1331/1331 1330/1330/1330 
f 1331/1331/1331 1332/1332/1332 1330/1330/1330 
f 1330/1330/1330 1332/1332/1332 1333/1333/1333 
f 1332/1332/1332 1334/1334/1334 1333/1333/1333 
f 1333/1333/1333 1334/1334/1334 1335/1335/1335 
f 1334/1334/1334 1334/1334/1334 1335/1335/1335 
f 1335/1335/1335 1334/1334/1334 1336/1336/1336 
f 1334/1334/1334 1334/1334/1334 1336/1336/1336 
f 1336/1336/1336 1334/1334/1334 1337/1337/1337 
f 1334/1334/1334 1334/1334/1334 1337/1337/1337 
f 1337/1337/1337 1334/1334/1334 1338/1338/1338 
f 1334/1334/1334 1332/1332/1332 1338/1338/1338 
f 1338/1338/1338 1332/1332/1332 1332/1332/1332 
f 1332/1332/1332 1339/1339/1339 1332/1332/1332 
f 1332/1332/1332 1339/1339/1339 1339/1339/1339 
f 1339/1339/1339 1340/1340/1340 1339/1339/1339 
f 1339/1339/1339 1340/1340/1340 1341/1341/1341 
f 1340/1340/1340 1342/1342/1342 1341/1341/1341 
f 1341/1341/1341 1342/1342/1342 1342/1342/1342 
f 1342/1342/1342 1343/1343/1343 1342/1342/1342 
f 1342/1342/1342 1343/1343/1343 1343/1343/1343 
f 1343/1343/1343 1344/1344/1344 1343/1343/1343 
f 1343/1343/1343 1344/1344/1344 1345/1345/1345 
f 1344/1344/1344 1346/1346/1346 1345/1345/1345 
f 1345/1345/1345 1346/1346/1346 1346/1346/1346 
f 1346/1346/1346 1347/1347/1347 1346/1346/1346 
f 1346/1346/1346 1347/1347/1347 1347/1347/1347 
f 1347/1347/1347 1348/1348/1348 1347/1347/1347 
f 1347/1347/1347 1348/1348/1348 1349/1349/1349 
f 1348/1348/1348 1350/1350/1350 1349/1349/1349 
f 1349/1349/1349 1350/1350/1350 1350/1350/1350 
f 1350/1350/1350 1351/1351/1351 1350/1350/1350 
f 1350/1350/1350 1351/1351/1351 1351/1351/1351 
f 1351/1351/1351 1352/1352/1352 1351/1351/1351 
f 1351/1351/1351 1352/1352/1352 1353/1353/1353 
f 1352/1352/1352 1354/1354/1354 1353/1353/1353 
f 1353/1353/1353 1354/1354/1354 1354/1354/1354 
f 1354/1354/1354 1355/1355/1355 1354/1354/1354 
f 1354/1354/1354 1355/1355/1355 1355/1355/1355 
f 1355/1355/1355 1356/1356/1356 1355/1355/1355 
f 1355/1355/1355 1356/1356/1356 1357/1357/1357 
f 1356/1356/1356 1358/1358/1358 1357/1357/1357 
f 1357/1357/1357 1358/1358/1358 1357/1357/1357 
f 1358/1358/1358 1359/1359/1359 1357/1357/1357 
f 1357/1357/1357 1359/1359/1359 1357/1357/1357 
f 1359/1359/1359 1360/1360/1360 1357/1357/1357 
f 1357/1357/1357 1360/1360/1360 1361/1361/1361 
f 1360/1360/1360 1361/1361/1361 1361/1361/1361 
f 1361/1361/1361 1361/1361/1361 1362/1362/1362 
f 1361/1361/1361 1362/1362/1362 1362/1362/1362 
f 1362/1362/1362 1362/1362/1362 1363/1363/1363 
f 1362/1362/1362 1364/1364/1364 1363/1363/1363 
f 1363/1363/1363 1364/1364/1364 1365/1365/1365 
f 1364/1364/1364 1365/1365/1365 1365/1365/1365 
f 1365/1365/1365 1365/1365/1365 1366/1366/1366 
f 1365/1365/1365 1366/1366/1366 1366/1366/1366 
f 1366/1366/1366 1366/1366/1366 1367/1367/1367 
f 1366/1366/1366 1368/1368/1368 1367/1367/1367 
f 1367/1367/1367 1368/1368/1368 1369/1369/1369 
f 1368/1368/1368 1369/1369/1369 1369/1369/1369 
f 1369/1369/1369 1369/1369/1369 1370/1370/1370 
f 1369/1369/1369 1370/1370/1370 1370/1370/1370 
f 1370/1370/1370 1370/1370/1370 1371/1371/1371 
f 1370/1370/1370 1372/1372/1372 1371/1371/1371 
f 1371/1371/1371 1372/1372/1372 1373/1373/1373 
f 1372/1372/1372 1374/1374/1374 1373/1373/1373 
f 1373/1373/1373 1374/1374/1374 1373/1373/1373 
f 1374/1374/1374 1375/1375/1375 1373/1373/1373 
f 1373/1373/1373 1375/1375/1375 1373/1373/1373 
f 1375/1375/1375 1376/1376/1376 1373/1373/1373 
f 1373/1373/1373 1376/1376/1376 1377/1377/1377 
f 1376/1376/1376 1376/1376/1376 1377/1377/1377 
f 1377/1377/1377 1376/1376/1376 1378/1378/1378 
f 1376/1376/1376 1379/1379/1379 1378/1378/1378 
f 1378/1378/1378 1379/1379/1379 1379/1379/1379 
f 1379/1379/1379 1373/1373/1373 1379/1379/1379 
f 1379/1379/1379 1373/1373/1373 1373/1373/1373 
f 1373/1373/1373 1377/1377/1377 1373/1373/1373 
f 1373/1373/1373 1377/1377/1377 1371/1371/1371 
f 1377/1377/1377 1371/1371/1371 1371/1371/1371 
f 1371/1371/1371 1371/1371/1371 1380/1380/1380 
f 1371/1371/1371 1380/1380/1380 1380/1380/1380 
f 1380/1380/1380 1380/1380/1380 1381/1381/1381 
f 1380/1380/1380 1382/1382/1382 1381/1381/1381 
f 1381/1381/1381 1382/1382/1382 1383/1383/1383 
f 1382/1382/1382 1383/1383/1383 1383/1383/1383 
f 1383/1383/1383 1383/1383/1383 1384/1384/1384 
f 1383/1383/1383 1384/1384/1384 1384/1384/1384 
f 1384/1384/1384 1384/1384/1384 1385/1385/1385 
f 1384/1384/1384 1386/1386/1386 1385/1385/1385 
f 1385/1385/1385 1386/1386/1386 1387/1387/1387 
f 1386/1386/1386 1387/1387/1387 1387/1387/1387 
f 1387/1387/1387 1387/1387/1387 1388/1388/1388 
f 1387/1387/1387 1388/1388/1388 1388/1388/1388 
f 1388/1388/1388 1388/1388/1388 1389/1389/1389 
f 1388/1388/1388 1390/1390/1390 1389/1389/1389 
f 1389/1389/1389 1390/1390/1390 1391/1391/1391 
f 1390/1390/1390 1392/1392/1392 1391/1391/1391 
f 1391/1391/1391 1392/1392/1392 1393/1393/1393 
f 1392/1392/1392 1394/1394/1394 1393/1393/1393 
f 1393/1393/1393 1394/1394/1394 1395/1395/1395 
f 1394/1394/1394 1395/1395/1395 1395/1395/1395 
f 1395/1395/1395 1395/1395/1395 1396/1396/1396 
f 1395/1395/1395 1396/1396/1396 1396/1396/1396 
f 1396/1396/1396 1396/1396/1396 1397/1397/1397 
f 1396/1396/1396 1398/1398/1398 1397/1397/1397 
f 1397/1397/1397 1398/1398/1398 1399/1399/1399 
f 1398/1398/1398 1398/1398/1398 1399/1399/1399 
f 1399/1399/1399 1398/1398/1398 1400/1400/1400 
f 1398/1398/1398 1398/1398/1398 1400/1400/1400 
f 1400/1400/1400 1398/1398/1398 1401/1401/1401 
f 1398/1398/1398 1402/1402/1402 1401/1401/1401 
f 1401/1401/1401 1402/1402/1402 1402/1402/1402 
f 1402/1402/1402 1403/1403/1403 1402/1402/1402 
f 1402/1402/1402 1403/1403/1403 1403/1403/1403 
f 1403/1403/1403 1404/1404/1404 1403/1403/1403 
f 1403/1403/1403 1404/1404/1404 1405/1405/1405 
f 1404/1404/1404 1404/1404/1404 1405/1405/1405 
f 1405/1405/1405 1404/1404/1404 1406/1406/1406 
f 1404/1404/1404 1407/1407/1407 1406/1406/1406 
f 1406/1406/1406 1407/1407/1407 1408/1408/1408 
f 1407/1407/1407 1409/1409/1409 1408/1408/1408 
f 1408/1408/1408 1409/1409/1409 1410/1410/1410 
f 1409/1409/1409 1410/1410/1410 1410/1410/1410 
f 1410/1410/1410 1410/1410/1410 1411/1411/1411 
f 1410/1410/1410 1411/1411/1411 1411/1411/1411 
f 1411/1411/1411 1411/1411/1411 1412/1412/1412 
f 1411/1411/1411 1413/1413/1413 1412/1412/1412 
f 1412/1412/1412 1413/1413/1413 1414/1414/1414 
f 1413/1413/1413 1414/1414/1414 1414/1414/1414 
f 1414/1414/1414 1414/1414/1414 1415/1415/1415 
f 1414/1414/1414 1415/1415/1415 1415/1415/1415 
f 1415/1415/1415 1415/1415/1415 1416/1416/1416 
f 1415/1415/1415 1417/1417/1417 1416/1416/1416 
f 1416/1416/1416 1417/1417/1417 1418/1418/1418 
f 1417/1417/1417 1418/1418/1418 1418/1418/1418 
f 1418/1418/1418 1418/1418/1418 1419/1419/1419 
f 1418/1418/1418 1419/1419/1419 1419/1419/1419 
f 1419/1419/1419 1419/1419/1419 1420/1420/1420 
f 1419/1419/1419 1421/1421/1421 1420/1420/1420 
f 1420/1420/1420 1421/1421/1421 1422/1422/1422 
f 1421/1421/1421 1423/1423/1423 1422/1422/1422 
f 1422/1422/1422 1423/1423/1423 1424/1424/1424 
f 1423/1423/1423 1425/1425/1425 1424/1424/1424 
f 1424/1424/1424 1425/1425/1425 1426/1426/1426 
f 1425/1425/1425 1427/1427/1427 1426/1426/1426 
f 1426/1426/1426 1427/1427/1427 1428/1428/1428 
f 1427/1427/1427 1429/1429/1429 1428/1428/1428 
f 1428/1428/1428 1429/1429/1429 1430/1430/1430 
f 1429/1429/1429 1431/1431/1431 1430/1430/1430 
f 1430/1430/1430 1431/1431/1431 1432/1432/1432 
f 1431/1431/1431 1433/1433/1433 1432/1432/1432 
f 1432/1432/1432 1433/1433/1433 1434/1434/1434 
f 1433/1433/1433 1435/1435/1435 1434/1434/1434 
f 1434/1434/1434 1435/1435/1435 1436/1436/1436 
f 1435/1435/1435 1437/1437/1437 1436/1436/1436 
f 1436/1436/1436 1437/1437/1437 1438/1438/1438 
f 1437/1437/1437 1439/1439/1439 1438/1438/1438 
f 1438/1438/1438 1439/1439/1439 1440/1440/1440 
f 1439/1439/1439 1441/1441/1441 1440/1440/1440 
f 1440/1440/1440 1441/1441/1441 1442/1442/1442 
f 1441/1441/1441 1443/1443/1443 1442/1442/1442 
f 1442/1442/1442 1443/1443/1443 1442/1442/1442 
f 1443/1443/1443 1444/1444/1444 1442/1442/1442 
f 1442/1442/1442 1444/1444/1444 1445/1445/1445 
f 1444/1444/1444 1446/1446/1446 1445/1445/1445 
f 1445/1445/1445 1446/1446/1446 1447/1447/1447 
f 1446/1446/1446 1448/1448/1448 1447/1447/1447 
f 1447/1447/1447 1448/1448/1448 1448/1448/1448 
f 1448/1448/1448 1422/1422/1422 1448/1448/1448 
f 1448/1448/1448 1422/1422/1422 1422/1422/1422 
f 1422/1422/1422 1449/1449/1449 1422/1422/1422 
f 1422/1422/1422 1449/1449/1449 1420/1420/1420 
f 1449/1449/1449 1420/1420/1420 1420/1420/1420 
f 1420/1420/1420 1420/1420/1420 1447/1447/1447 
f 1420/1420/1420 1447/1447/1447 1447/1447/1447 
f 1447/1447/1447 1447/1447/1447 1445/1445/1445 
f 1447/1447/1447 1450/1450/1450 1445/1445/1445 
f 1445/1445/1445 1450/1450/1450 1445/1445/1445 
f 1450/1450/1450 1451/1451/1451 1445/1445/1445 
f 1445/1445/1445 1451/1451/1451 1442/1442/1442 
f 1451/1451/1451 1451/1451/1451 1442/1442/1442 
f 1442/1442/1442 1451/1451/1451 1440/1440/1440 
f 1451/1451/1451 1451/1451/1451 1440/1440/1440 
f 1440/1440/1440 1451/1451/1451 1438/1438/1438 
f 1451/1451/1451 1452/1452/1452 1438/1438/1438 
f 1438/1438/1438 1452/1452/1452 1436/1436/1436 
f 1452/1452/1452 1453/1453/1453 1436/1436/1436 
f 1436/1436/1436 1453/1453/1453 1434/1434/1434 
f 1453/1453/1453 1454/1454/1454 1434/1434/1434 
f 1434/1434/1434 1454/1454/1454 1432/1432/1432 
f 1454/1454/1454 1455/1455/1455 1432/1432/1432 
f 1432/1432/1432 1455/1455/1455 1430/1430/1430 
f 1455/1455/1455 1456/1456/1456 1430/1430/1430 
f 1430/1430/1430 1456/1456/1456 1428/1428/1428 
f 1456/1456/1456 1457/1457/1457 1428/1428/1428 
f 1428/1428/1428 1457/1457/1457 1428/1428/1428 
f 1457/1457/1457 1458/1458/1458 1428/1428/1428 
f 1428/1428/1428 1458/1458/1458 1426/1426/1426 
f 1458/1458/1458 1459/1459/1459 1426/1426/1426 
f 1426/1426/1426 1459/1459/1459 1424/1424/1424 
f 1459/1459/1459 1460/1460/1460 1424/1424/1424 
f 1424/1424/1424 1460/1460/1460 1422/1422/1422 
f 1460/1460/1460 1460/1460/1460 1422/1422/1422 
f 1422/1422/1422 1460/1460/1460 1449/1449/1449 
f 1460/1460/1460 1460/1460/1460 1449/1449/1449 
f 1449/1449/1449 1460/1460/1460 1461/1461/1461 
f 1460/1460/1460 1460/1460/1460 1461/1461/1461 
f 1461/1461/1461 1460/1460/1460 1462/1462/1462 
f 1460/1460/1460 1459/1459/1459 1462/1462/1462 
f 1462/1462/1462 1459/1459/1459 1463/1463/1463 
f 1459/1459/1459 1458/1458/1458 1463/1463/1463 
f 1463/1463/1463 1458/1458/1458 1464/1464/1464 
f 1458/1458/1458 1457/1457/1457 1464/1464/1464 
f 1464/1464/1464 1457/1457/1457 1465/1465/1465 
f 1457/1457/1457 1456/1456/1456 1465/1465/1465 
f 1465/1465/1465 1456/1456/1456 1466/1466/1466 
f 1456/1456/1456 1455/1455/1455 1466/1466/1466 
f 1466/1466/1466 1455/1455/1455 1467/1467/1467 
f 1455/1455/1455 1454/1454/1454 1467/1467/1467 
f 1467/1467/1467 1454/1454/1454 1468/1468/1468 
f 1454/1454/1454 1453/1453/1453 1468/1468/1468 
f 1468/1468/1468 1453/1453/1453 1469/1469/1469 
f 1453/1453/1453 1452/1452/1452 1469/1469/1469 
f 1469/1469/1469 1452/1452/1452 1470/1470/1470 
f 1452/1452/1452 1451/1451/1451 1470/1470/1470 
f 1470/1470/1470 1451/1451/1451 1450/1450/1450 
f 1451/1451/1451 1450/1450/1450 1450/1450/1450 
f 1450/1450/1450 1450/1450/1450 1471/1471/1471 
f 1450/1450/1450 1471/1471/1471 1471/1471/1471 
f 1471/1471/1471 1471/1471/1471 1472/1472/1472 
f 1471/1471/1471 1473/1473/1473 1472/1472/1472 
f 1472/1472/1472 1473/1473/1473 1474/1474/1474 
f 1473/1473/1473 1473/1473/1473 1474/1474/1474 
f 1474/1474/1474 1473/1473/1473 1475/1475/1475 
f 1473/1473/1473 1473/1473/1473 1475/1475/1475 
f 1475/1475/1475 1473/1473/1473 1476/1476/1476 
f 1473/1473/1473 1477/1477/1477 1476/1476/1476 
f 1476/1476/1476 1477/1477/1477 1477/1477/1477 
f 1477/1477/1477 1478/1478/1478 1477/1477/1477 
f 1477/1477/1477 1478/1478/1478 1478/1478/1478 
f 1478/1478/1478 1472/1472/1472 1478/1478/1478 
f 1478/1478/1478 1472/1472/1472 1479/1479/1479 
f 1472/1472/1472 1474/1474/1474 1479/1479/1479 
f 1479/1479/1479 1474/1474/1474 1480/1480/1480 
f 1474/1474/1474 1474/1474/1474 1480/1480/1480 
f 1480/1480/1480 1474/1474/1474 1481/1481/1481 
f 1474/1474/1474 1482/1482/1482 1481/1481/1481 
f 1481/1481/1481 1482/1482/1482 1482/1482/1482 
f 1482/1482/1482 1483/1483/1483 1482/1482/1482 
f 1482/1482/1482 1483/1483/1483 1483/1483/1483 
f 1483/1483/1483 1484/1484/1484 1483/1483/1483 
f 1483/1483/1483 1484/1484/1484 1485/1485/1485 
f 1484/1484/1484 1485/1485/1485 1485/1485/1485 
f 1485/1485/1485 1485/1485/1485 1486/1486/1486 
f 1485/1485/1485 1486/1486/1486 1486/1486/1486 
f 1486/1486/1486 1486/1486/1486 1487/1487/1487 
f 1486/1486/1486 1488/1488/1488 1487/1487/1487 
f 1487/1487/1487 1488/1488/1488 1489/1489/1489 
f 1488/1488/1488 1490/1490/1490 1489/1489/1489 
f 1489/1489/1489 1490/1490/1490 1491/1491/1491 
f 1490/1490/1490 1491/1491/1491 1491/1491/1491 
f 1491/1491/1491 1491/1491/1491 1492/1492/1492 
f 1491/1491/1491 1492/1492/1492 1492/1492/1492 
f 1492/1492/1492 1492/1492/1492 1493/1493/1493 
f 1492/1492/1492 1494/1494/1494 1493/1493/1493 
f 1493/1493/1493 1494/1494/1494 1495/1495/1495 
f 1494/1494/1494 1494/1494/1494 1495/1495/1495 
f 1495/1495/1495 1494/1494/1494 1496/1496/1496 
f 1494/1494/1494 1497/1497/1497 1496/1496/1496 
f 1496/1496/1496 1497/1497/1497 1497/1497/1497 
f 1497/1497/1497 1498/1498/1498 1497/1497/1497 
f 1497/1497/1497 1498/1498/1498 1498/1498/1498 
f 1498/1498/1498 1499/1499/1499 1498/1498/1498 
f 1498/1498/1498 1499/1499/1499 1500/1500/1500 
f 1499/1499/1499 1499/1499/1499 1500/1500/1500 
f 1500/1500/1500 1499/1499/1499 1501/1501/1501 
f 1499/1499/1499 1502/1502/1502 1501/1501/1501 
f 1501/1501/1501 1502/1502/1502 1503/1503/1503 
f 1502/1502/1502 1503/1503/1503 1503/1503/1503 
f 1503/1503/1503 1503/1503/1503 1504/1504/1504 
f 1503/1503/1503 1504/1504/1504 1504/1504/1504 
f 1504/1504/1504 1504/1504/1504 1505/1505/1505 
f 1504/1504/1504 1506/1506/1506 1505/1505/1505 
f 1505/1505/1505 1506/1506/1506 1506/1506/1506 
f 1506/1506/1506 1507/1507/1507 1506/1506/1506 
f 1506/1506/1506 1507/1507/1507 1507/1507/1507 
f 1507/1507/1507 1508/1508/1508 1507/1507/1507 
f 1507/1507/1507 1508/1508/1508 1509/1509/1509 
f 1508/1508/1508 1510/1510/1510 1509/1509/1509 
f 1509/1509/1509 1510/1510/1510 1511/1511/1511 
f 1510/1510/1510 1512/1512/1512 1511/1511/1511 
f 1511/1511/1511 1512/1512/1512 1513/1513/1513 
f 1512/1512/1512 1514/1514/1514 1513/1513/1513 
f 1513/1513/1513 1514/1514/1514 1515/1515/1515 
f 1514/1514/1514 1516/1516/1516 1515/1515/1515 
f 1515/1515/1515 1516/1516/1516 1517/1517/1517 
f 1516/1516/1516 1518/1518/1518 1517/1517/1517 
f 1517/1517/1517 1518/1518/1518 1519/1519/1519 
f 1518/1518/1518 1520/1520/1520 1519/1519/1519 
f 1519/1519/1519 1520/1520/1520 1521/1521/1521 
f 1520/1520/1520 1522/1522/1522 1521/1521/1521 
f 1521/1521/1521 1522/1522/1522 1523/1523/1523 
f 1522/1522/1522 1524/1524/1524 1523/1523/1523 
f 1523/1523/1523 1524/1524/1524 1525/1525/1525 
f 1524/1524/1524 1526/1526/1526 1525/1525/1525 
f 1525/1525/1525 1526/1526/1526 1527/1527/1527 
f 1526/1526/1526 1528/1528/1528 1527/1527/1527 
f 1527/1527/1527 1528/1528/1528 1528/1528/1528 
f 1528/1528/1528 1529/1529/1529 1528/1528/1528 
f 1528/1528/1528 1529/1529/1529 1529/1529/1529 
f 1529/1529/1529 1530/1530/1530 1529/1529/1529 
f 1529/1529/1529 1530/1530/1530 1531/1531/1531 
f 1530/1530/1530 1530/1530/1530 1531/1531/1531 
f 1531/1531/1531 1530/1530/1530 1532/1532/1532 
f 1530/1530/1530 1533/1533/1533 1532/1532/1532 
f 1532/1532/1532 1533/1533/1533 1534/1534/1534 
f 1533/1533/1533 1535/1535/1535 1534/1534/1534 
f 1534/1534/1534 1535/1535/1535 1536/1536/1536 
f 1535/1535/1535 1537/1537/1537 1536/1536/1536 
f 1536/1536/1536 1537/1537/1537 1538/1538/1538 
f 1537/1537/1537 1537/1537/1537 1538/1538/1538 
f 1538/1538/1538 1537/1537/1537 1539/1539/1539 
f 1537/1537/1537 1540/1540/1540 1539/1539/1539 
f 1539/1539/1539 1540/1540/1540 1539/1539/1539 
f 1540/1540/1540 1541/1541/1541 1539/1539/1539 
f 1539/1539/1539 1541/1541/1541 1542/1542/1542 
f 1541/1541/1541 1541/1541/1541 1542/1542/1542 
f 1542/1542/1542 1541/1541/1541 1543/1543/1543 
f 1541/1541/1541 1544/1544/1544 1543/1543/1543 
f 1543/1543/1543 1544/1544/1544 1545/1545/1545 
f 1544/1544/1544 1546/1546/1546 1545/1545/1545 
f 1545/1545/1545 1546/1546/1546 1547/1547/1547 
f 1546/1546/1546 1548/1548/1548 1547/1547/1547 
f 1547/1547/1547 1548/1548/1548 1531/1531/1531 
f 1548/1548/1548 1549/1549/1549 1531/1531/1531 
f 1531/1531/1531 1549/1549/1549 1549/1549/1549 
f 1549/1549/1549 1550/1550/1550 1549/1549/1549 
f 1549/1549/1549 1550/1550/1550 1550/1550/1550 
f 1550/1550/1550 1551/1551/1551 1550/1550/1550 
f 1550/1550/1550 1551/1551/1551 1552/1552/1552 
f 1551/1551/1551 1553/1553/1553 1552/1552/1552 
f 1552/1552/1552 1553/1553/1553 1554/1554/1554 
f 1553/1553/1553 1555/1555/1555 1554/1554/1554 
f 1554/1554/1554 1555/1555/1555 1556/1556/1556 
f 1555/1555/1555 1557/1557/1557 1556/1556/1556 
f 1556/1556/1556 1557/1557/1557 1558/1558/1558 
f 1557/1557/1557 1559/1559/1559 1558/1558/1558 
f 1558/1558/1558 1559/1559/1559 1560/1560/1560 
f 1559/1559/1559 1561/1561/1561 1560/1560/1560 
f 1560/1560/1560 1561/1561/1561 1562/1562/1562 
f 1561/1561/1561 1563/1563/1563 1562/1562/1562 
f 1562/1562/1562 1563/1563/1563 1564/1564/1564 
f 1563/1563/1563 1565/1565/1565 1564/1564/1564 
f 1564/1564/1564 1565/1565/1565 1566/1566/1566 
f 1565/1565/1565 1567/1567/1567 1566/1566/1566 
f 1566/1566/1566 1567/1567/1567 1568/1568/1568 
f 1567/1567/1567 1569/1569/1569 1568/1568/1568 
f 1568/1568/1568 1569/1569/1569 1570/1570/1570 
f 1569/1569/1569 1571/1571/1571 1570/1570/1570 
f 1570/1570/1570 1571/1571/1571 1571/1571/1571 
f 1571/1571/1571 1572/1572/1572 1571/1571/1571 
f 1571/1571/1571 1572/1572/1572 1572/1572/1572 
f 1572/1572/1572 1573/1573/1573 1572/1572/1572 
f 1572/1572/1572 1573/1573/1573 1574/1574/1574 
f 1573/1573/1573 1575/1575/1575 1574/1574/1574 
f 1574/1574/1574 1575/1575/1575 1576/1576/1576 
f 1575/1575/1575 1575/1575/1575 1576/1576/1576 
f 1576/1576/1576 1575/1575/1575 1577/1577/1577 
f 1575/1575/1575 1575/1575/1575 1577/1577/1577 
f 1577/1577/1577 1575/1575/1575 1578/1578/1578 
f 1575/1575/1575 1575/1575/1575 1578/1578/1578 
f 1578/1578/1578 1575/1575/1575 1579/1579/1579 
f 1575/1575/1575 1580/1580/1580 1579/1579/1579 
f 1579/1579/1579 1580/1580/1580 1580/1580/1580 
f 1580/1580/1580 1573/1573/1573 1580/1580/1580 
f 1580/1580/1580 1573/1573/1573 1573/1573/1573 
f 1573/1573/1573 1581/1581/1581 1573/1573/1573 
f 1573/1573/1573 1581/1581/1581 1575/1575/1575 
f 1581/1581/1581 1575/1575/1575 1575/1575/1575 
f 1575/1575/1575 1575/1575/1575 1582/1582/1582 
f 1575/1575/1575 1582/1582/1582 1582/1582/1582 
f 1582/1582/1582 1582/1582/1582 1583/1583/1583 
f 1582/1582/1582 1584/1584/1584 1583/1583/1583 
f 1583/1583/1583 1584/1584/1584 1585/1585/1585 
f 1584/1584/1584 1584/1584/1584 1585/1585/1585 
f 1585/1585/1585 1584/1584/1584 1586/1586/1586 
f 1584/1584/1584 1587/1587/1587 1586/1586/1586 
f 1586/1586/1586 1587/1587/1587 1588/1588/1588 
f 1587/1587/1587 1589/1589/1589 1588/1588/1588 
f 1588/1588/1588 1589/1589/1589 1588/1588/1588 
f 1589/1589/1589 1590/1590/1590 1588/1588/1588 
f 1588/1588/1588 1590/1590/1590 1591/1591/1591 
f 1590/1590/1590 1590/1590/1590 1591/1591/1591 
f 1591/1591/1591 1590/1590/1590 1592/1592/1592 
f 1590/1590/1590 1593/1593/1593 1592/1592/1592 
f 1592/1592/1592 1593/1593/1593 1594/1594/1594 
f 1593/1593/1593 1595/1595/1595 1594/1594/1594 
f 1594/1594/1594 1595/1595/1595 1596/1596/1596 
f 1595/1595/1595 1597/1597/1597 1596/1596/1596 
f 1596/1596/1596 1597/1597/1597 1596/1596/1596 
f 1597/1597/1597 1598/1598/1598 1596/1596/1596 
f 1596/1596/1596 1598/1598/1598 1599/1599/1599 
f 1598/1598/1598 1600/1600/1600 1599/1599/1599 
f 1599/1599/1599 1600/1600/1600 1601/1601/1601 
f 1600/1600/1600 1601/1601/1601 1601/1601/1601 
f 1601/1601/1601 1601/1601/1601 1602/1602/1602 
f 1601/1601/1601 1602/1602/1602 1602/1602/1602 
f 1602/1602/1602 1602/1602/1602 1603/1603/1603 
f 1602/1602/1602 1604/1604/1604 1603/1603/1603 
f 1603/1603/1603 1604/1604/1604 1605/1605/1605 
f 1604/1604/1604 1604/1604/1604 1605/1605/1605 
f 1605/1605/1605 1604/1604/1604 1606/1606/1606 
f 1604/1604/1604 1607/1607/1607 1606/1606/1606 
f 1606/1606/1606 1607/1607/1607 1608/1608/1608 
f 1607/1607/1607 1609/1609/1609 1608/1608/1608 
f 1608/1608/1608 1609/1609/1609 1608/1608/1608 
f 1609/1609/1609 1610/1610/1610 1608/1608/1608 
f 1608/1608/1608 1610/1610/1610 1611/1611/1611 
f 1610/1610/1610 1610/1610/1610 1611/1611/1611 
f 1611/1611/1611 1610/1610/1610 1612/1612/1612 
f 1610/1610/1610 1613/1613/1613 1612/1612/1612 
f 1612/1612/1612 1613/1613/1613 1614/1614/1614 
f 1613/1613/1613 1615/1615/1615 1614/1614/1614 
f 1614/1614/1614 1615/1615/1615 1616/1616/1616 
f 1615/1615/1615 1617/1617/1617 1616/1616/1616 
f 1616/1616/1616 1617/1617/1617 1616/1616/1616 
f 1617/1617/1617 1618/1618/1618 1616/1616/1616 
f 1616/1616/1616 1618/1618/1618 1619/1619/1619 
f 1618/1618/1618 1620/1620/1620 1619/1619/1619 
f 1619/1619/1619 1620/1620/1620 1621/1621/1621 
f 1620/1620/1620 1621/1621/1621 1621/1621/1621 
f 1621/1621/1621 1621/1621/1621 1622/1622/1622 
f 1621/1621/1621 1622/1622/1622 1622/1622/1622 
f 1622/1622/1622 1622/1622/1622 1623/1623/1623 
f 1622/1622/1622 1624/1624/1624 1623/1623/1623 
f 1623/1623/1623 1624/1624/1624 1623/1623/1623 
f 1624/1624/1624 1625/1625/1625 1623/1623/1623 
f 1623/1623/1623 1625/1625/1625 1623/1623/1623 
f 1625/1625/1625 1626/1626/1626 1623/1623/1623 
f 1623/1623/1623 1626/1626/1626 1627/1627/1627 
f 1626/1626/1626 1626/1626/1626 1627/1627/1627 
f 1627/1627/1627 1626/1626/1626 1628/1628/1628 
f 1626/1626/1626 1629/1629/1629 1628/1628/1628 
f 1628/1628/1628 1629/1629/1629 1630/1630/1630 
f 1629/1629/1629 1631/1631/1631 1630/1630/1630 
f 1630/1630/1630 1631/1631/1631 1632/1632/1632 
f 1631/1631/1631 1633/1633/1633 1632/1632/1632 
f 1632/1632/1632 1633/1633/1633 1632/1632/1632 
f 1633/1633/1633 1634/1634/1634 1632/1632/1632 
f 1632/1632/1632 1634/1634/1634 1635/1635/1635 
f 1634/1634/1634 1634/1634/1634 1635/1635/1635 
f 1635/1635/1635 1634/1634/1634 1636/1636/1636 
f 1634/1634/1634 1637/1637/1637 1636/1636/1636 
f 1636/1636/1636 1637/1637/1637 1638/1638/1638 
f 1637/1637/1637 1639/1639/1639 1638/1638/1638 
f 1638/1638/1638 1639/1639/1639 1640/1640/1640 
f 1639/1639/1639 1641/1641/1641 1640/1640/1640 
f 1640/1640/1640 1641/1641/1641 1641/1641/1641 
f 1641/1641/1641 1642/1642/1642 1641/1641/1641 
f 1641/1641/1641 1642/1642/1642 1642/1642/1642 
f 1642/1642/1642 1643/1643/1643 1642/1642/1642 
f 1642/1642/1642 1643/1643/1643 1644/1644/1644 
f 1643/1643/1643 1645/1645/1645 1644/1644/1644 
f 1644/1644/1644 1645/1645/1645 1645/1645/1645 
f 1645/1645/1645 1646/1646/1646 1645/1645/1645 
f 1645/1645/1645 1646/1646/1646 1646/1646/1646 
f 1646/1646/1646 1647/1647/1647 1646/1646/1646 
f 1646/1646/1646 1647/1647/1647 1648/1648/1648 
f 1647/1647/1647 1649/1649/1649 1648/1648/1648 
f 1648/1648/1648 1649/1649/1649 1649/1649/1649 
f 1649/1649/1649 1650/1650/1650 1649/1649/1649 
f 1649/1649/1649 1650/1650/1650 1650/1650/1650 
f 1650/1650/1650 1651/1651/1651 1650/1650/1650 
f 1650/1650/1650 1651/1651/1651 1652/1652/1652 
f 1651/1651/1651 1653/1653/1653 1652/1652/1652 
f 1652/1652/1652 1653/1653/1653 1653/1653/1653 
f 1653/1653/1653 1654/1654/1654 1653/1653/1653 
f 1653/1653/1653 1654/1654/1654 1654/1654/1654 
f 1654/1654/1654 1655/1655/1655 1654/1654/1654 
f 1654/1654/1654 1655/1655/1655 1656/1656/1656 
f 1655/1655/1655 1655/1655/1655 1656/1656/1656 
f 1656/1656/1656 1655/1655/1655 1657/1657/1657 
f 1655/1655/1655 1655/1655/1655 1657/1657/1657 
f 1657/1657/1657 1655/1655/1655 1658/1658/1658 
f 1655/1655/1655 1659/1659/1659 1658/1658/1658 
f 1658/1658/1658 1659/1659/1659 1660/1660/1660 
f 1659/1659/1659 1661/1661/1661 1660/1660/1660 
f 1660/1660/1660 1661/1661/1661 1660/1660/1660 
f 1661/1661/1661 1662/1662/1662 1660/1660/1660 
f 1660/1660/1660 1662/1662/1662 1663/1663/1663 
f 1662/1662/1662 1662/1662/1662 1663/1663/1663 
f 1663/1663/1663 1662/1662/1662 1664/1664/1664 
f 1662/1662/1662 1665/1665/1665 1664/1664/1664 
f 1664/1664/1664 1665/1665/1665 1666/1666/1666 
f 1665/1665/1665 1667/1667/1667 1666/1666/1666 
f 1666/1666/1666 1667/1667/1667 1668/1668/1668 
f 1667/1667/1667 1669/1669/1669 1668/1668/1668 
f 1668/1668/1668 1669/1669/1669 1668/1668/1668 
f 1669/1669/1669 1670/1670/1670 1668/1668/1668 
f 1668/1668/1668 1670/1670/1670 1671/1671/1671 
f 1670/1670/1670 1672/1672/1672 1671/1671/1671 
f 1671/1671/1671 1672/1672/1672 1673/1673/1673 
f 1672/1672/1672 1673/1673/1673 1673/1673/1673 
f 1673/1673/1673 1673/1673/1673 1674/1674/1674 
f 1673/1673/1673 1674/1674/1674 1674/1674/1674 
f 1674/1674/1674 1674/1674/1674 1675/1675/1675 
f 1674/1674/1674 1676/1676/1676 1675/1675/1675 
f 1675/1675/1675 1676/1676/1676 1677/1677/1677 
f 1676/1676/1676 1677/1677/1677 1677/1677/1677 
f 1677/1677/1677 1677/1677/1677 1678/1678/1678 
f 1677/1677/1677 1678/1678/1678 1678/1678/1678 
f 1678/1678/1678 1678/1678/1678 1679/1679/1679 
f 1678/1678/1678 1680/1680/1680 1679/1679/1679 
f 1679/1679/1679 1680/1680/1680 1681/1681/1681 
f 1680/1680/1680 1680/1680/1680 1681/1681/1681 
f 1681/1681/1681 1680/1680/1680 1682/1682/1682 
f 1680/1680/1680 1683/1683/1683 1682/1682/1682 
f 1682/1682/1682 1683/1683/1683 1684/1684/1684 
f 1683/1683/1683 1685/1685/1685 1684/1684/1684 
f 1684/1684/1684 1685/1685/1685 1684/1684/1684 
f 1685/1685/1685 1686/1686/1686 1684/1684/1684 
f 1684/1684/1684 1686/1686/1686 1687/1687/1687 
f 1686/1686/1686 1686/1686/1686 1687/1687/1687 
f 1687/1687/1687 1686/1686/1686 1688/1688/1688 
f 1686/1686/1686 1689/1689/1689 1688/1688/1688 
f 1688/1688/1688 1689/1689/1689 1690/1690/1690 
f 1689/1689/1689 1691/1691/1691 1690/1690/1690 
f 1690/1690/1690 1691/1691/1691 1692/1692/1692 
f 1691/1691/1691 1693/1693/1693 1692/1692/1692 
f 1692/1692/1692 1693/1693/1693 1692/1692/1692 
f 1693/1693/1693 1694/1694/1694 1692/1692/1692 
f 1692/1692/1692 1694/1694/1694 1695/1695/1695 
f 1694/1694/1694 1696/1696/1696 1695/1695/1695 
f 1695/1695/1695 1696/1696/1696 1697/1697/1697 
f 1696/1696/1696 1697/1697/1697 1697/1697/1697 
f 1697/1697/1697 1697/1697/1697 1698/1698/1698 
f 1697/1697/1697 1698/1698/1698 1698/1698/1698 
f 1698/1698/1698 1698/1698/1698 1699/1699/1699 
f 1698/1698/1698 1700/1700/1700 1699/1699/1699 
f 1699/1699/1699 1700/1700/1700 1701/1701/1701 
f 1700/1700/1700 1700/1700/1700 1701/1701/1701 
f 1701/1701/1701 1700/1700/1700 1702/1702/1702 
f 1700/1700/1700 1703/1703/1703 1702/1702/1702 
f 1702/1702/1702 1703/1703/1703 1704/1704/1704 
f 1703/1703/1703 1705/1705/1705 1704/1704/1704 
f 1704/1704/1704 1705/1705/1705 1704/1704/1704 
f 1705/1705/1705 1706/1706/1706 1704/1704/1704 
f 1704/1704/1704 1706/1706/1706 1707/1707/1707 
f 1706/1706/1706 1706/1706/1706 1707/1707/1707 
f 1707/1707/1707 1706/1706/1706 1708/1708/1708 
f 1706/1706/1706 1709/1709/1709 1708/1708/1708 
f 1708/1708/1708 1709/1709/1709 1710/1710/1710 
f 1709/1709/1709 1711/1711/1711 1710/1710/1710 
f 1710/1710/1710 1711/1711/1711 1712/1712/1712 
f 1711/1711/1711 1713/1713/1713 1712/1712/1712 
f 1712/1712/1712 1713/1713/1713 1712/1712/1712 
f 1713/1713/1713 1714/1714/1714 1712/1712/1712 
f 1712/1712/1712 1714/1714/1714 1715/1715/1715 
f 1714/1714/1714 1716/1716/1716 1715/1715/1715 
f 1715/1715/1715 1716/1716/1716 1717/1717/1717 
f 1716/1716/1716 1717/1717/1717 1717/1717/1717 
f 1717/1717/1717 1717/1717/1717 1718/1718/1718 
f 1717/1717/1717 1718/1718/1718 1718/1718/1718 
f 1718/1718/1718 1718/1718/1718 1719/1719/1719 
f 1718/1718/1718 1720/1720/1720 1719/1719/1719 
f 1719/1719/1719 1720/1720/1720 1721/1721/1721 
f 1720/1720/1720 1722/1722/1722 1721/1721/1721 
f 1721/1721/1721 1722/1722/1722 1723/1723/1723 
f 1722/1722/1722 1724/1724/1724 1723/1723/1723 
f 1723/1723/1723 1724/1724/1724 1725/1725/1725 
f 1724/1724/1724 1726/1726/1726 1725/1725/1725 
f 1725/1725/1725 1726/1726/1726 1727/1727/1727 
f 1726/1726/1726 1728/1728/1728 1727/1727/1727 
f 1727/1727/1727 1728/1728/1728 1729/1729/1729 
f 1728/1728/1728 1730/1730/1730 1729/1729/1729 
f 1729/1729/1729 1730/1730/1730 1731/1731/1731 
f 1730/1730/1730 1730/1730/1730 1731/1731/1731 
f 1731/1731/1731 1730/1730/1730 1732/1732/1732 
f 1730/1730/1730 1733/1733/1733 1732/1732/1732 
f 1732/1732/1732 1733/1733/1733 1734/1734/1734 
f 1733/1733/1733 1735/1735/1735 1734/1734/1734 
f 1734/1734/1734 1735/1735/1735 1736/1736/1736 
f 1735/1735/1735 1737/1737/1737 1736/1736/1736 
f 1736/1736/1736 1737/1737/1737 1738/1738/1738 
f 1737/1737/1737 1739/1739/1739 1738/1738/1738 
f 1738/1738/1738 1739/1739/1739 1740/1740/1740 
f 1739/1739/1739 1741/1741/1741 1740/1740/1740 
f 1740/1740/1740 1741/1741/1741 1742/1742/1742 
f 1741/1741/1741 1743/1743/1743 1742/1742/1742 
f 1742/1742/1742 1743/1743/1743 1744/1744/1744 
f 1743/1743/1743 1745/1745/1745 1744/1744/1744 
f 1744/1744/1744 1745/1745/1745 1746/1746/1746 
f 1745/1745/1745 1747/1747/1747 1746/1746/1746 
f 1746/1746/1746 1747/1747/1747 1748/1748/1748 
f 1747/1747/1747 1749/1749/1749 1748/1748/1748 
f 1748/1748/1748 1749/1749/1749 1750/1750/1750 
f 1749/1749/1749 1751/1751/1751 1750/1750/1750 
f 1750/1750/1750 1751/1751/1751 1752/1752/1752 
f 1751/1751/1751 1753/1753/1753 1752/1752/1752 
f 1752/1752/1752 1753/1753/1753 1754/1754/1754 
f 1753/1753/1753 1755/1755/1755 1754/1754/1754 
f 1754/1754/1754 1755/1755/1755 1756/1756/1756 
f 1755/1755/1755 1757/1757/1757 1756/1756/1756 
f 1756/1756/1756 1757/1757/1757 1758/1758/1758 
f 1757/1757/1757 1759/1759/1759 1758/1758/1758 
f 1758/1758/1758 1759/1759/1759 1760/1760/1760 
f 1759/1759/1759 1761/1761/1761 1760/1760/1760 
f 1760/1760/1760 1761/1761/1761 1761/1761/1761 
f 1761/1761/1761 1721/1721/1721 1761/1761/1761 
f 1761/1761/1761 1721/1721/1721 1721/1721/1721 
f 1721/1721/1721 1762/1762/1762 1721/1721/1721 
f 1721/1721/1721 1762/1762/1762 1719/1719/1719 
f 1762/1762/1762 1719/1719/1719 1719/1719/1719 
f 1719/1719/1719 1719/1719/1719 1758/1758/1758 
f 1719/1719/1719 1758/1758/1758 1758/1758/1758 
f 1758/1758/1758 1758/1758/1758 1763/1763/1763 
f 1758/1758/1758 1760/1760/1760 1763/1763/1763 
f 1763/1763/1763 1760/1760/1760 1763/1763/1763 
f 1760/1760/1760 1764/1764/1764 1763/1763/1763 
f 1763/1763/1763 1764/1764/1764 1765/1765/1765 
f 1764/1764/1764 1766/1766/1766 1765/1765/1765 
f 1765/1765/1765 1766/1766/1766 1765/1765/1765 
f 1766/1766/1766 1767/1767/1767 1765/1765/1765 
f 1765/1765/1765 1767/1767/1767 1765/1765/1765 
f 1767/1767/1767 1768/1768/1768 1765/1765/1765 
f 1765/1765/1765 1768/1768/1768 1769/1769/1769 
f 1768/1768/1768 1770/1770/1770 1769/1769/1769 
f 1769/1769/1769 1770/1770/1770 1770/1770/1770 
f 1770/1770/1770 1765/1765/1765 1770/1770/1770 
f 1770/1770/1770 1765/1765/1765 1765/1765/1765 
f 1765/1765/1765 1769/1769/1769 1765/1765/1765 
f 1765/1765/1765 1769/1769/1769 1763/1763/1763 
f 1769/1769/1769 1771/1771/1771 1763/1763/1763 
f 1763/1763/1763 1771/1771/1771 1758/1758/1758 
f 1771/1771/1771 1771/1771/1771 1758/1758/1758 
f 1758/1758/1758 1771/1771/1771 1756/1756/1756 
f 1771/1771/1771 1772/1772/1772 1756/1756/1756 
f 1756/1756/1756 1772/1772/1772 1754/1754/1754 
f 1772/1772/1772 1754/1754/1754 1754/1754/1754 
f 1754/1754/1754 1754/1754/1754 1772/1772/1772 
f 1754/1754/1754 1772/1772/1772 1772/1772/1772 
f 1772/1772/1772 1772/1772/1772 1773/1773/1773 
f 1772/1772/1772 1771/1771/1771 1773/1773/1773 
f 1773/1773/1773 1771/1771/1771 1773/1773/1773 
f 1771/1771/1771 1769/1769/1769 1773/1773/1773 
f 1773/1773/1773 1769/1769/1769 1773/1773/1773 
f 1769/1769/1769 1770/1770/1770 1773/1773/1773 
f 1773/1773/1773 1770/1770/1770 1773/1773/1773 
f 1770/1770/1770 1774/1774/1774 1773/1773/1773 
f 1773/1773/1773 1774/1774/1774 1775/1775/1775 
f 1774/1774/1774 1776/1776/1776 1775/1775/1775 
f 1775/1775/1775 1776/1776/1776 1776/1776/1776 
f 1776/1776/1776 1773/1773/1773 1776/1776/1776 
f 1776/1776/1776 1773/1773/1773 1773/1773/1773 
f 1773/1773/1773 1775/1775/1775 1773/1773/1773 
f 1773/1773/1773 1775/1775/1775 1772/1772/1772 
f 1775/1775/1775 1777/1777/1777 1772/1772/1772 
f 1772/1772/1772 1777/1777/1777 1754/1754/1754 
f 1777/1777/1777 1777/1777/1777 1754/1754/1754 
f 1754/1754/1754 1777/1777/1777 1752/1752/1752 
f 1777/1777/1777 1778/1778/1778 1752/1752/1752 
f 1752/1752/1752 1778/1778/1778 1750/1750/1750 
f 1778/1778/1778 1750/1750/1750 1750/1750/1750 
f 1750/1750/1750 1750/1750/1750 1778/1778/1778 
f 1750/1750/1750 1778/1778/1778 1778/1778/1778 
f 1778/1778/1778 1778/1778/1778 1779/1779/1779 
f 1778/1778/1778 1777/1777/1777 1779/1779/1779 
f 1779/1779/1779 1777/1777/1777 1779/1779/1779 
f 1777/1777/1777 1775/1775/1775 1779/1779/1779 
f 1779/1779/1779 1775/1775/1775 1779/1779/1779 
f 1775/1775/1775 1776/1776/1776 1779/1779/1779 
f 1779/1779/1779 1776/1776/1776 1779/1779/1779 
f 1776/1776/1776 1780/1780/1780 1779/1779/1779 
f 1779/1779/1779 1780/1780/1780 1781/1781/1781 
f 1780/1780/1780 1782/1782/1782 1781/1781/1781 
f 1781/1781/1781 1782/1782/1782 1782/1782/1782 
f 1782/1782/1782 1779/1779/1779 1782/1782/1782 
f 1782/1782/1782 1779/1779/1779 1779/1779/1779 
f 1779/1779/1779 1781/1781/1781 1779/1779/1779 
f 1779/1779/1779 1781/1781/1781 1778/1778/1778 
f 1781/1781/1781 1783/1783/1783 1778/1778/1778 
f 1778/1778/1778 1783/1783/1783 1750/1750/1750 
f 1783/1783/1783 1783/1783/1783 1750/1750/1750 
f 1750/1750/1750 1783/1783/1783 1748/1748/1748 
f 1783/1783/1783 1784/1784/1784 1748/1748/1748 
f 1748/1748/1748 1784/1784/1784 1746/1746/1746 
f 1784/1784/1784 1784/1784/1784 1746/1746/1746 
f 1746/1746/1746 1784/1784/1784 1744/1744/1744 
f 1784/1784/1784 1785/1785/1785 1744/1744/1744 
f 1744/1744/1744 1785/1785/1785 1742/1742/1742 
f 1785/1785/1785 1786/1786/1786 1742/1742/1742 
f 1742/1742/1742 1786/1786/1786 1740/1740/1740 
f 1786/1786/1786 1787/1787/1787 1740/1740/1740 
f 1740/1740/1740 1787/1787/1787 1738/1738/1738 
f 1787/1787/1787 1788/1788/1788 1738/1738/1738 
f 1738/1738/1738 1788/1788/1788 1736/1736/1736 
f 1788/1788/1788 1789/1789/1789 1736/1736/1736 
f 1736/1736/1736 1789/1789/1789 1734/1734/1734 
f 1789/1789/1789 1790/1790/1790 1734/1734/1734 
f 1734/1734/1734 1790/1790/1790 1732/1732/1732 
f 1790/1790/1790 1791/1791/1791 1732/1732/1732 
f 1732/1732/1732 1791/1791/1791 1731/1731/1731 
f 1791/1791/1791 1792/1792/1792 1731/1731/1731 
f 1731/1731/1731 1792/1792/1792 1793/1793/1793 
f 1792/1792/1792 1792/1792/1792 1793/1793/1793 
f 1793/1793/1793 1792/1792/1792 1794/1794/1794 
f 1792/1792/1792 1791/1791/1791 1794/1794/1794 
f 1794/1794/1794 1791/1791/1791 1795/1795/1795 
f 1791/1791/1791 1790/1790/1790 1795/1795/1795 
f 1795/1795/1795 1790/1790/1790 1796/1796/1796 
f 1790/1790/1790 1789/1789/1789 1796/1796/1796 
f 1796/1796/1796 1789/1789/1789 1797/1797/1797 
f 1789/1789/1789 1788/1788/1788 1797/1797/1797 
f 1797/1797/1797 1788/1788/1788 1798/1798/1798 
f 1788/1788/1788 1787/1787/1787 1798/1798/1798 
f 1798/1798/1798 1787/1787/1787 1799/1799/1799 
f 1787/1787/1787 1786/1786/1786 1799/1799/1799 
f 1799/1799/1799 1786/1786/1786 1800/1800/1800 
f 1786/1786/1786 1785/1785/1785 1800/1800/1800 
f 1800/1800/1800 1785/1785/1785 1801/1801/1801 
f 1785/1785/1785 1784/1784/1784 1801/1801/1801 
f 1801/1801/1801 1784/1784/1784 1802/1802/1802 
f 1784/1784/1784 1783/1783/1783 1802/1802/1802 
f 1802/1802/1802 1783/1783/1783 1802/1802/1802 
f 1783/1783/1783 1781/1781/1781 1802/1802/1802 
f 1802/1802/1802 1781/1781/1781 1802/1802/1802 
f 1781/1781/1781 1782/1782/1782 1802/1802/1802 
f 1802/1802/1802 1782/1782/1782 1802/1802/1802 
f 1782/1782/1782 1803/1803/1803 1802/1802/1802 
f 1802/1802/1802 1803/1803/1803 1802/1802/1802 
f 1803/1803/1803 1804/1804/1804 1802/1802/1802 
f 1802/1802/1802 1804/1804/1804 1801/1801/1801 
f 1804/1804/1804 1805/1805/1805 1801/1801/1801 
f 1801/1801/1801 1805/1805/1805 1800/1800/1800 
f 1805/1805/1805 1806/1806/1806 1800/1800/1800 
f 1800/1800/1800 1806/1806/1806 1799/1799/1799 
f 1806/1806/1806 1807/1807/1807 1799/1799/1799 
f 1799/1799/1799 1807/1807/1807 1798/1798/1798 
f 1807/1807/1807 1808/1808/1808 1798/1798/1798 
f 1798/1798/1798 1808/1808/1808 1797/1797/1797 
f 1808/1808/1808 1809/1809/1809 1797/1797/1797 
f 1797/1797/1797 1809/1809/1809 1796/1796/1796 
f 1809/1809/1809 1810/1810/1810 1796/1796/1796 
f 1796/1796/1796 1810/1810/1810 1795/1795/1795 
f 1810/1810/1810 1811/1811/1811 1795/1795/1795 
f 1795/1795/1795 1811/1811/1811 1794/1794/1794 
f 1811/1811/1811 1812/1812/1812 1794/1794/1794 
f 1794/1794/1794 1812/1812/1812 1793/1793/1793 
f 1812/1812/1812 1813/1813/1813 1793/1793/1793 
f 1793/1793/1793 1813/1813/1813 1729/1729/1729 
f 1813/1813/1813 1813/1813/1813 1729/1729/1729 
f 1729/1729/1729 1813/1813/1813 1727/1727/1727 
f 1813/1813/1813 1814/1814/1814 1727/1727/1727 
f 1727/1727/1727 1814/1814/1814 1725/1725/1725 
f 1814/1814/1814 1725/1725/1725 1725/1725/1725 
f 1725/1725/1725 1725/1725/1725 1731/1731/1731 
f 1725/1725/1725 1731/1731/1731 1731/1731/1731 
f 1731/1731/1731 1731/1731/1731 1729/1729/1729 
f 1731/1731/1731 1793/1793/1793 1729/1729/1729 
f 1729/1729/1729 1793/1793/1793 1793/1793/1793 
f 1793/1793/1793 1811/1811/1811 1793/1793/1793 
f 1793/1793/1793 1811/1811/1811 1811/1811/1811 
f 1811/1811/1811 1815/1815/1815 1811/1811/1811 
f 1811/1811/1811 1815/1815/1815 1812/1812/1812 
f 1815/1815/1815 1816/1816/1816 1812/1812/1812 
f 1812/1812/1812 1816/1816/1816 1813/1813/1813 
f 1816/1816/1816 1816/1816/1816 1813/1813/1813 
f 1813/1813/1813 1816/1816/1816 1814/1814/1814 
f 1816/1816/1816 1817/1817/1817 1814/1814/1814 
f 1814/1814/1814 1817/1817/1817 1814/1814/1814 
f 1817/1817/1817 1818/1818/1818 1814/1814/1814 
f 1814/1814/1814 1818/1818/1818 1725/1725/1725 
f 1818/1818/1818 1818/1818/1818 1725/1725/1725 
f 1725/1725/1725 1818/1818/1818 1723/1723/1723 
f 1818/1818/1818 1819/1819/1819 1723/1723/1723 
f 1723/1723/1723 1819/1819/1819 1721/1721/1721 
f 1819/1819/1819 1819/1819/1819 1721/1721/1721 
f 1721/1721/1721 1819/1819/1819 1762/1762/1762 
f 1819/1819/1819 1820/1820/1820 1762/1762/1762 
f 1762/1762/1762 1820/1820/1820 1821/1821/1821 
f 1820/1820/1820 1822/1822/1822 1821/1821/1821 
f 1821/1821/1821 1822/1822/1822 1823/1823/1823 
f 1822/1822/1822 1823/1823/1823 1823/1823/1823 
f 1823/1823/1823 1823/1823/1823 1815/1815/1815 
f 1823/1823/1823 1815/1815/1815 1815/1815/1815 
f 1815/1815/1815 1815/1815/1815 1816/1816/1816 
f 1815/1815/1815 1824/1824/1824 1816/1816/1816 
f 1816/1816/1816 1824/1824/1824 1817/1817/1817 
f 1824/1824/1824 1825/1825/1825 1817/1817/1817 
f 1817/1817/1817 1825/1825/1825 1826/1826/1826 
f 1825/1825/1825 1827/1827/1827 1826/1826/1826 
f 1826/1826/1826 1827/1827/1827 1820/1820/1820 
f 1827/1827/1827 1822/1822/1822 1820/1820/1820 
f 1820/1820/1820 1822/1822/1822 1822/1822/1822 
f 1822/1822/1822 1820/1820/1820 1822/1822/1822 
f 1822/1822/1822 1820/1820/1820 1820/1820/1820 
f 1820/1820/1820 1819/1819/1819 1820/1820/1820 
f 1820/1820/1820 1819/1819/1819 1826/1826/1826 
f 1819/1819/1819 1818/1818/1818 1826/1826/1826 
f 1826/1826/1826 1818/1818/1818 1817/1817/1817 
f 1818/1818/1818 1817/1817/1817 1817/1817/1817 
f 1817/1817/1817 1817/1817/1817 1828/1828/1828 
f 1817/1817/1817 1828/1828/1828 1828/1828/1828 
f 1828/1828/1828 1828/1828/1828 1829/1829/1829 
f 1828/1828/1828 1830/1830/1830 1829/1829/1829 
f 1829/1829/1829 1830/1830/1830 1831/1831/1831 
f 1830/1830/1830 1832/1832/1832 1831/1831/1831 
f 1831/1831/1831 1832/1832/1832 1833/1833/1833 
f 1832/1832/1832 1834/1834/1834 1833/1833/1833 
f 1833/1833/1833 1834/1834/1834 1835/1835/1835 
f 1834/1834/1834 1836/1836/1836 1835/1835/1835 
f 1835/1835/1835 1836/1836/1836 1837/1837/1837 
f 1836/1836/1836 1838/1838/1838 1837/1837/1837 
f 1837/1837/1837 1838/1838/1838 1839/1839/1839 
f 1838/1838/1838 1840/1840/1840 1839/1839/1839 
f 1839/1839/1839 1840/1840/1840 1841/1841/1841 
f 1840/1840/1840 1840/1840/1840 1841/1841/1841 
f 1841/1841/1841 1840/1840/1840 1842/1842/1842 
f 1840/1840/1840 1843/1843/1843 1842/1842/1842 
f 1842/1842/1842 1843/1843/1843 1844/1844/1844 
f 1843/1843/1843 1845/1845/1845 1844/1844/1844 
f 1844/1844/1844 1845/1845/1845 1846/1846/1846 
f 1845/1845/1845 1847/1847/1847 1846/1846/1846 
f 1846/1846/1846 1847/1847/1847 1848/1848/1848 
f 1847/1847/1847 1849/1849/1849 1848/1848/1848 
f 1848/1848/1848 1849/1849/1849 1850/1850/1850 
f 1849/1849/1849 1851/1851/1851 1850/1850/1850 
f 1850/1850/1850 1851/1851/1851 1852/1852/1852 
f 1851/1851/1851 1853/1853/1853 1852/1852/1852 
f 1852/1852/1852 1853/1853/1853 1854/1854/1854 
f 1853/1853/1853 1855/1855/1855 1854/1854/1854 
f 1854/1854/1854 1855/1855/1855 1856/1856/1856 
f 1855/1855/1855 1857/1857/1857 1856/1856/1856 
f 1856/1856/1856 1857/1857/1857 1858/1858/1858 
f 1857/1857/1857 1859/1859/1859 1858/1858/1858 
f 1858/1858/1858 1859/1859/1859 1860/1860/1860 
f 1859/1859/1859 1861/1861/1861 1860/1860/1860 
f 1860/1860/1860 1861/1861/1861 1862/1862/1862 
f 1861/1861/1861 1863/1863/1863 1862/1862/1862 
f 1862/1862/1862 1863/1863/1863 1864/1864/1864 
f 1863/1863/1863 1865/1865/1865 1864/1864/1864 
f 1864/1864/1864 1865/1865/1865 1866/1866/1866 
f 1865/1865/1865 1867/1867/1867 1866/1866/1866 
f 1866/1866/1866 1867/1867/1867 1868/1868/1868 
f 1867/1867/1867 1869/1869/1869 1868/1868/1868 
f 1868/1868/1868 1869/1869/1869 1870/1870/1870 
f 1869/1869/1869 1871/1871/1871 1870/1870/1870 
f 1870/1870/1870 1871/1871/1871 1871/1871/1871 
f 1871/1871/1871 1831/1831/1831 1871/1871/1871 
f 1871/1871/1871 1831/1831/1831 1831/1831/1831 
f 1831/1831/1831 1872/1872/1872 1831/1831/1831 
f 1831/1831/1831 1872/1872/1872 1829/1829/1829 
f 1872/1872/1872 1829/1829/1829 1829/1829/1829 
f 1829/1829/1829 1829/1829/1829 1868/1868/1868 
f 1829/1829/1829 1868/1868/1868 1868/1868/1868 
f 1868/1868/1868 1868/1868/1868 1873/1873/1873 
f 1868/1868/1868 1870/1870/1870 1873/1873/1873 
f 1873/1873/1873 1870/1870/1870 1873/1873/1873 
f 1870/1870/1870 1874/1874/1874 1873/1873/1873 
f 1873/1873/1873 1874/1874/1874 1875/1875/1875 
f 1874/1874/1874 1876/1876/1876 1875/1875/1875 
f 1875/1875/1875 1876/1876/1876 1875/1875/1875 
f 1876/1876/1876 1877/1877/1877 1875/1875/1875 
f 1875/1875/1875 1877/1877/1877 1875/1875/1875 
f 1877/1877/1877 1878/1878/1878 1875/1875/1875 
f 1875/1875/1875 1878/1878/1878 1879/1879/1879 
f 1878/1878/1878 1880/1880/1880 1879/1879/1879 
f 1879/1879/1879 1880/1880/1880 1880/1880/1880 
f 1880/1880/1880 1875/1875/1875 1880/1880/1880 
f 1880/1880/1880 1875/1875/1875 1875/1875/1875 
f 1875/1875/1875 1879/1879/1879 1875/1875/1875 
f 1875/1875/1875 1879/1879/1879 1873/1873/1873 
f 1879/1879/1879 1881/1881/1881 1873/1873/1873 
f 1873/1873/1873 1881/1881/1881 1868/1868/1868 
f 1881/1881/1881 1881/1881/1881 1868/1868/1868 
f 1868/1868/1868 1881/1881/1881 1866/1866/1866 
f 1881/1881/1881 1882/1882/1882 1866/1866/1866 
f 1866/1866/1866 1882/1882/1882 1864/1864/1864 
f 1882/1882/1882 1864/1864/1864 1864/1864/1864 
f 1864/1864/1864 1864/1864/1864 1882/1882/1882 
f 1864/1864/1864 1882/1882/1882 1882/1882/1882 
f 1882/1882/1882 1882/1882/1882 1883/1883/1883 
f 1882/1882/1882 1881/1881/1881 1883/1883/1883 
f 1883/1883/1883 1881/1881/1881 1883/1883/1883 
f 1881/1881/1881 1879/1879/1879 1883/1883/1883 
f 1883/1883/1883 1879/1879/1879 1883/1883/1883 
f 1879/1879/1879 1880/1880/1880 1883/1883/1883 
f 1883/1883/1883 1880/1880/1880 1883/1883/1883 
f 1880/1880/1880 1884/1884/1884 1883/1883/1883 
f 1883/1883/1883 1884/1884/1884 1885/1885/1885 
f 1884/1884/1884 1886/1886/1886 1885/1885/1885 
f 1885/1885/1885 1886/1886/1886 1886/1886/1886 
f 1886/1886/1886 1883/1883/1883 1886/1886/1886 
f 1886/1886/1886 1883/1883/1883 1883/1883/1883 
f 1883/1883/1883 1885/1885/1885 1883/1883/1883 
f 1883/1883/1883 1885/1885/1885 1882/1882/1882 
f 1885/1885/1885 1887/1887/1887 1882/1882/1882 
f 1882/1882/1882 1887/1887/1887 1864/1864/1864 
f 1887/1887/1887 1887/1887/1887 1864/1864/1864 
f 1864/1864/1864 1887/1887/1887 1862/1862/1862 
f 1887/1887/1887 1888/1888/1888 1862/1862/1862 
f 1862/1862/1862 1888/1888/1888 1860/1860/1860 
f 1888/1888/1888 1860/1860/1860 1860/1860/1860 
f 1860/1860/1860 1860/1860/1860 1888/1888/1888 
f 1860/1860/1860 1888/1888/1888 1888/1888/1888 
f 1888/1888/1888 1888/1888/1888 1889/1889/1889 
f 1888/1888/1888 1887/1887/1887 1889/1889/1889 
f 1889/1889/1889 1887/1887/1887 1889/1889/1889 
f 1887/1887/1887 1885/1885/1885 1889/1889/1889 
f 1889/1889/1889 1885/1885/1885 1889/1889/1889 
f 1885/1885/1885 1886/1886/1886 1889/1889/1889 
f 1889/1889/1889 1886/1886/1886 1889/1889/1889 
f 1886/1886/1886 1890/1890/1890 1889/1889/1889 
f 1889/1889/1889 1890/1890/1890 1891/1891/1891 
f 1890/1890/1890 1892/1892/1892 1891/1891/1891 
f 1891/1891/1891 1892/1892/1892 1891/1891/1891 
f 1892/1892/1892 1893/1893/1893 1891/1891/1891 
f 1891/1891/1891 1893/1893/1893 1894/1894/1894 
f 1893/1893/1893 1895/1895/1895 1894/1894/1894 
f 1894/1894/1894 1895/1895/1895 1896/1896/1896 
f 1895/1895/1895 1897/1897/1897 1896/1896/1896 
f 1896/1896/1896 1897/1897/1897 1898/1898/1898 
f 1897/1897/1897 1899/1899/1899 1898/1898/1898 
f 1898/1898/1898 1899/1899/1899 1900/1900/1900 
f 1899/1899/1899 1901/1901/1901 1900/1900/1900 
f 1900/1900/1900 1901/1901/1901 1902/1902/1902 
f 1901/1901/1901 1903/1903/1903 1902/1902/1902 
f 1902/1902/1902 1903/1903/1903 1904/1904/1904 
f 1903/1903/1903 1905/1905/1905 1904/1904/1904 
f 1904/1904/1904 1905/1905/1905 1906/1906/1906 
f 1905/1905/1905 1907/1907/1907 1906/1906/1906 
f 1906/1906/1906 1907/1907/1907 1908/1908/1908 
f 1907/1907/1907 1909/1909/1909 1908/1908/1908 
f 1908/1908/1908 1909/1909/1909 1909/1909/1909 
f 1909/1909/1909 1888/1888/1888 1909/1909/1909 
f 1909/1909/1909 1888/1888/1888 1888/1888/1888 
f 1888/1888/1888 1889/1889/1889 1888/1888/1888 
f 1888/1888/1888 1889/1889/1889 1891/1891/1891 
f 1889/1889/1889 1891/1891/1891 1891/1891/1891 
f 1891/1891/1891 1891/1891/1891 1908/1908/1908 
f 1891/1891/1891 1908/1908/1908 1908/1908/1908 
f 1908/1908/1908 1908/1908/1908 1906/1906/1906 
f 1908/1908/1908 1910/1910/1910 1906/1906/1906 
f 1906/1906/1906 1910/1910/1910 1906/1906/1906 
f 1910/1910/1910 1911/1911/1911 1906/1906/1906 
f 1906/1906/1906 1911/1911/1911 1904/1904/1904 
f 1911/1911/1911 1912/1912/1912 1904/1904/1904 
f 1904/1904/1904 1912/1912/1912 1902/1902/1902 
f 1912/1912/1912 1913/1913/1913 1902/1902/1902 
f 1902/1902/1902 1913/1913/1913 1900/1900/1900 
f 1913/1913/1913 1914/1914/1914 1900/1900/1900 
f 1900/1900/1900 1914/1914/1914 1898/1898/1898 
f 1914/1914/1914 1915/1915/1915 1898/1898/1898 
f 1898/1898/1898 1915/1915/1915 1896/1896/1896 
f 1915/1915/1915 1916/1916/1916 1896/1896/1896 
f 1896/1896/1896 1916/1916/1916 1894/1894/1894 
f 1916/1916/1916 1917/1917/1917 1894/1894/1894 
f 1894/1894/1894 1917/1917/1917 1891/1891/1891 
f 1917/1917/1917 1917/1917/1917 1891/1891/1891 
f 1891/1891/1891 1917/1917/1917 1888/1888/1888 
f 1917/1917/1917 1917/1917/1917 1888/1888/1888 
f 1888/1888/1888 1917/1917/1917 1860/1860/1860 
f 1917/1917/1917 1917/1917/1917 1860/1860/1860 
f 1860/1860/1860 1917/1917/1917 1858/1858/1858 
f 1917/1917/1917 1917/1917/1917 1858/1858/1858 
f 1858/1858/1858 1917/1917/1917 1856/1856/1856 
f 1917/1917/1917 1916/1916/1916 1856/1856/1856 
f 1856/1856/1856 1916/1916/1916 1854/1854/1854 
f 1916/1916/1916 1915/1915/1915 1854/1854/1854 
f 1854/1854/1854 1915/1915/1915 1852/1852/1852 
f 1915/1915/1915 1914/1914/1914 1852/1852/1852 
f 1852/1852/1852 1914/1914/1914 1850/1850/1850 
f 1914/1914/1914 1913/1913/1913 1850/1850/1850 
f 1850/1850/1850 1913/1913/1913 1848/1848/1848 
f 1913/1913/1913 1912/1912/1912 1848/1848/1848 
f 1848/1848/1848 1912/1912/1912 1846/1846/1846 
f 1912/1912/1912 1911/1911/1911 1846/1846/1846 
f 1846/1846/1846 1911/1911/1911 1844/1844/1844 
f 1911/1911/1911 1910/1910/1910 1844/1844/1844 
f 1844/1844/1844 1910/1910/1910 1842/1842/1842 
f 1910/1910/1910 1918/1918/1918 1842/1842/1842 
f 1842/1842/1842 1918/1918/1918 1841/1841/1841 
f 1918/1918/1918 1841/1841/1841 1841/1841/1841 
f 1841/1841/1841 1841/1841/1841 1910/1910/1910 
f 1841/1841/1841 1910/1910/1910 1910/1910/1910 
f 1910/1910/1910 1910/1910/1910 1918/1918/1918 
f 1910/1910/1910 1908/1908/1908 1918/1918/1918 
f 1918/1918/1918 1908/1908/1908 1919/1919/1919 
f 1908/1908/1908 1909/1909/1909 1919/1919/1919 
f 1919/1919/1919 1909/1909/1909 1920/1920/1920 
f 1909/1909/1909 1921/1921/1921 1920/1920/1920 
f 1920/1920/1920 1921/1921/1921 1922/1922/1922 
f 1921/1921/1921 1923/1923/1923 1922/1922/1922 
f 1922/1922/1922 1923/1923/1923 1924/1924/1924 
f 1923/1923/1923 1925/1925/1925 1924/1924/1924 
f 1924/1924/1924 1925/1925/1925 1926/1926/1926 
f 1925/1925/1925 1927/1927/1927 1926/1926/1926 
f 1926/1926/1926 1927/1927/1927 1928/1928/1928 
f 1927/1927/1927 1929/1929/1929 1928/1928/1928 
f 1928/1928/1928 1929/1929/1929 1930/1930/1930 
f 1929/1929/1929 1931/1931/1931 1930/1930/1930 
f 1930/1930/1930 1931/1931/1931 1931/1931/1931 
f 1931/1931/1931 1930/1930/1930 1931/1931/1931 
f 1931/1931/1931 1930/1930/1930 1930/1930/1930 
f 1930/1930/1930 1872/1872/1872 1930/1930/1930 
f 1930/1930/1930 1872/1872/1872 1928/1928/1928 
f 1872/1872/1872 1932/1932/1932 1928/1928/1928 
f 1928/1928/1928 1932/1932/1932 1926/1926/1926 
f 1932/1932/1932 1933/1933/1933 1926/1926/1926 
f 1926/1926/1926 1933/1933/1933 1924/1924/1924 
f 1933/1933/1933 1934/1934/1934 1924/1924/1924 
f 1924/1924/1924 1934/1934/1934 1922/1922/1922 
f 1934/1934/1934 1922/1922/1922 1922/1922/1922 
f 1922/1922/1922 1922/1922/1922 1872/1872/1872 
f 1922/1922/1922 1872/1872/1872 1872/1872/1872 
f 1872/1872/1872 1872/1872/1872 1932/1932/1932 
f 1872/1872/1872 1831/1831/1831 1932/1932/1932 
f 1932/1932/1932 1831/1831/1831 1932/1932/1932 
f 1831/1831/1831 1833/1833/1833 1932/1932/1932 
f 1932/1932/1932 1833/1833/1833 1933/1933/1933 
f 1833/1833/1833 1835/1835/1835 1933/1933/1933 
f 1933/1933/1933 1835/1835/1835 1934/1934/1934 
f 1835/1835/1835 1837/1837/1837 1934/1934/1934 
f 1934/1934/1934 1837/1837/1837 1935/1935/1935 
f 1837/1837/1837 1839/1839/1839 1935/1935/1935 
f 1935/1935/1935 1839/1839/1839 1936/1936/1936 
f 1839/1839/1839 1841/1841/1841 1936/1936/1936 
f 1936/1936/1936 1841/1841/1841 1937/1937/1937 
f 1841/1841/1841 1918/1918/1918 1937/1937/1937 
f 1937/1937/1937 1918/1918/1918 1937/1937/1937 
f 1918/1918/1918 1919/1919/1919 1937/1937/1937 
f 1937/1937/1937 1919/1919/1919 1936/1936/1936 
f 1919/1919/1919 1920/1920/1920 1936/1936/1936 
f 1936/1936/1936 1920/1920/1920 1935/1935/1935 
f 1920/1920/1920 1922/1922/1922 1935/1935/1935 
f 1935/1935/1935 1922/1922/1922 1934/1934/1934 
f 1922/1922/1922 1934/1934/1934 1934/1934/1934 
f 1934/1934/1934 1934/1934/1934 1938/1938/1938 
f 1934/1934/1934 1938/1938/1938 1938/1938/1938 
f 1938/1938/1938 1938/1938/1938 1939/1939/1939 
f 1938/1938/1938 1940/1940/1940 1939/1939/1939 
f 1939/1939/1939 1940/1940/1940 1941/1941/1941 
f 1940/1940/1940 1942/1942/1942 1941/1941/1941 
f 1941/1941/1941 1942/1942/1942 1943/1943/1943 
f 1942/1942/1942 1944/1944/1944 1943/1943/1943 
f 1943/1943/1943 1944/1944/1944 1945/1945/1945 
f 1944/1944/1944 1946/1946/1946 1945/1945/1945 
f 1945/1945/1945 1946/1946/1946 1947/1947/1947 
f 1946/1946/1946 1948/1948/1948 1947/1947/1947 
f 1947/1947/1947 1948/1948/1948 1949/1949/1949 
f 1948/1948/1948 1949/1949/1949 1949/1949/1949 
f 1949/1949/1949 1949/1949/1949 1950/1950/1950 
f 1949/1949/1949 1950/1950/1950 1950/1950/1950 
f 1950/1950/1950 1950/1950/1950 1951/1951/1951 
f 1950/1950/1950 1952/1952/1952 1951/1951/1951 
f 1951/1951/1951 1952/1952/1952 1953/1953/1953 
f 1952/1952/1952 1953/1953/1953 1953/1953/1953 
f 1953/1953/1953 1953/1953/1953 1954/1954/1954 
f 1953/1953/1953 1954/1954/1954 1954/1954/1954 
f 1954/1954/1954 1954/1954/1954 1955/1955/1955 
f 1954/1954/1954 1956/1956/1956 1955/1955/1955 
f 1955/1955/1955 1956/1956/1956 1955/1955/1955 
f 1956/1956/1956 1957/1957/1957 1955/1955/1955 
f 1955/1955/1955 1957/1957/1957 1955/1955/1955 
f 1957/1957/1957 1958/1958/1958 1955/1955/1955 
f 1955/1955/1955 1958/1958/1958 1959/1959/1959 
f 1958/1958/1958 1958/1958/1958 1959/1959/1959 
f 1959/1959/1959 1958/1958/1958 1960/1960/1960 
f 1958/1958/1958 1961/1961/1961 1960/1960/1960 
f 1960/1960/1960 1961/1961/1961 1961/1961/1961 
f 1961/1961/1961 1962/1962/1962 1961/1961/1961 
f 1961/1961/1961 1962/1962/1962 1962/1962/1962 
f 1962/1962/1962 1963/1963/1963 1962/1962/1962 
f 1962/1962/1962 1963/1963/1963 1964/1964/1964 
f 1963/1963/1963 1965/1965/1965 1964/1964/1964 
f 1964/1964/1964 1965/1965/1965 1965/1965/1965 
f 1965/1965/1965 1966/1966/1966 1965/1965/1965 
f 1965/1965/1965 1966/1966/1966 1966/1966/1966 
f 1966/1966/1966 1967/1967/1967 1966/1966/1966 
f 1966/1966/1966 1967/1967/1967 1968/1968/1968 
f 1967/1967/1967 1967/1967/1967 1968/1968/1968 
f 1968/1968/1968 1967/1967/1967 1969/1969/1969 
f 1967/1967/1967 1970/1970/1970 1969/1969/1969 
f 1969/1969/1969 1970/1970/1970 1971/1971/1971 
f 1970/1970/1970 1972/1972/1972 1971/1971/1971 
f 1971/1971/1971 1972/1972/1972 1973/1973/1973 
f 1972/1972/1972 1973/1973/1973 1973/1973/1973 
f 1973/1973/1973 1973/1973/1973 1974/1974/1974 
f 1973/1973/1973 1974/1974/1974 1974/1974/1974 
f 1974/1974/1974 1974/1974/1974 1975/1975/1975 
f 1974/1974/1974 1976/1976/1976 1975/1975/1975 
f 1975/1975/1975 1976/1976/1976 1977/1977/1977 
f 1976/1976/1976 1977/1977/1977 1977/1977/1977 
f 1977/1977/1977 1977/1977/1977 1978/1978/1978 
f 1977/1977/1977 1978/1978/1978 1978/1978/1978 
f 1978/1978/1978 1978/1978/1978 1979/1979/1979 
f 1978/1978/1978 1980/1980/1980 1979/1979/1979 
f 1979/1979/1979 1980/1980/1980 1979/1979/1979 
f 1980/1980/1980 1981/1981/1981 1979/1979/1979 
f 1979/1979/1979 1981/1981/1981 1982/1982/1982 
f 1981/1981/1981 1983/1983/1983 1982/1982/1982 
f 1982/1982/1982 1983/1983/1983 1984/1984/1984 
f 1983/1983/1983 1985/1985/1985 1984/1984/1984 
f 1984/1984/1984 1985/1985/1985 1984/1984/1984 
f 1985/1985/1985 1986/1986/1986 1984/1984/1984 
f 1984/1984/1984 1986/1986/1986 1987/1987/1987 
f 1986/1986/1986 1988/1988/1988 1987/1987/1987 
f 1987/1987/1987 1988/1988/1988 1989/1989/1989 
f 1988/1988/1988 1990/1990/1990 1989/1989/1989 
f 1989/1989/1989 1990/1990/1990 1991/1991/1991 
f 1990/1990/1990 1990/1990/1990 1991/1991/1991 
f 1991/1991/1991 1990/1990/1990 1992/1992/1992 
f 1990/1990/1990 1993/1993/1993 1992/1992/1992 
f 1992/1992/1992 1993/1993/1993 1992/1992/1992 
f 1993/1993/1993 1980/1980/1980 1992/1992/1992 
f 1992/1992/1992 1980/1980/1980 1978/1978/1978 
f 1980/1980/1980 1978/1978/1978 1978/1978/1978 
f 1978/1978/1978 1978/1978/1978 1994/1994/1994 
f 1978/1978/1978 1994/1994/1994 1994/1994/1994 
f 1994/1994/1994 1994/1994/1994 1995/1995/1995 
f 1994/1994/1994 1996/1996/1996 1995/1995/1995 
f 1995/1995/1995 1996/1996/1996 1997/1997/1997 
f 1996/1996/1996 1998/1998/1998 1997/1997/1997 
f 1997/1997/1997 1998/1998/1998 1998/1998/1998 
f 1998/1998/1998 1999/1999/1999 1998/1998/1998 
f 1998/1998/1998 1999/1999/1999 1999/1999/1999 
f 1999/1999/1999 2000/2000/2000 1999/1999/1999 
f 1999/1999/1999 2000/2000/2000 1997/1997/1997 
f 2000/2000/2000 2000/2000/2000 1997/1997/1997 
f 1997/1997/1997 2000/2000/2000 1995/1995/1995 
f 2000/2000/2000 2001/2001/2001 1995/1995/1995 
f 1995/1995/1995 2001/2001/2001 2001/2001/2001 
f 2001/2001/2001 2002/2002/2002 2001/2001/2001 
f 2001/2001/2001 2002/2002/2002 2002/2002/2002 
f 2002/2002/2002 2003/2003/2003 2002/2002/2002 
f 2002/2002/2002 2003/2003/2003 2004/2004/2004 
f 2003/2003/2003 2005/2005/2005 2004/2004/2004 
f 2004/2004/2004 2005/2005/2005 2005/2005/2005 
f 2005/2005/2005 2006/2006/2006 2005/2005/2005 
f 2005/2005/2005 2006/2006/2006 2006/2006/2006 
f 2006/2006/2006 2007/2007/2007 2006/2006/2006 
f 2006/2006/2006 2007/2007/2007 2008/2008/2008 
f 2007/2007/2007 2009/2009/2009 2008/2008/2008 
f 2008/2008/2008 2009/2009/2009 2008/2008/2008 
f 2009/2009/2009 2010/2010/2010 2008/2008/2008 
f 2008/2008/2008 2010/2010/2010 2011/2011/2011 
f 2010/2010/2010 2010/2010/2010 2011/2011/2011 
f 2011/2011/2011 2010/2010/2010 2012/2012/2012 
f 2010/2010/2010 2013/2013/2013 2012/2012/2012 
f 2012/2012/2012 2013/2013/2013 2013/2013/2013 
f 2013/2013/2013 2014/2014/2014 2013/2013/2013 
f 2013/2013/2013 2014/2014/2014 2014/2014/2014 
f 2014/2014/2014 2015/2015/2015 2014/2014/2014 
f 2014/2014/2014 2015/2015/2015 2016/2016/2016 
f 2015/2015/2015 2017/2017/2017 2016/2016/2016 
f 2016/2016/2016 2017/2017/2017 2016/2016/2016 
f 2017/2017/2017 2018/2018/2018 2016/2016/2016 
f 2016/2016/2016 2018/2018/2018 2019/2019/2019 
f 2018/2018/2018 2018/2018/2018 2019/2019/2019 
f 2019/2019/2019 2018/2018/2018 2020/2020/2020 
f 2018/2018/2018 2021/2021/2021 2020/2020/2020 
f 2020/2020/2020 2021/2021/2021 2021/2021/2021 
f 2021/2021/2021 2022/2022/2022 2021/2021/2021 
f 2021/2021/2021 2022/2022/2022 2022/2022/2022 
f 2022/2022/2022 2023/2023/2023 2022/2022/2022 
f 2022/2022/2022 2023/2023/2023 2024/2024/2024 
f 2023/2023/2023 2025/2025/2025 2024/2024/2024 
f 2024/2024/2024 2025/2025/2025 2025/2025/2025 
f 2025/2025/2025 2026/2026/2026 2025/2025/2025 
f 2025/2025/2025 2026/2026/2026 2026/2026/2026 
f 2026/2026/2026 2027/2027/2027 2026/2026/2026 
f 2026/2026/2026 2027/2027/2027 2028/2028/2028 
f 2027/2027/2027 2029/2029/2029 2028/2028/2028 
f 2028/2028/2028 2029/2029/2029 2029/2029/2029 
f 2029/2029/2029 2030/2030/2030 2029/2029/2029 
f 2029/2029/2029 2030/2030/2030 2030/2030/2030 
f 2030/2030/2030 2031/2031/2031 2030/2030/2030 
f 2030/2030/2030 2031/2031/2031 2032/2032/2032 
f 2031/2031/2031 2033/2033/2033 2032/2032/2032 
f 2032/2032/2032 2033/2033/2033 2033/2033/2033 
f 2033/2033/2033 2034/2034/2034 2033/2033/2033 
f 2033/2033/2033 2034/2034/2034 2034/2034/2034 
f 2034/2034/2034 2035/2035/2035 2034/2034/2034 
f 2034/2034/2034 2035/2035/2035 2036/2036/2036 
f 2035/2035/2035 2037/2037/2037 2036/2036/2036 
f 2036/2036/2036 2037/2037/2037 2037/2037/2037 
f 2037/2037/2037 2038/2038/2038 2037/2037/2037 
f 2037/2037/2037 2038/2038/2038 2038/2038/2038 
f 2038/2038/2038 2039/2039/2039 2038/2038/2038 
f 2038/2038/2038 2039/2039/2039 2040/2040/2040 
f 2039/2039/2039 2041/2041/2041 2040/2040/2040 
f 2040/2040/2040 2041/2041/2041 2041/2041/2041 
f 2041/2041/2041 2042/2042/2042 2041/2041/2041 
f 2041/2041/2041 2042/2042/2042 2042/2042/2042 
f 2042/2042/2042 2043/2043/2043 2042/2042/2042 
f 2042/2042/2042 2043/2043/2043 2044/2044/2044 
f 2043/2043/2043 2045/2045/2045 2044/2044/2044 
f 2044/2044/2044 2045/2045/2045 2045/2045/2045 
f 2045/2045/2045 2046/2046/2046 2045/2045/2045 
f 2045/2045/2045 2046/2046/2046 2046/2046/2046 
f 2046/2046/2046 2047/2047/2047 2046/2046/2046 
f 2046/2046/2046 2047/2047/2047 2048/2048/2048 
f 2047/2047/2047 2049/2049/2049 2048/2048/2048 
f 2048/2048/2048 2049/2049/2049 2049/2049/2049 
f 2049/2049/2049 2050/2050/2050 2049/2049/2049 
f 2049/2049/2049 2050/2050/2050 2050/2050/2050 
f 2050/2050/2050 2051/2051/2051 2050/2050/2050 
f 2050/2050/2050 2051/2051/2051 2052/2052/2052 
f 2051/2051/2051 2053/2053/2053 2052/2052/2052 
f 2052/2052/2052 2053/2053/2053 2053/2053/2053 
f 2053/2053/2053 2054/2054/2054 2053/2053/2053 
f 2053/2053/2053 2054/2054/2054 2054/2054/2054 
f 2054/2054/2054 2055/2055/2055 2054/2054/2054 
f 2054/2054/2054 2055/2055/2055 2056/2056/2056 
f 2055/2055/2055 2057/2057/2057 2056/2056/2056 
f 2056/2056/2056 2057/2057/2057 2057/2057/2057 
f 2057/2057/2057 2058/2058/2058 2057/2057/2057 
f 2057/2057/2057 2058/2058/2058 2058/2058/2058 
f 2058/2058/2058 2059/2059/2059 2058/2058/2058 
f 2058/2058/2058 2059/2059/2059 2060/2060/2060 
f 2059/2059/2059 2061/2061/2061 2060/2060/2060 
f 2060/2060/2060 2061/2061/2061 2061/2061/2061 
f 2061/2061/2061 2062/2062/2062 2061/2061/2061 
f 2061/2061/2061 2062/2062/2062 2062/2062/2062 
f 2062/2062/2062 2063/2063/2063 2062/2062/2062 
f 2062/2062/2062 2063/2063/2063 2064/2064/2064 
f 2063/2063/2063 2065/2065/2065 2064/2064/2064 
f 2064/2064/2064 2065/2065/2065 2066/2066/2066 
f 2065/2065/2065 2067/2067/2067 2066/2066/2066 
f 2066/2066/2066 2067/2067/2067 2068/2068/2068 
f 2067/2067/2067 2069/2069/2069 2068/2068/2068 
f 2068/2068/2068 2069/2069/2069 2068/2068/2068 
f 2069/2069/2069 2070/2070/2070 2068/2068/2068 
f 2068/2068/2068 2070/2070/2070 2071/2071/2071 
f 2070/2070/2070 2070/2070/2070 2071/2071/2071 
f 2071/2071/2071 2070/2070/2070 2072/2072/2072 
f 2070/2070/2070 2073/2073/2073 2072/2072/2072 
f 2072/2072/2072 2073/2073/2073 2074/2074/2074 
f 2073/2073/2073 2075/2075/2075 2074/2074/2074 
f 2074/2074/2074 2075/2075/2075 2075/2075/2075 
f 2075/2075/2075 2076/2076/2076 2075/2075/2075 
f 2075/2075/2075 2076/2076/2076 2076/2076/2076 
f 2076/2076/2076 2077/2077/2077 2076/2076/2076 
f 2076/2076/2076 2077/2077/2077 2078/2078/2078 
f 2077/2077/2077 2079/2079/2079 2078/2078/2078 
f 2078/2078/2078 2079/2079/2079 2078/2078/2078 
f 2079/2079/2079 2080/2080/2080 2078/2078/2078 
f 2078/2078/2078 2080/2080/2080 2081/2081/2081 
f 2080/2080/2080 2081/2081/2081 2081/2081/2081 
f 2081/2081/2081 2081/2081/2081 2082/2082/2082 
f 2081/2081/2081 2082/2082/2082 2082/2082/2082 
f 2082/2082/2082 2082/2082/2082 2083/2083/2083 
f 2082/2082/2082 2084/2084/2084 2083/2083/2083 
f 2083/2083/2083 2084/2084/2084 2083/2083/2083 
f 2084/2084/2084 2085/2085/2085 2083/2083/2083 
f 2083/2083/2083 2085/2085/2085 2083/2083/2083 
f 2085/2085/2085 2086/2086/2086 2083/2083/2083 
f 2083/2083/2083 2086/2086/2086 2087/2087/2087 
f 2086/2086/2086 2087/2087/2087 2087/2087/2087 
f 2087/2087/2087 2087/2087/2087 2088/2088/2088 
f 2087/2087/2087 2088/2088/2088 2088/2088/2088 
f 2088/2088/2088 2088/2088/2088 2089/2089/2089 
f 2088/2088/2088 2090/2090/2090 2089/2089/2089 
f 2089/2089/2089 2090/2090/2090 2091/2091/2091 
f 2090/2090/2090 2092/2092/2092 2091/2091/2091 
f 2091/2091/2091 2092/2092/2092 2093/2093/2093 
f 2092/2092/2092 2094/2094/2094 2093/2093/2093 
f 2093/2093/2093 2094/2094/2094 2094/2094/2094 
f 2094/2094/2094 2089/2089/2089 2094/2094/2094 
f 2094/2094/2094 2089/2089/2089 2089/2089/2089 
f 2089/2089/2089 2091/2091/2091 2089/2089/2089 
f 2089/2089/2089 2091/2091/2091 2095/2095/2095 
f 2091/2091/2091 2096/2096/2096 2095/2095/2095 
f 2095/2095/2095 2096/2096/2096 2097/2097/2097 
f 2096/2096/2096 2097/2097/2097 2097/2097/2097 
f 2097/2097/2097 2097/2097/2097 2091/2091/2091 
f 2097/2097/2097 2091/2091/2091 2091/2091/2091 
f 2091/2091/2091 2091/2091/2091 2096/2096/2096 
f 2091/2091/2091 2093/2093/2093 2096/2096/2096 
f 2096/2096/2096 2093/2093/2093 2096/2096/2096 
f 2093/2093/2093 2098/2098/2098 2096/2096/2096 
f 2096/2096/2096 2098/2098/2098 2099/2099/2099 
f 2098/2098/2098 2098/2098/2098 2099/2099/2099 
f 2099/2099/2099 2098/2098/2098 2100/2100/2100 
f 2098/2098/2098 2101/2101/2101 2100/2100/2100 
f 2100/2100/2100 2101/2101/2101 2102/2102/2102 
f 2101/2101/2101 2101/2101/2101 2102/2102/2102 
f 2102/2102/2102 2101/2101/2101 2103/2103/2103 
f 2101/2101/2101 2104/2104/2104 2103/2103/2103 
f 2103/2103/2103 2104/2104/2104 2105/2105/2105 
f 2104/2104/2104 2105/2105/2105 2105/2105/2105 
f 2105/2105/2105 2105/2105/2105 2096/2096/2096 
f 2105/2105/2105 2096/2096/2096 2096/2096/2096 
f 2096/2096/2096 2096/2096/2096 2106/2106/2106 
f 2096/2096/2096 2099/2099/2099 2106/2106/2106 
f 2106/2106/2106 2099/2099/2099 2099/2099/2099 
f 2099/2099/2099 2104/2104/2104 2099/2099/2099 
f 2099/2099/2099 2104/2104/2104 2104/2104/2104 
f 2104/2104/2104 2101/2101/2101 2104/2104/2104 
f 2104/2104/2104 2101/2101/2101 2107/2107/2107 
f 2101/2101/2101 2098/2098/2098 2107/2107/2107 
f 2107/2107/2107 2098/2098/2098 2107/2107/2107 
f 2098/2098/2098 2093/2093/2093 2107/2107/2107 
f 2107/2107/2107 2093/2093/2093 2107/2107/2107 
f 2093/2093/2093 2094/2094/2094 2107/2107/2107 
f 2107/2107/2107 2094/2094/2094 2108/2108/2108 
f 2094/2094/2094 2109/2109/2109 2108/2108/2108 
f 2108/2108/2108 2109/2109/2109 2109/2109/2109 
f 2109/2109/2109 2107/2107/2107 2109/2109/2109 
f 2109/2109/2109 2107/2107/2107 2107/2107/2107 
f 2107/2107/2107 2108/2108/2108 2107/2107/2107 
f 2107/2107/2107 2108/2108/2108 2104/2104/2104 
f 2108/2108/2108 2110/2110/2110 2104/2104/2104 
f 2104/2104/2104 2110/2110/2110 2105/2105/2105 
f 2110/2110/2110 2110/2110/2110 2105/2105/2105 
f 2105/2105/2105 2110/2110/2110 2111/2111/2111 
f 2110/2110/2110 2110/2110/2110 2111/2111/2111 
f 2111/2111/2111 2110/2110/2110 2112/2112/2112 
f 2110/2110/2110 2113/2113/2113 2112/2112/2112 
f 2112/2112/2112 2113/2113/2113 2114/2114/2114 
f 2113/2113/2113 2115/2115/2115 2114/2114/2114 
f 2114/2114/2114 2115/2115/2115 2116/2116/2116 
f 2115/2115/2115 2116/2116/2116 2116/2116/2116 
f 2116/2116/2116 2116/2116/2116 2110/2110/2110 
f 2116/2116/2116 2110/2110/2110 2110/2110/2110 
f 2110/2110/2110 2110/2110/2110 2113/2113/2113 
f 2110/2110/2110 2108/2108/2108 2113/2113/2113 
f 2113/2113/2113 2108/2108/2108 2113/2113/2113 
f 2108/2108/2108 2109/2109/2109 2113/2113/2113 
f 2113/2113/2113 2109/2109/2109 2115/2115/2115 
f 2109/2109/2109 2115/2115/2115 2115/2115/2115 
f 2115/2115/2115 2115/2115/2115 2117/2117/2117 
f 2115/2115/2115 2117/2117/2117 2117/2117/2117 
f 2117/2117/2117 2117/2117/2117 2118/2118/2118 
f 2117/2117/2117 2119/2119/2119 2118/2118/2118 
f 2118/2118/2118 2119/2119/2119 2120/2120/2120 
f 2119/2119/2119 2121/2121/2121 2120/2120/2120 
f 2120/2120/2120 2121/2121/2121 2122/2122/2122 
f 2121/2121/2121 2121/2121/2121 2122/2122/2122 
f 2122/2122/2122 2121/2121/2121 2123/2123/2123 
f 2121/2121/2121 2124/2124/2124 2123/2123/2123 
f 2123/2123/2123 2124/2124/2124 2125/2125/2125 
f 2124/2124/2124 2126/2126/2126 2125/2125/2125 
f 2125/2125/2125 2126/2126/2126 2127/2127/2127 
f 2126/2126/2126 2128/2128/2128 2127/2127/2127 
f 2127/2127/2127 2128/2128/2128 2129/2129/2129 
f 2128/2128/2128 2130/2130/2130 2129/2129/2129 
f 2129/2129/2129 2130/2130/2130 2130/2130/2130 
f 2130/2130/2130 2131/2131/2131 2130/2130/2130 
f 2130/2130/2130 2131/2131/2131 2131/2131/2131 
f 2131/2131/2131 2132/2132/2132 2131/2131/2131 
f 2131/2131/2131 2132/2132/2132 2133/2133/2133 
f 2132/2132/2132 2134/2134/2134 2133/2133/2133 
f 2133/2133/2133 2134/2134/2134 2135/2135/2135 
f 2134/2134/2134 2136/2136/2136 2135/2135/2135 
f 2135/2135/2135 2136/2136/2136 2137/2137/2137 
f 2136/2136/2136 2138/2138/2138 2137/2137/2137 
f 2137/2137/2137 2138/2138/2138 2137/2137/2137 
f 2138/2138/2138 2139/2139/2139 2137/2137/2137 
f 2137/2137/2137 2139/2139/2139 2140/2140/2140 
f 2139/2139/2139 2139/2139/2139 2140/2140/2140 
f 2140/2140/2140 2139/2139/2139 2141/2141/2141 
f 2139/2139/2139 2142/2142/2142 2141/2141/2141 
f 2141/2141/2141 2142/2142/2142 2143/2143/2143 
f 2142/2142/2142 2144/2144/2144 2143/2143/2143 
f 2143/2143/2143 2144/2144/2144 2144/2144/2144 
f 2144/2144/2144 2145/2145/2145 2144/2144/2144 
f 2144/2144/2144 2145/2145/2145 2145/2145/2145 
f 2145/2145/2145 2146/2146/2146 2145/2145/2145 
f 2145/2145/2145 2146/2146/2146 2147/2147/2147 
f 2146/2146/2146 2146/2146/2146 2147/2147/2147 
f 2147/2147/2147 2146/2146/2146 2148/2148/2148 
f 2146/2146/2146 2146/2146/2146 2148/2148/2148 
f 2148/2148/2148 2146/2146/2146 2149/2149/2149 
f 2146/2146/2146 2150/2150/2150 2149/2149/2149 
f 2149/2149/2149 2150/2150/2150 2150/2150/2150 
f 2150/2150/2150 2151/2151/2151 2150/2150/2150 
f 2150/2150/2150 2151/2151/2151 2151/2151/2151 
f 2151/2151/2151 2152/2152/2152 2151/2151/2151 
f 2151/2151/2151 2152/2152/2152 2153/2153/2153 
f 2152/2152/2152 2152/2152/2152 2153/2153/2153 
f 2153/2153/2153 2152/2152/2152 2154/2154/2154 
f 2152/2152/2152 2152/2152/2152 2154/2154/2154 
f 2154/2154/2154 2152/2152/2152 2155/2155/2155 
f 2152/2152/2152 2156/2156/2156 2155/2155/2155 
f 2155/2155/2155 2156/2156/2156 2156/2156/2156 
f 2156/2156/2156 2157/2157/2157 2156/2156/2156 
f 2156/2156/2156 2157/2157/2157 2157/2157/2157 
f 2157/2157/2157 2158/2158/2158 2157/2157/2157 
f 2157/2157/2157 2158/2158/2158 2159/2159/2159 
f 2158/2158/2158 2158/2158/2158 2159/2159/2159 
f 2159/2159/2159 2158/2158/2158 2160/2160/2160 
f 2158/2158/2158 2158/2158/2158 2160/2160/2160 
f 2160/2160/2160 2158/2158/2158 2161/2161/2161 
f 2158/2158/2158 2162/2162/2162 2161/2161/2161 
f 2161/2161/2161 2162/2162/2162 2162/2162/2162 
f 2162/2162/2162 2163/2163/2163 2162/2162/2162 
f 2162/2162/2162 2163/2163/2163 2163/2163/2163 
f 2163/2163/2163 2164/2164/2164 2163/2163/2163 
f 2163/2163/2163 2164/2164/2164 2165/2165/2165 
f 2164/2164/2164 2166/2166/2166 2165/2165/2165 
f 2165/2165/2165 2166/2166/2166 2167/2167/2167 
f 2166/2166/2166 2168/2168/2168 2167/2167/2167 
f 2167/2167/2167 2168/2168/2168 2169/2169/2169 
f 2168/2168/2168 2168/2168/2168 2169/2169/2169 
f 2169/2169/2169 2168/2168/2168 2170/2170/2170 
f 2168/2168/2168 2171/2171/2171 2170/2170/2170 
f 2170/2170/2170 2171/2171/2171 2172/2172/2172 
f 2171/2171/2171 2173/2173/2173 2172/2172/2172 
f 2172/2172/2172 2173/2173/2173 2174/2174/2174 
f 2173/2173/2173 2175/2175/2175 2174/2174/2174 
f 2174/2174/2174 2175/2175/2175 2176/2176/2176 
f 2175/2175/2175 2177/2177/2177 2176/2176/2176 
f 2176/2176/2176 2177/2177/2177 2177/2177/2177 
f 2177/2177/2177 2171/2171/2171 2177/2177/2177 
f 2177/2177/2177 2171/2171/2171 2171/2171/2171 
f 2171/2171/2171 2168/2168/2168 2171/2171/2171 
f 2171/2171/2171 2168/2168/2168 2178/2178/2178 
f 2168/2168/2168 2166/2166/2166 2178/2178/2178 
f 2178/2178/2178 2166/2166/2166 2164/2164/2164 
f 2166/2166/2166 2164/2164/2164 2164/2164/2164 
f 2164/2164/2164 2164/2164/2164 2165/2165/2165 
f 2164/2164/2164 2165/2165/2165 2165/2165/2165 
f 2165/2165/2165 2165/2165/2165 2179/2179/2179 
f 2165/2165/2165 2167/2167/2167 2179/2179/2179 
f 2179/2179/2179 2167/2167/2167 2180/2180/2180 
f 2167/2167/2167 2180/2180/2180 2180/2180/2180 
f 2180/2180/2180 2180/2180/2180 2176/2176/2176 
f 2180/2180/2180 2176/2176/2176 2176/2176/2176 
f 2176/2176/2176 2176/2176/2176 2174/2174/2174 
f 2176/2176/2176 2181/2181/2181 2174/2174/2174 
f 2174/2174/2174 2181/2181/2181 2182/2182/2182 
f 2181/2181/2181 2183/2183/2183 2182/2182/2182 
f 2182/2182/2182 2183/2183/2183 2182/2182/2182 
f 2183/2183/2183 2184/2184/2184 2182/2182/2182 
f 2182/2182/2182 2184/2184/2184 2185/2185/2185 
f 2184/2184/2184 2186/2186/2186 2185/2185/2185 
f 2185/2185/2185 2186/2186/2186 2185/2185/2185 
f 2186/2186/2186 2187/2187/2187 2185/2185/2185 
f 2185/2185/2185 2187/2187/2187 2188/2188/2188 
f 2187/2187/2187 2189/2189/2189 2188/2188/2188 
f 2188/2188/2188 2189/2189/2189 2169/2169/2169 
f 2189/2189/2189 2190/2190/2190 2169/2169/2169 
f 2169/2169/2169 2190/2190/2190 2167/2167/2167 
f 2190/2190/2190 2191/2191/2191 2167/2167/2167 
f 2167/2167/2167 2191/2191/2191 2191/2191/2191 
f 2191/2191/2191 2174/2174/2174 2191/2191/2191 
f 2191/2191/2191 2174/2174/2174 2174/2174/2174 
f 2174/2174/2174 2182/2182/2182 2174/2174/2174 
f 2174/2174/2174 2182/2182/2182 2172/2172/2172 
f 2182/2182/2182 2185/2185/2185 2172/2172/2172 
f 2172/2172/2172 2185/2185/2185 2172/2172/2172 
f 2185/2185/2185 2188/2188/2188 2172/2172/2172 
f 2172/2172/2172 2188/2188/2188 2170/2170/2170 
f 2188/2188/2188 2169/2169/2169 2170/2170/2170 
f 2170/2170/2170 2169/2169/2169 2169/2169/2169 
f 2169/2169/2169 2192/2192/2192 2169/2169/2169 
f 2169/2169/2169 2192/2192/2192 2192/2192/2192 
f 2192/2192/2192 2193/2193/2193 2192/2192/2192 
f 2192/2192/2192 2193/2193/2193 2194/2194/2194 
f 2193/2193/2193 2195/2195/2195 2194/2194/2194 
f 2194/2194/2194 2195/2195/2195 2196/2196/2196 
f 2195/2195/2195 2197/2197/2197 2196/2196/2196 
f 2196/2196/2196 2197/2197/2197 2198/2198/2198 
f 2197/2197/2197 2199/2199/2199 2198/2198/2198 
f 2198/2198/2198 2199/2199/2199 2200/2200/2200 
f 2199/2199/2199 2201/2201/2201 2200/2200/2200 
f 2200/2200/2200 2201/2201/2201 2200/2200/2200 
f 2201/2201/2201 2202/2202/2202 2200/2200/2200 
f 2200/2200/2200 2202/2202/2202 2203/2203/2203 
f 2202/2202/2202 2202/2202/2202 2203/2203/2203 
f 2203/2203/2203 2202/2202/2202 2204/2204/2204 
f 2202/2202/2202 2205/2205/2205 2204/2204/2204 
f 2204/2204/2204 2205/2205/2205 2205/2205/2205 
f 2205/2205/2205 2206/2206/2206 2205/2205/2205 
f 2205/2205/2205 2206/2206/2206 2206/2206/2206 
f 2206/2206/2206 2207/2207/2207 2206/2206/2206 
f 2206/2206/2206 2207/2207/2207 2208/2208/2208 
f 2207/2207/2207 2207/2207/2207 2208/2208/2208 
f 2208/2208/2208 2207/2207/2207 2209/2209/2209 
f 2207/2207/2207 2207/2207/2207 2209/2209/2209 
f 2209/2209/2209 2207/2207/2207 2210/2210/2210 
f 2207/2207/2207 2211/2211/2211 2210/2210/2210 
f 2210/2210/2210 2211/2211/2211 2211/2211/2211 
f 2211/2211/2211 2212/2212/2212 2211/2211/2211 
f 2211/2211/2211 2212/2212/2212 2212/2212/2212 
f 2212/2212/2212 2213/2213/2213 2212/2212/2212 
f 2212/2212/2212 2213/2213/2213 2214/2214/2214 
f 2213/2213/2213 2215/2215/2215 2214/2214/2214 
f 2214/2214/2214 2215/2215/2215 2215/2215/2215 
f 2215/2215/2215 2213/2213/2213 2215/2215/2215 
f 2215/2215/2215 2213/2213/2213 2213/2213/2213 
f 2213/2213/2213 2212/2212/2212 2213/2213/2213 
f 2213/2213/2213 2212/2212/2212 2216/2216/2216 
f 2212/2212/2212 2217/2217/2217 2216/2216/2216 
f 2216/2216/2216 2217/2217/2217 2218/2218/2218 
f 2217/2217/2217 2219/2219/2219 2218/2218/2218 
f 2218/2218/2218 2219/2219/2219 2220/2220/2220 
f 2219/2219/2219 2221/2221/2221 2220/2220/2220 
f 2220/2220/2220 2221/2221/2221 2222/2222/2222 
f 2221/2221/2221 2223/2223/2223 2222/2222/2222 
f 2222/2222/2222 2223/2223/2223 2223/2223/2223 
f 2223/2223/2223 2214/2214/2214 2223/2223/2223 
f 2223/2223/2223 2214/2214/2214 2214/2214/2214 
f 2214/2214/2214 2215/2215/2215 2214/2214/2214 
f 2214/2214/2214 2215/2215/2215 2224/2224/2224 
f 2215/2215/2215 2225/2225/2225 2224/2224/2224 
f 2224/2224/2224 2225/2225/2225 2226/2226/2226 
f 2225/2225/2225 2227/2227/2227 2226/2226/2226 
f 2226/2226/2226 2227/2227/2227 2228/2228/2228 
f 2227/2227/2227 2229/2229/2229 2228/2228/2228 
f 2228/2228/2228 2229/2229/2229 2229/2229/2229 
f 2229/2229/2229 2230/2230/2230 2229/2229/2229 
f 2229/2229/2229 2230/2230/2230 2230/2230/2230 
f 2230/2230/2230 2231/2231/2231 2230/2230/2230 
f 2230/2230/2230 2231/2231/2231 2232/2232/2232 
f 2231/2231/2231 2233/2233/2233 2232/2232/2232 
f 2232/2232/2232 2233/2233/2233 2234/2234/2234 
f 2233/2233/2233 2233/2233/2233 2234/2234/2234 
f 2234/2234/2234 2233/2233/2233 2235/2235/2235 
f 2233/2233/2233 2236/2236/2236 2235/2235/2235 
f 2235/2235/2235 2236/2236/2236 2236/2236/2236 
f 2236/2236/2236 2231/2231/2231 2236/2236/2236 
f 2236/2236/2236 2231/2231/2231 2231/2231/2231 
f 2231/2231/2231 2237/2237/2237 2231/2231/2231 
f 2231/2231/2231 2237/2237/2237 2233/2233/2233 
f 2237/2237/2237 2233/2233/2233 2233/2233/2233 
f 2233/2233/2233 2233/2233/2233 2238/2238/2238 
f 2233/2233/2233 2238/2238/2238 2238/2238/2238 
f 2238/2238/2238 2238/2238/2238 2239/2239/2239 
f 2238/2238/2238 2240/2240/2240 2239/2239/2239 
f 2239/2239/2239 2240/2240/2240 2239/2239/2239 
f 2240/2240/2240 2241/2241/2241 2239/2239/2239 
f 2239/2239/2239 2241/2241/2241 2242/2242/2242 
f 2241/2241/2241 2243/2243/2243 2242/2242/2242 
f 2242/2242/2242 2243/2243/2243 2244/2244/2244 
f 2243/2243/2243 2245/2245/2245 2244/2244/2244 
f 2244/2244/2244 2245/2245/2245 2246/2246/2246 
f 2245/2245/2245 2245/2245/2245 2246/2246/2246 
f 2246/2246/2246 2245/2245/2245 2247/2247/2247 
f 2245/2245/2245 2248/2248/2248 2247/2247/2247 
f 2247/2247/2247 2248/2248/2248 2247/2247/2247 
f 2248/2248/2248 2249/2249/2249 2247/2247/2247 
f 2247/2247/2247 2249/2249/2249 2250/2250/2250 
f 2249/2249/2249 2251/2251/2251 2250/2250/2250 
f 2250/2250/2250 2251/2251/2251 2252/2252/2252 
f 2251/2251/2251 2238/2238/2238 2252/2252/2252 
f 2252/2252/2252 2238/2238/2238 2253/2253/2253 
f 2238/2238/2238 2239/2239/2239 2253/2253/2253 
f 2253/2253/2253 2239/2239/2239 2239/2239/2239 
f 2239/2239/2239 2254/2254/2254 2239/2239/2239 
f 2239/2239/2239 2254/2254/2254 2254/2254/2254 
f 2254/2254/2254 2255/2255/2255 2254/2254/2254 
f 2254/2254/2254 2255/2255/2255 2256/2256/2256 
f 2255/2255/2255 2255/2255/2255 2256/2256/2256 
f 2256/2256/2256 2255/2255/2255 2257/2257/2257 
f 2255/2255/2255 2255/2255/2255 2257/2257/2257 
f 2257/2257/2257 2255/2255/2255 2258/2258/2258 
f 2255/2255/2255 2259/2259/2259 2258/2258/2258 
f 2258/2258/2258 2259/2259/2259 2258/2258/2258 
f 2259/2259/2259 2260/2260/2260 2258/2258/2258 
f 2258/2258/2258 2260/2260/2260 2261/2261/2261 
f 2260/2260/2260 2261/2261/2261 2261/2261/2261 
f 2261/2261/2261 2261/2261/2261 2262/2262/2262 
f 2261/2261/2261 2262/2262/2262 2262/2262/2262 
f 2262/2262/2262 2262/2262/2262 2263/2263/2263 
f 2262/2262/2262 2264/2264/2264 2263/2263/2263 
f 2263/2263/2263 2264/2264/2264 2265/2265/2265 
f 2264/2264/2264 2266/2266/2266 2265/2265/2265 
f 2265/2265/2265 2266/2266/2266 2267/2267/2267 
f 2266/2266/2266 2268/2268/2268 2267/2267/2267 
f 2267/2267/2267 2268/2268/2268 2269/2269/2269 
f 2268/2268/2268 2269/2269/2269 2269/2269/2269 
f 2269/2269/2269 2269/2269/2269 2270/2270/2270 
f 2269/2269/2269 2270/2270/2270 2270/2270/2270 
f 2270/2270/2270 2270/2270/2270 2271/2271/2271 
f 2270/2270/2270 2272/2272/2272 2271/2271/2271 
f 2271/2271/2271 2272/2272/2272 2271/2271/2271 
f 2272/2272/2272 2273/2273/2273 2271/2271/2271 
f 2271/2271/2271 2273/2273/2273 2274/2274/2274 
f 2273/2273/2273 2275/2275/2275 2274/2274/2274 
f 2274/2274/2274 2275/2275/2275 2276/2276/2276 
f 2275/2275/2275 2277/2277/2277 2276/2276/2276 
f 2276/2276/2276 2277/2277/2277 2278/2278/2278 
f 2277/2277/2277 2279/2279/2279 2278/2278/2278 
f 2278/2278/2278 2279/2279/2279 2280/2280/2280 
f 2279/2279/2279 2281/2281/2281 2280/2280/2280 
f 2280/2280/2280 2281/2281/2281 2282/2282/2282 
f 2281/2281/2281 2283/2283/2283 2282/2282/2282 
f 2282/2282/2282 2283/2283/2283 2283/2283/2283 
f 2283/2283/2283 2284/2284/2284 2283/2283/2283 
f 2283/2283/2283 2284/2284/2284 2284/2284/2284 
f 2284/2284/2284 2285/2285/2285 2284/2284/2284 
f 2284/2284/2284 2285/2285/2285 2286/2286/2286 
f 2285/2285/2285 2287/2287/2287 2286/2286/2286 
f 2286/2286/2286 2287/2287/2287 2288/2288/2288 
f 2287/2287/2287 2289/2289/2289 2288/2288/2288 
f 2288/2288/2288 2289/2289/2289 2290/2290/2290 
f 2289/2289/2289 2289/2289/2289 2290/2290/2290 
f 2290/2290/2290 2289/2289/2289 2291/2291/2291 
f 2289/2289/2289 2287/2287/2287 2291/2291/2291 
f 2291/2291/2291 2287/2287/2287 2291/2291/2291 
f 2287/2287/2287 2285/2285/2285 2291/2291/2291 
f 2291/2291/2291 2285/2285/2285 2292/2292/2292 
f 2285/2285/2285 2293/2293/2293 2292/2292/2292 
f 2292/2292/2292 2293/2293/2293 2292/2292/2292 
f 2293/2293/2293 2294/2294/2294 2292/2292/2292 
f 2292/2292/2292 2294/2294/2294 2295/2295/2295 
f 2294/2294/2294 2290/2290/2290 2295/2295/2295 
f 2295/2295/2295 2290/2290/2290 2295/2295/2295 
f 2290/2290/2290 2291/2291/2291 2295/2295/2295 
f 2295/2295/2295 2291/2291/2291 2292/2292/2292 
f 2291/2291/2291 2292/2292/2292 2292/2292/2292 
f 2292/2292/2292 2292/2292/2292 2285/2285/2285 
f 2292/2292/2292 2285/2285/2285 2285/2285/2285 
f 2285/2285/2285 2285/2285/2285 2293/2293/2293 
f 2285/2285/2285 2284/2284/2284 2293/2293/2293 
f 2293/2293/2293 2284/2284/2284 2284/2284/2284 
f 2284/2284/2284 2296/2296/2296 2284/2284/2284 
f 2284/2284/2284 2296/2296/2296 2296/2296/2296 
f 2296/2296/2296 2297/2297/2297 2296/2296/2296 
f 2296/2296/2296 2297/2297/2297 2298/2298/2298 
f 2297/2297/2297 2299/2299/2299 2298/2298/2298 
f 2298/2298/2298 2299/2299/2299 2300/2300/2300 
f 2299/2299/2299 2301/2301/2301 2300/2300/2300 
f 2300/2300/2300 2301/2301/2301 2302/2302/2302 
f 2301/2301/2301 2303/2303/2303 2302/2302/2302 
f 2302/2302/2302 2303/2303/2303 2304/2304/2304 
f 2303/2303/2303 2305/2305/2305 2304/2304/2304 
f 2304/2304/2304 2305/2305/2305 2306/2306/2306 
f 2305/2305/2305 2307/2307/2307 2306/2306/2306 
f 2306/2306/2306 2307/2307/2307 2308/2308/2308 
f 2307/2307/2307 2309/2309/2309 2308/2308/2308 
f 2308/2308/2308 2309/2309/2309 2309/2309/2309 
f 2309/2309/2309 2310/2310/2310 2309/2309/2309 
f 2309/2309/2309 2310/2310/2310 2310/2310/2310 
f 2310/2310/2310 2311/2311/2311 2310/2310/2310 
f 2310/2310/2310 2311/2311/2311 2312/2312/2312 
f 2311/2311/2311 2313/2313/2313 2312/2312/2312 
f 2312/2312/2312 2313/2313/2313 2314/2314/2314 
f 2313/2313/2313 2315/2315/2315 2314/2314/2314 
f 2314/2314/2314 2315/2315/2315 2316/2316/2316 
f 2315/2315/2315 2315/2315/2315 2316/2316/2316 
f 2316/2316/2316 2315/2315/2315 2317/2317/2317 
f 2315/2315/2315 2313/2313/2313 2317/2317/2317 
f 2317/2317/2317 2313/2313/2313 2317/2317/2317 
f 2313/2313/2313 2311/2311/2311 2317/2317/2317 
f 2317/2317/2317 2311/2311/2311 2318/2318/2318 
f 2311/2311/2311 2319/2319/2319 2318/2318/2318 
f 2318/2318/2318 2319/2319/2319 2318/2318/2318 
f 2319/2319/2319 2320/2320/2320 2318/2318/2318 
f 2318/2318/2318 2320/2320/2320 2321/2321/2321 
f 2320/2320/2320 2316/2316/2316 2321/2321/2321 
f 2321/2321/2321 2316/2316/2316 2321/2321/2321 
f 2316/2316/2316 2317/2317/2317 2321/2321/2321 
f 2321/2321/2321 2317/2317/2317 2318/2318/2318 
f 2317/2317/2317 2318/2318/2318 2318/2318/2318 
f 2318/2318/2318 2318/2318/2318 2311/2311/2311 
f 2318/2318/2318 2311/2311/2311 2311/2311/2311 
f 2311/2311/2311 2311/2311/2311 2319/2319/2319 
f 2311/2311/2311 2310/2310/2310 2319/2319/2319 
f 2319/2319/2319 2310/2310/2310 2310/2310/2310 
f 2310/2310/2310 2322/2322/2322 2310/2310/2310 
f 2310/2310/2310 2322/2322/2322 2322/2322/2322 
f 2322/2322/2322 2323/2323/2323 2322/2322/2322 
f 2322/2322/2322 2323/2323/2323 2324/2324/2324 
f 2323/2323/2323 2324/2324/2324 2324/2324/2324 
f 2324/2324/2324 2324/2324/2324 2325/2325/2325 
f 2324/2324/2324 2325/2325/2325 2325/2325/2325 
f 2325/2325/2325 2325/2325/2325 2326/2326/2326 
f 2325/2325/2325 2327/2327/2327 2326/2326/2326 
f 2326/2326/2326 2327/2327/2327 2327/2327/2327 
f 2327/2327/2327 2328/2328/2328 2327/2327/2327 
f 2327/2327/2327 2328/2328/2328 2328/2328/2328 
f 2328/2328/2328 2329/2329/2329 2328/2328/2328 
f 2328/2328/2328 2329/2329/2329 2330/2330/2330 
f 2329/2329/2329 2331/2331/2331 2330/2330/2330 
f 2330/2330/2330 2331/2331/2331 2332/2332/2332 
f 2331/2331/2331 2331/2331/2331 2332/2332/2332 
f 2332/2332/2332 2331/2331/2331 2333/2333/2333 
f 2331/2331/2331 2334/2334/2334 2333/2333/2333 
f 2333/2333/2333 2334/2334/2334 2335/2335/2335 
f 2334/2334/2334 2336/2336/2336 2335/2335/2335 
f 2335/2335/2335 2336/2336/2336 2337/2337/2337 
f 2336/2336/2336 2337/2337/2337 2337/2337/2337 
f 2337/2337/2337 2337/2337/2337 2331/2331/2331 
f 2337/2337/2337 2331/2331/2331 2331/2331/2331 
f 2331/2331/2331 2331/2331/2331 2334/2334/2334 
f 2331/2331/2331 2338/2338/2338 2334/2334/2334 
f 2334/2334/2334 2338/2338/2338 2334/2334/2334 
f 2338/2338/2338 2339/2339/2339 2334/2334/2334 
f 2334/2334/2334 2339/2339/2339 2334/2334/2334 
f 2339/2339/2339 2340/2340/2340 2334/2334/2334 
f 2334/2334/2334 2340/2340/2340 2341/2341/2341 
f 2340/2340/2340 2341/2341/2341 2341/2341/2341 
f 2341/2341/2341 2341/2341/2341 2342/2342/2342 
f 2341/2341/2341 2342/2342/2342 2342/2342/2342 
f 2342/2342/2342 2342/2342/2342 2343/2343/2343 
f 2342/2342/2342 2344/2344/2344 2343/2343/2343 
f 2343/2343/2343 2344/2344/2344 2345/2345/2345 
f 2344/2344/2344 2346/2346/2346 2345/2345/2345 
f 2345/2345/2345 2346/2346/2346 2346/2346/2346 
f 2346/2346/2346 2347/2347/2347 2346/2346/2346 
f 2346/2346/2346 2347/2347/2347 2347/2347/2347 
f 2347/2347/2347 2348/2348/2348 2347/2347/2347 
f 2347/2347/2347 2348/2348/2348 2349/2349/2349 
f 2348/2348/2348 2348/2348/2348 2349/2349/2349 
f 2349/2349/2349 2348/2348/2348 2350/2350/2350 
f 2348/2348/2348 2348/2348/2348 2350/2350/2350 
f 2350/2350/2350 2348/2348/2348 2351/2351/2351 
f 2348/2348/2348 2352/2352/2352 2351/2351/2351 
f 2351/2351/2351 2352/2352/2352 2352/2352/2352 
f 2352/2352/2352 2353/2353/2353 2352/2352/2352 
f 2352/2352/2352 2353/2353/2353 2353/2353/2353 
f 2353/2353/2353 2354/2354/2354 2353/2353/2353 
f 2353/2353/2353 2354/2354/2354 2355/2355/2355 
f 2354/2354/2354 2354/2354/2354 2355/2355/2355 
f 2355/2355/2355 2354/2354/2354 2356/2356/2356 
f 2354/2354/2354 2357/2357/2357 2356/2356/2356 
f 2356/2356/2356 2357/2357/2357 2358/2358/2358 
f 2357/2357/2357 2358/2358/2358 2358/2358/2358 
f 2358/2358/2358 2358/2358/2358 2357/2357/2357 
f 2358/2358/2358 2357/2357/2357 2357/2357/2357 
f 2357/2357/2357 2357/2357/2357 2359/2359/2359 
f 2357/2357/2357 2354/2354/2354 2359/2359/2359 
f 2359/2359/2359 2354/2354/2354 2360/2360/2360 
f 2354/2354/2354 2360/2360/2360 2360/2360/2360 
f 2360/2360/2360 2360/2360/2360 2361/2361/2361 
f 2360/2360/2360 2361/2361/2361 2361/2361/2361 
f 2361/2361/2361 2361/2361/2361 2362/2362/2362 
f 2361/2361/2361 2363/2363/2363 2362/2362/2362 
f 2362/2362/2362 2363/2363/2363 2362/2362/2362 
f 2363/2363/2363 2364/2364/2364 2362/2362/2362 
f 2362/2362/2362 2364/2364/2364 2362/2362/2362 
f 2364/2364/2364 2365/2365/2365 2362/2362/2362 
f 2362/2362/2362 2365/2365/2365 2366/2366/2366 
f 2365/2365/2365 2365/2365/2365 2366/2366/2366 
f 2366/2366/2366 2365/2365/2365 2367/2367/2367 
f 2365/2365/2365 2368/2368/2368 2367/2367/2367 
f 2367/2367/2367 2368/2368/2368 2367/2367/2367 
f 2368/2368/2368 2369/2369/2369 2367/2367/2367 
f 2367/2367/2367 2369/2369/2369 2370/2370/2370 
f 2369/2369/2369 2371/2371/2371 2370/2370/2370 
f 2370/2370/2370 2371/2371/2371 2372/2372/2372 
f 2371/2371/2371 2372/2372/2372 2372/2372/2372 
f 2372/2372/2372 2372/2372/2372 2373/2373/2373 
f 2372/2372/2372 2373/2373/2373 2373/2373/2373 
f 2373/2373/2373 2373/2373/2373 2374/2374/2374 
f 2373/2373/2373 2375/2375/2375 2374/2374/2374 
f 2374/2374/2374 2375/2375/2375 2376/2376/2376 
f 2375/2375/2375 2377/2377/2377 2376/2376/2376 
f 2376/2376/2376 2377/2377/2377 2378/2378/2378 
f 2377/2377/2377 2379/2379/2379 2378/2378/2378 
f 2378/2378/2378 2379/2379/2379 2380/2380/2380 
f 2379/2379/2379 2381/2381/2381 2380/2380/2380 
f 2380/2380/2380 2381/2381/2381 2381/2381/2381 
f 2381/2381/2381 2382/2382/2382 2381/2381/2381 
f 2381/2381/2381 2382/2382/2382 2382/2382/2382 
f 2382/2382/2382 2383/2383/2383 2382/2382/2382 
f 2382/2382/2382 2383/2383/2383 2384/2384/2384 
f 2383/2383/2383 2385/2385/2385 2384/2384/2384 
f 2384/2384/2384 2385/2385/2385 2384/2384/2384 
f 2385/2385/2385 2386/2386/2386 2384/2384/2384 
f 2384/2384/2384 2386/2386/2386 2387/2387/2387 
f 2386/2386/2386 2387/2387/2387 2387/2387/2387 
f 2387/2387/2387 2387/2387/2387 2388/2388/2388 
f 2387/2387/2387 2388/2388/2388 2388/2388/2388 
f 2388/2388/2388 2388/2388/2388 2389/2389/2389 
f 2388/2388/2388 2390/2390/2390 2389/2389/2389 
f 2389/2389/2389 2390/2390/2390 2391/2391/2391 
f 2390/2390/2390 2392/2392/2392 2391/2391/2391 
f 2391/2391/2391 2392/2392/2392 2391/2391/2391 
f 2392/2392/2392 2393/2393/2393 2391/2391/2391 
f 2391/2391/2391 2393/2393/2393 2394/2394/2394 
f 2393/2393/2393 2395/2395/2395 2394/2394/2394 
f 2394/2394/2394 2395/2395/2395 2396/2396/2396 
f 2395/2395/2395 2397/2397/2397 2396/2396/2396 
f 2396/2396/2396 2397/2397/2397 2397/2397/2397 
f 2397/2397/2397 2391/2391/2391 2397/2397/2397 
f 2397/2397/2397 2391/2391/2391 2391/2391/2391 
f 2391/2391/2391 2394/2394/2394 2391/2391/2391 
f 2391/2391/2391 2394/2394/2394 2398/2398/2398 
f 2394/2394/2394 2394/2394/2394 2398/2398/2398 
f 2398/2398/2398 2394/2394/2394 2399/2399/2399 
f 2394/2394/2394 2394/2394/2394 2399/2399/2399 
f 2399/2399/2399 2394/2394/2394 2400/2400/2400 
f 2394/2394/2394 2401/2401/2401 2400/2400/2400 
f 2400/2400/2400 2401/2401/2401 2401/2401/2401 
f 2401/2401/2401 2402/2402/2402 2401/2401/2401 
f 2401/2401/2401 2402/2402/2402 2402/2402/2402 
f 2402/2402/2402 2403/2403/2403 2402/2402/2402 
f 2402/2402/2402 2403/2403/2403 2404/2404/2404 
f 2403/2403/2403 2405/2405/2405 2404/2404/2404 
f 2404/2404/2404 2405/2405/2405 2405/2405/2405 
f 2405/2405/2405 2406/2406/2406 2405/2405/2405 
f 2405/2405/2405 2406/2406/2406 2406/2406/2406 
f 2406/2406/2406 2407/2407/2407 2406/2406/2406 
f 2406/2406/2406 2407/2407/2407 2408/2408/2408 
f 2407/2407/2407 2409/2409/2409 2408/2408/2408 
f 2408/2408/2408 2409/2409/2409 2408/2408/2408 
f 2409/2409/2409 2410/2410/2410 2408/2408/2408 
f 2408/2408/2408 2410/2410/2410 2411/2411/2411 
f 2410/2410/2410 2411/2411/2411 2411/2411/2411 
f 2411/2411/2411 2411/2411/2411 2412/2412/2412 
f 2411/2411/2411 2412/2412/2412 2412/2412/2412 
f 2412/2412/2412 2412/2412/2412 2413/2413/2413 
f 2412/2412/2412 2414/2414/2414 2413/2413/2413 
f 2413/2413/2413 2414/2414/2414 2415/2415/2415 
f 2414/2414/2414 2415/2415/2415 2415/2415/2415 
f 2415/2415/2415 2415/2415/2415 2416/2416/2416 
f 2415/2415/2415 2416/2416/2416 2416/2416/2416 
f 2416/2416/2416 2416/2416/2416 2417/2417/2417 
f 2416/2416/2416 2418/2418/2418 2417/2417/2417 
f 2417/2417/2417 2418/2418/2418 2417/2417/2417 
f 2418/2418/2418 2419/2419/2419 2417/2417/2417 
f 2417/2417/2417 2419/2419/2419 2420/2420/2420 
f 2419/2419/2419 2421/2421/2421 2420/2420/2420 
f 2420/2420/2420 2421/2421/2421 2422/2422/2422 
f 2421/2421/2421 2423/2423/2423 2422/2422/2422 
f 2422/2422/2422 2423/2423/2423 2423/2423/2423 
f 2423/2423/2423 2424/2424/2424 2423/2423/2423 
f 2423/2423/2423 2424/2424/2424 2424/2424/2424 
f 2424/2424/2424 2425/2425/2425 2424/2424/2424 
f 2424/2424/2424 2425/2425/2425 2426/2426/2426 
f 2425/2425/2425 2427/2427/2427 2426/2426/2426 
f 2426/2426/2426 2427/2427/2427 2427/2427/2427 
f 2427/2427/2427 2428/2428/2428 2427/2427/2427 
f 2427/2427/2427 2428/2428/2428 2428/2428/2428 
f 2428/2428/2428 2429/2429/2429 2428/2428/2428 
f 2428/2428/2428 2429/2429/2429 2430/2430/2430 
f 2429/2429/2429 2429/2429/2429 2430/2430/2430 
f 2430/2430/2430 2429/2429/2429 2431/2431/2431 
f 2429/2429/2429 2432/2432/2432 2431/2431/2431 
f 2431/2431/2431 2432/2432/2432 2433/2433/2433 
f 2432/2432/2432 2434/2434/2434 2433/2433/2433 
f 2433/2433/2433 2434/2434/2434 2435/2435/2435 
f 2434/2434/2434 2436/2436/2436 2435/2435/2435 
f 2435/2435/2435 2436/2436/2436 2437/2437/2437 
f 2436/2436/2436 2438/2438/2438 2437/2437/2437 
f 2437/2437/2437 2438/2438/2438 2439/2439/2439 
f 2438/2438/2438 2438/2438/2438 2439/2439/2439 
f 2439/2439/2439 2438/2438/2438 2440/2440/2440 
f 2438/2438/2438 2441/2441/2441 2440/2440/2440 
f 2440/2440/2440 2441/2441/2441 2442/2442/2442 
f 2441/2441/2441 2443/2443/2443 2442/2442/2442 
f 2442/2442/2442 2443/2443/2443 2442/2442/2442 
f 2443/2443/2443 2444/2444/2444 2442/2442/2442 
f 2442/2442/2442 2444/2444/2444 2445/2445/2445 
f 2444/2444/2444 2446/2446/2446 2445/2445/2445 
f 2445/2445/2445 2446/2446/2446 2447/2447/2447 
f 2446/2446/2446 2448/2448/2448 2447/2447/2447 
f 2447/2447/2447 2448/2448/2448 2449/2449/2449 
f 2448/2448/2448 2450/2450/2450 2449/2449/2449 
f 2449/2449/2449 2450/2450/2450 2451/2451/2451 
f 2450/2450/2450 2450/2450/2450 2451/2451/2451 
f 2451/2451/2451 2450/2450/2450 2430/2430/2430 
f 2450/2450/2450 2428/2428/2428 2430/2430/2430 
f 2430/2430/2430 2428/2428/2428 2428/2428/2428 
f 2428/2428/2428 2452/2452/2452 2428/2428/2428 
f 2428/2428/2428 2452/2452/2452 2452/2452/2452 
f 2452/2452/2452 2453/2453/2453 2452/2452/2452 
f 2452/2452/2452 2453/2453/2453 2454/2454/2454 
f 2453/2453/2453 2455/2455/2455 2454/2454/2454 
f 2454/2454/2454 2455/2455/2455 2455/2455/2455 
f 2455/2455/2455 2456/2456/2456 2455/2455/2455 
f 2455/2455/2455 2456/2456/2456 2456/2456/2456 
f 2456/2456/2456 2457/2457/2457 2456/2456/2456 
f 2456/2456/2456 2457/2457/2457 2458/2458/2458 
f 2457/2457/2457 2459/2459/2459 2458/2458/2458 
f 2458/2458/2458 2459/2459/2459 2459/2459/2459 
f 2459/2459/2459 2460/2460/2460 2459/2459/2459 
f 2459/2459/2459 2460/2460/2460 2460/2460/2460 
f 2460/2460/2460 2461/2461/2461 2460/2460/2460 
f 2460/2460/2460 2461/2461/2461 2462/2462/2462 
f 2461/2461/2461 2463/2463/2463 2462/2462/2462 
f 2462/2462/2462 2463/2463/2463 2463/2463/2463 
f 2463/2463/2463 2464/2464/2464 2463/2463/2463 
f 2463/2463/2463 2464/2464/2464 2464/2464/2464 
f 2464/2464/2464 2465/2465/2465 2464/2464/2464 
f 2464/2464/2464 2465/2465/2465 2466/2466/2466 
f 2465/2465/2465 2467/2467/2467 2466/2466/2466 
f 2466/2466/2466 2467/2467/2467 2467/2467/2467 
f 2467/2467/2467 2468/2468/2468 2467/2467/2467 
f 2467/2467/2467 2468/2468/2468 2468/2468/2468 
f 2468/2468/2468 2469/2469/2469 2468/2468/2468 
f 2468/2468/2468 2469/2469/2469 2470/2470/2470 
f 2469/2469/2469 2471/2471/2471 2470/2470/2470 
f 2470/2470/2470 2471/2471/2471 2471/2471/2471 
f 2471/2471/2471 2472/2472/2472 2471/2471/2471 
f 2471/2471/2471 2472/2472/2472 2472/2472/2472 
f 2472/2472/2472 2473/2473/2473 2472/2472/2472 
f 2472/2472/2472 2473/2473/2473 2474/2474/2474 
f 2473/2473/2473 2475/2475/2475 2474/2474/2474 
f 2474/2474/2474 2475/2475/2475 2475/2475/2475 
f 2475/2475/2475 2476/2476/2476 2475/2475/2475 
f 2475/2475/2475 2476/2476/2476 2476/2476/2476 
f 2476/2476/2476 2477/2477/2477 2476/2476/2476 
f 2476/2476/2476 2477/2477/2477 2478/2478/2478 
f 2477/2477/2477 2479/2479/2479 2478/2478/2478 
f 2478/2478/2478 2479/2479/2479 2479/2479/2479 
f 2479/2479/2479 2480/2480/2480 2479/2479/2479 
f 2479/2479/2479 2480/2480/2480 2480/2480/2480 
f 2480/2480/2480 2481/2481/2481 2480/2480/2480 
f 2480/2480/2480 2481/2481/2481 2482/2482/2482 
f 2481/2481/2481 2483/2483/2483 2482/2482/2482 

